epoch  1, iter    1: loss: 0.6776 | load time: 0.1124 | back time: 1.6247 | lr: 0.00000012 | best AP50 acc: 0.0000 | best AP70 acc: 0.0000 | best mAP acc: 0.0000 | best mAR acc: 0.0000 | best Score: 0.0000 | best Score epoch: -1 
epoch  1, iter   51: loss: 0.4961 | load time: 0.0002 | back time: 0.8044 | lr: 0.00000098 | best AP50 acc: 0.0000 | best AP70 acc: 0.0000 | best mAP acc: 0.0000 | best mAR acc: 0.0000 | best Score: 0.0000 | best Score epoch: -1 
epoch  1, iter  101: loss: 0.3107 | load time: 0.0003 | back time: 0.8122 | lr: 0.00000185 | best AP50 acc: 0.0000 | best AP70 acc: 0.0000 | best mAP acc: 0.0000 | best mAR acc: 0.0000 | best Score: 0.0000 | best Score epoch: -1 
epoch  1, iter  151: loss: 0.1276 | load time: 0.0002 | back time: 0.8154 | lr: 0.00000272 | best AP50 acc: 0.0000 | best AP70 acc: 0.0000 | best mAP acc: 0.0000 | best mAR acc: 0.0000 | best Score: 0.0000 | best Score epoch: -1 
epoch  1, iter  201: loss: 0.0711 | load time: 0.0002 | back time: 0.8153 | lr: 0.00000359 | best AP50 acc: 0.0000 | best AP70 acc: 0.0000 | best mAP acc: 0.0000 | best mAR acc: 0.0000 | best Score: 0.0000 | best Score epoch: -1 
epoch  1, iter  251: loss: 0.0545 | load time: 0.0001 | back time: 0.8177 | lr: 0.00000445 | best AP50 acc: 0.0000 | best AP70 acc: 0.0000 | best mAP acc: 0.0000 | best mAR acc: 0.0000 | best Score: 0.0000 | best Score epoch: -1 
epoch  1, iter  301: loss: 0.0378 | load time: 0.0002 | back time: 0.8170 | lr: 0.00000532 | best AP50 acc: 0.0000 | best AP70 acc: 0.0000 | best mAP acc: 0.0000 | best mAR acc: 0.0000 | best Score: 0.0000 | best Score epoch: -1 
epoch  1, iter  351: loss: 0.0333 | load time: 0.0002 | back time: 0.8173 | lr: 0.00000619 | best AP50 acc: 0.0000 | best AP70 acc: 0.0000 | best mAP acc: 0.0000 | best mAR acc: 0.0000 | best Score: 0.0000 | best Score epoch: -1 
epoch  1, iter  401: loss: 0.0235 | load time: 0.0003 | back time: 0.8176 | lr: 0.00000705 | best AP50 acc: 0.0000 | best AP70 acc: 0.0000 | best mAP acc: 0.0000 | best mAR acc: 0.0000 | best Score: 0.0000 | best Score epoch: -1 
epoch  1, iter  451: loss: 0.0199 | load time: 0.0001 | back time: 0.8159 | lr: 0.00000792 | best AP50 acc: 0.0000 | best AP70 acc: 0.0000 | best mAP acc: 0.0000 | best mAR acc: 0.0000 | best Score: 0.0000 | best Score epoch: -1 
epoch  1, iter  501: loss: 0.0178 | load time: 0.0002 | back time: 0.8145 | lr: 0.00000879 | best AP50 acc: 0.0000 | best AP70 acc: 0.0000 | best mAP acc: 0.0000 | best mAR acc: 0.0000 | best Score: 0.0000 | best Score epoch: -1 
epoch  1, iter  551: loss: 0.0155 | load time: 0.0001 | back time: 0.8169 | lr: 0.00000966 | best AP50 acc: 0.0000 | best AP70 acc: 0.0000 | best mAP acc: 0.0000 | best mAR acc: 0.0000 | best Score: 0.0000 | best Score epoch: -1 
epoch  1, iter  601: loss: 0.0138 | load time: 0.0001 | back time: 0.8160 | lr: 0.00001052 | best AP50 acc: 0.0000 | best AP70 acc: 0.0000 | best mAP acc: 0.0000 | best mAR acc: 0.0000 | best Score: 0.0000 | best Score epoch: -1 
epoch  1, iter  651: loss: 0.0117 | load time: 0.0002 | back time: 0.8176 | lr: 0.00001139 | best AP50 acc: 0.0000 | best AP70 acc: 0.0000 | best mAP acc: 0.0000 | best mAR acc: 0.0000 | best Score: 0.0000 | best Score epoch: -1 
epoch  1, iter  701: loss: 0.0106 | load time: 0.0002 | back time: 0.8161 | lr: 0.00001226 | best AP50 acc: 0.0000 | best AP70 acc: 0.0000 | best mAP acc: 0.0000 | best mAR acc: 0.0000 | best Score: 0.0000 | best Score epoch: -1 
epoch  1, iter  751: loss: 0.0095 | load time: 0.0001 | back time: 0.8158 | lr: 0.00001313 | best AP50 acc: 0.0000 | best AP70 acc: 0.0000 | best mAP acc: 0.0000 | best mAR acc: 0.0000 | best Score: 0.0000 | best Score epoch: -1 
epoch  1, iter  801: loss: 0.0086 | load time: 0.0002 | back time: 0.8174 | lr: 0.00001399 | best AP50 acc: 0.0000 | best AP70 acc: 0.0000 | best mAP acc: 0.0000 | best mAR acc: 0.0000 | best Score: 0.0000 | best Score epoch: -1 
epoch  1, iter  851: loss: 0.0079 | load time: 0.0001 | back time: 0.8155 | lr: 0.00001486 | best AP50 acc: 0.0000 | best AP70 acc: 0.0000 | best mAP acc: 0.0000 | best mAR acc: 0.0000 | best Score: 0.0000 | best Score epoch: -1 
epoch  1, iter  901: loss: 0.0075 | load time: 0.0002 | back time: 0.8188 | lr: 0.00001573 | best AP50 acc: 0.0000 | best AP70 acc: 0.0000 | best mAP acc: 0.0000 | best mAR acc: 0.0000 | best Score: 0.0000 | best Score epoch: -1 
epoch  1, iter  951: loss: 0.0072 | load time: 0.0001 | back time: 0.8159 | lr: 0.00001659 | best AP50 acc: 0.0000 | best AP70 acc: 0.0000 | best mAP acc: 0.0000 | best mAR acc: 0.0000 | best Score: 0.0000 | best Score epoch: -1 
epoch  1, iter 1001: loss: 0.0069 | load time: 0.0002 | back time: 0.8157 | lr: 0.00001746 | best AP50 acc: 0.0000 | best AP70 acc: 0.0000 | best mAP acc: 0.0000 | best mAR acc: 0.0000 | best Score: 0.0000 | best Score epoch: -1 
epoch  1, iter 1051: loss: 0.0063 | load time: 0.0002 | back time: 0.8162 | lr: 0.00001833 | best AP50 acc: 0.0000 | best AP70 acc: 0.0000 | best mAP acc: 0.0000 | best mAR acc: 0.0000 | best Score: 0.0000 | best Score epoch: -1 
epoch  1, iter 1101: loss: 0.0058 | load time: 0.0002 | back time: 0.8153 | lr: 0.00001920 | best AP50 acc: 0.0000 | best AP70 acc: 0.0000 | best mAP acc: 0.0000 | best mAR acc: 0.0000 | best Score: 0.0000 | best Score epoch: -1 
epoch  1, iter 1151: loss: 0.0060 | load time: 0.0002 | back time: 0.8126 | lr: 0.00002006 | best AP50 acc: 0.0000 | best AP70 acc: 0.0000 | best mAP acc: 0.0000 | best mAR acc: 0.0000 | best Score: 0.0000 | best Score epoch: -1 
epoch  2, iter    1: loss: 0.0055 | load time: 0.0004 | back time: 0.3168 | lr: 0.00002010 | best AP50 acc: 0.0000 | best AP70 acc: 0.0000 | best mAP acc: 0.0000 | best mAR acc: 0.0000 | best Score: 0.0000 | best Score epoch: -1 
epoch  2, iter   51: loss: 0.0058 | load time: 0.0004 | back time: 0.8228 | lr: 0.00002096 | best AP50 acc: 0.0000 | best AP70 acc: 0.0000 | best mAP acc: 0.0000 | best mAR acc: 0.0000 | best Score: 0.0000 | best Score epoch: -1 
epoch  2, iter  101: loss: 0.0050 | load time: 0.0003 | back time: 0.8290 | lr: 0.00002183 | best AP50 acc: 0.0000 | best AP70 acc: 0.0000 | best mAP acc: 0.0000 | best mAR acc: 0.0000 | best Score: 0.0000 | best Score epoch: -1 
epoch  2, iter  151: loss: 0.0055 | load time: 0.0001 | back time: 0.8200 | lr: 0.00002270 | best AP50 acc: 0.0000 | best AP70 acc: 0.0000 | best mAP acc: 0.0000 | best mAR acc: 0.0000 | best Score: 0.0000 | best Score epoch: -1 
epoch  2, iter  201: loss: 0.0048 | load time: 0.0002 | back time: 0.8176 | lr: 0.00002357 | best AP50 acc: 0.0000 | best AP70 acc: 0.0000 | best mAP acc: 0.0000 | best mAR acc: 0.0000 | best Score: 0.0000 | best Score epoch: -1 
epoch  2, iter  251: loss: 0.0051 | load time: 0.0001 | back time: 0.8165 | lr: 0.00002443 | best AP50 acc: 0.0000 | best AP70 acc: 0.0000 | best mAP acc: 0.0000 | best mAR acc: 0.0000 | best Score: 0.0000 | best Score epoch: -1 
epoch  2, iter  301: loss: 0.0048 | load time: 0.0001 | back time: 0.8170 | lr: 0.00002530 | best AP50 acc: 0.0000 | best AP70 acc: 0.0000 | best mAP acc: 0.0000 | best mAR acc: 0.0000 | best Score: 0.0000 | best Score epoch: -1 
epoch  2, iter  351: loss: 0.0051 | load time: 0.0002 | back time: 0.8171 | lr: 0.00002617 | best AP50 acc: 0.0000 | best AP70 acc: 0.0000 | best mAP acc: 0.0000 | best mAR acc: 0.0000 | best Score: 0.0000 | best Score epoch: -1 
epoch  2, iter  401: loss: 0.0043 | load time: 0.0003 | back time: 0.8155 | lr: 0.00002703 | best AP50 acc: 0.0000 | best AP70 acc: 0.0000 | best mAP acc: 0.0000 | best mAR acc: 0.0000 | best Score: 0.0000 | best Score epoch: -1 
epoch  2, iter  451: loss: 0.0045 | load time: 0.0002 | back time: 0.8190 | lr: 0.00002790 | best AP50 acc: 0.0000 | best AP70 acc: 0.0000 | best mAP acc: 0.0000 | best mAR acc: 0.0000 | best Score: 0.0000 | best Score epoch: -1 
epoch  2, iter  501: loss: 0.0041 | load time: 0.0002 | back time: 0.8163 | lr: 0.00002877 | best AP50 acc: 0.0000 | best AP70 acc: 0.0000 | best mAP acc: 0.0000 | best mAR acc: 0.0000 | best Score: 0.0000 | best Score epoch: -1 
epoch  2, iter  551: loss: 0.0041 | load time: 0.0005 | back time: 0.8161 | lr: 0.00002964 | best AP50 acc: 0.0000 | best AP70 acc: 0.0000 | best mAP acc: 0.0000 | best mAR acc: 0.0000 | best Score: 0.0000 | best Score epoch: -1 
epoch  2, iter  601: loss: 0.0047 | load time: 0.0003 | back time: 0.8152 | lr: 0.00003050 | best AP50 acc: 0.0000 | best AP70 acc: 0.0000 | best mAP acc: 0.0000 | best mAR acc: 0.0000 | best Score: 0.0000 | best Score epoch: -1 
epoch  2, iter  651: loss: 0.0046 | load time: 0.0002 | back time: 0.8174 | lr: 0.00003137 | best AP50 acc: 0.0000 | best AP70 acc: 0.0000 | best mAP acc: 0.0000 | best mAR acc: 0.0000 | best Score: 0.0000 | best Score epoch: -1 
epoch  2, iter  701: loss: 0.0042 | load time: 0.0002 | back time: 0.8160 | lr: 0.00003224 | best AP50 acc: 0.0000 | best AP70 acc: 0.0000 | best mAP acc: 0.0000 | best mAR acc: 0.0000 | best Score: 0.0000 | best Score epoch: -1 
epoch  2, iter  751: loss: 0.0039 | load time: 0.0002 | back time: 0.8167 | lr: 0.00003311 | best AP50 acc: 0.0000 | best AP70 acc: 0.0000 | best mAP acc: 0.0000 | best mAR acc: 0.0000 | best Score: 0.0000 | best Score epoch: -1 
epoch  2, iter  801: loss: 0.0039 | load time: 0.0002 | back time: 0.8175 | lr: 0.00003397 | best AP50 acc: 0.0000 | best AP70 acc: 0.0000 | best mAP acc: 0.0000 | best mAR acc: 0.0000 | best Score: 0.0000 | best Score epoch: -1 
epoch  2, iter  851: loss: 0.0036 | load time: 0.0002 | back time: 0.8166 | lr: 0.00003484 | best AP50 acc: 0.0000 | best AP70 acc: 0.0000 | best mAP acc: 0.0000 | best mAR acc: 0.0000 | best Score: 0.0000 | best Score epoch: -1 
epoch  2, iter  901: loss: 0.0040 | load time: 0.0003 | back time: 0.8143 | lr: 0.00003571 | best AP50 acc: 0.0000 | best AP70 acc: 0.0000 | best mAP acc: 0.0000 | best mAR acc: 0.0000 | best Score: 0.0000 | best Score epoch: -1 
epoch  2, iter  951: loss: 0.0037 | load time: 0.0002 | back time: 0.8164 | lr: 0.00003657 | best AP50 acc: 0.0000 | best AP70 acc: 0.0000 | best mAP acc: 0.0000 | best mAR acc: 0.0000 | best Score: 0.0000 | best Score epoch: -1 
epoch  2, iter 1001: loss: 0.0031 | load time: 0.0003 | back time: 0.8168 | lr: 0.00003744 | best AP50 acc: 0.0000 | best AP70 acc: 0.0000 | best mAP acc: 0.0000 | best mAR acc: 0.0000 | best Score: 0.0000 | best Score epoch: -1 
epoch  2, iter 1051: loss: 0.0039 | load time: 0.0002 | back time: 0.8153 | lr: 0.00003831 | best AP50 acc: 0.0000 | best AP70 acc: 0.0000 | best mAP acc: 0.0000 | best mAR acc: 0.0000 | best Score: 0.0000 | best Score epoch: -1 
epoch  2, iter 1101: loss: 0.0035 | load time: 0.0002 | back time: 0.8171 | lr: 0.00003918 | best AP50 acc: 0.0000 | best AP70 acc: 0.0000 | best mAP acc: 0.0000 | best mAR acc: 0.0000 | best Score: 0.0000 | best Score epoch: -1 
epoch  2, iter 1151: loss: 0.0033 | load time: 0.0002 | back time: 0.8132 | lr: 0.00004004 | best AP50 acc: 0.0000 | best AP70 acc: 0.0000 | best mAP acc: 0.0000 | best mAR acc: 0.0000 | best Score: 0.0000 | best Score epoch: -1 
epoch  3, iter    1: loss: 0.0033 | load time: 0.0006 | back time: 0.2745 | lr: 0.00004008 | best AP50 acc: 0.0000 | best AP70 acc: 0.0000 | best mAP acc: 0.0000 | best mAR acc: 0.0000 | best Score: 0.0000 | best Score epoch: -1 
epoch  3, iter   51: loss: 0.0038 | load time: 0.0002 | back time: 0.8163 | lr: 0.00004094 | best AP50 acc: 0.0000 | best AP70 acc: 0.0000 | best mAP acc: 0.0000 | best mAR acc: 0.0000 | best Score: 0.0000 | best Score epoch: -1 
epoch  3, iter  101: loss: 0.0032 | load time: 0.0001 | back time: 0.8169 | lr: 0.00004181 | best AP50 acc: 0.0000 | best AP70 acc: 0.0000 | best mAP acc: 0.0000 | best mAR acc: 0.0000 | best Score: 0.0000 | best Score epoch: -1 
epoch  3, iter  151: loss: 0.0033 | load time: 0.0002 | back time: 0.8167 | lr: 0.00004268 | best AP50 acc: 0.0000 | best AP70 acc: 0.0000 | best mAP acc: 0.0000 | best mAR acc: 0.0000 | best Score: 0.0000 | best Score epoch: -1 
epoch  3, iter  201: loss: 0.0036 | load time: 0.0002 | back time: 0.8183 | lr: 0.00004355 | best AP50 acc: 0.0000 | best AP70 acc: 0.0000 | best mAP acc: 0.0000 | best mAR acc: 0.0000 | best Score: 0.0000 | best Score epoch: -1 
epoch  3, iter  251: loss: 0.0040 | load time: 0.0002 | back time: 0.8235 | lr: 0.00004441 | best AP50 acc: 0.0000 | best AP70 acc: 0.0000 | best mAP acc: 0.0000 | best mAR acc: 0.0000 | best Score: 0.0000 | best Score epoch: -1 
epoch  3, iter  301: loss: 0.0042 | load time: 0.0001 | back time: 0.8187 | lr: 0.00004528 | best AP50 acc: 0.0000 | best AP70 acc: 0.0000 | best mAP acc: 0.0000 | best mAR acc: 0.0000 | best Score: 0.0000 | best Score epoch: -1 
epoch  3, iter  351: loss: 0.0032 | load time: 0.0001 | back time: 0.8154 | lr: 0.00004615 | best AP50 acc: 0.0000 | best AP70 acc: 0.0000 | best mAP acc: 0.0000 | best mAR acc: 0.0000 | best Score: 0.0000 | best Score epoch: -1 
epoch  3, iter  401: loss: 0.0041 | load time: 0.0002 | back time: 0.8162 | lr: 0.00004701 | best AP50 acc: 0.0000 | best AP70 acc: 0.0000 | best mAP acc: 0.0000 | best mAR acc: 0.0000 | best Score: 0.0000 | best Score epoch: -1 
epoch  3, iter  451: loss: 0.0030 | load time: 0.0003 | back time: 0.8159 | lr: 0.00004788 | best AP50 acc: 0.0000 | best AP70 acc: 0.0000 | best mAP acc: 0.0000 | best mAR acc: 0.0000 | best Score: 0.0000 | best Score epoch: -1 
epoch  3, iter  501: loss: 0.0033 | load time: 0.0002 | back time: 0.8144 | lr: 0.00004875 | best AP50 acc: 0.0000 | best AP70 acc: 0.0000 | best mAP acc: 0.0000 | best mAR acc: 0.0000 | best Score: 0.0000 | best Score epoch: -1 
epoch  3, iter  551: loss: 0.0035 | load time: 0.0001 | back time: 0.8173 | lr: 0.00004962 | best AP50 acc: 0.0000 | best AP70 acc: 0.0000 | best mAP acc: 0.0000 | best mAR acc: 0.0000 | best Score: 0.0000 | best Score epoch: -1 
epoch  3, iter  601: loss: 0.0035 | load time: 0.0002 | back time: 0.8154 | lr: 0.00005048 | best AP50 acc: 0.0000 | best AP70 acc: 0.0000 | best mAP acc: 0.0000 | best mAR acc: 0.0000 | best Score: 0.0000 | best Score epoch: -1 
epoch  3, iter  651: loss: 0.0039 | load time: 0.0001 | back time: 0.8149 | lr: 0.00005135 | best AP50 acc: 0.0000 | best AP70 acc: 0.0000 | best mAP acc: 0.0000 | best mAR acc: 0.0000 | best Score: 0.0000 | best Score epoch: -1 
epoch  3, iter  701: loss: 0.0034 | load time: 0.0002 | back time: 0.8171 | lr: 0.00005222 | best AP50 acc: 0.0000 | best AP70 acc: 0.0000 | best mAP acc: 0.0000 | best mAR acc: 0.0000 | best Score: 0.0000 | best Score epoch: -1 
epoch  3, iter  751: loss: 0.0027 | load time: 0.0003 | back time: 0.8148 | lr: 0.00005309 | best AP50 acc: 0.0000 | best AP70 acc: 0.0000 | best mAP acc: 0.0000 | best mAR acc: 0.0000 | best Score: 0.0000 | best Score epoch: -1 
epoch  3, iter  801: loss: 0.0034 | load time: 0.0002 | back time: 0.8158 | lr: 0.00005395 | best AP50 acc: 0.0000 | best AP70 acc: 0.0000 | best mAP acc: 0.0000 | best mAR acc: 0.0000 | best Score: 0.0000 | best Score epoch: -1 
epoch  3, iter  851: loss: 0.0032 | load time: 0.0003 | back time: 0.8182 | lr: 0.00005482 | best AP50 acc: 0.0000 | best AP70 acc: 0.0000 | best mAP acc: 0.0000 | best mAR acc: 0.0000 | best Score: 0.0000 | best Score epoch: -1 
epoch  3, iter  901: loss: 0.0035 | load time: 0.0002 | back time: 0.8193 | lr: 0.00005569 | best AP50 acc: 0.0000 | best AP70 acc: 0.0000 | best mAP acc: 0.0000 | best mAR acc: 0.0000 | best Score: 0.0000 | best Score epoch: -1 
epoch  3, iter  951: loss: 0.0035 | load time: 0.0002 | back time: 0.8259 | lr: 0.00005655 | best AP50 acc: 0.0000 | best AP70 acc: 0.0000 | best mAP acc: 0.0000 | best mAR acc: 0.0000 | best Score: 0.0000 | best Score epoch: -1 
epoch  3, iter 1001: loss: 0.0029 | load time: 0.0002 | back time: 0.8180 | lr: 0.00005742 | best AP50 acc: 0.0000 | best AP70 acc: 0.0000 | best mAP acc: 0.0000 | best mAR acc: 0.0000 | best Score: 0.0000 | best Score epoch: -1 
epoch  3, iter 1051: loss: 0.0027 | load time: 0.0001 | back time: 0.8162 | lr: 0.00005829 | best AP50 acc: 0.0000 | best AP70 acc: 0.0000 | best mAP acc: 0.0000 | best mAR acc: 0.0000 | best Score: 0.0000 | best Score epoch: -1 
epoch  3, iter 1101: loss: 0.0028 | load time: 0.0002 | back time: 0.8173 | lr: 0.00005916 | best AP50 acc: 0.0000 | best AP70 acc: 0.0000 | best mAP acc: 0.0000 | best mAR acc: 0.0000 | best Score: 0.0000 | best Score epoch: -1 
epoch  3, iter 1151: loss: 0.0044 | load time: 0.0001 | back time: 0.8136 | lr: 0.00006002 | best AP50 acc: 0.0000 | best AP70 acc: 0.0000 | best mAP acc: 0.0000 | best mAR acc: 0.0000 | best Score: 0.0000 | best Score epoch: -1 
epoch  4, iter    1: loss: 0.0030 | load time: 0.0006 | back time: 0.3643 | lr: 0.00006006 | best AP50 acc: 0.0000 | best AP70 acc: 0.0000 | best mAP acc: 0.0000 | best mAR acc: 0.0000 | best Score: 0.0000 | best Score epoch: -1 
epoch  4, iter   51: loss: 0.0037 | load time: 0.0002 | back time: 0.8161 | lr: 0.00006092 | best AP50 acc: 0.0000 | best AP70 acc: 0.0000 | best mAP acc: 0.0000 | best mAR acc: 0.0000 | best Score: 0.0000 | best Score epoch: -1 
epoch  4, iter  101: loss: 0.0025 | load time: 0.0001 | back time: 0.8217 | lr: 0.00006179 | best AP50 acc: 0.0000 | best AP70 acc: 0.0000 | best mAP acc: 0.0000 | best mAR acc: 0.0000 | best Score: 0.0000 | best Score epoch: -1 
epoch  4, iter  151: loss: 0.0040 | load time: 0.0001 | back time: 0.8176 | lr: 0.00006266 | best AP50 acc: 0.0000 | best AP70 acc: 0.0000 | best mAP acc: 0.0000 | best mAR acc: 0.0000 | best Score: 0.0000 | best Score epoch: -1 
epoch  4, iter  201: loss: 0.0027 | load time: 0.0002 | back time: 0.8183 | lr: 0.00006353 | best AP50 acc: 0.0000 | best AP70 acc: 0.0000 | best mAP acc: 0.0000 | best mAR acc: 0.0000 | best Score: 0.0000 | best Score epoch: -1 
epoch  4, iter  251: loss: 0.0027 | load time: 0.0002 | back time: 0.8181 | lr: 0.00006439 | best AP50 acc: 0.0000 | best AP70 acc: 0.0000 | best mAP acc: 0.0000 | best mAR acc: 0.0000 | best Score: 0.0000 | best Score epoch: -1 
epoch  4, iter  301: loss: 0.0028 | load time: 0.0001 | back time: 0.8159 | lr: 0.00006526 | best AP50 acc: 0.0000 | best AP70 acc: 0.0000 | best mAP acc: 0.0000 | best mAR acc: 0.0000 | best Score: 0.0000 | best Score epoch: -1 
epoch  4, iter  351: loss: 0.0028 | load time: 0.0001 | back time: 0.8164 | lr: 0.00006613 | best AP50 acc: 0.0000 | best AP70 acc: 0.0000 | best mAP acc: 0.0000 | best mAR acc: 0.0000 | best Score: 0.0000 | best Score epoch: -1 
epoch  4, iter  401: loss: 0.0037 | load time: 0.0002 | back time: 0.8152 | lr: 0.00006699 | best AP50 acc: 0.0000 | best AP70 acc: 0.0000 | best mAP acc: 0.0000 | best mAR acc: 0.0000 | best Score: 0.0000 | best Score epoch: -1 
epoch  4, iter  451: loss: 0.0031 | load time: 0.0001 | back time: 0.8166 | lr: 0.00006786 | best AP50 acc: 0.0000 | best AP70 acc: 0.0000 | best mAP acc: 0.0000 | best mAR acc: 0.0000 | best Score: 0.0000 | best Score epoch: -1 
epoch  4, iter  501: loss: 0.0030 | load time: 0.0001 | back time: 0.8159 | lr: 0.00006873 | best AP50 acc: 0.0000 | best AP70 acc: 0.0000 | best mAP acc: 0.0000 | best mAR acc: 0.0000 | best Score: 0.0000 | best Score epoch: -1 
epoch  4, iter  551: loss: 0.0028 | load time: 0.0002 | back time: 0.8161 | lr: 0.00006960 | best AP50 acc: 0.0000 | best AP70 acc: 0.0000 | best mAP acc: 0.0000 | best mAR acc: 0.0000 | best Score: 0.0000 | best Score epoch: -1 
epoch  4, iter  601: loss: 0.0024 | load time: 0.0002 | back time: 0.8152 | lr: 0.00007046 | best AP50 acc: 0.0000 | best AP70 acc: 0.0000 | best mAP acc: 0.0000 | best mAR acc: 0.0000 | best Score: 0.0000 | best Score epoch: -1 
epoch  4, iter  651: loss: 0.0034 | load time: 0.0002 | back time: 0.8159 | lr: 0.00007133 | best AP50 acc: 0.0000 | best AP70 acc: 0.0000 | best mAP acc: 0.0000 | best mAR acc: 0.0000 | best Score: 0.0000 | best Score epoch: -1 
epoch  4, iter  701: loss: 0.0026 | load time: 0.0001 | back time: 0.8150 | lr: 0.00007220 | best AP50 acc: 0.0000 | best AP70 acc: 0.0000 | best mAP acc: 0.0000 | best mAR acc: 0.0000 | best Score: 0.0000 | best Score epoch: -1 
epoch  4, iter  751: loss: 0.0034 | load time: 0.0002 | back time: 0.8157 | lr: 0.00007307 | best AP50 acc: 0.0000 | best AP70 acc: 0.0000 | best mAP acc: 0.0000 | best mAR acc: 0.0000 | best Score: 0.0000 | best Score epoch: -1 
epoch  4, iter  801: loss: 0.0033 | load time: 0.0003 | back time: 0.8160 | lr: 0.00007393 | best AP50 acc: 0.0000 | best AP70 acc: 0.0000 | best mAP acc: 0.0000 | best mAR acc: 0.0000 | best Score: 0.0000 | best Score epoch: -1 
epoch  4, iter  851: loss: 0.0032 | load time: 0.0002 | back time: 0.8144 | lr: 0.00007480 | best AP50 acc: 0.0000 | best AP70 acc: 0.0000 | best mAP acc: 0.0000 | best mAR acc: 0.0000 | best Score: 0.0000 | best Score epoch: -1 
epoch  4, iter  901: loss: 0.0027 | load time: 0.0001 | back time: 0.8162 | lr: 0.00007567 | best AP50 acc: 0.0000 | best AP70 acc: 0.0000 | best mAP acc: 0.0000 | best mAR acc: 0.0000 | best Score: 0.0000 | best Score epoch: -1 
epoch  4, iter  951: loss: 0.0031 | load time: 0.0002 | back time: 0.8166 | lr: 0.00007653 | best AP50 acc: 0.0000 | best AP70 acc: 0.0000 | best mAP acc: 0.0000 | best mAR acc: 0.0000 | best Score: 0.0000 | best Score epoch: -1 
epoch  4, iter 1001: loss: 0.0027 | load time: 0.0002 | back time: 0.8146 | lr: 0.00007740 | best AP50 acc: 0.0000 | best AP70 acc: 0.0000 | best mAP acc: 0.0000 | best mAR acc: 0.0000 | best Score: 0.0000 | best Score epoch: -1 
epoch  4, iter 1051: loss: 0.0026 | load time: 0.0001 | back time: 0.8166 | lr: 0.00007827 | best AP50 acc: 0.0000 | best AP70 acc: 0.0000 | best mAP acc: 0.0000 | best mAR acc: 0.0000 | best Score: 0.0000 | best Score epoch: -1 
epoch  4, iter 1101: loss: 0.0032 | load time: 0.0001 | back time: 0.8146 | lr: 0.00007914 | best AP50 acc: 0.0000 | best AP70 acc: 0.0000 | best mAP acc: 0.0000 | best mAR acc: 0.0000 | best Score: 0.0000 | best Score epoch: -1 
epoch  4, iter 1151: loss: 0.0029 | load time: 0.0001 | back time: 0.8177 | lr: 0.00008000 | best AP50 acc: 0.0000 | best AP70 acc: 0.0000 | best mAP acc: 0.0000 | best mAR acc: 0.0000 | best Score: 0.0000 | best Score epoch: -1 
epoch  5, iter    1: loss: 0.0030 | load time: 0.0004 | back time: 0.3590 | lr: 0.00008004 | best AP50 acc: 0.0000 | best AP70 acc: 0.0000 | best mAP acc: 0.0000 | best mAR acc: 0.0000 | best Score: 0.0000 | best Score epoch: -1 
epoch  5, iter   51: loss: 0.0038 | load time: 0.0001 | back time: 0.8171 | lr: 0.00008090 | best AP50 acc: 0.0000 | best AP70 acc: 0.0000 | best mAP acc: 0.0000 | best mAR acc: 0.0000 | best Score: 0.0000 | best Score epoch: -1 
epoch  5, iter  101: loss: 0.0027 | load time: 0.0011 | back time: 0.8166 | lr: 0.00008177 | best AP50 acc: 0.0000 | best AP70 acc: 0.0000 | best mAP acc: 0.0000 | best mAR acc: 0.0000 | best Score: 0.0000 | best Score epoch: -1 
epoch  5, iter  151: loss: 0.0034 | load time: 0.0002 | back time: 0.8170 | lr: 0.00008264 | best AP50 acc: 0.0000 | best AP70 acc: 0.0000 | best mAP acc: 0.0000 | best mAR acc: 0.0000 | best Score: 0.0000 | best Score epoch: -1 
epoch  5, iter  201: loss: 0.0025 | load time: 0.0002 | back time: 0.8165 | lr: 0.00008351 | best AP50 acc: 0.0000 | best AP70 acc: 0.0000 | best mAP acc: 0.0000 | best mAR acc: 0.0000 | best Score: 0.0000 | best Score epoch: -1 
epoch  5, iter  251: loss: 0.0030 | load time: 0.0002 | back time: 0.8181 | lr: 0.00008437 | best AP50 acc: 0.0000 | best AP70 acc: 0.0000 | best mAP acc: 0.0000 | best mAR acc: 0.0000 | best Score: 0.0000 | best Score epoch: -1 
epoch  5, iter  301: loss: 0.0032 | load time: 0.0001 | back time: 0.8163 | lr: 0.00008524 | best AP50 acc: 0.0000 | best AP70 acc: 0.0000 | best mAP acc: 0.0000 | best mAR acc: 0.0000 | best Score: 0.0000 | best Score epoch: -1 
epoch  5, iter  351: loss: 0.0030 | load time: 0.0002 | back time: 0.8162 | lr: 0.00008611 | best AP50 acc: 0.0000 | best AP70 acc: 0.0000 | best mAP acc: 0.0000 | best mAR acc: 0.0000 | best Score: 0.0000 | best Score epoch: -1 
epoch  5, iter  401: loss: 0.0035 | load time: 0.0002 | back time: 0.8174 | lr: 0.00008697 | best AP50 acc: 0.0000 | best AP70 acc: 0.0000 | best mAP acc: 0.0000 | best mAR acc: 0.0000 | best Score: 0.0000 | best Score epoch: -1 
epoch  5, iter  451: loss: 0.0032 | load time: 0.0002 | back time: 0.8167 | lr: 0.00008784 | best AP50 acc: 0.0000 | best AP70 acc: 0.0000 | best mAP acc: 0.0000 | best mAR acc: 0.0000 | best Score: 0.0000 | best Score epoch: -1 
epoch  5, iter  501: loss: 0.0029 | load time: 0.0002 | back time: 0.8178 | lr: 0.00008871 | best AP50 acc: 0.0000 | best AP70 acc: 0.0000 | best mAP acc: 0.0000 | best mAR acc: 0.0000 | best Score: 0.0000 | best Score epoch: -1 
epoch  5, iter  551: loss: 0.0036 | load time: 0.0002 | back time: 0.8153 | lr: 0.00008958 | best AP50 acc: 0.0000 | best AP70 acc: 0.0000 | best mAP acc: 0.0000 | best mAR acc: 0.0000 | best Score: 0.0000 | best Score epoch: -1 
epoch  5, iter  601: loss: 0.0024 | load time: 0.0003 | back time: 0.8156 | lr: 0.00009044 | best AP50 acc: 0.0000 | best AP70 acc: 0.0000 | best mAP acc: 0.0000 | best mAR acc: 0.0000 | best Score: 0.0000 | best Score epoch: -1 
epoch  5, iter  651: loss: 0.0032 | load time: 0.0002 | back time: 0.8212 | lr: 0.00009131 | best AP50 acc: 0.0000 | best AP70 acc: 0.0000 | best mAP acc: 0.0000 | best mAR acc: 0.0000 | best Score: 0.0000 | best Score epoch: -1 
epoch  5, iter  701: loss: 0.0032 | load time: 0.0002 | back time: 0.8311 | lr: 0.00009218 | best AP50 acc: 0.0000 | best AP70 acc: 0.0000 | best mAP acc: 0.0000 | best mAR acc: 0.0000 | best Score: 0.0000 | best Score epoch: -1 
epoch  5, iter  751: loss: 0.0027 | load time: 0.0002 | back time: 0.8155 | lr: 0.00009305 | best AP50 acc: 0.0000 | best AP70 acc: 0.0000 | best mAP acc: 0.0000 | best mAR acc: 0.0000 | best Score: 0.0000 | best Score epoch: -1 
epoch  5, iter  801: loss: 0.0046 | load time: 0.0002 | back time: 0.8142 | lr: 0.00009391 | best AP50 acc: 0.0000 | best AP70 acc: 0.0000 | best mAP acc: 0.0000 | best mAR acc: 0.0000 | best Score: 0.0000 | best Score epoch: -1 
epoch  5, iter  851: loss: 0.0030 | load time: 0.0002 | back time: 0.8167 | lr: 0.00009478 | best AP50 acc: 0.0000 | best AP70 acc: 0.0000 | best mAP acc: 0.0000 | best mAR acc: 0.0000 | best Score: 0.0000 | best Score epoch: -1 
epoch  5, iter  901: loss: 0.0033 | load time: 0.0003 | back time: 0.8166 | lr: 0.00009565 | best AP50 acc: 0.0000 | best AP70 acc: 0.0000 | best mAP acc: 0.0000 | best mAR acc: 0.0000 | best Score: 0.0000 | best Score epoch: -1 
epoch  5, iter  951: loss: 0.0031 | load time: 0.0002 | back time: 0.8166 | lr: 0.00009651 | best AP50 acc: 0.0000 | best AP70 acc: 0.0000 | best mAP acc: 0.0000 | best mAR acc: 0.0000 | best Score: 0.0000 | best Score epoch: -1 
epoch  5, iter 1001: loss: 0.0032 | load time: 0.0002 | back time: 0.8174 | lr: 0.00009738 | best AP50 acc: 0.0000 | best AP70 acc: 0.0000 | best mAP acc: 0.0000 | best mAR acc: 0.0000 | best Score: 0.0000 | best Score epoch: -1 
epoch  5, iter 1051: loss: 0.0027 | load time: 0.0002 | back time: 0.8182 | lr: 0.00009825 | best AP50 acc: 0.0000 | best AP70 acc: 0.0000 | best mAP acc: 0.0000 | best mAR acc: 0.0000 | best Score: 0.0000 | best Score epoch: -1 
epoch  5, iter 1101: loss: 0.0025 | load time: 0.0002 | back time: 0.8161 | lr: 0.00009912 | best AP50 acc: 0.0000 | best AP70 acc: 0.0000 | best mAP acc: 0.0000 | best mAR acc: 0.0000 | best Score: 0.0000 | best Score epoch: -1 
epoch  5, iter 1151: loss: 0.0027 | load time: 0.0010 | back time: 0.8161 | lr: 0.00009998 | best AP50 acc: 0.0000 | best AP70 acc: 0.0000 | best mAP acc: 0.0000 | best mAR acc: 0.0000 | best Score: 0.0000 | best Score epoch: -1 
epoch  6, iter    1: loss: 0.0030 | load time: 0.0006 | back time: 0.3427 | lr: 0.00010000 | best AP50 acc: 0.0000 | best AP70 acc: 0.0000 | best mAP acc: 0.0000 | best mAR acc: 0.0000 | best Score: 0.0000 | best Score epoch: -1 
epoch  6, iter   51: loss: 0.0027 | load time: 0.0002 | back time: 0.8165 | lr: 0.00010000 | best AP50 acc: 0.0000 | best AP70 acc: 0.0000 | best mAP acc: 0.0000 | best mAR acc: 0.0000 | best Score: 0.0000 | best Score epoch: -1 
epoch  6, iter  101: loss: 0.0030 | load time: 0.0002 | back time: 0.8164 | lr: 0.00010000 | best AP50 acc: 0.0000 | best AP70 acc: 0.0000 | best mAP acc: 0.0000 | best mAR acc: 0.0000 | best Score: 0.0000 | best Score epoch: -1 
epoch  6, iter  151: loss: 0.0038 | load time: 0.0001 | back time: 0.8173 | lr: 0.00010000 | best AP50 acc: 0.0000 | best AP70 acc: 0.0000 | best mAP acc: 0.0000 | best mAR acc: 0.0000 | best Score: 0.0000 | best Score epoch: -1 
epoch  6, iter  201: loss: 0.0032 | load time: 0.0001 | back time: 0.8178 | lr: 0.00010000 | best AP50 acc: 0.0000 | best AP70 acc: 0.0000 | best mAP acc: 0.0000 | best mAR acc: 0.0000 | best Score: 0.0000 | best Score epoch: -1 
epoch  6, iter  251: loss: 0.0032 | load time: 0.0002 | back time: 0.8154 | lr: 0.00010000 | best AP50 acc: 0.0000 | best AP70 acc: 0.0000 | best mAP acc: 0.0000 | best mAR acc: 0.0000 | best Score: 0.0000 | best Score epoch: -1 
epoch  6, iter  301: loss: 0.0031 | load time: 0.0001 | back time: 0.8173 | lr: 0.00009999 | best AP50 acc: 0.0000 | best AP70 acc: 0.0000 | best mAP acc: 0.0000 | best mAR acc: 0.0000 | best Score: 0.0000 | best Score epoch: -1 
epoch  6, iter  351: loss: 0.0024 | load time: 0.0002 | back time: 0.8157 | lr: 0.00009999 | best AP50 acc: 0.0000 | best AP70 acc: 0.0000 | best mAP acc: 0.0000 | best mAR acc: 0.0000 | best Score: 0.0000 | best Score epoch: -1 
epoch  6, iter  401: loss: 0.0023 | load time: 0.0003 | back time: 0.8147 | lr: 0.00009999 | best AP50 acc: 0.0000 | best AP70 acc: 0.0000 | best mAP acc: 0.0000 | best mAR acc: 0.0000 | best Score: 0.0000 | best Score epoch: -1 
epoch  6, iter  451: loss: 0.0035 | load time: 0.0002 | back time: 0.8138 | lr: 0.00009999 | best AP50 acc: 0.0000 | best AP70 acc: 0.0000 | best mAP acc: 0.0000 | best mAR acc: 0.0000 | best Score: 0.0000 | best Score epoch: -1 
epoch  6, iter  501: loss: 0.0039 | load time: 0.0003 | back time: 0.8156 | lr: 0.00009998 | best AP50 acc: 0.0000 | best AP70 acc: 0.0000 | best mAP acc: 0.0000 | best mAR acc: 0.0000 | best Score: 0.0000 | best Score epoch: -1 
epoch  6, iter  551: loss: 0.0032 | load time: 0.0003 | back time: 0.8171 | lr: 0.00009998 | best AP50 acc: 0.0000 | best AP70 acc: 0.0000 | best mAP acc: 0.0000 | best mAR acc: 0.0000 | best Score: 0.0000 | best Score epoch: -1 
epoch  6, iter  601: loss: 0.0040 | load time: 0.0003 | back time: 0.8153 | lr: 0.00009997 | best AP50 acc: 0.0000 | best AP70 acc: 0.0000 | best mAP acc: 0.0000 | best mAR acc: 0.0000 | best Score: 0.0000 | best Score epoch: -1 
epoch  6, iter  651: loss: 0.0032 | load time: 0.0002 | back time: 0.8159 | lr: 0.00009997 | best AP50 acc: 0.0000 | best AP70 acc: 0.0000 | best mAP acc: 0.0000 | best mAR acc: 0.0000 | best Score: 0.0000 | best Score epoch: -1 
epoch  6, iter  701: loss: 0.0030 | load time: 0.0002 | back time: 0.8163 | lr: 0.00009996 | best AP50 acc: 0.0000 | best AP70 acc: 0.0000 | best mAP acc: 0.0000 | best mAR acc: 0.0000 | best Score: 0.0000 | best Score epoch: -1 
epoch  6, iter  751: loss: 0.0023 | load time: 0.0003 | back time: 0.8157 | lr: 0.00009996 | best AP50 acc: 0.0000 | best AP70 acc: 0.0000 | best mAP acc: 0.0000 | best mAR acc: 0.0000 | best Score: 0.0000 | best Score epoch: -1 
epoch  6, iter  801: loss: 0.0034 | load time: 0.0003 | back time: 0.8166 | lr: 0.00009995 | best AP50 acc: 0.0000 | best AP70 acc: 0.0000 | best mAP acc: 0.0000 | best mAR acc: 0.0000 | best Score: 0.0000 | best Score epoch: -1 
epoch  6, iter  851: loss: 0.0041 | load time: 0.0002 | back time: 0.8159 | lr: 0.00009995 | best AP50 acc: 0.0000 | best AP70 acc: 0.0000 | best mAP acc: 0.0000 | best mAR acc: 0.0000 | best Score: 0.0000 | best Score epoch: -1 
epoch  6, iter  901: loss: 0.0026 | load time: 0.0001 | back time: 0.8181 | lr: 0.00009994 | best AP50 acc: 0.0000 | best AP70 acc: 0.0000 | best mAP acc: 0.0000 | best mAR acc: 0.0000 | best Score: 0.0000 | best Score epoch: -1 
epoch  6, iter  951: loss: 0.0025 | load time: 0.0003 | back time: 0.8177 | lr: 0.00009993 | best AP50 acc: 0.0000 | best AP70 acc: 0.0000 | best mAP acc: 0.0000 | best mAR acc: 0.0000 | best Score: 0.0000 | best Score epoch: -1 
epoch  6, iter 1001: loss: 0.0035 | load time: 0.0002 | back time: 0.8167 | lr: 0.00009993 | best AP50 acc: 0.0000 | best AP70 acc: 0.0000 | best mAP acc: 0.0000 | best mAR acc: 0.0000 | best Score: 0.0000 | best Score epoch: -1 
epoch  6, iter 1051: loss: 0.0029 | load time: 0.0002 | back time: 0.8163 | lr: 0.00009992 | best AP50 acc: 0.0000 | best AP70 acc: 0.0000 | best mAP acc: 0.0000 | best mAR acc: 0.0000 | best Score: 0.0000 | best Score epoch: -1 
epoch  6, iter 1101: loss: 0.0026 | load time: 0.0002 | back time: 0.8170 | lr: 0.00009991 | best AP50 acc: 0.0000 | best AP70 acc: 0.0000 | best mAP acc: 0.0000 | best mAR acc: 0.0000 | best Score: 0.0000 | best Score epoch: -1 
epoch  6, iter 1151: loss: 0.0024 | load time: 0.0001 | back time: 0.8169 | lr: 0.00009990 | best AP50 acc: 0.0000 | best AP70 acc: 0.0000 | best mAP acc: 0.0000 | best mAR acc: 0.0000 | best Score: 0.0000 | best Score epoch: -1 
UAV_SEQS_2 | mAP50:90: 6.5406 | AP50: 14.8515 | AP70: 5.0834 
UAV_SEQS_37 | mAP50:90: 71.3571 | AP50: 95.0902 | AP70: 73.4785 
UAV_SEQS_45 | mAP50:90: 93.2636 | AP50: 100.0000 | AP70: 98.9142 
UAV_SEQS_47 | mAP50:90: 91.7120 | AP50: 100.0000 | AP70: 100.0000 
UAV_SEQS_55 | mAP50:90: 0.7255 | AP50: 1.2845 | AP70: 0.5619 
UAV_SEQS_59 | mAP50:90: 43.1633 | AP50: 72.6431 | AP70: 43.7955 
UAV_SEQS_6 | mAP50:90: 21.1943 | AP50: 33.6281 | AP70: 22.9045 
UAV_SEQS_63 | mAP50:90: 2.2213 | AP50: 6.2662 | AP70: 1.6410 
UAV_SEQS_65 | mAP50:90: 87.7776 | AP50: 95.9792 | AP70: 91.2685 
UAV_SEQS_7 | mAP50:90: 15.1161 | AP50: 55.2673 | AP70: 0.3052 
UAV_SEQS_71 | mAP50:90: 8.8664 | AP50: 14.3007 | AP70: 12.8057 
UAV_SEQS_73 | mAP50:90: 18.8368 | AP50: 27.6060 | AP70: 23.6646 
UAV_SEQS_74 | mAP50:90: 100.0000 | AP50: 100.0000 | AP70: 100.0000 
UAV_SEQS_77 | mAP50:90: 1.1001 | AP50: 1.9802 | AP70: 1.9802 
UAV_SEQS_8 | mAP50:90: 38.0442 | AP50: 94.0594 | AP70: 22.5109 
Overall            | mAP50:95: 39.9011 | AP50: 54.9069 | AP70: 39.9880 
epoch  7, iter    1: loss: 0.0022 | load time: 0.0023 | back time: 0.4519 | lr: 0.00009990 | best AP50 acc: 0.5491 | best AP70 acc: 0.3999 | best mAP acc: 0.3990 | best mAR acc: 0.4532 | best Score: 0.3990 | best Score epoch:  6 
epoch  7, iter   51: loss: 0.0029 | load time: 0.0002 | back time: 0.8083 | lr: 0.00009989 | best AP50 acc: 0.5491 | best AP70 acc: 0.3999 | best mAP acc: 0.3990 | best mAR acc: 0.4532 | best Score: 0.3990 | best Score epoch:  6 
epoch  7, iter  101: loss: 0.0024 | load time: 0.0002 | back time: 0.8142 | lr: 0.00009988 | best AP50 acc: 0.5491 | best AP70 acc: 0.3999 | best mAP acc: 0.3990 | best mAR acc: 0.4532 | best Score: 0.3990 | best Score epoch:  6 
epoch  7, iter  151: loss: 0.0035 | load time: 0.0003 | back time: 0.8158 | lr: 0.00009988 | best AP50 acc: 0.5491 | best AP70 acc: 0.3999 | best mAP acc: 0.3990 | best mAR acc: 0.4532 | best Score: 0.3990 | best Score epoch:  6 
epoch  7, iter  201: loss: 0.0031 | load time: 0.0002 | back time: 0.8153 | lr: 0.00009987 | best AP50 acc: 0.5491 | best AP70 acc: 0.3999 | best mAP acc: 0.3990 | best mAR acc: 0.4532 | best Score: 0.3990 | best Score epoch:  6 
epoch  7, iter  251: loss: 0.0026 | load time: 0.0002 | back time: 0.8167 | lr: 0.00009986 | best AP50 acc: 0.5491 | best AP70 acc: 0.3999 | best mAP acc: 0.3990 | best mAR acc: 0.4532 | best Score: 0.3990 | best Score epoch:  6 
epoch  7, iter  301: loss: 0.0034 | load time: 0.0002 | back time: 0.8149 | lr: 0.00009984 | best AP50 acc: 0.5491 | best AP70 acc: 0.3999 | best mAP acc: 0.3990 | best mAR acc: 0.4532 | best Score: 0.3990 | best Score epoch:  6 
epoch  7, iter  351: loss: 0.0036 | load time: 0.0003 | back time: 0.8158 | lr: 0.00009983 | best AP50 acc: 0.5491 | best AP70 acc: 0.3999 | best mAP acc: 0.3990 | best mAR acc: 0.4532 | best Score: 0.3990 | best Score epoch:  6 
epoch  7, iter  401: loss: 0.0026 | load time: 0.0002 | back time: 0.8179 | lr: 0.00009982 | best AP50 acc: 0.5491 | best AP70 acc: 0.3999 | best mAP acc: 0.3990 | best mAR acc: 0.4532 | best Score: 0.3990 | best Score epoch:  6 
epoch  7, iter  451: loss: 0.0028 | load time: 0.0002 | back time: 0.8160 | lr: 0.00009981 | best AP50 acc: 0.5491 | best AP70 acc: 0.3999 | best mAP acc: 0.3990 | best mAR acc: 0.4532 | best Score: 0.3990 | best Score epoch:  6 
epoch  7, iter  501: loss: 0.0029 | load time: 0.0002 | back time: 0.8174 | lr: 0.00009980 | best AP50 acc: 0.5491 | best AP70 acc: 0.3999 | best mAP acc: 0.3990 | best mAR acc: 0.4532 | best Score: 0.3990 | best Score epoch:  6 
epoch  7, iter  551: loss: 0.0033 | load time: 0.0002 | back time: 0.8156 | lr: 0.00009979 | best AP50 acc: 0.5491 | best AP70 acc: 0.3999 | best mAP acc: 0.3990 | best mAR acc: 0.4532 | best Score: 0.3990 | best Score epoch:  6 
epoch  7, iter  601: loss: 0.0029 | load time: 0.0002 | back time: 0.8159 | lr: 0.00009977 | best AP50 acc: 0.5491 | best AP70 acc: 0.3999 | best mAP acc: 0.3990 | best mAR acc: 0.4532 | best Score: 0.3990 | best Score epoch:  6 
epoch  7, iter  651: loss: 0.0037 | load time: 0.0003 | back time: 0.8158 | lr: 0.00009976 | best AP50 acc: 0.5491 | best AP70 acc: 0.3999 | best mAP acc: 0.3990 | best mAR acc: 0.4532 | best Score: 0.3990 | best Score epoch:  6 
epoch  7, iter  701: loss: 0.0033 | load time: 0.0002 | back time: 0.8158 | lr: 0.00009975 | best AP50 acc: 0.5491 | best AP70 acc: 0.3999 | best mAP acc: 0.3990 | best mAR acc: 0.4532 | best Score: 0.3990 | best Score epoch:  6 
epoch  7, iter  751: loss: 0.0030 | load time: 0.0002 | back time: 0.8170 | lr: 0.00009973 | best AP50 acc: 0.5491 | best AP70 acc: 0.3999 | best mAP acc: 0.3990 | best mAR acc: 0.4532 | best Score: 0.3990 | best Score epoch:  6 
epoch  7, iter  801: loss: 0.0027 | load time: 0.0002 | back time: 0.8163 | lr: 0.00009972 | best AP50 acc: 0.5491 | best AP70 acc: 0.3999 | best mAP acc: 0.3990 | best mAR acc: 0.4532 | best Score: 0.3990 | best Score epoch:  6 
epoch  7, iter  851: loss: 0.0037 | load time: 0.0003 | back time: 0.8154 | lr: 0.00009970 | best AP50 acc: 0.5491 | best AP70 acc: 0.3999 | best mAP acc: 0.3990 | best mAR acc: 0.4532 | best Score: 0.3990 | best Score epoch:  6 
epoch  7, iter  901: loss: 0.0032 | load time: 0.0001 | back time: 0.8178 | lr: 0.00009969 | best AP50 acc: 0.5491 | best AP70 acc: 0.3999 | best mAP acc: 0.3990 | best mAR acc: 0.4532 | best Score: 0.3990 | best Score epoch:  6 
epoch  7, iter  951: loss: 0.0023 | load time: 0.0002 | back time: 0.8195 | lr: 0.00009967 | best AP50 acc: 0.5491 | best AP70 acc: 0.3999 | best mAP acc: 0.3990 | best mAR acc: 0.4532 | best Score: 0.3990 | best Score epoch:  6 
epoch  7, iter 1001: loss: 0.0031 | load time: 0.0002 | back time: 0.8162 | lr: 0.00009966 | best AP50 acc: 0.5491 | best AP70 acc: 0.3999 | best mAP acc: 0.3990 | best mAR acc: 0.4532 | best Score: 0.3990 | best Score epoch:  6 
epoch  7, iter 1051: loss: 0.0033 | load time: 0.0002 | back time: 0.8162 | lr: 0.00009964 | best AP50 acc: 0.5491 | best AP70 acc: 0.3999 | best mAP acc: 0.3990 | best mAR acc: 0.4532 | best Score: 0.3990 | best Score epoch:  6 
epoch  7, iter 1101: loss: 0.0022 | load time: 0.0003 | back time: 0.8158 | lr: 0.00009963 | best AP50 acc: 0.5491 | best AP70 acc: 0.3999 | best mAP acc: 0.3990 | best mAR acc: 0.4532 | best Score: 0.3990 | best Score epoch:  6 
epoch  7, iter 1151: loss: 0.0034 | load time: 0.0002 | back time: 0.8013 | lr: 0.00009961 | best AP50 acc: 0.5491 | best AP70 acc: 0.3999 | best mAP acc: 0.3990 | best mAR acc: 0.4532 | best Score: 0.3990 | best Score epoch:  6 
UAV_SEQS_2 | mAP50:90: 2.4302 | AP50: 4.9505 | AP70: 0.9001 
UAV_SEQS_37 | mAP50:90: 77.1758 | AP50: 97.2217 | AP70: 82.2806 
UAV_SEQS_45 | mAP50:90: 89.6177 | AP50: 98.0198 | AP70: 98.0198 
UAV_SEQS_47 | mAP50:90: 97.9215 | AP50: 100.0000 | AP70: 100.0000 
UAV_SEQS_55 | mAP50:90: 0.9901 | AP50: 0.9901 | AP70: 0.9901 
UAV_SEQS_59 | mAP50:90: 43.1538 | AP50: 64.2128 | AP70: 46.0829 
UAV_SEQS_6 | mAP50:90: 38.1716 | AP50: 50.2761 | AP70: 43.0149 
UAV_SEQS_63 | mAP50:90: 0.0000 | AP50: 0.0000 | AP70: 0.0000 
UAV_SEQS_65 | mAP50:90: 84.3586 | AP50: 94.9912 | AP70: 92.6138 
UAV_SEQS_7 | mAP50:90: 18.8134 | AP50: 93.7356 | AP70: 0.1335 
UAV_SEQS_71 | mAP50:90: 4.6376 | AP50: 5.9406 | AP70: 5.9406 
UAV_SEQS_73 | mAP50:90: 16.8355 | AP50: 25.7426 | AP70: 20.8529 
UAV_SEQS_74 | mAP50:90: 84.7886 | AP50: 100.0000 | AP70: 100.0000 
UAV_SEQS_77 | mAP50:90: 10.7399 | AP50: 12.8713 | AP70: 10.7983 
UAV_SEQS_8 | mAP50:90: 43.2341 | AP50: 81.1881 | AP70: 46.3520 
Overall            | mAP50:95: 39.8448 | AP50: 54.6441 | AP70: 41.8614 
epoch  8, iter    1: loss: 0.0030 | load time: 0.0147 | back time: 0.3611 | lr: 0.00009961 | best AP50 acc: 0.5491 | best AP70 acc: 0.3999 | best mAP acc: 0.3990 | best mAR acc: 0.4532 | best Score: 0.3990 | best Score epoch:  6 
epoch  8, iter   51: loss: 0.0034 | load time: 0.0004 | back time: 0.8088 | lr: 0.00009959 | best AP50 acc: 0.5491 | best AP70 acc: 0.3999 | best mAP acc: 0.3990 | best mAR acc: 0.4532 | best Score: 0.3990 | best Score epoch:  6 
epoch  8, iter  101: loss: 0.0032 | load time: 0.0001 | back time: 0.8122 | lr: 0.00009957 | best AP50 acc: 0.5491 | best AP70 acc: 0.3999 | best mAP acc: 0.3990 | best mAR acc: 0.4532 | best Score: 0.3990 | best Score epoch:  6 
epoch  8, iter  151: loss: 0.0028 | load time: 0.0001 | back time: 0.8168 | lr: 0.00009956 | best AP50 acc: 0.5491 | best AP70 acc: 0.3999 | best mAP acc: 0.3990 | best mAR acc: 0.4532 | best Score: 0.3990 | best Score epoch:  6 
epoch  8, iter  201: loss: 0.0028 | load time: 0.0002 | back time: 0.8162 | lr: 0.00009954 | best AP50 acc: 0.5491 | best AP70 acc: 0.3999 | best mAP acc: 0.3990 | best mAR acc: 0.4532 | best Score: 0.3990 | best Score epoch:  6 
epoch  8, iter  251: loss: 0.0027 | load time: 0.0001 | back time: 0.8181 | lr: 0.00009952 | best AP50 acc: 0.5491 | best AP70 acc: 0.3999 | best mAP acc: 0.3990 | best mAR acc: 0.4532 | best Score: 0.3990 | best Score epoch:  6 
epoch  8, iter  301: loss: 0.0024 | load time: 0.0003 | back time: 0.8173 | lr: 0.00009950 | best AP50 acc: 0.5491 | best AP70 acc: 0.3999 | best mAP acc: 0.3990 | best mAR acc: 0.4532 | best Score: 0.3990 | best Score epoch:  6 
epoch  8, iter  351: loss: 0.0027 | load time: 0.0002 | back time: 0.8165 | lr: 0.00009948 | best AP50 acc: 0.5491 | best AP70 acc: 0.3999 | best mAP acc: 0.3990 | best mAR acc: 0.4532 | best Score: 0.3990 | best Score epoch:  6 
epoch  8, iter  401: loss: 0.0029 | load time: 0.0002 | back time: 0.8193 | lr: 0.00009946 | best AP50 acc: 0.5491 | best AP70 acc: 0.3999 | best mAP acc: 0.3990 | best mAR acc: 0.4532 | best Score: 0.3990 | best Score epoch:  6 
epoch  8, iter  451: loss: 0.0021 | load time: 0.0002 | back time: 0.8178 | lr: 0.00009944 | best AP50 acc: 0.5491 | best AP70 acc: 0.3999 | best mAP acc: 0.3990 | best mAR acc: 0.4532 | best Score: 0.3990 | best Score epoch:  6 
epoch  8, iter  501: loss: 0.0022 | load time: 0.0002 | back time: 0.8156 | lr: 0.00009942 | best AP50 acc: 0.5491 | best AP70 acc: 0.3999 | best mAP acc: 0.3990 | best mAR acc: 0.4532 | best Score: 0.3990 | best Score epoch:  6 
epoch  8, iter  551: loss: 0.0027 | load time: 0.0001 | back time: 0.8169 | lr: 0.00009940 | best AP50 acc: 0.5491 | best AP70 acc: 0.3999 | best mAP acc: 0.3990 | best mAR acc: 0.4532 | best Score: 0.3990 | best Score epoch:  6 
epoch  8, iter  601: loss: 0.0030 | load time: 0.0004 | back time: 0.8160 | lr: 0.00009938 | best AP50 acc: 0.5491 | best AP70 acc: 0.3999 | best mAP acc: 0.3990 | best mAR acc: 0.4532 | best Score: 0.3990 | best Score epoch:  6 
epoch  8, iter  651: loss: 0.0030 | load time: 0.0002 | back time: 0.8164 | lr: 0.00009936 | best AP50 acc: 0.5491 | best AP70 acc: 0.3999 | best mAP acc: 0.3990 | best mAR acc: 0.4532 | best Score: 0.3990 | best Score epoch:  6 
epoch  8, iter  701: loss: 0.0026 | load time: 0.0001 | back time: 0.8164 | lr: 0.00009934 | best AP50 acc: 0.5491 | best AP70 acc: 0.3999 | best mAP acc: 0.3990 | best mAR acc: 0.4532 | best Score: 0.3990 | best Score epoch:  6 
epoch  8, iter  751: loss: 0.0037 | load time: 0.0002 | back time: 0.8179 | lr: 0.00009931 | best AP50 acc: 0.5491 | best AP70 acc: 0.3999 | best mAP acc: 0.3990 | best mAR acc: 0.4532 | best Score: 0.3990 | best Score epoch:  6 
epoch  8, iter  801: loss: 0.0035 | load time: 0.0002 | back time: 0.8162 | lr: 0.00009929 | best AP50 acc: 0.5491 | best AP70 acc: 0.3999 | best mAP acc: 0.3990 | best mAR acc: 0.4532 | best Score: 0.3990 | best Score epoch:  6 
epoch  8, iter  851: loss: 0.0029 | load time: 0.0003 | back time: 0.8162 | lr: 0.00009927 | best AP50 acc: 0.5491 | best AP70 acc: 0.3999 | best mAP acc: 0.3990 | best mAR acc: 0.4532 | best Score: 0.3990 | best Score epoch:  6 
epoch  8, iter  901: loss: 0.0032 | load time: 0.0003 | back time: 0.8159 | lr: 0.00009925 | best AP50 acc: 0.5491 | best AP70 acc: 0.3999 | best mAP acc: 0.3990 | best mAR acc: 0.4532 | best Score: 0.3990 | best Score epoch:  6 
epoch  8, iter  951: loss: 0.0024 | load time: 0.0002 | back time: 0.8171 | lr: 0.00009922 | best AP50 acc: 0.5491 | best AP70 acc: 0.3999 | best mAP acc: 0.3990 | best mAR acc: 0.4532 | best Score: 0.3990 | best Score epoch:  6 
epoch  8, iter 1001: loss: 0.0025 | load time: 0.0002 | back time: 0.8176 | lr: 0.00009920 | best AP50 acc: 0.5491 | best AP70 acc: 0.3999 | best mAP acc: 0.3990 | best mAR acc: 0.4532 | best Score: 0.3990 | best Score epoch:  6 
epoch  8, iter 1051: loss: 0.0031 | load time: 0.0002 | back time: 0.8145 | lr: 0.00009917 | best AP50 acc: 0.5491 | best AP70 acc: 0.3999 | best mAP acc: 0.3990 | best mAR acc: 0.4532 | best Score: 0.3990 | best Score epoch:  6 
epoch  8, iter 1101: loss: 0.0022 | load time: 0.0001 | back time: 0.8191 | lr: 0.00009915 | best AP50 acc: 0.5491 | best AP70 acc: 0.3999 | best mAP acc: 0.3990 | best mAR acc: 0.4532 | best Score: 0.3990 | best Score epoch:  6 
epoch  8, iter 1151: loss: 0.0025 | load time: 0.0001 | back time: 0.8276 | lr: 0.00009912 | best AP50 acc: 0.5491 | best AP70 acc: 0.3999 | best mAP acc: 0.3990 | best mAR acc: 0.4532 | best Score: 0.3990 | best Score epoch:  6 
UAV_SEQS_2 | mAP50:90: 16.0737 | AP50: 19.8020 | AP70: 19.8020 
UAV_SEQS_37 | mAP50:90: 92.6686 | AP50: 100.0000 | AP70: 97.0082 
UAV_SEQS_45 | mAP50:90: 87.4551 | AP50: 99.0099 | AP70: 99.0099 
UAV_SEQS_47 | mAP50:90: 95.7608 | AP50: 100.0000 | AP70: 100.0000 
UAV_SEQS_55 | mAP50:90: 5.7677 | AP50: 8.1886 | AP70: 5.7585 
UAV_SEQS_59 | mAP50:90: 55.2792 | AP50: 85.8199 | AP70: 58.9071 
UAV_SEQS_6 | mAP50:90: 44.4740 | AP50: 68.1648 | AP70: 43.9361 
UAV_SEQS_63 | mAP50:90: 9.7280 | AP50: 38.1920 | AP70: 1.7971 
UAV_SEQS_65 | mAP50:90: 81.5524 | AP50: 94.4640 | AP70: 91.7403 
UAV_SEQS_7 | mAP50:90: 72.8612 | AP50: 100.0000 | AP70: 84.1702 
UAV_SEQS_71 | mAP50:90: 27.7365 | AP50: 29.7030 | AP70: 29.7030 
UAV_SEQS_73 | mAP50:90: 42.7709 | AP50: 55.8375 | AP70: 50.8425 
UAV_SEQS_74 | mAP50:90: 92.0773 | AP50: 100.0000 | AP70: 100.0000 
UAV_SEQS_77 | mAP50:90: 16.8853 | AP50: 18.1878 | AP70: 18.1878 
UAV_SEQS_8 | mAP50:90: 72.6749 | AP50: 98.0198 | AP70: 67.2483 
Overall            | mAP50:95: 55.3220 | AP50: 68.7348 | AP70: 59.6229 
epoch  9, iter    1: loss: 0.0028 | load time: 0.0031 | back time: 0.4599 | lr: 0.00009912 | best AP50 acc: 0.6873 | best AP70 acc: 0.5962 | best mAP acc: 0.5532 | best mAR acc: 0.6038 | best Score: 0.5532 | best Score epoch:  8 
epoch  9, iter   51: loss: 0.0027 | load time: 0.0002 | back time: 0.8100 | lr: 0.00009910 | best AP50 acc: 0.6873 | best AP70 acc: 0.5962 | best mAP acc: 0.5532 | best mAR acc: 0.6038 | best Score: 0.5532 | best Score epoch:  8 
epoch  9, iter  101: loss: 0.0036 | load time: 0.0002 | back time: 0.8140 | lr: 0.00009907 | best AP50 acc: 0.6873 | best AP70 acc: 0.5962 | best mAP acc: 0.5532 | best mAR acc: 0.6038 | best Score: 0.5532 | best Score epoch:  8 
epoch  9, iter  151: loss: 0.0022 | load time: 0.0002 | back time: 0.8159 | lr: 0.00009905 | best AP50 acc: 0.6873 | best AP70 acc: 0.5962 | best mAP acc: 0.5532 | best mAR acc: 0.6038 | best Score: 0.5532 | best Score epoch:  8 
epoch  9, iter  201: loss: 0.0023 | load time: 0.0002 | back time: 0.8176 | lr: 0.00009902 | best AP50 acc: 0.6873 | best AP70 acc: 0.5962 | best mAP acc: 0.5532 | best mAR acc: 0.6038 | best Score: 0.5532 | best Score epoch:  8 
epoch  9, iter  251: loss: 0.0024 | load time: 0.0001 | back time: 0.8177 | lr: 0.00009899 | best AP50 acc: 0.6873 | best AP70 acc: 0.5962 | best mAP acc: 0.5532 | best mAR acc: 0.6038 | best Score: 0.5532 | best Score epoch:  8 
epoch  9, iter  301: loss: 0.0023 | load time: 0.0003 | back time: 0.8159 | lr: 0.00009896 | best AP50 acc: 0.6873 | best AP70 acc: 0.5962 | best mAP acc: 0.5532 | best mAR acc: 0.6038 | best Score: 0.5532 | best Score epoch:  8 
epoch  9, iter  351: loss: 0.0028 | load time: 0.0003 | back time: 0.8160 | lr: 0.00009894 | best AP50 acc: 0.6873 | best AP70 acc: 0.5962 | best mAP acc: 0.5532 | best mAR acc: 0.6038 | best Score: 0.5532 | best Score epoch:  8 
epoch  9, iter  401: loss: 0.0030 | load time: 0.0002 | back time: 0.8163 | lr: 0.00009891 | best AP50 acc: 0.6873 | best AP70 acc: 0.5962 | best mAP acc: 0.5532 | best mAR acc: 0.6038 | best Score: 0.5532 | best Score epoch:  8 
epoch  9, iter  451: loss: 0.0026 | load time: 0.0002 | back time: 0.8167 | lr: 0.00009888 | best AP50 acc: 0.6873 | best AP70 acc: 0.5962 | best mAP acc: 0.5532 | best mAR acc: 0.6038 | best Score: 0.5532 | best Score epoch:  8 
epoch  9, iter  501: loss: 0.0030 | load time: 0.0002 | back time: 0.8178 | lr: 0.00009885 | best AP50 acc: 0.6873 | best AP70 acc: 0.5962 | best mAP acc: 0.5532 | best mAR acc: 0.6038 | best Score: 0.5532 | best Score epoch:  8 
epoch  9, iter  551: loss: 0.0032 | load time: 0.0003 | back time: 0.8238 | lr: 0.00009882 | best AP50 acc: 0.6873 | best AP70 acc: 0.5962 | best mAP acc: 0.5532 | best mAR acc: 0.6038 | best Score: 0.5532 | best Score epoch:  8 
epoch  9, iter  601: loss: 0.0030 | load time: 0.0001 | back time: 0.8155 | lr: 0.00009879 | best AP50 acc: 0.6873 | best AP70 acc: 0.5962 | best mAP acc: 0.5532 | best mAR acc: 0.6038 | best Score: 0.5532 | best Score epoch:  8 
epoch  9, iter  651: loss: 0.0029 | load time: 0.0002 | back time: 0.8158 | lr: 0.00009876 | best AP50 acc: 0.6873 | best AP70 acc: 0.5962 | best mAP acc: 0.5532 | best mAR acc: 0.6038 | best Score: 0.5532 | best Score epoch:  8 
epoch  9, iter  701: loss: 0.0025 | load time: 0.0002 | back time: 0.8142 | lr: 0.00009873 | best AP50 acc: 0.6873 | best AP70 acc: 0.5962 | best mAP acc: 0.5532 | best mAR acc: 0.6038 | best Score: 0.5532 | best Score epoch:  8 
epoch  9, iter  751: loss: 0.0023 | load time: 0.0001 | back time: 0.8147 | lr: 0.00009870 | best AP50 acc: 0.6873 | best AP70 acc: 0.5962 | best mAP acc: 0.5532 | best mAR acc: 0.6038 | best Score: 0.5532 | best Score epoch:  8 
epoch  9, iter  801: loss: 0.0028 | load time: 0.0002 | back time: 0.8146 | lr: 0.00009867 | best AP50 acc: 0.6873 | best AP70 acc: 0.5962 | best mAP acc: 0.5532 | best mAR acc: 0.6038 | best Score: 0.5532 | best Score epoch:  8 
epoch  9, iter  851: loss: 0.0026 | load time: 0.0002 | back time: 0.8163 | lr: 0.00009864 | best AP50 acc: 0.6873 | best AP70 acc: 0.5962 | best mAP acc: 0.5532 | best mAR acc: 0.6038 | best Score: 0.5532 | best Score epoch:  8 
epoch  9, iter  901: loss: 0.0028 | load time: 0.0002 | back time: 0.8137 | lr: 0.00009861 | best AP50 acc: 0.6873 | best AP70 acc: 0.5962 | best mAP acc: 0.5532 | best mAR acc: 0.6038 | best Score: 0.5532 | best Score epoch:  8 
epoch  9, iter  951: loss: 0.0031 | load time: 0.0002 | back time: 0.8166 | lr: 0.00009858 | best AP50 acc: 0.6873 | best AP70 acc: 0.5962 | best mAP acc: 0.5532 | best mAR acc: 0.6038 | best Score: 0.5532 | best Score epoch:  8 
epoch  9, iter 1001: loss: 0.0028 | load time: 0.0001 | back time: 0.8143 | lr: 0.00009854 | best AP50 acc: 0.6873 | best AP70 acc: 0.5962 | best mAP acc: 0.5532 | best mAR acc: 0.6038 | best Score: 0.5532 | best Score epoch:  8 
epoch  9, iter 1051: loss: 0.0030 | load time: 0.0002 | back time: 0.8169 | lr: 0.00009851 | best AP50 acc: 0.6873 | best AP70 acc: 0.5962 | best mAP acc: 0.5532 | best mAR acc: 0.6038 | best Score: 0.5532 | best Score epoch:  8 
epoch  9, iter 1101: loss: 0.0022 | load time: 0.0002 | back time: 0.8170 | lr: 0.00009848 | best AP50 acc: 0.6873 | best AP70 acc: 0.5962 | best mAP acc: 0.5532 | best mAR acc: 0.6038 | best Score: 0.5532 | best Score epoch:  8 
epoch  9, iter 1151: loss: 0.0031 | load time: 0.0001 | back time: 0.8154 | lr: 0.00009845 | best AP50 acc: 0.6873 | best AP70 acc: 0.5962 | best mAP acc: 0.5532 | best mAR acc: 0.6038 | best Score: 0.5532 | best Score epoch:  8 
UAV_SEQS_2 | mAP50:90: 17.6890 | AP50: 17.8218 | AP70: 17.8218 
UAV_SEQS_37 | mAP50:90: 96.1984 | AP50: 100.0000 | AP70: 98.7999 
UAV_SEQS_45 | mAP50:90: 65.1899 | AP50: 97.5229 | AP70: 76.5009 
UAV_SEQS_47 | mAP50:90: 94.7574 | AP50: 100.0000 | AP70: 100.0000 
UAV_SEQS_55 | mAP50:90: 1.5402 | AP50: 2.9703 | AP70: 1.9802 
UAV_SEQS_59 | mAP50:90: 33.9398 | AP50: 64.9204 | AP70: 32.6058 
UAV_SEQS_6 | mAP50:90: 62.7693 | AP50: 77.2277 | AP70: 69.6004 
UAV_SEQS_63 | mAP50:90: 0.0043 | AP50: 0.0305 | AP70: 0.0000 
UAV_SEQS_65 | mAP50:90: 80.4722 | AP50: 96.0775 | AP70: 90.8167 
UAV_SEQS_7 | mAP50:90: 90.9511 | AP50: 95.0495 | AP70: 95.0495 
UAV_SEQS_71 | mAP50:90: 7.8759 | AP50: 8.9109 | AP70: 8.8347 
UAV_SEQS_73 | mAP50:90: 8.9629 | AP50: 14.8515 | AP70: 8.4062 
UAV_SEQS_74 | mAP50:90: 99.8237 | AP50: 100.0000 | AP70: 100.0000 
UAV_SEQS_77 | mAP50:90: 0.8801 | AP50: 0.9901 | AP70: 0.9901 
UAV_SEQS_8 | mAP50:90: 95.7314 | AP50: 99.0099 | AP70: 99.0099 
Overall            | mAP50:95: 49.9273 | AP50: 58.4002 | AP70: 52.7416 
epoch 10, iter    1: loss: 0.0025 | load time: 0.0038 | back time: 0.5045 | lr: 0.00009844 | best AP50 acc: 0.6873 | best AP70 acc: 0.5962 | best mAP acc: 0.5532 | best mAR acc: 0.6038 | best Score: 0.5532 | best Score epoch:  8 
epoch 10, iter   51: loss: 0.0035 | load time: 0.0002 | back time: 0.8093 | lr: 0.00009841 | best AP50 acc: 0.6873 | best AP70 acc: 0.5962 | best mAP acc: 0.5532 | best mAR acc: 0.6038 | best Score: 0.5532 | best Score epoch:  8 
epoch 10, iter  101: loss: 0.0030 | load time: 0.0002 | back time: 0.8191 | lr: 0.00009838 | best AP50 acc: 0.6873 | best AP70 acc: 0.5962 | best mAP acc: 0.5532 | best mAR acc: 0.6038 | best Score: 0.5532 | best Score epoch:  8 
epoch 10, iter  151: loss: 0.0024 | load time: 0.0002 | back time: 0.8163 | lr: 0.00009834 | best AP50 acc: 0.6873 | best AP70 acc: 0.5962 | best mAP acc: 0.5532 | best mAR acc: 0.6038 | best Score: 0.5532 | best Score epoch:  8 
epoch 10, iter  201: loss: 0.0028 | load time: 0.0003 | back time: 0.8157 | lr: 0.00009831 | best AP50 acc: 0.6873 | best AP70 acc: 0.5962 | best mAP acc: 0.5532 | best mAR acc: 0.6038 | best Score: 0.5532 | best Score epoch:  8 
epoch 10, iter  251: loss: 0.0023 | load time: 0.0002 | back time: 0.8173 | lr: 0.00009827 | best AP50 acc: 0.6873 | best AP70 acc: 0.5962 | best mAP acc: 0.5532 | best mAR acc: 0.6038 | best Score: 0.5532 | best Score epoch:  8 
epoch 10, iter  301: loss: 0.0022 | load time: 0.0002 | back time: 0.8163 | lr: 0.00009824 | best AP50 acc: 0.6873 | best AP70 acc: 0.5962 | best mAP acc: 0.5532 | best mAR acc: 0.6038 | best Score: 0.5532 | best Score epoch:  8 
epoch 10, iter  351: loss: 0.0025 | load time: 0.0002 | back time: 0.8177 | lr: 0.00009820 | best AP50 acc: 0.6873 | best AP70 acc: 0.5962 | best mAP acc: 0.5532 | best mAR acc: 0.6038 | best Score: 0.5532 | best Score epoch:  8 
epoch 10, iter  401: loss: 0.0023 | load time: 0.0003 | back time: 0.8171 | lr: 0.00009816 | best AP50 acc: 0.6873 | best AP70 acc: 0.5962 | best mAP acc: 0.5532 | best mAR acc: 0.6038 | best Score: 0.5532 | best Score epoch:  8 
epoch 10, iter  451: loss: 0.0023 | load time: 0.0003 | back time: 0.8138 | lr: 0.00009813 | best AP50 acc: 0.6873 | best AP70 acc: 0.5962 | best mAP acc: 0.5532 | best mAR acc: 0.6038 | best Score: 0.5532 | best Score epoch:  8 
epoch 10, iter  501: loss: 0.0023 | load time: 0.0002 | back time: 0.8168 | lr: 0.00009809 | best AP50 acc: 0.6873 | best AP70 acc: 0.5962 | best mAP acc: 0.5532 | best mAR acc: 0.6038 | best Score: 0.5532 | best Score epoch:  8 
epoch 10, iter  551: loss: 0.0031 | load time: 0.0002 | back time: 0.8176 | lr: 0.00009805 | best AP50 acc: 0.6873 | best AP70 acc: 0.5962 | best mAP acc: 0.5532 | best mAR acc: 0.6038 | best Score: 0.5532 | best Score epoch:  8 
epoch 10, iter  601: loss: 0.0032 | load time: 0.0002 | back time: 0.8152 | lr: 0.00009802 | best AP50 acc: 0.6873 | best AP70 acc: 0.5962 | best mAP acc: 0.5532 | best mAR acc: 0.6038 | best Score: 0.5532 | best Score epoch:  8 
epoch 10, iter  651: loss: 0.0030 | load time: 0.0002 | back time: 0.8174 | lr: 0.00009798 | best AP50 acc: 0.6873 | best AP70 acc: 0.5962 | best mAP acc: 0.5532 | best mAR acc: 0.6038 | best Score: 0.5532 | best Score epoch:  8 
epoch 10, iter  701: loss: 0.0020 | load time: 0.0002 | back time: 0.8237 | lr: 0.00009794 | best AP50 acc: 0.6873 | best AP70 acc: 0.5962 | best mAP acc: 0.5532 | best mAR acc: 0.6038 | best Score: 0.5532 | best Score epoch:  8 
epoch 10, iter  751: loss: 0.0028 | load time: 0.0003 | back time: 0.8163 | lr: 0.00009790 | best AP50 acc: 0.6873 | best AP70 acc: 0.5962 | best mAP acc: 0.5532 | best mAR acc: 0.6038 | best Score: 0.5532 | best Score epoch:  8 
epoch 10, iter  801: loss: 0.0025 | load time: 0.0001 | back time: 0.8159 | lr: 0.00009786 | best AP50 acc: 0.6873 | best AP70 acc: 0.5962 | best mAP acc: 0.5532 | best mAR acc: 0.6038 | best Score: 0.5532 | best Score epoch:  8 
epoch 10, iter  851: loss: 0.0024 | load time: 0.0002 | back time: 0.8175 | lr: 0.00009782 | best AP50 acc: 0.6873 | best AP70 acc: 0.5962 | best mAP acc: 0.5532 | best mAR acc: 0.6038 | best Score: 0.5532 | best Score epoch:  8 
epoch 10, iter  901: loss: 0.0021 | load time: 0.0005 | back time: 0.8156 | lr: 0.00009778 | best AP50 acc: 0.6873 | best AP70 acc: 0.5962 | best mAP acc: 0.5532 | best mAR acc: 0.6038 | best Score: 0.5532 | best Score epoch:  8 
epoch 10, iter  951: loss: 0.0023 | load time: 0.0002 | back time: 0.8155 | lr: 0.00009774 | best AP50 acc: 0.6873 | best AP70 acc: 0.5962 | best mAP acc: 0.5532 | best mAR acc: 0.6038 | best Score: 0.5532 | best Score epoch:  8 
epoch 10, iter 1001: loss: 0.0024 | load time: 0.0003 | back time: 0.8156 | lr: 0.00009770 | best AP50 acc: 0.6873 | best AP70 acc: 0.5962 | best mAP acc: 0.5532 | best mAR acc: 0.6038 | best Score: 0.5532 | best Score epoch:  8 
epoch 10, iter 1051: loss: 0.0033 | load time: 0.0002 | back time: 0.8157 | lr: 0.00009766 | best AP50 acc: 0.6873 | best AP70 acc: 0.5962 | best mAP acc: 0.5532 | best mAR acc: 0.6038 | best Score: 0.5532 | best Score epoch:  8 
epoch 10, iter 1101: loss: 0.0026 | load time: 0.0006 | back time: 0.8158 | lr: 0.00009762 | best AP50 acc: 0.6873 | best AP70 acc: 0.5962 | best mAP acc: 0.5532 | best mAR acc: 0.6038 | best Score: 0.5532 | best Score epoch:  8 
epoch 10, iter 1151: loss: 0.0023 | load time: 0.0001 | back time: 0.8166 | lr: 0.00009758 | best AP50 acc: 0.6873 | best AP70 acc: 0.5962 | best mAP acc: 0.5532 | best mAR acc: 0.6038 | best Score: 0.5532 | best Score epoch:  8 
UAV_SEQS_2 | mAP50:90: 56.4285 | AP50: 74.7815 | AP70: 57.6334 
UAV_SEQS_37 | mAP50:90: 96.5231 | AP50: 100.0000 | AP70: 100.0000 
UAV_SEQS_45 | mAP50:90: 82.0239 | AP50: 100.0000 | AP70: 97.4166 
UAV_SEQS_47 | mAP50:90: 95.5280 | AP50: 100.0000 | AP70: 100.0000 
UAV_SEQS_55 | mAP50:90: 37.8476 | AP50: 61.4666 | AP70: 39.0864 
UAV_SEQS_59 | mAP50:90: 49.2667 | AP50: 83.1714 | AP70: 52.5545 
UAV_SEQS_6 | mAP50:90: 56.1758 | AP50: 79.8980 | AP70: 57.2286 
UAV_SEQS_63 | mAP50:90: 1.4472 | AP50: 6.2910 | AP70: 0.2390 
UAV_SEQS_65 | mAP50:90: 69.5971 | AP50: 93.2981 | AP70: 80.4685 
UAV_SEQS_7 | mAP50:90: 66.2785 | AP50: 100.0000 | AP70: 82.2450 
UAV_SEQS_71 | mAP50:90: 50.0335 | AP50: 70.9235 | AP70: 53.1673 
UAV_SEQS_73 | mAP50:90: 47.5987 | AP50: 73.3043 | AP70: 52.5121 
UAV_SEQS_74 | mAP50:90: 99.7027 | AP50: 100.0000 | AP70: 100.0000 
UAV_SEQS_77 | mAP50:90: 14.7420 | AP50: 15.7683 | AP70: 15.7683 
UAV_SEQS_8 | mAP50:90: 80.3048 | AP50: 100.0000 | AP70: 83.6569 
Overall            | mAP50:95: 60.3769 | AP50: 78.0541 | AP70: 64.9971 
epoch 11, iter    1: loss: 0.0024 | load time: 0.0043 | back time: 0.3996 | lr: 0.00009758 | best AP50 acc: 0.7805 | best AP70 acc: 0.6500 | best mAP acc: 0.6038 | best mAR acc: 0.6808 | best Score: 0.6038 | best Score epoch: 10 
epoch 11, iter   51: loss: 0.0028 | load time: 0.0002 | back time: 0.8098 | lr: 0.00009753 | best AP50 acc: 0.7805 | best AP70 acc: 0.6500 | best mAP acc: 0.6038 | best mAR acc: 0.6808 | best Score: 0.6038 | best Score epoch: 10 
epoch 11, iter  101: loss: 0.0029 | load time: 0.0002 | back time: 0.8122 | lr: 0.00009749 | best AP50 acc: 0.7805 | best AP70 acc: 0.6500 | best mAP acc: 0.6038 | best mAR acc: 0.6808 | best Score: 0.6038 | best Score epoch: 10 
epoch 11, iter  151: loss: 0.0023 | load time: 0.0002 | back time: 0.8140 | lr: 0.00009745 | best AP50 acc: 0.7805 | best AP70 acc: 0.6500 | best mAP acc: 0.6038 | best mAR acc: 0.6808 | best Score: 0.6038 | best Score epoch: 10 
epoch 11, iter  201: loss: 0.0021 | load time: 0.0002 | back time: 0.8152 | lr: 0.00009741 | best AP50 acc: 0.7805 | best AP70 acc: 0.6500 | best mAP acc: 0.6038 | best mAR acc: 0.6808 | best Score: 0.6038 | best Score epoch: 10 
epoch 11, iter  251: loss: 0.0022 | load time: 0.0002 | back time: 0.8158 | lr: 0.00009736 | best AP50 acc: 0.7805 | best AP70 acc: 0.6500 | best mAP acc: 0.6038 | best mAR acc: 0.6808 | best Score: 0.6038 | best Score epoch: 10 
epoch 11, iter  301: loss: 0.0021 | load time: 0.0002 | back time: 0.8160 | lr: 0.00009732 | best AP50 acc: 0.7805 | best AP70 acc: 0.6500 | best mAP acc: 0.6038 | best mAR acc: 0.6808 | best Score: 0.6038 | best Score epoch: 10 
epoch 11, iter  351: loss: 0.0021 | load time: 0.0002 | back time: 0.8165 | lr: 0.00009728 | best AP50 acc: 0.7805 | best AP70 acc: 0.6500 | best mAP acc: 0.6038 | best mAR acc: 0.6808 | best Score: 0.6038 | best Score epoch: 10 
epoch 11, iter  401: loss: 0.0022 | load time: 0.0002 | back time: 0.8157 | lr: 0.00009723 | best AP50 acc: 0.7805 | best AP70 acc: 0.6500 | best mAP acc: 0.6038 | best mAR acc: 0.6808 | best Score: 0.6038 | best Score epoch: 10 
epoch 11, iter  451: loss: 0.0027 | load time: 0.0002 | back time: 0.8143 | lr: 0.00009719 | best AP50 acc: 0.7805 | best AP70 acc: 0.6500 | best mAP acc: 0.6038 | best mAR acc: 0.6808 | best Score: 0.6038 | best Score epoch: 10 
epoch 11, iter  501: loss: 0.0033 | load time: 0.0002 | back time: 0.8156 | lr: 0.00009714 | best AP50 acc: 0.7805 | best AP70 acc: 0.6500 | best mAP acc: 0.6038 | best mAR acc: 0.6808 | best Score: 0.6038 | best Score epoch: 10 
epoch 11, iter  551: loss: 0.0023 | load time: 0.0003 | back time: 0.8152 | lr: 0.00009710 | best AP50 acc: 0.7805 | best AP70 acc: 0.6500 | best mAP acc: 0.6038 | best mAR acc: 0.6808 | best Score: 0.6038 | best Score epoch: 10 
epoch 11, iter  601: loss: 0.0026 | load time: 0.0003 | back time: 0.8169 | lr: 0.00009705 | best AP50 acc: 0.7805 | best AP70 acc: 0.6500 | best mAP acc: 0.6038 | best mAR acc: 0.6808 | best Score: 0.6038 | best Score epoch: 10 
epoch 11, iter  651: loss: 0.0025 | load time: 0.0001 | back time: 0.8147 | lr: 0.00009700 | best AP50 acc: 0.7805 | best AP70 acc: 0.6500 | best mAP acc: 0.6038 | best mAR acc: 0.6808 | best Score: 0.6038 | best Score epoch: 10 
epoch 11, iter  701: loss: 0.0024 | load time: 0.0002 | back time: 0.8154 | lr: 0.00009696 | best AP50 acc: 0.7805 | best AP70 acc: 0.6500 | best mAP acc: 0.6038 | best mAR acc: 0.6808 | best Score: 0.6038 | best Score epoch: 10 
epoch 11, iter  751: loss: 0.0024 | load time: 0.0002 | back time: 0.8170 | lr: 0.00009691 | best AP50 acc: 0.7805 | best AP70 acc: 0.6500 | best mAP acc: 0.6038 | best mAR acc: 0.6808 | best Score: 0.6038 | best Score epoch: 10 
epoch 11, iter  801: loss: 0.0021 | load time: 0.0002 | back time: 0.8156 | lr: 0.00009686 | best AP50 acc: 0.7805 | best AP70 acc: 0.6500 | best mAP acc: 0.6038 | best mAR acc: 0.6808 | best Score: 0.6038 | best Score epoch: 10 
epoch 11, iter  851: loss: 0.0022 | load time: 0.0002 | back time: 0.8247 | lr: 0.00009682 | best AP50 acc: 0.7805 | best AP70 acc: 0.6500 | best mAP acc: 0.6038 | best mAR acc: 0.6808 | best Score: 0.6038 | best Score epoch: 10 
epoch 11, iter  901: loss: 0.0024 | load time: 0.0002 | back time: 0.8177 | lr: 0.00009677 | best AP50 acc: 0.7805 | best AP70 acc: 0.6500 | best mAP acc: 0.6038 | best mAR acc: 0.6808 | best Score: 0.6038 | best Score epoch: 10 
epoch 11, iter  951: loss: 0.0032 | load time: 0.0003 | back time: 0.8151 | lr: 0.00009672 | best AP50 acc: 0.7805 | best AP70 acc: 0.6500 | best mAP acc: 0.6038 | best mAR acc: 0.6808 | best Score: 0.6038 | best Score epoch: 10 
epoch 11, iter 1001: loss: 0.0024 | load time: 0.0002 | back time: 0.8160 | lr: 0.00009667 | best AP50 acc: 0.7805 | best AP70 acc: 0.6500 | best mAP acc: 0.6038 | best mAR acc: 0.6808 | best Score: 0.6038 | best Score epoch: 10 
epoch 11, iter 1051: loss: 0.0025 | load time: 0.0002 | back time: 0.8171 | lr: 0.00009662 | best AP50 acc: 0.7805 | best AP70 acc: 0.6500 | best mAP acc: 0.6038 | best mAR acc: 0.6808 | best Score: 0.6038 | best Score epoch: 10 
epoch 11, iter 1101: loss: 0.0027 | load time: 0.0003 | back time: 0.8150 | lr: 0.00009657 | best AP50 acc: 0.7805 | best AP70 acc: 0.6500 | best mAP acc: 0.6038 | best mAR acc: 0.6808 | best Score: 0.6038 | best Score epoch: 10 
epoch 11, iter 1151: loss: 0.0031 | load time: 0.0001 | back time: 0.8150 | lr: 0.00009652 | best AP50 acc: 0.7805 | best AP70 acc: 0.6500 | best mAP acc: 0.6038 | best mAR acc: 0.6808 | best Score: 0.6038 | best Score epoch: 10 
UAV_SEQS_2 | mAP50:90: 23.5289 | AP50: 35.7993 | AP70: 23.1234 
UAV_SEQS_37 | mAP50:90: 94.4992 | AP50: 100.0000 | AP70: 98.6205 
UAV_SEQS_45 | mAP50:90: 94.0829 | AP50: 100.0000 | AP70: 100.0000 
UAV_SEQS_47 | mAP50:90: 93.5797 | AP50: 100.0000 | AP70: 100.0000 
UAV_SEQS_55 | mAP50:90: 19.8890 | AP50: 30.1081 | AP70: 21.1685 
UAV_SEQS_59 | mAP50:90: 75.4791 | AP50: 95.5360 | AP70: 86.0960 
UAV_SEQS_6 | mAP50:90: 48.7554 | AP50: 65.7674 | AP70: 47.4996 
UAV_SEQS_63 | mAP50:90: 11.3106 | AP50: 46.1573 | AP70: 0.6789 
UAV_SEQS_65 | mAP50:90: 82.1599 | AP50: 97.1394 | AP70: 91.6485 
UAV_SEQS_7 | mAP50:90: 76.9604 | AP50: 100.0000 | AP70: 76.4385 
UAV_SEQS_71 | mAP50:90: 47.9200 | AP50: 58.1225 | AP70: 50.5636 
UAV_SEQS_73 | mAP50:90: 53.5295 | AP50: 67.4286 | AP70: 60.9477 
UAV_SEQS_74 | mAP50:90: 100.0000 | AP50: 100.0000 | AP70: 100.0000 
UAV_SEQS_77 | mAP50:90: 4.7254 | AP50: 6.9307 | AP70: 6.9307 
UAV_SEQS_8 | mAP50:90: 85.2504 | AP50: 100.0000 | AP70: 94.1188 
Overall            | mAP50:95: 61.9904 | AP50: 74.8032 | AP70: 64.3582 
epoch 12, iter    1: loss: 0.0022 | load time: 0.0033 | back time: 0.3807 | lr: 0.00009652 | best AP50 acc: 0.7480 | best AP70 acc: 0.6436 | best mAP acc: 0.6199 | best mAR acc: 0.6613 | best Score: 0.6199 | best Score epoch: 11 
epoch 12, iter   51: loss: 0.0023 | load time: 0.0002 | back time: 0.8070 | lr: 0.00009647 | best AP50 acc: 0.7480 | best AP70 acc: 0.6436 | best mAP acc: 0.6199 | best mAR acc: 0.6613 | best Score: 0.6199 | best Score epoch: 11 
epoch 12, iter  101: loss: 0.0021 | load time: 0.0002 | back time: 0.8145 | lr: 0.00009642 | best AP50 acc: 0.7480 | best AP70 acc: 0.6436 | best mAP acc: 0.6199 | best mAR acc: 0.6613 | best Score: 0.6199 | best Score epoch: 11 
epoch 12, iter  151: loss: 0.0023 | load time: 0.0002 | back time: 0.8159 | lr: 0.00009637 | best AP50 acc: 0.7480 | best AP70 acc: 0.6436 | best mAP acc: 0.6199 | best mAR acc: 0.6613 | best Score: 0.6199 | best Score epoch: 11 
epoch 12, iter  201: loss: 0.0022 | load time: 0.0002 | back time: 0.8161 | lr: 0.00009632 | best AP50 acc: 0.7480 | best AP70 acc: 0.6436 | best mAP acc: 0.6199 | best mAR acc: 0.6613 | best Score: 0.6199 | best Score epoch: 11 
epoch 12, iter  251: loss: 0.0026 | load time: 0.0002 | back time: 0.8271 | lr: 0.00009627 | best AP50 acc: 0.7480 | best AP70 acc: 0.6436 | best mAP acc: 0.6199 | best mAR acc: 0.6613 | best Score: 0.6199 | best Score epoch: 11 
epoch 12, iter  301: loss: 0.0024 | load time: 0.0002 | back time: 0.8159 | lr: 0.00009622 | best AP50 acc: 0.7480 | best AP70 acc: 0.6436 | best mAP acc: 0.6199 | best mAR acc: 0.6613 | best Score: 0.6199 | best Score epoch: 11 
epoch 12, iter  351: loss: 0.0022 | load time: 0.0002 | back time: 0.8168 | lr: 0.00009617 | best AP50 acc: 0.7480 | best AP70 acc: 0.6436 | best mAP acc: 0.6199 | best mAR acc: 0.6613 | best Score: 0.6199 | best Score epoch: 11 
epoch 12, iter  401: loss: 0.0024 | load time: 0.0002 | back time: 0.8153 | lr: 0.00009611 | best AP50 acc: 0.7480 | best AP70 acc: 0.6436 | best mAP acc: 0.6199 | best mAR acc: 0.6613 | best Score: 0.6199 | best Score epoch: 11 
epoch 12, iter  451: loss: 0.0027 | load time: 0.0002 | back time: 0.8156 | lr: 0.00009606 | best AP50 acc: 0.7480 | best AP70 acc: 0.6436 | best mAP acc: 0.6199 | best mAR acc: 0.6613 | best Score: 0.6199 | best Score epoch: 11 
epoch 12, iter  501: loss: 0.0030 | load time: 0.0001 | back time: 0.8179 | lr: 0.00009601 | best AP50 acc: 0.7480 | best AP70 acc: 0.6436 | best mAP acc: 0.6199 | best mAR acc: 0.6613 | best Score: 0.6199 | best Score epoch: 11 
epoch 12, iter  551: loss: 0.0022 | load time: 0.0002 | back time: 0.8161 | lr: 0.00009596 | best AP50 acc: 0.7480 | best AP70 acc: 0.6436 | best mAP acc: 0.6199 | best mAR acc: 0.6613 | best Score: 0.6199 | best Score epoch: 11 
epoch 12, iter  601: loss: 0.0027 | load time: 0.0001 | back time: 0.8157 | lr: 0.00009590 | best AP50 acc: 0.7480 | best AP70 acc: 0.6436 | best mAP acc: 0.6199 | best mAR acc: 0.6613 | best Score: 0.6199 | best Score epoch: 11 
epoch 12, iter  651: loss: 0.0022 | load time: 0.0003 | back time: 0.8185 | lr: 0.00009585 | best AP50 acc: 0.7480 | best AP70 acc: 0.6436 | best mAP acc: 0.6199 | best mAR acc: 0.6613 | best Score: 0.6199 | best Score epoch: 11 
epoch 12, iter  701: loss: 0.0023 | load time: 0.0002 | back time: 0.8163 | lr: 0.00009579 | best AP50 acc: 0.7480 | best AP70 acc: 0.6436 | best mAP acc: 0.6199 | best mAR acc: 0.6613 | best Score: 0.6199 | best Score epoch: 11 
epoch 12, iter  751: loss: 0.0024 | load time: 0.0002 | back time: 0.8151 | lr: 0.00009574 | best AP50 acc: 0.7480 | best AP70 acc: 0.6436 | best mAP acc: 0.6199 | best mAR acc: 0.6613 | best Score: 0.6199 | best Score epoch: 11 
epoch 12, iter  801: loss: 0.0026 | load time: 0.0002 | back time: 0.8161 | lr: 0.00009568 | best AP50 acc: 0.7480 | best AP70 acc: 0.6436 | best mAP acc: 0.6199 | best mAR acc: 0.6613 | best Score: 0.6199 | best Score epoch: 11 
epoch 12, iter  851: loss: 0.0024 | load time: 0.0002 | back time: 0.8161 | lr: 0.00009563 | best AP50 acc: 0.7480 | best AP70 acc: 0.6436 | best mAP acc: 0.6199 | best mAR acc: 0.6613 | best Score: 0.6199 | best Score epoch: 11 
epoch 12, iter  901: loss: 0.0024 | load time: 0.0004 | back time: 0.8152 | lr: 0.00009557 | best AP50 acc: 0.7480 | best AP70 acc: 0.6436 | best mAP acc: 0.6199 | best mAR acc: 0.6613 | best Score: 0.6199 | best Score epoch: 11 
epoch 12, iter  951: loss: 0.0031 | load time: 0.0003 | back time: 0.8157 | lr: 0.00009552 | best AP50 acc: 0.7480 | best AP70 acc: 0.6436 | best mAP acc: 0.6199 | best mAR acc: 0.6613 | best Score: 0.6199 | best Score epoch: 11 
epoch 12, iter 1001: loss: 0.0026 | load time: 0.0002 | back time: 0.8190 | lr: 0.00009546 | best AP50 acc: 0.7480 | best AP70 acc: 0.6436 | best mAP acc: 0.6199 | best mAR acc: 0.6613 | best Score: 0.6199 | best Score epoch: 11 
epoch 12, iter 1051: loss: 0.0026 | load time: 0.0003 | back time: 0.8154 | lr: 0.00009540 | best AP50 acc: 0.7480 | best AP70 acc: 0.6436 | best mAP acc: 0.6199 | best mAR acc: 0.6613 | best Score: 0.6199 | best Score epoch: 11 
epoch 12, iter 1101: loss: 0.0025 | load time: 0.0002 | back time: 0.8145 | lr: 0.00009535 | best AP50 acc: 0.7480 | best AP70 acc: 0.6436 | best mAP acc: 0.6199 | best mAR acc: 0.6613 | best Score: 0.6199 | best Score epoch: 11 
epoch 12, iter 1151: loss: 0.0025 | load time: 0.0001 | back time: 0.8155 | lr: 0.00009529 | best AP50 acc: 0.7480 | best AP70 acc: 0.6436 | best mAP acc: 0.6199 | best mAR acc: 0.6613 | best Score: 0.6199 | best Score epoch: 11 
UAV_SEQS_2 | mAP50:90: 38.5842 | AP50: 63.3867 | AP70: 39.8872 
UAV_SEQS_37 | mAP50:90: 89.6448 | AP50: 100.0000 | AP70: 93.4903 
UAV_SEQS_45 | mAP50:90: 83.2314 | AP50: 100.0000 | AP70: 91.1502 
UAV_SEQS_47 | mAP50:90: 99.3360 | AP50: 100.0000 | AP70: 100.0000 
UAV_SEQS_55 | mAP50:90: 27.8362 | AP50: 47.0483 | AP70: 30.0201 
UAV_SEQS_59 | mAP50:90: 51.2706 | AP50: 89.1485 | AP70: 50.1980 
UAV_SEQS_6 | mAP50:90: 50.3860 | AP50: 61.2839 | AP70: 53.8384 
UAV_SEQS_63 | mAP50:90: 12.2737 | AP50: 48.7315 | AP70: 2.6380 
UAV_SEQS_65 | mAP50:90: 78.0270 | AP50: 92.6395 | AP70: 88.7672 
UAV_SEQS_7 | mAP50:90: 90.6187 | AP50: 100.0000 | AP70: 97.8612 
UAV_SEQS_71 | mAP50:90: 39.2359 | AP50: 55.2515 | AP70: 44.4152 
UAV_SEQS_73 | mAP50:90: 56.8003 | AP50: 75.5982 | AP70: 65.6160 
UAV_SEQS_74 | mAP50:90: 99.5976 | AP50: 100.0000 | AP70: 100.0000 
UAV_SEQS_77 | mAP50:90: 3.6304 | AP50: 3.9604 | AP70: 3.9604 
UAV_SEQS_8 | mAP50:90: 73.4752 | AP50: 100.0000 | AP70: 69.1480 
Overall            | mAP50:95: 60.7567 | AP50: 77.3627 | AP70: 62.7795 
epoch 13, iter    1: loss: 0.0025 | load time: 0.0078 | back time: 0.4587 | lr: 0.00009529 | best AP50 acc: 0.7480 | best AP70 acc: 0.6436 | best mAP acc: 0.6199 | best mAR acc: 0.6613 | best Score: 0.6199 | best Score epoch: 11 
epoch 13, iter   51: loss: 0.0023 | load time: 0.0002 | back time: 0.8069 | lr: 0.00009523 | best AP50 acc: 0.7480 | best AP70 acc: 0.6436 | best mAP acc: 0.6199 | best mAR acc: 0.6613 | best Score: 0.6199 | best Score epoch: 11 
epoch 13, iter  101: loss: 0.0030 | load time: 0.0002 | back time: 0.8113 | lr: 0.00009517 | best AP50 acc: 0.7480 | best AP70 acc: 0.6436 | best mAP acc: 0.6199 | best mAR acc: 0.6613 | best Score: 0.6199 | best Score epoch: 11 
epoch 13, iter  151: loss: 0.0022 | load time: 0.0002 | back time: 0.8155 | lr: 0.00009511 | best AP50 acc: 0.7480 | best AP70 acc: 0.6436 | best mAP acc: 0.6199 | best mAR acc: 0.6613 | best Score: 0.6199 | best Score epoch: 11 
epoch 13, iter  201: loss: 0.0031 | load time: 0.0001 | back time: 0.8151 | lr: 0.00009506 | best AP50 acc: 0.7480 | best AP70 acc: 0.6436 | best mAP acc: 0.6199 | best mAR acc: 0.6613 | best Score: 0.6199 | best Score epoch: 11 
epoch 13, iter  251: loss: 0.0024 | load time: 0.0003 | back time: 0.8175 | lr: 0.00009500 | best AP50 acc: 0.7480 | best AP70 acc: 0.6436 | best mAP acc: 0.6199 | best mAR acc: 0.6613 | best Score: 0.6199 | best Score epoch: 11 
epoch 13, iter  301: loss: 0.0023 | load time: 0.0003 | back time: 0.8166 | lr: 0.00009494 | best AP50 acc: 0.7480 | best AP70 acc: 0.6436 | best mAP acc: 0.6199 | best mAR acc: 0.6613 | best Score: 0.6199 | best Score epoch: 11 
epoch 13, iter  351: loss: 0.0026 | load time: 0.0002 | back time: 0.8163 | lr: 0.00009488 | best AP50 acc: 0.7480 | best AP70 acc: 0.6436 | best mAP acc: 0.6199 | best mAR acc: 0.6613 | best Score: 0.6199 | best Score epoch: 11 
epoch 13, iter  401: loss: 0.0023 | load time: 0.0001 | back time: 0.8160 | lr: 0.00009482 | best AP50 acc: 0.7480 | best AP70 acc: 0.6436 | best mAP acc: 0.6199 | best mAR acc: 0.6613 | best Score: 0.6199 | best Score epoch: 11 
epoch 13, iter  451: loss: 0.0023 | load time: 0.0004 | back time: 0.8190 | lr: 0.00009476 | best AP50 acc: 0.7480 | best AP70 acc: 0.6436 | best mAP acc: 0.6199 | best mAR acc: 0.6613 | best Score: 0.6199 | best Score epoch: 11 
epoch 13, iter  501: loss: 0.0022 | load time: 0.0003 | back time: 0.8171 | lr: 0.00009470 | best AP50 acc: 0.7480 | best AP70 acc: 0.6436 | best mAP acc: 0.6199 | best mAR acc: 0.6613 | best Score: 0.6199 | best Score epoch: 11 
epoch 13, iter  551: loss: 0.0022 | load time: 0.0002 | back time: 0.8160 | lr: 0.00009464 | best AP50 acc: 0.7480 | best AP70 acc: 0.6436 | best mAP acc: 0.6199 | best mAR acc: 0.6613 | best Score: 0.6199 | best Score epoch: 11 
epoch 13, iter  601: loss: 0.0023 | load time: 0.0002 | back time: 0.8160 | lr: 0.00009457 | best AP50 acc: 0.7480 | best AP70 acc: 0.6436 | best mAP acc: 0.6199 | best mAR acc: 0.6613 | best Score: 0.6199 | best Score epoch: 11 
epoch 13, iter  651: loss: 0.0025 | load time: 0.0002 | back time: 0.8165 | lr: 0.00009451 | best AP50 acc: 0.7480 | best AP70 acc: 0.6436 | best mAP acc: 0.6199 | best mAR acc: 0.6613 | best Score: 0.6199 | best Score epoch: 11 
epoch 13, iter  701: loss: 0.0023 | load time: 0.0002 | back time: 0.8141 | lr: 0.00009445 | best AP50 acc: 0.7480 | best AP70 acc: 0.6436 | best mAP acc: 0.6199 | best mAR acc: 0.6613 | best Score: 0.6199 | best Score epoch: 11 
epoch 13, iter  751: loss: 0.0021 | load time: 0.0002 | back time: 0.8160 | lr: 0.00009439 | best AP50 acc: 0.7480 | best AP70 acc: 0.6436 | best mAP acc: 0.6199 | best mAR acc: 0.6613 | best Score: 0.6199 | best Score epoch: 11 
epoch 13, iter  801: loss: 0.0022 | load time: 0.0003 | back time: 0.8129 | lr: 0.00009433 | best AP50 acc: 0.7480 | best AP70 acc: 0.6436 | best mAP acc: 0.6199 | best mAR acc: 0.6613 | best Score: 0.6199 | best Score epoch: 11 
epoch 13, iter  851: loss: 0.0027 | load time: 0.0003 | back time: 0.8146 | lr: 0.00009426 | best AP50 acc: 0.7480 | best AP70 acc: 0.6436 | best mAP acc: 0.6199 | best mAR acc: 0.6613 | best Score: 0.6199 | best Score epoch: 11 
epoch 13, iter  901: loss: 0.0026 | load time: 0.0003 | back time: 0.8171 | lr: 0.00009420 | best AP50 acc: 0.7480 | best AP70 acc: 0.6436 | best mAP acc: 0.6199 | best mAR acc: 0.6613 | best Score: 0.6199 | best Score epoch: 11 
epoch 13, iter  951: loss: 0.0031 | load time: 0.0002 | back time: 0.8149 | lr: 0.00009414 | best AP50 acc: 0.7480 | best AP70 acc: 0.6436 | best mAP acc: 0.6199 | best mAR acc: 0.6613 | best Score: 0.6199 | best Score epoch: 11 
epoch 13, iter 1001: loss: 0.0028 | load time: 0.0002 | back time: 0.8159 | lr: 0.00009407 | best AP50 acc: 0.7480 | best AP70 acc: 0.6436 | best mAP acc: 0.6199 | best mAR acc: 0.6613 | best Score: 0.6199 | best Score epoch: 11 
epoch 13, iter 1051: loss: 0.0022 | load time: 0.0002 | back time: 0.8158 | lr: 0.00009401 | best AP50 acc: 0.7480 | best AP70 acc: 0.6436 | best mAP acc: 0.6199 | best mAR acc: 0.6613 | best Score: 0.6199 | best Score epoch: 11 
epoch 13, iter 1101: loss: 0.0025 | load time: 0.0002 | back time: 0.8150 | lr: 0.00009394 | best AP50 acc: 0.7480 | best AP70 acc: 0.6436 | best mAP acc: 0.6199 | best mAR acc: 0.6613 | best Score: 0.6199 | best Score epoch: 11 
epoch 13, iter 1151: loss: 0.0029 | load time: 0.0001 | back time: 0.8208 | lr: 0.00009388 | best AP50 acc: 0.7480 | best AP70 acc: 0.6436 | best mAP acc: 0.6199 | best mAR acc: 0.6613 | best Score: 0.6199 | best Score epoch: 11 
UAV_SEQS_2 | mAP50:90: 13.7086 | AP50: 27.0985 | AP70: 12.9498 
UAV_SEQS_37 | mAP50:90: 90.5050 | AP50: 100.0000 | AP70: 96.0789 
UAV_SEQS_45 | mAP50:90: 93.3811 | AP50: 100.0000 | AP70: 100.0000 
UAV_SEQS_47 | mAP50:90: 96.1268 | AP50: 100.0000 | AP70: 100.0000 
UAV_SEQS_55 | mAP50:90: 27.0064 | AP50: 44.8890 | AP70: 24.5046 
UAV_SEQS_59 | mAP50:90: 71.3234 | AP50: 91.0159 | AP70: 87.1320 
UAV_SEQS_6 | mAP50:90: 42.5165 | AP50: 55.9160 | AP70: 43.3923 
UAV_SEQS_63 | mAP50:90: 5.6986 | AP50: 14.2440 | AP70: 2.9089 
UAV_SEQS_65 | mAP50:90: 77.6679 | AP50: 93.3627 | AP70: 88.8087 
UAV_SEQS_7 | mAP50:90: 93.4607 | AP50: 100.0000 | AP70: 100.0000 
UAV_SEQS_71 | mAP50:90: 42.0683 | AP50: 50.1256 | AP70: 45.1880 
UAV_SEQS_73 | mAP50:90: 50.1420 | AP50: 66.6780 | AP70: 54.6743 
UAV_SEQS_74 | mAP50:90: 98.5158 | AP50: 100.0000 | AP70: 100.0000 
UAV_SEQS_77 | mAP50:90: 0.0000 | AP50: 0.0000 | AP70: 0.0000 
UAV_SEQS_8 | mAP50:90: 55.1810 | AP50: 84.5479 | AP70: 53.4862 
Overall            | mAP50:95: 57.8765 | AP50: 69.6692 | AP70: 61.3713 
epoch 14, iter    1: loss: 0.0024 | load time: 0.0037 | back time: 0.3751 | lr: 0.00009388 | best AP50 acc: 0.7480 | best AP70 acc: 0.6436 | best mAP acc: 0.6199 | best mAR acc: 0.6613 | best Score: 0.6199 | best Score epoch: 11 
epoch 14, iter   51: loss: 0.0023 | load time: 0.0003 | back time: 0.8111 | lr: 0.00009381 | best AP50 acc: 0.7480 | best AP70 acc: 0.6436 | best mAP acc: 0.6199 | best mAR acc: 0.6613 | best Score: 0.6199 | best Score epoch: 11 
epoch 14, iter  101: loss: 0.0023 | load time: 0.0001 | back time: 0.8150 | lr: 0.00009375 | best AP50 acc: 0.7480 | best AP70 acc: 0.6436 | best mAP acc: 0.6199 | best mAR acc: 0.6613 | best Score: 0.6199 | best Score epoch: 11 
epoch 14, iter  151: loss: 0.0021 | load time: 0.0002 | back time: 0.8163 | lr: 0.00009368 | best AP50 acc: 0.7480 | best AP70 acc: 0.6436 | best mAP acc: 0.6199 | best mAR acc: 0.6613 | best Score: 0.6199 | best Score epoch: 11 
epoch 14, iter  201: loss: 0.0021 | load time: 0.0002 | back time: 0.8193 | lr: 0.00009361 | best AP50 acc: 0.7480 | best AP70 acc: 0.6436 | best mAP acc: 0.6199 | best mAR acc: 0.6613 | best Score: 0.6199 | best Score epoch: 11 
epoch 14, iter  251: loss: 0.0029 | load time: 0.0002 | back time: 0.8196 | lr: 0.00009355 | best AP50 acc: 0.7480 | best AP70 acc: 0.6436 | best mAP acc: 0.6199 | best mAR acc: 0.6613 | best Score: 0.6199 | best Score epoch: 11 
epoch 14, iter  301: loss: 0.0026 | load time: 0.0001 | back time: 0.8173 | lr: 0.00009348 | best AP50 acc: 0.7480 | best AP70 acc: 0.6436 | best mAP acc: 0.6199 | best mAR acc: 0.6613 | best Score: 0.6199 | best Score epoch: 11 
epoch 14, iter  351: loss: 0.0026 | load time: 0.0002 | back time: 0.8154 | lr: 0.00009341 | best AP50 acc: 0.7480 | best AP70 acc: 0.6436 | best mAP acc: 0.6199 | best mAR acc: 0.6613 | best Score: 0.6199 | best Score epoch: 11 
epoch 14, iter  401: loss: 0.0021 | load time: 0.0002 | back time: 0.8164 | lr: 0.00009335 | best AP50 acc: 0.7480 | best AP70 acc: 0.6436 | best mAP acc: 0.6199 | best mAR acc: 0.6613 | best Score: 0.6199 | best Score epoch: 11 
epoch 14, iter  451: loss: 0.0023 | load time: 0.0002 | back time: 0.8156 | lr: 0.00009328 | best AP50 acc: 0.7480 | best AP70 acc: 0.6436 | best mAP acc: 0.6199 | best mAR acc: 0.6613 | best Score: 0.6199 | best Score epoch: 11 
epoch 14, iter  501: loss: 0.0028 | load time: 0.0002 | back time: 0.8151 | lr: 0.00009321 | best AP50 acc: 0.7480 | best AP70 acc: 0.6436 | best mAP acc: 0.6199 | best mAR acc: 0.6613 | best Score: 0.6199 | best Score epoch: 11 
epoch 14, iter  551: loss: 0.0023 | load time: 0.0002 | back time: 0.8150 | lr: 0.00009314 | best AP50 acc: 0.7480 | best AP70 acc: 0.6436 | best mAP acc: 0.6199 | best mAR acc: 0.6613 | best Score: 0.6199 | best Score epoch: 11 
epoch 14, iter  601: loss: 0.0025 | load time: 0.0002 | back time: 0.8207 | lr: 0.00009307 | best AP50 acc: 0.7480 | best AP70 acc: 0.6436 | best mAP acc: 0.6199 | best mAR acc: 0.6613 | best Score: 0.6199 | best Score epoch: 11 
epoch 14, iter  651: loss: 0.0022 | load time: 0.0003 | back time: 0.8175 | lr: 0.00009300 | best AP50 acc: 0.7480 | best AP70 acc: 0.6436 | best mAP acc: 0.6199 | best mAR acc: 0.6613 | best Score: 0.6199 | best Score epoch: 11 
epoch 14, iter  701: loss: 0.0028 | load time: 0.0002 | back time: 0.8148 | lr: 0.00009293 | best AP50 acc: 0.7480 | best AP70 acc: 0.6436 | best mAP acc: 0.6199 | best mAR acc: 0.6613 | best Score: 0.6199 | best Score epoch: 11 
epoch 14, iter  751: loss: 0.0022 | load time: 0.0003 | back time: 0.8145 | lr: 0.00009286 | best AP50 acc: 0.7480 | best AP70 acc: 0.6436 | best mAP acc: 0.6199 | best mAR acc: 0.6613 | best Score: 0.6199 | best Score epoch: 11 
epoch 14, iter  801: loss: 0.0023 | load time: 0.0002 | back time: 0.8155 | lr: 0.00009279 | best AP50 acc: 0.7480 | best AP70 acc: 0.6436 | best mAP acc: 0.6199 | best mAR acc: 0.6613 | best Score: 0.6199 | best Score epoch: 11 
epoch 14, iter  851: loss: 0.0023 | load time: 0.0002 | back time: 0.8139 | lr: 0.00009272 | best AP50 acc: 0.7480 | best AP70 acc: 0.6436 | best mAP acc: 0.6199 | best mAR acc: 0.6613 | best Score: 0.6199 | best Score epoch: 11 
epoch 14, iter  901: loss: 0.0025 | load time: 0.0002 | back time: 0.8164 | lr: 0.00009265 | best AP50 acc: 0.7480 | best AP70 acc: 0.6436 | best mAP acc: 0.6199 | best mAR acc: 0.6613 | best Score: 0.6199 | best Score epoch: 11 
epoch 14, iter  951: loss: 0.0024 | load time: 0.0002 | back time: 0.8146 | lr: 0.00009258 | best AP50 acc: 0.7480 | best AP70 acc: 0.6436 | best mAP acc: 0.6199 | best mAR acc: 0.6613 | best Score: 0.6199 | best Score epoch: 11 
epoch 14, iter 1001: loss: 0.0033 | load time: 0.0001 | back time: 0.8158 | lr: 0.00009251 | best AP50 acc: 0.7480 | best AP70 acc: 0.6436 | best mAP acc: 0.6199 | best mAR acc: 0.6613 | best Score: 0.6199 | best Score epoch: 11 
epoch 14, iter 1051: loss: 0.0021 | load time: 0.0002 | back time: 0.8168 | lr: 0.00009244 | best AP50 acc: 0.7480 | best AP70 acc: 0.6436 | best mAP acc: 0.6199 | best mAR acc: 0.6613 | best Score: 0.6199 | best Score epoch: 11 
epoch 14, iter 1101: loss: 0.0025 | load time: 0.0002 | back time: 0.8145 | lr: 0.00009237 | best AP50 acc: 0.7480 | best AP70 acc: 0.6436 | best mAP acc: 0.6199 | best mAR acc: 0.6613 | best Score: 0.6199 | best Score epoch: 11 
epoch 14, iter 1151: loss: 0.0022 | load time: 0.0006 | back time: 0.8051 | lr: 0.00009230 | best AP50 acc: 0.7480 | best AP70 acc: 0.6436 | best mAP acc: 0.6199 | best mAR acc: 0.6613 | best Score: 0.6199 | best Score epoch: 11 
UAV_SEQS_2 | mAP50:90: 8.2094 | AP50: 16.6733 | AP70: 6.2711 
UAV_SEQS_37 | mAP50:90: 66.7131 | AP50: 88.0967 | AP70: 69.2515 
UAV_SEQS_45 | mAP50:90: 85.0103 | AP50: 93.0693 | AP70: 93.0693 
UAV_SEQS_47 | mAP50:90: 79.0772 | AP50: 84.1584 | AP70: 82.9798 
UAV_SEQS_55 | mAP50:90: 19.1838 | AP50: 27.7228 | AP70: 21.1777 
UAV_SEQS_59 | mAP50:90: 66.5947 | AP50: 72.2772 | AP70: 70.1741 
UAV_SEQS_6 | mAP50:90: 24.8593 | AP50: 26.5384 | AP70: 26.5384 
UAV_SEQS_63 | mAP50:90: 0.8709 | AP50: 2.5578 | AP70: 0.9901 
UAV_SEQS_65 | mAP50:90: 59.1044 | AP50: 64.3564 | AP70: 64.3156 
UAV_SEQS_7 | mAP50:90: 48.5008 | AP50: 68.3168 | AP70: 66.2189 
UAV_SEQS_71 | mAP50:90: 25.7326 | AP50: 30.4110 | AP70: 28.0874 
UAV_SEQS_73 | mAP50:90: 29.1931 | AP50: 35.8025 | AP70: 30.7500 
UAV_SEQS_74 | mAP50:90: 100.0000 | AP50: 100.0000 | AP70: 100.0000 
UAV_SEQS_77 | mAP50:90: 1.5127 | AP50: 3.6304 | AP70: 1.8977 
UAV_SEQS_8 | mAP50:90: 33.0707 | AP50: 36.6337 | AP70: 32.5635 
Overall            | mAP50:95: 43.2736 | AP50: 50.1280 | AP70: 46.0177 
epoch 15, iter    1: loss: 0.0021 | load time: 0.0031 | back time: 0.4676 | lr: 0.00009229 | best AP50 acc: 0.7480 | best AP70 acc: 0.6436 | best mAP acc: 0.6199 | best mAR acc: 0.6613 | best Score: 0.6199 | best Score epoch: 11 
epoch 15, iter   51: loss: 0.0026 | load time: 0.0002 | back time: 0.8064 | lr: 0.00009222 | best AP50 acc: 0.7480 | best AP70 acc: 0.6436 | best mAP acc: 0.6199 | best mAR acc: 0.6613 | best Score: 0.6199 | best Score epoch: 11 
epoch 15, iter  101: loss: 0.0026 | load time: 0.0001 | back time: 0.8119 | lr: 0.00009215 | best AP50 acc: 0.7480 | best AP70 acc: 0.6436 | best mAP acc: 0.6199 | best mAR acc: 0.6613 | best Score: 0.6199 | best Score epoch: 11 
epoch 15, iter  151: loss: 0.0021 | load time: 0.0001 | back time: 0.8154 | lr: 0.00009207 | best AP50 acc: 0.7480 | best AP70 acc: 0.6436 | best mAP acc: 0.6199 | best mAR acc: 0.6613 | best Score: 0.6199 | best Score epoch: 11 
epoch 15, iter  201: loss: 0.0022 | load time: 0.0003 | back time: 0.8170 | lr: 0.00009200 | best AP50 acc: 0.7480 | best AP70 acc: 0.6436 | best mAP acc: 0.6199 | best mAR acc: 0.6613 | best Score: 0.6199 | best Score epoch: 11 
epoch 15, iter  251: loss: 0.0022 | load time: 0.0002 | back time: 0.8170 | lr: 0.00009193 | best AP50 acc: 0.7480 | best AP70 acc: 0.6436 | best mAP acc: 0.6199 | best mAR acc: 0.6613 | best Score: 0.6199 | best Score epoch: 11 
epoch 15, iter  301: loss: 0.0023 | load time: 0.0001 | back time: 0.8163 | lr: 0.00009185 | best AP50 acc: 0.7480 | best AP70 acc: 0.6436 | best mAP acc: 0.6199 | best mAR acc: 0.6613 | best Score: 0.6199 | best Score epoch: 11 
epoch 15, iter  351: loss: 0.0023 | load time: 0.0002 | back time: 0.8151 | lr: 0.00009178 | best AP50 acc: 0.7480 | best AP70 acc: 0.6436 | best mAP acc: 0.6199 | best mAR acc: 0.6613 | best Score: 0.6199 | best Score epoch: 11 
epoch 15, iter  401: loss: 0.0027 | load time: 0.0002 | back time: 0.8158 | lr: 0.00009170 | best AP50 acc: 0.7480 | best AP70 acc: 0.6436 | best mAP acc: 0.6199 | best mAR acc: 0.6613 | best Score: 0.6199 | best Score epoch: 11 
epoch 15, iter  451: loss: 0.0020 | load time: 0.0002 | back time: 0.8153 | lr: 0.00009163 | best AP50 acc: 0.7480 | best AP70 acc: 0.6436 | best mAP acc: 0.6199 | best mAR acc: 0.6613 | best Score: 0.6199 | best Score epoch: 11 
epoch 15, iter  501: loss: 0.0027 | load time: 0.0002 | back time: 0.8164 | lr: 0.00009155 | best AP50 acc: 0.7480 | best AP70 acc: 0.6436 | best mAP acc: 0.6199 | best mAR acc: 0.6613 | best Score: 0.6199 | best Score epoch: 11 
epoch 15, iter  551: loss: 0.0023 | load time: 0.0002 | back time: 0.8159 | lr: 0.00009148 | best AP50 acc: 0.7480 | best AP70 acc: 0.6436 | best mAP acc: 0.6199 | best mAR acc: 0.6613 | best Score: 0.6199 | best Score epoch: 11 
epoch 15, iter  601: loss: 0.0021 | load time: 0.0002 | back time: 0.8161 | lr: 0.00009140 | best AP50 acc: 0.7480 | best AP70 acc: 0.6436 | best mAP acc: 0.6199 | best mAR acc: 0.6613 | best Score: 0.6199 | best Score epoch: 11 
epoch 15, iter  651: loss: 0.0024 | load time: 0.0001 | back time: 0.8168 | lr: 0.00009133 | best AP50 acc: 0.7480 | best AP70 acc: 0.6436 | best mAP acc: 0.6199 | best mAR acc: 0.6613 | best Score: 0.6199 | best Score epoch: 11 
epoch 15, iter  701: loss: 0.0042 | load time: 0.0002 | back time: 0.8169 | lr: 0.00009125 | best AP50 acc: 0.7480 | best AP70 acc: 0.6436 | best mAP acc: 0.6199 | best mAR acc: 0.6613 | best Score: 0.6199 | best Score epoch: 11 
epoch 15, iter  751: loss: 0.0027 | load time: 0.0002 | back time: 0.8171 | lr: 0.00009117 | best AP50 acc: 0.7480 | best AP70 acc: 0.6436 | best mAP acc: 0.6199 | best mAR acc: 0.6613 | best Score: 0.6199 | best Score epoch: 11 
epoch 15, iter  801: loss: 0.0026 | load time: 0.0002 | back time: 0.8273 | lr: 0.00009110 | best AP50 acc: 0.7480 | best AP70 acc: 0.6436 | best mAP acc: 0.6199 | best mAR acc: 0.6613 | best Score: 0.6199 | best Score epoch: 11 
epoch 15, iter  851: loss: 0.0027 | load time: 0.0002 | back time: 0.8195 | lr: 0.00009102 | best AP50 acc: 0.7480 | best AP70 acc: 0.6436 | best mAP acc: 0.6199 | best mAR acc: 0.6613 | best Score: 0.6199 | best Score epoch: 11 
epoch 15, iter  901: loss: 0.0022 | load time: 0.0002 | back time: 0.8171 | lr: 0.00009094 | best AP50 acc: 0.7480 | best AP70 acc: 0.6436 | best mAP acc: 0.6199 | best mAR acc: 0.6613 | best Score: 0.6199 | best Score epoch: 11 
epoch 15, iter  951: loss: 0.0021 | load time: 0.0003 | back time: 0.8162 | lr: 0.00009086 | best AP50 acc: 0.7480 | best AP70 acc: 0.6436 | best mAP acc: 0.6199 | best mAR acc: 0.6613 | best Score: 0.6199 | best Score epoch: 11 
epoch 15, iter 1001: loss: 0.0024 | load time: 0.0001 | back time: 0.8173 | lr: 0.00009078 | best AP50 acc: 0.7480 | best AP70 acc: 0.6436 | best mAP acc: 0.6199 | best mAR acc: 0.6613 | best Score: 0.6199 | best Score epoch: 11 
epoch 15, iter 1051: loss: 0.0026 | load time: 0.0002 | back time: 0.8167 | lr: 0.00009071 | best AP50 acc: 0.7480 | best AP70 acc: 0.6436 | best mAP acc: 0.6199 | best mAR acc: 0.6613 | best Score: 0.6199 | best Score epoch: 11 
epoch 15, iter 1101: loss: 0.0022 | load time: 0.0002 | back time: 0.8168 | lr: 0.00009063 | best AP50 acc: 0.7480 | best AP70 acc: 0.6436 | best mAP acc: 0.6199 | best mAR acc: 0.6613 | best Score: 0.6199 | best Score epoch: 11 
epoch 15, iter 1151: loss: 0.0026 | load time: 0.0001 | back time: 0.8169 | lr: 0.00009055 | best AP50 acc: 0.7480 | best AP70 acc: 0.6436 | best mAP acc: 0.6199 | best mAR acc: 0.6613 | best Score: 0.6199 | best Score epoch: 11 
UAV_SEQS_2 | mAP50:90: 37.4576 | AP50: 63.7169 | AP70: 37.6989 
UAV_SEQS_37 | mAP50:90: 91.6631 | AP50: 100.0000 | AP70: 96.1188 
UAV_SEQS_45 | mAP50:90: 94.5705 | AP50: 100.0000 | AP70: 98.9736 
UAV_SEQS_47 | mAP50:90: 93.8991 | AP50: 100.0000 | AP70: 100.0000 
UAV_SEQS_55 | mAP50:90: 41.8549 | AP50: 61.7719 | AP70: 46.9714 
UAV_SEQS_59 | mAP50:90: 71.3601 | AP50: 98.4422 | AP70: 81.0633 
UAV_SEQS_6 | mAP50:90: 47.5774 | AP50: 61.3838 | AP70: 49.0315 
UAV_SEQS_63 | mAP50:90: 12.3831 | AP50: 48.8981 | AP70: 3.3861 
UAV_SEQS_65 | mAP50:90: 73.5954 | AP50: 93.4502 | AP70: 88.0795 
UAV_SEQS_7 | mAP50:90: 94.6701 | AP50: 100.0000 | AP70: 100.0000 
UAV_SEQS_71 | mAP50:90: 48.0751 | AP50: 61.2712 | AP70: 52.8225 
UAV_SEQS_73 | mAP50:90: 52.8837 | AP50: 75.8726 | AP70: 59.2129 
UAV_SEQS_74 | mAP50:90: 100.0000 | AP50: 100.0000 | AP70: 100.0000 
UAV_SEQS_77 | mAP50:90: 27.5969 | AP50: 31.6832 | AP70: 31.6832 
UAV_SEQS_8 | mAP50:90: 86.6386 | AP50: 100.0000 | AP70: 88.2329 
Overall            | mAP50:95: 64.6857 | AP50: 80.9089 | AP70: 68.1124 
epoch 16, iter    1: loss: 0.0025 | load time: 0.0057 | back time: 0.3750 | lr: 0.00009054 | best AP50 acc: 0.8091 | best AP70 acc: 0.6811 | best mAP acc: 0.6469 | best mAR acc: 0.7094 | best Score: 0.6469 | best Score epoch: 15 
epoch 16, iter   51: loss: 0.0024 | load time: 0.0002 | back time: 0.8076 | lr: 0.00009047 | best AP50 acc: 0.8091 | best AP70 acc: 0.6811 | best mAP acc: 0.6469 | best mAR acc: 0.7094 | best Score: 0.6469 | best Score epoch: 15 
epoch 16, iter  101: loss: 0.0025 | load time: 0.0002 | back time: 0.8150 | lr: 0.00009039 | best AP50 acc: 0.8091 | best AP70 acc: 0.6811 | best mAP acc: 0.6469 | best mAR acc: 0.7094 | best Score: 0.6469 | best Score epoch: 15 
epoch 16, iter  151: loss: 0.0021 | load time: 0.0002 | back time: 0.8160 | lr: 0.00009031 | best AP50 acc: 0.8091 | best AP70 acc: 0.6811 | best mAP acc: 0.6469 | best mAR acc: 0.7094 | best Score: 0.6469 | best Score epoch: 15 
epoch 16, iter  201: loss: 0.0023 | load time: 0.0002 | back time: 0.8170 | lr: 0.00009022 | best AP50 acc: 0.8091 | best AP70 acc: 0.6811 | best mAP acc: 0.6469 | best mAR acc: 0.7094 | best Score: 0.6469 | best Score epoch: 15 
epoch 16, iter  251: loss: 0.0025 | load time: 0.0002 | back time: 0.8160 | lr: 0.00009014 | best AP50 acc: 0.8091 | best AP70 acc: 0.6811 | best mAP acc: 0.6469 | best mAR acc: 0.7094 | best Score: 0.6469 | best Score epoch: 15 
epoch 16, iter  301: loss: 0.0024 | load time: 0.0001 | back time: 0.8165 | lr: 0.00009006 | best AP50 acc: 0.8091 | best AP70 acc: 0.6811 | best mAP acc: 0.6469 | best mAR acc: 0.7094 | best Score: 0.6469 | best Score epoch: 15 
epoch 16, iter  351: loss: 0.0025 | load time: 0.0002 | back time: 0.8172 | lr: 0.00008998 | best AP50 acc: 0.8091 | best AP70 acc: 0.6811 | best mAP acc: 0.6469 | best mAR acc: 0.7094 | best Score: 0.6469 | best Score epoch: 15 
epoch 16, iter  401: loss: 0.0023 | load time: 0.0002 | back time: 0.8174 | lr: 0.00008990 | best AP50 acc: 0.8091 | best AP70 acc: 0.6811 | best mAP acc: 0.6469 | best mAR acc: 0.7094 | best Score: 0.6469 | best Score epoch: 15 
epoch 16, iter  451: loss: 0.0033 | load time: 0.0001 | back time: 0.8181 | lr: 0.00008982 | best AP50 acc: 0.8091 | best AP70 acc: 0.6811 | best mAP acc: 0.6469 | best mAR acc: 0.7094 | best Score: 0.6469 | best Score epoch: 15 
epoch 16, iter  501: loss: 0.0029 | load time: 0.0002 | back time: 0.8153 | lr: 0.00008974 | best AP50 acc: 0.8091 | best AP70 acc: 0.6811 | best mAP acc: 0.6469 | best mAR acc: 0.7094 | best Score: 0.6469 | best Score epoch: 15 
epoch 16, iter  551: loss: 0.0028 | load time: 0.0002 | back time: 0.8152 | lr: 0.00008965 | best AP50 acc: 0.8091 | best AP70 acc: 0.6811 | best mAP acc: 0.6469 | best mAR acc: 0.7094 | best Score: 0.6469 | best Score epoch: 15 
epoch 16, iter  601: loss: 0.0024 | load time: 0.0001 | back time: 0.8171 | lr: 0.00008957 | best AP50 acc: 0.8091 | best AP70 acc: 0.6811 | best mAP acc: 0.6469 | best mAR acc: 0.7094 | best Score: 0.6469 | best Score epoch: 15 
epoch 16, iter  651: loss: 0.0030 | load time: 0.0002 | back time: 0.8171 | lr: 0.00008949 | best AP50 acc: 0.8091 | best AP70 acc: 0.6811 | best mAP acc: 0.6469 | best mAR acc: 0.7094 | best Score: 0.6469 | best Score epoch: 15 
epoch 16, iter  701: loss: 0.0021 | load time: 0.0003 | back time: 0.8154 | lr: 0.00008940 | best AP50 acc: 0.8091 | best AP70 acc: 0.6811 | best mAP acc: 0.6469 | best mAR acc: 0.7094 | best Score: 0.6469 | best Score epoch: 15 
epoch 16, iter  751: loss: 0.0024 | load time: 0.0002 | back time: 0.8163 | lr: 0.00008932 | best AP50 acc: 0.8091 | best AP70 acc: 0.6811 | best mAP acc: 0.6469 | best mAR acc: 0.7094 | best Score: 0.6469 | best Score epoch: 15 
epoch 16, iter  801: loss: 0.0024 | load time: 0.0002 | back time: 0.8163 | lr: 0.00008924 | best AP50 acc: 0.8091 | best AP70 acc: 0.6811 | best mAP acc: 0.6469 | best mAR acc: 0.7094 | best Score: 0.6469 | best Score epoch: 15 
epoch 16, iter  851: loss: 0.0023 | load time: 0.0002 | back time: 0.8164 | lr: 0.00008915 | best AP50 acc: 0.8091 | best AP70 acc: 0.6811 | best mAP acc: 0.6469 | best mAR acc: 0.7094 | best Score: 0.6469 | best Score epoch: 15 
epoch 16, iter  901: loss: 0.0022 | load time: 0.0003 | back time: 0.8204 | lr: 0.00008907 | best AP50 acc: 0.8091 | best AP70 acc: 0.6811 | best mAP acc: 0.6469 | best mAR acc: 0.7094 | best Score: 0.6469 | best Score epoch: 15 
epoch 16, iter  951: loss: 0.0023 | load time: 0.0002 | back time: 0.8328 | lr: 0.00008898 | best AP50 acc: 0.8091 | best AP70 acc: 0.6811 | best mAP acc: 0.6469 | best mAR acc: 0.7094 | best Score: 0.6469 | best Score epoch: 15 
epoch 16, iter 1001: loss: 0.0023 | load time: 0.0002 | back time: 0.8152 | lr: 0.00008890 | best AP50 acc: 0.8091 | best AP70 acc: 0.6811 | best mAP acc: 0.6469 | best mAR acc: 0.7094 | best Score: 0.6469 | best Score epoch: 15 
epoch 16, iter 1051: loss: 0.0024 | load time: 0.0002 | back time: 0.8167 | lr: 0.00008881 | best AP50 acc: 0.8091 | best AP70 acc: 0.6811 | best mAP acc: 0.6469 | best mAR acc: 0.7094 | best Score: 0.6469 | best Score epoch: 15 
epoch 16, iter 1101: loss: 0.0023 | load time: 0.0002 | back time: 0.8172 | lr: 0.00008873 | best AP50 acc: 0.8091 | best AP70 acc: 0.6811 | best mAP acc: 0.6469 | best mAR acc: 0.7094 | best Score: 0.6469 | best Score epoch: 15 
epoch 16, iter 1151: loss: 0.0024 | load time: 0.0002 | back time: 0.8167 | lr: 0.00008864 | best AP50 acc: 0.8091 | best AP70 acc: 0.6811 | best mAP acc: 0.6469 | best mAR acc: 0.7094 | best Score: 0.6469 | best Score epoch: 15 
UAV_SEQS_2 | mAP50:90: 47.8401 | AP50: 74.6183 | AP70: 45.9408 
UAV_SEQS_37 | mAP50:90: 80.2620 | AP50: 100.0000 | AP70: 89.1099 
UAV_SEQS_45 | mAP50:90: 93.8897 | AP50: 100.0000 | AP70: 98.8211 
UAV_SEQS_47 | mAP50:90: 99.1833 | AP50: 100.0000 | AP70: 100.0000 
UAV_SEQS_55 | mAP50:90: 40.5192 | AP50: 66.5447 | AP70: 39.1761 
UAV_SEQS_59 | mAP50:90: 85.0258 | AP50: 98.7723 | AP70: 93.7188 
UAV_SEQS_6 | mAP50:90: 53.7550 | AP50: 68.4737 | AP70: 59.3702 
UAV_SEQS_63 | mAP50:90: 49.8938 | AP50: 97.5049 | AP70: 51.2393 
UAV_SEQS_65 | mAP50:90: 78.4407 | AP50: 92.0354 | AP70: 89.9669 
UAV_SEQS_7 | mAP50:90: 97.7541 | AP50: 100.0000 | AP70: 100.0000 
UAV_SEQS_71 | mAP50:90: 60.8622 | AP50: 80.4388 | AP70: 64.3419 
UAV_SEQS_73 | mAP50:90: 59.6094 | AP50: 87.5891 | AP70: 69.5787 
UAV_SEQS_74 | mAP50:90: 98.7713 | AP50: 100.0000 | AP70: 100.0000 
UAV_SEQS_77 | mAP50:90: 8.4282 | AP50: 8.4282 | AP70: 8.4282 
UAV_SEQS_8 | mAP50:90: 71.1659 | AP50: 97.9420 | AP70: 70.4108 
Overall            | mAP50:95: 69.8614 | AP50: 85.8149 | AP70: 74.4458 
epoch 17, iter    1: loss: 0.0026 | load time: 0.0041 | back time: 0.3711 | lr: 0.00008864 | best AP50 acc: 0.8581 | best AP70 acc: 0.7445 | best mAP acc: 0.6986 | best mAR acc: 0.7537 | best Score: 0.6986 | best Score epoch: 16 
epoch 17, iter   51: loss: 0.0021 | load time: 0.0001 | back time: 0.8106 | lr: 0.00008855 | best AP50 acc: 0.8581 | best AP70 acc: 0.7445 | best mAP acc: 0.6986 | best mAR acc: 0.7537 | best Score: 0.6986 | best Score epoch: 16 
epoch 17, iter  101: loss: 0.0023 | load time: 0.0002 | back time: 0.8153 | lr: 0.00008847 | best AP50 acc: 0.8581 | best AP70 acc: 0.7445 | best mAP acc: 0.6986 | best mAR acc: 0.7537 | best Score: 0.6986 | best Score epoch: 16 
epoch 17, iter  151: loss: 0.0023 | load time: 0.0002 | back time: 0.8155 | lr: 0.00008838 | best AP50 acc: 0.8581 | best AP70 acc: 0.7445 | best mAP acc: 0.6986 | best mAR acc: 0.7537 | best Score: 0.6986 | best Score epoch: 16 
epoch 17, iter  201: loss: 0.0022 | load time: 0.0003 | back time: 0.8152 | lr: 0.00008829 | best AP50 acc: 0.8581 | best AP70 acc: 0.7445 | best mAP acc: 0.6986 | best mAR acc: 0.7537 | best Score: 0.6986 | best Score epoch: 16 
epoch 17, iter  251: loss: 0.0023 | load time: 0.0001 | back time: 0.8174 | lr: 0.00008820 | best AP50 acc: 0.8581 | best AP70 acc: 0.7445 | best mAP acc: 0.6986 | best mAR acc: 0.7537 | best Score: 0.6986 | best Score epoch: 16 
epoch 17, iter  301: loss: 0.0022 | load time: 0.0002 | back time: 0.8127 | lr: 0.00008812 | best AP50 acc: 0.8581 | best AP70 acc: 0.7445 | best mAP acc: 0.6986 | best mAR acc: 0.7537 | best Score: 0.6986 | best Score epoch: 16 
epoch 17, iter  351: loss: 0.0024 | load time: 0.0002 | back time: 0.8168 | lr: 0.00008803 | best AP50 acc: 0.8581 | best AP70 acc: 0.7445 | best mAP acc: 0.6986 | best mAR acc: 0.7537 | best Score: 0.6986 | best Score epoch: 16 
epoch 17, iter  401: loss: 0.0025 | load time: 0.0002 | back time: 0.8236 | lr: 0.00008794 | best AP50 acc: 0.8581 | best AP70 acc: 0.7445 | best mAP acc: 0.6986 | best mAR acc: 0.7537 | best Score: 0.6986 | best Score epoch: 16 
epoch 17, iter  451: loss: 0.0023 | load time: 0.0002 | back time: 0.8173 | lr: 0.00008785 | best AP50 acc: 0.8581 | best AP70 acc: 0.7445 | best mAP acc: 0.6986 | best mAR acc: 0.7537 | best Score: 0.6986 | best Score epoch: 16 
epoch 17, iter  501: loss: 0.0021 | load time: 0.0003 | back time: 0.8150 | lr: 0.00008776 | best AP50 acc: 0.8581 | best AP70 acc: 0.7445 | best mAP acc: 0.6986 | best mAR acc: 0.7537 | best Score: 0.6986 | best Score epoch: 16 
epoch 17, iter  551: loss: 0.0025 | load time: 0.0002 | back time: 0.8157 | lr: 0.00008768 | best AP50 acc: 0.8581 | best AP70 acc: 0.7445 | best mAP acc: 0.6986 | best mAR acc: 0.7537 | best Score: 0.6986 | best Score epoch: 16 
epoch 17, iter  601: loss: 0.0023 | load time: 0.0001 | back time: 0.8162 | lr: 0.00008759 | best AP50 acc: 0.8581 | best AP70 acc: 0.7445 | best mAP acc: 0.6986 | best mAR acc: 0.7537 | best Score: 0.6986 | best Score epoch: 16 
epoch 17, iter  651: loss: 0.0023 | load time: 0.0001 | back time: 0.8154 | lr: 0.00008750 | best AP50 acc: 0.8581 | best AP70 acc: 0.7445 | best mAP acc: 0.6986 | best mAR acc: 0.7537 | best Score: 0.6986 | best Score epoch: 16 
epoch 17, iter  701: loss: 0.0026 | load time: 0.0002 | back time: 0.8154 | lr: 0.00008741 | best AP50 acc: 0.8581 | best AP70 acc: 0.7445 | best mAP acc: 0.6986 | best mAR acc: 0.7537 | best Score: 0.6986 | best Score epoch: 16 
epoch 17, iter  751: loss: 0.0023 | load time: 0.0002 | back time: 0.8135 | lr: 0.00008732 | best AP50 acc: 0.8581 | best AP70 acc: 0.7445 | best mAP acc: 0.6986 | best mAR acc: 0.7537 | best Score: 0.6986 | best Score epoch: 16 
epoch 17, iter  801: loss: 0.0026 | load time: 0.0002 | back time: 0.8152 | lr: 0.00008723 | best AP50 acc: 0.8581 | best AP70 acc: 0.7445 | best mAP acc: 0.6986 | best mAR acc: 0.7537 | best Score: 0.6986 | best Score epoch: 16 
epoch 17, iter  851: loss: 0.0024 | load time: 0.0002 | back time: 0.8153 | lr: 0.00008714 | best AP50 acc: 0.8581 | best AP70 acc: 0.7445 | best mAP acc: 0.6986 | best mAR acc: 0.7537 | best Score: 0.6986 | best Score epoch: 16 
epoch 17, iter  901: loss: 0.0023 | load time: 0.0002 | back time: 0.8153 | lr: 0.00008704 | best AP50 acc: 0.8581 | best AP70 acc: 0.7445 | best mAP acc: 0.6986 | best mAR acc: 0.7537 | best Score: 0.6986 | best Score epoch: 16 
epoch 17, iter  951: loss: 0.0026 | load time: 0.0004 | back time: 0.8171 | lr: 0.00008695 | best AP50 acc: 0.8581 | best AP70 acc: 0.7445 | best mAP acc: 0.6986 | best mAR acc: 0.7537 | best Score: 0.6986 | best Score epoch: 16 
epoch 17, iter 1001: loss: 0.0023 | load time: 0.0003 | back time: 0.8145 | lr: 0.00008686 | best AP50 acc: 0.8581 | best AP70 acc: 0.7445 | best mAP acc: 0.6986 | best mAR acc: 0.7537 | best Score: 0.6986 | best Score epoch: 16 
epoch 17, iter 1051: loss: 0.0023 | load time: 0.0002 | back time: 0.8151 | lr: 0.00008677 | best AP50 acc: 0.8581 | best AP70 acc: 0.7445 | best mAP acc: 0.6986 | best mAR acc: 0.7537 | best Score: 0.6986 | best Score epoch: 16 
epoch 17, iter 1101: loss: 0.0028 | load time: 0.0002 | back time: 0.8243 | lr: 0.00008668 | best AP50 acc: 0.8581 | best AP70 acc: 0.7445 | best mAP acc: 0.6986 | best mAR acc: 0.7537 | best Score: 0.6986 | best Score epoch: 16 
epoch 17, iter 1151: loss: 0.0021 | load time: 0.0001 | back time: 0.8158 | lr: 0.00008659 | best AP50 acc: 0.8581 | best AP70 acc: 0.7445 | best mAP acc: 0.6986 | best mAR acc: 0.7537 | best Score: 0.6986 | best Score epoch: 16 
UAV_SEQS_2 | mAP50:90: 32.3997 | AP50: 63.4771 | AP70: 27.4298 
UAV_SEQS_37 | mAP50:90: 88.7896 | AP50: 98.8696 | AP70: 93.3688 
UAV_SEQS_45 | mAP50:90: 92.9827 | AP50: 100.0000 | AP70: 99.0033 
UAV_SEQS_47 | mAP50:90: 99.4562 | AP50: 100.0000 | AP70: 100.0000 
UAV_SEQS_55 | mAP50:90: 37.0278 | AP50: 62.5887 | AP70: 41.2375 
UAV_SEQS_59 | mAP50:90: 72.5714 | AP50: 98.5102 | AP70: 81.0439 
UAV_SEQS_6 | mAP50:90: 48.1039 | AP50: 66.2647 | AP70: 50.1373 
UAV_SEQS_63 | mAP50:90: 50.5110 | AP50: 97.3452 | AP70: 50.4913 
UAV_SEQS_65 | mAP50:90: 79.4854 | AP50: 90.6183 | AP70: 90.1842 
UAV_SEQS_7 | mAP50:90: 83.0096 | AP50: 100.0000 | AP70: 100.0000 
UAV_SEQS_71 | mAP50:90: 57.2489 | AP50: 87.7136 | AP70: 58.5797 
UAV_SEQS_73 | mAP50:90: 63.6522 | AP50: 87.9537 | AP70: 72.5489 
UAV_SEQS_74 | mAP50:90: 100.0000 | AP50: 100.0000 | AP70: 100.0000 
UAV_SEQS_77 | mAP50:90: 7.9149 | AP50: 10.8911 | AP70: 9.5050 
UAV_SEQS_8 | mAP50:90: 86.7252 | AP50: 100.0000 | AP70: 94.5151 
Overall            | mAP50:95: 68.8372 | AP50: 85.0002 | AP70: 73.6736 
epoch 18, iter    1: loss: 0.0023 | load time: 0.0058 | back time: 0.3783 | lr: 0.00008658 | best AP50 acc: 0.8581 | best AP70 acc: 0.7445 | best mAP acc: 0.6986 | best mAR acc: 0.7537 | best Score: 0.6986 | best Score epoch: 16 
epoch 18, iter   51: loss: 0.0021 | load time: 0.0002 | back time: 0.8094 | lr: 0.00008649 | best AP50 acc: 0.8581 | best AP70 acc: 0.7445 | best mAP acc: 0.6986 | best mAR acc: 0.7537 | best Score: 0.6986 | best Score epoch: 16 
epoch 18, iter  101: loss: 0.0024 | load time: 0.0001 | back time: 0.8155 | lr: 0.00008640 | best AP50 acc: 0.8581 | best AP70 acc: 0.7445 | best mAP acc: 0.6986 | best mAR acc: 0.7537 | best Score: 0.6986 | best Score epoch: 16 
epoch 18, iter  151: loss: 0.0021 | load time: 0.0002 | back time: 0.8154 | lr: 0.00008630 | best AP50 acc: 0.8581 | best AP70 acc: 0.7445 | best mAP acc: 0.6986 | best mAR acc: 0.7537 | best Score: 0.6986 | best Score epoch: 16 
epoch 18, iter  201: loss: 0.0023 | load time: 0.0001 | back time: 0.8171 | lr: 0.00008621 | best AP50 acc: 0.8581 | best AP70 acc: 0.7445 | best mAP acc: 0.6986 | best mAR acc: 0.7537 | best Score: 0.6986 | best Score epoch: 16 
epoch 18, iter  251: loss: 0.0024 | load time: 0.0002 | back time: 0.8171 | lr: 0.00008612 | best AP50 acc: 0.8581 | best AP70 acc: 0.7445 | best mAP acc: 0.6986 | best mAR acc: 0.7537 | best Score: 0.6986 | best Score epoch: 16 
epoch 18, iter  301: loss: 0.0023 | load time: 0.0001 | back time: 0.8173 | lr: 0.00008602 | best AP50 acc: 0.8581 | best AP70 acc: 0.7445 | best mAP acc: 0.6986 | best mAR acc: 0.7537 | best Score: 0.6986 | best Score epoch: 16 
epoch 18, iter  351: loss: 0.0021 | load time: 0.0002 | back time: 0.8184 | lr: 0.00008593 | best AP50 acc: 0.8581 | best AP70 acc: 0.7445 | best mAP acc: 0.6986 | best mAR acc: 0.7537 | best Score: 0.6986 | best Score epoch: 16 
epoch 18, iter  401: loss: 0.0021 | load time: 0.0002 | back time: 0.8132 | lr: 0.00008583 | best AP50 acc: 0.8581 | best AP70 acc: 0.7445 | best mAP acc: 0.6986 | best mAR acc: 0.7537 | best Score: 0.6986 | best Score epoch: 16 
epoch 18, iter  451: loss: 0.0021 | load time: 0.0002 | back time: 0.8235 | lr: 0.00008574 | best AP50 acc: 0.8581 | best AP70 acc: 0.7445 | best mAP acc: 0.6986 | best mAR acc: 0.7537 | best Score: 0.6986 | best Score epoch: 16 
epoch 18, iter  501: loss: 0.0022 | load time: 0.0002 | back time: 0.8251 | lr: 0.00008564 | best AP50 acc: 0.8581 | best AP70 acc: 0.7445 | best mAP acc: 0.6986 | best mAR acc: 0.7537 | best Score: 0.6986 | best Score epoch: 16 
epoch 18, iter  551: loss: 0.0022 | load time: 0.0001 | back time: 0.8168 | lr: 0.00008555 | best AP50 acc: 0.8581 | best AP70 acc: 0.7445 | best mAP acc: 0.6986 | best mAR acc: 0.7537 | best Score: 0.6986 | best Score epoch: 16 
epoch 18, iter  601: loss: 0.0022 | load time: 0.0002 | back time: 0.8162 | lr: 0.00008545 | best AP50 acc: 0.8581 | best AP70 acc: 0.7445 | best mAP acc: 0.6986 | best mAR acc: 0.7537 | best Score: 0.6986 | best Score epoch: 16 
epoch 18, iter  651: loss: 0.0026 | load time: 0.0001 | back time: 0.8187 | lr: 0.00008536 | best AP50 acc: 0.8581 | best AP70 acc: 0.7445 | best mAP acc: 0.6986 | best mAR acc: 0.7537 | best Score: 0.6986 | best Score epoch: 16 
epoch 18, iter  701: loss: 0.0023 | load time: 0.0003 | back time: 0.8178 | lr: 0.00008526 | best AP50 acc: 0.8581 | best AP70 acc: 0.7445 | best mAP acc: 0.6986 | best mAR acc: 0.7537 | best Score: 0.6986 | best Score epoch: 16 
epoch 18, iter  751: loss: 0.0022 | load time: 0.0003 | back time: 0.8159 | lr: 0.00008517 | best AP50 acc: 0.8581 | best AP70 acc: 0.7445 | best mAP acc: 0.6986 | best mAR acc: 0.7537 | best Score: 0.6986 | best Score epoch: 16 
epoch 18, iter  801: loss: 0.0022 | load time: 0.0002 | back time: 0.8410 | lr: 0.00008507 | best AP50 acc: 0.8581 | best AP70 acc: 0.7445 | best mAP acc: 0.6986 | best mAR acc: 0.7537 | best Score: 0.6986 | best Score epoch: 16 
epoch 18, iter  851: loss: 0.0022 | load time: 0.0002 | back time: 0.8169 | lr: 0.00008497 | best AP50 acc: 0.8581 | best AP70 acc: 0.7445 | best mAP acc: 0.6986 | best mAR acc: 0.7537 | best Score: 0.6986 | best Score epoch: 16 
epoch 18, iter  901: loss: 0.0022 | load time: 0.0002 | back time: 0.8200 | lr: 0.00008488 | best AP50 acc: 0.8581 | best AP70 acc: 0.7445 | best mAP acc: 0.6986 | best mAR acc: 0.7537 | best Score: 0.6986 | best Score epoch: 16 
epoch 18, iter  951: loss: 0.0022 | load time: 0.0002 | back time: 0.8231 | lr: 0.00008478 | best AP50 acc: 0.8581 | best AP70 acc: 0.7445 | best mAP acc: 0.6986 | best mAR acc: 0.7537 | best Score: 0.6986 | best Score epoch: 16 
epoch 18, iter 1001: loss: 0.0024 | load time: 0.0001 | back time: 0.8174 | lr: 0.00008468 | best AP50 acc: 0.8581 | best AP70 acc: 0.7445 | best mAP acc: 0.6986 | best mAR acc: 0.7537 | best Score: 0.6986 | best Score epoch: 16 
epoch 18, iter 1051: loss: 0.0019 | load time: 0.0003 | back time: 0.8330 | lr: 0.00008458 | best AP50 acc: 0.8581 | best AP70 acc: 0.7445 | best mAP acc: 0.6986 | best mAR acc: 0.7537 | best Score: 0.6986 | best Score epoch: 16 
epoch 18, iter 1101: loss: 0.0021 | load time: 0.0002 | back time: 0.8203 | lr: 0.00008449 | best AP50 acc: 0.8581 | best AP70 acc: 0.7445 | best mAP acc: 0.6986 | best mAR acc: 0.7537 | best Score: 0.6986 | best Score epoch: 16 
epoch 18, iter 1151: loss: 0.0024 | load time: 0.0005 | back time: 0.8169 | lr: 0.00008439 | best AP50 acc: 0.8581 | best AP70 acc: 0.7445 | best mAP acc: 0.6986 | best mAR acc: 0.7537 | best Score: 0.6986 | best Score epoch: 16 
UAV_SEQS_2 | mAP50:90: 37.2044 | AP50: 71.3511 | AP70: 32.0160 
UAV_SEQS_37 | mAP50:90: 89.7339 | AP50: 100.0000 | AP70: 93.2604 
UAV_SEQS_45 | mAP50:90: 97.1063 | AP50: 100.0000 | AP70: 100.0000 
UAV_SEQS_47 | mAP50:90: 97.1781 | AP50: 100.0000 | AP70: 100.0000 
UAV_SEQS_55 | mAP50:90: 46.0218 | AP50: 68.9489 | AP70: 49.3912 
UAV_SEQS_59 | mAP50:90: 76.7403 | AP50: 97.6245 | AP70: 89.0368 
UAV_SEQS_6 | mAP50:90: 48.5694 | AP50: 59.5349 | AP70: 52.7734 
UAV_SEQS_63 | mAP50:90: 36.2131 | AP50: 84.8092 | AP70: 28.8167 
UAV_SEQS_65 | mAP50:90: 80.3362 | AP50: 96.2750 | AP70: 88.9749 
UAV_SEQS_7 | mAP50:90: 86.0228 | AP50: 100.0000 | AP70: 95.8365 
UAV_SEQS_71 | mAP50:90: 68.5890 | AP50: 92.0395 | AP70: 75.1346 
UAV_SEQS_73 | mAP50:90: 61.7396 | AP50: 86.8426 | AP70: 69.4727 
UAV_SEQS_74 | mAP50:90: 100.0000 | AP50: 100.0000 | AP70: 100.0000 
UAV_SEQS_77 | mAP50:90: 27.5607 | AP50: 30.6715 | AP70: 30.6715 
UAV_SEQS_8 | mAP50:90: 74.7622 | AP50: 92.7203 | AP70: 69.1831 
Overall            | mAP50:95: 70.4036 | AP50: 86.6112 | AP70: 73.7141 
epoch 19, iter    1: loss: 0.0021 | load time: 0.0041 | back time: 0.4593 | lr: 0.00008438 | best AP50 acc: 0.8661 | best AP70 acc: 0.7371 | best mAP acc: 0.7040 | best mAR acc: 0.7587 | best Score: 0.7040 | best Score epoch: 18 
epoch 19, iter   51: loss: 0.0022 | load time: 0.0002 | back time: 0.8098 | lr: 0.00008428 | best AP50 acc: 0.8661 | best AP70 acc: 0.7371 | best mAP acc: 0.7040 | best mAR acc: 0.7587 | best Score: 0.7040 | best Score epoch: 18 
epoch 19, iter  101: loss: 0.0021 | load time: 0.0003 | back time: 0.8137 | lr: 0.00008419 | best AP50 acc: 0.8661 | best AP70 acc: 0.7371 | best mAP acc: 0.7040 | best mAR acc: 0.7587 | best Score: 0.7040 | best Score epoch: 18 
epoch 19, iter  151: loss: 0.0023 | load time: 0.0002 | back time: 0.8190 | lr: 0.00008409 | best AP50 acc: 0.8661 | best AP70 acc: 0.7371 | best mAP acc: 0.7040 | best mAR acc: 0.7587 | best Score: 0.7040 | best Score epoch: 18 
epoch 19, iter  201: loss: 0.0023 | load time: 0.0002 | back time: 0.8186 | lr: 0.00008399 | best AP50 acc: 0.8661 | best AP70 acc: 0.7371 | best mAP acc: 0.7040 | best mAR acc: 0.7587 | best Score: 0.7040 | best Score epoch: 18 
epoch 19, iter  251: loss: 0.0020 | load time: 0.0001 | back time: 0.8170 | lr: 0.00008389 | best AP50 acc: 0.8661 | best AP70 acc: 0.7371 | best mAP acc: 0.7040 | best mAR acc: 0.7587 | best Score: 0.7040 | best Score epoch: 18 
epoch 19, iter  301: loss: 0.0023 | load time: 0.0001 | back time: 0.8203 | lr: 0.00008379 | best AP50 acc: 0.8661 | best AP70 acc: 0.7371 | best mAP acc: 0.7040 | best mAR acc: 0.7587 | best Score: 0.7040 | best Score epoch: 18 
epoch 19, iter  351: loss: 0.0025 | load time: 0.0002 | back time: 0.8209 | lr: 0.00008369 | best AP50 acc: 0.8661 | best AP70 acc: 0.7371 | best mAP acc: 0.7040 | best mAR acc: 0.7587 | best Score: 0.7040 | best Score epoch: 18 
epoch 19, iter  401: loss: 0.0024 | load time: 0.0001 | back time: 0.8168 | lr: 0.00008359 | best AP50 acc: 0.8661 | best AP70 acc: 0.7371 | best mAP acc: 0.7040 | best mAR acc: 0.7587 | best Score: 0.7040 | best Score epoch: 18 
epoch 19, iter  451: loss: 0.0023 | load time: 0.0002 | back time: 0.8165 | lr: 0.00008349 | best AP50 acc: 0.8661 | best AP70 acc: 0.7371 | best mAP acc: 0.7040 | best mAR acc: 0.7587 | best Score: 0.7040 | best Score epoch: 18 
epoch 19, iter  501: loss: 0.0022 | load time: 0.0002 | back time: 0.8196 | lr: 0.00008339 | best AP50 acc: 0.8661 | best AP70 acc: 0.7371 | best mAP acc: 0.7040 | best mAR acc: 0.7587 | best Score: 0.7040 | best Score epoch: 18 
epoch 19, iter  551: loss: 0.0023 | load time: 0.0002 | back time: 0.8179 | lr: 0.00008329 | best AP50 acc: 0.8661 | best AP70 acc: 0.7371 | best mAP acc: 0.7040 | best mAR acc: 0.7587 | best Score: 0.7040 | best Score epoch: 18 
epoch 19, iter  601: loss: 0.0021 | load time: 0.0002 | back time: 0.8184 | lr: 0.00008318 | best AP50 acc: 0.8661 | best AP70 acc: 0.7371 | best mAP acc: 0.7040 | best mAR acc: 0.7587 | best Score: 0.7040 | best Score epoch: 18 
epoch 19, iter  651: loss: 0.0021 | load time: 0.0002 | back time: 0.8182 | lr: 0.00008308 | best AP50 acc: 0.8661 | best AP70 acc: 0.7371 | best mAP acc: 0.7040 | best mAR acc: 0.7587 | best Score: 0.7040 | best Score epoch: 18 
epoch 19, iter  701: loss: 0.0021 | load time: 0.0002 | back time: 0.8292 | lr: 0.00008298 | best AP50 acc: 0.8661 | best AP70 acc: 0.7371 | best mAP acc: 0.7040 | best mAR acc: 0.7587 | best Score: 0.7040 | best Score epoch: 18 
epoch 19, iter  751: loss: 0.0023 | load time: 0.0002 | back time: 0.8186 | lr: 0.00008288 | best AP50 acc: 0.8661 | best AP70 acc: 0.7371 | best mAP acc: 0.7040 | best mAR acc: 0.7587 | best Score: 0.7040 | best Score epoch: 18 
epoch 19, iter  801: loss: 0.0023 | load time: 0.0002 | back time: 0.8178 | lr: 0.00008278 | best AP50 acc: 0.8661 | best AP70 acc: 0.7371 | best mAP acc: 0.7040 | best mAR acc: 0.7587 | best Score: 0.7040 | best Score epoch: 18 
epoch 19, iter  851: loss: 0.0021 | load time: 0.0001 | back time: 0.8182 | lr: 0.00008267 | best AP50 acc: 0.8661 | best AP70 acc: 0.7371 | best mAP acc: 0.7040 | best mAR acc: 0.7587 | best Score: 0.7040 | best Score epoch: 18 
epoch 19, iter  901: loss: 0.0022 | load time: 0.0002 | back time: 0.8185 | lr: 0.00008257 | best AP50 acc: 0.8661 | best AP70 acc: 0.7371 | best mAP acc: 0.7040 | best mAR acc: 0.7587 | best Score: 0.7040 | best Score epoch: 18 
epoch 19, iter  951: loss: 0.0023 | load time: 0.0001 | back time: 0.8175 | lr: 0.00008247 | best AP50 acc: 0.8661 | best AP70 acc: 0.7371 | best mAP acc: 0.7040 | best mAR acc: 0.7587 | best Score: 0.7040 | best Score epoch: 18 
epoch 19, iter 1001: loss: 0.0025 | load time: 0.0002 | back time: 0.8179 | lr: 0.00008237 | best AP50 acc: 0.8661 | best AP70 acc: 0.7371 | best mAP acc: 0.7040 | best mAR acc: 0.7587 | best Score: 0.7040 | best Score epoch: 18 
epoch 19, iter 1051: loss: 0.0022 | load time: 0.0003 | back time: 0.8188 | lr: 0.00008226 | best AP50 acc: 0.8661 | best AP70 acc: 0.7371 | best mAP acc: 0.7040 | best mAR acc: 0.7587 | best Score: 0.7040 | best Score epoch: 18 
epoch 19, iter 1101: loss: 0.0022 | load time: 0.0003 | back time: 0.8159 | lr: 0.00008216 | best AP50 acc: 0.8661 | best AP70 acc: 0.7371 | best mAP acc: 0.7040 | best mAR acc: 0.7587 | best Score: 0.7040 | best Score epoch: 18 
epoch 19, iter 1151: loss: 0.0020 | load time: 0.0002 | back time: 0.8191 | lr: 0.00008205 | best AP50 acc: 0.8661 | best AP70 acc: 0.7371 | best mAP acc: 0.7040 | best mAR acc: 0.7587 | best Score: 0.7040 | best Score epoch: 18 
UAV_SEQS_2 | mAP50:90: 32.4143 | AP50: 67.2044 | AP70: 26.3186 
UAV_SEQS_37 | mAP50:90: 85.4417 | AP50: 98.8830 | AP70: 88.9621 
UAV_SEQS_45 | mAP50:90: 92.4353 | AP50: 100.0000 | AP70: 98.9246 
UAV_SEQS_47 | mAP50:90: 99.3729 | AP50: 100.0000 | AP70: 100.0000 
UAV_SEQS_55 | mAP50:90: 46.1426 | AP50: 69.4823 | AP70: 48.4932 
UAV_SEQS_59 | mAP50:90: 74.0119 | AP50: 98.7613 | AP70: 86.4838 
UAV_SEQS_6 | mAP50:90: 47.6289 | AP50: 59.2222 | AP70: 49.8304 
UAV_SEQS_63 | mAP50:90: 27.0342 | AP50: 70.9769 | AP70: 14.0328 
UAV_SEQS_65 | mAP50:90: 79.7357 | AP50: 94.2046 | AP70: 88.9082 
UAV_SEQS_7 | mAP50:90: 91.9925 | AP50: 100.0000 | AP70: 100.0000 
UAV_SEQS_71 | mAP50:90: 70.3177 | AP50: 98.6787 | AP70: 78.7693 
UAV_SEQS_73 | mAP50:90: 63.5294 | AP50: 87.8082 | AP70: 72.9587 
UAV_SEQS_74 | mAP50:90: 99.8889 | AP50: 100.0000 | AP70: 100.0000 
UAV_SEQS_77 | mAP50:90: 34.6569 | AP50: 36.5914 | AP70: 36.5914 
UAV_SEQS_8 | mAP50:90: 87.1704 | AP50: 100.0000 | AP70: 89.7043 
Overall            | mAP50:95: 70.2839 | AP50: 87.2138 | AP70: 73.8980 
epoch 20, iter    1: loss: 0.0023 | load time: 0.0049 | back time: 0.3628 | lr: 0.00008205 | best AP50 acc: 0.8661 | best AP70 acc: 0.7371 | best mAP acc: 0.7040 | best mAR acc: 0.7587 | best Score: 0.7040 | best Score epoch: 18 
epoch 20, iter   51: loss: 0.0022 | load time: 0.0001 | back time: 0.8122 | lr: 0.00008195 | best AP50 acc: 0.8661 | best AP70 acc: 0.7371 | best mAP acc: 0.7040 | best mAR acc: 0.7587 | best Score: 0.7040 | best Score epoch: 18 
epoch 20, iter  101: loss: 0.0021 | load time: 0.0003 | back time: 0.8196 | lr: 0.00008184 | best AP50 acc: 0.8661 | best AP70 acc: 0.7371 | best mAP acc: 0.7040 | best mAR acc: 0.7587 | best Score: 0.7040 | best Score epoch: 18 
epoch 20, iter  151: loss: 0.0023 | load time: 0.0002 | back time: 0.8158 | lr: 0.00008174 | best AP50 acc: 0.8661 | best AP70 acc: 0.7371 | best mAP acc: 0.7040 | best mAR acc: 0.7587 | best Score: 0.7040 | best Score epoch: 18 
epoch 20, iter  201: loss: 0.0020 | load time: 0.0002 | back time: 0.8192 | lr: 0.00008163 | best AP50 acc: 0.8661 | best AP70 acc: 0.7371 | best mAP acc: 0.7040 | best mAR acc: 0.7587 | best Score: 0.7040 | best Score epoch: 18 
epoch 20, iter  251: loss: 0.0021 | load time: 0.0002 | back time: 0.8191 | lr: 0.00008153 | best AP50 acc: 0.8661 | best AP70 acc: 0.7371 | best mAP acc: 0.7040 | best mAR acc: 0.7587 | best Score: 0.7040 | best Score epoch: 18 
epoch 20, iter  301: loss: 0.0022 | load time: 0.0003 | back time: 0.8190 | lr: 0.00008142 | best AP50 acc: 0.8661 | best AP70 acc: 0.7371 | best mAP acc: 0.7040 | best mAR acc: 0.7587 | best Score: 0.7040 | best Score epoch: 18 
epoch 20, iter  351: loss: 0.0023 | load time: 0.0003 | back time: 0.8196 | lr: 0.00008132 | best AP50 acc: 0.8661 | best AP70 acc: 0.7371 | best mAP acc: 0.7040 | best mAR acc: 0.7587 | best Score: 0.7040 | best Score epoch: 18 
epoch 20, iter  401: loss: 0.0021 | load time: 0.0002 | back time: 0.8198 | lr: 0.00008121 | best AP50 acc: 0.8661 | best AP70 acc: 0.7371 | best mAP acc: 0.7040 | best mAR acc: 0.7587 | best Score: 0.7040 | best Score epoch: 18 
epoch 20, iter  451: loss: 0.0020 | load time: 0.0003 | back time: 0.8228 | lr: 0.00008110 | best AP50 acc: 0.8661 | best AP70 acc: 0.7371 | best mAP acc: 0.7040 | best mAR acc: 0.7587 | best Score: 0.7040 | best Score epoch: 18 
epoch 20, iter  501: loss: 0.0020 | load time: 0.0003 | back time: 0.8199 | lr: 0.00008100 | best AP50 acc: 0.8661 | best AP70 acc: 0.7371 | best mAP acc: 0.7040 | best mAR acc: 0.7587 | best Score: 0.7040 | best Score epoch: 18 
epoch 20, iter  551: loss: 0.0021 | load time: 0.0001 | back time: 0.8186 | lr: 0.00008089 | best AP50 acc: 0.8661 | best AP70 acc: 0.7371 | best mAP acc: 0.7040 | best mAR acc: 0.7587 | best Score: 0.7040 | best Score epoch: 18 
epoch 20, iter  601: loss: 0.0022 | load time: 0.0002 | back time: 0.8166 | lr: 0.00008079 | best AP50 acc: 0.8661 | best AP70 acc: 0.7371 | best mAP acc: 0.7040 | best mAR acc: 0.7587 | best Score: 0.7040 | best Score epoch: 18 
epoch 20, iter  651: loss: 0.0022 | load time: 0.0002 | back time: 0.8248 | lr: 0.00008068 | best AP50 acc: 0.8661 | best AP70 acc: 0.7371 | best mAP acc: 0.7040 | best mAR acc: 0.7587 | best Score: 0.7040 | best Score epoch: 18 
epoch 20, iter  701: loss: 0.0022 | load time: 0.0002 | back time: 0.8184 | lr: 0.00008057 | best AP50 acc: 0.8661 | best AP70 acc: 0.7371 | best mAP acc: 0.7040 | best mAR acc: 0.7587 | best Score: 0.7040 | best Score epoch: 18 
epoch 20, iter  751: loss: 0.0021 | load time: 0.0001 | back time: 0.8210 | lr: 0.00008046 | best AP50 acc: 0.8661 | best AP70 acc: 0.7371 | best mAP acc: 0.7040 | best mAR acc: 0.7587 | best Score: 0.7040 | best Score epoch: 18 
epoch 20, iter  801: loss: 0.0021 | load time: 0.0001 | back time: 0.8170 | lr: 0.00008036 | best AP50 acc: 0.8661 | best AP70 acc: 0.7371 | best mAP acc: 0.7040 | best mAR acc: 0.7587 | best Score: 0.7040 | best Score epoch: 18 
epoch 20, iter  851: loss: 0.0022 | load time: 0.0002 | back time: 0.8317 | lr: 0.00008025 | best AP50 acc: 0.8661 | best AP70 acc: 0.7371 | best mAP acc: 0.7040 | best mAR acc: 0.7587 | best Score: 0.7040 | best Score epoch: 18 
epoch 20, iter  901: loss: 0.0021 | load time: 0.0001 | back time: 0.8191 | lr: 0.00008014 | best AP50 acc: 0.8661 | best AP70 acc: 0.7371 | best mAP acc: 0.7040 | best mAR acc: 0.7587 | best Score: 0.7040 | best Score epoch: 18 
epoch 20, iter  951: loss: 0.0022 | load time: 0.0002 | back time: 0.8186 | lr: 0.00008003 | best AP50 acc: 0.8661 | best AP70 acc: 0.7371 | best mAP acc: 0.7040 | best mAR acc: 0.7587 | best Score: 0.7040 | best Score epoch: 18 
epoch 20, iter 1001: loss: 0.0024 | load time: 0.0003 | back time: 0.8178 | lr: 0.00007992 | best AP50 acc: 0.8661 | best AP70 acc: 0.7371 | best mAP acc: 0.7040 | best mAR acc: 0.7587 | best Score: 0.7040 | best Score epoch: 18 
epoch 20, iter 1051: loss: 0.0024 | load time: 0.0003 | back time: 0.8178 | lr: 0.00007982 | best AP50 acc: 0.8661 | best AP70 acc: 0.7371 | best mAP acc: 0.7040 | best mAR acc: 0.7587 | best Score: 0.7040 | best Score epoch: 18 
epoch 20, iter 1101: loss: 0.0023 | load time: 0.0001 | back time: 0.8201 | lr: 0.00007971 | best AP50 acc: 0.8661 | best AP70 acc: 0.7371 | best mAP acc: 0.7040 | best mAR acc: 0.7587 | best Score: 0.7040 | best Score epoch: 18 
epoch 20, iter 1151: loss: 0.0021 | load time: 0.0001 | back time: 0.8190 | lr: 0.00007960 | best AP50 acc: 0.8661 | best AP70 acc: 0.7371 | best mAP acc: 0.7040 | best mAR acc: 0.7587 | best Score: 0.7040 | best Score epoch: 18 
UAV_SEQS_2 | mAP50:90: 34.5497 | AP50: 72.2417 | AP70: 27.8808 
UAV_SEQS_37 | mAP50:90: 86.5781 | AP50: 98.8845 | AP70: 91.6454 
UAV_SEQS_45 | mAP50:90: 93.3969 | AP50: 100.0000 | AP70: 97.4926 
UAV_SEQS_47 | mAP50:90: 99.4802 | AP50: 100.0000 | AP70: 100.0000 
UAV_SEQS_55 | mAP50:90: 35.3654 | AP50: 53.7056 | AP70: 39.6380 
UAV_SEQS_59 | mAP50:90: 72.2516 | AP50: 94.2140 | AP70: 81.3069 
UAV_SEQS_6 | mAP50:90: 54.6466 | AP50: 69.2501 | AP70: 59.5330 
UAV_SEQS_63 | mAP50:90: 65.7967 | AP50: 99.0099 | AP70: 79.6232 
UAV_SEQS_65 | mAP50:90: 82.7175 | AP50: 94.6537 | AP70: 92.3386 
UAV_SEQS_7 | mAP50:90: 79.7731 | AP50: 100.0000 | AP70: 99.0066 
UAV_SEQS_71 | mAP50:90: 59.0311 | AP50: 83.6481 | AP70: 64.1886 
UAV_SEQS_73 | mAP50:90: 59.4848 | AP50: 88.4135 | AP70: 67.1863 
UAV_SEQS_74 | mAP50:90: 100.0000 | AP50: 100.0000 | AP70: 100.0000 
UAV_SEQS_77 | mAP50:90: 26.4159 | AP50: 32.0949 | AP70: 30.8151 
UAV_SEQS_8 | mAP50:90: 88.0361 | AP50: 100.0000 | AP70: 96.0594 
Overall            | mAP50:95: 71.1082 | AP50: 86.7253 | AP70: 77.4982 
epoch 21, iter    1: loss: 0.0021 | load time: 0.0035 | back time: 0.4629 | lr: 0.00007959 | best AP50 acc: 0.8673 | best AP70 acc: 0.7750 | best mAP acc: 0.7111 | best mAR acc: 0.7639 | best Score: 0.7111 | best Score epoch: 20 
epoch 21, iter   51: loss: 0.0023 | load time: 0.0003 | back time: 0.8113 | lr: 0.00007948 | best AP50 acc: 0.8673 | best AP70 acc: 0.7750 | best mAP acc: 0.7111 | best mAR acc: 0.7639 | best Score: 0.7111 | best Score epoch: 20 
epoch 21, iter  101: loss: 0.0022 | load time: 0.0002 | back time: 0.8162 | lr: 0.00007937 | best AP50 acc: 0.8673 | best AP70 acc: 0.7750 | best mAP acc: 0.7111 | best mAR acc: 0.7639 | best Score: 0.7111 | best Score epoch: 20 
epoch 21, iter  151: loss: 0.0023 | load time: 0.0002 | back time: 0.8185 | lr: 0.00007926 | best AP50 acc: 0.8673 | best AP70 acc: 0.7750 | best mAP acc: 0.7111 | best mAR acc: 0.7639 | best Score: 0.7111 | best Score epoch: 20 
epoch 21, iter  201: loss: 0.0021 | load time: 0.0002 | back time: 0.8185 | lr: 0.00007915 | best AP50 acc: 0.8673 | best AP70 acc: 0.7750 | best mAP acc: 0.7111 | best mAR acc: 0.7639 | best Score: 0.7111 | best Score epoch: 20 
epoch 21, iter  251: loss: 0.0023 | load time: 0.0002 | back time: 0.8223 | lr: 0.00007904 | best AP50 acc: 0.8673 | best AP70 acc: 0.7750 | best mAP acc: 0.7111 | best mAR acc: 0.7639 | best Score: 0.7111 | best Score epoch: 20 
epoch 21, iter  301: loss: 0.0022 | load time: 0.0003 | back time: 0.8175 | lr: 0.00007893 | best AP50 acc: 0.8673 | best AP70 acc: 0.7750 | best mAP acc: 0.7111 | best mAR acc: 0.7639 | best Score: 0.7111 | best Score epoch: 20 
epoch 21, iter  351: loss: 0.0022 | load time: 0.0002 | back time: 0.8163 | lr: 0.00007882 | best AP50 acc: 0.8673 | best AP70 acc: 0.7750 | best mAP acc: 0.7111 | best mAR acc: 0.7639 | best Score: 0.7111 | best Score epoch: 20 
epoch 21, iter  401: loss: 0.0021 | load time: 0.0001 | back time: 0.8181 | lr: 0.00007871 | best AP50 acc: 0.8673 | best AP70 acc: 0.7750 | best mAP acc: 0.7111 | best mAR acc: 0.7639 | best Score: 0.7111 | best Score epoch: 20 
epoch 21, iter  451: loss: 0.0021 | load time: 0.0003 | back time: 0.8168 | lr: 0.00007860 | best AP50 acc: 0.8673 | best AP70 acc: 0.7750 | best mAP acc: 0.7111 | best mAR acc: 0.7639 | best Score: 0.7111 | best Score epoch: 20 
epoch 21, iter  501: loss: 0.0023 | load time: 0.0002 | back time: 0.8186 | lr: 0.00007849 | best AP50 acc: 0.8673 | best AP70 acc: 0.7750 | best mAP acc: 0.7111 | best mAR acc: 0.7639 | best Score: 0.7111 | best Score epoch: 20 
epoch 21, iter  551: loss: 0.0022 | load time: 0.0001 | back time: 0.8165 | lr: 0.00007838 | best AP50 acc: 0.8673 | best AP70 acc: 0.7750 | best mAP acc: 0.7111 | best mAR acc: 0.7639 | best Score: 0.7111 | best Score epoch: 20 
epoch 21, iter  601: loss: 0.0021 | load time: 0.0002 | back time: 0.8189 | lr: 0.00007827 | best AP50 acc: 0.8673 | best AP70 acc: 0.7750 | best mAP acc: 0.7111 | best mAR acc: 0.7639 | best Score: 0.7111 | best Score epoch: 20 
epoch 21, iter  651: loss: 0.0021 | load time: 0.0002 | back time: 0.8164 | lr: 0.00007816 | best AP50 acc: 0.8673 | best AP70 acc: 0.7750 | best mAP acc: 0.7111 | best mAR acc: 0.7639 | best Score: 0.7111 | best Score epoch: 20 
epoch 21, iter  701: loss: 0.0021 | load time: 0.0001 | back time: 0.8184 | lr: 0.00007804 | best AP50 acc: 0.8673 | best AP70 acc: 0.7750 | best mAP acc: 0.7111 | best mAR acc: 0.7639 | best Score: 0.7111 | best Score epoch: 20 
epoch 21, iter  751: loss: 0.0022 | load time: 0.0002 | back time: 0.8176 | lr: 0.00007793 | best AP50 acc: 0.8673 | best AP70 acc: 0.7750 | best mAP acc: 0.7111 | best mAR acc: 0.7639 | best Score: 0.7111 | best Score epoch: 20 
epoch 21, iter  801: loss: 0.0021 | load time: 0.0001 | back time: 0.8188 | lr: 0.00007782 | best AP50 acc: 0.8673 | best AP70 acc: 0.7750 | best mAP acc: 0.7111 | best mAR acc: 0.7639 | best Score: 0.7111 | best Score epoch: 20 
epoch 21, iter  851: loss: 0.0020 | load time: 0.0003 | back time: 0.8182 | lr: 0.00007771 | best AP50 acc: 0.8673 | best AP70 acc: 0.7750 | best mAP acc: 0.7111 | best mAR acc: 0.7639 | best Score: 0.7111 | best Score epoch: 20 
epoch 21, iter  901: loss: 0.0021 | load time: 0.0002 | back time: 0.8180 | lr: 0.00007759 | best AP50 acc: 0.8673 | best AP70 acc: 0.7750 | best mAP acc: 0.7111 | best mAR acc: 0.7639 | best Score: 0.7111 | best Score epoch: 20 
epoch 21, iter  951: loss: 0.0022 | load time: 0.0002 | back time: 0.8173 | lr: 0.00007748 | best AP50 acc: 0.8673 | best AP70 acc: 0.7750 | best mAP acc: 0.7111 | best mAR acc: 0.7639 | best Score: 0.7111 | best Score epoch: 20 
epoch 21, iter 1001: loss: 0.0021 | load time: 0.0002 | back time: 0.8233 | lr: 0.00007737 | best AP50 acc: 0.8673 | best AP70 acc: 0.7750 | best mAP acc: 0.7111 | best mAR acc: 0.7639 | best Score: 0.7111 | best Score epoch: 20 
epoch 21, iter 1051: loss: 0.0021 | load time: 0.0002 | back time: 0.8234 | lr: 0.00007725 | best AP50 acc: 0.8673 | best AP70 acc: 0.7750 | best mAP acc: 0.7111 | best mAR acc: 0.7639 | best Score: 0.7111 | best Score epoch: 20 
epoch 21, iter 1101: loss: 0.0022 | load time: 0.0003 | back time: 0.8189 | lr: 0.00007714 | best AP50 acc: 0.8673 | best AP70 acc: 0.7750 | best mAP acc: 0.7111 | best mAR acc: 0.7639 | best Score: 0.7111 | best Score epoch: 20 
epoch 21, iter 1151: loss: 0.0020 | load time: 0.0001 | back time: 0.8183 | lr: 0.00007703 | best AP50 acc: 0.8673 | best AP70 acc: 0.7750 | best mAP acc: 0.7111 | best mAR acc: 0.7639 | best Score: 0.7111 | best Score epoch: 20 
UAV_SEQS_2 | mAP50:90: 34.8903 | AP50: 66.9996 | AP70: 30.9116 
UAV_SEQS_37 | mAP50:90: 90.8692 | AP50: 100.0000 | AP70: 96.4628 
UAV_SEQS_45 | mAP50:90: 94.7672 | AP50: 100.0000 | AP70: 98.7195 
UAV_SEQS_47 | mAP50:90: 95.9861 | AP50: 100.0000 | AP70: 100.0000 
UAV_SEQS_55 | mAP50:90: 45.1862 | AP50: 70.2688 | AP70: 46.2682 
UAV_SEQS_59 | mAP50:90: 75.4004 | AP50: 98.2956 | AP70: 83.9920 
UAV_SEQS_6 | mAP50:90: 47.1200 | AP50: 58.6610 | AP70: 49.2230 
UAV_SEQS_63 | mAP50:90: 13.2478 | AP50: 47.4703 | AP70: 1.1617 
UAV_SEQS_65 | mAP50:90: 81.4338 | AP50: 95.6744 | AP70: 91.0087 
UAV_SEQS_7 | mAP50:90: 86.3806 | AP50: 100.0000 | AP70: 95.7036 
UAV_SEQS_71 | mAP50:90: 73.9283 | AP50: 97.8067 | AP70: 81.6365 
UAV_SEQS_73 | mAP50:90: 61.1869 | AP50: 85.1552 | AP70: 70.6319 
UAV_SEQS_74 | mAP50:90: 100.0000 | AP50: 100.0000 | AP70: 100.0000 
UAV_SEQS_77 | mAP50:90: 41.4550 | AP50: 43.7729 | AP70: 42.9097 
UAV_SEQS_8 | mAP50:90: 83.5216 | AP50: 97.9038 | AP70: 92.1845 
Overall            | mAP50:95: 68.8895 | AP50: 84.8130 | AP70: 72.1069 
epoch 22, iter    1: loss: 0.0021 | load time: 0.0032 | back time: 0.5130 | lr: 0.00007702 | best AP50 acc: 0.8673 | best AP70 acc: 0.7750 | best mAP acc: 0.7111 | best mAR acc: 0.7639 | best Score: 0.7111 | best Score epoch: 20 
epoch 22, iter   51: loss: 0.0021 | load time: 0.0002 | back time: 0.8113 | lr: 0.00007691 | best AP50 acc: 0.8673 | best AP70 acc: 0.7750 | best mAP acc: 0.7111 | best mAR acc: 0.7639 | best Score: 0.7111 | best Score epoch: 20 
epoch 22, iter  101: loss: 0.0022 | load time: 0.0002 | back time: 0.8178 | lr: 0.00007679 | best AP50 acc: 0.8673 | best AP70 acc: 0.7750 | best mAP acc: 0.7111 | best mAR acc: 0.7639 | best Score: 0.7111 | best Score epoch: 20 
epoch 22, iter  151: loss: 0.0022 | load time: 0.0002 | back time: 0.8168 | lr: 0.00007668 | best AP50 acc: 0.8673 | best AP70 acc: 0.7750 | best mAP acc: 0.7111 | best mAR acc: 0.7639 | best Score: 0.7111 | best Score epoch: 20 
epoch 22, iter  201: loss: 0.0021 | load time: 0.0002 | back time: 0.8279 | lr: 0.00007656 | best AP50 acc: 0.8673 | best AP70 acc: 0.7750 | best mAP acc: 0.7111 | best mAR acc: 0.7639 | best Score: 0.7111 | best Score epoch: 20 
epoch 22, iter  251: loss: 0.0022 | load time: 0.0001 | back time: 0.8211 | lr: 0.00007645 | best AP50 acc: 0.8673 | best AP70 acc: 0.7750 | best mAP acc: 0.7111 | best mAR acc: 0.7639 | best Score: 0.7111 | best Score epoch: 20 
epoch 22, iter  301: loss: 0.0022 | load time: 0.0002 | back time: 0.8197 | lr: 0.00007633 | best AP50 acc: 0.8673 | best AP70 acc: 0.7750 | best mAP acc: 0.7111 | best mAR acc: 0.7639 | best Score: 0.7111 | best Score epoch: 20 
epoch 22, iter  351: loss: 0.0022 | load time: 0.0002 | back time: 0.8177 | lr: 0.00007622 | best AP50 acc: 0.8673 | best AP70 acc: 0.7750 | best mAP acc: 0.7111 | best mAR acc: 0.7639 | best Score: 0.7111 | best Score epoch: 20 
epoch 22, iter  401: loss: 0.0020 | load time: 0.0002 | back time: 0.8193 | lr: 0.00007610 | best AP50 acc: 0.8673 | best AP70 acc: 0.7750 | best mAP acc: 0.7111 | best mAR acc: 0.7639 | best Score: 0.7111 | best Score epoch: 20 
epoch 22, iter  451: loss: 0.0021 | load time: 0.0002 | back time: 0.8189 | lr: 0.00007599 | best AP50 acc: 0.8673 | best AP70 acc: 0.7750 | best mAP acc: 0.7111 | best mAR acc: 0.7639 | best Score: 0.7111 | best Score epoch: 20 
epoch 22, iter  501: loss: 0.0021 | load time: 0.0002 | back time: 0.8213 | lr: 0.00007587 | best AP50 acc: 0.8673 | best AP70 acc: 0.7750 | best mAP acc: 0.7111 | best mAR acc: 0.7639 | best Score: 0.7111 | best Score epoch: 20 
epoch 22, iter  551: loss: 0.0024 | load time: 0.0003 | back time: 0.8185 | lr: 0.00007576 | best AP50 acc: 0.8673 | best AP70 acc: 0.7750 | best mAP acc: 0.7111 | best mAR acc: 0.7639 | best Score: 0.7111 | best Score epoch: 20 
epoch 22, iter  601: loss: 0.0022 | load time: 0.0002 | back time: 0.8182 | lr: 0.00007564 | best AP50 acc: 0.8673 | best AP70 acc: 0.7750 | best mAP acc: 0.7111 | best mAR acc: 0.7639 | best Score: 0.7111 | best Score epoch: 20 
epoch 22, iter  651: loss: 0.0021 | load time: 0.0002 | back time: 0.8196 | lr: 0.00007552 | best AP50 acc: 0.8673 | best AP70 acc: 0.7750 | best mAP acc: 0.7111 | best mAR acc: 0.7639 | best Score: 0.7111 | best Score epoch: 20 
epoch 22, iter  701: loss: 0.0020 | load time: 0.0001 | back time: 0.8170 | lr: 0.00007541 | best AP50 acc: 0.8673 | best AP70 acc: 0.7750 | best mAP acc: 0.7111 | best mAR acc: 0.7639 | best Score: 0.7111 | best Score epoch: 20 
epoch 22, iter  751: loss: 0.0022 | load time: 0.0002 | back time: 0.8172 | lr: 0.00007529 | best AP50 acc: 0.8673 | best AP70 acc: 0.7750 | best mAP acc: 0.7111 | best mAR acc: 0.7639 | best Score: 0.7111 | best Score epoch: 20 
epoch 22, iter  801: loss: 0.0021 | load time: 0.0002 | back time: 0.8193 | lr: 0.00007517 | best AP50 acc: 0.8673 | best AP70 acc: 0.7750 | best mAP acc: 0.7111 | best mAR acc: 0.7639 | best Score: 0.7111 | best Score epoch: 20 
epoch 22, iter  851: loss: 0.0020 | load time: 0.0001 | back time: 0.8191 | lr: 0.00007506 | best AP50 acc: 0.8673 | best AP70 acc: 0.7750 | best mAP acc: 0.7111 | best mAR acc: 0.7639 | best Score: 0.7111 | best Score epoch: 20 
epoch 22, iter  901: loss: 0.0022 | load time: 0.0001 | back time: 0.8176 | lr: 0.00007494 | best AP50 acc: 0.8673 | best AP70 acc: 0.7750 | best mAP acc: 0.7111 | best mAR acc: 0.7639 | best Score: 0.7111 | best Score epoch: 20 
epoch 22, iter  951: loss: 0.0021 | load time: 0.0002 | back time: 0.8179 | lr: 0.00007482 | best AP50 acc: 0.8673 | best AP70 acc: 0.7750 | best mAP acc: 0.7111 | best mAR acc: 0.7639 | best Score: 0.7111 | best Score epoch: 20 
epoch 22, iter 1001: loss: 0.0022 | load time: 0.0002 | back time: 0.8162 | lr: 0.00007470 | best AP50 acc: 0.8673 | best AP70 acc: 0.7750 | best mAP acc: 0.7111 | best mAR acc: 0.7639 | best Score: 0.7111 | best Score epoch: 20 
epoch 22, iter 1051: loss: 0.0021 | load time: 0.0003 | back time: 0.8170 | lr: 0.00007459 | best AP50 acc: 0.8673 | best AP70 acc: 0.7750 | best mAP acc: 0.7111 | best mAR acc: 0.7639 | best Score: 0.7111 | best Score epoch: 20 
epoch 22, iter 1101: loss: 0.0022 | load time: 0.0002 | back time: 0.8180 | lr: 0.00007447 | best AP50 acc: 0.8673 | best AP70 acc: 0.7750 | best mAP acc: 0.7111 | best mAR acc: 0.7639 | best Score: 0.7111 | best Score epoch: 20 
epoch 22, iter 1151: loss: 0.0021 | load time: 0.0001 | back time: 0.8294 | lr: 0.00007435 | best AP50 acc: 0.8673 | best AP70 acc: 0.7750 | best mAP acc: 0.7111 | best mAR acc: 0.7639 | best Score: 0.7111 | best Score epoch: 20 
UAV_SEQS_2 | mAP50:90: 41.3230 | AP50: 75.3528 | AP70: 35.1780 
UAV_SEQS_37 | mAP50:90: 88.7434 | AP50: 100.0000 | AP70: 92.4977 
UAV_SEQS_45 | mAP50:90: 91.6698 | AP50: 100.0000 | AP70: 98.9241 
UAV_SEQS_47 | mAP50:90: 99.1447 | AP50: 100.0000 | AP70: 100.0000 
UAV_SEQS_55 | mAP50:90: 45.2374 | AP50: 64.9652 | AP70: 47.5107 
UAV_SEQS_59 | mAP50:90: 59.6049 | AP50: 92.0510 | AP70: 67.6323 
UAV_SEQS_6 | mAP50:90: 51.5963 | AP50: 70.4797 | AP70: 52.3078 
UAV_SEQS_63 | mAP50:90: 48.2873 | AP50: 92.2804 | AP70: 46.5282 
UAV_SEQS_65 | mAP50:90: 78.2628 | AP50: 93.9399 | AP70: 91.8660 
UAV_SEQS_7 | mAP50:90: 85.7700 | AP50: 100.0000 | AP70: 100.0000 
UAV_SEQS_71 | mAP50:90: 58.6428 | AP50: 90.8423 | AP70: 57.3114 
UAV_SEQS_73 | mAP50:90: 62.7231 | AP50: 88.2035 | AP70: 73.5327 
UAV_SEQS_74 | mAP50:90: 99.2682 | AP50: 100.0000 | AP70: 100.0000 
UAV_SEQS_77 | mAP50:90: 42.2000 | AP50: 48.4066 | AP70: 46.2192 
UAV_SEQS_8 | mAP50:90: 83.8499 | AP50: 100.0000 | AP70: 90.9307 
Overall            | mAP50:95: 70.6360 | AP50: 88.4105 | AP70: 75.3937 
epoch 23, iter    1: loss: 0.0022 | load time: 0.0061 | back time: 0.3738 | lr: 0.00007434 | best AP50 acc: 0.8673 | best AP70 acc: 0.7750 | best mAP acc: 0.7111 | best mAR acc: 0.7639 | best Score: 0.7111 | best Score epoch: 20 
epoch 23, iter   51: loss: 0.0023 | load time: 0.0001 | back time: 0.8086 | lr: 0.00007423 | best AP50 acc: 0.8673 | best AP70 acc: 0.7750 | best mAP acc: 0.7111 | best mAR acc: 0.7639 | best Score: 0.7111 | best Score epoch: 20 
epoch 23, iter  101: loss: 0.0021 | load time: 0.0002 | back time: 0.8178 | lr: 0.00007411 | best AP50 acc: 0.8673 | best AP70 acc: 0.7750 | best mAP acc: 0.7111 | best mAR acc: 0.7639 | best Score: 0.7111 | best Score epoch: 20 
epoch 23, iter  151: loss: 0.0021 | load time: 0.0002 | back time: 0.8181 | lr: 0.00007399 | best AP50 acc: 0.8673 | best AP70 acc: 0.7750 | best mAP acc: 0.7111 | best mAR acc: 0.7639 | best Score: 0.7111 | best Score epoch: 20 
epoch 23, iter  201: loss: 0.0022 | load time: 0.0002 | back time: 0.8162 | lr: 0.00007387 | best AP50 acc: 0.8673 | best AP70 acc: 0.7750 | best mAP acc: 0.7111 | best mAR acc: 0.7639 | best Score: 0.7111 | best Score epoch: 20 
epoch 23, iter  251: loss: 0.0021 | load time: 0.0001 | back time: 0.8164 | lr: 0.00007375 | best AP50 acc: 0.8673 | best AP70 acc: 0.7750 | best mAP acc: 0.7111 | best mAR acc: 0.7639 | best Score: 0.7111 | best Score epoch: 20 
epoch 23, iter  301: loss: 0.0021 | load time: 0.0003 | back time: 0.8239 | lr: 0.00007363 | best AP50 acc: 0.8673 | best AP70 acc: 0.7750 | best mAP acc: 0.7111 | best mAR acc: 0.7639 | best Score: 0.7111 | best Score epoch: 20 
epoch 23, iter  351: loss: 0.0021 | load time: 0.0001 | back time: 0.8172 | lr: 0.00007351 | best AP50 acc: 0.8673 | best AP70 acc: 0.7750 | best mAP acc: 0.7111 | best mAR acc: 0.7639 | best Score: 0.7111 | best Score epoch: 20 
epoch 23, iter  401: loss: 0.0021 | load time: 0.0002 | back time: 0.8181 | lr: 0.00007339 | best AP50 acc: 0.8673 | best AP70 acc: 0.7750 | best mAP acc: 0.7111 | best mAR acc: 0.7639 | best Score: 0.7111 | best Score epoch: 20 
epoch 23, iter  451: loss: 0.0022 | load time: 0.0002 | back time: 0.8175 | lr: 0.00007327 | best AP50 acc: 0.8673 | best AP70 acc: 0.7750 | best mAP acc: 0.7111 | best mAR acc: 0.7639 | best Score: 0.7111 | best Score epoch: 20 
epoch 23, iter  501: loss: 0.0021 | load time: 0.0003 | back time: 0.8190 | lr: 0.00007315 | best AP50 acc: 0.8673 | best AP70 acc: 0.7750 | best mAP acc: 0.7111 | best mAR acc: 0.7639 | best Score: 0.7111 | best Score epoch: 20 
epoch 23, iter  551: loss: 0.0021 | load time: 0.0002 | back time: 0.8197 | lr: 0.00007303 | best AP50 acc: 0.8673 | best AP70 acc: 0.7750 | best mAP acc: 0.7111 | best mAR acc: 0.7639 | best Score: 0.7111 | best Score epoch: 20 
epoch 23, iter  601: loss: 0.0021 | load time: 0.0001 | back time: 0.8193 | lr: 0.00007291 | best AP50 acc: 0.8673 | best AP70 acc: 0.7750 | best mAP acc: 0.7111 | best mAR acc: 0.7639 | best Score: 0.7111 | best Score epoch: 20 
epoch 23, iter  651: loss: 0.0021 | load time: 0.0002 | back time: 0.8166 | lr: 0.00007279 | best AP50 acc: 0.8673 | best AP70 acc: 0.7750 | best mAP acc: 0.7111 | best mAR acc: 0.7639 | best Score: 0.7111 | best Score epoch: 20 
epoch 23, iter  701: loss: 0.0021 | load time: 0.0002 | back time: 0.8168 | lr: 0.00007267 | best AP50 acc: 0.8673 | best AP70 acc: 0.7750 | best mAP acc: 0.7111 | best mAR acc: 0.7639 | best Score: 0.7111 | best Score epoch: 20 
epoch 23, iter  751: loss: 0.0021 | load time: 0.0003 | back time: 0.8173 | lr: 0.00007255 | best AP50 acc: 0.8673 | best AP70 acc: 0.7750 | best mAP acc: 0.7111 | best mAR acc: 0.7639 | best Score: 0.7111 | best Score epoch: 20 
epoch 23, iter  801: loss: 0.0021 | load time: 0.0002 | back time: 0.8150 | lr: 0.00007243 | best AP50 acc: 0.8673 | best AP70 acc: 0.7750 | best mAP acc: 0.7111 | best mAR acc: 0.7639 | best Score: 0.7111 | best Score epoch: 20 
epoch 23, iter  851: loss: 0.0022 | load time: 0.0001 | back time: 0.8178 | lr: 0.00007231 | best AP50 acc: 0.8673 | best AP70 acc: 0.7750 | best mAP acc: 0.7111 | best mAR acc: 0.7639 | best Score: 0.7111 | best Score epoch: 20 
epoch 23, iter  901: loss: 0.0020 | load time: 0.0003 | back time: 0.8183 | lr: 0.00007219 | best AP50 acc: 0.8673 | best AP70 acc: 0.7750 | best mAP acc: 0.7111 | best mAR acc: 0.7639 | best Score: 0.7111 | best Score epoch: 20 
epoch 23, iter  951: loss: 0.0021 | load time: 0.0003 | back time: 0.8182 | lr: 0.00007207 | best AP50 acc: 0.8673 | best AP70 acc: 0.7750 | best mAP acc: 0.7111 | best mAR acc: 0.7639 | best Score: 0.7111 | best Score epoch: 20 
epoch 23, iter 1001: loss: 0.0022 | load time: 0.0003 | back time: 0.8169 | lr: 0.00007194 | best AP50 acc: 0.8673 | best AP70 acc: 0.7750 | best mAP acc: 0.7111 | best mAR acc: 0.7639 | best Score: 0.7111 | best Score epoch: 20 
epoch 23, iter 1051: loss: 0.0021 | load time: 0.0003 | back time: 0.8171 | lr: 0.00007182 | best AP50 acc: 0.8673 | best AP70 acc: 0.7750 | best mAP acc: 0.7111 | best mAR acc: 0.7639 | best Score: 0.7111 | best Score epoch: 20 
epoch 23, iter 1101: loss: 0.0022 | load time: 0.0002 | back time: 0.8156 | lr: 0.00007170 | best AP50 acc: 0.8673 | best AP70 acc: 0.7750 | best mAP acc: 0.7111 | best mAR acc: 0.7639 | best Score: 0.7111 | best Score epoch: 20 
epoch 23, iter 1151: loss: 0.0023 | load time: 0.0003 | back time: 0.7992 | lr: 0.00007158 | best AP50 acc: 0.8673 | best AP70 acc: 0.7750 | best mAP acc: 0.7111 | best mAR acc: 0.7639 | best Score: 0.7111 | best Score epoch: 20 
UAV_SEQS_2 | mAP50:90: 43.1960 | AP50: 77.1639 | AP70: 43.7549 
UAV_SEQS_37 | mAP50:90: 88.4890 | AP50: 98.9373 | AP70: 93.3669 
UAV_SEQS_45 | mAP50:90: 92.2115 | AP50: 100.0000 | AP70: 97.0902 
UAV_SEQS_47 | mAP50:90: 95.0150 | AP50: 100.0000 | AP70: 99.0066 
UAV_SEQS_55 | mAP50:90: 32.8545 | AP50: 56.3840 | AP70: 31.8524 
UAV_SEQS_59 | mAP50:90: 76.8548 | AP50: 98.8577 | AP70: 85.7394 
UAV_SEQS_6 | mAP50:90: 47.4176 | AP50: 68.4130 | AP70: 49.4114 
UAV_SEQS_63 | mAP50:90: 46.4238 | AP50: 92.4513 | AP70: 54.6069 
UAV_SEQS_65 | mAP50:90: 78.2258 | AP50: 93.7310 | AP70: 89.3330 
UAV_SEQS_7 | mAP50:90: 89.9961 | AP50: 100.0000 | AP70: 98.9967 
UAV_SEQS_71 | mAP50:90: 60.5359 | AP50: 91.4355 | AP70: 61.4768 
UAV_SEQS_73 | mAP50:90: 65.8156 | AP50: 87.7543 | AP70: 77.3822 
UAV_SEQS_74 | mAP50:90: 100.0000 | AP50: 100.0000 | AP70: 100.0000 
UAV_SEQS_77 | mAP50:90: 24.3027 | AP50: 28.3065 | AP70: 27.4665 
UAV_SEQS_8 | mAP50:90: 71.2398 | AP50: 91.9810 | AP70: 75.3505 
Overall            | mAP50:95: 69.8567 | AP50: 87.5843 | AP70: 74.8456 
epoch 24, iter    1: loss: 0.0022 | load time: 0.0035 | back time: 0.4938 | lr: 0.00007157 | best AP50 acc: 0.8673 | best AP70 acc: 0.7750 | best mAP acc: 0.7111 | best mAR acc: 0.7639 | best Score: 0.7111 | best Score epoch: 20 
epoch 24, iter   51: loss: 0.0021 | load time: 0.0003 | back time: 0.8089 | lr: 0.00007145 | best AP50 acc: 0.8673 | best AP70 acc: 0.7750 | best mAP acc: 0.7111 | best mAR acc: 0.7639 | best Score: 0.7111 | best Score epoch: 20 
epoch 24, iter  101: loss: 0.0022 | load time: 0.0002 | back time: 0.8151 | lr: 0.00007133 | best AP50 acc: 0.8673 | best AP70 acc: 0.7750 | best mAP acc: 0.7111 | best mAR acc: 0.7639 | best Score: 0.7111 | best Score epoch: 20 
epoch 24, iter  151: loss: 0.0021 | load time: 0.0003 | back time: 0.8157 | lr: 0.00007121 | best AP50 acc: 0.8673 | best AP70 acc: 0.7750 | best mAP acc: 0.7111 | best mAR acc: 0.7639 | best Score: 0.7111 | best Score epoch: 20 
epoch 24, iter  201: loss: 0.0021 | load time: 0.0001 | back time: 0.8181 | lr: 0.00007108 | best AP50 acc: 0.8673 | best AP70 acc: 0.7750 | best mAP acc: 0.7111 | best mAR acc: 0.7639 | best Score: 0.7111 | best Score epoch: 20 
epoch 24, iter  251: loss: 0.0021 | load time: 0.0002 | back time: 0.8169 | lr: 0.00007096 | best AP50 acc: 0.8673 | best AP70 acc: 0.7750 | best mAP acc: 0.7111 | best mAR acc: 0.7639 | best Score: 0.7111 | best Score epoch: 20 
epoch 24, iter  301: loss: 0.0021 | load time: 0.0002 | back time: 0.8156 | lr: 0.00007084 | best AP50 acc: 0.8673 | best AP70 acc: 0.7750 | best mAP acc: 0.7111 | best mAR acc: 0.7639 | best Score: 0.7111 | best Score epoch: 20 
epoch 24, iter  351: loss: 0.0021 | load time: 0.0001 | back time: 0.8183 | lr: 0.00007071 | best AP50 acc: 0.8673 | best AP70 acc: 0.7750 | best mAP acc: 0.7111 | best mAR acc: 0.7639 | best Score: 0.7111 | best Score epoch: 20 
epoch 24, iter  401: loss: 0.0021 | load time: 0.0002 | back time: 0.8164 | lr: 0.00007059 | best AP50 acc: 0.8673 | best AP70 acc: 0.7750 | best mAP acc: 0.7111 | best mAR acc: 0.7639 | best Score: 0.7111 | best Score epoch: 20 
epoch 24, iter  451: loss: 0.0021 | load time: 0.0001 | back time: 0.8153 | lr: 0.00007047 | best AP50 acc: 0.8673 | best AP70 acc: 0.7750 | best mAP acc: 0.7111 | best mAR acc: 0.7639 | best Score: 0.7111 | best Score epoch: 20 
epoch 24, iter  501: loss: 0.0021 | load time: 0.0001 | back time: 0.8185 | lr: 0.00007034 | best AP50 acc: 0.8673 | best AP70 acc: 0.7750 | best mAP acc: 0.7111 | best mAR acc: 0.7639 | best Score: 0.7111 | best Score epoch: 20 
epoch 24, iter  551: loss: 0.0021 | load time: 0.0001 | back time: 0.8173 | lr: 0.00007022 | best AP50 acc: 0.8673 | best AP70 acc: 0.7750 | best mAP acc: 0.7111 | best mAR acc: 0.7639 | best Score: 0.7111 | best Score epoch: 20 
epoch 24, iter  601: loss: 0.0021 | load time: 0.0002 | back time: 0.8178 | lr: 0.00007010 | best AP50 acc: 0.8673 | best AP70 acc: 0.7750 | best mAP acc: 0.7111 | best mAR acc: 0.7639 | best Score: 0.7111 | best Score epoch: 20 
epoch 24, iter  651: loss: 0.0021 | load time: 0.0002 | back time: 0.8202 | lr: 0.00006997 | best AP50 acc: 0.8673 | best AP70 acc: 0.7750 | best mAP acc: 0.7111 | best mAR acc: 0.7639 | best Score: 0.7111 | best Score epoch: 20 
epoch 24, iter  701: loss: 0.0022 | load time: 0.0001 | back time: 0.8209 | lr: 0.00006985 | best AP50 acc: 0.8673 | best AP70 acc: 0.7750 | best mAP acc: 0.7111 | best mAR acc: 0.7639 | best Score: 0.7111 | best Score epoch: 20 
epoch 24, iter  751: loss: 0.0021 | load time: 0.0004 | back time: 0.8255 | lr: 0.00006972 | best AP50 acc: 0.8673 | best AP70 acc: 0.7750 | best mAP acc: 0.7111 | best mAR acc: 0.7639 | best Score: 0.7111 | best Score epoch: 20 
epoch 24, iter  801: loss: 0.0022 | load time: 0.0002 | back time: 0.8193 | lr: 0.00006960 | best AP50 acc: 0.8673 | best AP70 acc: 0.7750 | best mAP acc: 0.7111 | best mAR acc: 0.7639 | best Score: 0.7111 | best Score epoch: 20 
epoch 24, iter  851: loss: 0.0021 | load time: 0.0001 | back time: 0.8180 | lr: 0.00006948 | best AP50 acc: 0.8673 | best AP70 acc: 0.7750 | best mAP acc: 0.7111 | best mAR acc: 0.7639 | best Score: 0.7111 | best Score epoch: 20 
epoch 24, iter  901: loss: 0.0022 | load time: 0.0003 | back time: 0.8171 | lr: 0.00006935 | best AP50 acc: 0.8673 | best AP70 acc: 0.7750 | best mAP acc: 0.7111 | best mAR acc: 0.7639 | best Score: 0.7111 | best Score epoch: 20 
epoch 24, iter  951: loss: 0.0022 | load time: 0.0003 | back time: 0.8161 | lr: 0.00006923 | best AP50 acc: 0.8673 | best AP70 acc: 0.7750 | best mAP acc: 0.7111 | best mAR acc: 0.7639 | best Score: 0.7111 | best Score epoch: 20 
epoch 24, iter 1001: loss: 0.0021 | load time: 0.0002 | back time: 0.8181 | lr: 0.00006910 | best AP50 acc: 0.8673 | best AP70 acc: 0.7750 | best mAP acc: 0.7111 | best mAR acc: 0.7639 | best Score: 0.7111 | best Score epoch: 20 
epoch 24, iter 1051: loss: 0.0021 | load time: 0.0003 | back time: 0.8155 | lr: 0.00006898 | best AP50 acc: 0.8673 | best AP70 acc: 0.7750 | best mAP acc: 0.7111 | best mAR acc: 0.7639 | best Score: 0.7111 | best Score epoch: 20 
epoch 24, iter 1101: loss: 0.0021 | load time: 0.0001 | back time: 0.8365 | lr: 0.00006885 | best AP50 acc: 0.8673 | best AP70 acc: 0.7750 | best mAP acc: 0.7111 | best mAR acc: 0.7639 | best Score: 0.7111 | best Score epoch: 20 
epoch 24, iter 1151: loss: 0.0022 | load time: 0.0002 | back time: 0.8171 | lr: 0.00006872 | best AP50 acc: 0.8673 | best AP70 acc: 0.7750 | best mAP acc: 0.7111 | best mAR acc: 0.7639 | best Score: 0.7111 | best Score epoch: 20 
UAV_SEQS_2 | mAP50:90: 25.8453 | AP50: 55.9429 | AP70: 22.0429 
UAV_SEQS_37 | mAP50:90: 95.1036 | AP50: 100.0000 | AP70: 98.8251 
UAV_SEQS_45 | mAP50:90: 95.2540 | AP50: 100.0000 | AP70: 100.0000 
UAV_SEQS_47 | mAP50:90: 99.3677 | AP50: 100.0000 | AP70: 100.0000 
UAV_SEQS_55 | mAP50:90: 39.3096 | AP50: 57.7156 | AP70: 41.8129 
UAV_SEQS_59 | mAP50:90: 74.1413 | AP50: 97.9491 | AP70: 84.1554 
UAV_SEQS_6 | mAP50:90: 45.5148 | AP50: 63.0528 | AP70: 52.3468 
UAV_SEQS_63 | mAP50:90: 53.0811 | AP50: 99.0033 | AP70: 55.6176 
UAV_SEQS_65 | mAP50:90: 77.0242 | AP50: 91.0167 | AP70: 89.7292 
UAV_SEQS_7 | mAP50:90: 73.3586 | AP50: 100.0000 | AP70: 80.7286 
UAV_SEQS_71 | mAP50:90: 56.6284 | AP50: 79.6494 | AP70: 65.0070 
UAV_SEQS_73 | mAP50:90: 60.9913 | AP50: 88.4869 | AP70: 67.5124 
UAV_SEQS_74 | mAP50:90: 99.1451 | AP50: 100.0000 | AP70: 100.0000 
UAV_SEQS_77 | mAP50:90: 43.8152 | AP50: 49.0771 | AP70: 47.0649 
UAV_SEQS_8 | mAP50:90: 96.0121 | AP50: 100.0000 | AP70: 100.0000 
Overall            | mAP50:95: 71.3031 | AP50: 86.2954 | AP70: 76.0280 
epoch 25, iter    1: loss: 0.0021 | load time: 0.0047 | back time: 0.5143 | lr: 0.00006872 | best AP50 acc: 0.8630 | best AP70 acc: 0.7603 | best mAP acc: 0.7130 | best mAR acc: 0.7690 | best Score: 0.7130 | best Score epoch: 24 
epoch 25, iter   51: loss: 0.0022 | load time: 0.0002 | back time: 0.8131 | lr: 0.00006859 | best AP50 acc: 0.8630 | best AP70 acc: 0.7603 | best mAP acc: 0.7130 | best mAR acc: 0.7690 | best Score: 0.7130 | best Score epoch: 24 
epoch 25, iter  101: loss: 0.0021 | load time: 0.0003 | back time: 0.8151 | lr: 0.00006847 | best AP50 acc: 0.8630 | best AP70 acc: 0.7603 | best mAP acc: 0.7130 | best mAR acc: 0.7690 | best Score: 0.7130 | best Score epoch: 24 
epoch 25, iter  151: loss: 0.0020 | load time: 0.0002 | back time: 0.8171 | lr: 0.00006834 | best AP50 acc: 0.8630 | best AP70 acc: 0.7603 | best mAP acc: 0.7130 | best mAR acc: 0.7690 | best Score: 0.7130 | best Score epoch: 24 
epoch 25, iter  201: loss: 0.0021 | load time: 0.0002 | back time: 0.8197 | lr: 0.00006822 | best AP50 acc: 0.8630 | best AP70 acc: 0.7603 | best mAP acc: 0.7130 | best mAR acc: 0.7690 | best Score: 0.7130 | best Score epoch: 24 
epoch 25, iter  251: loss: 0.0022 | load time: 0.0002 | back time: 0.8160 | lr: 0.00006809 | best AP50 acc: 0.8630 | best AP70 acc: 0.7603 | best mAP acc: 0.7130 | best mAR acc: 0.7690 | best Score: 0.7130 | best Score epoch: 24 
epoch 25, iter  301: loss: 0.0021 | load time: 0.0002 | back time: 0.8164 | lr: 0.00006796 | best AP50 acc: 0.8630 | best AP70 acc: 0.7603 | best mAP acc: 0.7130 | best mAR acc: 0.7690 | best Score: 0.7130 | best Score epoch: 24 
epoch 25, iter  351: loss: 0.0020 | load time: 0.0001 | back time: 0.8190 | lr: 0.00006784 | best AP50 acc: 0.8630 | best AP70 acc: 0.7603 | best mAP acc: 0.7130 | best mAR acc: 0.7690 | best Score: 0.7130 | best Score epoch: 24 
epoch 25, iter  401: loss: 0.0022 | load time: 0.0002 | back time: 0.8189 | lr: 0.00006771 | best AP50 acc: 0.8630 | best AP70 acc: 0.7603 | best mAP acc: 0.7130 | best mAR acc: 0.7690 | best Score: 0.7130 | best Score epoch: 24 
epoch 25, iter  451: loss: 0.0022 | load time: 0.0001 | back time: 0.8172 | lr: 0.00006758 | best AP50 acc: 0.8630 | best AP70 acc: 0.7603 | best mAP acc: 0.7130 | best mAR acc: 0.7690 | best Score: 0.7130 | best Score epoch: 24 
epoch 25, iter  501: loss: 0.0020 | load time: 0.0003 | back time: 0.8174 | lr: 0.00006746 | best AP50 acc: 0.8630 | best AP70 acc: 0.7603 | best mAP acc: 0.7130 | best mAR acc: 0.7690 | best Score: 0.7130 | best Score epoch: 24 
epoch 25, iter  551: loss: 0.0021 | load time: 0.0002 | back time: 0.8165 | lr: 0.00006733 | best AP50 acc: 0.8630 | best AP70 acc: 0.7603 | best mAP acc: 0.7130 | best mAR acc: 0.7690 | best Score: 0.7130 | best Score epoch: 24 
epoch 25, iter  601: loss: 0.0022 | load time: 0.0002 | back time: 0.8161 | lr: 0.00006720 | best AP50 acc: 0.8630 | best AP70 acc: 0.7603 | best mAP acc: 0.7130 | best mAR acc: 0.7690 | best Score: 0.7130 | best Score epoch: 24 
epoch 25, iter  651: loss: 0.0021 | load time: 0.0002 | back time: 0.8171 | lr: 0.00006708 | best AP50 acc: 0.8630 | best AP70 acc: 0.7603 | best mAP acc: 0.7130 | best mAR acc: 0.7690 | best Score: 0.7130 | best Score epoch: 24 
epoch 25, iter  701: loss: 0.0021 | load time: 0.0002 | back time: 0.8179 | lr: 0.00006695 | best AP50 acc: 0.8630 | best AP70 acc: 0.7603 | best mAP acc: 0.7130 | best mAR acc: 0.7690 | best Score: 0.7130 | best Score epoch: 24 
epoch 25, iter  751: loss: 0.0021 | load time: 0.0002 | back time: 0.8181 | lr: 0.00006682 | best AP50 acc: 0.8630 | best AP70 acc: 0.7603 | best mAP acc: 0.7130 | best mAR acc: 0.7690 | best Score: 0.7130 | best Score epoch: 24 
epoch 25, iter  801: loss: 0.0021 | load time: 0.0001 | back time: 0.8160 | lr: 0.00006669 | best AP50 acc: 0.8630 | best AP70 acc: 0.7603 | best mAP acc: 0.7130 | best mAR acc: 0.7690 | best Score: 0.7130 | best Score epoch: 24 
epoch 25, iter  851: loss: 0.0021 | load time: 0.0002 | back time: 0.8197 | lr: 0.00006657 | best AP50 acc: 0.8630 | best AP70 acc: 0.7603 | best mAP acc: 0.7130 | best mAR acc: 0.7690 | best Score: 0.7130 | best Score epoch: 24 
epoch 25, iter  901: loss: 0.0022 | load time: 0.0002 | back time: 0.8246 | lr: 0.00006644 | best AP50 acc: 0.8630 | best AP70 acc: 0.7603 | best mAP acc: 0.7130 | best mAR acc: 0.7690 | best Score: 0.7130 | best Score epoch: 24 
epoch 25, iter  951: loss: 0.0020 | load time: 0.0002 | back time: 0.8186 | lr: 0.00006631 | best AP50 acc: 0.8630 | best AP70 acc: 0.7603 | best mAP acc: 0.7130 | best mAR acc: 0.7690 | best Score: 0.7130 | best Score epoch: 24 
epoch 25, iter 1001: loss: 0.0022 | load time: 0.0002 | back time: 0.8183 | lr: 0.00006618 | best AP50 acc: 0.8630 | best AP70 acc: 0.7603 | best mAP acc: 0.7130 | best mAR acc: 0.7690 | best Score: 0.7130 | best Score epoch: 24 
epoch 25, iter 1051: loss: 0.0021 | load time: 0.0002 | back time: 0.8145 | lr: 0.00006606 | best AP50 acc: 0.8630 | best AP70 acc: 0.7603 | best mAP acc: 0.7130 | best mAR acc: 0.7690 | best Score: 0.7130 | best Score epoch: 24 
epoch 25, iter 1101: loss: 0.0021 | load time: 0.0001 | back time: 0.8173 | lr: 0.00006593 | best AP50 acc: 0.8630 | best AP70 acc: 0.7603 | best mAP acc: 0.7130 | best mAR acc: 0.7690 | best Score: 0.7130 | best Score epoch: 24 
epoch 25, iter 1151: loss: 0.0022 | load time: 0.0003 | back time: 0.8089 | lr: 0.00006580 | best AP50 acc: 0.8630 | best AP70 acc: 0.7603 | best mAP acc: 0.7130 | best mAR acc: 0.7690 | best Score: 0.7130 | best Score epoch: 24 
UAV_SEQS_2 | mAP50:90: 40.8497 | AP50: 74.0794 | AP70: 38.5156 
UAV_SEQS_37 | mAP50:90: 84.6448 | AP50: 98.9021 | AP70: 90.8764 
UAV_SEQS_45 | mAP50:90: 93.0520 | AP50: 100.0000 | AP70: 98.9463 
UAV_SEQS_47 | mAP50:90: 97.8666 | AP50: 100.0000 | AP70: 100.0000 
UAV_SEQS_55 | mAP50:90: 45.6393 | AP50: 67.2444 | AP70: 49.1287 
UAV_SEQS_59 | mAP50:90: 70.0628 | AP50: 96.4362 | AP70: 84.1949 
UAV_SEQS_6 | mAP50:90: 40.0365 | AP50: 55.4087 | AP70: 45.0594 
UAV_SEQS_63 | mAP50:90: 44.4287 | AP50: 96.4329 | AP70: 44.8947 
UAV_SEQS_65 | mAP50:90: 75.1783 | AP50: 92.5879 | AP70: 90.2060 
UAV_SEQS_7 | mAP50:90: 86.3645 | AP50: 100.0000 | AP70: 96.7437 
UAV_SEQS_71 | mAP50:90: 58.0922 | AP50: 92.9540 | AP70: 63.8888 
UAV_SEQS_73 | mAP50:90: 65.1920 | AP50: 89.2823 | AP70: 72.3970 
UAV_SEQS_74 | mAP50:90: 99.8889 | AP50: 100.0000 | AP70: 100.0000 
UAV_SEQS_77 | mAP50:90: 22.7120 | AP50: 28.8618 | AP70: 26.1885 
UAV_SEQS_8 | mAP50:90: 81.5413 | AP50: 100.0000 | AP70: 93.4782 
Overall            | mAP50:95: 68.8647 | AP50: 87.7092 | AP70: 75.1500 
epoch 26, iter    1: loss: 0.0021 | load time: 0.0034 | back time: 0.3684 | lr: 0.00006579 | best AP50 acc: 0.8630 | best AP70 acc: 0.7603 | best mAP acc: 0.7130 | best mAR acc: 0.7690 | best Score: 0.7130 | best Score epoch: 24 
epoch 26, iter   51: loss: 0.0021 | load time: 0.0002 | back time: 0.8072 | lr: 0.00006567 | best AP50 acc: 0.8630 | best AP70 acc: 0.7603 | best mAP acc: 0.7130 | best mAR acc: 0.7690 | best Score: 0.7130 | best Score epoch: 24 
epoch 26, iter  101: loss: 0.0021 | load time: 0.0002 | back time: 0.8141 | lr: 0.00006554 | best AP50 acc: 0.8630 | best AP70 acc: 0.7603 | best mAP acc: 0.7130 | best mAR acc: 0.7690 | best Score: 0.7130 | best Score epoch: 24 
epoch 26, iter  151: loss: 0.0020 | load time: 0.0002 | back time: 0.8146 | lr: 0.00006541 | best AP50 acc: 0.8630 | best AP70 acc: 0.7603 | best mAP acc: 0.7130 | best mAR acc: 0.7690 | best Score: 0.7130 | best Score epoch: 24 
epoch 26, iter  201: loss: 0.0021 | load time: 0.0001 | back time: 0.8165 | lr: 0.00006528 | best AP50 acc: 0.8630 | best AP70 acc: 0.7603 | best mAP acc: 0.7130 | best mAR acc: 0.7690 | best Score: 0.7130 | best Score epoch: 24 
epoch 26, iter  251: loss: 0.0020 | load time: 0.0002 | back time: 0.8199 | lr: 0.00006515 | best AP50 acc: 0.8630 | best AP70 acc: 0.7603 | best mAP acc: 0.7130 | best mAR acc: 0.7690 | best Score: 0.7130 | best Score epoch: 24 
epoch 26, iter  301: loss: 0.0021 | load time: 0.0001 | back time: 0.8168 | lr: 0.00006502 | best AP50 acc: 0.8630 | best AP70 acc: 0.7603 | best mAP acc: 0.7130 | best mAR acc: 0.7690 | best Score: 0.7130 | best Score epoch: 24 
epoch 26, iter  351: loss: 0.0021 | load time: 0.0002 | back time: 0.8196 | lr: 0.00006489 | best AP50 acc: 0.8630 | best AP70 acc: 0.7603 | best mAP acc: 0.7130 | best mAR acc: 0.7690 | best Score: 0.7130 | best Score epoch: 24 
epoch 26, iter  401: loss: 0.0021 | load time: 0.0002 | back time: 0.8199 | lr: 0.00006476 | best AP50 acc: 0.8630 | best AP70 acc: 0.7603 | best mAP acc: 0.7130 | best mAR acc: 0.7690 | best Score: 0.7130 | best Score epoch: 24 
epoch 26, iter  451: loss: 0.0021 | load time: 0.0002 | back time: 0.8170 | lr: 0.00006463 | best AP50 acc: 0.8630 | best AP70 acc: 0.7603 | best mAP acc: 0.7130 | best mAR acc: 0.7690 | best Score: 0.7130 | best Score epoch: 24 
epoch 26, iter  501: loss: 0.0020 | load time: 0.0002 | back time: 0.8181 | lr: 0.00006450 | best AP50 acc: 0.8630 | best AP70 acc: 0.7603 | best mAP acc: 0.7130 | best mAR acc: 0.7690 | best Score: 0.7130 | best Score epoch: 24 
epoch 26, iter  551: loss: 0.0020 | load time: 0.0003 | back time: 0.8180 | lr: 0.00006437 | best AP50 acc: 0.8630 | best AP70 acc: 0.7603 | best mAP acc: 0.7130 | best mAR acc: 0.7690 | best Score: 0.7130 | best Score epoch: 24 
epoch 26, iter  601: loss: 0.0021 | load time: 0.0002 | back time: 0.8162 | lr: 0.00006425 | best AP50 acc: 0.8630 | best AP70 acc: 0.7603 | best mAP acc: 0.7130 | best mAR acc: 0.7690 | best Score: 0.7130 | best Score epoch: 24 
epoch 26, iter  651: loss: 0.0021 | load time: 0.0002 | back time: 0.8158 | lr: 0.00006412 | best AP50 acc: 0.8630 | best AP70 acc: 0.7603 | best mAP acc: 0.7130 | best mAR acc: 0.7690 | best Score: 0.7130 | best Score epoch: 24 
epoch 26, iter  701: loss: 0.0021 | load time: 0.0003 | back time: 0.8163 | lr: 0.00006399 | best AP50 acc: 0.8630 | best AP70 acc: 0.7603 | best mAP acc: 0.7130 | best mAR acc: 0.7690 | best Score: 0.7130 | best Score epoch: 24 
epoch 26, iter  751: loss: 0.0021 | load time: 0.0003 | back time: 0.8176 | lr: 0.00006386 | best AP50 acc: 0.8630 | best AP70 acc: 0.7603 | best mAP acc: 0.7130 | best mAR acc: 0.7690 | best Score: 0.7130 | best Score epoch: 24 
epoch 26, iter  801: loss: 0.0021 | load time: 0.0002 | back time: 0.8178 | lr: 0.00006373 | best AP50 acc: 0.8630 | best AP70 acc: 0.7603 | best mAP acc: 0.7130 | best mAR acc: 0.7690 | best Score: 0.7130 | best Score epoch: 24 
epoch 26, iter  851: loss: 0.0022 | load time: 0.0002 | back time: 0.8178 | lr: 0.00006360 | best AP50 acc: 0.8630 | best AP70 acc: 0.7603 | best mAP acc: 0.7130 | best mAR acc: 0.7690 | best Score: 0.7130 | best Score epoch: 24 
epoch 26, iter  901: loss: 0.0021 | load time: 0.0002 | back time: 0.8167 | lr: 0.00006347 | best AP50 acc: 0.8630 | best AP70 acc: 0.7603 | best mAP acc: 0.7130 | best mAR acc: 0.7690 | best Score: 0.7130 | best Score epoch: 24 
epoch 26, iter  951: loss: 0.0021 | load time: 0.0002 | back time: 0.8170 | lr: 0.00006334 | best AP50 acc: 0.8630 | best AP70 acc: 0.7603 | best mAP acc: 0.7130 | best mAR acc: 0.7690 | best Score: 0.7130 | best Score epoch: 24 
epoch 26, iter 1001: loss: 0.0021 | load time: 0.0001 | back time: 0.8251 | lr: 0.00006320 | best AP50 acc: 0.8630 | best AP70 acc: 0.7603 | best mAP acc: 0.7130 | best mAR acc: 0.7690 | best Score: 0.7130 | best Score epoch: 24 
epoch 26, iter 1051: loss: 0.0021 | load time: 0.0002 | back time: 0.8251 | lr: 0.00006307 | best AP50 acc: 0.8630 | best AP70 acc: 0.7603 | best mAP acc: 0.7130 | best mAR acc: 0.7690 | best Score: 0.7130 | best Score epoch: 24 
epoch 26, iter 1101: loss: 0.0022 | load time: 0.0002 | back time: 0.8182 | lr: 0.00006294 | best AP50 acc: 0.8630 | best AP70 acc: 0.7603 | best mAP acc: 0.7130 | best mAR acc: 0.7690 | best Score: 0.7130 | best Score epoch: 24 
epoch 26, iter 1151: loss: 0.0021 | load time: 0.0002 | back time: 0.8169 | lr: 0.00006281 | best AP50 acc: 0.8630 | best AP70 acc: 0.7603 | best mAP acc: 0.7130 | best mAR acc: 0.7690 | best Score: 0.7130 | best Score epoch: 24 
UAV_SEQS_2 | mAP50:90: 31.6381 | AP50: 67.0345 | AP70: 26.5516 
UAV_SEQS_37 | mAP50:90: 92.4058 | AP50: 100.0000 | AP70: 97.6278 
UAV_SEQS_45 | mAP50:90: 90.8995 | AP50: 100.0000 | AP70: 95.0540 
UAV_SEQS_47 | mAP50:90: 97.6361 | AP50: 100.0000 | AP70: 100.0000 
UAV_SEQS_55 | mAP50:90: 45.3277 | AP50: 71.8694 | AP70: 47.0192 
UAV_SEQS_59 | mAP50:90: 64.1906 | AP50: 96.3822 | AP70: 75.5280 
UAV_SEQS_6 | mAP50:90: 42.3891 | AP50: 65.1619 | AP70: 45.2544 
UAV_SEQS_63 | mAP50:90: 42.6084 | AP50: 83.2097 | AP70: 44.2198 
UAV_SEQS_65 | mAP50:90: 78.5766 | AP50: 94.0397 | AP70: 90.2329 
UAV_SEQS_7 | mAP50:90: 87.5107 | AP50: 100.0000 | AP70: 100.0000 
UAV_SEQS_71 | mAP50:90: 65.0665 | AP50: 93.9078 | AP70: 69.0981 
UAV_SEQS_73 | mAP50:90: 67.5931 | AP50: 88.3381 | AP70: 75.2480 
UAV_SEQS_74 | mAP50:90: 97.3647 | AP50: 100.0000 | AP70: 100.0000 
UAV_SEQS_77 | mAP50:90: 25.1045 | AP50: 27.6254 | AP70: 27.6254 
UAV_SEQS_8 | mAP50:90: 84.9933 | AP50: 100.0000 | AP70: 94.7614 
Overall            | mAP50:95: 69.6254 | AP50: 87.3300 | AP70: 75.5339 
epoch 27, iter    1: loss: 0.0021 | load time: 0.0031 | back time: 0.3594 | lr: 0.00006281 | best AP50 acc: 0.8630 | best AP70 acc: 0.7603 | best mAP acc: 0.7130 | best mAR acc: 0.7690 | best Score: 0.7130 | best Score epoch: 24 
epoch 27, iter   51: loss: 0.0021 | load time: 0.0004 | back time: 0.8081 | lr: 0.00006268 | best AP50 acc: 0.8630 | best AP70 acc: 0.7603 | best mAP acc: 0.7130 | best mAR acc: 0.7690 | best Score: 0.7130 | best Score epoch: 24 
epoch 27, iter  101: loss: 0.0021 | load time: 0.0002 | back time: 0.8122 | lr: 0.00006255 | best AP50 acc: 0.8630 | best AP70 acc: 0.7603 | best mAP acc: 0.7130 | best mAR acc: 0.7690 | best Score: 0.7130 | best Score epoch: 24 
epoch 27, iter  151: loss: 0.0021 | load time: 0.0001 | back time: 0.8166 | lr: 0.00006241 | best AP50 acc: 0.8630 | best AP70 acc: 0.7603 | best mAP acc: 0.7130 | best mAR acc: 0.7690 | best Score: 0.7130 | best Score epoch: 24 
epoch 27, iter  201: loss: 0.0020 | load time: 0.0001 | back time: 0.8175 | lr: 0.00006228 | best AP50 acc: 0.8630 | best AP70 acc: 0.7603 | best mAP acc: 0.7130 | best mAR acc: 0.7690 | best Score: 0.7130 | best Score epoch: 24 
epoch 27, iter  251: loss: 0.0022 | load time: 0.0002 | back time: 0.8189 | lr: 0.00006215 | best AP50 acc: 0.8630 | best AP70 acc: 0.7603 | best mAP acc: 0.7130 | best mAR acc: 0.7690 | best Score: 0.7130 | best Score epoch: 24 
epoch 27, iter  301: loss: 0.0021 | load time: 0.0002 | back time: 0.8161 | lr: 0.00006202 | best AP50 acc: 0.8630 | best AP70 acc: 0.7603 | best mAP acc: 0.7130 | best mAR acc: 0.7690 | best Score: 0.7130 | best Score epoch: 24 
epoch 27, iter  351: loss: 0.0021 | load time: 0.0001 | back time: 0.8188 | lr: 0.00006189 | best AP50 acc: 0.8630 | best AP70 acc: 0.7603 | best mAP acc: 0.7130 | best mAR acc: 0.7690 | best Score: 0.7130 | best Score epoch: 24 
epoch 27, iter  401: loss: 0.0020 | load time: 0.0002 | back time: 0.8174 | lr: 0.00006176 | best AP50 acc: 0.8630 | best AP70 acc: 0.7603 | best mAP acc: 0.7130 | best mAR acc: 0.7690 | best Score: 0.7130 | best Score epoch: 24 
epoch 27, iter  451: loss: 0.0020 | load time: 0.0001 | back time: 0.8161 | lr: 0.00006163 | best AP50 acc: 0.8630 | best AP70 acc: 0.7603 | best mAP acc: 0.7130 | best mAR acc: 0.7690 | best Score: 0.7130 | best Score epoch: 24 
epoch 27, iter  501: loss: 0.0020 | load time: 0.0002 | back time: 0.8227 | lr: 0.00006150 | best AP50 acc: 0.8630 | best AP70 acc: 0.7603 | best mAP acc: 0.7130 | best mAR acc: 0.7690 | best Score: 0.7130 | best Score epoch: 24 
epoch 27, iter  551: loss: 0.0021 | load time: 0.0002 | back time: 0.8203 | lr: 0.00006136 | best AP50 acc: 0.8630 | best AP70 acc: 0.7603 | best mAP acc: 0.7130 | best mAR acc: 0.7690 | best Score: 0.7130 | best Score epoch: 24 
epoch 27, iter  601: loss: 0.0020 | load time: 0.0001 | back time: 0.8163 | lr: 0.00006123 | best AP50 acc: 0.8630 | best AP70 acc: 0.7603 | best mAP acc: 0.7130 | best mAR acc: 0.7690 | best Score: 0.7130 | best Score epoch: 24 
epoch 27, iter  651: loss: 0.0020 | load time: 0.0002 | back time: 0.8154 | lr: 0.00006110 | best AP50 acc: 0.8630 | best AP70 acc: 0.7603 | best mAP acc: 0.7130 | best mAR acc: 0.7690 | best Score: 0.7130 | best Score epoch: 24 
epoch 27, iter  701: loss: 0.0021 | load time: 0.0002 | back time: 0.8161 | lr: 0.00006097 | best AP50 acc: 0.8630 | best AP70 acc: 0.7603 | best mAP acc: 0.7130 | best mAR acc: 0.7690 | best Score: 0.7130 | best Score epoch: 24 
epoch 27, iter  751: loss: 0.0021 | load time: 0.0002 | back time: 0.8161 | lr: 0.00006084 | best AP50 acc: 0.8630 | best AP70 acc: 0.7603 | best mAP acc: 0.7130 | best mAR acc: 0.7690 | best Score: 0.7130 | best Score epoch: 24 
epoch 27, iter  801: loss: 0.0021 | load time: 0.0002 | back time: 0.8143 | lr: 0.00006070 | best AP50 acc: 0.8630 | best AP70 acc: 0.7603 | best mAP acc: 0.7130 | best mAR acc: 0.7690 | best Score: 0.7130 | best Score epoch: 24 
epoch 27, iter  851: loss: 0.0022 | load time: 0.0002 | back time: 0.8178 | lr: 0.00006057 | best AP50 acc: 0.8630 | best AP70 acc: 0.7603 | best mAP acc: 0.7130 | best mAR acc: 0.7690 | best Score: 0.7130 | best Score epoch: 24 
epoch 27, iter  901: loss: 0.0021 | load time: 0.0002 | back time: 0.8176 | lr: 0.00006044 | best AP50 acc: 0.8630 | best AP70 acc: 0.7603 | best mAP acc: 0.7130 | best mAR acc: 0.7690 | best Score: 0.7130 | best Score epoch: 24 
epoch 27, iter  951: loss: 0.0021 | load time: 0.0002 | back time: 0.8183 | lr: 0.00006031 | best AP50 acc: 0.8630 | best AP70 acc: 0.7603 | best mAP acc: 0.7130 | best mAR acc: 0.7690 | best Score: 0.7130 | best Score epoch: 24 
epoch 27, iter 1001: loss: 0.0021 | load time: 0.0002 | back time: 0.8171 | lr: 0.00006018 | best AP50 acc: 0.8630 | best AP70 acc: 0.7603 | best mAP acc: 0.7130 | best mAR acc: 0.7690 | best Score: 0.7130 | best Score epoch: 24 
epoch 27, iter 1051: loss: 0.0021 | load time: 0.0002 | back time: 0.8171 | lr: 0.00006004 | best AP50 acc: 0.8630 | best AP70 acc: 0.7603 | best mAP acc: 0.7130 | best mAR acc: 0.7690 | best Score: 0.7130 | best Score epoch: 24 
epoch 27, iter 1101: loss: 0.0021 | load time: 0.0002 | back time: 0.8184 | lr: 0.00005991 | best AP50 acc: 0.8630 | best AP70 acc: 0.7603 | best mAP acc: 0.7130 | best mAR acc: 0.7690 | best Score: 0.7130 | best Score epoch: 24 
epoch 27, iter 1151: loss: 0.0020 | load time: 0.0001 | back time: 0.8227 | lr: 0.00005978 | best AP50 acc: 0.8630 | best AP70 acc: 0.7603 | best mAP acc: 0.7130 | best mAR acc: 0.7690 | best Score: 0.7130 | best Score epoch: 24 
UAV_SEQS_2 | mAP50:90: 45.8979 | AP50: 78.6628 | AP70: 44.3618 
UAV_SEQS_37 | mAP50:90: 90.4047 | AP50: 100.0000 | AP70: 93.0499 
UAV_SEQS_45 | mAP50:90: 91.6533 | AP50: 100.0000 | AP70: 97.5948 
UAV_SEQS_47 | mAP50:90: 97.3313 | AP50: 100.0000 | AP70: 99.0066 
UAV_SEQS_55 | mAP50:90: 41.5880 | AP50: 65.0689 | AP70: 43.0055 
UAV_SEQS_59 | mAP50:90: 64.1453 | AP50: 96.4876 | AP70: 73.3703 
UAV_SEQS_6 | mAP50:90: 49.1766 | AP50: 62.8573 | AP70: 54.0490 
UAV_SEQS_63 | mAP50:90: 57.6558 | AP50: 97.8678 | AP70: 67.6519 
UAV_SEQS_65 | mAP50:90: 76.2619 | AP50: 94.6143 | AP70: 88.7595 
UAV_SEQS_7 | mAP50:90: 76.2167 | AP50: 100.0000 | AP70: 94.6581 
UAV_SEQS_71 | mAP50:90: 68.1742 | AP50: 94.4274 | AP70: 71.8617 
UAV_SEQS_73 | mAP50:90: 66.3699 | AP50: 89.8613 | AP70: 78.4658 
UAV_SEQS_74 | mAP50:90: 96.0915 | AP50: 100.0000 | AP70: 100.0000 
UAV_SEQS_77 | mAP50:90: 37.6710 | AP50: 41.9391 | AP70: 40.9630 
UAV_SEQS_8 | mAP50:90: 83.5838 | AP50: 100.0000 | AP70: 96.4170 
Overall            | mAP50:95: 71.0030 | AP50: 89.1184 | AP70: 78.4841 
epoch 28, iter    1: loss: 0.0020 | load time: 0.0041 | back time: 0.5179 | lr: 0.00005977 | best AP50 acc: 0.8630 | best AP70 acc: 0.7603 | best mAP acc: 0.7130 | best mAR acc: 0.7690 | best Score: 0.7130 | best Score epoch: 24 
epoch 28, iter   51: loss: 0.0021 | load time: 0.0002 | back time: 0.8091 | lr: 0.00005964 | best AP50 acc: 0.8630 | best AP70 acc: 0.7603 | best mAP acc: 0.7130 | best mAR acc: 0.7690 | best Score: 0.7130 | best Score epoch: 24 
epoch 28, iter  101: loss: 0.0021 | load time: 0.0002 | back time: 0.8150 | lr: 0.00005951 | best AP50 acc: 0.8630 | best AP70 acc: 0.7603 | best mAP acc: 0.7130 | best mAR acc: 0.7690 | best Score: 0.7130 | best Score epoch: 24 
epoch 28, iter  151: loss: 0.0021 | load time: 0.0002 | back time: 0.8148 | lr: 0.00005937 | best AP50 acc: 0.8630 | best AP70 acc: 0.7603 | best mAP acc: 0.7130 | best mAR acc: 0.7690 | best Score: 0.7130 | best Score epoch: 24 
epoch 28, iter  201: loss: 0.0021 | load time: 0.0002 | back time: 0.8155 | lr: 0.00005924 | best AP50 acc: 0.8630 | best AP70 acc: 0.7603 | best mAP acc: 0.7130 | best mAR acc: 0.7690 | best Score: 0.7130 | best Score epoch: 24 
epoch 28, iter  251: loss: 0.0020 | load time: 0.0002 | back time: 0.8181 | lr: 0.00005911 | best AP50 acc: 0.8630 | best AP70 acc: 0.7603 | best mAP acc: 0.7130 | best mAR acc: 0.7690 | best Score: 0.7130 | best Score epoch: 24 
epoch 28, iter  301: loss: 0.0021 | load time: 0.0002 | back time: 0.8153 | lr: 0.00005898 | best AP50 acc: 0.8630 | best AP70 acc: 0.7603 | best mAP acc: 0.7130 | best mAR acc: 0.7690 | best Score: 0.7130 | best Score epoch: 24 
epoch 28, iter  351: loss: 0.0021 | load time: 0.0002 | back time: 0.8165 | lr: 0.00005884 | best AP50 acc: 0.8630 | best AP70 acc: 0.7603 | best mAP acc: 0.7130 | best mAR acc: 0.7690 | best Score: 0.7130 | best Score epoch: 24 
epoch 28, iter  401: loss: 0.0021 | load time: 0.0002 | back time: 0.8158 | lr: 0.00005871 | best AP50 acc: 0.8630 | best AP70 acc: 0.7603 | best mAP acc: 0.7130 | best mAR acc: 0.7690 | best Score: 0.7130 | best Score epoch: 24 
epoch 28, iter  451: loss: 0.0021 | load time: 0.0002 | back time: 0.8167 | lr: 0.00005858 | best AP50 acc: 0.8630 | best AP70 acc: 0.7603 | best mAP acc: 0.7130 | best mAR acc: 0.7690 | best Score: 0.7130 | best Score epoch: 24 
epoch 28, iter  501: loss: 0.0021 | load time: 0.0003 | back time: 0.8175 | lr: 0.00005844 | best AP50 acc: 0.8630 | best AP70 acc: 0.7603 | best mAP acc: 0.7130 | best mAR acc: 0.7690 | best Score: 0.7130 | best Score epoch: 24 
epoch 28, iter  551: loss: 0.0021 | load time: 0.0001 | back time: 0.8162 | lr: 0.00005831 | best AP50 acc: 0.8630 | best AP70 acc: 0.7603 | best mAP acc: 0.7130 | best mAR acc: 0.7690 | best Score: 0.7130 | best Score epoch: 24 
epoch 28, iter  601: loss: 0.0018 | load time: 0.0003 | back time: 0.8161 | lr: 0.00005818 | best AP50 acc: 0.8630 | best AP70 acc: 0.7603 | best mAP acc: 0.7130 | best mAR acc: 0.7690 | best Score: 0.7130 | best Score epoch: 24 
epoch 28, iter  651: loss: 0.0020 | load time: 0.0002 | back time: 0.8220 | lr: 0.00005804 | best AP50 acc: 0.8630 | best AP70 acc: 0.7603 | best mAP acc: 0.7130 | best mAR acc: 0.7690 | best Score: 0.7130 | best Score epoch: 24 
epoch 28, iter  701: loss: 0.0021 | load time: 0.0001 | back time: 0.8191 | lr: 0.00005791 | best AP50 acc: 0.8630 | best AP70 acc: 0.7603 | best mAP acc: 0.7130 | best mAR acc: 0.7690 | best Score: 0.7130 | best Score epoch: 24 
epoch 28, iter  751: loss: 0.0021 | load time: 0.0002 | back time: 0.8182 | lr: 0.00005778 | best AP50 acc: 0.8630 | best AP70 acc: 0.7603 | best mAP acc: 0.7130 | best mAR acc: 0.7690 | best Score: 0.7130 | best Score epoch: 24 
epoch 28, iter  801: loss: 0.0021 | load time: 0.0003 | back time: 0.8173 | lr: 0.00005764 | best AP50 acc: 0.8630 | best AP70 acc: 0.7603 | best mAP acc: 0.7130 | best mAR acc: 0.7690 | best Score: 0.7130 | best Score epoch: 24 
epoch 28, iter  851: loss: 0.0021 | load time: 0.0003 | back time: 0.8171 | lr: 0.00005751 | best AP50 acc: 0.8630 | best AP70 acc: 0.7603 | best mAP acc: 0.7130 | best mAR acc: 0.7690 | best Score: 0.7130 | best Score epoch: 24 
epoch 28, iter  901: loss: 0.0021 | load time: 0.0001 | back time: 0.8171 | lr: 0.00005738 | best AP50 acc: 0.8630 | best AP70 acc: 0.7603 | best mAP acc: 0.7130 | best mAR acc: 0.7690 | best Score: 0.7130 | best Score epoch: 24 
epoch 28, iter  951: loss: 0.0021 | load time: 0.0002 | back time: 0.8142 | lr: 0.00005724 | best AP50 acc: 0.8630 | best AP70 acc: 0.7603 | best mAP acc: 0.7130 | best mAR acc: 0.7690 | best Score: 0.7130 | best Score epoch: 24 
epoch 28, iter 1001: loss: 0.0021 | load time: 0.0002 | back time: 0.8184 | lr: 0.00005711 | best AP50 acc: 0.8630 | best AP70 acc: 0.7603 | best mAP acc: 0.7130 | best mAR acc: 0.7690 | best Score: 0.7130 | best Score epoch: 24 
epoch 28, iter 1051: loss: 0.0019 | load time: 0.0002 | back time: 0.8163 | lr: 0.00005697 | best AP50 acc: 0.8630 | best AP70 acc: 0.7603 | best mAP acc: 0.7130 | best mAR acc: 0.7690 | best Score: 0.7130 | best Score epoch: 24 
epoch 28, iter 1101: loss: 0.0021 | load time: 0.0003 | back time: 0.8150 | lr: 0.00005684 | best AP50 acc: 0.8630 | best AP70 acc: 0.7603 | best mAP acc: 0.7130 | best mAR acc: 0.7690 | best Score: 0.7130 | best Score epoch: 24 
epoch 28, iter 1151: loss: 0.0020 | load time: 0.0001 | back time: 0.8165 | lr: 0.00005671 | best AP50 acc: 0.8630 | best AP70 acc: 0.7603 | best mAP acc: 0.7130 | best mAR acc: 0.7690 | best Score: 0.7130 | best Score epoch: 24 
UAV_SEQS_2 | mAP50:90: 38.3060 | AP50: 74.1195 | AP70: 35.0566 
UAV_SEQS_37 | mAP50:90: 91.3437 | AP50: 100.0000 | AP70: 95.8406 
UAV_SEQS_45 | mAP50:90: 91.7194 | AP50: 100.0000 | AP70: 96.4441 
UAV_SEQS_47 | mAP50:90: 94.9975 | AP50: 100.0000 | AP70: 98.9932 
UAV_SEQS_55 | mAP50:90: 44.6146 | AP50: 62.7809 | AP70: 49.1366 
UAV_SEQS_59 | mAP50:90: 65.0214 | AP50: 94.2757 | AP70: 75.9963 
UAV_SEQS_6 | mAP50:90: 44.1834 | AP50: 65.7753 | AP70: 45.6393 
UAV_SEQS_63 | mAP50:90: 40.8881 | AP50: 90.0625 | AP70: 35.9596 
UAV_SEQS_65 | mAP50:90: 77.4968 | AP50: 95.3574 | AP70: 91.8277 
UAV_SEQS_7 | mAP50:90: 77.1407 | AP50: 100.0000 | AP70: 96.2329 
UAV_SEQS_71 | mAP50:90: 55.5523 | AP50: 85.1692 | AP70: 57.3687 
UAV_SEQS_73 | mAP50:90: 70.2954 | AP50: 89.9747 | AP70: 81.9233 
UAV_SEQS_74 | mAP50:90: 99.5082 | AP50: 100.0000 | AP70: 100.0000 
UAV_SEQS_77 | mAP50:90: 20.8214 | AP50: 22.8773 | AP70: 22.8773 
UAV_SEQS_8 | mAP50:90: 87.3154 | AP50: 100.0000 | AP70: 97.7305 
Overall            | mAP50:95: 68.7291 | AP50: 86.5056 | AP70: 74.8487 
epoch 29, iter    1: loss: 0.0021 | load time: 0.0267 | back time: 0.4552 | lr: 0.00005670 | best AP50 acc: 0.8630 | best AP70 acc: 0.7603 | best mAP acc: 0.7130 | best mAR acc: 0.7690 | best Score: 0.7130 | best Score epoch: 24 
epoch 29, iter   51: loss: 0.0021 | load time: 0.0002 | back time: 0.8144 | lr: 0.00005657 | best AP50 acc: 0.8630 | best AP70 acc: 0.7603 | best mAP acc: 0.7130 | best mAR acc: 0.7690 | best Score: 0.7130 | best Score epoch: 24 
epoch 29, iter  101: loss: 0.0020 | load time: 0.0001 | back time: 0.8168 | lr: 0.00005643 | best AP50 acc: 0.8630 | best AP70 acc: 0.7603 | best mAP acc: 0.7130 | best mAR acc: 0.7690 | best Score: 0.7130 | best Score epoch: 24 
epoch 29, iter  151: loss: 0.0021 | load time: 0.0003 | back time: 0.8197 | lr: 0.00005630 | best AP50 acc: 0.8630 | best AP70 acc: 0.7603 | best mAP acc: 0.7130 | best mAR acc: 0.7690 | best Score: 0.7130 | best Score epoch: 24 
epoch 29, iter  201: loss: 0.0021 | load time: 0.0002 | back time: 0.8167 | lr: 0.00005617 | best AP50 acc: 0.8630 | best AP70 acc: 0.7603 | best mAP acc: 0.7130 | best mAR acc: 0.7690 | best Score: 0.7130 | best Score epoch: 24 
epoch 29, iter  251: loss: 0.0021 | load time: 0.0001 | back time: 0.8198 | lr: 0.00005603 | best AP50 acc: 0.8630 | best AP70 acc: 0.7603 | best mAP acc: 0.7130 | best mAR acc: 0.7690 | best Score: 0.7130 | best Score epoch: 24 
epoch 29, iter  301: loss: 0.0021 | load time: 0.0003 | back time: 0.8131 | lr: 0.00005590 | best AP50 acc: 0.8630 | best AP70 acc: 0.7603 | best mAP acc: 0.7130 | best mAR acc: 0.7690 | best Score: 0.7130 | best Score epoch: 24 
epoch 29, iter  351: loss: 0.0020 | load time: 0.0002 | back time: 0.8210 | lr: 0.00005576 | best AP50 acc: 0.8630 | best AP70 acc: 0.7603 | best mAP acc: 0.7130 | best mAR acc: 0.7690 | best Score: 0.7130 | best Score epoch: 24 
epoch 29, iter  401: loss: 0.0021 | load time: 0.0002 | back time: 0.8104 | lr: 0.00005563 | best AP50 acc: 0.8630 | best AP70 acc: 0.7603 | best mAP acc: 0.7130 | best mAR acc: 0.7690 | best Score: 0.7130 | best Score epoch: 24 
epoch 29, iter  451: loss: 0.0020 | load time: 0.0001 | back time: 0.8161 | lr: 0.00005549 | best AP50 acc: 0.8630 | best AP70 acc: 0.7603 | best mAP acc: 0.7130 | best mAR acc: 0.7690 | best Score: 0.7130 | best Score epoch: 24 
epoch 29, iter  501: loss: 0.0021 | load time: 0.0002 | back time: 0.8226 | lr: 0.00005536 | best AP50 acc: 0.8630 | best AP70 acc: 0.7603 | best mAP acc: 0.7130 | best mAR acc: 0.7690 | best Score: 0.7130 | best Score epoch: 24 
epoch 29, iter  551: loss: 0.0021 | load time: 0.0002 | back time: 0.8212 | lr: 0.00005523 | best AP50 acc: 0.8630 | best AP70 acc: 0.7603 | best mAP acc: 0.7130 | best mAR acc: 0.7690 | best Score: 0.7130 | best Score epoch: 24 
epoch 29, iter  601: loss: 0.0021 | load time: 0.0002 | back time: 0.8116 | lr: 0.00005509 | best AP50 acc: 0.8630 | best AP70 acc: 0.7603 | best mAP acc: 0.7130 | best mAR acc: 0.7690 | best Score: 0.7130 | best Score epoch: 24 
epoch 29, iter  651: loss: 0.0021 | load time: 0.0002 | back time: 0.8170 | lr: 0.00005496 | best AP50 acc: 0.8630 | best AP70 acc: 0.7603 | best mAP acc: 0.7130 | best mAR acc: 0.7690 | best Score: 0.7130 | best Score epoch: 24 
epoch 29, iter  701: loss: 0.0021 | load time: 0.0002 | back time: 0.8237 | lr: 0.00005482 | best AP50 acc: 0.8630 | best AP70 acc: 0.7603 | best mAP acc: 0.7130 | best mAR acc: 0.7690 | best Score: 0.7130 | best Score epoch: 24 
epoch 29, iter  751: loss: 0.0021 | load time: 0.0002 | back time: 0.8054 | lr: 0.00005469 | best AP50 acc: 0.8630 | best AP70 acc: 0.7603 | best mAP acc: 0.7130 | best mAR acc: 0.7690 | best Score: 0.7130 | best Score epoch: 24 
epoch 29, iter  801: loss: 0.0021 | load time: 0.0002 | back time: 0.8235 | lr: 0.00005455 | best AP50 acc: 0.8630 | best AP70 acc: 0.7603 | best mAP acc: 0.7130 | best mAR acc: 0.7690 | best Score: 0.7130 | best Score epoch: 24 
epoch 29, iter  851: loss: 0.0021 | load time: 0.0002 | back time: 0.8248 | lr: 0.00005442 | best AP50 acc: 0.8630 | best AP70 acc: 0.7603 | best mAP acc: 0.7130 | best mAR acc: 0.7690 | best Score: 0.7130 | best Score epoch: 24 
epoch 29, iter  901: loss: 0.0020 | load time: 0.0002 | back time: 0.8200 | lr: 0.00005428 | best AP50 acc: 0.8630 | best AP70 acc: 0.7603 | best mAP acc: 0.7130 | best mAR acc: 0.7690 | best Score: 0.7130 | best Score epoch: 24 
epoch 29, iter  951: loss: 0.0020 | load time: 0.0002 | back time: 0.8226 | lr: 0.00005415 | best AP50 acc: 0.8630 | best AP70 acc: 0.7603 | best mAP acc: 0.7130 | best mAR acc: 0.7690 | best Score: 0.7130 | best Score epoch: 24 
epoch 29, iter 1001: loss: 0.0020 | load time: 0.0003 | back time: 0.8225 | lr: 0.00005401 | best AP50 acc: 0.8630 | best AP70 acc: 0.7603 | best mAP acc: 0.7130 | best mAR acc: 0.7690 | best Score: 0.7130 | best Score epoch: 24 
epoch 29, iter 1051: loss: 0.0021 | load time: 0.0002 | back time: 0.8212 | lr: 0.00005388 | best AP50 acc: 0.8630 | best AP70 acc: 0.7603 | best mAP acc: 0.7130 | best mAR acc: 0.7690 | best Score: 0.7130 | best Score epoch: 24 
epoch 29, iter 1101: loss: 0.0021 | load time: 0.0001 | back time: 0.8108 | lr: 0.00005375 | best AP50 acc: 0.8630 | best AP70 acc: 0.7603 | best mAP acc: 0.7130 | best mAR acc: 0.7690 | best Score: 0.7130 | best Score epoch: 24 
epoch 29, iter 1151: loss: 0.0021 | load time: 0.0001 | back time: 0.8158 | lr: 0.00005361 | best AP50 acc: 0.8630 | best AP70 acc: 0.7603 | best mAP acc: 0.7130 | best mAR acc: 0.7690 | best Score: 0.7130 | best Score epoch: 24 
UAV_SEQS_2 | mAP50:90: 48.0893 | AP50: 78.9693 | AP70: 51.7586 
UAV_SEQS_37 | mAP50:90: 86.7686 | AP50: 98.9004 | AP70: 89.4123 
UAV_SEQS_45 | mAP50:90: 91.9780 | AP50: 100.0000 | AP70: 97.6108 
UAV_SEQS_47 | mAP50:90: 99.7516 | AP50: 100.0000 | AP70: 100.0000 
UAV_SEQS_55 | mAP50:90: 41.1038 | AP50: 61.9375 | AP70: 42.7046 
UAV_SEQS_59 | mAP50:90: 69.1582 | AP50: 95.6248 | AP70: 80.4174 
UAV_SEQS_6 | mAP50:90: 50.7522 | AP50: 72.6007 | AP70: 53.3358 
UAV_SEQS_63 | mAP50:90: 60.2257 | AP50: 98.9662 | AP70: 63.0949 
UAV_SEQS_65 | mAP50:90: 80.3446 | AP50: 93.5275 | AP70: 92.4799 
UAV_SEQS_7 | mAP50:90: 81.5795 | AP50: 100.0000 | AP70: 96.7451 
UAV_SEQS_71 | mAP50:90: 64.7367 | AP50: 90.9891 | AP70: 72.0213 
UAV_SEQS_73 | mAP50:90: 70.2522 | AP50: 90.7944 | AP70: 82.7715 
UAV_SEQS_74 | mAP50:90: 99.8900 | AP50: 100.0000 | AP70: 100.0000 
UAV_SEQS_77 | mAP50:90: 34.2335 | AP50: 40.4917 | AP70: 39.1209 
UAV_SEQS_8 | mAP50:90: 75.3275 | AP50: 100.0000 | AP70: 88.7578 
Overall            | mAP50:95: 72.3004 | AP50: 89.2692 | AP70: 78.8380 
epoch 30, iter    1: loss: 0.0021 | load time: 0.0038 | back time: 0.3806 | lr: 0.00005361 | best AP50 acc: 0.8927 | best AP70 acc: 0.7884 | best mAP acc: 0.7230 | best mAR acc: 0.7874 | best Score: 0.7230 | best Score epoch: 29 
epoch 30, iter   51: loss: 0.0021 | load time: 0.0002 | back time: 0.8050 | lr: 0.00005347 | best AP50 acc: 0.8927 | best AP70 acc: 0.7884 | best mAP acc: 0.7230 | best mAR acc: 0.7874 | best Score: 0.7230 | best Score epoch: 29 
epoch 30, iter  101: loss: 0.0019 | load time: 0.0003 | back time: 0.8117 | lr: 0.00005334 | best AP50 acc: 0.8927 | best AP70 acc: 0.7884 | best mAP acc: 0.7230 | best mAR acc: 0.7874 | best Score: 0.7230 | best Score epoch: 29 
epoch 30, iter  151: loss: 0.0021 | load time: 0.0003 | back time: 0.8202 | lr: 0.00005320 | best AP50 acc: 0.8927 | best AP70 acc: 0.7884 | best mAP acc: 0.7230 | best mAR acc: 0.7874 | best Score: 0.7230 | best Score epoch: 29 
epoch 30, iter  201: loss: 0.0021 | load time: 0.0002 | back time: 0.8233 | lr: 0.00005307 | best AP50 acc: 0.8927 | best AP70 acc: 0.7884 | best mAP acc: 0.7230 | best mAR acc: 0.7874 | best Score: 0.7230 | best Score epoch: 29 
epoch 30, iter  251: loss: 0.0021 | load time: 0.0001 | back time: 0.8066 | lr: 0.00005293 | best AP50 acc: 0.8927 | best AP70 acc: 0.7884 | best mAP acc: 0.7230 | best mAR acc: 0.7874 | best Score: 0.7230 | best Score epoch: 29 
epoch 30, iter  301: loss: 0.0019 | load time: 0.0003 | back time: 0.8209 | lr: 0.00005280 | best AP50 acc: 0.8927 | best AP70 acc: 0.7884 | best mAP acc: 0.7230 | best mAR acc: 0.7874 | best Score: 0.7230 | best Score epoch: 29 
epoch 30, iter  351: loss: 0.0020 | load time: 0.0002 | back time: 0.8263 | lr: 0.00005266 | best AP50 acc: 0.8927 | best AP70 acc: 0.7884 | best mAP acc: 0.7230 | best mAR acc: 0.7874 | best Score: 0.7230 | best Score epoch: 29 
epoch 30, iter  401: loss: 0.0021 | load time: 0.0002 | back time: 0.8221 | lr: 0.00005253 | best AP50 acc: 0.8927 | best AP70 acc: 0.7884 | best mAP acc: 0.7230 | best mAR acc: 0.7874 | best Score: 0.7230 | best Score epoch: 29 
epoch 30, iter  451: loss: 0.0020 | load time: 0.0002 | back time: 0.8113 | lr: 0.00005239 | best AP50 acc: 0.8927 | best AP70 acc: 0.7884 | best mAP acc: 0.7230 | best mAR acc: 0.7874 | best Score: 0.7230 | best Score epoch: 29 
epoch 30, iter  501: loss: 0.0021 | load time: 0.0001 | back time: 0.8223 | lr: 0.00005226 | best AP50 acc: 0.8927 | best AP70 acc: 0.7884 | best mAP acc: 0.7230 | best mAR acc: 0.7874 | best Score: 0.7230 | best Score epoch: 29 
epoch 30, iter  551: loss: 0.0021 | load time: 0.0002 | back time: 0.8118 | lr: 0.00005212 | best AP50 acc: 0.8927 | best AP70 acc: 0.7884 | best mAP acc: 0.7230 | best mAR acc: 0.7874 | best Score: 0.7230 | best Score epoch: 29 
epoch 30, iter  601: loss: 0.0021 | load time: 0.0002 | back time: 0.8029 | lr: 0.00005199 | best AP50 acc: 0.8927 | best AP70 acc: 0.7884 | best mAP acc: 0.7230 | best mAR acc: 0.7874 | best Score: 0.7230 | best Score epoch: 29 
epoch 30, iter  651: loss: 0.0020 | load time: 0.0002 | back time: 0.8186 | lr: 0.00005185 | best AP50 acc: 0.8927 | best AP70 acc: 0.7884 | best mAP acc: 0.7230 | best mAR acc: 0.7874 | best Score: 0.7230 | best Score epoch: 29 
epoch 30, iter  701: loss: 0.0019 | load time: 0.0002 | back time: 0.8191 | lr: 0.00005172 | best AP50 acc: 0.8927 | best AP70 acc: 0.7884 | best mAP acc: 0.7230 | best mAR acc: 0.7874 | best Score: 0.7230 | best Score epoch: 29 
epoch 30, iter  751: loss: 0.0021 | load time: 0.0002 | back time: 0.8231 | lr: 0.00005158 | best AP50 acc: 0.8927 | best AP70 acc: 0.7884 | best mAP acc: 0.7230 | best mAR acc: 0.7874 | best Score: 0.7230 | best Score epoch: 29 
epoch 30, iter  801: loss: 0.0021 | load time: 0.0002 | back time: 0.8195 | lr: 0.00005145 | best AP50 acc: 0.8927 | best AP70 acc: 0.7884 | best mAP acc: 0.7230 | best mAR acc: 0.7874 | best Score: 0.7230 | best Score epoch: 29 
epoch 30, iter  851: loss: 0.0021 | load time: 0.0002 | back time: 0.8095 | lr: 0.00005131 | best AP50 acc: 0.8927 | best AP70 acc: 0.7884 | best mAP acc: 0.7230 | best mAR acc: 0.7874 | best Score: 0.7230 | best Score epoch: 29 
epoch 30, iter  901: loss: 0.0021 | load time: 0.0002 | back time: 0.8132 | lr: 0.00005118 | best AP50 acc: 0.8927 | best AP70 acc: 0.7884 | best mAP acc: 0.7230 | best mAR acc: 0.7874 | best Score: 0.7230 | best Score epoch: 29 
epoch 30, iter  951: loss: 0.0020 | load time: 0.0002 | back time: 0.8211 | lr: 0.00005104 | best AP50 acc: 0.8927 | best AP70 acc: 0.7884 | best mAP acc: 0.7230 | best mAR acc: 0.7874 | best Score: 0.7230 | best Score epoch: 29 
epoch 30, iter 1001: loss: 0.0021 | load time: 0.0001 | back time: 0.8330 | lr: 0.00005091 | best AP50 acc: 0.8927 | best AP70 acc: 0.7884 | best mAP acc: 0.7230 | best mAR acc: 0.7874 | best Score: 0.7230 | best Score epoch: 29 
epoch 30, iter 1051: loss: 0.0020 | load time: 0.0002 | back time: 0.8135 | lr: 0.00005077 | best AP50 acc: 0.8927 | best AP70 acc: 0.7884 | best mAP acc: 0.7230 | best mAR acc: 0.7874 | best Score: 0.7230 | best Score epoch: 29 
epoch 30, iter 1101: loss: 0.0021 | load time: 0.0002 | back time: 0.8199 | lr: 0.00005064 | best AP50 acc: 0.8927 | best AP70 acc: 0.7884 | best mAP acc: 0.7230 | best mAR acc: 0.7874 | best Score: 0.7230 | best Score epoch: 29 
epoch 30, iter 1151: loss: 0.0019 | load time: 0.0001 | back time: 0.8197 | lr: 0.00005050 | best AP50 acc: 0.8927 | best AP70 acc: 0.7884 | best mAP acc: 0.7230 | best mAR acc: 0.7874 | best Score: 0.7230 | best Score epoch: 29 
UAV_SEQS_2 | mAP50:90: 41.3476 | AP50: 74.6841 | AP70: 42.5586 
UAV_SEQS_37 | mAP50:90: 89.2939 | AP50: 100.0000 | AP70: 93.2702 
UAV_SEQS_45 | mAP50:90: 92.0387 | AP50: 100.0000 | AP70: 94.9988 
UAV_SEQS_47 | mAP50:90: 95.4997 | AP50: 100.0000 | AP70: 99.0033 
UAV_SEQS_55 | mAP50:90: 44.3269 | AP50: 66.1588 | AP70: 45.8687 
UAV_SEQS_59 | mAP50:90: 74.9233 | AP50: 96.8058 | AP70: 91.7146 
UAV_SEQS_6 | mAP50:90: 43.5195 | AP50: 62.9816 | AP70: 44.8676 
UAV_SEQS_63 | mAP50:90: 50.6817 | AP50: 96.5373 | AP70: 50.8233 
UAV_SEQS_65 | mAP50:90: 82.3852 | AP50: 95.0780 | AP70: 92.9659 
UAV_SEQS_7 | mAP50:90: 86.9436 | AP50: 100.0000 | AP70: 96.6200 
UAV_SEQS_71 | mAP50:90: 66.2967 | AP50: 95.3013 | AP70: 71.3548 
UAV_SEQS_73 | mAP50:90: 66.9096 | AP50: 89.7136 | AP70: 73.9856 
UAV_SEQS_74 | mAP50:90: 99.8893 | AP50: 100.0000 | AP70: 100.0000 
UAV_SEQS_77 | mAP50:90: 34.9211 | AP50: 39.0631 | AP70: 38.3941 
UAV_SEQS_8 | mAP50:90: 76.5326 | AP50: 100.0000 | AP70: 86.1301 
Overall            | mAP50:95: 71.9204 | AP50: 89.3650 | AP70: 77.1492 
epoch 31, iter    1: loss: 0.0021 | load time: 0.0029 | back time: 0.4414 | lr: 0.00005050 | best AP50 acc: 0.8927 | best AP70 acc: 0.7884 | best mAP acc: 0.7230 | best mAR acc: 0.7874 | best Score: 0.7230 | best Score epoch: 29 
epoch 31, iter   51: loss: 0.0021 | load time: 0.0003 | back time: 0.8125 | lr: 0.00005036 | best AP50 acc: 0.8927 | best AP70 acc: 0.7884 | best mAP acc: 0.7230 | best mAR acc: 0.7874 | best Score: 0.7230 | best Score epoch: 29 
epoch 31, iter  101: loss: 0.0020 | load time: 0.0002 | back time: 0.8142 | lr: 0.00005023 | best AP50 acc: 0.8927 | best AP70 acc: 0.7884 | best mAP acc: 0.7230 | best mAR acc: 0.7874 | best Score: 0.7230 | best Score epoch: 29 
epoch 31, iter  151: loss: 0.0021 | load time: 0.0003 | back time: 0.8255 | lr: 0.00005009 | best AP50 acc: 0.8927 | best AP70 acc: 0.7884 | best mAP acc: 0.7230 | best mAR acc: 0.7874 | best Score: 0.7230 | best Score epoch: 29 
epoch 31, iter  201: loss: 0.0021 | load time: 0.0002 | back time: 0.8340 | lr: 0.00004996 | best AP50 acc: 0.8927 | best AP70 acc: 0.7884 | best mAP acc: 0.7230 | best mAR acc: 0.7874 | best Score: 0.7230 | best Score epoch: 29 
epoch 31, iter  251: loss: 0.0019 | load time: 0.0002 | back time: 0.8131 | lr: 0.00004982 | best AP50 acc: 0.8927 | best AP70 acc: 0.7884 | best mAP acc: 0.7230 | best mAR acc: 0.7874 | best Score: 0.7230 | best Score epoch: 29 
epoch 31, iter  301: loss: 0.0021 | load time: 0.0002 | back time: 0.8040 | lr: 0.00004969 | best AP50 acc: 0.8927 | best AP70 acc: 0.7884 | best mAP acc: 0.7230 | best mAR acc: 0.7874 | best Score: 0.7230 | best Score epoch: 29 
epoch 31, iter  351: loss: 0.0021 | load time: 0.0003 | back time: 0.8133 | lr: 0.00004955 | best AP50 acc: 0.8927 | best AP70 acc: 0.7884 | best mAP acc: 0.7230 | best mAR acc: 0.7874 | best Score: 0.7230 | best Score epoch: 29 
epoch 31, iter  401: loss: 0.0021 | load time: 0.0002 | back time: 0.8179 | lr: 0.00004942 | best AP50 acc: 0.8927 | best AP70 acc: 0.7884 | best mAP acc: 0.7230 | best mAR acc: 0.7874 | best Score: 0.7230 | best Score epoch: 29 
epoch 31, iter  451: loss: 0.0021 | load time: 0.0002 | back time: 0.8269 | lr: 0.00004928 | best AP50 acc: 0.8927 | best AP70 acc: 0.7884 | best mAP acc: 0.7230 | best mAR acc: 0.7874 | best Score: 0.7230 | best Score epoch: 29 
epoch 31, iter  501: loss: 0.0020 | load time: 0.0004 | back time: 0.8173 | lr: 0.00004915 | best AP50 acc: 0.8927 | best AP70 acc: 0.7884 | best mAP acc: 0.7230 | best mAR acc: 0.7874 | best Score: 0.7230 | best Score epoch: 29 
epoch 31, iter  551: loss: 0.0020 | load time: 0.0001 | back time: 0.8083 | lr: 0.00004901 | best AP50 acc: 0.8927 | best AP70 acc: 0.7884 | best mAP acc: 0.7230 | best mAR acc: 0.7874 | best Score: 0.7230 | best Score epoch: 29 
epoch 31, iter  601: loss: 0.0021 | load time: 0.0003 | back time: 0.8146 | lr: 0.00004888 | best AP50 acc: 0.8927 | best AP70 acc: 0.7884 | best mAP acc: 0.7230 | best mAR acc: 0.7874 | best Score: 0.7230 | best Score epoch: 29 
epoch 31, iter  651: loss: 0.0021 | load time: 0.0002 | back time: 0.8267 | lr: 0.00004874 | best AP50 acc: 0.8927 | best AP70 acc: 0.7884 | best mAP acc: 0.7230 | best mAR acc: 0.7874 | best Score: 0.7230 | best Score epoch: 29 
epoch 31, iter  701: loss: 0.0021 | load time: 0.0004 | back time: 0.8198 | lr: 0.00004861 | best AP50 acc: 0.8927 | best AP70 acc: 0.7884 | best mAP acc: 0.7230 | best mAR acc: 0.7874 | best Score: 0.7230 | best Score epoch: 29 
epoch 31, iter  751: loss: 0.0021 | load time: 0.0002 | back time: 0.8147 | lr: 0.00004847 | best AP50 acc: 0.8927 | best AP70 acc: 0.7884 | best mAP acc: 0.7230 | best mAR acc: 0.7874 | best Score: 0.7230 | best Score epoch: 29 
epoch 31, iter  801: loss: 0.0021 | load time: 0.0002 | back time: 0.8012 | lr: 0.00004834 | best AP50 acc: 0.8927 | best AP70 acc: 0.7884 | best mAP acc: 0.7230 | best mAR acc: 0.7874 | best Score: 0.7230 | best Score epoch: 29 
epoch 31, iter  851: loss: 0.0020 | load time: 0.0002 | back time: 0.8110 | lr: 0.00004820 | best AP50 acc: 0.8927 | best AP70 acc: 0.7884 | best mAP acc: 0.7230 | best mAR acc: 0.7874 | best Score: 0.7230 | best Score epoch: 29 
epoch 31, iter  901: loss: 0.0021 | load time: 0.0002 | back time: 0.8292 | lr: 0.00004807 | best AP50 acc: 0.8927 | best AP70 acc: 0.7884 | best mAP acc: 0.7230 | best mAR acc: 0.7874 | best Score: 0.7230 | best Score epoch: 29 
epoch 31, iter  951: loss: 0.0021 | load time: 0.0003 | back time: 0.8206 | lr: 0.00004793 | best AP50 acc: 0.8927 | best AP70 acc: 0.7884 | best mAP acc: 0.7230 | best mAR acc: 0.7874 | best Score: 0.7230 | best Score epoch: 29 
epoch 31, iter 1001: loss: 0.0021 | load time: 0.0002 | back time: 0.8238 | lr: 0.00004780 | best AP50 acc: 0.8927 | best AP70 acc: 0.7884 | best mAP acc: 0.7230 | best mAR acc: 0.7874 | best Score: 0.7230 | best Score epoch: 29 
epoch 31, iter 1051: loss: 0.0021 | load time: 0.0002 | back time: 0.8189 | lr: 0.00004766 | best AP50 acc: 0.8927 | best AP70 acc: 0.7884 | best mAP acc: 0.7230 | best mAR acc: 0.7874 | best Score: 0.7230 | best Score epoch: 29 
epoch 31, iter 1101: loss: 0.0021 | load time: 0.0002 | back time: 0.8110 | lr: 0.00004753 | best AP50 acc: 0.8927 | best AP70 acc: 0.7884 | best mAP acc: 0.7230 | best mAR acc: 0.7874 | best Score: 0.7230 | best Score epoch: 29 
epoch 31, iter 1151: loss: 0.0021 | load time: 0.0001 | back time: 0.8261 | lr: 0.00004739 | best AP50 acc: 0.8927 | best AP70 acc: 0.7884 | best mAP acc: 0.7230 | best mAR acc: 0.7874 | best Score: 0.7230 | best Score epoch: 29 
UAV_SEQS_2 | mAP50:90: 38.6387 | AP50: 71.8199 | AP70: 37.6258 
UAV_SEQS_37 | mAP50:90: 90.0277 | AP50: 100.0000 | AP70: 93.0921 
UAV_SEQS_45 | mAP50:90: 90.9120 | AP50: 100.0000 | AP70: 93.9442 
UAV_SEQS_47 | mAP50:90: 92.2958 | AP50: 100.0000 | AP70: 96.9922 
UAV_SEQS_55 | mAP50:90: 41.2207 | AP50: 64.4365 | AP70: 43.0320 
UAV_SEQS_59 | mAP50:90: 68.3530 | AP50: 95.5466 | AP70: 81.4398 
UAV_SEQS_6 | mAP50:90: 55.1018 | AP50: 74.2103 | AP70: 57.8600 
UAV_SEQS_63 | mAP50:90: 51.5666 | AP50: 97.5225 | AP70: 56.7391 
UAV_SEQS_65 | mAP50:90: 79.7293 | AP50: 96.0291 | AP70: 90.1601 
UAV_SEQS_7 | mAP50:90: 84.2794 | AP50: 100.0000 | AP70: 97.8855 
UAV_SEQS_71 | mAP50:90: 71.7371 | AP50: 96.7297 | AP70: 77.6653 
UAV_SEQS_73 | mAP50:90: 71.9104 | AP50: 92.5251 | AP70: 81.3921 
UAV_SEQS_74 | mAP50:90: 99.1654 | AP50: 100.0000 | AP70: 100.0000 
UAV_SEQS_77 | mAP50:90: 27.7493 | AP50: 31.8583 | AP70: 31.0282 
UAV_SEQS_8 | mAP50:90: 84.4492 | AP50: 100.0000 | AP70: 98.6953 
Overall            | mAP50:95: 71.3148 | AP50: 89.5025 | AP70: 77.6067 
epoch 32, iter    1: loss: 0.0021 | load time: 0.0034 | back time: 0.4574 | lr: 0.00004739 | best AP50 acc: 0.8927 | best AP70 acc: 0.7884 | best mAP acc: 0.7230 | best mAR acc: 0.7874 | best Score: 0.7230 | best Score epoch: 29 
epoch 32, iter   51: loss: 0.0020 | load time: 0.0003 | back time: 0.7908 | lr: 0.00004725 | best AP50 acc: 0.8927 | best AP70 acc: 0.7884 | best mAP acc: 0.7230 | best mAR acc: 0.7874 | best Score: 0.7230 | best Score epoch: 29 
epoch 32, iter  101: loss: 0.0021 | load time: 0.0003 | back time: 0.8130 | lr: 0.00004712 | best AP50 acc: 0.8927 | best AP70 acc: 0.7884 | best mAP acc: 0.7230 | best mAR acc: 0.7874 | best Score: 0.7230 | best Score epoch: 29 
epoch 32, iter  151: loss: 0.0020 | load time: 0.0002 | back time: 0.8185 | lr: 0.00004699 | best AP50 acc: 0.8927 | best AP70 acc: 0.7884 | best mAP acc: 0.7230 | best mAR acc: 0.7874 | best Score: 0.7230 | best Score epoch: 29 
epoch 32, iter  201: loss: 0.0021 | load time: 0.0001 | back time: 0.8228 | lr: 0.00004685 | best AP50 acc: 0.8927 | best AP70 acc: 0.7884 | best mAP acc: 0.7230 | best mAR acc: 0.7874 | best Score: 0.7230 | best Score epoch: 29 
epoch 32, iter  251: loss: 0.0021 | load time: 0.0002 | back time: 0.8076 | lr: 0.00004672 | best AP50 acc: 0.8927 | best AP70 acc: 0.7884 | best mAP acc: 0.7230 | best mAR acc: 0.7874 | best Score: 0.7230 | best Score epoch: 29 
epoch 32, iter  301: loss: 0.0021 | load time: 0.0002 | back time: 0.8250 | lr: 0.00004658 | best AP50 acc: 0.8927 | best AP70 acc: 0.7884 | best mAP acc: 0.7230 | best mAR acc: 0.7874 | best Score: 0.7230 | best Score epoch: 29 
epoch 32, iter  351: loss: 0.0021 | load time: 0.0002 | back time: 0.8298 | lr: 0.00004645 | best AP50 acc: 0.8927 | best AP70 acc: 0.7884 | best mAP acc: 0.7230 | best mAR acc: 0.7874 | best Score: 0.7230 | best Score epoch: 29 
epoch 32, iter  401: loss: 0.0021 | load time: 0.0001 | back time: 0.7949 | lr: 0.00004631 | best AP50 acc: 0.8927 | best AP70 acc: 0.7884 | best mAP acc: 0.7230 | best mAR acc: 0.7874 | best Score: 0.7230 | best Score epoch: 29 
epoch 32, iter  451: loss: 0.0020 | load time: 0.0003 | back time: 0.8177 | lr: 0.00004618 | best AP50 acc: 0.8927 | best AP70 acc: 0.7884 | best mAP acc: 0.7230 | best mAR acc: 0.7874 | best Score: 0.7230 | best Score epoch: 29 
epoch 32, iter  501: loss: 0.0019 | load time: 0.0002 | back time: 0.8217 | lr: 0.00004604 | best AP50 acc: 0.8927 | best AP70 acc: 0.7884 | best mAP acc: 0.7230 | best mAR acc: 0.7874 | best Score: 0.7230 | best Score epoch: 29 
epoch 32, iter  551: loss: 0.0020 | load time: 0.0002 | back time: 0.8248 | lr: 0.00004591 | best AP50 acc: 0.8927 | best AP70 acc: 0.7884 | best mAP acc: 0.7230 | best mAR acc: 0.7874 | best Score: 0.7230 | best Score epoch: 29 
epoch 32, iter  601: loss: 0.0020 | load time: 0.0003 | back time: 0.8160 | lr: 0.00004577 | best AP50 acc: 0.8927 | best AP70 acc: 0.7884 | best mAP acc: 0.7230 | best mAR acc: 0.7874 | best Score: 0.7230 | best Score epoch: 29 
epoch 32, iter  651: loss: 0.0021 | load time: 0.0003 | back time: 0.8206 | lr: 0.00004564 | best AP50 acc: 0.8927 | best AP70 acc: 0.7884 | best mAP acc: 0.7230 | best mAR acc: 0.7874 | best Score: 0.7230 | best Score epoch: 29 
epoch 32, iter  701: loss: 0.0020 | load time: 0.0001 | back time: 0.8310 | lr: 0.00004551 | best AP50 acc: 0.8927 | best AP70 acc: 0.7884 | best mAP acc: 0.7230 | best mAR acc: 0.7874 | best Score: 0.7230 | best Score epoch: 29 
epoch 32, iter  751: loss: 0.0021 | load time: 0.0002 | back time: 0.8055 | lr: 0.00004537 | best AP50 acc: 0.8927 | best AP70 acc: 0.7884 | best mAP acc: 0.7230 | best mAR acc: 0.7874 | best Score: 0.7230 | best Score epoch: 29 
epoch 32, iter  801: loss: 0.0021 | load time: 0.0001 | back time: 0.8124 | lr: 0.00004524 | best AP50 acc: 0.8927 | best AP70 acc: 0.7884 | best mAP acc: 0.7230 | best mAR acc: 0.7874 | best Score: 0.7230 | best Score epoch: 29 
epoch 32, iter  851: loss: 0.0020 | load time: 0.0001 | back time: 0.8201 | lr: 0.00004510 | best AP50 acc: 0.8927 | best AP70 acc: 0.7884 | best mAP acc: 0.7230 | best mAR acc: 0.7874 | best Score: 0.7230 | best Score epoch: 29 
epoch 32, iter  901: loss: 0.0021 | load time: 0.0001 | back time: 0.8212 | lr: 0.00004497 | best AP50 acc: 0.8927 | best AP70 acc: 0.7884 | best mAP acc: 0.7230 | best mAR acc: 0.7874 | best Score: 0.7230 | best Score epoch: 29 
epoch 32, iter  951: loss: 0.0021 | load time: 0.0003 | back time: 0.8075 | lr: 0.00004483 | best AP50 acc: 0.8927 | best AP70 acc: 0.7884 | best mAP acc: 0.7230 | best mAR acc: 0.7874 | best Score: 0.7230 | best Score epoch: 29 
epoch 32, iter 1001: loss: 0.0020 | load time: 0.0003 | back time: 0.8188 | lr: 0.00004470 | best AP50 acc: 0.8927 | best AP70 acc: 0.7884 | best mAP acc: 0.7230 | best mAR acc: 0.7874 | best Score: 0.7230 | best Score epoch: 29 
epoch 32, iter 1051: loss: 0.0020 | load time: 0.0002 | back time: 0.8206 | lr: 0.00004457 | best AP50 acc: 0.8927 | best AP70 acc: 0.7884 | best mAP acc: 0.7230 | best mAR acc: 0.7874 | best Score: 0.7230 | best Score epoch: 29 
epoch 32, iter 1101: loss: 0.0021 | load time: 0.0001 | back time: 0.8176 | lr: 0.00004443 | best AP50 acc: 0.8927 | best AP70 acc: 0.7884 | best mAP acc: 0.7230 | best mAR acc: 0.7874 | best Score: 0.7230 | best Score epoch: 29 
epoch 32, iter 1151: loss: 0.0021 | load time: 0.0003 | back time: 0.8162 | lr: 0.00004430 | best AP50 acc: 0.8927 | best AP70 acc: 0.7884 | best mAP acc: 0.7230 | best mAR acc: 0.7874 | best Score: 0.7230 | best Score epoch: 29 
UAV_SEQS_2 | mAP50:90: 42.3620 | AP50: 79.1061 | AP70: 38.8367 
UAV_SEQS_37 | mAP50:90: 90.2007 | AP50: 100.0000 | AP70: 92.9057 
UAV_SEQS_45 | mAP50:90: 92.3056 | AP50: 100.0000 | AP70: 95.0811 
UAV_SEQS_47 | mAP50:90: 95.7760 | AP50: 100.0000 | AP70: 98.0098 
UAV_SEQS_55 | mAP50:90: 42.6843 | AP50: 65.1286 | AP70: 43.0014 
UAV_SEQS_59 | mAP50:90: 65.8691 | AP50: 94.7218 | AP70: 73.6761 
UAV_SEQS_6 | mAP50:90: 46.1702 | AP50: 61.9004 | AP70: 47.8703 
UAV_SEQS_63 | mAP50:90: 60.2277 | AP50: 98.9966 | AP70: 61.8701 
UAV_SEQS_65 | mAP50:90: 76.6223 | AP50: 93.4090 | AP70: 91.1220 
UAV_SEQS_7 | mAP50:90: 79.0047 | AP50: 100.0000 | AP70: 96.6358 
UAV_SEQS_71 | mAP50:90: 67.2427 | AP50: 94.7773 | AP70: 71.8309 
UAV_SEQS_73 | mAP50:90: 67.6241 | AP50: 92.3507 | AP70: 79.2359 
UAV_SEQS_74 | mAP50:90: 99.7785 | AP50: 100.0000 | AP70: 100.0000 
UAV_SEQS_77 | mAP50:90: 30.4344 | AP50: 35.2508 | AP70: 34.5515 
UAV_SEQS_8 | mAP50:90: 87.8609 | AP50: 100.0000 | AP70: 99.0066 
Overall            | mAP50:95: 71.2180 | AP50: 89.3610 | AP70: 77.7071 
epoch 33, iter    1: loss: 0.0021 | load time: 0.0032 | back time: 0.4727 | lr: 0.00004429 | best AP50 acc: 0.8927 | best AP70 acc: 0.7884 | best mAP acc: 0.7230 | best mAR acc: 0.7874 | best Score: 0.7230 | best Score epoch: 29 
epoch 33, iter   51: loss: 0.0019 | load time: 0.0002 | back time: 0.8047 | lr: 0.00004416 | best AP50 acc: 0.8927 | best AP70 acc: 0.7884 | best mAP acc: 0.7230 | best mAR acc: 0.7874 | best Score: 0.7230 | best Score epoch: 29 
epoch 33, iter  101: loss: 0.0021 | load time: 0.0001 | back time: 0.8142 | lr: 0.00004403 | best AP50 acc: 0.8927 | best AP70 acc: 0.7884 | best mAP acc: 0.7230 | best mAR acc: 0.7874 | best Score: 0.7230 | best Score epoch: 29 
epoch 33, iter  151: loss: 0.0021 | load time: 0.0001 | back time: 0.8114 | lr: 0.00004389 | best AP50 acc: 0.8927 | best AP70 acc: 0.7884 | best mAP acc: 0.7230 | best mAR acc: 0.7874 | best Score: 0.7230 | best Score epoch: 29 
epoch 33, iter  201: loss: 0.0021 | load time: 0.0002 | back time: 0.8082 | lr: 0.00004376 | best AP50 acc: 0.8927 | best AP70 acc: 0.7884 | best mAP acc: 0.7230 | best mAR acc: 0.7874 | best Score: 0.7230 | best Score epoch: 29 
epoch 33, iter  251: loss: 0.0021 | load time: 0.0002 | back time: 0.8142 | lr: 0.00004362 | best AP50 acc: 0.8927 | best AP70 acc: 0.7884 | best mAP acc: 0.7230 | best mAR acc: 0.7874 | best Score: 0.7230 | best Score epoch: 29 
epoch 33, iter  301: loss: 0.0021 | load time: 0.0002 | back time: 0.8198 | lr: 0.00004349 | best AP50 acc: 0.8927 | best AP70 acc: 0.7884 | best mAP acc: 0.7230 | best mAR acc: 0.7874 | best Score: 0.7230 | best Score epoch: 29 
epoch 33, iter  351: loss: 0.0020 | load time: 0.0002 | back time: 0.8204 | lr: 0.00004336 | best AP50 acc: 0.8927 | best AP70 acc: 0.7884 | best mAP acc: 0.7230 | best mAR acc: 0.7874 | best Score: 0.7230 | best Score epoch: 29 
epoch 33, iter  401: loss: 0.0021 | load time: 0.0002 | back time: 0.8087 | lr: 0.00004322 | best AP50 acc: 0.8927 | best AP70 acc: 0.7884 | best mAP acc: 0.7230 | best mAR acc: 0.7874 | best Score: 0.7230 | best Score epoch: 29 
epoch 33, iter  451: loss: 0.0021 | load time: 0.0002 | back time: 0.8188 | lr: 0.00004309 | best AP50 acc: 0.8927 | best AP70 acc: 0.7884 | best mAP acc: 0.7230 | best mAR acc: 0.7874 | best Score: 0.7230 | best Score epoch: 29 
epoch 33, iter  501: loss: 0.0020 | load time: 0.0002 | back time: 0.8197 | lr: 0.00004296 | best AP50 acc: 0.8927 | best AP70 acc: 0.7884 | best mAP acc: 0.7230 | best mAR acc: 0.7874 | best Score: 0.7230 | best Score epoch: 29 
epoch 33, iter  551: loss: 0.0021 | load time: 0.0002 | back time: 0.8227 | lr: 0.00004282 | best AP50 acc: 0.8927 | best AP70 acc: 0.7884 | best mAP acc: 0.7230 | best mAR acc: 0.7874 | best Score: 0.7230 | best Score epoch: 29 
epoch 33, iter  601: loss: 0.0021 | load time: 0.0002 | back time: 0.8215 | lr: 0.00004269 | best AP50 acc: 0.8927 | best AP70 acc: 0.7884 | best mAP acc: 0.7230 | best mAR acc: 0.7874 | best Score: 0.7230 | best Score epoch: 29 
epoch 33, iter  651: loss: 0.0021 | load time: 0.0004 | back time: 0.8225 | lr: 0.00004256 | best AP50 acc: 0.8927 | best AP70 acc: 0.7884 | best mAP acc: 0.7230 | best mAR acc: 0.7874 | best Score: 0.7230 | best Score epoch: 29 
epoch 33, iter  701: loss: 0.0019 | load time: 0.0002 | back time: 0.8076 | lr: 0.00004242 | best AP50 acc: 0.8927 | best AP70 acc: 0.7884 | best mAP acc: 0.7230 | best mAR acc: 0.7874 | best Score: 0.7230 | best Score epoch: 29 
epoch 33, iter  751: loss: 0.0021 | load time: 0.0002 | back time: 0.8186 | lr: 0.00004229 | best AP50 acc: 0.8927 | best AP70 acc: 0.7884 | best mAP acc: 0.7230 | best mAR acc: 0.7874 | best Score: 0.7230 | best Score epoch: 29 
epoch 33, iter  801: loss: 0.0021 | load time: 0.0001 | back time: 0.7789 | lr: 0.00004216 | best AP50 acc: 0.8927 | best AP70 acc: 0.7884 | best mAP acc: 0.7230 | best mAR acc: 0.7874 | best Score: 0.7230 | best Score epoch: 29 
epoch 33, iter  851: loss: 0.0020 | load time: 0.0002 | back time: 0.8299 | lr: 0.00004202 | best AP50 acc: 0.8927 | best AP70 acc: 0.7884 | best mAP acc: 0.7230 | best mAR acc: 0.7874 | best Score: 0.7230 | best Score epoch: 29 
epoch 33, iter  901: loss: 0.0021 | load time: 0.0002 | back time: 0.8084 | lr: 0.00004189 | best AP50 acc: 0.8927 | best AP70 acc: 0.7884 | best mAP acc: 0.7230 | best mAR acc: 0.7874 | best Score: 0.7230 | best Score epoch: 29 
epoch 33, iter  951: loss: 0.0021 | load time: 0.0001 | back time: 0.8200 | lr: 0.00004176 | best AP50 acc: 0.8927 | best AP70 acc: 0.7884 | best mAP acc: 0.7230 | best mAR acc: 0.7874 | best Score: 0.7230 | best Score epoch: 29 
epoch 33, iter 1001: loss: 0.0021 | load time: 0.0002 | back time: 0.8216 | lr: 0.00004163 | best AP50 acc: 0.8927 | best AP70 acc: 0.7884 | best mAP acc: 0.7230 | best mAR acc: 0.7874 | best Score: 0.7230 | best Score epoch: 29 
epoch 33, iter 1051: loss: 0.0020 | load time: 0.0002 | back time: 0.8239 | lr: 0.00004149 | best AP50 acc: 0.8927 | best AP70 acc: 0.7884 | best mAP acc: 0.7230 | best mAR acc: 0.7874 | best Score: 0.7230 | best Score epoch: 29 
epoch 33, iter 1101: loss: 0.0020 | load time: 0.0003 | back time: 0.8160 | lr: 0.00004136 | best AP50 acc: 0.8927 | best AP70 acc: 0.7884 | best mAP acc: 0.7230 | best mAR acc: 0.7874 | best Score: 0.7230 | best Score epoch: 29 
epoch 33, iter 1151: loss: 0.0019 | load time: 0.0001 | back time: 0.8213 | lr: 0.00004123 | best AP50 acc: 0.8927 | best AP70 acc: 0.7884 | best mAP acc: 0.7230 | best mAR acc: 0.7874 | best Score: 0.7230 | best Score epoch: 29 
UAV_SEQS_2 | mAP50:90: 41.5218 | AP50: 79.2564 | AP70: 38.8368 
UAV_SEQS_37 | mAP50:90: 88.6565 | AP50: 100.0000 | AP70: 92.6952 
UAV_SEQS_45 | mAP50:90: 92.5288 | AP50: 100.0000 | AP70: 97.5708 
UAV_SEQS_47 | mAP50:90: 97.2758 | AP50: 100.0000 | AP70: 99.0099 
UAV_SEQS_55 | mAP50:90: 43.8526 | AP50: 64.9194 | AP70: 47.6639 
UAV_SEQS_59 | mAP50:90: 71.9604 | AP50: 96.5932 | AP70: 86.5898 
UAV_SEQS_6 | mAP50:90: 45.0081 | AP50: 68.0873 | AP70: 43.0228 
UAV_SEQS_63 | mAP50:90: 62.6253 | AP50: 98.9340 | AP70: 68.9163 
UAV_SEQS_65 | mAP50:90: 76.6967 | AP50: 93.2996 | AP70: 91.1610 
UAV_SEQS_7 | mAP50:90: 73.3987 | AP50: 98.9901 | AP70: 87.1886 
UAV_SEQS_71 | mAP50:90: 63.7676 | AP50: 92.2664 | AP70: 70.0292 
UAV_SEQS_73 | mAP50:90: 68.8238 | AP50: 90.9542 | AP70: 78.4190 
UAV_SEQS_74 | mAP50:90: 99.8900 | AP50: 100.0000 | AP70: 100.0000 
UAV_SEQS_77 | mAP50:90: 31.8355 | AP50: 37.3170 | AP70: 36.4680 
UAV_SEQS_8 | mAP50:90: 79.9024 | AP50: 100.0000 | AP70: 89.7466 
Overall            | mAP50:95: 70.7439 | AP50: 89.2982 | AP70: 77.5060 
epoch 34, iter    1: loss: 0.0021 | load time: 0.0054 | back time: 0.4541 | lr: 0.00004122 | best AP50 acc: 0.8927 | best AP70 acc: 0.7884 | best mAP acc: 0.7230 | best mAR acc: 0.7874 | best Score: 0.7230 | best Score epoch: 29 
epoch 34, iter   51: loss: 0.0020 | load time: 0.0002 | back time: 0.7938 | lr: 0.00004109 | best AP50 acc: 0.8927 | best AP70 acc: 0.7884 | best mAP acc: 0.7230 | best mAR acc: 0.7874 | best Score: 0.7230 | best Score epoch: 29 
epoch 34, iter  101: loss: 0.0020 | load time: 0.0002 | back time: 0.8177 | lr: 0.00004096 | best AP50 acc: 0.8927 | best AP70 acc: 0.7884 | best mAP acc: 0.7230 | best mAR acc: 0.7874 | best Score: 0.7230 | best Score epoch: 29 
epoch 34, iter  151: loss: 0.0019 | load time: 0.0002 | back time: 0.8166 | lr: 0.00004082 | best AP50 acc: 0.8927 | best AP70 acc: 0.7884 | best mAP acc: 0.7230 | best mAR acc: 0.7874 | best Score: 0.7230 | best Score epoch: 29 
epoch 34, iter  201: loss: 0.0020 | load time: 0.0002 | back time: 0.8188 | lr: 0.00004069 | best AP50 acc: 0.8927 | best AP70 acc: 0.7884 | best mAP acc: 0.7230 | best mAR acc: 0.7874 | best Score: 0.7230 | best Score epoch: 29 
epoch 34, iter  251: loss: 0.0021 | load time: 0.0001 | back time: 0.8106 | lr: 0.00004056 | best AP50 acc: 0.8927 | best AP70 acc: 0.7884 | best mAP acc: 0.7230 | best mAR acc: 0.7874 | best Score: 0.7230 | best Score epoch: 29 
epoch 34, iter  301: loss: 0.0021 | load time: 0.0003 | back time: 0.8186 | lr: 0.00004043 | best AP50 acc: 0.8927 | best AP70 acc: 0.7884 | best mAP acc: 0.7230 | best mAR acc: 0.7874 | best Score: 0.7230 | best Score epoch: 29 
epoch 34, iter  351: loss: 0.0021 | load time: 0.0002 | back time: 0.7654 | lr: 0.00004030 | best AP50 acc: 0.8927 | best AP70 acc: 0.7884 | best mAP acc: 0.7230 | best mAR acc: 0.7874 | best Score: 0.7230 | best Score epoch: 29 
epoch 34, iter  401: loss: 0.0021 | load time: 0.0002 | back time: 0.8183 | lr: 0.00004016 | best AP50 acc: 0.8927 | best AP70 acc: 0.7884 | best mAP acc: 0.7230 | best mAR acc: 0.7874 | best Score: 0.7230 | best Score epoch: 29 
epoch 34, iter  451: loss: 0.0019 | load time: 0.0003 | back time: 0.8307 | lr: 0.00004003 | best AP50 acc: 0.8927 | best AP70 acc: 0.7884 | best mAP acc: 0.7230 | best mAR acc: 0.7874 | best Score: 0.7230 | best Score epoch: 29 
epoch 34, iter  501: loss: 0.0021 | load time: 0.0001 | back time: 0.8139 | lr: 0.00003990 | best AP50 acc: 0.8927 | best AP70 acc: 0.7884 | best mAP acc: 0.7230 | best mAR acc: 0.7874 | best Score: 0.7230 | best Score epoch: 29 
epoch 34, iter  551: loss: 0.0021 | load time: 0.0002 | back time: 0.8135 | lr: 0.00003977 | best AP50 acc: 0.8927 | best AP70 acc: 0.7884 | best mAP acc: 0.7230 | best mAR acc: 0.7874 | best Score: 0.7230 | best Score epoch: 29 
epoch 34, iter  601: loss: 0.0021 | load time: 0.0002 | back time: 0.8195 | lr: 0.00003964 | best AP50 acc: 0.8927 | best AP70 acc: 0.7884 | best mAP acc: 0.7230 | best mAR acc: 0.7874 | best Score: 0.7230 | best Score epoch: 29 
epoch 34, iter  651: loss: 0.0020 | load time: 0.0001 | back time: 0.8080 | lr: 0.00003950 | best AP50 acc: 0.8927 | best AP70 acc: 0.7884 | best mAP acc: 0.7230 | best mAR acc: 0.7874 | best Score: 0.7230 | best Score epoch: 29 
epoch 34, iter  701: loss: 0.0020 | load time: 0.0002 | back time: 0.8149 | lr: 0.00003937 | best AP50 acc: 0.8927 | best AP70 acc: 0.7884 | best mAP acc: 0.7230 | best mAR acc: 0.7874 | best Score: 0.7230 | best Score epoch: 29 
epoch 34, iter  751: loss: 0.0020 | load time: 0.0003 | back time: 0.8199 | lr: 0.00003924 | best AP50 acc: 0.8927 | best AP70 acc: 0.7884 | best mAP acc: 0.7230 | best mAR acc: 0.7874 | best Score: 0.7230 | best Score epoch: 29 
epoch 34, iter  801: loss: 0.0020 | load time: 0.0001 | back time: 0.8230 | lr: 0.00003911 | best AP50 acc: 0.8927 | best AP70 acc: 0.7884 | best mAP acc: 0.7230 | best mAR acc: 0.7874 | best Score: 0.7230 | best Score epoch: 29 
epoch 34, iter  851: loss: 0.0019 | load time: 0.0002 | back time: 0.8125 | lr: 0.00003898 | best AP50 acc: 0.8927 | best AP70 acc: 0.7884 | best mAP acc: 0.7230 | best mAR acc: 0.7874 | best Score: 0.7230 | best Score epoch: 29 
epoch 34, iter  901: loss: 0.0021 | load time: 0.0001 | back time: 0.7558 | lr: 0.00003885 | best AP50 acc: 0.8927 | best AP70 acc: 0.7884 | best mAP acc: 0.7230 | best mAR acc: 0.7874 | best Score: 0.7230 | best Score epoch: 29 
epoch 34, iter  951: loss: 0.0019 | load time: 0.0004 | back time: 0.8264 | lr: 0.00003872 | best AP50 acc: 0.8927 | best AP70 acc: 0.7884 | best mAP acc: 0.7230 | best mAR acc: 0.7874 | best Score: 0.7230 | best Score epoch: 29 
epoch 34, iter 1001: loss: 0.0021 | load time: 0.0002 | back time: 0.8036 | lr: 0.00003859 | best AP50 acc: 0.8927 | best AP70 acc: 0.7884 | best mAP acc: 0.7230 | best mAR acc: 0.7874 | best Score: 0.7230 | best Score epoch: 29 
epoch 34, iter 1051: loss: 0.0020 | load time: 0.0002 | back time: 0.8190 | lr: 0.00003845 | best AP50 acc: 0.8927 | best AP70 acc: 0.7884 | best mAP acc: 0.7230 | best mAR acc: 0.7874 | best Score: 0.7230 | best Score epoch: 29 
epoch 34, iter 1101: loss: 0.0020 | load time: 0.0001 | back time: 0.8184 | lr: 0.00003832 | best AP50 acc: 0.8927 | best AP70 acc: 0.7884 | best mAP acc: 0.7230 | best mAR acc: 0.7874 | best Score: 0.7230 | best Score epoch: 29 
epoch 34, iter 1151: loss: 0.0020 | load time: 0.0001 | back time: 0.8152 | lr: 0.00003819 | best AP50 acc: 0.8927 | best AP70 acc: 0.7884 | best mAP acc: 0.7230 | best mAR acc: 0.7874 | best Score: 0.7230 | best Score epoch: 29 
UAV_SEQS_2 | mAP50:90: 38.1630 | AP50: 66.4487 | AP70: 37.9046 
UAV_SEQS_37 | mAP50:90: 86.4907 | AP50: 100.0000 | AP70: 90.4491 
UAV_SEQS_45 | mAP50:90: 93.6456 | AP50: 100.0000 | AP70: 98.8993 
UAV_SEQS_47 | mAP50:90: 98.6486 | AP50: 100.0000 | AP70: 100.0000 
UAV_SEQS_55 | mAP50:90: 43.4815 | AP50: 67.7469 | AP70: 41.5762 
UAV_SEQS_59 | mAP50:90: 71.8915 | AP50: 96.7531 | AP70: 88.4331 
UAV_SEQS_6 | mAP50:90: 44.0215 | AP50: 55.4633 | AP70: 46.7022 
UAV_SEQS_63 | mAP50:90: 69.8029 | AP50: 100.0000 | AP70: 75.4150 
UAV_SEQS_65 | mAP50:90: 79.3558 | AP50: 93.7902 | AP70: 91.5947 
UAV_SEQS_7 | mAP50:90: 72.2488 | AP50: 98.9934 | AP70: 84.0845 
UAV_SEQS_71 | mAP50:90: 64.9989 | AP50: 92.3950 | AP70: 70.9978 
UAV_SEQS_73 | mAP50:90: 71.9662 | AP50: 92.7534 | AP70: 83.1848 
UAV_SEQS_74 | mAP50:90: 99.5019 | AP50: 100.0000 | AP70: 100.0000 
UAV_SEQS_77 | mAP50:90: 29.8219 | AP50: 37.8459 | AP70: 36.7082 
UAV_SEQS_8 | mAP50:90: 68.8283 | AP50: 100.0000 | AP70: 78.6273 
Overall            | mAP50:95: 70.3042 | AP50: 88.3295 | AP70: 76.3623 
epoch 35, iter    1: loss: 0.0021 | load time: 0.0036 | back time: 0.3792 | lr: 0.00003819 | best AP50 acc: 0.8927 | best AP70 acc: 0.7884 | best mAP acc: 0.7230 | best mAR acc: 0.7874 | best Score: 0.7230 | best Score epoch: 29 
epoch 35, iter   51: loss: 0.0021 | load time: 0.0001 | back time: 0.7894 | lr: 0.00003806 | best AP50 acc: 0.8927 | best AP70 acc: 0.7884 | best mAP acc: 0.7230 | best mAR acc: 0.7874 | best Score: 0.7230 | best Score epoch: 29 
epoch 35, iter  101: loss: 0.0020 | load time: 0.0003 | back time: 0.8159 | lr: 0.00003793 | best AP50 acc: 0.8927 | best AP70 acc: 0.7884 | best mAP acc: 0.7230 | best mAR acc: 0.7874 | best Score: 0.7230 | best Score epoch: 29 
epoch 35, iter  151: loss: 0.0020 | load time: 0.0002 | back time: 0.8168 | lr: 0.00003780 | best AP50 acc: 0.8927 | best AP70 acc: 0.7884 | best mAP acc: 0.7230 | best mAR acc: 0.7874 | best Score: 0.7230 | best Score epoch: 29 
epoch 35, iter  201: loss: 0.0021 | load time: 0.0002 | back time: 0.8156 | lr: 0.00003766 | best AP50 acc: 0.8927 | best AP70 acc: 0.7884 | best mAP acc: 0.7230 | best mAR acc: 0.7874 | best Score: 0.7230 | best Score epoch: 29 
epoch 35, iter  251: loss: 0.0020 | load time: 0.0003 | back time: 0.8165 | lr: 0.00003753 | best AP50 acc: 0.8927 | best AP70 acc: 0.7884 | best mAP acc: 0.7230 | best mAR acc: 0.7874 | best Score: 0.7230 | best Score epoch: 29 
epoch 35, iter  301: loss: 0.0021 | load time: 0.0002 | back time: 0.8170 | lr: 0.00003740 | best AP50 acc: 0.8927 | best AP70 acc: 0.7884 | best mAP acc: 0.7230 | best mAR acc: 0.7874 | best Score: 0.7230 | best Score epoch: 29 
epoch 35, iter  351: loss: 0.0020 | load time: 0.0001 | back time: 0.8158 | lr: 0.00003727 | best AP50 acc: 0.8927 | best AP70 acc: 0.7884 | best mAP acc: 0.7230 | best mAR acc: 0.7874 | best Score: 0.7230 | best Score epoch: 29 
epoch 35, iter  401: loss: 0.0020 | load time: 0.0001 | back time: 0.8278 | lr: 0.00003714 | best AP50 acc: 0.8927 | best AP70 acc: 0.7884 | best mAP acc: 0.7230 | best mAR acc: 0.7874 | best Score: 0.7230 | best Score epoch: 29 
epoch 35, iter  451: loss: 0.0021 | load time: 0.0002 | back time: 0.8210 | lr: 0.00003701 | best AP50 acc: 0.8927 | best AP70 acc: 0.7884 | best mAP acc: 0.7230 | best mAR acc: 0.7874 | best Score: 0.7230 | best Score epoch: 29 
epoch 35, iter  501: loss: 0.0020 | load time: 0.0003 | back time: 0.8131 | lr: 0.00003688 | best AP50 acc: 0.8927 | best AP70 acc: 0.7884 | best mAP acc: 0.7230 | best mAR acc: 0.7874 | best Score: 0.7230 | best Score epoch: 29 
epoch 35, iter  551: loss: 0.0021 | load time: 0.0002 | back time: 0.8199 | lr: 0.00003675 | best AP50 acc: 0.8927 | best AP70 acc: 0.7884 | best mAP acc: 0.7230 | best mAR acc: 0.7874 | best Score: 0.7230 | best Score epoch: 29 
epoch 35, iter  601: loss: 0.0021 | load time: 0.0002 | back time: 0.8218 | lr: 0.00003663 | best AP50 acc: 0.8927 | best AP70 acc: 0.7884 | best mAP acc: 0.7230 | best mAR acc: 0.7874 | best Score: 0.7230 | best Score epoch: 29 
epoch 35, iter  651: loss: 0.0021 | load time: 0.0002 | back time: 0.8021 | lr: 0.00003650 | best AP50 acc: 0.8927 | best AP70 acc: 0.7884 | best mAP acc: 0.7230 | best mAR acc: 0.7874 | best Score: 0.7230 | best Score epoch: 29 
epoch 35, iter  701: loss: 0.0020 | load time: 0.0003 | back time: 0.8158 | lr: 0.00003637 | best AP50 acc: 0.8927 | best AP70 acc: 0.7884 | best mAP acc: 0.7230 | best mAR acc: 0.7874 | best Score: 0.7230 | best Score epoch: 29 
epoch 35, iter  751: loss: 0.0021 | load time: 0.0001 | back time: 0.8217 | lr: 0.00003624 | best AP50 acc: 0.8927 | best AP70 acc: 0.7884 | best mAP acc: 0.7230 | best mAR acc: 0.7874 | best Score: 0.7230 | best Score epoch: 29 
epoch 35, iter  801: loss: 0.0020 | load time: 0.0003 | back time: 0.8178 | lr: 0.00003611 | best AP50 acc: 0.8927 | best AP70 acc: 0.7884 | best mAP acc: 0.7230 | best mAR acc: 0.7874 | best Score: 0.7230 | best Score epoch: 29 
epoch 35, iter  851: loss: 0.0021 | load time: 0.0003 | back time: 0.8060 | lr: 0.00003598 | best AP50 acc: 0.8927 | best AP70 acc: 0.7884 | best mAP acc: 0.7230 | best mAR acc: 0.7874 | best Score: 0.7230 | best Score epoch: 29 
epoch 35, iter  901: loss: 0.0020 | load time: 0.0002 | back time: 0.8151 | lr: 0.00003585 | best AP50 acc: 0.8927 | best AP70 acc: 0.7884 | best mAP acc: 0.7230 | best mAR acc: 0.7874 | best Score: 0.7230 | best Score epoch: 29 
epoch 35, iter  951: loss: 0.0021 | load time: 0.0002 | back time: 0.8194 | lr: 0.00003572 | best AP50 acc: 0.8927 | best AP70 acc: 0.7884 | best mAP acc: 0.7230 | best mAR acc: 0.7874 | best Score: 0.7230 | best Score epoch: 29 
epoch 35, iter 1001: loss: 0.0020 | load time: 0.0002 | back time: 0.8074 | lr: 0.00003559 | best AP50 acc: 0.8927 | best AP70 acc: 0.7884 | best mAP acc: 0.7230 | best mAR acc: 0.7874 | best Score: 0.7230 | best Score epoch: 29 
epoch 35, iter 1051: loss: 0.0021 | load time: 0.0003 | back time: 0.8267 | lr: 0.00003546 | best AP50 acc: 0.8927 | best AP70 acc: 0.7884 | best mAP acc: 0.7230 | best mAR acc: 0.7874 | best Score: 0.7230 | best Score epoch: 29 
epoch 35, iter 1101: loss: 0.0021 | load time: 0.0002 | back time: 0.8223 | lr: 0.00003533 | best AP50 acc: 0.8927 | best AP70 acc: 0.7884 | best mAP acc: 0.7230 | best mAR acc: 0.7874 | best Score: 0.7230 | best Score epoch: 29 
epoch 35, iter 1151: loss: 0.0021 | load time: 0.0001 | back time: 0.8216 | lr: 0.00003521 | best AP50 acc: 0.8927 | best AP70 acc: 0.7884 | best mAP acc: 0.7230 | best mAR acc: 0.7874 | best Score: 0.7230 | best Score epoch: 29 
UAV_SEQS_2 | mAP50:90: 41.6397 | AP50: 78.0733 | AP70: 40.1414 
UAV_SEQS_37 | mAP50:90: 86.8616 | AP50: 100.0000 | AP70: 90.7129 
UAV_SEQS_45 | mAP50:90: 90.9397 | AP50: 100.0000 | AP70: 96.5438 
UAV_SEQS_47 | mAP50:90: 98.0244 | AP50: 100.0000 | AP70: 99.0099 
UAV_SEQS_55 | mAP50:90: 41.5674 | AP50: 63.3439 | AP70: 41.7522 
UAV_SEQS_59 | mAP50:90: 70.0837 | AP50: 94.3892 | AP70: 81.6098 
UAV_SEQS_6 | mAP50:90: 47.3166 | AP50: 61.2083 | AP70: 52.5003 
UAV_SEQS_63 | mAP50:90: 62.0036 | AP50: 97.7947 | AP70: 66.0998 
UAV_SEQS_65 | mAP50:90: 78.8541 | AP50: 93.7066 | AP70: 91.1129 
UAV_SEQS_7 | mAP50:90: 65.2679 | AP50: 97.8729 | AP70: 79.4009 
UAV_SEQS_71 | mAP50:90: 64.7280 | AP50: 91.6583 | AP70: 72.3020 
UAV_SEQS_73 | mAP50:90: 69.3400 | AP50: 91.2226 | AP70: 82.2880 
UAV_SEQS_74 | mAP50:90: 99.8900 | AP50: 100.0000 | AP70: 100.0000 
UAV_SEQS_77 | mAP50:90: 32.5143 | AP50: 37.9186 | AP70: 37.1113 
UAV_SEQS_8 | mAP50:90: 77.7204 | AP50: 100.0000 | AP70: 84.4724 
Overall            | mAP50:95: 69.9250 | AP50: 88.5103 | AP70: 76.4939 
epoch 36, iter    1: loss: 0.0021 | load time: 0.0041 | back time: 0.4587 | lr: 0.00003520 | best AP50 acc: 0.8927 | best AP70 acc: 0.7884 | best mAP acc: 0.7230 | best mAR acc: 0.7874 | best Score: 0.7230 | best Score epoch: 29 
epoch 36, iter   51: loss: 0.0021 | load time: 0.0002 | back time: 0.8145 | lr: 0.00003507 | best AP50 acc: 0.8927 | best AP70 acc: 0.7884 | best mAP acc: 0.7230 | best mAR acc: 0.7874 | best Score: 0.7230 | best Score epoch: 29 
epoch 36, iter  101: loss: 0.0021 | load time: 0.0002 | back time: 0.8203 | lr: 0.00003494 | best AP50 acc: 0.8927 | best AP70 acc: 0.7884 | best mAP acc: 0.7230 | best mAR acc: 0.7874 | best Score: 0.7230 | best Score epoch: 29 
epoch 36, iter  151: loss: 0.0020 | load time: 0.0002 | back time: 0.8139 | lr: 0.00003482 | best AP50 acc: 0.8927 | best AP70 acc: 0.7884 | best mAP acc: 0.7230 | best mAR acc: 0.7874 | best Score: 0.7230 | best Score epoch: 29 
epoch 36, iter  201: loss: 0.0020 | load time: 0.0002 | back time: 0.8186 | lr: 0.00003469 | best AP50 acc: 0.8927 | best AP70 acc: 0.7884 | best mAP acc: 0.7230 | best mAR acc: 0.7874 | best Score: 0.7230 | best Score epoch: 29 
epoch 36, iter  251: loss: 0.0020 | load time: 0.0002 | back time: 0.8082 | lr: 0.00003456 | best AP50 acc: 0.8927 | best AP70 acc: 0.7884 | best mAP acc: 0.7230 | best mAR acc: 0.7874 | best Score: 0.7230 | best Score epoch: 29 
epoch 36, iter  301: loss: 0.0021 | load time: 0.0001 | back time: 0.8214 | lr: 0.00003443 | best AP50 acc: 0.8927 | best AP70 acc: 0.7884 | best mAP acc: 0.7230 | best mAR acc: 0.7874 | best Score: 0.7230 | best Score epoch: 29 
epoch 36, iter  351: loss: 0.0020 | load time: 0.0003 | back time: 0.8077 | lr: 0.00003431 | best AP50 acc: 0.8927 | best AP70 acc: 0.7884 | best mAP acc: 0.7230 | best mAR acc: 0.7874 | best Score: 0.7230 | best Score epoch: 29 
epoch 36, iter  401: loss: 0.0021 | load time: 0.0002 | back time: 0.8188 | lr: 0.00003418 | best AP50 acc: 0.8927 | best AP70 acc: 0.7884 | best mAP acc: 0.7230 | best mAR acc: 0.7874 | best Score: 0.7230 | best Score epoch: 29 
epoch 36, iter  451: loss: 0.0020 | load time: 0.0002 | back time: 0.8246 | lr: 0.00003405 | best AP50 acc: 0.8927 | best AP70 acc: 0.7884 | best mAP acc: 0.7230 | best mAR acc: 0.7874 | best Score: 0.7230 | best Score epoch: 29 
epoch 36, iter  501: loss: 0.0020 | load time: 0.0002 | back time: 0.8152 | lr: 0.00003392 | best AP50 acc: 0.8927 | best AP70 acc: 0.7884 | best mAP acc: 0.7230 | best mAR acc: 0.7874 | best Score: 0.7230 | best Score epoch: 29 
epoch 36, iter  551: loss: 0.0021 | load time: 0.0002 | back time: 0.8213 | lr: 0.00003380 | best AP50 acc: 0.8927 | best AP70 acc: 0.7884 | best mAP acc: 0.7230 | best mAR acc: 0.7874 | best Score: 0.7230 | best Score epoch: 29 
epoch 36, iter  601: loss: 0.0019 | load time: 0.0001 | back time: 0.8094 | lr: 0.00003367 | best AP50 acc: 0.8927 | best AP70 acc: 0.7884 | best mAP acc: 0.7230 | best mAR acc: 0.7874 | best Score: 0.7230 | best Score epoch: 29 
epoch 36, iter  651: loss: 0.0020 | load time: 0.0003 | back time: 0.8201 | lr: 0.00003354 | best AP50 acc: 0.8927 | best AP70 acc: 0.7884 | best mAP acc: 0.7230 | best mAR acc: 0.7874 | best Score: 0.7230 | best Score epoch: 29 
epoch 36, iter  701: loss: 0.0020 | load time: 0.0002 | back time: 0.8215 | lr: 0.00003342 | best AP50 acc: 0.8927 | best AP70 acc: 0.7884 | best mAP acc: 0.7230 | best mAR acc: 0.7874 | best Score: 0.7230 | best Score epoch: 29 
epoch 36, iter  751: loss: 0.0020 | load time: 0.0002 | back time: 0.8050 | lr: 0.00003329 | best AP50 acc: 0.8927 | best AP70 acc: 0.7884 | best mAP acc: 0.7230 | best mAR acc: 0.7874 | best Score: 0.7230 | best Score epoch: 29 
epoch 36, iter  801: loss: 0.0021 | load time: 0.0002 | back time: 0.8144 | lr: 0.00003316 | best AP50 acc: 0.8927 | best AP70 acc: 0.7884 | best mAP acc: 0.7230 | best mAR acc: 0.7874 | best Score: 0.7230 | best Score epoch: 29 
epoch 36, iter  851: loss: 0.0020 | load time: 0.0002 | back time: 0.8216 | lr: 0.00003304 | best AP50 acc: 0.8927 | best AP70 acc: 0.7884 | best mAP acc: 0.7230 | best mAR acc: 0.7874 | best Score: 0.7230 | best Score epoch: 29 
epoch 36, iter  901: loss: 0.0021 | load time: 0.0002 | back time: 0.8231 | lr: 0.00003291 | best AP50 acc: 0.8927 | best AP70 acc: 0.7884 | best mAP acc: 0.7230 | best mAR acc: 0.7874 | best Score: 0.7230 | best Score epoch: 29 
epoch 36, iter  951: loss: 0.0020 | load time: 0.0004 | back time: 0.8213 | lr: 0.00003278 | best AP50 acc: 0.8927 | best AP70 acc: 0.7884 | best mAP acc: 0.7230 | best mAR acc: 0.7874 | best Score: 0.7230 | best Score epoch: 29 
epoch 36, iter 1001: loss: 0.0019 | load time: 0.0002 | back time: 0.8216 | lr: 0.00003266 | best AP50 acc: 0.8927 | best AP70 acc: 0.7884 | best mAP acc: 0.7230 | best mAR acc: 0.7874 | best Score: 0.7230 | best Score epoch: 29 
epoch 36, iter 1051: loss: 0.0020 | load time: 0.0002 | back time: 0.8137 | lr: 0.00003253 | best AP50 acc: 0.8927 | best AP70 acc: 0.7884 | best mAP acc: 0.7230 | best mAR acc: 0.7874 | best Score: 0.7230 | best Score epoch: 29 
epoch 36, iter 1101: loss: 0.0021 | load time: 0.0002 | back time: 0.8192 | lr: 0.00003241 | best AP50 acc: 0.8927 | best AP70 acc: 0.7884 | best mAP acc: 0.7230 | best mAR acc: 0.7874 | best Score: 0.7230 | best Score epoch: 29 
epoch 36, iter 1151: loss: 0.0020 | load time: 0.0001 | back time: 0.8210 | lr: 0.00003228 | best AP50 acc: 0.8927 | best AP70 acc: 0.7884 | best mAP acc: 0.7230 | best mAR acc: 0.7874 | best Score: 0.7230 | best Score epoch: 29 
UAV_SEQS_2 | mAP50:90: 35.4029 | AP50: 66.1389 | AP70: 31.5063 
UAV_SEQS_37 | mAP50:90: 87.6108 | AP50: 98.9109 | AP70: 90.4668 
UAV_SEQS_45 | mAP50:90: 93.7075 | AP50: 100.0000 | AP70: 98.8483 
UAV_SEQS_47 | mAP50:90: 97.1470 | AP50: 100.0000 | AP70: 99.0099 
UAV_SEQS_55 | mAP50:90: 41.8146 | AP50: 65.0041 | AP70: 39.0111 
UAV_SEQS_59 | mAP50:90: 74.4954 | AP50: 96.6323 | AP70: 91.0124 
UAV_SEQS_6 | mAP50:90: 50.5014 | AP50: 69.8376 | AP70: 54.4195 
UAV_SEQS_63 | mAP50:90: 63.6154 | AP50: 99.0033 | AP70: 69.1690 
UAV_SEQS_65 | mAP50:90: 78.3718 | AP50: 93.3244 | AP70: 91.0960 
UAV_SEQS_7 | mAP50:90: 76.4332 | AP50: 100.0000 | AP70: 91.5593 
UAV_SEQS_71 | mAP50:90: 66.4433 | AP50: 94.6864 | AP70: 71.0465 
UAV_SEQS_73 | mAP50:90: 68.1530 | AP50: 91.5551 | AP70: 77.4228 
UAV_SEQS_74 | mAP50:90: 99.8893 | AP50: 100.0000 | AP70: 100.0000 
UAV_SEQS_77 | mAP50:90: 31.4253 | AP50: 37.2597 | AP70: 35.6752 
UAV_SEQS_8 | mAP50:90: 79.0019 | AP50: 100.0000 | AP70: 90.9214 
Overall            | mAP50:95: 71.1754 | AP50: 88.4892 | AP70: 77.6922 
epoch 37, iter    1: loss: 0.0021 | load time: 0.0040 | back time: 0.4744 | lr: 0.00003228 | best AP50 acc: 0.8927 | best AP70 acc: 0.7884 | best mAP acc: 0.7230 | best mAR acc: 0.7874 | best Score: 0.7230 | best Score epoch: 29 
epoch 37, iter   51: loss: 0.0020 | load time: 0.0003 | back time: 0.8063 | lr: 0.00003215 | best AP50 acc: 0.8927 | best AP70 acc: 0.7884 | best mAP acc: 0.7230 | best mAR acc: 0.7874 | best Score: 0.7230 | best Score epoch: 29 
epoch 37, iter  101: loss: 0.0021 | load time: 0.0002 | back time: 0.8139 | lr: 0.00003202 | best AP50 acc: 0.8927 | best AP70 acc: 0.7884 | best mAP acc: 0.7230 | best mAR acc: 0.7874 | best Score: 0.7230 | best Score epoch: 29 
epoch 37, iter  151: loss: 0.0021 | load time: 0.0002 | back time: 0.8104 | lr: 0.00003190 | best AP50 acc: 0.8927 | best AP70 acc: 0.7884 | best mAP acc: 0.7230 | best mAR acc: 0.7874 | best Score: 0.7230 | best Score epoch: 29 
epoch 37, iter  201: loss: 0.0019 | load time: 0.0003 | back time: 0.8117 | lr: 0.00003177 | best AP50 acc: 0.8927 | best AP70 acc: 0.7884 | best mAP acc: 0.7230 | best mAR acc: 0.7874 | best Score: 0.7230 | best Score epoch: 29 
epoch 37, iter  251: loss: 0.0020 | load time: 0.0001 | back time: 0.8147 | lr: 0.00003165 | best AP50 acc: 0.8927 | best AP70 acc: 0.7884 | best mAP acc: 0.7230 | best mAR acc: 0.7874 | best Score: 0.7230 | best Score epoch: 29 
epoch 37, iter  301: loss: 0.0020 | load time: 0.0001 | back time: 0.8174 | lr: 0.00003152 | best AP50 acc: 0.8927 | best AP70 acc: 0.7884 | best mAP acc: 0.7230 | best mAR acc: 0.7874 | best Score: 0.7230 | best Score epoch: 29 
epoch 37, iter  351: loss: 0.0020 | load time: 0.0002 | back time: 0.8202 | lr: 0.00003140 | best AP50 acc: 0.8927 | best AP70 acc: 0.7884 | best mAP acc: 0.7230 | best mAR acc: 0.7874 | best Score: 0.7230 | best Score epoch: 29 
epoch 37, iter  401: loss: 0.0020 | load time: 0.0002 | back time: 0.8201 | lr: 0.00003128 | best AP50 acc: 0.8927 | best AP70 acc: 0.7884 | best mAP acc: 0.7230 | best mAR acc: 0.7874 | best Score: 0.7230 | best Score epoch: 29 
epoch 37, iter  451: loss: 0.0019 | load time: 0.0002 | back time: 0.8095 | lr: 0.00003115 | best AP50 acc: 0.8927 | best AP70 acc: 0.7884 | best mAP acc: 0.7230 | best mAR acc: 0.7874 | best Score: 0.7230 | best Score epoch: 29 
epoch 37, iter  501: loss: 0.0020 | load time: 0.0001 | back time: 0.8308 | lr: 0.00003103 | best AP50 acc: 0.8927 | best AP70 acc: 0.7884 | best mAP acc: 0.7230 | best mAR acc: 0.7874 | best Score: 0.7230 | best Score epoch: 29 
epoch 37, iter  551: loss: 0.0021 | load time: 0.0005 | back time: 0.8287 | lr: 0.00003090 | best AP50 acc: 0.8927 | best AP70 acc: 0.7884 | best mAP acc: 0.7230 | best mAR acc: 0.7874 | best Score: 0.7230 | best Score epoch: 29 
epoch 37, iter  601: loss: 0.0021 | load time: 0.0002 | back time: 0.8091 | lr: 0.00003078 | best AP50 acc: 0.8927 | best AP70 acc: 0.7884 | best mAP acc: 0.7230 | best mAR acc: 0.7874 | best Score: 0.7230 | best Score epoch: 29 
epoch 37, iter  651: loss: 0.0020 | load time: 0.0002 | back time: 0.8248 | lr: 0.00003066 | best AP50 acc: 0.8927 | best AP70 acc: 0.7884 | best mAP acc: 0.7230 | best mAR acc: 0.7874 | best Score: 0.7230 | best Score epoch: 29 
epoch 37, iter  701: loss: 0.0021 | load time: 0.0002 | back time: 0.8295 | lr: 0.00003053 | best AP50 acc: 0.8927 | best AP70 acc: 0.7884 | best mAP acc: 0.7230 | best mAR acc: 0.7874 | best Score: 0.7230 | best Score epoch: 29 
epoch 37, iter  751: loss: 0.0021 | load time: 0.0002 | back time: 0.8240 | lr: 0.00003041 | best AP50 acc: 0.8927 | best AP70 acc: 0.7884 | best mAP acc: 0.7230 | best mAR acc: 0.7874 | best Score: 0.7230 | best Score epoch: 29 
epoch 37, iter  801: loss: 0.0020 | load time: 0.0002 | back time: 0.8227 | lr: 0.00003029 | best AP50 acc: 0.8927 | best AP70 acc: 0.7884 | best mAP acc: 0.7230 | best mAR acc: 0.7874 | best Score: 0.7230 | best Score epoch: 29 
epoch 37, iter  851: loss: 0.0020 | load time: 0.0002 | back time: 0.8048 | lr: 0.00003016 | best AP50 acc: 0.8927 | best AP70 acc: 0.7884 | best mAP acc: 0.7230 | best mAR acc: 0.7874 | best Score: 0.7230 | best Score epoch: 29 
epoch 37, iter  901: loss: 0.0021 | load time: 0.0002 | back time: 0.8177 | lr: 0.00003004 | best AP50 acc: 0.8927 | best AP70 acc: 0.7884 | best mAP acc: 0.7230 | best mAR acc: 0.7874 | best Score: 0.7230 | best Score epoch: 29 
epoch 37, iter  951: loss: 0.0020 | load time: 0.0002 | back time: 0.8193 | lr: 0.00002992 | best AP50 acc: 0.8927 | best AP70 acc: 0.7884 | best mAP acc: 0.7230 | best mAR acc: 0.7874 | best Score: 0.7230 | best Score epoch: 29 
epoch 37, iter 1001: loss: 0.0021 | load time: 0.0002 | back time: 0.8217 | lr: 0.00002979 | best AP50 acc: 0.8927 | best AP70 acc: 0.7884 | best mAP acc: 0.7230 | best mAR acc: 0.7874 | best Score: 0.7230 | best Score epoch: 29 
epoch 37, iter 1051: loss: 0.0021 | load time: 0.0001 | back time: 0.8123 | lr: 0.00002967 | best AP50 acc: 0.8927 | best AP70 acc: 0.7884 | best mAP acc: 0.7230 | best mAR acc: 0.7874 | best Score: 0.7230 | best Score epoch: 29 
epoch 37, iter 1101: loss: 0.0020 | load time: 0.0002 | back time: 0.8191 | lr: 0.00002955 | best AP50 acc: 0.8927 | best AP70 acc: 0.7884 | best mAP acc: 0.7230 | best mAR acc: 0.7874 | best Score: 0.7230 | best Score epoch: 29 
epoch 37, iter 1151: loss: 0.0020 | load time: 0.0002 | back time: 0.8185 | lr: 0.00002943 | best AP50 acc: 0.8927 | best AP70 acc: 0.7884 | best mAP acc: 0.7230 | best mAR acc: 0.7874 | best Score: 0.7230 | best Score epoch: 29 
UAV_SEQS_2 | mAP50:90: 42.6872 | AP50: 78.2271 | AP70: 41.0581 
UAV_SEQS_37 | mAP50:90: 86.7211 | AP50: 98.8944 | AP70: 90.9556 
UAV_SEQS_45 | mAP50:90: 94.4163 | AP50: 100.0000 | AP70: 97.7970 
UAV_SEQS_47 | mAP50:90: 97.1239 | AP50: 100.0000 | AP70: 99.0099 
UAV_SEQS_55 | mAP50:90: 39.9381 | AP50: 61.2304 | AP70: 38.1425 
UAV_SEQS_59 | mAP50:90: 73.4235 | AP50: 95.6051 | AP70: 89.7266 
UAV_SEQS_6 | mAP50:90: 53.0132 | AP50: 70.7783 | AP70: 57.2832 
UAV_SEQS_63 | mAP50:90: 61.7805 | AP50: 99.0000 | AP70: 63.8220 
UAV_SEQS_65 | mAP50:90: 78.7816 | AP50: 93.3007 | AP70: 91.3064 
UAV_SEQS_7 | mAP50:90: 79.0320 | AP50: 100.0000 | AP70: 93.1884 
UAV_SEQS_71 | mAP50:90: 62.6513 | AP50: 92.0684 | AP70: 65.6559 
UAV_SEQS_73 | mAP50:90: 70.1650 | AP50: 92.6849 | AP70: 78.5523 
UAV_SEQS_74 | mAP50:90: 99.6360 | AP50: 100.0000 | AP70: 100.0000 
UAV_SEQS_77 | mAP50:90: 29.3850 | AP50: 34.8570 | AP70: 32.6857 
UAV_SEQS_8 | mAP50:90: 76.8386 | AP50: 100.0000 | AP70: 89.1200 
Overall            | mAP50:95: 71.5003 | AP50: 89.4007 | AP70: 77.7307 
epoch 38, iter    1: loss: 0.0019 | load time: 0.0047 | back time: 0.3770 | lr: 0.00002942 | best AP50 acc: 0.8927 | best AP70 acc: 0.7884 | best mAP acc: 0.7230 | best mAR acc: 0.7874 | best Score: 0.7230 | best Score epoch: 29 
epoch 38, iter   51: loss: 0.0020 | load time: 0.0001 | back time: 0.8089 | lr: 0.00002930 | best AP50 acc: 0.8927 | best AP70 acc: 0.7884 | best mAP acc: 0.7230 | best mAR acc: 0.7874 | best Score: 0.7230 | best Score epoch: 29 
epoch 38, iter  101: loss: 0.0021 | load time: 0.0001 | back time: 0.8195 | lr: 0.00002918 | best AP50 acc: 0.8927 | best AP70 acc: 0.7884 | best mAP acc: 0.7230 | best mAR acc: 0.7874 | best Score: 0.7230 | best Score epoch: 29 
epoch 38, iter  151: loss: 0.0021 | load time: 0.0002 | back time: 0.8210 | lr: 0.00002906 | best AP50 acc: 0.8927 | best AP70 acc: 0.7884 | best mAP acc: 0.7230 | best mAR acc: 0.7874 | best Score: 0.7230 | best Score epoch: 29 
epoch 38, iter  201: loss: 0.0021 | load time: 0.0002 | back time: 0.8079 | lr: 0.00002893 | best AP50 acc: 0.8927 | best AP70 acc: 0.7884 | best mAP acc: 0.7230 | best mAR acc: 0.7874 | best Score: 0.7230 | best Score epoch: 29 
epoch 38, iter  251: loss: 0.0021 | load time: 0.0002 | back time: 0.8181 | lr: 0.00002881 | best AP50 acc: 0.8927 | best AP70 acc: 0.7884 | best mAP acc: 0.7230 | best mAR acc: 0.7874 | best Score: 0.7230 | best Score epoch: 29 
epoch 38, iter  301: loss: 0.0021 | load time: 0.0001 | back time: 0.8198 | lr: 0.00002869 | best AP50 acc: 0.8927 | best AP70 acc: 0.7884 | best mAP acc: 0.7230 | best mAR acc: 0.7874 | best Score: 0.7230 | best Score epoch: 29 
epoch 38, iter  351: loss: 0.0020 | load time: 0.0003 | back time: 0.8195 | lr: 0.00002857 | best AP50 acc: 0.8927 | best AP70 acc: 0.7884 | best mAP acc: 0.7230 | best mAR acc: 0.7874 | best Score: 0.7230 | best Score epoch: 29 
epoch 38, iter  401: loss: 0.0021 | load time: 0.0002 | back time: 0.8144 | lr: 0.00002845 | best AP50 acc: 0.8927 | best AP70 acc: 0.7884 | best mAP acc: 0.7230 | best mAR acc: 0.7874 | best Score: 0.7230 | best Score epoch: 29 
epoch 38, iter  451: loss: 0.0020 | load time: 0.0002 | back time: 0.8192 | lr: 0.00002833 | best AP50 acc: 0.8927 | best AP70 acc: 0.7884 | best mAP acc: 0.7230 | best mAR acc: 0.7874 | best Score: 0.7230 | best Score epoch: 29 
epoch 38, iter  501: loss: 0.0020 | load time: 0.0003 | back time: 0.8183 | lr: 0.00002821 | best AP50 acc: 0.8927 | best AP70 acc: 0.7884 | best mAP acc: 0.7230 | best mAR acc: 0.7874 | best Score: 0.7230 | best Score epoch: 29 
epoch 38, iter  551: loss: 0.0020 | load time: 0.0002 | back time: 0.8016 | lr: 0.00002809 | best AP50 acc: 0.8927 | best AP70 acc: 0.7884 | best mAP acc: 0.7230 | best mAR acc: 0.7874 | best Score: 0.7230 | best Score epoch: 29 
epoch 38, iter  601: loss: 0.0021 | load time: 0.0003 | back time: 0.8176 | lr: 0.00002797 | best AP50 acc: 0.8927 | best AP70 acc: 0.7884 | best mAP acc: 0.7230 | best mAR acc: 0.7874 | best Score: 0.7230 | best Score epoch: 29 
epoch 38, iter  651: loss: 0.0020 | load time: 0.0001 | back time: 0.8197 | lr: 0.00002785 | best AP50 acc: 0.8927 | best AP70 acc: 0.7884 | best mAP acc: 0.7230 | best mAR acc: 0.7874 | best Score: 0.7230 | best Score epoch: 29 
epoch 38, iter  701: loss: 0.0021 | load time: 0.0002 | back time: 0.8224 | lr: 0.00002773 | best AP50 acc: 0.8927 | best AP70 acc: 0.7884 | best mAP acc: 0.7230 | best mAR acc: 0.7874 | best Score: 0.7230 | best Score epoch: 29 
epoch 38, iter  751: loss: 0.0020 | load time: 0.0002 | back time: 0.8087 | lr: 0.00002761 | best AP50 acc: 0.8927 | best AP70 acc: 0.7884 | best mAP acc: 0.7230 | best mAR acc: 0.7874 | best Score: 0.7230 | best Score epoch: 29 
epoch 38, iter  801: loss: 0.0020 | load time: 0.0002 | back time: 0.8261 | lr: 0.00002749 | best AP50 acc: 0.8927 | best AP70 acc: 0.7884 | best mAP acc: 0.7230 | best mAR acc: 0.7874 | best Score: 0.7230 | best Score epoch: 29 
epoch 38, iter  851: loss: 0.0020 | load time: 0.0001 | back time: 0.8372 | lr: 0.00002737 | best AP50 acc: 0.8927 | best AP70 acc: 0.7884 | best mAP acc: 0.7230 | best mAR acc: 0.7874 | best Score: 0.7230 | best Score epoch: 29 
epoch 38, iter  901: loss: 0.0021 | load time: 0.0002 | back time: 0.8115 | lr: 0.00002725 | best AP50 acc: 0.8927 | best AP70 acc: 0.7884 | best mAP acc: 0.7230 | best mAR acc: 0.7874 | best Score: 0.7230 | best Score epoch: 29 
epoch 38, iter  951: loss: 0.0021 | load time: 0.0003 | back time: 0.8162 | lr: 0.00002713 | best AP50 acc: 0.8927 | best AP70 acc: 0.7884 | best mAP acc: 0.7230 | best mAR acc: 0.7874 | best Score: 0.7230 | best Score epoch: 29 
epoch 38, iter 1001: loss: 0.0021 | load time: 0.0002 | back time: 0.8188 | lr: 0.00002701 | best AP50 acc: 0.8927 | best AP70 acc: 0.7884 | best mAP acc: 0.7230 | best mAR acc: 0.7874 | best Score: 0.7230 | best Score epoch: 29 
epoch 38, iter 1051: loss: 0.0020 | load time: 0.0002 | back time: 0.8209 | lr: 0.00002689 | best AP50 acc: 0.8927 | best AP70 acc: 0.7884 | best mAP acc: 0.7230 | best mAR acc: 0.7874 | best Score: 0.7230 | best Score epoch: 29 
epoch 38, iter 1101: loss: 0.0020 | load time: 0.0003 | back time: 0.8108 | lr: 0.00002677 | best AP50 acc: 0.8927 | best AP70 acc: 0.7884 | best mAP acc: 0.7230 | best mAR acc: 0.7874 | best Score: 0.7230 | best Score epoch: 29 
epoch 38, iter 1151: loss: 0.0021 | load time: 0.0001 | back time: 0.8182 | lr: 0.00002666 | best AP50 acc: 0.8927 | best AP70 acc: 0.7884 | best mAP acc: 0.7230 | best mAR acc: 0.7874 | best Score: 0.7230 | best Score epoch: 29 
UAV_SEQS_2 | mAP50:90: 36.3033 | AP50: 66.5106 | AP70: 35.0004 
UAV_SEQS_37 | mAP50:90: 87.0237 | AP50: 100.0000 | AP70: 91.6997 
UAV_SEQS_45 | mAP50:90: 93.6241 | AP50: 100.0000 | AP70: 97.6390 
UAV_SEQS_47 | mAP50:90: 96.5957 | AP50: 100.0000 | AP70: 99.0066 
UAV_SEQS_55 | mAP50:90: 37.7936 | AP50: 59.9727 | AP70: 36.4626 
UAV_SEQS_59 | mAP50:90: 74.6208 | AP50: 97.9177 | AP70: 90.2242 
UAV_SEQS_6 | mAP50:90: 52.8086 | AP50: 68.7297 | AP70: 54.4934 
UAV_SEQS_63 | mAP50:90: 54.1731 | AP50: 94.9998 | AP70: 53.8843 
UAV_SEQS_65 | mAP50:90: 77.8249 | AP50: 93.6887 | AP70: 91.6331 
UAV_SEQS_7 | mAP50:90: 78.5139 | AP50: 98.9868 | AP70: 93.0624 
UAV_SEQS_71 | mAP50:90: 66.3437 | AP50: 90.8862 | AP70: 75.1116 
UAV_SEQS_73 | mAP50:90: 67.0732 | AP50: 91.6053 | AP70: 75.7734 
UAV_SEQS_74 | mAP50:90: 99.7744 | AP50: 100.0000 | AP70: 100.0000 
UAV_SEQS_77 | mAP50:90: 28.8249 | AP50: 34.8547 | AP70: 33.8723 
UAV_SEQS_8 | mAP50:90: 69.6609 | AP50: 97.7776 | AP70: 80.7222 
Overall            | mAP50:95: 69.7540 | AP50: 88.2466 | AP70: 76.6255 
epoch 39, iter    1: loss: 0.0021 | load time: 0.0044 | back time: 0.3906 | lr: 0.00002665 | best AP50 acc: 0.8927 | best AP70 acc: 0.7884 | best mAP acc: 0.7230 | best mAR acc: 0.7874 | best Score: 0.7230 | best Score epoch: 29 
epoch 39, iter   51: loss: 0.0020 | load time: 0.0003 | back time: 0.7947 | lr: 0.00002653 | best AP50 acc: 0.8927 | best AP70 acc: 0.7884 | best mAP acc: 0.7230 | best mAR acc: 0.7874 | best Score: 0.7230 | best Score epoch: 29 
epoch 39, iter  101: loss: 0.0021 | load time: 0.0003 | back time: 0.8120 | lr: 0.00002641 | best AP50 acc: 0.8927 | best AP70 acc: 0.7884 | best mAP acc: 0.7230 | best mAR acc: 0.7874 | best Score: 0.7230 | best Score epoch: 29 
epoch 39, iter  151: loss: 0.0020 | load time: 0.0002 | back time: 0.8207 | lr: 0.00002630 | best AP50 acc: 0.8927 | best AP70 acc: 0.7884 | best mAP acc: 0.7230 | best mAR acc: 0.7874 | best Score: 0.7230 | best Score epoch: 29 
epoch 39, iter  201: loss: 0.0021 | load time: 0.0001 | back time: 0.8217 | lr: 0.00002618 | best AP50 acc: 0.8927 | best AP70 acc: 0.7884 | best mAP acc: 0.7230 | best mAR acc: 0.7874 | best Score: 0.7230 | best Score epoch: 29 
epoch 39, iter  251: loss: 0.0021 | load time: 0.0002 | back time: 0.8132 | lr: 0.00002606 | best AP50 acc: 0.8927 | best AP70 acc: 0.7884 | best mAP acc: 0.7230 | best mAR acc: 0.7874 | best Score: 0.7230 | best Score epoch: 29 
epoch 39, iter  301: loss: 0.0021 | load time: 0.0002 | back time: 0.8192 | lr: 0.00002594 | best AP50 acc: 0.8927 | best AP70 acc: 0.7884 | best mAP acc: 0.7230 | best mAR acc: 0.7874 | best Score: 0.7230 | best Score epoch: 29 
epoch 39, iter  351: loss: 0.0020 | load time: 0.0002 | back time: 0.8224 | lr: 0.00002583 | best AP50 acc: 0.8927 | best AP70 acc: 0.7884 | best mAP acc: 0.7230 | best mAR acc: 0.7874 | best Score: 0.7230 | best Score epoch: 29 
epoch 39, iter  401: loss: 0.0020 | load time: 0.0001 | back time: 0.8080 | lr: 0.00002571 | best AP50 acc: 0.8927 | best AP70 acc: 0.7884 | best mAP acc: 0.7230 | best mAR acc: 0.7874 | best Score: 0.7230 | best Score epoch: 29 
epoch 39, iter  451: loss: 0.0021 | load time: 0.0003 | back time: 0.8187 | lr: 0.00002559 | best AP50 acc: 0.8927 | best AP70 acc: 0.7884 | best mAP acc: 0.7230 | best mAR acc: 0.7874 | best Score: 0.7230 | best Score epoch: 29 
epoch 39, iter  501: loss: 0.0020 | load time: 0.0003 | back time: 0.8162 | lr: 0.00002548 | best AP50 acc: 0.8927 | best AP70 acc: 0.7884 | best mAP acc: 0.7230 | best mAR acc: 0.7874 | best Score: 0.7230 | best Score epoch: 29 
epoch 39, iter  551: loss: 0.0020 | load time: 0.0003 | back time: 0.8176 | lr: 0.00002536 | best AP50 acc: 0.8927 | best AP70 acc: 0.7884 | best mAP acc: 0.7230 | best mAR acc: 0.7874 | best Score: 0.7230 | best Score epoch: 29 
epoch 39, iter  601: loss: 0.0019 | load time: 0.0002 | back time: 0.8095 | lr: 0.00002524 | best AP50 acc: 0.8927 | best AP70 acc: 0.7884 | best mAP acc: 0.7230 | best mAR acc: 0.7874 | best Score: 0.7230 | best Score epoch: 29 
epoch 39, iter  651: loss: 0.0020 | load time: 0.0002 | back time: 0.8061 | lr: 0.00002513 | best AP50 acc: 0.8927 | best AP70 acc: 0.7884 | best mAP acc: 0.7230 | best mAR acc: 0.7874 | best Score: 0.7230 | best Score epoch: 29 
epoch 39, iter  701: loss: 0.0020 | load time: 0.0002 | back time: 0.8170 | lr: 0.00002501 | best AP50 acc: 0.8927 | best AP70 acc: 0.7884 | best mAP acc: 0.7230 | best mAR acc: 0.7874 | best Score: 0.7230 | best Score epoch: 29 
epoch 39, iter  751: loss: 0.0020 | load time: 0.0002 | back time: 0.8268 | lr: 0.00002490 | best AP50 acc: 0.8927 | best AP70 acc: 0.7884 | best mAP acc: 0.7230 | best mAR acc: 0.7874 | best Score: 0.7230 | best Score epoch: 29 
epoch 39, iter  801: loss: 0.0021 | load time: 0.0002 | back time: 0.8162 | lr: 0.00002478 | best AP50 acc: 0.8927 | best AP70 acc: 0.7884 | best mAP acc: 0.7230 | best mAR acc: 0.7874 | best Score: 0.7230 | best Score epoch: 29 
epoch 39, iter  851: loss: 0.0020 | load time: 0.0002 | back time: 0.8196 | lr: 0.00002467 | best AP50 acc: 0.8927 | best AP70 acc: 0.7884 | best mAP acc: 0.7230 | best mAR acc: 0.7874 | best Score: 0.7230 | best Score epoch: 29 
epoch 39, iter  901: loss: 0.0021 | load time: 0.0002 | back time: 0.8127 | lr: 0.00002455 | best AP50 acc: 0.8927 | best AP70 acc: 0.7884 | best mAP acc: 0.7230 | best mAR acc: 0.7874 | best Score: 0.7230 | best Score epoch: 29 
epoch 39, iter  951: loss: 0.0020 | load time: 0.0003 | back time: 0.8193 | lr: 0.00002444 | best AP50 acc: 0.8927 | best AP70 acc: 0.7884 | best mAP acc: 0.7230 | best mAR acc: 0.7874 | best Score: 0.7230 | best Score epoch: 29 
epoch 39, iter 1001: loss: 0.0021 | load time: 0.0002 | back time: 0.8145 | lr: 0.00002432 | best AP50 acc: 0.8927 | best AP70 acc: 0.7884 | best mAP acc: 0.7230 | best mAR acc: 0.7874 | best Score: 0.7230 | best Score epoch: 29 
epoch 39, iter 1051: loss: 0.0020 | load time: 0.0002 | back time: 0.8139 | lr: 0.00002421 | best AP50 acc: 0.8927 | best AP70 acc: 0.7884 | best mAP acc: 0.7230 | best mAR acc: 0.7874 | best Score: 0.7230 | best Score epoch: 29 
epoch 39, iter 1101: loss: 0.0021 | load time: 0.0003 | back time: 0.8219 | lr: 0.00002409 | best AP50 acc: 0.8927 | best AP70 acc: 0.7884 | best mAP acc: 0.7230 | best mAR acc: 0.7874 | best Score: 0.7230 | best Score epoch: 29 
epoch 39, iter 1151: loss: 0.0020 | load time: 0.0001 | back time: 0.8194 | lr: 0.00002398 | best AP50 acc: 0.8927 | best AP70 acc: 0.7884 | best mAP acc: 0.7230 | best mAR acc: 0.7874 | best Score: 0.7230 | best Score epoch: 29 
UAV_SEQS_2 | mAP50:90: 34.3951 | AP50: 65.9944 | AP70: 30.9741 
UAV_SEQS_37 | mAP50:90: 87.7789 | AP50: 100.0000 | AP70: 92.9143 
UAV_SEQS_45 | mAP50:90: 92.5763 | AP50: 100.0000 | AP70: 97.5692 
UAV_SEQS_47 | mAP50:90: 96.6813 | AP50: 100.0000 | AP70: 99.0033 
UAV_SEQS_55 | mAP50:90: 37.6486 | AP50: 60.1487 | AP70: 36.6071 
UAV_SEQS_59 | mAP50:90: 72.8530 | AP50: 96.7200 | AP70: 87.1517 
UAV_SEQS_6 | mAP50:90: 50.4632 | AP50: 64.5143 | AP70: 52.5472 
UAV_SEQS_63 | mAP50:90: 60.9080 | AP50: 96.4934 | AP70: 61.5824 
UAV_SEQS_65 | mAP50:90: 77.9400 | AP50: 94.6132 | AP70: 91.2749 
UAV_SEQS_7 | mAP50:90: 76.1798 | AP50: 100.0000 | AP70: 92.0652 
UAV_SEQS_71 | mAP50:90: 66.4979 | AP50: 92.0445 | AP70: 73.1317 
UAV_SEQS_73 | mAP50:90: 69.1374 | AP50: 91.6679 | AP70: 79.7212 
UAV_SEQS_74 | mAP50:90: 99.6582 | AP50: 100.0000 | AP70: 100.0000 
UAV_SEQS_77 | mAP50:90: 30.8714 | AP50: 35.9318 | AP70: 34.5526 
UAV_SEQS_8 | mAP50:90: 72.5518 | AP50: 97.8587 | AP70: 82.8416 
Overall            | mAP50:95: 69.8641 | AP50: 88.1829 | AP70: 76.2280 
