epoch  1, iter    1: loss: 0.6863 | load time: 0.1152 | back time: 1.7593 | lr: 0.00000012 | best AP50 acc: 0.0000 | best AP70 acc: 0.0000 | best mAP acc: 0.0000 | best mAR acc: 0.0000 | best Score: 0.0000 | best Score epoch: -1 
epoch  1, iter   51: loss: 0.4838 | load time: 0.0004 | back time: 0.8250 | lr: 0.00000098 | best AP50 acc: 0.0000 | best AP70 acc: 0.0000 | best mAP acc: 0.0000 | best mAR acc: 0.0000 | best Score: 0.0000 | best Score epoch: -1 
epoch  1, iter  101: loss: 0.3232 | load time: 0.0001 | back time: 0.8274 | lr: 0.00000185 | best AP50 acc: 0.0000 | best AP70 acc: 0.0000 | best mAP acc: 0.0000 | best mAR acc: 0.0000 | best Score: 0.0000 | best Score epoch: -1 
epoch  1, iter  151: loss: 0.1614 | load time: 0.0001 | back time: 0.8276 | lr: 0.00000272 | best AP50 acc: 0.0000 | best AP70 acc: 0.0000 | best mAP acc: 0.0000 | best mAR acc: 0.0000 | best Score: 0.0000 | best Score epoch: -1 
epoch  1, iter  201: loss: 0.0824 | load time: 0.0003 | back time: 0.8358 | lr: 0.00000359 | best AP50 acc: 0.0000 | best AP70 acc: 0.0000 | best mAP acc: 0.0000 | best mAR acc: 0.0000 | best Score: 0.0000 | best Score epoch: -1 
epoch  1, iter  251: loss: 0.0691 | load time: 0.0001 | back time: 0.8294 | lr: 0.00000445 | best AP50 acc: 0.0000 | best AP70 acc: 0.0000 | best mAP acc: 0.0000 | best mAR acc: 0.0000 | best Score: 0.0000 | best Score epoch: -1 
epoch  1, iter  301: loss: 0.0457 | load time: 0.0002 | back time: 0.8298 | lr: 0.00000532 | best AP50 acc: 0.0000 | best AP70 acc: 0.0000 | best mAP acc: 0.0000 | best mAR acc: 0.0000 | best Score: 0.0000 | best Score epoch: -1 
epoch  1, iter  351: loss: 0.0403 | load time: 0.0002 | back time: 0.8581 | lr: 0.00000619 | best AP50 acc: 0.0000 | best AP70 acc: 0.0000 | best mAP acc: 0.0000 | best mAR acc: 0.0000 | best Score: 0.0000 | best Score epoch: -1 
epoch  1, iter  401: loss: 0.0312 | load time: 0.0002 | back time: 0.8360 | lr: 0.00000705 | best AP50 acc: 0.0000 | best AP70 acc: 0.0000 | best mAP acc: 0.0000 | best mAR acc: 0.0000 | best Score: 0.0000 | best Score epoch: -1 
epoch  1, iter  451: loss: 0.0273 | load time: 0.0002 | back time: 0.8271 | lr: 0.00000792 | best AP50 acc: 0.0000 | best AP70 acc: 0.0000 | best mAP acc: 0.0000 | best mAR acc: 0.0000 | best Score: 0.0000 | best Score epoch: -1 
epoch  1, iter  501: loss: 0.0253 | load time: 0.0002 | back time: 0.8307 | lr: 0.00000879 | best AP50 acc: 0.0000 | best AP70 acc: 0.0000 | best mAP acc: 0.0000 | best mAR acc: 0.0000 | best Score: 0.0000 | best Score epoch: -1 
epoch  1, iter  551: loss: 0.0231 | load time: 0.0005 | back time: 0.8136 | lr: 0.00000966 | best AP50 acc: 0.0000 | best AP70 acc: 0.0000 | best mAP acc: 0.0000 | best mAR acc: 0.0000 | best Score: 0.0000 | best Score epoch: -1 
epoch  1, iter  601: loss: 0.0216 | load time: 0.0001 | back time: 0.8314 | lr: 0.00001052 | best AP50 acc: 0.0000 | best AP70 acc: 0.0000 | best mAP acc: 0.0000 | best mAR acc: 0.0000 | best Score: 0.0000 | best Score epoch: -1 
epoch  1, iter  651: loss: 0.0207 | load time: 0.0003 | back time: 0.8268 | lr: 0.00001139 | best AP50 acc: 0.0000 | best AP70 acc: 0.0000 | best mAP acc: 0.0000 | best mAR acc: 0.0000 | best Score: 0.0000 | best Score epoch: -1 
epoch  1, iter  701: loss: 0.0191 | load time: 0.0002 | back time: 0.8420 | lr: 0.00001226 | best AP50 acc: 0.0000 | best AP70 acc: 0.0000 | best mAP acc: 0.0000 | best mAR acc: 0.0000 | best Score: 0.0000 | best Score epoch: -1 
epoch  1, iter  751: loss: 0.0161 | load time: 0.0002 | back time: 0.8328 | lr: 0.00001313 | best AP50 acc: 0.0000 | best AP70 acc: 0.0000 | best mAP acc: 0.0000 | best mAR acc: 0.0000 | best Score: 0.0000 | best Score epoch: -1 
epoch  1, iter  801: loss: 0.0161 | load time: 0.0002 | back time: 0.8714 | lr: 0.00001399 | best AP50 acc: 0.0000 | best AP70 acc: 0.0000 | best mAP acc: 0.0000 | best mAR acc: 0.0000 | best Score: 0.0000 | best Score epoch: -1 
epoch  1, iter  851: loss: 0.0161 | load time: 0.0003 | back time: 0.8323 | lr: 0.00001486 | best AP50 acc: 0.0000 | best AP70 acc: 0.0000 | best mAP acc: 0.0000 | best mAR acc: 0.0000 | best Score: 0.0000 | best Score epoch: -1 
epoch  1, iter  901: loss: 0.0159 | load time: 0.0001 | back time: 0.8325 | lr: 0.00001573 | best AP50 acc: 0.0000 | best AP70 acc: 0.0000 | best mAP acc: 0.0000 | best mAR acc: 0.0000 | best Score: 0.0000 | best Score epoch: -1 
epoch  1, iter  951: loss: 0.0139 | load time: 0.0003 | back time: 0.8346 | lr: 0.00001659 | best AP50 acc: 0.0000 | best AP70 acc: 0.0000 | best mAP acc: 0.0000 | best mAR acc: 0.0000 | best Score: 0.0000 | best Score epoch: -1 
epoch  1, iter 1001: loss: 0.0159 | load time: 0.0002 | back time: 0.8331 | lr: 0.00001746 | best AP50 acc: 0.0000 | best AP70 acc: 0.0000 | best mAP acc: 0.0000 | best mAR acc: 0.0000 | best Score: 0.0000 | best Score epoch: -1 
epoch  1, iter 1051: loss: 0.0142 | load time: 0.0003 | back time: 0.8329 | lr: 0.00001833 | best AP50 acc: 0.0000 | best AP70 acc: 0.0000 | best mAP acc: 0.0000 | best mAR acc: 0.0000 | best Score: 0.0000 | best Score epoch: -1 
epoch  1, iter 1101: loss: 0.0119 | load time: 0.0002 | back time: 0.8333 | lr: 0.00001920 | best AP50 acc: 0.0000 | best AP70 acc: 0.0000 | best mAP acc: 0.0000 | best mAR acc: 0.0000 | best Score: 0.0000 | best Score epoch: -1 
epoch  1, iter 1151: loss: 0.0164 | load time: 0.0002 | back time: 0.8130 | lr: 0.00002006 | best AP50 acc: 0.0000 | best AP70 acc: 0.0000 | best mAP acc: 0.0000 | best mAR acc: 0.0000 | best Score: 0.0000 | best Score epoch: -1 
epoch  2, iter    1: loss: 0.0125 | load time: 0.0005 | back time: 0.3799 | lr: 0.00002010 | best AP50 acc: 0.0000 | best AP70 acc: 0.0000 | best mAP acc: 0.0000 | best mAR acc: 0.0000 | best Score: 0.0000 | best Score epoch: -1 
epoch  2, iter   51: loss: 0.0147 | load time: 0.0002 | back time: 0.8307 | lr: 0.00002096 | best AP50 acc: 0.0000 | best AP70 acc: 0.0000 | best mAP acc: 0.0000 | best mAR acc: 0.0000 | best Score: 0.0000 | best Score epoch: -1 
epoch  2, iter  101: loss: 0.0109 | load time: 0.0001 | back time: 0.8351 | lr: 0.00002183 | best AP50 acc: 0.0000 | best AP70 acc: 0.0000 | best mAP acc: 0.0000 | best mAR acc: 0.0000 | best Score: 0.0000 | best Score epoch: -1 
epoch  2, iter  151: loss: 0.0139 | load time: 0.0002 | back time: 0.8381 | lr: 0.00002270 | best AP50 acc: 0.0000 | best AP70 acc: 0.0000 | best mAP acc: 0.0000 | best mAR acc: 0.0000 | best Score: 0.0000 | best Score epoch: -1 
epoch  2, iter  201: loss: 0.0102 | load time: 0.0002 | back time: 0.8323 | lr: 0.00002357 | best AP50 acc: 0.0000 | best AP70 acc: 0.0000 | best mAP acc: 0.0000 | best mAR acc: 0.0000 | best Score: 0.0000 | best Score epoch: -1 
epoch  2, iter  251: loss: 0.0125 | load time: 0.0002 | back time: 0.8330 | lr: 0.00002443 | best AP50 acc: 0.0000 | best AP70 acc: 0.0000 | best mAP acc: 0.0000 | best mAR acc: 0.0000 | best Score: 0.0000 | best Score epoch: -1 
epoch  2, iter  301: loss: 0.0125 | load time: 0.0003 | back time: 0.8341 | lr: 0.00002530 | best AP50 acc: 0.0000 | best AP70 acc: 0.0000 | best mAP acc: 0.0000 | best mAR acc: 0.0000 | best Score: 0.0000 | best Score epoch: -1 
epoch  2, iter  351: loss: 0.0148 | load time: 0.0002 | back time: 0.8157 | lr: 0.00002617 | best AP50 acc: 0.0000 | best AP70 acc: 0.0000 | best mAP acc: 0.0000 | best mAR acc: 0.0000 | best Score: 0.0000 | best Score epoch: -1 
epoch  2, iter  401: loss: 0.0093 | load time: 0.0002 | back time: 0.8858 | lr: 0.00002703 | best AP50 acc: 0.0000 | best AP70 acc: 0.0000 | best mAP acc: 0.0000 | best mAR acc: 0.0000 | best Score: 0.0000 | best Score epoch: -1 
epoch  2, iter  451: loss: 0.0119 | load time: 0.0002 | back time: 0.8319 | lr: 0.00002790 | best AP50 acc: 0.0000 | best AP70 acc: 0.0000 | best mAP acc: 0.0000 | best mAR acc: 0.0000 | best Score: 0.0000 | best Score epoch: -1 
epoch  2, iter  501: loss: 0.0094 | load time: 0.0001 | back time: 0.8343 | lr: 0.00002877 | best AP50 acc: 0.0000 | best AP70 acc: 0.0000 | best mAP acc: 0.0000 | best mAR acc: 0.0000 | best Score: 0.0000 | best Score epoch: -1 
epoch  2, iter  551: loss: 0.0092 | load time: 0.0003 | back time: 0.8352 | lr: 0.00002964 | best AP50 acc: 0.0000 | best AP70 acc: 0.0000 | best mAP acc: 0.0000 | best mAR acc: 0.0000 | best Score: 0.0000 | best Score epoch: -1 
epoch  2, iter  601: loss: 0.0139 | load time: 0.0003 | back time: 0.8379 | lr: 0.00003050 | best AP50 acc: 0.0000 | best AP70 acc: 0.0000 | best mAP acc: 0.0000 | best mAR acc: 0.0000 | best Score: 0.0000 | best Score epoch: -1 
epoch  2, iter  651: loss: 0.0140 | load time: 0.0002 | back time: 0.8352 | lr: 0.00003137 | best AP50 acc: 0.0000 | best AP70 acc: 0.0000 | best mAP acc: 0.0000 | best mAR acc: 0.0000 | best Score: 0.0000 | best Score epoch: -1 
epoch  2, iter  701: loss: 0.0130 | load time: 0.0002 | back time: 0.8350 | lr: 0.00003224 | best AP50 acc: 0.0000 | best AP70 acc: 0.0000 | best mAP acc: 0.0000 | best mAR acc: 0.0000 | best Score: 0.0000 | best Score epoch: -1 
epoch  2, iter  751: loss: 0.0093 | load time: 0.0002 | back time: 0.8408 | lr: 0.00003311 | best AP50 acc: 0.0000 | best AP70 acc: 0.0000 | best mAP acc: 0.0000 | best mAR acc: 0.0000 | best Score: 0.0000 | best Score epoch: -1 
epoch  2, iter  801: loss: 0.0102 | load time: 0.0002 | back time: 0.8378 | lr: 0.00003397 | best AP50 acc: 0.0000 | best AP70 acc: 0.0000 | best mAP acc: 0.0000 | best mAR acc: 0.0000 | best Score: 0.0000 | best Score epoch: -1 
epoch  2, iter  851: loss: 0.0089 | load time: 0.0003 | back time: 0.8376 | lr: 0.00003484 | best AP50 acc: 0.0000 | best AP70 acc: 0.0000 | best mAP acc: 0.0000 | best mAR acc: 0.0000 | best Score: 0.0000 | best Score epoch: -1 
epoch  2, iter  901: loss: 0.0122 | load time: 0.0002 | back time: 0.8360 | lr: 0.00003571 | best AP50 acc: 0.0000 | best AP70 acc: 0.0000 | best mAP acc: 0.0000 | best mAR acc: 0.0000 | best Score: 0.0000 | best Score epoch: -1 
epoch  2, iter  951: loss: 0.0101 | load time: 0.0002 | back time: 0.8375 | lr: 0.00003657 | best AP50 acc: 0.0000 | best AP70 acc: 0.0000 | best mAP acc: 0.0000 | best mAR acc: 0.0000 | best Score: 0.0000 | best Score epoch: -1 
epoch  2, iter 1001: loss: 0.0070 | load time: 0.0002 | back time: 0.8359 | lr: 0.00003744 | best AP50 acc: 0.0000 | best AP70 acc: 0.0000 | best mAP acc: 0.0000 | best mAR acc: 0.0000 | best Score: 0.0000 | best Score epoch: -1 
epoch  2, iter 1051: loss: 0.0097 | load time: 0.0001 | back time: 0.8394 | lr: 0.00003831 | best AP50 acc: 0.0000 | best AP70 acc: 0.0000 | best mAP acc: 0.0000 | best mAR acc: 0.0000 | best Score: 0.0000 | best Score epoch: -1 
epoch  2, iter 1101: loss: 0.0095 | load time: 0.0002 | back time: 0.8386 | lr: 0.00003918 | best AP50 acc: 0.0000 | best AP70 acc: 0.0000 | best mAP acc: 0.0000 | best mAR acc: 0.0000 | best Score: 0.0000 | best Score epoch: -1 
epoch  2, iter 1151: loss: 0.0083 | load time: 0.0001 | back time: 0.8365 | lr: 0.00004004 | best AP50 acc: 0.0000 | best AP70 acc: 0.0000 | best mAP acc: 0.0000 | best mAR acc: 0.0000 | best Score: 0.0000 | best Score epoch: -1 
epoch  3, iter    1: loss: 0.0081 | load time: 0.0005 | back time: 0.3259 | lr: 0.00004008 | best AP50 acc: 0.0000 | best AP70 acc: 0.0000 | best mAP acc: 0.0000 | best mAR acc: 0.0000 | best Score: 0.0000 | best Score epoch: -1 
epoch  3, iter   51: loss: 0.0105 | load time: 0.0002 | back time: 0.8390 | lr: 0.00004094 | best AP50 acc: 0.0000 | best AP70 acc: 0.0000 | best mAP acc: 0.0000 | best mAR acc: 0.0000 | best Score: 0.0000 | best Score epoch: -1 
epoch  3, iter  101: loss: 0.0075 | load time: 0.0004 | back time: 0.8416 | lr: 0.00004181 | best AP50 acc: 0.0000 | best AP70 acc: 0.0000 | best mAP acc: 0.0000 | best mAR acc: 0.0000 | best Score: 0.0000 | best Score epoch: -1 
epoch  3, iter  151: loss: 0.0081 | load time: 0.0002 | back time: 0.8404 | lr: 0.00004268 | best AP50 acc: 0.0000 | best AP70 acc: 0.0000 | best mAP acc: 0.0000 | best mAR acc: 0.0000 | best Score: 0.0000 | best Score epoch: -1 
epoch  3, iter  201: loss: 0.0096 | load time: 0.0003 | back time: 0.8416 | lr: 0.00004355 | best AP50 acc: 0.0000 | best AP70 acc: 0.0000 | best mAP acc: 0.0000 | best mAR acc: 0.0000 | best Score: 0.0000 | best Score epoch: -1 
epoch  3, iter  251: loss: 0.0107 | load time: 0.0003 | back time: 0.8467 | lr: 0.00004441 | best AP50 acc: 0.0000 | best AP70 acc: 0.0000 | best mAP acc: 0.0000 | best mAR acc: 0.0000 | best Score: 0.0000 | best Score epoch: -1 
epoch  3, iter  301: loss: 0.0103 | load time: 0.0002 | back time: 0.8391 | lr: 0.00004528 | best AP50 acc: 0.0000 | best AP70 acc: 0.0000 | best mAP acc: 0.0000 | best mAR acc: 0.0000 | best Score: 0.0000 | best Score epoch: -1 
epoch  3, iter  351: loss: 0.0086 | load time: 0.0002 | back time: 0.8372 | lr: 0.00004615 | best AP50 acc: 0.0000 | best AP70 acc: 0.0000 | best mAP acc: 0.0000 | best mAR acc: 0.0000 | best Score: 0.0000 | best Score epoch: -1 
epoch  3, iter  401: loss: 0.0108 | load time: 0.0002 | back time: 0.8385 | lr: 0.00004701 | best AP50 acc: 0.0000 | best AP70 acc: 0.0000 | best mAP acc: 0.0000 | best mAR acc: 0.0000 | best Score: 0.0000 | best Score epoch: -1 
epoch  3, iter  451: loss: 0.0075 | load time: 0.0001 | back time: 0.8374 | lr: 0.00004788 | best AP50 acc: 0.0000 | best AP70 acc: 0.0000 | best mAP acc: 0.0000 | best mAR acc: 0.0000 | best Score: 0.0000 | best Score epoch: -1 
epoch  3, iter  501: loss: 0.0085 | load time: 0.0001 | back time: 0.8424 | lr: 0.00004875 | best AP50 acc: 0.0000 | best AP70 acc: 0.0000 | best mAP acc: 0.0000 | best mAR acc: 0.0000 | best Score: 0.0000 | best Score epoch: -1 
epoch  3, iter  551: loss: 0.0097 | load time: 0.0002 | back time: 0.8359 | lr: 0.00004962 | best AP50 acc: 0.0000 | best AP70 acc: 0.0000 | best mAP acc: 0.0000 | best mAR acc: 0.0000 | best Score: 0.0000 | best Score epoch: -1 
epoch  3, iter  601: loss: 0.0090 | load time: 0.0004 | back time: 0.8343 | lr: 0.00005048 | best AP50 acc: 0.0000 | best AP70 acc: 0.0000 | best mAP acc: 0.0000 | best mAR acc: 0.0000 | best Score: 0.0000 | best Score epoch: -1 
epoch  3, iter  651: loss: 0.0119 | load time: 0.0002 | back time: 0.8365 | lr: 0.00005135 | best AP50 acc: 0.0000 | best AP70 acc: 0.0000 | best mAP acc: 0.0000 | best mAR acc: 0.0000 | best Score: 0.0000 | best Score epoch: -1 
epoch  3, iter  701: loss: 0.0075 | load time: 0.0001 | back time: 0.8383 | lr: 0.00005222 | best AP50 acc: 0.0000 | best AP70 acc: 0.0000 | best mAP acc: 0.0000 | best mAR acc: 0.0000 | best Score: 0.0000 | best Score epoch: -1 
epoch  3, iter  751: loss: 0.0073 | load time: 0.0002 | back time: 0.8396 | lr: 0.00005309 | best AP50 acc: 0.0000 | best AP70 acc: 0.0000 | best mAP acc: 0.0000 | best mAR acc: 0.0000 | best Score: 0.0000 | best Score epoch: -1 
epoch  3, iter  801: loss: 0.0088 | load time: 0.0002 | back time: 0.8394 | lr: 0.00005395 | best AP50 acc: 0.0000 | best AP70 acc: 0.0000 | best mAP acc: 0.0000 | best mAR acc: 0.0000 | best Score: 0.0000 | best Score epoch: -1 
epoch  3, iter  851: loss: 0.0086 | load time: 0.0002 | back time: 0.8405 | lr: 0.00005482 | best AP50 acc: 0.0000 | best AP70 acc: 0.0000 | best mAP acc: 0.0000 | best mAR acc: 0.0000 | best Score: 0.0000 | best Score epoch: -1 
epoch  3, iter  901: loss: 0.0114 | load time: 0.0002 | back time: 0.8374 | lr: 0.00005569 | best AP50 acc: 0.0000 | best AP70 acc: 0.0000 | best mAP acc: 0.0000 | best mAR acc: 0.0000 | best Score: 0.0000 | best Score epoch: -1 
epoch  3, iter  951: loss: 0.0101 | load time: 0.0002 | back time: 0.8386 | lr: 0.00005655 | best AP50 acc: 0.0000 | best AP70 acc: 0.0000 | best mAP acc: 0.0000 | best mAR acc: 0.0000 | best Score: 0.0000 | best Score epoch: -1 
epoch  3, iter 1001: loss: 0.0065 | load time: 0.0002 | back time: 0.8379 | lr: 0.00005742 | best AP50 acc: 0.0000 | best AP70 acc: 0.0000 | best mAP acc: 0.0000 | best mAR acc: 0.0000 | best Score: 0.0000 | best Score epoch: -1 
epoch  3, iter 1051: loss: 0.0073 | load time: 0.0002 | back time: 0.8387 | lr: 0.00005829 | best AP50 acc: 0.0000 | best AP70 acc: 0.0000 | best mAP acc: 0.0000 | best mAR acc: 0.0000 | best Score: 0.0000 | best Score epoch: -1 
epoch  3, iter 1101: loss: 0.0067 | load time: 0.0003 | back time: 0.8372 | lr: 0.00005916 | best AP50 acc: 0.0000 | best AP70 acc: 0.0000 | best mAP acc: 0.0000 | best mAR acc: 0.0000 | best Score: 0.0000 | best Score epoch: -1 
epoch  3, iter 1151: loss: 0.0133 | load time: 0.0001 | back time: 0.8385 | lr: 0.00006002 | best AP50 acc: 0.0000 | best AP70 acc: 0.0000 | best mAP acc: 0.0000 | best mAR acc: 0.0000 | best Score: 0.0000 | best Score epoch: -1 
epoch  4, iter    1: loss: 0.0082 | load time: 0.0005 | back time: 0.3259 | lr: 0.00006006 | best AP50 acc: 0.0000 | best AP70 acc: 0.0000 | best mAP acc: 0.0000 | best mAR acc: 0.0000 | best Score: 0.0000 | best Score epoch: -1 
epoch  4, iter   51: loss: 0.0101 | load time: 0.0001 | back time: 0.8385 | lr: 0.00006092 | best AP50 acc: 0.0000 | best AP70 acc: 0.0000 | best mAP acc: 0.0000 | best mAR acc: 0.0000 | best Score: 0.0000 | best Score epoch: -1 
epoch  4, iter  101: loss: 0.0065 | load time: 0.0005 | back time: 0.8375 | lr: 0.00006179 | best AP50 acc: 0.0000 | best AP70 acc: 0.0000 | best mAP acc: 0.0000 | best mAR acc: 0.0000 | best Score: 0.0000 | best Score epoch: -1 
epoch  4, iter  151: loss: 0.0098 | load time: 0.0002 | back time: 0.8389 | lr: 0.00006266 | best AP50 acc: 0.0000 | best AP70 acc: 0.0000 | best mAP acc: 0.0000 | best mAR acc: 0.0000 | best Score: 0.0000 | best Score epoch: -1 
epoch  4, iter  201: loss: 0.0075 | load time: 0.0002 | back time: 0.8376 | lr: 0.00006353 | best AP50 acc: 0.0000 | best AP70 acc: 0.0000 | best mAP acc: 0.0000 | best mAR acc: 0.0000 | best Score: 0.0000 | best Score epoch: -1 
epoch  4, iter  251: loss: 0.0065 | load time: 0.0002 | back time: 0.8365 | lr: 0.00006439 | best AP50 acc: 0.0000 | best AP70 acc: 0.0000 | best mAP acc: 0.0000 | best mAR acc: 0.0000 | best Score: 0.0000 | best Score epoch: -1 
epoch  4, iter  301: loss: 0.0073 | load time: 0.0002 | back time: 0.8356 | lr: 0.00006526 | best AP50 acc: 0.0000 | best AP70 acc: 0.0000 | best mAP acc: 0.0000 | best mAR acc: 0.0000 | best Score: 0.0000 | best Score epoch: -1 
epoch  4, iter  351: loss: 0.0064 | load time: 0.0004 | back time: 0.8600 | lr: 0.00006613 | best AP50 acc: 0.0000 | best AP70 acc: 0.0000 | best mAP acc: 0.0000 | best mAR acc: 0.0000 | best Score: 0.0000 | best Score epoch: -1 
epoch  4, iter  401: loss: 0.0087 | load time: 0.0002 | back time: 0.8421 | lr: 0.00006699 | best AP50 acc: 0.0000 | best AP70 acc: 0.0000 | best mAP acc: 0.0000 | best mAR acc: 0.0000 | best Score: 0.0000 | best Score epoch: -1 
epoch  4, iter  451: loss: 0.0073 | load time: 0.0002 | back time: 0.8880 | lr: 0.00006786 | best AP50 acc: 0.0000 | best AP70 acc: 0.0000 | best mAP acc: 0.0000 | best mAR acc: 0.0000 | best Score: 0.0000 | best Score epoch: -1 
epoch  4, iter  501: loss: 0.0085 | load time: 0.0002 | back time: 0.8224 | lr: 0.00006873 | best AP50 acc: 0.0000 | best AP70 acc: 0.0000 | best mAP acc: 0.0000 | best mAR acc: 0.0000 | best Score: 0.0000 | best Score epoch: -1 
epoch  4, iter  551: loss: 0.0077 | load time: 0.0002 | back time: 0.8313 | lr: 0.00006960 | best AP50 acc: 0.0000 | best AP70 acc: 0.0000 | best mAP acc: 0.0000 | best mAR acc: 0.0000 | best Score: 0.0000 | best Score epoch: -1 
epoch  4, iter  601: loss: 0.0062 | load time: 0.0002 | back time: 0.8088 | lr: 0.00007046 | best AP50 acc: 0.0000 | best AP70 acc: 0.0000 | best mAP acc: 0.0000 | best mAR acc: 0.0000 | best Score: 0.0000 | best Score epoch: -1 
epoch  4, iter  651: loss: 0.0096 | load time: 0.0002 | back time: 0.8088 | lr: 0.00007133 | best AP50 acc: 0.0000 | best AP70 acc: 0.0000 | best mAP acc: 0.0000 | best mAR acc: 0.0000 | best Score: 0.0000 | best Score epoch: -1 
epoch  4, iter  701: loss: 0.0075 | load time: 0.0002 | back time: 0.8068 | lr: 0.00007220 | best AP50 acc: 0.0000 | best AP70 acc: 0.0000 | best mAP acc: 0.0000 | best mAR acc: 0.0000 | best Score: 0.0000 | best Score epoch: -1 
epoch  4, iter  751: loss: 0.0100 | load time: 0.0003 | back time: 0.8098 | lr: 0.00007307 | best AP50 acc: 0.0000 | best AP70 acc: 0.0000 | best mAP acc: 0.0000 | best mAR acc: 0.0000 | best Score: 0.0000 | best Score epoch: -1 
epoch  4, iter  801: loss: 0.0102 | load time: 0.0003 | back time: 0.8777 | lr: 0.00007393 | best AP50 acc: 0.0000 | best AP70 acc: 0.0000 | best mAP acc: 0.0000 | best mAR acc: 0.0000 | best Score: 0.0000 | best Score epoch: -1 
epoch  4, iter  851: loss: 0.0093 | load time: 0.0002 | back time: 0.8293 | lr: 0.00007480 | best AP50 acc: 0.0000 | best AP70 acc: 0.0000 | best mAP acc: 0.0000 | best mAR acc: 0.0000 | best Score: 0.0000 | best Score epoch: -1 
epoch  4, iter  901: loss: 0.0074 | load time: 0.0001 | back time: 0.8291 | lr: 0.00007567 | best AP50 acc: 0.0000 | best AP70 acc: 0.0000 | best mAP acc: 0.0000 | best mAR acc: 0.0000 | best Score: 0.0000 | best Score epoch: -1 
epoch  4, iter  951: loss: 0.0082 | load time: 0.0002 | back time: 0.8283 | lr: 0.00007653 | best AP50 acc: 0.0000 | best AP70 acc: 0.0000 | best mAP acc: 0.0000 | best mAR acc: 0.0000 | best Score: 0.0000 | best Score epoch: -1 
epoch  4, iter 1001: loss: 0.0075 | load time: 0.0001 | back time: 0.8361 | lr: 0.00007740 | best AP50 acc: 0.0000 | best AP70 acc: 0.0000 | best mAP acc: 0.0000 | best mAR acc: 0.0000 | best Score: 0.0000 | best Score epoch: -1 
epoch  4, iter 1051: loss: 0.0072 | load time: 0.0002 | back time: 0.8289 | lr: 0.00007827 | best AP50 acc: 0.0000 | best AP70 acc: 0.0000 | best mAP acc: 0.0000 | best mAR acc: 0.0000 | best Score: 0.0000 | best Score epoch: -1 
epoch  4, iter 1101: loss: 0.0097 | load time: 0.0003 | back time: 0.8295 | lr: 0.00007914 | best AP50 acc: 0.0000 | best AP70 acc: 0.0000 | best mAP acc: 0.0000 | best mAR acc: 0.0000 | best Score: 0.0000 | best Score epoch: -1 
epoch  4, iter 1151: loss: 0.0077 | load time: 0.0001 | back time: 0.8348 | lr: 0.00008000 | best AP50 acc: 0.0000 | best AP70 acc: 0.0000 | best mAP acc: 0.0000 | best mAR acc: 0.0000 | best Score: 0.0000 | best Score epoch: -1 
epoch  5, iter    1: loss: 0.0082 | load time: 0.0006 | back time: 0.3528 | lr: 0.00008004 | best AP50 acc: 0.0000 | best AP70 acc: 0.0000 | best mAP acc: 0.0000 | best mAR acc: 0.0000 | best Score: 0.0000 | best Score epoch: -1 
epoch  5, iter   51: loss: 0.0117 | load time: 0.0002 | back time: 0.8314 | lr: 0.00008090 | best AP50 acc: 0.0000 | best AP70 acc: 0.0000 | best mAP acc: 0.0000 | best mAR acc: 0.0000 | best Score: 0.0000 | best Score epoch: -1 
epoch  5, iter  101: loss: 0.0071 | load time: 0.0007 | back time: 0.8409 | lr: 0.00008177 | best AP50 acc: 0.0000 | best AP70 acc: 0.0000 | best mAP acc: 0.0000 | best mAR acc: 0.0000 | best Score: 0.0000 | best Score epoch: -1 
epoch  5, iter  151: loss: 0.0086 | load time: 0.0001 | back time: 0.8232 | lr: 0.00008264 | best AP50 acc: 0.0000 | best AP70 acc: 0.0000 | best mAP acc: 0.0000 | best mAR acc: 0.0000 | best Score: 0.0000 | best Score epoch: -1 
epoch  5, iter  201: loss: 0.0066 | load time: 0.0001 | back time: 0.8330 | lr: 0.00008351 | best AP50 acc: 0.0000 | best AP70 acc: 0.0000 | best mAP acc: 0.0000 | best mAR acc: 0.0000 | best Score: 0.0000 | best Score epoch: -1 
epoch  5, iter  251: loss: 0.0094 | load time: 0.0003 | back time: 0.8244 | lr: 0.00008437 | best AP50 acc: 0.0000 | best AP70 acc: 0.0000 | best mAP acc: 0.0000 | best mAR acc: 0.0000 | best Score: 0.0000 | best Score epoch: -1 
epoch  5, iter  301: loss: 0.0087 | load time: 0.0002 | back time: 0.8148 | lr: 0.00008524 | best AP50 acc: 0.0000 | best AP70 acc: 0.0000 | best mAP acc: 0.0000 | best mAR acc: 0.0000 | best Score: 0.0000 | best Score epoch: -1 
epoch  5, iter  351: loss: 0.0076 | load time: 0.0002 | back time: 0.8857 | lr: 0.00008611 | best AP50 acc: 0.0000 | best AP70 acc: 0.0000 | best mAP acc: 0.0000 | best mAR acc: 0.0000 | best Score: 0.0000 | best Score epoch: -1 
epoch  5, iter  401: loss: 0.0112 | load time: 0.0002 | back time: 0.8300 | lr: 0.00008697 | best AP50 acc: 0.0000 | best AP70 acc: 0.0000 | best mAP acc: 0.0000 | best mAR acc: 0.0000 | best Score: 0.0000 | best Score epoch: -1 
epoch  5, iter  451: loss: 0.0092 | load time: 0.0001 | back time: 0.8377 | lr: 0.00008784 | best AP50 acc: 0.0000 | best AP70 acc: 0.0000 | best mAP acc: 0.0000 | best mAR acc: 0.0000 | best Score: 0.0000 | best Score epoch: -1 
epoch  5, iter  501: loss: 0.0081 | load time: 0.0001 | back time: 0.8277 | lr: 0.00008871 | best AP50 acc: 0.0000 | best AP70 acc: 0.0000 | best mAP acc: 0.0000 | best mAR acc: 0.0000 | best Score: 0.0000 | best Score epoch: -1 
epoch  5, iter  551: loss: 0.0104 | load time: 0.0001 | back time: 0.8301 | lr: 0.00008958 | best AP50 acc: 0.0000 | best AP70 acc: 0.0000 | best mAP acc: 0.0000 | best mAR acc: 0.0000 | best Score: 0.0000 | best Score epoch: -1 
epoch  5, iter  601: loss: 0.0065 | load time: 0.0002 | back time: 0.8307 | lr: 0.00009044 | best AP50 acc: 0.0000 | best AP70 acc: 0.0000 | best mAP acc: 0.0000 | best mAR acc: 0.0000 | best Score: 0.0000 | best Score epoch: -1 
epoch  5, iter  651: loss: 0.0088 | load time: 0.0001 | back time: 0.8321 | lr: 0.00009131 | best AP50 acc: 0.0000 | best AP70 acc: 0.0000 | best mAP acc: 0.0000 | best mAR acc: 0.0000 | best Score: 0.0000 | best Score epoch: -1 
epoch  5, iter  701: loss: 0.0091 | load time: 0.0001 | back time: 0.8329 | lr: 0.00009218 | best AP50 acc: 0.0000 | best AP70 acc: 0.0000 | best mAP acc: 0.0000 | best mAR acc: 0.0000 | best Score: 0.0000 | best Score epoch: -1 
epoch  5, iter  751: loss: 0.0069 | load time: 0.0002 | back time: 0.8508 | lr: 0.00009305 | best AP50 acc: 0.0000 | best AP70 acc: 0.0000 | best mAP acc: 0.0000 | best mAR acc: 0.0000 | best Score: 0.0000 | best Score epoch: -1 
epoch  5, iter  801: loss: 0.0125 | load time: 0.0002 | back time: 0.8330 | lr: 0.00009391 | best AP50 acc: 0.0000 | best AP70 acc: 0.0000 | best mAP acc: 0.0000 | best mAR acc: 0.0000 | best Score: 0.0000 | best Score epoch: -1 
epoch  5, iter  851: loss: 0.0084 | load time: 0.0002 | back time: 0.8329 | lr: 0.00009478 | best AP50 acc: 0.0000 | best AP70 acc: 0.0000 | best mAP acc: 0.0000 | best mAR acc: 0.0000 | best Score: 0.0000 | best Score epoch: -1 
epoch  5, iter  901: loss: 0.0103 | load time: 0.0001 | back time: 0.8338 | lr: 0.00009565 | best AP50 acc: 0.0000 | best AP70 acc: 0.0000 | best mAP acc: 0.0000 | best mAR acc: 0.0000 | best Score: 0.0000 | best Score epoch: -1 
epoch  5, iter  951: loss: 0.0083 | load time: 0.0002 | back time: 0.8383 | lr: 0.00009651 | best AP50 acc: 0.0000 | best AP70 acc: 0.0000 | best mAP acc: 0.0000 | best mAR acc: 0.0000 | best Score: 0.0000 | best Score epoch: -1 
epoch  5, iter 1001: loss: 0.0092 | load time: 0.0001 | back time: 0.8333 | lr: 0.00009738 | best AP50 acc: 0.0000 | best AP70 acc: 0.0000 | best mAP acc: 0.0000 | best mAR acc: 0.0000 | best Score: 0.0000 | best Score epoch: -1 
epoch  5, iter 1051: loss: 0.0071 | load time: 0.0001 | back time: 0.8340 | lr: 0.00009825 | best AP50 acc: 0.0000 | best AP70 acc: 0.0000 | best mAP acc: 0.0000 | best mAR acc: 0.0000 | best Score: 0.0000 | best Score epoch: -1 
epoch  5, iter 1101: loss: 0.0065 | load time: 0.0002 | back time: 0.8324 | lr: 0.00009912 | best AP50 acc: 0.0000 | best AP70 acc: 0.0000 | best mAP acc: 0.0000 | best mAR acc: 0.0000 | best Score: 0.0000 | best Score epoch: -1 
epoch  5, iter 1151: loss: 0.0069 | load time: 0.0013 | back time: 0.8338 | lr: 0.00009998 | best AP50 acc: 0.0000 | best AP70 acc: 0.0000 | best mAP acc: 0.0000 | best mAR acc: 0.0000 | best Score: 0.0000 | best Score epoch: -1 
epoch  6, iter    1: loss: 0.0090 | load time: 0.0005 | back time: 0.3732 | lr: 0.00010000 | best AP50 acc: 0.0000 | best AP70 acc: 0.0000 | best mAP acc: 0.0000 | best mAR acc: 0.0000 | best Score: 0.0000 | best Score epoch: -1 
epoch  6, iter   51: loss: 0.0068 | load time: 0.0002 | back time: 0.8342 | lr: 0.00010000 | best AP50 acc: 0.0000 | best AP70 acc: 0.0000 | best mAP acc: 0.0000 | best mAR acc: 0.0000 | best Score: 0.0000 | best Score epoch: -1 
epoch  6, iter  101: loss: 0.0077 | load time: 0.0002 | back time: 0.8351 | lr: 0.00010000 | best AP50 acc: 0.0000 | best AP70 acc: 0.0000 | best mAP acc: 0.0000 | best mAR acc: 0.0000 | best Score: 0.0000 | best Score epoch: -1 
epoch  6, iter  151: loss: 0.0106 | load time: 0.0002 | back time: 0.8362 | lr: 0.00010000 | best AP50 acc: 0.0000 | best AP70 acc: 0.0000 | best mAP acc: 0.0000 | best mAR acc: 0.0000 | best Score: 0.0000 | best Score epoch: -1 
epoch  6, iter  201: loss: 0.0081 | load time: 0.0003 | back time: 0.8477 | lr: 0.00010000 | best AP50 acc: 0.0000 | best AP70 acc: 0.0000 | best mAP acc: 0.0000 | best mAR acc: 0.0000 | best Score: 0.0000 | best Score epoch: -1 
epoch  6, iter  251: loss: 0.0080 | load time: 0.0003 | back time: 0.8354 | lr: 0.00010000 | best AP50 acc: 0.0000 | best AP70 acc: 0.0000 | best mAP acc: 0.0000 | best mAR acc: 0.0000 | best Score: 0.0000 | best Score epoch: -1 
epoch  6, iter  301: loss: 0.0074 | load time: 0.0003 | back time: 0.8365 | lr: 0.00009999 | best AP50 acc: 0.0000 | best AP70 acc: 0.0000 | best mAP acc: 0.0000 | best mAR acc: 0.0000 | best Score: 0.0000 | best Score epoch: -1 
epoch  6, iter  351: loss: 0.0066 | load time: 0.0002 | back time: 0.8303 | lr: 0.00009999 | best AP50 acc: 0.0000 | best AP70 acc: 0.0000 | best mAP acc: 0.0000 | best mAR acc: 0.0000 | best Score: 0.0000 | best Score epoch: -1 
epoch  6, iter  401: loss: 0.0060 | load time: 0.0002 | back time: 0.8348 | lr: 0.00009999 | best AP50 acc: 0.0000 | best AP70 acc: 0.0000 | best mAP acc: 0.0000 | best mAR acc: 0.0000 | best Score: 0.0000 | best Score epoch: -1 
epoch  6, iter  451: loss: 0.0091 | load time: 0.0003 | back time: 0.8349 | lr: 0.00009999 | best AP50 acc: 0.0000 | best AP70 acc: 0.0000 | best mAP acc: 0.0000 | best mAR acc: 0.0000 | best Score: 0.0000 | best Score epoch: -1 
epoch  6, iter  501: loss: 0.0131 | load time: 0.0003 | back time: 0.8366 | lr: 0.00009998 | best AP50 acc: 0.0000 | best AP70 acc: 0.0000 | best mAP acc: 0.0000 | best mAR acc: 0.0000 | best Score: 0.0000 | best Score epoch: -1 
epoch  6, iter  551: loss: 0.0082 | load time: 0.0005 | back time: 0.8354 | lr: 0.00009998 | best AP50 acc: 0.0000 | best AP70 acc: 0.0000 | best mAP acc: 0.0000 | best mAR acc: 0.0000 | best Score: 0.0000 | best Score epoch: -1 
epoch  6, iter  601: loss: 0.0128 | load time: 0.0002 | back time: 0.8333 | lr: 0.00009997 | best AP50 acc: 0.0000 | best AP70 acc: 0.0000 | best mAP acc: 0.0000 | best mAR acc: 0.0000 | best Score: 0.0000 | best Score epoch: -1 
epoch  6, iter  651: loss: 0.0093 | load time: 0.0002 | back time: 0.8353 | lr: 0.00009997 | best AP50 acc: 0.0000 | best AP70 acc: 0.0000 | best mAP acc: 0.0000 | best mAR acc: 0.0000 | best Score: 0.0000 | best Score epoch: -1 
epoch  6, iter  701: loss: 0.0084 | load time: 0.0002 | back time: 0.8364 | lr: 0.00009996 | best AP50 acc: 0.0000 | best AP70 acc: 0.0000 | best mAP acc: 0.0000 | best mAR acc: 0.0000 | best Score: 0.0000 | best Score epoch: -1 
epoch  6, iter  751: loss: 0.0061 | load time: 0.0003 | back time: 0.8348 | lr: 0.00009996 | best AP50 acc: 0.0000 | best AP70 acc: 0.0000 | best mAP acc: 0.0000 | best mAR acc: 0.0000 | best Score: 0.0000 | best Score epoch: -1 
epoch  6, iter  801: loss: 0.0098 | load time: 0.0003 | back time: 0.8354 | lr: 0.00009995 | best AP50 acc: 0.0000 | best AP70 acc: 0.0000 | best mAP acc: 0.0000 | best mAR acc: 0.0000 | best Score: 0.0000 | best Score epoch: -1 
epoch  6, iter  851: loss: 0.0137 | load time: 0.0002 | back time: 0.8340 | lr: 0.00009995 | best AP50 acc: 0.0000 | best AP70 acc: 0.0000 | best mAP acc: 0.0000 | best mAR acc: 0.0000 | best Score: 0.0000 | best Score epoch: -1 
epoch  6, iter  901: loss: 0.0073 | load time: 0.0002 | back time: 0.8357 | lr: 0.00009994 | best AP50 acc: 0.0000 | best AP70 acc: 0.0000 | best mAP acc: 0.0000 | best mAR acc: 0.0000 | best Score: 0.0000 | best Score epoch: -1 
epoch  6, iter  951: loss: 0.0071 | load time: 0.0002 | back time: 0.8358 | lr: 0.00009993 | best AP50 acc: 0.0000 | best AP70 acc: 0.0000 | best mAP acc: 0.0000 | best mAR acc: 0.0000 | best Score: 0.0000 | best Score epoch: -1 
epoch  6, iter 1001: loss: 0.0098 | load time: 0.0002 | back time: 0.8432 | lr: 0.00009993 | best AP50 acc: 0.0000 | best AP70 acc: 0.0000 | best mAP acc: 0.0000 | best mAR acc: 0.0000 | best Score: 0.0000 | best Score epoch: -1 
epoch  6, iter 1051: loss: 0.0071 | load time: 0.0002 | back time: 0.8385 | lr: 0.00009992 | best AP50 acc: 0.0000 | best AP70 acc: 0.0000 | best mAP acc: 0.0000 | best mAR acc: 0.0000 | best Score: 0.0000 | best Score epoch: -1 
epoch  6, iter 1101: loss: 0.0072 | load time: 0.0001 | back time: 0.8412 | lr: 0.00009991 | best AP50 acc: 0.0000 | best AP70 acc: 0.0000 | best mAP acc: 0.0000 | best mAR acc: 0.0000 | best Score: 0.0000 | best Score epoch: -1 
epoch  6, iter 1151: loss: 0.0065 | load time: 0.0001 | back time: 0.8352 | lr: 0.00009990 | best AP50 acc: 0.0000 | best AP70 acc: 0.0000 | best mAP acc: 0.0000 | best mAR acc: 0.0000 | best Score: 0.0000 | best Score epoch: -1 
UAV_SEQS_2 | mAP50:90: 45.7939 | AP50: 75.0545 | AP70: 51.9168 
UAV_SEQS_37 | mAP50:90: 84.4628 | AP50: 98.7536 | AP70: 87.8699 
UAV_SEQS_45 | mAP50:90: 95.0356 | AP50: 100.0000 | AP70: 100.0000 
UAV_SEQS_47 | mAP50:90: 95.7660 | AP50: 100.0000 | AP70: 100.0000 
UAV_SEQS_55 | mAP50:90: 25.8186 | AP50: 52.8562 | AP70: 28.6608 
UAV_SEQS_59 | mAP50:90: 53.9950 | AP50: 86.9272 | AP70: 58.3273 
UAV_SEQS_6 | mAP50:90: 32.0528 | AP50: 48.3477 | AP70: 31.8836 
UAV_SEQS_63 | mAP50:90: 7.4486 | AP50: 22.7431 | AP70: 5.0479 
UAV_SEQS_65 | mAP50:90: 89.7948 | AP50: 97.8462 | AP70: 93.1366 
UAV_SEQS_7 | mAP50:90: 14.4708 | AP50: 35.7600 | AP70: 11.4133 
UAV_SEQS_71 | mAP50:90: 52.4361 | AP50: 77.5107 | AP70: 58.4419 
UAV_SEQS_73 | mAP50:90: 57.0451 | AP50: 78.1684 | AP70: 66.0582 
UAV_SEQS_74 | mAP50:90: 99.3989 | AP50: 100.0000 | AP70: 100.0000 
UAV_SEQS_77 | mAP50:90: 4.6603 | AP50: 7.7916 | AP70: 5.1980 
UAV_SEQS_8 | mAP50:90: 58.7233 | AP50: 100.0000 | AP70: 68.6942 
Overall            | mAP50:95: 55.8839 | AP50: 73.3468 | AP70: 59.4016 
epoch  7, iter    1: loss: 0.0057 | load time: 0.0026 | back time: 0.3848 | lr: 0.00009990 | best AP50 acc: 0.7335 | best AP70 acc: 0.5940 | best mAP acc: 0.5588 | best mAR acc: 0.6357 | best Score: 0.5588 | best Score epoch:  6 
epoch  7, iter   51: loss: 0.0083 | load time: 0.0003 | back time: 0.8255 | lr: 0.00009989 | best AP50 acc: 0.7335 | best AP70 acc: 0.5940 | best mAP acc: 0.5588 | best mAR acc: 0.6357 | best Score: 0.5588 | best Score epoch:  6 
epoch  7, iter  101: loss: 0.0068 | load time: 0.0002 | back time: 0.8345 | lr: 0.00009988 | best AP50 acc: 0.7335 | best AP70 acc: 0.5940 | best mAP acc: 0.5588 | best mAR acc: 0.6357 | best Score: 0.5588 | best Score epoch:  6 
epoch  7, iter  151: loss: 0.0091 | load time: 0.0001 | back time: 0.8372 | lr: 0.00009988 | best AP50 acc: 0.7335 | best AP70 acc: 0.5940 | best mAP acc: 0.5588 | best mAR acc: 0.6357 | best Score: 0.5588 | best Score epoch:  6 
epoch  7, iter  201: loss: 0.0089 | load time: 0.0002 | back time: 0.8364 | lr: 0.00009987 | best AP50 acc: 0.7335 | best AP70 acc: 0.5940 | best mAP acc: 0.5588 | best mAR acc: 0.6357 | best Score: 0.5588 | best Score epoch:  6 
epoch  7, iter  251: loss: 0.0073 | load time: 0.0004 | back time: 0.8370 | lr: 0.00009986 | best AP50 acc: 0.7335 | best AP70 acc: 0.5940 | best mAP acc: 0.5588 | best mAR acc: 0.6357 | best Score: 0.5588 | best Score epoch:  6 
epoch  7, iter  301: loss: 0.0086 | load time: 0.0003 | back time: 0.8540 | lr: 0.00009984 | best AP50 acc: 0.7335 | best AP70 acc: 0.5940 | best mAP acc: 0.5588 | best mAR acc: 0.6357 | best Score: 0.5588 | best Score epoch:  6 
epoch  7, iter  351: loss: 0.0091 | load time: 0.0004 | back time: 0.8327 | lr: 0.00009983 | best AP50 acc: 0.7335 | best AP70 acc: 0.5940 | best mAP acc: 0.5588 | best mAR acc: 0.6357 | best Score: 0.5588 | best Score epoch:  6 
epoch  7, iter  401: loss: 0.0069 | load time: 0.0002 | back time: 0.8328 | lr: 0.00009982 | best AP50 acc: 0.7335 | best AP70 acc: 0.5940 | best mAP acc: 0.5588 | best mAR acc: 0.6357 | best Score: 0.5588 | best Score epoch:  6 
epoch  7, iter  451: loss: 0.0080 | load time: 0.0003 | back time: 0.8369 | lr: 0.00009981 | best AP50 acc: 0.7335 | best AP70 acc: 0.5940 | best mAP acc: 0.5588 | best mAR acc: 0.6357 | best Score: 0.5588 | best Score epoch:  6 
epoch  7, iter  501: loss: 0.0084 | load time: 0.0001 | back time: 0.8389 | lr: 0.00009980 | best AP50 acc: 0.7335 | best AP70 acc: 0.5940 | best mAP acc: 0.5588 | best mAR acc: 0.6357 | best Score: 0.5588 | best Score epoch:  6 
epoch  7, iter  551: loss: 0.0087 | load time: 0.0003 | back time: 0.8378 | lr: 0.00009979 | best AP50 acc: 0.7335 | best AP70 acc: 0.5940 | best mAP acc: 0.5588 | best mAR acc: 0.6357 | best Score: 0.5588 | best Score epoch:  6 
epoch  7, iter  601: loss: 0.0081 | load time: 0.0002 | back time: 0.8380 | lr: 0.00009977 | best AP50 acc: 0.7335 | best AP70 acc: 0.5940 | best mAP acc: 0.5588 | best mAR acc: 0.6357 | best Score: 0.5588 | best Score epoch:  6 
epoch  7, iter  651: loss: 0.0099 | load time: 0.0003 | back time: 0.8390 | lr: 0.00009976 | best AP50 acc: 0.7335 | best AP70 acc: 0.5940 | best mAP acc: 0.5588 | best mAR acc: 0.6357 | best Score: 0.5588 | best Score epoch:  6 
epoch  7, iter  701: loss: 0.0091 | load time: 0.0002 | back time: 0.8392 | lr: 0.00009975 | best AP50 acc: 0.7335 | best AP70 acc: 0.5940 | best mAP acc: 0.5588 | best mAR acc: 0.6357 | best Score: 0.5588 | best Score epoch:  6 
epoch  7, iter  751: loss: 0.0089 | load time: 0.0002 | back time: 0.8375 | lr: 0.00009973 | best AP50 acc: 0.7335 | best AP70 acc: 0.5940 | best mAP acc: 0.5588 | best mAR acc: 0.6357 | best Score: 0.5588 | best Score epoch:  6 
epoch  7, iter  801: loss: 0.0079 | load time: 0.0003 | back time: 0.8394 | lr: 0.00009972 | best AP50 acc: 0.7335 | best AP70 acc: 0.5940 | best mAP acc: 0.5588 | best mAR acc: 0.6357 | best Score: 0.5588 | best Score epoch:  6 
epoch  7, iter  851: loss: 0.0093 | load time: 0.0002 | back time: 0.8396 | lr: 0.00009970 | best AP50 acc: 0.7335 | best AP70 acc: 0.5940 | best mAP acc: 0.5588 | best mAR acc: 0.6357 | best Score: 0.5588 | best Score epoch:  6 
epoch  7, iter  901: loss: 0.0086 | load time: 0.0002 | back time: 0.8383 | lr: 0.00009969 | best AP50 acc: 0.7335 | best AP70 acc: 0.5940 | best mAP acc: 0.5588 | best mAR acc: 0.6357 | best Score: 0.5588 | best Score epoch:  6 
epoch  7, iter  951: loss: 0.0064 | load time: 0.0001 | back time: 0.8374 | lr: 0.00009967 | best AP50 acc: 0.7335 | best AP70 acc: 0.5940 | best mAP acc: 0.5588 | best mAR acc: 0.6357 | best Score: 0.5588 | best Score epoch:  6 
epoch  7, iter 1001: loss: 0.0093 | load time: 0.0002 | back time: 0.8253 | lr: 0.00009966 | best AP50 acc: 0.7335 | best AP70 acc: 0.5940 | best mAP acc: 0.5588 | best mAR acc: 0.6357 | best Score: 0.5588 | best Score epoch:  6 
epoch  7, iter 1051: loss: 0.0092 | load time: 0.0001 | back time: 0.8297 | lr: 0.00009964 | best AP50 acc: 0.7335 | best AP70 acc: 0.5940 | best mAP acc: 0.5588 | best mAR acc: 0.6357 | best Score: 0.5588 | best Score epoch:  6 
epoch  7, iter 1101: loss: 0.0060 | load time: 0.0002 | back time: 0.8366 | lr: 0.00009963 | best AP50 acc: 0.7335 | best AP70 acc: 0.5940 | best mAP acc: 0.5588 | best mAR acc: 0.6357 | best Score: 0.5588 | best Score epoch:  6 
epoch  7, iter 1151: loss: 0.0082 | load time: 0.0001 | back time: 0.8398 | lr: 0.00009961 | best AP50 acc: 0.7335 | best AP70 acc: 0.5940 | best mAP acc: 0.5588 | best mAR acc: 0.6357 | best Score: 0.5588 | best Score epoch:  6 
UAV_SEQS_2 | mAP50:90: 49.4492 | AP50: 62.7080 | AP70: 53.7073 
UAV_SEQS_37 | mAP50:90: 89.9104 | AP50: 100.0000 | AP70: 96.7010 
UAV_SEQS_45 | mAP50:90: 93.3813 | AP50: 100.0000 | AP70: 100.0000 
UAV_SEQS_47 | mAP50:90: 95.7117 | AP50: 100.0000 | AP70: 98.9901 
UAV_SEQS_55 | mAP50:90: 47.9257 | AP50: 70.2442 | AP70: 51.0345 
UAV_SEQS_59 | mAP50:90: 64.8978 | AP50: 95.3147 | AP70: 71.1877 
UAV_SEQS_6 | mAP50:90: 47.6472 | AP50: 57.7567 | AP70: 49.8640 
UAV_SEQS_63 | mAP50:90: 2.3997 | AP50: 6.2826 | AP70: 1.6479 
UAV_SEQS_65 | mAP50:90: 87.3563 | AP50: 98.9336 | AP70: 97.7045 
UAV_SEQS_7 | mAP50:90: 34.9882 | AP50: 98.5167 | AP70: 34.4653 
UAV_SEQS_71 | mAP50:90: 57.8266 | AP50: 82.8890 | AP70: 62.4346 
UAV_SEQS_73 | mAP50:90: 56.5575 | AP50: 79.5243 | AP70: 64.8647 
UAV_SEQS_74 | mAP50:90: 97.8662 | AP50: 100.0000 | AP70: 100.0000 
UAV_SEQS_77 | mAP50:90: 11.4393 | AP50: 17.4829 | AP70: 13.0996 
UAV_SEQS_8 | mAP50:90: 82.4117 | AP50: 100.0000 | AP70: 96.1188 
Overall            | mAP50:95: 62.8623 | AP50: 78.9159 | AP70: 68.3924 
epoch  8, iter    1: loss: 0.0074 | load time: 0.0042 | back time: 0.3872 | lr: 0.00009961 | best AP50 acc: 0.7892 | best AP70 acc: 0.6839 | best mAP acc: 0.6286 | best mAR acc: 0.6889 | best Score: 0.6286 | best Score epoch:  7 
epoch  8, iter   51: loss: 0.0082 | load time: 0.0002 | back time: 0.8308 | lr: 0.00009959 | best AP50 acc: 0.7892 | best AP70 acc: 0.6839 | best mAP acc: 0.6286 | best mAR acc: 0.6889 | best Score: 0.6286 | best Score epoch:  7 
epoch  8, iter  101: loss: 0.0078 | load time: 0.0002 | back time: 0.8351 | lr: 0.00009957 | best AP50 acc: 0.7892 | best AP70 acc: 0.6839 | best mAP acc: 0.6286 | best mAR acc: 0.6889 | best Score: 0.6286 | best Score epoch:  7 
epoch  8, iter  151: loss: 0.0073 | load time: 0.0002 | back time: 0.8355 | lr: 0.00009956 | best AP50 acc: 0.7892 | best AP70 acc: 0.6839 | best mAP acc: 0.6286 | best mAR acc: 0.6889 | best Score: 0.6286 | best Score epoch:  7 
epoch  8, iter  201: loss: 0.0073 | load time: 0.0004 | back time: 0.8386 | lr: 0.00009954 | best AP50 acc: 0.7892 | best AP70 acc: 0.6839 | best mAP acc: 0.6286 | best mAR acc: 0.6889 | best Score: 0.6286 | best Score epoch:  7 
epoch  8, iter  251: loss: 0.0074 | load time: 0.0001 | back time: 0.8407 | lr: 0.00009952 | best AP50 acc: 0.7892 | best AP70 acc: 0.6839 | best mAP acc: 0.6286 | best mAR acc: 0.6889 | best Score: 0.6286 | best Score epoch:  7 
epoch  8, iter  301: loss: 0.0062 | load time: 0.0002 | back time: 0.8405 | lr: 0.00009950 | best AP50 acc: 0.7892 | best AP70 acc: 0.6839 | best mAP acc: 0.6286 | best mAR acc: 0.6889 | best Score: 0.6286 | best Score epoch:  7 
epoch  8, iter  351: loss: 0.0067 | load time: 0.0002 | back time: 0.8398 | lr: 0.00009948 | best AP50 acc: 0.7892 | best AP70 acc: 0.6839 | best mAP acc: 0.6286 | best mAR acc: 0.6889 | best Score: 0.6286 | best Score epoch:  7 
epoch  8, iter  401: loss: 0.0082 | load time: 0.0001 | back time: 0.8380 | lr: 0.00009946 | best AP50 acc: 0.7892 | best AP70 acc: 0.6839 | best mAP acc: 0.6286 | best mAR acc: 0.6889 | best Score: 0.6286 | best Score epoch:  7 
epoch  8, iter  451: loss: 0.0058 | load time: 0.0003 | back time: 0.8412 | lr: 0.00009944 | best AP50 acc: 0.7892 | best AP70 acc: 0.6839 | best mAP acc: 0.6286 | best mAR acc: 0.6889 | best Score: 0.6286 | best Score epoch:  7 
epoch  8, iter  501: loss: 0.0059 | load time: 0.0003 | back time: 0.8366 | lr: 0.00009942 | best AP50 acc: 0.7892 | best AP70 acc: 0.6839 | best mAP acc: 0.6286 | best mAR acc: 0.6889 | best Score: 0.6286 | best Score epoch:  7 
epoch  8, iter  551: loss: 0.0069 | load time: 0.0002 | back time: 0.8382 | lr: 0.00009940 | best AP50 acc: 0.7892 | best AP70 acc: 0.6839 | best mAP acc: 0.6286 | best mAR acc: 0.6889 | best Score: 0.6286 | best Score epoch:  7 
epoch  8, iter  601: loss: 0.0099 | load time: 0.0003 | back time: 0.8385 | lr: 0.00009938 | best AP50 acc: 0.7892 | best AP70 acc: 0.6839 | best mAP acc: 0.6286 | best mAR acc: 0.6889 | best Score: 0.6286 | best Score epoch:  7 
epoch  8, iter  651: loss: 0.0094 | load time: 0.0002 | back time: 0.8391 | lr: 0.00009936 | best AP50 acc: 0.7892 | best AP70 acc: 0.6839 | best mAP acc: 0.6286 | best mAR acc: 0.6889 | best Score: 0.6286 | best Score epoch:  7 
epoch  8, iter  701: loss: 0.0070 | load time: 0.0002 | back time: 0.8384 | lr: 0.00009934 | best AP50 acc: 0.7892 | best AP70 acc: 0.6839 | best mAP acc: 0.6286 | best mAR acc: 0.6889 | best Score: 0.6286 | best Score epoch:  7 
epoch  8, iter  751: loss: 0.0104 | load time: 0.0002 | back time: 0.8373 | lr: 0.00009931 | best AP50 acc: 0.7892 | best AP70 acc: 0.6839 | best mAP acc: 0.6286 | best mAR acc: 0.6889 | best Score: 0.6286 | best Score epoch:  7 
epoch  8, iter  801: loss: 0.0067 | load time: 0.0002 | back time: 0.8470 | lr: 0.00009929 | best AP50 acc: 0.7892 | best AP70 acc: 0.6839 | best mAP acc: 0.6286 | best mAR acc: 0.6889 | best Score: 0.6286 | best Score epoch:  7 
epoch  8, iter  851: loss: 0.0076 | load time: 0.0001 | back time: 0.8382 | lr: 0.00009927 | best AP50 acc: 0.7892 | best AP70 acc: 0.6839 | best mAP acc: 0.6286 | best mAR acc: 0.6889 | best Score: 0.6286 | best Score epoch:  7 
epoch  8, iter  901: loss: 0.0077 | load time: 0.0003 | back time: 0.8385 | lr: 0.00009925 | best AP50 acc: 0.7892 | best AP70 acc: 0.6839 | best mAP acc: 0.6286 | best mAR acc: 0.6889 | best Score: 0.6286 | best Score epoch:  7 
epoch  8, iter  951: loss: 0.0063 | load time: 0.0002 | back time: 0.8397 | lr: 0.00009922 | best AP50 acc: 0.7892 | best AP70 acc: 0.6839 | best mAP acc: 0.6286 | best mAR acc: 0.6889 | best Score: 0.6286 | best Score epoch:  7 
epoch  8, iter 1001: loss: 0.0067 | load time: 0.0002 | back time: 0.8378 | lr: 0.00009920 | best AP50 acc: 0.7892 | best AP70 acc: 0.6839 | best mAP acc: 0.6286 | best mAR acc: 0.6889 | best Score: 0.6286 | best Score epoch:  7 
epoch  8, iter 1051: loss: 0.0077 | load time: 0.0002 | back time: 0.8405 | lr: 0.00009917 | best AP50 acc: 0.7892 | best AP70 acc: 0.6839 | best mAP acc: 0.6286 | best mAR acc: 0.6889 | best Score: 0.6286 | best Score epoch:  7 
epoch  8, iter 1101: loss: 0.0061 | load time: 0.0003 | back time: 0.8422 | lr: 0.00009915 | best AP50 acc: 0.7892 | best AP70 acc: 0.6839 | best mAP acc: 0.6286 | best mAR acc: 0.6889 | best Score: 0.6286 | best Score epoch:  7 
epoch  8, iter 1151: loss: 0.0069 | load time: 0.0001 | back time: 0.8490 | lr: 0.00009912 | best AP50 acc: 0.7892 | best AP70 acc: 0.6839 | best mAP acc: 0.6286 | best mAR acc: 0.6889 | best Score: 0.6286 | best Score epoch:  7 
UAV_SEQS_2 | mAP50:90: 51.5376 | AP50: 77.8232 | AP70: 58.6101 
UAV_SEQS_37 | mAP50:90: 93.4804 | AP50: 100.0000 | AP70: 97.1078 
UAV_SEQS_45 | mAP50:90: 95.9004 | AP50: 100.0000 | AP70: 100.0000 
UAV_SEQS_47 | mAP50:90: 97.6924 | AP50: 100.0000 | AP70: 100.0000 
UAV_SEQS_55 | mAP50:90: 49.3457 | AP50: 72.4804 | AP70: 52.7998 
UAV_SEQS_59 | mAP50:90: 68.5862 | AP50: 93.5602 | AP70: 75.9336 
UAV_SEQS_6 | mAP50:90: 46.7984 | AP50: 61.6877 | AP70: 49.8528 
UAV_SEQS_63 | mAP50:90: 33.4344 | AP50: 80.3538 | AP70: 25.0369 
UAV_SEQS_65 | mAP50:90: 83.6897 | AP50: 97.5068 | AP70: 90.9692 
UAV_SEQS_7 | mAP50:90: 47.7160 | AP50: 96.1782 | AP70: 48.5149 
UAV_SEQS_71 | mAP50:90: 52.0079 | AP50: 75.8454 | AP70: 54.8393 
UAV_SEQS_73 | mAP50:90: 68.1878 | AP50: 88.8587 | AP70: 77.2226 
UAV_SEQS_74 | mAP50:90: 93.6981 | AP50: 100.0000 | AP70: 100.0000 
UAV_SEQS_77 | mAP50:90: 0.0000 | AP50: 0.0000 | AP70: 0.0000 
UAV_SEQS_8 | mAP50:90: 66.9532 | AP50: 100.0000 | AP70: 83.5809 
Overall            | mAP50:95: 65.1390 | AP50: 83.6245 | AP70: 70.2845 
epoch  9, iter    1: loss: 0.0072 | load time: 0.0033 | back time: 0.3946 | lr: 0.00009912 | best AP50 acc: 0.8362 | best AP70 acc: 0.7028 | best mAP acc: 0.6514 | best mAR acc: 0.7116 | best Score: 0.6514 | best Score epoch:  8 
epoch  9, iter   51: loss: 0.0073 | load time: 0.0002 | back time: 0.8309 | lr: 0.00009910 | best AP50 acc: 0.8362 | best AP70 acc: 0.7028 | best mAP acc: 0.6514 | best mAR acc: 0.7116 | best Score: 0.6514 | best Score epoch:  8 
epoch  9, iter  101: loss: 0.0099 | load time: 0.0003 | back time: 0.8374 | lr: 0.00009907 | best AP50 acc: 0.8362 | best AP70 acc: 0.7028 | best mAP acc: 0.6514 | best mAR acc: 0.7116 | best Score: 0.6514 | best Score epoch:  8 
epoch  9, iter  151: loss: 0.0060 | load time: 0.0001 | back time: 0.8394 | lr: 0.00009905 | best AP50 acc: 0.8362 | best AP70 acc: 0.7028 | best mAP acc: 0.6514 | best mAR acc: 0.7116 | best Score: 0.6514 | best Score epoch:  8 
epoch  9, iter  201: loss: 0.0063 | load time: 0.0004 | back time: 0.8387 | lr: 0.00009902 | best AP50 acc: 0.8362 | best AP70 acc: 0.7028 | best mAP acc: 0.6514 | best mAR acc: 0.7116 | best Score: 0.6514 | best Score epoch:  8 
epoch  9, iter  251: loss: 0.0070 | load time: 0.0003 | back time: 0.8438 | lr: 0.00009899 | best AP50 acc: 0.8362 | best AP70 acc: 0.7028 | best mAP acc: 0.6514 | best mAR acc: 0.7116 | best Score: 0.6514 | best Score epoch:  8 
epoch  9, iter  301: loss: 0.0063 | load time: 0.0002 | back time: 0.8378 | lr: 0.00009896 | best AP50 acc: 0.8362 | best AP70 acc: 0.7028 | best mAP acc: 0.6514 | best mAR acc: 0.7116 | best Score: 0.6514 | best Score epoch:  8 
epoch  9, iter  351: loss: 0.0078 | load time: 0.0002 | back time: 0.8383 | lr: 0.00009894 | best AP50 acc: 0.8362 | best AP70 acc: 0.7028 | best mAP acc: 0.6514 | best mAR acc: 0.7116 | best Score: 0.6514 | best Score epoch:  8 
epoch  9, iter  401: loss: 0.0076 | load time: 0.0002 | back time: 0.8399 | lr: 0.00009891 | best AP50 acc: 0.8362 | best AP70 acc: 0.7028 | best mAP acc: 0.6514 | best mAR acc: 0.7116 | best Score: 0.6514 | best Score epoch:  8 
epoch  9, iter  451: loss: 0.0073 | load time: 0.0001 | back time: 0.8395 | lr: 0.00009888 | best AP50 acc: 0.8362 | best AP70 acc: 0.7028 | best mAP acc: 0.6514 | best mAR acc: 0.7116 | best Score: 0.6514 | best Score epoch:  8 
epoch  9, iter  501: loss: 0.0072 | load time: 0.0002 | back time: 0.8392 | lr: 0.00009885 | best AP50 acc: 0.8362 | best AP70 acc: 0.7028 | best mAP acc: 0.6514 | best mAR acc: 0.7116 | best Score: 0.6514 | best Score epoch:  8 
epoch  9, iter  551: loss: 0.0081 | load time: 0.0003 | back time: 0.8387 | lr: 0.00009882 | best AP50 acc: 0.8362 | best AP70 acc: 0.7028 | best mAP acc: 0.6514 | best mAR acc: 0.7116 | best Score: 0.6514 | best Score epoch:  8 
epoch  9, iter  601: loss: 0.0076 | load time: 0.0003 | back time: 0.8428 | lr: 0.00009879 | best AP50 acc: 0.8362 | best AP70 acc: 0.7028 | best mAP acc: 0.6514 | best mAR acc: 0.7116 | best Score: 0.6514 | best Score epoch:  8 
epoch  9, iter  651: loss: 0.0083 | load time: 0.0001 | back time: 0.8395 | lr: 0.00009876 | best AP50 acc: 0.8362 | best AP70 acc: 0.7028 | best mAP acc: 0.6514 | best mAR acc: 0.7116 | best Score: 0.6514 | best Score epoch:  8 
epoch  9, iter  701: loss: 0.0066 | load time: 0.0002 | back time: 0.8414 | lr: 0.00009873 | best AP50 acc: 0.8362 | best AP70 acc: 0.7028 | best mAP acc: 0.6514 | best mAR acc: 0.7116 | best Score: 0.6514 | best Score epoch:  8 
epoch  9, iter  751: loss: 0.0064 | load time: 0.0003 | back time: 0.8405 | lr: 0.00009870 | best AP50 acc: 0.8362 | best AP70 acc: 0.7028 | best mAP acc: 0.6514 | best mAR acc: 0.7116 | best Score: 0.6514 | best Score epoch:  8 
epoch  9, iter  801: loss: 0.0070 | load time: 0.0002 | back time: 0.8387 | lr: 0.00009867 | best AP50 acc: 0.8362 | best AP70 acc: 0.7028 | best mAP acc: 0.6514 | best mAR acc: 0.7116 | best Score: 0.6514 | best Score epoch:  8 
epoch  9, iter  851: loss: 0.0060 | load time: 0.0003 | back time: 0.8408 | lr: 0.00009864 | best AP50 acc: 0.8362 | best AP70 acc: 0.7028 | best mAP acc: 0.6514 | best mAR acc: 0.7116 | best Score: 0.6514 | best Score epoch:  8 
epoch  9, iter  901: loss: 0.0080 | load time: 0.0003 | back time: 0.8478 | lr: 0.00009861 | best AP50 acc: 0.8362 | best AP70 acc: 0.7028 | best mAP acc: 0.6514 | best mAR acc: 0.7116 | best Score: 0.6514 | best Score epoch:  8 
epoch  9, iter  951: loss: 0.0080 | load time: 0.0002 | back time: 0.8398 | lr: 0.00009858 | best AP50 acc: 0.8362 | best AP70 acc: 0.7028 | best mAP acc: 0.6514 | best mAR acc: 0.7116 | best Score: 0.6514 | best Score epoch:  8 
epoch  9, iter 1001: loss: 0.0071 | load time: 0.0001 | back time: 0.8419 | lr: 0.00009854 | best AP50 acc: 0.8362 | best AP70 acc: 0.7028 | best mAP acc: 0.6514 | best mAR acc: 0.7116 | best Score: 0.6514 | best Score epoch:  8 
epoch  9, iter 1051: loss: 0.0071 | load time: 0.0003 | back time: 0.8416 | lr: 0.00009851 | best AP50 acc: 0.8362 | best AP70 acc: 0.7028 | best mAP acc: 0.6514 | best mAR acc: 0.7116 | best Score: 0.6514 | best Score epoch:  8 
epoch  9, iter 1101: loss: 0.0059 | load time: 0.0002 | back time: 0.8410 | lr: 0.00009848 | best AP50 acc: 0.8362 | best AP70 acc: 0.7028 | best mAP acc: 0.6514 | best mAR acc: 0.7116 | best Score: 0.6514 | best Score epoch:  8 
epoch  9, iter 1151: loss: 0.0074 | load time: 0.0001 | back time: 0.8372 | lr: 0.00009845 | best AP50 acc: 0.8362 | best AP70 acc: 0.7028 | best mAP acc: 0.6514 | best mAR acc: 0.7116 | best Score: 0.6514 | best Score epoch:  8 
UAV_SEQS_2 | mAP50:90: 47.0467 | AP50: 79.4199 | AP70: 49.6282 
UAV_SEQS_37 | mAP50:90: 87.7046 | AP50: 100.0000 | AP70: 90.8421 
UAV_SEQS_45 | mAP50:90: 93.1607 | AP50: 100.0000 | AP70: 100.0000 
UAV_SEQS_47 | mAP50:90: 94.8957 | AP50: 100.0000 | AP70: 100.0000 
UAV_SEQS_55 | mAP50:90: 36.0945 | AP50: 54.3151 | AP70: 43.4827 
UAV_SEQS_59 | mAP50:90: 53.3750 | AP50: 86.9967 | AP70: 51.6879 
UAV_SEQS_6 | mAP50:90: 51.6821 | AP50: 61.0520 | AP70: 54.5721 
UAV_SEQS_63 | mAP50:90: 1.9850 | AP50: 6.6740 | AP70: 0.4667 
UAV_SEQS_65 | mAP50:90: 80.6054 | AP50: 100.0000 | AP70: 92.5003 
UAV_SEQS_7 | mAP50:90: 78.3387 | AP50: 100.0000 | AP70: 92.6958 
UAV_SEQS_71 | mAP50:90: 52.5237 | AP50: 75.1649 | AP70: 58.6866 
UAV_SEQS_73 | mAP50:90: 48.9456 | AP50: 73.8750 | AP70: 54.9148 
UAV_SEQS_74 | mAP50:90: 97.9529 | AP50: 100.0000 | AP70: 100.0000 
UAV_SEQS_77 | mAP50:90: 9.9342 | AP50: 22.2396 | AP70: 8.1760 
UAV_SEQS_8 | mAP50:90: 78.1628 | AP50: 98.1287 | AP70: 85.2868 
Overall            | mAP50:95: 62.4901 | AP50: 78.5717 | AP70: 67.0077 
epoch 10, iter    1: loss: 0.0069 | load time: 0.0033 | back time: 0.4672 | lr: 0.00009844 | best AP50 acc: 0.8362 | best AP70 acc: 0.7028 | best mAP acc: 0.6514 | best mAR acc: 0.7116 | best Score: 0.6514 | best Score epoch:  8 
epoch 10, iter   51: loss: 0.0081 | load time: 0.0003 | back time: 0.8323 | lr: 0.00009841 | best AP50 acc: 0.8362 | best AP70 acc: 0.7028 | best mAP acc: 0.6514 | best mAR acc: 0.7116 | best Score: 0.6514 | best Score epoch:  8 
epoch 10, iter  101: loss: 0.0069 | load time: 0.0002 | back time: 0.8388 | lr: 0.00009838 | best AP50 acc: 0.8362 | best AP70 acc: 0.7028 | best mAP acc: 0.6514 | best mAR acc: 0.7116 | best Score: 0.6514 | best Score epoch:  8 
epoch 10, iter  151: loss: 0.0066 | load time: 0.0002 | back time: 0.8400 | lr: 0.00009834 | best AP50 acc: 0.8362 | best AP70 acc: 0.7028 | best mAP acc: 0.6514 | best mAR acc: 0.7116 | best Score: 0.6514 | best Score epoch:  8 
epoch 10, iter  201: loss: 0.0069 | load time: 0.0003 | back time: 0.8396 | lr: 0.00009831 | best AP50 acc: 0.8362 | best AP70 acc: 0.7028 | best mAP acc: 0.6514 | best mAR acc: 0.7116 | best Score: 0.6514 | best Score epoch:  8 
epoch 10, iter  251: loss: 0.0062 | load time: 0.0001 | back time: 0.8437 | lr: 0.00009827 | best AP50 acc: 0.8362 | best AP70 acc: 0.7028 | best mAP acc: 0.6514 | best mAR acc: 0.7116 | best Score: 0.6514 | best Score epoch:  8 
epoch 10, iter  301: loss: 0.0060 | load time: 0.0001 | back time: 0.8432 | lr: 0.00009824 | best AP50 acc: 0.8362 | best AP70 acc: 0.7028 | best mAP acc: 0.6514 | best mAR acc: 0.7116 | best Score: 0.6514 | best Score epoch:  8 
epoch 10, iter  351: loss: 0.0069 | load time: 0.0002 | back time: 0.8441 | lr: 0.00009820 | best AP50 acc: 0.8362 | best AP70 acc: 0.7028 | best mAP acc: 0.6514 | best mAR acc: 0.7116 | best Score: 0.6514 | best Score epoch:  8 
epoch 10, iter  401: loss: 0.0062 | load time: 0.0002 | back time: 0.8402 | lr: 0.00009816 | best AP50 acc: 0.8362 | best AP70 acc: 0.7028 | best mAP acc: 0.6514 | best mAR acc: 0.7116 | best Score: 0.6514 | best Score epoch:  8 
epoch 10, iter  451: loss: 0.0058 | load time: 0.0002 | back time: 0.8385 | lr: 0.00009813 | best AP50 acc: 0.8362 | best AP70 acc: 0.7028 | best mAP acc: 0.6514 | best mAR acc: 0.7116 | best Score: 0.6514 | best Score epoch:  8 
epoch 10, iter  501: loss: 0.0057 | load time: 0.0002 | back time: 0.8414 | lr: 0.00009809 | best AP50 acc: 0.8362 | best AP70 acc: 0.7028 | best mAP acc: 0.6514 | best mAR acc: 0.7116 | best Score: 0.6514 | best Score epoch:  8 
epoch 10, iter  551: loss: 0.0074 | load time: 0.0003 | back time: 0.8414 | lr: 0.00009805 | best AP50 acc: 0.8362 | best AP70 acc: 0.7028 | best mAP acc: 0.6514 | best mAR acc: 0.7116 | best Score: 0.6514 | best Score epoch:  8 
epoch 10, iter  601: loss: 0.0113 | load time: 0.0003 | back time: 0.8414 | lr: 0.00009802 | best AP50 acc: 0.8362 | best AP70 acc: 0.7028 | best mAP acc: 0.6514 | best mAR acc: 0.7116 | best Score: 0.6514 | best Score epoch:  8 
epoch 10, iter  651: loss: 0.0062 | load time: 0.0002 | back time: 0.8430 | lr: 0.00009798 | best AP50 acc: 0.8362 | best AP70 acc: 0.7028 | best mAP acc: 0.6514 | best mAR acc: 0.7116 | best Score: 0.6514 | best Score epoch:  8 
epoch 10, iter  701: loss: 0.0056 | load time: 0.0001 | back time: 0.8374 | lr: 0.00009794 | best AP50 acc: 0.8362 | best AP70 acc: 0.7028 | best mAP acc: 0.6514 | best mAR acc: 0.7116 | best Score: 0.6514 | best Score epoch:  8 
epoch 10, iter  751: loss: 0.0061 | load time: 0.0002 | back time: 0.8555 | lr: 0.00009790 | best AP50 acc: 0.8362 | best AP70 acc: 0.7028 | best mAP acc: 0.6514 | best mAR acc: 0.7116 | best Score: 0.6514 | best Score epoch:  8 
epoch 10, iter  801: loss: 0.0066 | load time: 0.0002 | back time: 0.8440 | lr: 0.00009786 | best AP50 acc: 0.8362 | best AP70 acc: 0.7028 | best mAP acc: 0.6514 | best mAR acc: 0.7116 | best Score: 0.6514 | best Score epoch:  8 
epoch 10, iter  851: loss: 0.0067 | load time: 0.0003 | back time: 0.8420 | lr: 0.00009782 | best AP50 acc: 0.8362 | best AP70 acc: 0.7028 | best mAP acc: 0.6514 | best mAR acc: 0.7116 | best Score: 0.6514 | best Score epoch:  8 
epoch 10, iter  901: loss: 0.0057 | load time: 0.0002 | back time: 0.8422 | lr: 0.00009778 | best AP50 acc: 0.8362 | best AP70 acc: 0.7028 | best mAP acc: 0.6514 | best mAR acc: 0.7116 | best Score: 0.6514 | best Score epoch:  8 
epoch 10, iter  951: loss: 0.0065 | load time: 0.0003 | back time: 0.8424 | lr: 0.00009774 | best AP50 acc: 0.8362 | best AP70 acc: 0.7028 | best mAP acc: 0.6514 | best mAR acc: 0.7116 | best Score: 0.6514 | best Score epoch:  8 
epoch 10, iter 1001: loss: 0.0067 | load time: 0.0001 | back time: 0.8385 | lr: 0.00009770 | best AP50 acc: 0.8362 | best AP70 acc: 0.7028 | best mAP acc: 0.6514 | best mAR acc: 0.7116 | best Score: 0.6514 | best Score epoch:  8 
epoch 10, iter 1051: loss: 0.0069 | load time: 0.0003 | back time: 0.8422 | lr: 0.00009766 | best AP50 acc: 0.8362 | best AP70 acc: 0.7028 | best mAP acc: 0.6514 | best mAR acc: 0.7116 | best Score: 0.6514 | best Score epoch:  8 
epoch 10, iter 1101: loss: 0.0067 | load time: 0.0002 | back time: 0.8407 | lr: 0.00009762 | best AP50 acc: 0.8362 | best AP70 acc: 0.7028 | best mAP acc: 0.6514 | best mAR acc: 0.7116 | best Score: 0.6514 | best Score epoch:  8 
epoch 10, iter 1151: loss: 0.0063 | load time: 0.0001 | back time: 0.8387 | lr: 0.00009758 | best AP50 acc: 0.8362 | best AP70 acc: 0.7028 | best mAP acc: 0.6514 | best mAR acc: 0.7116 | best Score: 0.6514 | best Score epoch:  8 
UAV_SEQS_2 | mAP50:90: 59.0739 | AP50: 82.5655 | AP70: 61.4551 
UAV_SEQS_37 | mAP50:90: 88.6482 | AP50: 100.0000 | AP70: 95.7630 
UAV_SEQS_45 | mAP50:90: 96.3691 | AP50: 100.0000 | AP70: 100.0000 
UAV_SEQS_47 | mAP50:90: 97.8277 | AP50: 100.0000 | AP70: 100.0000 
UAV_SEQS_55 | mAP50:90: 46.3821 | AP50: 69.7091 | AP70: 45.0919 
UAV_SEQS_59 | mAP50:90: 62.5569 | AP50: 91.9278 | AP70: 69.5876 
UAV_SEQS_6 | mAP50:90: 38.7657 | AP50: 51.1110 | AP70: 39.9140 
UAV_SEQS_63 | mAP50:90: 8.5985 | AP50: 25.8426 | AP70: 3.1485 
UAV_SEQS_65 | mAP50:90: 86.3122 | AP50: 97.5405 | AP70: 93.7362 
UAV_SEQS_7 | mAP50:90: 78.5046 | AP50: 100.0000 | AP70: 85.2202 
UAV_SEQS_71 | mAP50:90: 66.8567 | AP50: 91.7585 | AP70: 74.6473 
UAV_SEQS_73 | mAP50:90: 65.5394 | AP50: 89.1084 | AP70: 76.3735 
UAV_SEQS_74 | mAP50:90: 98.0966 | AP50: 100.0000 | AP70: 100.0000 
UAV_SEQS_77 | mAP50:90: 14.5948 | AP50: 36.2383 | AP70: 14.8448 
UAV_SEQS_8 | mAP50:90: 75.0458 | AP50: 100.0000 | AP70: 86.9967 
Overall            | mAP50:95: 67.4065 | AP50: 84.1845 | AP70: 71.6704 
epoch 11, iter    1: loss: 0.0061 | load time: 0.0044 | back time: 0.5168 | lr: 0.00009758 | best AP50 acc: 0.8418 | best AP70 acc: 0.7167 | best mAP acc: 0.6741 | best mAR acc: 0.7419 | best Score: 0.6741 | best Score epoch: 10 
epoch 11, iter   51: loss: 0.0066 | load time: 0.0003 | back time: 0.8334 | lr: 0.00009753 | best AP50 acc: 0.8418 | best AP70 acc: 0.7167 | best mAP acc: 0.6741 | best mAR acc: 0.7419 | best Score: 0.6741 | best Score epoch: 10 
epoch 11, iter  101: loss: 0.0070 | load time: 0.0001 | back time: 0.8368 | lr: 0.00009749 | best AP50 acc: 0.8418 | best AP70 acc: 0.7167 | best mAP acc: 0.6741 | best mAR acc: 0.7419 | best Score: 0.6741 | best Score epoch: 10 
epoch 11, iter  151: loss: 0.0064 | load time: 0.0002 | back time: 0.8401 | lr: 0.00009745 | best AP50 acc: 0.8418 | best AP70 acc: 0.7167 | best mAP acc: 0.6741 | best mAR acc: 0.7419 | best Score: 0.6741 | best Score epoch: 10 
epoch 11, iter  201: loss: 0.0060 | load time: 0.0002 | back time: 0.8385 | lr: 0.00009741 | best AP50 acc: 0.8418 | best AP70 acc: 0.7167 | best mAP acc: 0.6741 | best mAR acc: 0.7419 | best Score: 0.6741 | best Score epoch: 10 
epoch 11, iter  251: loss: 0.0058 | load time: 0.0002 | back time: 0.8394 | lr: 0.00009736 | best AP50 acc: 0.8418 | best AP70 acc: 0.7167 | best mAP acc: 0.6741 | best mAR acc: 0.7419 | best Score: 0.6741 | best Score epoch: 10 
epoch 11, iter  301: loss: 0.0057 | load time: 0.0002 | back time: 0.8418 | lr: 0.00009732 | best AP50 acc: 0.8418 | best AP70 acc: 0.7167 | best mAP acc: 0.6741 | best mAR acc: 0.7419 | best Score: 0.6741 | best Score epoch: 10 
epoch 11, iter  351: loss: 0.0058 | load time: 0.0003 | back time: 0.8421 | lr: 0.00009728 | best AP50 acc: 0.8418 | best AP70 acc: 0.7167 | best mAP acc: 0.6741 | best mAR acc: 0.7419 | best Score: 0.6741 | best Score epoch: 10 
epoch 11, iter  401: loss: 0.0060 | load time: 0.0003 | back time: 0.8389 | lr: 0.00009723 | best AP50 acc: 0.8418 | best AP70 acc: 0.7167 | best mAP acc: 0.6741 | best mAR acc: 0.7419 | best Score: 0.6741 | best Score epoch: 10 
epoch 11, iter  451: loss: 0.0075 | load time: 0.0002 | back time: 0.8408 | lr: 0.00009719 | best AP50 acc: 0.8418 | best AP70 acc: 0.7167 | best mAP acc: 0.6741 | best mAR acc: 0.7419 | best Score: 0.6741 | best Score epoch: 10 
epoch 11, iter  501: loss: 0.0086 | load time: 0.0003 | back time: 0.8402 | lr: 0.00009714 | best AP50 acc: 0.8418 | best AP70 acc: 0.7167 | best mAP acc: 0.6741 | best mAR acc: 0.7419 | best Score: 0.6741 | best Score epoch: 10 
epoch 11, iter  551: loss: 0.0063 | load time: 0.0001 | back time: 0.8413 | lr: 0.00009710 | best AP50 acc: 0.8418 | best AP70 acc: 0.7167 | best mAP acc: 0.6741 | best mAR acc: 0.7419 | best Score: 0.6741 | best Score epoch: 10 
epoch 11, iter  601: loss: 0.0063 | load time: 0.0002 | back time: 0.8406 | lr: 0.00009705 | best AP50 acc: 0.8418 | best AP70 acc: 0.7167 | best mAP acc: 0.6741 | best mAR acc: 0.7419 | best Score: 0.6741 | best Score epoch: 10 
epoch 11, iter  651: loss: 0.0062 | load time: 0.0001 | back time: 0.8412 | lr: 0.00009700 | best AP50 acc: 0.8418 | best AP70 acc: 0.7167 | best mAP acc: 0.6741 | best mAR acc: 0.7419 | best Score: 0.6741 | best Score epoch: 10 
epoch 11, iter  701: loss: 0.0065 | load time: 0.0002 | back time: 0.8406 | lr: 0.00009696 | best AP50 acc: 0.8418 | best AP70 acc: 0.7167 | best mAP acc: 0.6741 | best mAR acc: 0.7419 | best Score: 0.6741 | best Score epoch: 10 
epoch 11, iter  751: loss: 0.0064 | load time: 0.0002 | back time: 0.8422 | lr: 0.00009691 | best AP50 acc: 0.8418 | best AP70 acc: 0.7167 | best mAP acc: 0.6741 | best mAR acc: 0.7419 | best Score: 0.6741 | best Score epoch: 10 
epoch 11, iter  801: loss: 0.0060 | load time: 0.0002 | back time: 0.8426 | lr: 0.00009686 | best AP50 acc: 0.8418 | best AP70 acc: 0.7167 | best mAP acc: 0.6741 | best mAR acc: 0.7419 | best Score: 0.6741 | best Score epoch: 10 
epoch 11, iter  851: loss: 0.0060 | load time: 0.0002 | back time: 0.8401 | lr: 0.00009682 | best AP50 acc: 0.8418 | best AP70 acc: 0.7167 | best mAP acc: 0.6741 | best mAR acc: 0.7419 | best Score: 0.6741 | best Score epoch: 10 
epoch 11, iter  901: loss: 0.0063 | load time: 0.0002 | back time: 0.8542 | lr: 0.00009677 | best AP50 acc: 0.8418 | best AP70 acc: 0.7167 | best mAP acc: 0.6741 | best mAR acc: 0.7419 | best Score: 0.6741 | best Score epoch: 10 
epoch 11, iter  951: loss: 0.0069 | load time: 0.0001 | back time: 0.8510 | lr: 0.00009672 | best AP50 acc: 0.8418 | best AP70 acc: 0.7167 | best mAP acc: 0.6741 | best mAR acc: 0.7419 | best Score: 0.6741 | best Score epoch: 10 
epoch 11, iter 1001: loss: 0.0069 | load time: 0.0001 | back time: 0.8361 | lr: 0.00009667 | best AP50 acc: 0.8418 | best AP70 acc: 0.7167 | best mAP acc: 0.6741 | best mAR acc: 0.7419 | best Score: 0.6741 | best Score epoch: 10 
epoch 11, iter 1051: loss: 0.0064 | load time: 0.0005 | back time: 0.8397 | lr: 0.00009662 | best AP50 acc: 0.8418 | best AP70 acc: 0.7167 | best mAP acc: 0.6741 | best mAR acc: 0.7419 | best Score: 0.6741 | best Score epoch: 10 
epoch 11, iter 1101: loss: 0.0061 | load time: 0.0002 | back time: 0.8393 | lr: 0.00009657 | best AP50 acc: 0.8418 | best AP70 acc: 0.7167 | best mAP acc: 0.6741 | best mAR acc: 0.7419 | best Score: 0.6741 | best Score epoch: 10 
epoch 11, iter 1151: loss: 0.0067 | load time: 0.0001 | back time: 0.8406 | lr: 0.00009652 | best AP50 acc: 0.8418 | best AP70 acc: 0.7167 | best mAP acc: 0.6741 | best mAR acc: 0.7419 | best Score: 0.6741 | best Score epoch: 10 
UAV_SEQS_2 | mAP50:90: 36.3614 | AP50: 65.7541 | AP70: 37.7788 
UAV_SEQS_37 | mAP50:90: 77.4436 | AP50: 100.0000 | AP70: 83.3408 
UAV_SEQS_45 | mAP50:90: 96.4135 | AP50: 100.0000 | AP70: 100.0000 
UAV_SEQS_47 | mAP50:90: 95.3050 | AP50: 100.0000 | AP70: 100.0000 
UAV_SEQS_55 | mAP50:90: 37.8517 | AP50: 65.1993 | AP70: 37.0406 
UAV_SEQS_59 | mAP50:90: 62.2420 | AP50: 91.4132 | AP70: 64.8278 
UAV_SEQS_6 | mAP50:90: 35.0257 | AP50: 42.1239 | AP70: 39.5306 
UAV_SEQS_63 | mAP50:90: 7.8033 | AP50: 28.4157 | AP70: 1.8544 
UAV_SEQS_65 | mAP50:90: 83.3265 | AP50: 95.6826 | AP70: 88.9041 
UAV_SEQS_7 | mAP50:90: 36.9868 | AP50: 67.9340 | AP70: 34.2706 
UAV_SEQS_71 | mAP50:90: 65.2728 | AP50: 85.9636 | AP70: 75.7000 
UAV_SEQS_73 | mAP50:90: 66.2004 | AP50: 86.4741 | AP70: 75.0715 
UAV_SEQS_74 | mAP50:90: 100.0000 | AP50: 100.0000 | AP70: 100.0000 
UAV_SEQS_77 | mAP50:90: 10.9641 | AP50: 21.2530 | AP70: 11.6479 
UAV_SEQS_8 | mAP50:90: 40.8336 | AP50: 91.2475 | AP70: 37.4455 
Overall            | mAP50:95: 57.1642 | AP50: 77.4579 | AP70: 59.4417 
epoch 12, iter    1: loss: 0.0062 | load time: 0.0039 | back time: 0.3861 | lr: 0.00009652 | best AP50 acc: 0.8418 | best AP70 acc: 0.7167 | best mAP acc: 0.6741 | best mAR acc: 0.7419 | best Score: 0.6741 | best Score epoch: 10 
epoch 12, iter   51: loss: 0.0062 | load time: 0.0001 | back time: 0.8355 | lr: 0.00009647 | best AP50 acc: 0.8418 | best AP70 acc: 0.7167 | best mAP acc: 0.6741 | best mAR acc: 0.7419 | best Score: 0.6741 | best Score epoch: 10 
epoch 12, iter  101: loss: 0.0058 | load time: 0.0003 | back time: 0.8382 | lr: 0.00009642 | best AP50 acc: 0.8418 | best AP70 acc: 0.7167 | best mAP acc: 0.6741 | best mAR acc: 0.7419 | best Score: 0.6741 | best Score epoch: 10 
epoch 12, iter  151: loss: 0.0061 | load time: 0.0002 | back time: 0.8410 | lr: 0.00009637 | best AP50 acc: 0.8418 | best AP70 acc: 0.7167 | best mAP acc: 0.6741 | best mAR acc: 0.7419 | best Score: 0.6741 | best Score epoch: 10 
epoch 12, iter  201: loss: 0.0060 | load time: 0.0003 | back time: 0.8380 | lr: 0.00009632 | best AP50 acc: 0.8418 | best AP70 acc: 0.7167 | best mAP acc: 0.6741 | best mAR acc: 0.7419 | best Score: 0.6741 | best Score epoch: 10 
epoch 12, iter  251: loss: 0.0068 | load time: 0.0002 | back time: 0.8396 | lr: 0.00009627 | best AP50 acc: 0.8418 | best AP70 acc: 0.7167 | best mAP acc: 0.6741 | best mAR acc: 0.7419 | best Score: 0.6741 | best Score epoch: 10 
epoch 12, iter  301: loss: 0.0062 | load time: 0.0001 | back time: 0.8440 | lr: 0.00009622 | best AP50 acc: 0.8418 | best AP70 acc: 0.7167 | best mAP acc: 0.6741 | best mAR acc: 0.7419 | best Score: 0.6741 | best Score epoch: 10 
epoch 12, iter  351: loss: 0.0060 | load time: 0.0002 | back time: 0.8419 | lr: 0.00009617 | best AP50 acc: 0.8418 | best AP70 acc: 0.7167 | best mAP acc: 0.6741 | best mAR acc: 0.7419 | best Score: 0.6741 | best Score epoch: 10 
epoch 12, iter  401: loss: 0.0062 | load time: 0.0001 | back time: 0.8403 | lr: 0.00009611 | best AP50 acc: 0.8418 | best AP70 acc: 0.7167 | best mAP acc: 0.6741 | best mAR acc: 0.7419 | best Score: 0.6741 | best Score epoch: 10 
epoch 12, iter  451: loss: 0.0061 | load time: 0.0002 | back time: 0.8429 | lr: 0.00009606 | best AP50 acc: 0.8418 | best AP70 acc: 0.7167 | best mAP acc: 0.6741 | best mAR acc: 0.7419 | best Score: 0.6741 | best Score epoch: 10 
epoch 12, iter  501: loss: 0.0065 | load time: 0.0002 | back time: 0.8411 | lr: 0.00009601 | best AP50 acc: 0.8418 | best AP70 acc: 0.7167 | best mAP acc: 0.6741 | best mAR acc: 0.7419 | best Score: 0.6741 | best Score epoch: 10 
epoch 12, iter  551: loss: 0.0062 | load time: 0.0002 | back time: 0.8412 | lr: 0.00009596 | best AP50 acc: 0.8418 | best AP70 acc: 0.7167 | best mAP acc: 0.6741 | best mAR acc: 0.7419 | best Score: 0.6741 | best Score epoch: 10 
epoch 12, iter  601: loss: 0.0068 | load time: 0.0001 | back time: 0.8405 | lr: 0.00009590 | best AP50 acc: 0.8418 | best AP70 acc: 0.7167 | best mAP acc: 0.6741 | best mAR acc: 0.7419 | best Score: 0.6741 | best Score epoch: 10 
epoch 12, iter  651: loss: 0.0065 | load time: 0.0002 | back time: 0.8395 | lr: 0.00009585 | best AP50 acc: 0.8418 | best AP70 acc: 0.7167 | best mAP acc: 0.6741 | best mAR acc: 0.7419 | best Score: 0.6741 | best Score epoch: 10 
epoch 12, iter  701: loss: 0.0062 | load time: 0.0002 | back time: 0.8408 | lr: 0.00009579 | best AP50 acc: 0.8418 | best AP70 acc: 0.7167 | best mAP acc: 0.6741 | best mAR acc: 0.7419 | best Score: 0.6741 | best Score epoch: 10 
epoch 12, iter  751: loss: 0.0060 | load time: 0.0002 | back time: 0.8394 | lr: 0.00009574 | best AP50 acc: 0.8418 | best AP70 acc: 0.7167 | best mAP acc: 0.6741 | best mAR acc: 0.7419 | best Score: 0.6741 | best Score epoch: 10 
epoch 12, iter  801: loss: 0.0064 | load time: 0.0002 | back time: 0.8426 | lr: 0.00009568 | best AP50 acc: 0.8418 | best AP70 acc: 0.7167 | best mAP acc: 0.6741 | best mAR acc: 0.7419 | best Score: 0.6741 | best Score epoch: 10 
epoch 12, iter  851: loss: 0.0063 | load time: 0.0002 | back time: 0.8412 | lr: 0.00009563 | best AP50 acc: 0.8418 | best AP70 acc: 0.7167 | best mAP acc: 0.6741 | best mAR acc: 0.7419 | best Score: 0.6741 | best Score epoch: 10 
epoch 12, iter  901: loss: 0.0068 | load time: 0.0002 | back time: 0.8411 | lr: 0.00009557 | best AP50 acc: 0.8418 | best AP70 acc: 0.7167 | best mAP acc: 0.6741 | best mAR acc: 0.7419 | best Score: 0.6741 | best Score epoch: 10 
epoch 12, iter  951: loss: 0.0064 | load time: 0.0003 | back time: 0.8405 | lr: 0.00009552 | best AP50 acc: 0.8418 | best AP70 acc: 0.7167 | best mAP acc: 0.6741 | best mAR acc: 0.7419 | best Score: 0.6741 | best Score epoch: 10 
epoch 12, iter 1001: loss: 0.0061 | load time: 0.0003 | back time: 0.8408 | lr: 0.00009546 | best AP50 acc: 0.8418 | best AP70 acc: 0.7167 | best mAP acc: 0.6741 | best mAR acc: 0.7419 | best Score: 0.6741 | best Score epoch: 10 
epoch 12, iter 1051: loss: 0.0072 | load time: 0.0002 | back time: 0.8418 | lr: 0.00009540 | best AP50 acc: 0.8418 | best AP70 acc: 0.7167 | best mAP acc: 0.6741 | best mAR acc: 0.7419 | best Score: 0.6741 | best Score epoch: 10 
epoch 12, iter 1101: loss: 0.0068 | load time: 0.0002 | back time: 0.8450 | lr: 0.00009535 | best AP50 acc: 0.8418 | best AP70 acc: 0.7167 | best mAP acc: 0.6741 | best mAR acc: 0.7419 | best Score: 0.6741 | best Score epoch: 10 
epoch 12, iter 1151: loss: 0.0063 | load time: 0.0001 | back time: 0.8382 | lr: 0.00009529 | best AP50 acc: 0.8418 | best AP70 acc: 0.7167 | best mAP acc: 0.6741 | best mAR acc: 0.7419 | best Score: 0.6741 | best Score epoch: 10 
UAV_SEQS_2 | mAP50:90: 49.2567 | AP50: 78.2525 | AP70: 52.0753 
UAV_SEQS_37 | mAP50:90: 76.2713 | AP50: 98.8066 | AP70: 79.5907 
UAV_SEQS_45 | mAP50:90: 96.7311 | AP50: 100.0000 | AP70: 100.0000 
UAV_SEQS_47 | mAP50:90: 96.9156 | AP50: 100.0000 | AP70: 100.0000 
UAV_SEQS_55 | mAP50:90: 47.8459 | AP50: 70.6137 | AP70: 53.4733 
UAV_SEQS_59 | mAP50:90: 61.8249 | AP50: 91.8437 | AP70: 67.7896 
UAV_SEQS_6 | mAP50:90: 40.2893 | AP50: 50.9714 | AP70: 46.5040 
UAV_SEQS_63 | mAP50:90: 14.9672 | AP50: 44.0760 | AP70: 9.3727 
UAV_SEQS_65 | mAP50:90: 85.5496 | AP50: 96.4007 | AP70: 91.1223 
UAV_SEQS_7 | mAP50:90: 46.1188 | AP50: 98.6007 | AP70: 44.0033 
UAV_SEQS_71 | mAP50:90: 69.7378 | AP50: 97.5365 | AP70: 71.7908 
UAV_SEQS_73 | mAP50:90: 63.5135 | AP50: 92.3810 | AP70: 71.8362 
UAV_SEQS_74 | mAP50:90: 100.0000 | AP50: 100.0000 | AP70: 100.0000 
UAV_SEQS_77 | mAP50:90: 17.8561 | AP50: 26.6758 | AP70: 18.0826 
UAV_SEQS_8 | mAP50:90: 64.1362 | AP50: 100.0000 | AP70: 75.3864 
Overall            | mAP50:95: 64.1305 | AP50: 85.0386 | AP70: 67.4555 
epoch 13, iter    1: loss: 0.0060 | load time: 0.0033 | back time: 0.4481 | lr: 0.00009529 | best AP50 acc: 0.8418 | best AP70 acc: 0.7167 | best mAP acc: 0.6741 | best mAR acc: 0.7419 | best Score: 0.6741 | best Score epoch: 10 
epoch 13, iter   51: loss: 0.0062 | load time: 0.0002 | back time: 0.8332 | lr: 0.00009523 | best AP50 acc: 0.8418 | best AP70 acc: 0.7167 | best mAP acc: 0.6741 | best mAR acc: 0.7419 | best Score: 0.6741 | best Score epoch: 10 
epoch 13, iter  101: loss: 0.0067 | load time: 0.0002 | back time: 0.8374 | lr: 0.00009517 | best AP50 acc: 0.8418 | best AP70 acc: 0.7167 | best mAP acc: 0.6741 | best mAR acc: 0.7419 | best Score: 0.6741 | best Score epoch: 10 
epoch 13, iter  151: loss: 0.0057 | load time: 0.0003 | back time: 0.8404 | lr: 0.00009511 | best AP50 acc: 0.8418 | best AP70 acc: 0.7167 | best mAP acc: 0.6741 | best mAR acc: 0.7419 | best Score: 0.6741 | best Score epoch: 10 
epoch 13, iter  201: loss: 0.0058 | load time: 0.0001 | back time: 0.8424 | lr: 0.00009506 | best AP50 acc: 0.8418 | best AP70 acc: 0.7167 | best mAP acc: 0.6741 | best mAR acc: 0.7419 | best Score: 0.6741 | best Score epoch: 10 
epoch 13, iter  251: loss: 0.0064 | load time: 0.0003 | back time: 0.8414 | lr: 0.00009500 | best AP50 acc: 0.8418 | best AP70 acc: 0.7167 | best mAP acc: 0.6741 | best mAR acc: 0.7419 | best Score: 0.6741 | best Score epoch: 10 
epoch 13, iter  301: loss: 0.0060 | load time: 0.0002 | back time: 0.8418 | lr: 0.00009494 | best AP50 acc: 0.8418 | best AP70 acc: 0.7167 | best mAP acc: 0.6741 | best mAR acc: 0.7419 | best Score: 0.6741 | best Score epoch: 10 
epoch 13, iter  351: loss: 0.0064 | load time: 0.0002 | back time: 0.8424 | lr: 0.00009488 | best AP50 acc: 0.8418 | best AP70 acc: 0.7167 | best mAP acc: 0.6741 | best mAR acc: 0.7419 | best Score: 0.6741 | best Score epoch: 10 
epoch 13, iter  401: loss: 0.0062 | load time: 0.0002 | back time: 0.8422 | lr: 0.00009482 | best AP50 acc: 0.8418 | best AP70 acc: 0.7167 | best mAP acc: 0.6741 | best mAR acc: 0.7419 | best Score: 0.6741 | best Score epoch: 10 
epoch 13, iter  451: loss: 0.0059 | load time: 0.0002 | back time: 0.8400 | lr: 0.00009476 | best AP50 acc: 0.8418 | best AP70 acc: 0.7167 | best mAP acc: 0.6741 | best mAR acc: 0.7419 | best Score: 0.6741 | best Score epoch: 10 
epoch 13, iter  501: loss: 0.0060 | load time: 0.0002 | back time: 0.8488 | lr: 0.00009470 | best AP50 acc: 0.8418 | best AP70 acc: 0.7167 | best mAP acc: 0.6741 | best mAR acc: 0.7419 | best Score: 0.6741 | best Score epoch: 10 
epoch 13, iter  551: loss: 0.0063 | load time: 0.0002 | back time: 0.8418 | lr: 0.00009464 | best AP50 acc: 0.8418 | best AP70 acc: 0.7167 | best mAP acc: 0.6741 | best mAR acc: 0.7419 | best Score: 0.6741 | best Score epoch: 10 
epoch 13, iter  601: loss: 0.0061 | load time: 0.0003 | back time: 0.8405 | lr: 0.00009457 | best AP50 acc: 0.8418 | best AP70 acc: 0.7167 | best mAP acc: 0.6741 | best mAR acc: 0.7419 | best Score: 0.6741 | best Score epoch: 10 
epoch 13, iter  651: loss: 0.0065 | load time: 0.0003 | back time: 0.8391 | lr: 0.00009451 | best AP50 acc: 0.8418 | best AP70 acc: 0.7167 | best mAP acc: 0.6741 | best mAR acc: 0.7419 | best Score: 0.6741 | best Score epoch: 10 
epoch 13, iter  701: loss: 0.0060 | load time: 0.0002 | back time: 0.8420 | lr: 0.00009445 | best AP50 acc: 0.8418 | best AP70 acc: 0.7167 | best mAP acc: 0.6741 | best mAR acc: 0.7419 | best Score: 0.6741 | best Score epoch: 10 
epoch 13, iter  751: loss: 0.0057 | load time: 0.0006 | back time: 0.8407 | lr: 0.00009439 | best AP50 acc: 0.8418 | best AP70 acc: 0.7167 | best mAP acc: 0.6741 | best mAR acc: 0.7419 | best Score: 0.6741 | best Score epoch: 10 
epoch 13, iter  801: loss: 0.0060 | load time: 0.0002 | back time: 0.8404 | lr: 0.00009433 | best AP50 acc: 0.8418 | best AP70 acc: 0.7167 | best mAP acc: 0.6741 | best mAR acc: 0.7419 | best Score: 0.6741 | best Score epoch: 10 
epoch 13, iter  851: loss: 0.0063 | load time: 0.0004 | back time: 0.8406 | lr: 0.00009426 | best AP50 acc: 0.8418 | best AP70 acc: 0.7167 | best mAP acc: 0.6741 | best mAR acc: 0.7419 | best Score: 0.6741 | best Score epoch: 10 
epoch 13, iter  901: loss: 0.0062 | load time: 0.0002 | back time: 0.8318 | lr: 0.00009420 | best AP50 acc: 0.8418 | best AP70 acc: 0.7167 | best mAP acc: 0.6741 | best mAR acc: 0.7419 | best Score: 0.6741 | best Score epoch: 10 
epoch 13, iter  951: loss: 0.0066 | load time: 0.0002 | back time: 0.8407 | lr: 0.00009414 | best AP50 acc: 0.8418 | best AP70 acc: 0.7167 | best mAP acc: 0.6741 | best mAR acc: 0.7419 | best Score: 0.6741 | best Score epoch: 10 
epoch 13, iter 1001: loss: 0.0080 | load time: 0.0002 | back time: 0.8412 | lr: 0.00009407 | best AP50 acc: 0.8418 | best AP70 acc: 0.7167 | best mAP acc: 0.6741 | best mAR acc: 0.7419 | best Score: 0.6741 | best Score epoch: 10 
epoch 13, iter 1051: loss: 0.0060 | load time: 0.0002 | back time: 0.8421 | lr: 0.00009401 | best AP50 acc: 0.8418 | best AP70 acc: 0.7167 | best mAP acc: 0.6741 | best mAR acc: 0.7419 | best Score: 0.6741 | best Score epoch: 10 
epoch 13, iter 1101: loss: 0.0065 | load time: 0.0001 | back time: 0.8418 | lr: 0.00009394 | best AP50 acc: 0.8418 | best AP70 acc: 0.7167 | best mAP acc: 0.6741 | best mAR acc: 0.7419 | best Score: 0.6741 | best Score epoch: 10 
epoch 13, iter 1151: loss: 0.0069 | load time: 0.0002 | back time: 0.8418 | lr: 0.00009388 | best AP50 acc: 0.8418 | best AP70 acc: 0.7167 | best mAP acc: 0.6741 | best mAR acc: 0.7419 | best Score: 0.6741 | best Score epoch: 10 
UAV_SEQS_2 | mAP50:90: 19.5199 | AP50: 43.5453 | AP70: 16.1204 
UAV_SEQS_37 | mAP50:90: 67.7146 | AP50: 86.0907 | AP70: 66.5910 
UAV_SEQS_45 | mAP50:90: 95.7328 | AP50: 100.0000 | AP70: 97.1181 
UAV_SEQS_47 | mAP50:90: 98.6150 | AP50: 100.0000 | AP70: 100.0000 
UAV_SEQS_55 | mAP50:90: 42.1940 | AP50: 80.2955 | AP70: 40.7166 
UAV_SEQS_59 | mAP50:90: 65.6334 | AP50: 95.8909 | AP70: 72.3052 
UAV_SEQS_6 | mAP50:90: 21.6005 | AP50: 34.8098 | AP70: 22.5294 
UAV_SEQS_63 | mAP50:90: 19.9411 | AP50: 57.3669 | AP70: 12.2998 
UAV_SEQS_65 | mAP50:90: 84.9509 | AP50: 95.7236 | AP70: 90.1277 
UAV_SEQS_7 | mAP50:90: 24.2802 | AP50: 32.1683 | AP70: 22.4950 
UAV_SEQS_71 | mAP50:90: 66.0152 | AP50: 90.8922 | AP70: 67.8172 
UAV_SEQS_73 | mAP50:90: 65.3735 | AP50: 88.9717 | AP70: 74.2290 
UAV_SEQS_74 | mAP50:90: 93.1091 | AP50: 100.0000 | AP70: 100.0000 
UAV_SEQS_77 | mAP50:90: 2.1318 | AP50: 4.6088 | AP70: 1.8564 
UAV_SEQS_8 | mAP50:90: 53.7691 | AP50: 100.0000 | AP70: 52.7921 
Overall            | mAP50:95: 55.4882 | AP50: 73.8805 | AP70: 57.1680 
epoch 14, iter    1: loss: 0.0067 | load time: 0.0040 | back time: 0.4610 | lr: 0.00009388 | best AP50 acc: 0.8418 | best AP70 acc: 0.7167 | best mAP acc: 0.6741 | best mAR acc: 0.7419 | best Score: 0.6741 | best Score epoch: 10 
epoch 14, iter   51: loss: 0.0059 | load time: 0.0003 | back time: 0.8336 | lr: 0.00009381 | best AP50 acc: 0.8418 | best AP70 acc: 0.7167 | best mAP acc: 0.6741 | best mAR acc: 0.7419 | best Score: 0.6741 | best Score epoch: 10 
epoch 14, iter  101: loss: 0.0061 | load time: 0.0003 | back time: 0.8389 | lr: 0.00009375 | best AP50 acc: 0.8418 | best AP70 acc: 0.7167 | best mAP acc: 0.6741 | best mAR acc: 0.7419 | best Score: 0.6741 | best Score epoch: 10 
epoch 14, iter  151: loss: 0.0055 | load time: 0.0002 | back time: 0.8408 | lr: 0.00009368 | best AP50 acc: 0.8418 | best AP70 acc: 0.7167 | best mAP acc: 0.6741 | best mAR acc: 0.7419 | best Score: 0.6741 | best Score epoch: 10 
epoch 14, iter  201: loss: 0.0057 | load time: 0.0001 | back time: 0.8424 | lr: 0.00009361 | best AP50 acc: 0.8418 | best AP70 acc: 0.7167 | best mAP acc: 0.6741 | best mAR acc: 0.7419 | best Score: 0.6741 | best Score epoch: 10 
epoch 14, iter  251: loss: 0.0063 | load time: 0.0002 | back time: 0.8410 | lr: 0.00009355 | best AP50 acc: 0.8418 | best AP70 acc: 0.7167 | best mAP acc: 0.6741 | best mAR acc: 0.7419 | best Score: 0.6741 | best Score epoch: 10 
epoch 14, iter  301: loss: 0.0059 | load time: 0.0002 | back time: 0.8466 | lr: 0.00009348 | best AP50 acc: 0.8418 | best AP70 acc: 0.7167 | best mAP acc: 0.6741 | best mAR acc: 0.7419 | best Score: 0.6741 | best Score epoch: 10 
epoch 14, iter  351: loss: 0.0069 | load time: 0.0005 | back time: 0.8422 | lr: 0.00009341 | best AP50 acc: 0.8418 | best AP70 acc: 0.7167 | best mAP acc: 0.6741 | best mAR acc: 0.7419 | best Score: 0.6741 | best Score epoch: 10 
epoch 14, iter  401: loss: 0.0058 | load time: 0.0003 | back time: 0.8425 | lr: 0.00009335 | best AP50 acc: 0.8418 | best AP70 acc: 0.7167 | best mAP acc: 0.6741 | best mAR acc: 0.7419 | best Score: 0.6741 | best Score epoch: 10 
epoch 14, iter  451: loss: 0.0058 | load time: 0.0002 | back time: 0.8412 | lr: 0.00009328 | best AP50 acc: 0.8418 | best AP70 acc: 0.7167 | best mAP acc: 0.6741 | best mAR acc: 0.7419 | best Score: 0.6741 | best Score epoch: 10 
epoch 14, iter  501: loss: 0.0072 | load time: 0.0002 | back time: 0.8429 | lr: 0.00009321 | best AP50 acc: 0.8418 | best AP70 acc: 0.7167 | best mAP acc: 0.6741 | best mAR acc: 0.7419 | best Score: 0.6741 | best Score epoch: 10 
epoch 14, iter  551: loss: 0.0063 | load time: 0.0003 | back time: 0.8429 | lr: 0.00009314 | best AP50 acc: 0.8418 | best AP70 acc: 0.7167 | best mAP acc: 0.6741 | best mAR acc: 0.7419 | best Score: 0.6741 | best Score epoch: 10 
epoch 14, iter  601: loss: 0.0065 | load time: 0.0002 | back time: 0.8425 | lr: 0.00009307 | best AP50 acc: 0.8418 | best AP70 acc: 0.7167 | best mAP acc: 0.6741 | best mAR acc: 0.7419 | best Score: 0.6741 | best Score epoch: 10 
epoch 14, iter  651: loss: 0.0058 | load time: 0.0001 | back time: 0.8505 | lr: 0.00009300 | best AP50 acc: 0.8418 | best AP70 acc: 0.7167 | best mAP acc: 0.6741 | best mAR acc: 0.7419 | best Score: 0.6741 | best Score epoch: 10 
epoch 14, iter  701: loss: 0.0059 | load time: 0.0002 | back time: 0.8452 | lr: 0.00009293 | best AP50 acc: 0.8418 | best AP70 acc: 0.7167 | best mAP acc: 0.6741 | best mAR acc: 0.7419 | best Score: 0.6741 | best Score epoch: 10 
epoch 14, iter  751: loss: 0.0059 | load time: 0.0002 | back time: 0.8215 | lr: 0.00009286 | best AP50 acc: 0.8418 | best AP70 acc: 0.7167 | best mAP acc: 0.6741 | best mAR acc: 0.7419 | best Score: 0.6741 | best Score epoch: 10 
epoch 14, iter  801: loss: 0.0058 | load time: 0.0002 | back time: 0.8655 | lr: 0.00009279 | best AP50 acc: 0.8418 | best AP70 acc: 0.7167 | best mAP acc: 0.6741 | best mAR acc: 0.7419 | best Score: 0.6741 | best Score epoch: 10 
epoch 14, iter  851: loss: 0.0061 | load time: 0.0001 | back time: 0.8093 | lr: 0.00009272 | best AP50 acc: 0.8418 | best AP70 acc: 0.7167 | best mAP acc: 0.6741 | best mAR acc: 0.7419 | best Score: 0.6741 | best Score epoch: 10 
epoch 14, iter  901: loss: 0.0064 | load time: 0.0002 | back time: 0.8305 | lr: 0.00009265 | best AP50 acc: 0.8418 | best AP70 acc: 0.7167 | best mAP acc: 0.6741 | best mAR acc: 0.7419 | best Score: 0.6741 | best Score epoch: 10 
epoch 14, iter  951: loss: 0.0066 | load time: 0.0002 | back time: 0.8417 | lr: 0.00009258 | best AP50 acc: 0.8418 | best AP70 acc: 0.7167 | best mAP acc: 0.6741 | best mAR acc: 0.7419 | best Score: 0.6741 | best Score epoch: 10 
epoch 14, iter 1001: loss: 0.0063 | load time: 0.0002 | back time: 0.8261 | lr: 0.00009251 | best AP50 acc: 0.8418 | best AP70 acc: 0.7167 | best mAP acc: 0.6741 | best mAR acc: 0.7419 | best Score: 0.6741 | best Score epoch: 10 
epoch 14, iter 1051: loss: 0.0057 | load time: 0.0004 | back time: 0.8278 | lr: 0.00009244 | best AP50 acc: 0.8418 | best AP70 acc: 0.7167 | best mAP acc: 0.6741 | best mAR acc: 0.7419 | best Score: 0.6741 | best Score epoch: 10 
epoch 14, iter 1101: loss: 0.0061 | load time: 0.0002 | back time: 0.8406 | lr: 0.00009237 | best AP50 acc: 0.8418 | best AP70 acc: 0.7167 | best mAP acc: 0.6741 | best mAR acc: 0.7419 | best Score: 0.6741 | best Score epoch: 10 
epoch 14, iter 1151: loss: 0.0057 | load time: 0.0008 | back time: 0.8411 | lr: 0.00009230 | best AP50 acc: 0.8418 | best AP70 acc: 0.7167 | best mAP acc: 0.6741 | best mAR acc: 0.7419 | best Score: 0.6741 | best Score epoch: 10 
UAV_SEQS_2 | mAP50:90: 35.3844 | AP50: 68.3808 | AP70: 30.9648 
UAV_SEQS_37 | mAP50:90: 78.2960 | AP50: 100.0000 | AP70: 76.3766 
UAV_SEQS_45 | mAP50:90: 98.7144 | AP50: 100.0000 | AP70: 100.0000 
UAV_SEQS_47 | mAP50:90: 94.8228 | AP50: 100.0000 | AP70: 98.9697 
UAV_SEQS_55 | mAP50:90: 42.2896 | AP50: 62.8267 | AP70: 44.1833 
UAV_SEQS_59 | mAP50:90: 56.0831 | AP50: 89.7591 | AP70: 57.3388 
UAV_SEQS_6 | mAP50:90: 33.2112 | AP50: 48.4301 | AP70: 35.0095 
UAV_SEQS_63 | mAP50:90: 19.7676 | AP50: 51.6352 | AP70: 10.9389 
UAV_SEQS_65 | mAP50:90: 89.2625 | AP50: 97.8006 | AP70: 96.4103 
UAV_SEQS_7 | mAP50:90: 49.2163 | AP50: 94.5743 | AP70: 51.0891 
UAV_SEQS_71 | mAP50:90: 73.9816 | AP50: 97.8751 | AP70: 89.3959 
UAV_SEQS_73 | mAP50:90: 63.0818 | AP50: 87.2252 | AP70: 72.8192 
UAV_SEQS_74 | mAP50:90: 96.7718 | AP50: 100.0000 | AP70: 100.0000 
UAV_SEQS_77 | mAP50:90: 19.4971 | AP50: 32.0893 | AP70: 22.2785 
UAV_SEQS_8 | mAP50:90: 52.2672 | AP50: 100.0000 | AP70: 58.7825 
Overall            | mAP50:95: 62.7572 | AP50: 83.7137 | AP70: 65.7034 
epoch 15, iter    1: loss: 0.0054 | load time: 0.0048 | back time: 0.3730 | lr: 0.00009229 | best AP50 acc: 0.8418 | best AP70 acc: 0.7167 | best mAP acc: 0.6741 | best mAR acc: 0.7419 | best Score: 0.6741 | best Score epoch: 10 
epoch 15, iter   51: loss: 0.0061 | load time: 0.0001 | back time: 0.8237 | lr: 0.00009222 | best AP50 acc: 0.8418 | best AP70 acc: 0.7167 | best mAP acc: 0.6741 | best mAR acc: 0.7419 | best Score: 0.6741 | best Score epoch: 10 
epoch 15, iter  101: loss: 0.0061 | load time: 0.0001 | back time: 0.8350 | lr: 0.00009215 | best AP50 acc: 0.8418 | best AP70 acc: 0.7167 | best mAP acc: 0.6741 | best mAR acc: 0.7419 | best Score: 0.6741 | best Score epoch: 10 
epoch 15, iter  151: loss: 0.0061 | load time: 0.0002 | back time: 0.8301 | lr: 0.00009207 | best AP50 acc: 0.8418 | best AP70 acc: 0.7167 | best mAP acc: 0.6741 | best mAR acc: 0.7419 | best Score: 0.6741 | best Score epoch: 10 
epoch 15, iter  201: loss: 0.0059 | load time: 0.0002 | back time: 0.8274 | lr: 0.00009200 | best AP50 acc: 0.8418 | best AP70 acc: 0.7167 | best mAP acc: 0.6741 | best mAR acc: 0.7419 | best Score: 0.6741 | best Score epoch: 10 
epoch 15, iter  251: loss: 0.0059 | load time: 0.0002 | back time: 0.8306 | lr: 0.00009193 | best AP50 acc: 0.8418 | best AP70 acc: 0.7167 | best mAP acc: 0.6741 | best mAR acc: 0.7419 | best Score: 0.6741 | best Score epoch: 10 
epoch 15, iter  301: loss: 0.0060 | load time: 0.0002 | back time: 0.8373 | lr: 0.00009185 | best AP50 acc: 0.8418 | best AP70 acc: 0.7167 | best mAP acc: 0.6741 | best mAR acc: 0.7419 | best Score: 0.6741 | best Score epoch: 10 
epoch 15, iter  351: loss: 0.0058 | load time: 0.0002 | back time: 0.8341 | lr: 0.00009178 | best AP50 acc: 0.8418 | best AP70 acc: 0.7167 | best mAP acc: 0.6741 | best mAR acc: 0.7419 | best Score: 0.6741 | best Score epoch: 10 
epoch 15, iter  401: loss: 0.0059 | load time: 0.0001 | back time: 0.8374 | lr: 0.00009170 | best AP50 acc: 0.8418 | best AP70 acc: 0.7167 | best mAP acc: 0.6741 | best mAR acc: 0.7419 | best Score: 0.6741 | best Score epoch: 10 
epoch 15, iter  451: loss: 0.0055 | load time: 0.0002 | back time: 0.8419 | lr: 0.00009163 | best AP50 acc: 0.8418 | best AP70 acc: 0.7167 | best mAP acc: 0.6741 | best mAR acc: 0.7419 | best Score: 0.6741 | best Score epoch: 10 
epoch 15, iter  501: loss: 0.0062 | load time: 0.0002 | back time: 0.8343 | lr: 0.00009155 | best AP50 acc: 0.8418 | best AP70 acc: 0.7167 | best mAP acc: 0.6741 | best mAR acc: 0.7419 | best Score: 0.6741 | best Score epoch: 10 
epoch 15, iter  551: loss: 0.0060 | load time: 0.0001 | back time: 0.8374 | lr: 0.00009148 | best AP50 acc: 0.8418 | best AP70 acc: 0.7167 | best mAP acc: 0.6741 | best mAR acc: 0.7419 | best Score: 0.6741 | best Score epoch: 10 
epoch 15, iter  601: loss: 0.0058 | load time: 0.0002 | back time: 0.8386 | lr: 0.00009140 | best AP50 acc: 0.8418 | best AP70 acc: 0.7167 | best mAP acc: 0.6741 | best mAR acc: 0.7419 | best Score: 0.6741 | best Score epoch: 10 
epoch 15, iter  651: loss: 0.0060 | load time: 0.0003 | back time: 0.8350 | lr: 0.00009133 | best AP50 acc: 0.8418 | best AP70 acc: 0.7167 | best mAP acc: 0.6741 | best mAR acc: 0.7419 | best Score: 0.6741 | best Score epoch: 10 
epoch 15, iter  701: loss: 0.0063 | load time: 0.0002 | back time: 0.8366 | lr: 0.00009125 | best AP50 acc: 0.8418 | best AP70 acc: 0.7167 | best mAP acc: 0.6741 | best mAR acc: 0.7419 | best Score: 0.6741 | best Score epoch: 10 
epoch 15, iter  751: loss: 0.0065 | load time: 0.0003 | back time: 0.8391 | lr: 0.00009117 | best AP50 acc: 0.8418 | best AP70 acc: 0.7167 | best mAP acc: 0.6741 | best mAR acc: 0.7419 | best Score: 0.6741 | best Score epoch: 10 
epoch 15, iter  801: loss: 0.0064 | load time: 0.0002 | back time: 0.8436 | lr: 0.00009110 | best AP50 acc: 0.8418 | best AP70 acc: 0.7167 | best mAP acc: 0.6741 | best mAR acc: 0.7419 | best Score: 0.6741 | best Score epoch: 10 
epoch 15, iter  851: loss: 0.0061 | load time: 0.0001 | back time: 0.8414 | lr: 0.00009102 | best AP50 acc: 0.8418 | best AP70 acc: 0.7167 | best mAP acc: 0.6741 | best mAR acc: 0.7419 | best Score: 0.6741 | best Score epoch: 10 
epoch 15, iter  901: loss: 0.0060 | load time: 0.0002 | back time: 0.8383 | lr: 0.00009094 | best AP50 acc: 0.8418 | best AP70 acc: 0.7167 | best mAP acc: 0.6741 | best mAR acc: 0.7419 | best Score: 0.6741 | best Score epoch: 10 
epoch 15, iter  951: loss: 0.0058 | load time: 0.0002 | back time: 0.8361 | lr: 0.00009086 | best AP50 acc: 0.8418 | best AP70 acc: 0.7167 | best mAP acc: 0.6741 | best mAR acc: 0.7419 | best Score: 0.6741 | best Score epoch: 10 
epoch 15, iter 1001: loss: 0.0058 | load time: 0.0002 | back time: 0.8370 | lr: 0.00009078 | best AP50 acc: 0.8418 | best AP70 acc: 0.7167 | best mAP acc: 0.6741 | best mAR acc: 0.7419 | best Score: 0.6741 | best Score epoch: 10 
epoch 15, iter 1051: loss: 0.0063 | load time: 0.0003 | back time: 0.8356 | lr: 0.00009071 | best AP50 acc: 0.8418 | best AP70 acc: 0.7167 | best mAP acc: 0.6741 | best mAR acc: 0.7419 | best Score: 0.6741 | best Score epoch: 10 
epoch 15, iter 1101: loss: 0.0057 | load time: 0.0002 | back time: 0.8366 | lr: 0.00009063 | best AP50 acc: 0.8418 | best AP70 acc: 0.7167 | best mAP acc: 0.6741 | best mAR acc: 0.7419 | best Score: 0.6741 | best Score epoch: 10 
epoch 15, iter 1151: loss: 0.0061 | load time: 0.0001 | back time: 0.8380 | lr: 0.00009055 | best AP50 acc: 0.8418 | best AP70 acc: 0.7167 | best mAP acc: 0.6741 | best mAR acc: 0.7419 | best Score: 0.6741 | best Score epoch: 10 
UAV_SEQS_2 | mAP50:90: 47.5719 | AP50: 77.9631 | AP70: 48.6955 
UAV_SEQS_37 | mAP50:90: 92.4454 | AP50: 100.0000 | AP70: 98.5083 
UAV_SEQS_45 | mAP50:90: 83.8126 | AP50: 100.0000 | AP70: 93.5653 
UAV_SEQS_47 | mAP50:90: 71.8458 | AP50: 100.0000 | AP70: 86.9031 
UAV_SEQS_55 | mAP50:90: 45.3093 | AP50: 68.8637 | AP70: 46.0475 
UAV_SEQS_59 | mAP50:90: 56.9492 | AP50: 85.1716 | AP70: 57.2943 
UAV_SEQS_6 | mAP50:90: 31.1070 | AP50: 46.9247 | AP70: 31.1764 
UAV_SEQS_63 | mAP50:90: 14.8880 | AP50: 40.7395 | AP70: 9.3036 
UAV_SEQS_65 | mAP50:90: 83.4251 | AP50: 97.6077 | AP70: 93.2623 
UAV_SEQS_7 | mAP50:90: 58.0748 | AP50: 100.0000 | AP70: 66.3267 
UAV_SEQS_71 | mAP50:90: 69.1010 | AP50: 92.8909 | AP70: 77.1228 
UAV_SEQS_73 | mAP50:90: 56.1839 | AP50: 83.4173 | AP70: 61.9540 
UAV_SEQS_74 | mAP50:90: 83.6915 | AP50: 100.0000 | AP70: 92.5417 
UAV_SEQS_77 | mAP50:90: 28.9941 | AP50: 43.3290 | AP70: 33.8082 
UAV_SEQS_8 | mAP50:90: 60.4850 | AP50: 100.0000 | AP70: 62.8383 
Overall            | mAP50:95: 59.5483 | AP50: 83.8429 | AP70: 65.3744 
epoch 16, iter    1: loss: 0.0061 | load time: 0.0041 | back time: 0.3842 | lr: 0.00009054 | best AP50 acc: 0.8418 | best AP70 acc: 0.7167 | best mAP acc: 0.6741 | best mAR acc: 0.7419 | best Score: 0.6741 | best Score epoch: 10 
epoch 16, iter   51: loss: 0.0059 | load time: 0.0003 | back time: 0.8310 | lr: 0.00009047 | best AP50 acc: 0.8418 | best AP70 acc: 0.7167 | best mAP acc: 0.6741 | best mAR acc: 0.7419 | best Score: 0.6741 | best Score epoch: 10 
epoch 16, iter  101: loss: 0.0059 | load time: 0.0004 | back time: 0.8287 | lr: 0.00009039 | best AP50 acc: 0.8418 | best AP70 acc: 0.7167 | best mAP acc: 0.6741 | best mAR acc: 0.7419 | best Score: 0.6741 | best Score epoch: 10 
epoch 16, iter  151: loss: 0.0057 | load time: 0.0002 | back time: 0.8390 | lr: 0.00009031 | best AP50 acc: 0.8418 | best AP70 acc: 0.7167 | best mAP acc: 0.6741 | best mAR acc: 0.7419 | best Score: 0.6741 | best Score epoch: 10 
epoch 16, iter  201: loss: 0.0060 | load time: 0.0002 | back time: 0.8402 | lr: 0.00009022 | best AP50 acc: 0.8418 | best AP70 acc: 0.7167 | best mAP acc: 0.6741 | best mAR acc: 0.7419 | best Score: 0.6741 | best Score epoch: 10 
epoch 16, iter  251: loss: 0.0059 | load time: 0.0004 | back time: 0.8411 | lr: 0.00009014 | best AP50 acc: 0.8418 | best AP70 acc: 0.7167 | best mAP acc: 0.6741 | best mAR acc: 0.7419 | best Score: 0.6741 | best Score epoch: 10 
epoch 16, iter  301: loss: 0.0060 | load time: 0.0002 | back time: 0.8464 | lr: 0.00009006 | best AP50 acc: 0.8418 | best AP70 acc: 0.7167 | best mAP acc: 0.6741 | best mAR acc: 0.7419 | best Score: 0.6741 | best Score epoch: 10 
epoch 16, iter  351: loss: 0.0061 | load time: 0.0003 | back time: 0.8412 | lr: 0.00008998 | best AP50 acc: 0.8418 | best AP70 acc: 0.7167 | best mAP acc: 0.6741 | best mAR acc: 0.7419 | best Score: 0.6741 | best Score epoch: 10 
epoch 16, iter  401: loss: 0.0059 | load time: 0.0002 | back time: 0.8419 | lr: 0.00008990 | best AP50 acc: 0.8418 | best AP70 acc: 0.7167 | best mAP acc: 0.6741 | best mAR acc: 0.7419 | best Score: 0.6741 | best Score epoch: 10 
epoch 16, iter  451: loss: 0.0068 | load time: 0.0001 | back time: 0.8399 | lr: 0.00008982 | best AP50 acc: 0.8418 | best AP70 acc: 0.7167 | best mAP acc: 0.6741 | best mAR acc: 0.7419 | best Score: 0.6741 | best Score epoch: 10 
epoch 16, iter  501: loss: 0.0064 | load time: 0.0002 | back time: 0.8389 | lr: 0.00008974 | best AP50 acc: 0.8418 | best AP70 acc: 0.7167 | best mAP acc: 0.6741 | best mAR acc: 0.7419 | best Score: 0.6741 | best Score epoch: 10 
epoch 16, iter  551: loss: 0.0058 | load time: 0.0002 | back time: 0.8383 | lr: 0.00008965 | best AP50 acc: 0.8418 | best AP70 acc: 0.7167 | best mAP acc: 0.6741 | best mAR acc: 0.7419 | best Score: 0.6741 | best Score epoch: 10 
epoch 16, iter  601: loss: 0.0060 | load time: 0.0002 | back time: 0.8397 | lr: 0.00008957 | best AP50 acc: 0.8418 | best AP70 acc: 0.7167 | best mAP acc: 0.6741 | best mAR acc: 0.7419 | best Score: 0.6741 | best Score epoch: 10 
epoch 16, iter  651: loss: 0.0064 | load time: 0.0002 | back time: 0.8407 | lr: 0.00008949 | best AP50 acc: 0.8418 | best AP70 acc: 0.7167 | best mAP acc: 0.6741 | best mAR acc: 0.7419 | best Score: 0.6741 | best Score epoch: 10 
epoch 16, iter  701: loss: 0.0056 | load time: 0.0003 | back time: 0.8383 | lr: 0.00008940 | best AP50 acc: 0.8418 | best AP70 acc: 0.7167 | best mAP acc: 0.6741 | best mAR acc: 0.7419 | best Score: 0.6741 | best Score epoch: 10 
epoch 16, iter  751: loss: 0.0059 | load time: 0.0001 | back time: 0.8406 | lr: 0.00008932 | best AP50 acc: 0.8418 | best AP70 acc: 0.7167 | best mAP acc: 0.6741 | best mAR acc: 0.7419 | best Score: 0.6741 | best Score epoch: 10 
epoch 16, iter  801: loss: 0.0063 | load time: 0.0003 | back time: 0.8385 | lr: 0.00008924 | best AP50 acc: 0.8418 | best AP70 acc: 0.7167 | best mAP acc: 0.6741 | best mAR acc: 0.7419 | best Score: 0.6741 | best Score epoch: 10 
epoch 16, iter  851: loss: 0.0059 | load time: 0.0001 | back time: 0.8394 | lr: 0.00008915 | best AP50 acc: 0.8418 | best AP70 acc: 0.7167 | best mAP acc: 0.6741 | best mAR acc: 0.7419 | best Score: 0.6741 | best Score epoch: 10 
epoch 16, iter  901: loss: 0.0057 | load time: 0.0002 | back time: 0.8396 | lr: 0.00008907 | best AP50 acc: 0.8418 | best AP70 acc: 0.7167 | best mAP acc: 0.6741 | best mAR acc: 0.7419 | best Score: 0.6741 | best Score epoch: 10 
epoch 16, iter  951: loss: 0.0059 | load time: 0.0003 | back time: 0.8418 | lr: 0.00008898 | best AP50 acc: 0.8418 | best AP70 acc: 0.7167 | best mAP acc: 0.6741 | best mAR acc: 0.7419 | best Score: 0.6741 | best Score epoch: 10 
epoch 16, iter 1001: loss: 0.0061 | load time: 0.0002 | back time: 0.8403 | lr: 0.00008890 | best AP50 acc: 0.8418 | best AP70 acc: 0.7167 | best mAP acc: 0.6741 | best mAR acc: 0.7419 | best Score: 0.6741 | best Score epoch: 10 
epoch 16, iter 1051: loss: 0.0060 | load time: 0.0003 | back time: 0.8423 | lr: 0.00008881 | best AP50 acc: 0.8418 | best AP70 acc: 0.7167 | best mAP acc: 0.6741 | best mAR acc: 0.7419 | best Score: 0.6741 | best Score epoch: 10 
epoch 16, iter 1101: loss: 0.0058 | load time: 0.0002 | back time: 0.8417 | lr: 0.00008873 | best AP50 acc: 0.8418 | best AP70 acc: 0.7167 | best mAP acc: 0.6741 | best mAR acc: 0.7419 | best Score: 0.6741 | best Score epoch: 10 
epoch 16, iter 1151: loss: 0.0062 | load time: 0.0017 | back time: 0.8390 | lr: 0.00008864 | best AP50 acc: 0.8418 | best AP70 acc: 0.7167 | best mAP acc: 0.6741 | best mAR acc: 0.7419 | best Score: 0.6741 | best Score epoch: 10 
UAV_SEQS_2 | mAP50:90: 38.8078 | AP50: 62.0782 | AP70: 39.6670 
UAV_SEQS_37 | mAP50:90: 86.8632 | AP50: 100.0000 | AP70: 91.9628 
UAV_SEQS_45 | mAP50:90: 95.6420 | AP50: 100.0000 | AP70: 100.0000 
UAV_SEQS_47 | mAP50:90: 98.3245 | AP50: 100.0000 | AP70: 100.0000 
UAV_SEQS_55 | mAP50:90: 39.1598 | AP50: 63.5489 | AP70: 40.3030 
UAV_SEQS_59 | mAP50:90: 64.0074 | AP50: 96.0762 | AP70: 73.2570 
UAV_SEQS_6 | mAP50:90: 39.9211 | AP50: 46.2380 | AP70: 42.1096 
UAV_SEQS_63 | mAP50:90: 28.4551 | AP50: 66.1678 | AP70: 24.8419 
UAV_SEQS_65 | mAP50:90: 89.1935 | AP50: 97.2672 | AP70: 92.7480 
UAV_SEQS_7 | mAP50:90: 54.6650 | AP50: 92.6554 | AP70: 51.8191 
UAV_SEQS_71 | mAP50:90: 65.7400 | AP50: 92.0545 | AP70: 72.6897 
UAV_SEQS_73 | mAP50:90: 66.1278 | AP50: 86.4336 | AP70: 76.4844 
UAV_SEQS_74 | mAP50:90: 100.0000 | AP50: 100.0000 | AP70: 100.0000 
UAV_SEQS_77 | mAP50:90: 5.5193 | AP50: 10.5798 | AP70: 5.2903 
UAV_SEQS_8 | mAP50:90: 80.3265 | AP50: 100.0000 | AP70: 88.4011 
Overall            | mAP50:95: 66.3115 | AP50: 83.2439 | AP70: 69.2753 
epoch 17, iter    1: loss: 0.0061 | load time: 0.0037 | back time: 0.5191 | lr: 0.00008864 | best AP50 acc: 0.8418 | best AP70 acc: 0.7167 | best mAP acc: 0.6741 | best mAR acc: 0.7419 | best Score: 0.6741 | best Score epoch: 10 
epoch 17, iter   51: loss: 0.0058 | load time: 0.0001 | back time: 0.8340 | lr: 0.00008855 | best AP50 acc: 0.8418 | best AP70 acc: 0.7167 | best mAP acc: 0.6741 | best mAR acc: 0.7419 | best Score: 0.6741 | best Score epoch: 10 
epoch 17, iter  101: loss: 0.0060 | load time: 0.0002 | back time: 0.8393 | lr: 0.00008847 | best AP50 acc: 0.8418 | best AP70 acc: 0.7167 | best mAP acc: 0.6741 | best mAR acc: 0.7419 | best Score: 0.6741 | best Score epoch: 10 
epoch 17, iter  151: loss: 0.0063 | load time: 0.0002 | back time: 0.8388 | lr: 0.00008838 | best AP50 acc: 0.8418 | best AP70 acc: 0.7167 | best mAP acc: 0.6741 | best mAR acc: 0.7419 | best Score: 0.6741 | best Score epoch: 10 
epoch 17, iter  201: loss: 0.0061 | load time: 0.0004 | back time: 0.8411 | lr: 0.00008829 | best AP50 acc: 0.8418 | best AP70 acc: 0.7167 | best mAP acc: 0.6741 | best mAR acc: 0.7419 | best Score: 0.6741 | best Score epoch: 10 
epoch 17, iter  251: loss: 0.0062 | load time: 0.0002 | back time: 0.8416 | lr: 0.00008820 | best AP50 acc: 0.8418 | best AP70 acc: 0.7167 | best mAP acc: 0.6741 | best mAR acc: 0.7419 | best Score: 0.6741 | best Score epoch: 10 
epoch 17, iter  301: loss: 0.0057 | load time: 0.0002 | back time: 0.8418 | lr: 0.00008812 | best AP50 acc: 0.8418 | best AP70 acc: 0.7167 | best mAP acc: 0.6741 | best mAR acc: 0.7419 | best Score: 0.6741 | best Score epoch: 10 
epoch 17, iter  351: loss: 0.0059 | load time: 0.0003 | back time: 0.8390 | lr: 0.00008803 | best AP50 acc: 0.8418 | best AP70 acc: 0.7167 | best mAP acc: 0.6741 | best mAR acc: 0.7419 | best Score: 0.6741 | best Score epoch: 10 
epoch 17, iter  401: loss: 0.0058 | load time: 0.0003 | back time: 0.8417 | lr: 0.00008794 | best AP50 acc: 0.8418 | best AP70 acc: 0.7167 | best mAP acc: 0.6741 | best mAR acc: 0.7419 | best Score: 0.6741 | best Score epoch: 10 
epoch 17, iter  451: loss: 0.0059 | load time: 0.0001 | back time: 0.8421 | lr: 0.00008785 | best AP50 acc: 0.8418 | best AP70 acc: 0.7167 | best mAP acc: 0.6741 | best mAR acc: 0.7419 | best Score: 0.6741 | best Score epoch: 10 
epoch 17, iter  501: loss: 0.0056 | load time: 0.0002 | back time: 0.8400 | lr: 0.00008776 | best AP50 acc: 0.8418 | best AP70 acc: 0.7167 | best mAP acc: 0.6741 | best mAR acc: 0.7419 | best Score: 0.6741 | best Score epoch: 10 
epoch 17, iter  551: loss: 0.0062 | load time: 0.0002 | back time: 0.8382 | lr: 0.00008768 | best AP50 acc: 0.8418 | best AP70 acc: 0.7167 | best mAP acc: 0.6741 | best mAR acc: 0.7419 | best Score: 0.6741 | best Score epoch: 10 
epoch 17, iter  601: loss: 0.0061 | load time: 0.0003 | back time: 0.8406 | lr: 0.00008759 | best AP50 acc: 0.8418 | best AP70 acc: 0.7167 | best mAP acc: 0.6741 | best mAR acc: 0.7419 | best Score: 0.6741 | best Score epoch: 10 
epoch 17, iter  651: loss: 0.0061 | load time: 0.0003 | back time: 0.8394 | lr: 0.00008750 | best AP50 acc: 0.8418 | best AP70 acc: 0.7167 | best mAP acc: 0.6741 | best mAR acc: 0.7419 | best Score: 0.6741 | best Score epoch: 10 
epoch 17, iter  701: loss: 0.0063 | load time: 0.0002 | back time: 0.8413 | lr: 0.00008741 | best AP50 acc: 0.8418 | best AP70 acc: 0.7167 | best mAP acc: 0.6741 | best mAR acc: 0.7419 | best Score: 0.6741 | best Score epoch: 10 
epoch 17, iter  751: loss: 0.0062 | load time: 0.0001 | back time: 0.8382 | lr: 0.00008732 | best AP50 acc: 0.8418 | best AP70 acc: 0.7167 | best mAP acc: 0.6741 | best mAR acc: 0.7419 | best Score: 0.6741 | best Score epoch: 10 
epoch 17, iter  801: loss: 0.0060 | load time: 0.0005 | back time: 0.8416 | lr: 0.00008723 | best AP50 acc: 0.8418 | best AP70 acc: 0.7167 | best mAP acc: 0.6741 | best mAR acc: 0.7419 | best Score: 0.6741 | best Score epoch: 10 
epoch 17, iter  851: loss: 0.0061 | load time: 0.0002 | back time: 0.8416 | lr: 0.00008714 | best AP50 acc: 0.8418 | best AP70 acc: 0.7167 | best mAP acc: 0.6741 | best mAR acc: 0.7419 | best Score: 0.6741 | best Score epoch: 10 
epoch 17, iter  901: loss: 0.0058 | load time: 0.0002 | back time: 0.8419 | lr: 0.00008704 | best AP50 acc: 0.8418 | best AP70 acc: 0.7167 | best mAP acc: 0.6741 | best mAR acc: 0.7419 | best Score: 0.6741 | best Score epoch: 10 
epoch 17, iter  951: loss: 0.0064 | load time: 0.0003 | back time: 0.8412 | lr: 0.00008695 | best AP50 acc: 0.8418 | best AP70 acc: 0.7167 | best mAP acc: 0.6741 | best mAR acc: 0.7419 | best Score: 0.6741 | best Score epoch: 10 
epoch 17, iter 1001: loss: 0.0059 | load time: 0.0002 | back time: 0.8425 | lr: 0.00008686 | best AP50 acc: 0.8418 | best AP70 acc: 0.7167 | best mAP acc: 0.6741 | best mAR acc: 0.7419 | best Score: 0.6741 | best Score epoch: 10 
epoch 17, iter 1051: loss: 0.0059 | load time: 0.0001 | back time: 0.8387 | lr: 0.00008677 | best AP50 acc: 0.8418 | best AP70 acc: 0.7167 | best mAP acc: 0.6741 | best mAR acc: 0.7419 | best Score: 0.6741 | best Score epoch: 10 
epoch 17, iter 1101: loss: 0.0062 | load time: 0.0004 | back time: 0.8550 | lr: 0.00008668 | best AP50 acc: 0.8418 | best AP70 acc: 0.7167 | best mAP acc: 0.6741 | best mAR acc: 0.7419 | best Score: 0.6741 | best Score epoch: 10 
epoch 17, iter 1151: loss: 0.0057 | load time: 0.0001 | back time: 0.8432 | lr: 0.00008659 | best AP50 acc: 0.8418 | best AP70 acc: 0.7167 | best mAP acc: 0.6741 | best mAR acc: 0.7419 | best Score: 0.6741 | best Score epoch: 10 
UAV_SEQS_2 | mAP50:90: 24.6887 | AP50: 57.4048 | AP70: 17.2021 
UAV_SEQS_37 | mAP50:90: 85.5113 | AP50: 100.0000 | AP70: 90.1525 
UAV_SEQS_45 | mAP50:90: 98.8462 | AP50: 100.0000 | AP70: 100.0000 
UAV_SEQS_47 | mAP50:90: 96.1326 | AP50: 100.0000 | AP70: 100.0000 
UAV_SEQS_55 | mAP50:90: 44.5095 | AP50: 64.9933 | AP70: 47.8602 
UAV_SEQS_59 | mAP50:90: 61.0531 | AP50: 91.4499 | AP70: 60.5646 
UAV_SEQS_6 | mAP50:90: 36.5376 | AP50: 46.0671 | AP70: 41.8042 
UAV_SEQS_63 | mAP50:90: 50.3981 | AP50: 81.7544 | AP70: 48.2135 
UAV_SEQS_65 | mAP50:90: 86.5953 | AP50: 97.6102 | AP70: 92.8011 
UAV_SEQS_7 | mAP50:90: 79.2840 | AP50: 100.0000 | AP70: 88.5783 
UAV_SEQS_71 | mAP50:90: 69.1767 | AP50: 95.4969 | AP70: 74.3846 
UAV_SEQS_73 | mAP50:90: 70.9005 | AP50: 90.1535 | AP70: 78.8525 
UAV_SEQS_74 | mAP50:90: 98.9790 | AP50: 100.0000 | AP70: 100.0000 
UAV_SEQS_77 | mAP50:90: 16.8690 | AP50: 28.6705 | AP70: 17.7595 
UAV_SEQS_8 | mAP50:90: 58.1499 | AP50: 100.0000 | AP70: 67.8448 
Overall            | mAP50:95: 67.7250 | AP50: 85.2689 | AP70: 71.3293 
epoch 18, iter    1: loss: 0.0057 | load time: 0.0050 | back time: 0.5481 | lr: 0.00008658 | best AP50 acc: 0.8527 | best AP70 acc: 0.7133 | best mAP acc: 0.6773 | best mAR acc: 0.7434 | best Score: 0.6773 | best Score epoch: 17 
epoch 18, iter   51: loss: 0.0058 | load time: 0.0002 | back time: 0.8355 | lr: 0.00008649 | best AP50 acc: 0.8527 | best AP70 acc: 0.7133 | best mAP acc: 0.6773 | best mAR acc: 0.7434 | best Score: 0.6773 | best Score epoch: 17 
epoch 18, iter  101: loss: 0.0062 | load time: 0.0004 | back time: 0.8391 | lr: 0.00008640 | best AP50 acc: 0.8527 | best AP70 acc: 0.7133 | best mAP acc: 0.6773 | best mAR acc: 0.7434 | best Score: 0.6773 | best Score epoch: 17 
epoch 18, iter  151: loss: 0.0057 | load time: 0.0002 | back time: 0.8396 | lr: 0.00008630 | best AP50 acc: 0.8527 | best AP70 acc: 0.7133 | best mAP acc: 0.6773 | best mAR acc: 0.7434 | best Score: 0.6773 | best Score epoch: 17 
epoch 18, iter  201: loss: 0.0060 | load time: 0.0003 | back time: 0.8409 | lr: 0.00008621 | best AP50 acc: 0.8527 | best AP70 acc: 0.7133 | best mAP acc: 0.6773 | best mAR acc: 0.7434 | best Score: 0.6773 | best Score epoch: 17 
epoch 18, iter  251: loss: 0.0061 | load time: 0.0002 | back time: 0.8538 | lr: 0.00008612 | best AP50 acc: 0.8527 | best AP70 acc: 0.7133 | best mAP acc: 0.6773 | best mAR acc: 0.7434 | best Score: 0.6773 | best Score epoch: 17 
epoch 18, iter  301: loss: 0.0062 | load time: 0.0002 | back time: 0.8432 | lr: 0.00008602 | best AP50 acc: 0.8527 | best AP70 acc: 0.7133 | best mAP acc: 0.6773 | best mAR acc: 0.7434 | best Score: 0.6773 | best Score epoch: 17 
epoch 18, iter  351: loss: 0.0057 | load time: 0.0004 | back time: 0.8407 | lr: 0.00008593 | best AP50 acc: 0.8527 | best AP70 acc: 0.7133 | best mAP acc: 0.6773 | best mAR acc: 0.7434 | best Score: 0.6773 | best Score epoch: 17 
epoch 18, iter  401: loss: 0.0056 | load time: 0.0003 | back time: 0.8423 | lr: 0.00008583 | best AP50 acc: 0.8527 | best AP70 acc: 0.7133 | best mAP acc: 0.6773 | best mAR acc: 0.7434 | best Score: 0.6773 | best Score epoch: 17 
epoch 18, iter  451: loss: 0.0056 | load time: 0.0003 | back time: 0.8420 | lr: 0.00008574 | best AP50 acc: 0.8527 | best AP70 acc: 0.7133 | best mAP acc: 0.6773 | best mAR acc: 0.7434 | best Score: 0.6773 | best Score epoch: 17 
epoch 18, iter  501: loss: 0.0057 | load time: 0.0003 | back time: 0.8435 | lr: 0.00008564 | best AP50 acc: 0.8527 | best AP70 acc: 0.7133 | best mAP acc: 0.6773 | best mAR acc: 0.7434 | best Score: 0.6773 | best Score epoch: 17 
epoch 18, iter  551: loss: 0.0060 | load time: 0.0001 | back time: 0.8549 | lr: 0.00008555 | best AP50 acc: 0.8527 | best AP70 acc: 0.7133 | best mAP acc: 0.6773 | best mAR acc: 0.7434 | best Score: 0.6773 | best Score epoch: 17 
epoch 18, iter  601: loss: 0.0060 | load time: 0.0001 | back time: 0.8431 | lr: 0.00008545 | best AP50 acc: 0.8527 | best AP70 acc: 0.7133 | best mAP acc: 0.6773 | best mAR acc: 0.7434 | best Score: 0.6773 | best Score epoch: 17 
epoch 18, iter  651: loss: 0.0059 | load time: 0.0001 | back time: 0.8424 | lr: 0.00008536 | best AP50 acc: 0.8527 | best AP70 acc: 0.7133 | best mAP acc: 0.6773 | best mAR acc: 0.7434 | best Score: 0.6773 | best Score epoch: 17 
epoch 18, iter  701: loss: 0.0058 | load time: 0.0003 | back time: 0.8397 | lr: 0.00008526 | best AP50 acc: 0.8527 | best AP70 acc: 0.7133 | best mAP acc: 0.6773 | best mAR acc: 0.7434 | best Score: 0.6773 | best Score epoch: 17 
epoch 18, iter  751: loss: 0.0059 | load time: 0.0001 | back time: 0.8430 | lr: 0.00008517 | best AP50 acc: 0.8527 | best AP70 acc: 0.7133 | best mAP acc: 0.6773 | best mAR acc: 0.7434 | best Score: 0.6773 | best Score epoch: 17 
epoch 18, iter  801: loss: 0.0058 | load time: 0.0003 | back time: 0.8414 | lr: 0.00008507 | best AP50 acc: 0.8527 | best AP70 acc: 0.7133 | best mAP acc: 0.6773 | best mAR acc: 0.7434 | best Score: 0.6773 | best Score epoch: 17 
epoch 18, iter  851: loss: 0.0061 | load time: 0.0002 | back time: 0.8486 | lr: 0.00008497 | best AP50 acc: 0.8527 | best AP70 acc: 0.7133 | best mAP acc: 0.6773 | best mAR acc: 0.7434 | best Score: 0.6773 | best Score epoch: 17 
epoch 18, iter  901: loss: 0.0058 | load time: 0.0002 | back time: 0.8536 | lr: 0.00008488 | best AP50 acc: 0.8527 | best AP70 acc: 0.7133 | best mAP acc: 0.6773 | best mAR acc: 0.7434 | best Score: 0.6773 | best Score epoch: 17 
epoch 18, iter  951: loss: 0.0061 | load time: 0.0002 | back time: 0.8401 | lr: 0.00008478 | best AP50 acc: 0.8527 | best AP70 acc: 0.7133 | best mAP acc: 0.6773 | best mAR acc: 0.7434 | best Score: 0.6773 | best Score epoch: 17 
epoch 18, iter 1001: loss: 0.0060 | load time: 0.0002 | back time: 0.8426 | lr: 0.00008468 | best AP50 acc: 0.8527 | best AP70 acc: 0.7133 | best mAP acc: 0.6773 | best mAR acc: 0.7434 | best Score: 0.6773 | best Score epoch: 17 
epoch 18, iter 1051: loss: 0.0053 | load time: 0.0002 | back time: 0.8421 | lr: 0.00008458 | best AP50 acc: 0.8527 | best AP70 acc: 0.7133 | best mAP acc: 0.6773 | best mAR acc: 0.7434 | best Score: 0.6773 | best Score epoch: 17 
epoch 18, iter 1101: loss: 0.0058 | load time: 0.0002 | back time: 0.8415 | lr: 0.00008449 | best AP50 acc: 0.8527 | best AP70 acc: 0.7133 | best mAP acc: 0.6773 | best mAR acc: 0.7434 | best Score: 0.6773 | best Score epoch: 17 
epoch 18, iter 1151: loss: 0.0064 | load time: 0.0001 | back time: 0.8364 | lr: 0.00008439 | best AP50 acc: 0.8527 | best AP70 acc: 0.7133 | best mAP acc: 0.6773 | best mAR acc: 0.7434 | best Score: 0.6773 | best Score epoch: 17 
UAV_SEQS_2 | mAP50:90: 38.5748 | AP50: 67.2502 | AP70: 35.8638 
UAV_SEQS_37 | mAP50:90: 90.4098 | AP50: 100.0000 | AP70: 97.5644 
UAV_SEQS_45 | mAP50:90: 96.8680 | AP50: 100.0000 | AP70: 100.0000 
UAV_SEQS_47 | mAP50:90: 91.5167 | AP50: 100.0000 | AP70: 95.5515 
UAV_SEQS_55 | mAP50:90: 45.8201 | AP50: 72.7362 | AP70: 51.1673 
UAV_SEQS_59 | mAP50:90: 53.4789 | AP50: 83.1758 | AP70: 58.4796 
UAV_SEQS_6 | mAP50:90: 44.0720 | AP50: 62.7197 | AP70: 46.6644 
UAV_SEQS_63 | mAP50:90: 33.3417 | AP50: 70.4412 | AP70: 30.6029 
UAV_SEQS_65 | mAP50:90: 82.1801 | AP50: 98.9263 | AP70: 93.3808 
UAV_SEQS_7 | mAP50:90: 79.8387 | AP50: 100.0000 | AP70: 80.2107 
UAV_SEQS_71 | mAP50:90: 72.9859 | AP50: 94.1849 | AP70: 82.0194 
UAV_SEQS_73 | mAP50:90: 65.7721 | AP50: 91.6355 | AP70: 73.3334 
UAV_SEQS_74 | mAP50:90: 98.8074 | AP50: 100.0000 | AP70: 100.0000 
UAV_SEQS_77 | mAP50:90: 24.9629 | AP50: 34.9766 | AP70: 25.4246 
UAV_SEQS_8 | mAP50:90: 76.2437 | AP50: 100.0000 | AP70: 84.9505 
Overall            | mAP50:95: 69.0742 | AP50: 86.4813 | AP70: 73.4198 
epoch 19, iter    1: loss: 0.0057 | load time: 0.0040 | back time: 0.4945 | lr: 0.00008438 | best AP50 acc: 0.8648 | best AP70 acc: 0.7342 | best mAP acc: 0.6907 | best mAR acc: 0.7595 | best Score: 0.6907 | best Score epoch: 18 
epoch 19, iter   51: loss: 0.0059 | load time: 0.0001 | back time: 0.8387 | lr: 0.00008428 | best AP50 acc: 0.8648 | best AP70 acc: 0.7342 | best mAP acc: 0.6907 | best mAR acc: 0.7595 | best Score: 0.6907 | best Score epoch: 18 
epoch 19, iter  101: loss: 0.0056 | load time: 0.0004 | back time: 0.8395 | lr: 0.00008419 | best AP50 acc: 0.8648 | best AP70 acc: 0.7342 | best mAP acc: 0.6907 | best mAR acc: 0.7595 | best Score: 0.6907 | best Score epoch: 18 
epoch 19, iter  151: loss: 0.0058 | load time: 0.0001 | back time: 0.8423 | lr: 0.00008409 | best AP50 acc: 0.8648 | best AP70 acc: 0.7342 | best mAP acc: 0.6907 | best mAR acc: 0.7595 | best Score: 0.6907 | best Score epoch: 18 
epoch 19, iter  201: loss: 0.0060 | load time: 0.0002 | back time: 0.8412 | lr: 0.00008399 | best AP50 acc: 0.8648 | best AP70 acc: 0.7342 | best mAP acc: 0.6907 | best mAR acc: 0.7595 | best Score: 0.6907 | best Score epoch: 18 
epoch 19, iter  251: loss: 0.0053 | load time: 0.0002 | back time: 0.8436 | lr: 0.00008389 | best AP50 acc: 0.8648 | best AP70 acc: 0.7342 | best mAP acc: 0.6907 | best mAR acc: 0.7595 | best Score: 0.6907 | best Score epoch: 18 
epoch 19, iter  301: loss: 0.0060 | load time: 0.0002 | back time: 0.8430 | lr: 0.00008379 | best AP50 acc: 0.8648 | best AP70 acc: 0.7342 | best mAP acc: 0.6907 | best mAR acc: 0.7595 | best Score: 0.6907 | best Score epoch: 18 
epoch 19, iter  351: loss: 0.0061 | load time: 0.0002 | back time: 0.8423 | lr: 0.00008369 | best AP50 acc: 0.8648 | best AP70 acc: 0.7342 | best mAP acc: 0.6907 | best mAR acc: 0.7595 | best Score: 0.6907 | best Score epoch: 18 
epoch 19, iter  401: loss: 0.0058 | load time: 0.0001 | back time: 0.8429 | lr: 0.00008359 | best AP50 acc: 0.8648 | best AP70 acc: 0.7342 | best mAP acc: 0.6907 | best mAR acc: 0.7595 | best Score: 0.6907 | best Score epoch: 18 
epoch 19, iter  451: loss: 0.0064 | load time: 0.0001 | back time: 0.8431 | lr: 0.00008349 | best AP50 acc: 0.8648 | best AP70 acc: 0.7342 | best mAP acc: 0.6907 | best mAR acc: 0.7595 | best Score: 0.6907 | best Score epoch: 18 
epoch 19, iter  501: loss: 0.0057 | load time: 0.0003 | back time: 0.8412 | lr: 0.00008339 | best AP50 acc: 0.8648 | best AP70 acc: 0.7342 | best mAP acc: 0.6907 | best mAR acc: 0.7595 | best Score: 0.6907 | best Score epoch: 18 
epoch 19, iter  551: loss: 0.0060 | load time: 0.0002 | back time: 0.8418 | lr: 0.00008329 | best AP50 acc: 0.8648 | best AP70 acc: 0.7342 | best mAP acc: 0.6907 | best mAR acc: 0.7595 | best Score: 0.6907 | best Score epoch: 18 
epoch 19, iter  601: loss: 0.0055 | load time: 0.0002 | back time: 0.8428 | lr: 0.00008318 | best AP50 acc: 0.8648 | best AP70 acc: 0.7342 | best mAP acc: 0.6907 | best mAR acc: 0.7595 | best Score: 0.6907 | best Score epoch: 18 
epoch 19, iter  651: loss: 0.0057 | load time: 0.0003 | back time: 0.8423 | lr: 0.00008308 | best AP50 acc: 0.8648 | best AP70 acc: 0.7342 | best mAP acc: 0.6907 | best mAR acc: 0.7595 | best Score: 0.6907 | best Score epoch: 18 
epoch 19, iter  701: loss: 0.0057 | load time: 0.0003 | back time: 0.8523 | lr: 0.00008298 | best AP50 acc: 0.8648 | best AP70 acc: 0.7342 | best mAP acc: 0.6907 | best mAR acc: 0.7595 | best Score: 0.6907 | best Score epoch: 18 
epoch 19, iter  751: loss: 0.0060 | load time: 0.0002 | back time: 0.8529 | lr: 0.00008288 | best AP50 acc: 0.8648 | best AP70 acc: 0.7342 | best mAP acc: 0.6907 | best mAR acc: 0.7595 | best Score: 0.6907 | best Score epoch: 18 
epoch 19, iter  801: loss: 0.0060 | load time: 0.0003 | back time: 0.8409 | lr: 0.00008278 | best AP50 acc: 0.8648 | best AP70 acc: 0.7342 | best mAP acc: 0.6907 | best mAR acc: 0.7595 | best Score: 0.6907 | best Score epoch: 18 
epoch 19, iter  851: loss: 0.0057 | load time: 0.0002 | back time: 0.8427 | lr: 0.00008267 | best AP50 acc: 0.8648 | best AP70 acc: 0.7342 | best mAP acc: 0.6907 | best mAR acc: 0.7595 | best Score: 0.6907 | best Score epoch: 18 
epoch 19, iter  901: loss: 0.0058 | load time: 0.0003 | back time: 0.8407 | lr: 0.00008257 | best AP50 acc: 0.8648 | best AP70 acc: 0.7342 | best mAP acc: 0.6907 | best mAR acc: 0.7595 | best Score: 0.6907 | best Score epoch: 18 
epoch 19, iter  951: loss: 0.0058 | load time: 0.0002 | back time: 0.8397 | lr: 0.00008247 | best AP50 acc: 0.8648 | best AP70 acc: 0.7342 | best mAP acc: 0.6907 | best mAR acc: 0.7595 | best Score: 0.6907 | best Score epoch: 18 
epoch 19, iter 1001: loss: 0.0059 | load time: 0.0003 | back time: 0.8396 | lr: 0.00008237 | best AP50 acc: 0.8648 | best AP70 acc: 0.7342 | best mAP acc: 0.6907 | best mAR acc: 0.7595 | best Score: 0.6907 | best Score epoch: 18 
epoch 19, iter 1051: loss: 0.0058 | load time: 0.0002 | back time: 0.8398 | lr: 0.00008226 | best AP50 acc: 0.8648 | best AP70 acc: 0.7342 | best mAP acc: 0.6907 | best mAR acc: 0.7595 | best Score: 0.6907 | best Score epoch: 18 
epoch 19, iter 1101: loss: 0.0059 | load time: 0.0002 | back time: 0.8406 | lr: 0.00008216 | best AP50 acc: 0.8648 | best AP70 acc: 0.7342 | best mAP acc: 0.6907 | best mAR acc: 0.7595 | best Score: 0.6907 | best Score epoch: 18 
epoch 19, iter 1151: loss: 0.0056 | load time: 0.0001 | back time: 0.8446 | lr: 0.00008205 | best AP50 acc: 0.8648 | best AP70 acc: 0.7342 | best mAP acc: 0.6907 | best mAR acc: 0.7595 | best Score: 0.6907 | best Score epoch: 18 
UAV_SEQS_2 | mAP50:90: 41.8842 | AP50: 75.3105 | AP70: 37.3313 
UAV_SEQS_37 | mAP50:90: 89.2195 | AP50: 100.0000 | AP70: 96.4356 
UAV_SEQS_45 | mAP50:90: 99.3764 | AP50: 100.0000 | AP70: 100.0000 
UAV_SEQS_47 | mAP50:90: 94.9274 | AP50: 100.0000 | AP70: 100.0000 
UAV_SEQS_55 | mAP50:90: 47.7686 | AP50: 70.4841 | AP70: 48.8985 
UAV_SEQS_59 | mAP50:90: 59.4337 | AP50: 89.3597 | AP70: 68.0599 
UAV_SEQS_6 | mAP50:90: 41.4089 | AP50: 50.5854 | AP70: 45.8086 
UAV_SEQS_63 | mAP50:90: 22.8593 | AP50: 48.3435 | AP70: 22.7684 
UAV_SEQS_65 | mAP50:90: 86.8335 | AP50: 98.9535 | AP70: 96.2168 
UAV_SEQS_7 | mAP50:90: 60.6195 | AP50: 98.9934 | AP70: 68.0099 
UAV_SEQS_71 | mAP50:90: 64.9480 | AP50: 90.1273 | AP70: 69.2991 
UAV_SEQS_73 | mAP50:90: 71.3530 | AP50: 90.9099 | AP70: 80.9907 
UAV_SEQS_74 | mAP50:90: 99.2029 | AP50: 100.0000 | AP70: 100.0000 
UAV_SEQS_77 | mAP50:90: 20.7488 | AP50: 36.4229 | AP70: 23.1192 
UAV_SEQS_8 | mAP50:90: 85.4500 | AP50: 100.0000 | AP70: 96.2376 
Overall            | mAP50:95: 68.2740 | AP50: 85.3145 | AP70: 73.6024 
epoch 20, iter    1: loss: 0.0058 | load time: 0.0049 | back time: 0.4509 | lr: 0.00008205 | best AP50 acc: 0.8648 | best AP70 acc: 0.7342 | best mAP acc: 0.6907 | best mAR acc: 0.7595 | best Score: 0.6907 | best Score epoch: 18 
epoch 20, iter   51: loss: 0.0058 | load time: 0.0002 | back time: 0.8335 | lr: 0.00008195 | best AP50 acc: 0.8648 | best AP70 acc: 0.7342 | best mAP acc: 0.6907 | best mAR acc: 0.7595 | best Score: 0.6907 | best Score epoch: 18 
epoch 20, iter  101: loss: 0.0056 | load time: 0.0003 | back time: 0.8386 | lr: 0.00008184 | best AP50 acc: 0.8648 | best AP70 acc: 0.7342 | best mAP acc: 0.6907 | best mAR acc: 0.7595 | best Score: 0.6907 | best Score epoch: 18 
epoch 20, iter  151: loss: 0.0061 | load time: 0.0001 | back time: 0.8406 | lr: 0.00008174 | best AP50 acc: 0.8648 | best AP70 acc: 0.7342 | best mAP acc: 0.6907 | best mAR acc: 0.7595 | best Score: 0.6907 | best Score epoch: 18 
epoch 20, iter  201: loss: 0.0056 | load time: 0.0002 | back time: 0.8400 | lr: 0.00008163 | best AP50 acc: 0.8648 | best AP70 acc: 0.7342 | best mAP acc: 0.6907 | best mAR acc: 0.7595 | best Score: 0.6907 | best Score epoch: 18 
epoch 20, iter  251: loss: 0.0056 | load time: 0.0002 | back time: 0.8524 | lr: 0.00008153 | best AP50 acc: 0.8648 | best AP70 acc: 0.7342 | best mAP acc: 0.6907 | best mAR acc: 0.7595 | best Score: 0.6907 | best Score epoch: 18 
epoch 20, iter  301: loss: 0.0059 | load time: 0.0001 | back time: 0.8490 | lr: 0.00008142 | best AP50 acc: 0.8648 | best AP70 acc: 0.7342 | best mAP acc: 0.6907 | best mAR acc: 0.7595 | best Score: 0.6907 | best Score epoch: 18 
epoch 20, iter  351: loss: 0.0059 | load time: 0.0002 | back time: 0.8404 | lr: 0.00008132 | best AP50 acc: 0.8648 | best AP70 acc: 0.7342 | best mAP acc: 0.6907 | best mAR acc: 0.7595 | best Score: 0.6907 | best Score epoch: 18 
epoch 20, iter  401: loss: 0.0056 | load time: 0.0002 | back time: 0.8413 | lr: 0.00008121 | best AP50 acc: 0.8648 | best AP70 acc: 0.7342 | best mAP acc: 0.6907 | best mAR acc: 0.7595 | best Score: 0.6907 | best Score epoch: 18 
epoch 20, iter  451: loss: 0.0055 | load time: 0.0002 | back time: 0.8403 | lr: 0.00008110 | best AP50 acc: 0.8648 | best AP70 acc: 0.7342 | best mAP acc: 0.6907 | best mAR acc: 0.7595 | best Score: 0.6907 | best Score epoch: 18 
epoch 20, iter  501: loss: 0.0054 | load time: 0.0002 | back time: 0.8412 | lr: 0.00008100 | best AP50 acc: 0.8648 | best AP70 acc: 0.7342 | best mAP acc: 0.6907 | best mAR acc: 0.7595 | best Score: 0.6907 | best Score epoch: 18 
epoch 20, iter  551: loss: 0.0055 | load time: 0.0002 | back time: 0.8433 | lr: 0.00008089 | best AP50 acc: 0.8648 | best AP70 acc: 0.7342 | best mAP acc: 0.6907 | best mAR acc: 0.7595 | best Score: 0.6907 | best Score epoch: 18 
epoch 20, iter  601: loss: 0.0058 | load time: 0.0003 | back time: 0.8411 | lr: 0.00008079 | best AP50 acc: 0.8648 | best AP70 acc: 0.7342 | best mAP acc: 0.6907 | best mAR acc: 0.7595 | best Score: 0.6907 | best Score epoch: 18 
epoch 20, iter  651: loss: 0.0057 | load time: 0.0001 | back time: 0.8453 | lr: 0.00008068 | best AP50 acc: 0.8648 | best AP70 acc: 0.7342 | best mAP acc: 0.6907 | best mAR acc: 0.7595 | best Score: 0.6907 | best Score epoch: 18 
epoch 20, iter  701: loss: 0.0058 | load time: 0.0003 | back time: 0.8426 | lr: 0.00008057 | best AP50 acc: 0.8648 | best AP70 acc: 0.7342 | best mAP acc: 0.6907 | best mAR acc: 0.7595 | best Score: 0.6907 | best Score epoch: 18 
epoch 20, iter  751: loss: 0.0057 | load time: 0.0002 | back time: 0.8420 | lr: 0.00008046 | best AP50 acc: 0.8648 | best AP70 acc: 0.7342 | best mAP acc: 0.6907 | best mAR acc: 0.7595 | best Score: 0.6907 | best Score epoch: 18 
epoch 20, iter  801: loss: 0.0056 | load time: 0.0002 | back time: 0.8416 | lr: 0.00008036 | best AP50 acc: 0.8648 | best AP70 acc: 0.7342 | best mAP acc: 0.6907 | best mAR acc: 0.7595 | best Score: 0.6907 | best Score epoch: 18 
epoch 20, iter  851: loss: 0.0058 | load time: 0.0003 | back time: 0.8580 | lr: 0.00008025 | best AP50 acc: 0.8648 | best AP70 acc: 0.7342 | best mAP acc: 0.6907 | best mAR acc: 0.7595 | best Score: 0.6907 | best Score epoch: 18 
epoch 20, iter  901: loss: 0.0056 | load time: 0.0002 | back time: 0.8361 | lr: 0.00008014 | best AP50 acc: 0.8648 | best AP70 acc: 0.7342 | best mAP acc: 0.6907 | best mAR acc: 0.7595 | best Score: 0.6907 | best Score epoch: 18 
epoch 20, iter  951: loss: 0.0058 | load time: 0.0002 | back time: 0.8364 | lr: 0.00008003 | best AP50 acc: 0.8648 | best AP70 acc: 0.7342 | best mAP acc: 0.6907 | best mAR acc: 0.7595 | best Score: 0.6907 | best Score epoch: 18 
epoch 20, iter 1001: loss: 0.0062 | load time: 0.0002 | back time: 0.8410 | lr: 0.00007992 | best AP50 acc: 0.8648 | best AP70 acc: 0.7342 | best mAP acc: 0.6907 | best mAR acc: 0.7595 | best Score: 0.6907 | best Score epoch: 18 
epoch 20, iter 1051: loss: 0.0058 | load time: 0.0002 | back time: 0.8383 | lr: 0.00007982 | best AP50 acc: 0.8648 | best AP70 acc: 0.7342 | best mAP acc: 0.6907 | best mAR acc: 0.7595 | best Score: 0.6907 | best Score epoch: 18 
epoch 20, iter 1101: loss: 0.0061 | load time: 0.0009 | back time: 0.8385 | lr: 0.00007971 | best AP50 acc: 0.8648 | best AP70 acc: 0.7342 | best mAP acc: 0.6907 | best mAR acc: 0.7595 | best Score: 0.6907 | best Score epoch: 18 
epoch 20, iter 1151: loss: 0.0056 | load time: 0.0001 | back time: 0.8402 | lr: 0.00007960 | best AP50 acc: 0.8648 | best AP70 acc: 0.7342 | best mAP acc: 0.6907 | best mAR acc: 0.7595 | best Score: 0.6907 | best Score epoch: 18 
UAV_SEQS_2 | mAP50:90: 41.9793 | AP50: 68.5431 | AP70: 45.1663 
UAV_SEQS_37 | mAP50:90: 94.8314 | AP50: 100.0000 | AP70: 100.0000 
UAV_SEQS_45 | mAP50:90: 97.4315 | AP50: 100.0000 | AP70: 100.0000 
UAV_SEQS_47 | mAP50:90: 92.2363 | AP50: 100.0000 | AP70: 98.6948 
UAV_SEQS_55 | mAP50:90: 48.4599 | AP50: 72.3752 | AP70: 52.6958 
UAV_SEQS_59 | mAP50:90: 64.7169 | AP50: 89.4790 | AP70: 71.5079 
UAV_SEQS_6 | mAP50:90: 39.8176 | AP50: 53.5891 | AP70: 44.2021 
UAV_SEQS_63 | mAP50:90: 6.8657 | AP50: 23.6106 | AP70: 2.1796 
UAV_SEQS_65 | mAP50:90: 87.4082 | AP50: 97.8833 | AP70: 95.2535 
UAV_SEQS_7 | mAP50:90: 80.7019 | AP50: 100.0000 | AP70: 90.6187 
UAV_SEQS_71 | mAP50:90: 68.9146 | AP50: 90.9094 | AP70: 73.4767 
UAV_SEQS_73 | mAP50:90: 64.9712 | AP50: 90.5831 | AP70: 72.3837 
UAV_SEQS_74 | mAP50:90: 87.5656 | AP50: 100.0000 | AP70: 93.6595 
UAV_SEQS_77 | mAP50:90: 21.7426 | AP50: 37.1843 | AP70: 26.2597 
UAV_SEQS_8 | mAP50:90: 78.4026 | AP50: 100.0000 | AP70: 89.5545 
Overall            | mAP50:95: 67.0742 | AP50: 83.3411 | AP70: 72.6271 
epoch 21, iter    1: loss: 0.0056 | load time: 0.0050 | back time: 0.4567 | lr: 0.00007959 | best AP50 acc: 0.8648 | best AP70 acc: 0.7342 | best mAP acc: 0.6907 | best mAR acc: 0.7595 | best Score: 0.6907 | best Score epoch: 18 
epoch 21, iter   51: loss: 0.0058 | load time: 0.0002 | back time: 0.8280 | lr: 0.00007948 | best AP50 acc: 0.8648 | best AP70 acc: 0.7342 | best mAP acc: 0.6907 | best mAR acc: 0.7595 | best Score: 0.6907 | best Score epoch: 18 
epoch 21, iter  101: loss: 0.0057 | load time: 0.0002 | back time: 0.8370 | lr: 0.00007937 | best AP50 acc: 0.8648 | best AP70 acc: 0.7342 | best mAP acc: 0.6907 | best mAR acc: 0.7595 | best Score: 0.6907 | best Score epoch: 18 
epoch 21, iter  151: loss: 0.0061 | load time: 0.0001 | back time: 0.8403 | lr: 0.00007926 | best AP50 acc: 0.8648 | best AP70 acc: 0.7342 | best mAP acc: 0.6907 | best mAR acc: 0.7595 | best Score: 0.6907 | best Score epoch: 18 
epoch 21, iter  201: loss: 0.0057 | load time: 0.0001 | back time: 0.8417 | lr: 0.00007915 | best AP50 acc: 0.8648 | best AP70 acc: 0.7342 | best mAP acc: 0.6907 | best mAR acc: 0.7595 | best Score: 0.6907 | best Score epoch: 18 
epoch 21, iter  251: loss: 0.0057 | load time: 0.0003 | back time: 0.8398 | lr: 0.00007904 | best AP50 acc: 0.8648 | best AP70 acc: 0.7342 | best mAP acc: 0.6907 | best mAR acc: 0.7595 | best Score: 0.6907 | best Score epoch: 18 
epoch 21, iter  301: loss: 0.0058 | load time: 0.0001 | back time: 0.8429 | lr: 0.00007893 | best AP50 acc: 0.8648 | best AP70 acc: 0.7342 | best mAP acc: 0.6907 | best mAR acc: 0.7595 | best Score: 0.6907 | best Score epoch: 18 
epoch 21, iter  351: loss: 0.0059 | load time: 0.0001 | back time: 0.8428 | lr: 0.00007882 | best AP50 acc: 0.8648 | best AP70 acc: 0.7342 | best mAP acc: 0.6907 | best mAR acc: 0.7595 | best Score: 0.6907 | best Score epoch: 18 
epoch 21, iter  401: loss: 0.0056 | load time: 0.0002 | back time: 0.8644 | lr: 0.00007871 | best AP50 acc: 0.8648 | best AP70 acc: 0.7342 | best mAP acc: 0.6907 | best mAR acc: 0.7595 | best Score: 0.6907 | best Score epoch: 18 
epoch 21, iter  451: loss: 0.0056 | load time: 0.0001 | back time: 0.8418 | lr: 0.00007860 | best AP50 acc: 0.8648 | best AP70 acc: 0.7342 | best mAP acc: 0.6907 | best mAR acc: 0.7595 | best Score: 0.6907 | best Score epoch: 18 
epoch 21, iter  501: loss: 0.0058 | load time: 0.0002 | back time: 0.8400 | lr: 0.00007849 | best AP50 acc: 0.8648 | best AP70 acc: 0.7342 | best mAP acc: 0.6907 | best mAR acc: 0.7595 | best Score: 0.6907 | best Score epoch: 18 
epoch 21, iter  551: loss: 0.0058 | load time: 0.0002 | back time: 0.8401 | lr: 0.00007838 | best AP50 acc: 0.8648 | best AP70 acc: 0.7342 | best mAP acc: 0.6907 | best mAR acc: 0.7595 | best Score: 0.6907 | best Score epoch: 18 
epoch 21, iter  601: loss: 0.0056 | load time: 0.0001 | back time: 0.8408 | lr: 0.00007827 | best AP50 acc: 0.8648 | best AP70 acc: 0.7342 | best mAP acc: 0.6907 | best mAR acc: 0.7595 | best Score: 0.6907 | best Score epoch: 18 
epoch 21, iter  651: loss: 0.0056 | load time: 0.0002 | back time: 0.8420 | lr: 0.00007816 | best AP50 acc: 0.8648 | best AP70 acc: 0.7342 | best mAP acc: 0.6907 | best mAR acc: 0.7595 | best Score: 0.6907 | best Score epoch: 18 
epoch 21, iter  701: loss: 0.0057 | load time: 0.0002 | back time: 0.8461 | lr: 0.00007804 | best AP50 acc: 0.8648 | best AP70 acc: 0.7342 | best mAP acc: 0.6907 | best mAR acc: 0.7595 | best Score: 0.6907 | best Score epoch: 18 
epoch 21, iter  751: loss: 0.0058 | load time: 0.0003 | back time: 0.8455 | lr: 0.00007793 | best AP50 acc: 0.8648 | best AP70 acc: 0.7342 | best mAP acc: 0.6907 | best mAR acc: 0.7595 | best Score: 0.6907 | best Score epoch: 18 
epoch 21, iter  801: loss: 0.0057 | load time: 0.0002 | back time: 0.8391 | lr: 0.00007782 | best AP50 acc: 0.8648 | best AP70 acc: 0.7342 | best mAP acc: 0.6907 | best mAR acc: 0.7595 | best Score: 0.6907 | best Score epoch: 18 
epoch 21, iter  851: loss: 0.0057 | load time: 0.0003 | back time: 0.8420 | lr: 0.00007771 | best AP50 acc: 0.8648 | best AP70 acc: 0.7342 | best mAP acc: 0.6907 | best mAR acc: 0.7595 | best Score: 0.6907 | best Score epoch: 18 
epoch 21, iter  901: loss: 0.0057 | load time: 0.0002 | back time: 0.8437 | lr: 0.00007759 | best AP50 acc: 0.8648 | best AP70 acc: 0.7342 | best mAP acc: 0.6907 | best mAR acc: 0.7595 | best Score: 0.6907 | best Score epoch: 18 
epoch 21, iter  951: loss: 0.0059 | load time: 0.0002 | back time: 0.8423 | lr: 0.00007748 | best AP50 acc: 0.8648 | best AP70 acc: 0.7342 | best mAP acc: 0.6907 | best mAR acc: 0.7595 | best Score: 0.6907 | best Score epoch: 18 
epoch 21, iter 1001: loss: 0.0056 | load time: 0.0002 | back time: 0.8425 | lr: 0.00007737 | best AP50 acc: 0.8648 | best AP70 acc: 0.7342 | best mAP acc: 0.6907 | best mAR acc: 0.7595 | best Score: 0.6907 | best Score epoch: 18 
epoch 21, iter 1051: loss: 0.0056 | load time: 0.0002 | back time: 0.8450 | lr: 0.00007725 | best AP50 acc: 0.8648 | best AP70 acc: 0.7342 | best mAP acc: 0.6907 | best mAR acc: 0.7595 | best Score: 0.6907 | best Score epoch: 18 
epoch 21, iter 1101: loss: 0.0056 | load time: 0.0002 | back time: 0.8413 | lr: 0.00007714 | best AP50 acc: 0.8648 | best AP70 acc: 0.7342 | best mAP acc: 0.6907 | best mAR acc: 0.7595 | best Score: 0.6907 | best Score epoch: 18 
epoch 21, iter 1151: loss: 0.0056 | load time: 0.0001 | back time: 0.7774 | lr: 0.00007703 | best AP50 acc: 0.8648 | best AP70 acc: 0.7342 | best mAP acc: 0.6907 | best mAR acc: 0.7595 | best Score: 0.6907 | best Score epoch: 18 
UAV_SEQS_2 | mAP50:90: 42.6270 | AP50: 79.6011 | AP70: 44.8816 
UAV_SEQS_37 | mAP50:90: 91.2616 | AP50: 100.0000 | AP70: 96.6230 
UAV_SEQS_45 | mAP50:90: 96.2778 | AP50: 100.0000 | AP70: 100.0000 
UAV_SEQS_47 | mAP50:90: 89.9162 | AP50: 98.9967 | AP70: 93.8362 
UAV_SEQS_55 | mAP50:90: 42.6639 | AP50: 68.3662 | AP70: 40.5676 
UAV_SEQS_59 | mAP50:90: 57.4468 | AP50: 88.2215 | AP70: 59.5370 
UAV_SEQS_6 | mAP50:90: 40.0532 | AP50: 51.7936 | AP70: 44.0828 
UAV_SEQS_63 | mAP50:90: 10.9539 | AP50: 36.8317 | AP70: 4.2970 
UAV_SEQS_65 | mAP50:90: 86.0796 | AP50: 97.2840 | AP70: 92.6645 
UAV_SEQS_7 | mAP50:90: 72.3706 | AP50: 100.0000 | AP70: 93.0140 
UAV_SEQS_71 | mAP50:90: 66.0447 | AP50: 90.9945 | AP70: 69.3186 
UAV_SEQS_73 | mAP50:90: 61.9859 | AP50: 86.5042 | AP70: 65.9610 
UAV_SEQS_74 | mAP50:90: 100.0000 | AP50: 100.0000 | AP70: 100.0000 
UAV_SEQS_77 | mAP50:90: 15.4579 | AP50: 32.3515 | AP70: 15.7927 
UAV_SEQS_8 | mAP50:90: 67.6233 | AP50: 98.7476 | AP70: 73.1961 
Overall            | mAP50:95: 65.8068 | AP50: 84.5106 | AP70: 69.8378 
epoch 22, iter    1: loss: 0.0057 | load time: 0.0036 | back time: 0.4195 | lr: 0.00007702 | best AP50 acc: 0.8648 | best AP70 acc: 0.7342 | best mAP acc: 0.6907 | best mAR acc: 0.7595 | best Score: 0.6907 | best Score epoch: 18 
epoch 22, iter   51: loss: 0.0056 | load time: 0.0001 | back time: 0.8690 | lr: 0.00007691 | best AP50 acc: 0.8648 | best AP70 acc: 0.7342 | best mAP acc: 0.6907 | best mAR acc: 0.7595 | best Score: 0.6907 | best Score epoch: 18 
epoch 22, iter  101: loss: 0.0058 | load time: 0.0002 | back time: 0.8278 | lr: 0.00007679 | best AP50 acc: 0.8648 | best AP70 acc: 0.7342 | best mAP acc: 0.6907 | best mAR acc: 0.7595 | best Score: 0.6907 | best Score epoch: 18 
epoch 22, iter  151: loss: 0.0057 | load time: 0.0002 | back time: 0.8360 | lr: 0.00007668 | best AP50 acc: 0.8648 | best AP70 acc: 0.7342 | best mAP acc: 0.6907 | best mAR acc: 0.7595 | best Score: 0.6907 | best Score epoch: 18 
epoch 22, iter  201: loss: 0.0057 | load time: 0.0002 | back time: 0.7433 | lr: 0.00007656 | best AP50 acc: 0.8648 | best AP70 acc: 0.7342 | best mAP acc: 0.6907 | best mAR acc: 0.7595 | best Score: 0.6907 | best Score epoch: 18 
epoch 22, iter  251: loss: 0.0057 | load time: 0.0003 | back time: 0.8656 | lr: 0.00007645 | best AP50 acc: 0.8648 | best AP70 acc: 0.7342 | best mAP acc: 0.6907 | best mAR acc: 0.7595 | best Score: 0.6907 | best Score epoch: 18 
epoch 22, iter  301: loss: 0.0058 | load time: 0.0001 | back time: 0.8246 | lr: 0.00007633 | best AP50 acc: 0.8648 | best AP70 acc: 0.7342 | best mAP acc: 0.6907 | best mAR acc: 0.7595 | best Score: 0.6907 | best Score epoch: 18 
epoch 22, iter  351: loss: 0.0059 | load time: 0.0001 | back time: 0.8102 | lr: 0.00007622 | best AP50 acc: 0.8648 | best AP70 acc: 0.7342 | best mAP acc: 0.6907 | best mAR acc: 0.7595 | best Score: 0.6907 | best Score epoch: 18 
epoch 22, iter  401: loss: 0.0055 | load time: 0.0002 | back time: 0.8428 | lr: 0.00007610 | best AP50 acc: 0.8648 | best AP70 acc: 0.7342 | best mAP acc: 0.6907 | best mAR acc: 0.7595 | best Score: 0.6907 | best Score epoch: 18 
epoch 22, iter  451: loss: 0.0056 | load time: 0.0002 | back time: 0.8331 | lr: 0.00007599 | best AP50 acc: 0.8648 | best AP70 acc: 0.7342 | best mAP acc: 0.6907 | best mAR acc: 0.7595 | best Score: 0.6907 | best Score epoch: 18 
epoch 22, iter  501: loss: 0.0056 | load time: 0.0001 | back time: 0.8775 | lr: 0.00007587 | best AP50 acc: 0.8648 | best AP70 acc: 0.7342 | best mAP acc: 0.6907 | best mAR acc: 0.7595 | best Score: 0.6907 | best Score epoch: 18 
epoch 22, iter  551: loss: 0.0059 | load time: 0.0001 | back time: 0.8773 | lr: 0.00007576 | best AP50 acc: 0.8648 | best AP70 acc: 0.7342 | best mAP acc: 0.6907 | best mAR acc: 0.7595 | best Score: 0.6907 | best Score epoch: 18 
epoch 22, iter  601: loss: 0.0057 | load time: 0.0002 | back time: 0.8109 | lr: 0.00007564 | best AP50 acc: 0.8648 | best AP70 acc: 0.7342 | best mAP acc: 0.6907 | best mAR acc: 0.7595 | best Score: 0.6907 | best Score epoch: 18 
epoch 22, iter  651: loss: 0.0056 | load time: 0.0003 | back time: 0.8141 | lr: 0.00007552 | best AP50 acc: 0.8648 | best AP70 acc: 0.7342 | best mAP acc: 0.6907 | best mAR acc: 0.7595 | best Score: 0.6907 | best Score epoch: 18 
epoch 22, iter  701: loss: 0.0056 | load time: 0.0002 | back time: 0.8769 | lr: 0.00007541 | best AP50 acc: 0.8648 | best AP70 acc: 0.7342 | best mAP acc: 0.6907 | best mAR acc: 0.7595 | best Score: 0.6907 | best Score epoch: 18 
epoch 22, iter  751: loss: 0.0057 | load time: 0.0001 | back time: 0.8136 | lr: 0.00007529 | best AP50 acc: 0.8648 | best AP70 acc: 0.7342 | best mAP acc: 0.6907 | best mAR acc: 0.7595 | best Score: 0.6907 | best Score epoch: 18 
epoch 22, iter  801: loss: 0.0058 | load time: 0.0002 | back time: 0.8350 | lr: 0.00007517 | best AP50 acc: 0.8648 | best AP70 acc: 0.7342 | best mAP acc: 0.6907 | best mAR acc: 0.7595 | best Score: 0.6907 | best Score epoch: 18 
epoch 22, iter  851: loss: 0.0056 | load time: 0.0007 | back time: 0.8273 | lr: 0.00007506 | best AP50 acc: 0.8648 | best AP70 acc: 0.7342 | best mAP acc: 0.6907 | best mAR acc: 0.7595 | best Score: 0.6907 | best Score epoch: 18 
epoch 22, iter  901: loss: 0.0058 | load time: 0.0002 | back time: 0.8285 | lr: 0.00007494 | best AP50 acc: 0.8648 | best AP70 acc: 0.7342 | best mAP acc: 0.6907 | best mAR acc: 0.7595 | best Score: 0.6907 | best Score epoch: 18 
epoch 22, iter  951: loss: 0.0056 | load time: 0.0002 | back time: 0.8373 | lr: 0.00007482 | best AP50 acc: 0.8648 | best AP70 acc: 0.7342 | best mAP acc: 0.6907 | best mAR acc: 0.7595 | best Score: 0.6907 | best Score epoch: 18 
epoch 22, iter 1001: loss: 0.0058 | load time: 0.0001 | back time: 0.8288 | lr: 0.00007470 | best AP50 acc: 0.8648 | best AP70 acc: 0.7342 | best mAP acc: 0.6907 | best mAR acc: 0.7595 | best Score: 0.6907 | best Score epoch: 18 
epoch 22, iter 1051: loss: 0.0056 | load time: 0.0002 | back time: 0.8420 | lr: 0.00007459 | best AP50 acc: 0.8648 | best AP70 acc: 0.7342 | best mAP acc: 0.6907 | best mAR acc: 0.7595 | best Score: 0.6907 | best Score epoch: 18 
epoch 22, iter 1101: loss: 0.0057 | load time: 0.0002 | back time: 0.8322 | lr: 0.00007447 | best AP50 acc: 0.8648 | best AP70 acc: 0.7342 | best mAP acc: 0.6907 | best mAR acc: 0.7595 | best Score: 0.6907 | best Score epoch: 18 
epoch 22, iter 1151: loss: 0.0056 | load time: 0.0002 | back time: 0.8241 | lr: 0.00007435 | best AP50 acc: 0.8648 | best AP70 acc: 0.7342 | best mAP acc: 0.6907 | best mAR acc: 0.7595 | best Score: 0.6907 | best Score epoch: 18 
UAV_SEQS_2 | mAP50:90: 44.3569 | AP50: 74.5031 | AP70: 46.7171 
UAV_SEQS_37 | mAP50:90: 91.1991 | AP50: 100.0000 | AP70: 95.3426 
UAV_SEQS_45 | mAP50:90: 96.3597 | AP50: 100.0000 | AP70: 100.0000 
UAV_SEQS_47 | mAP50:90: 90.8782 | AP50: 100.0000 | AP70: 97.9860 
UAV_SEQS_55 | mAP50:90: 45.2467 | AP50: 72.6661 | AP70: 42.5074 
UAV_SEQS_59 | mAP50:90: 60.8630 | AP50: 87.5995 | AP70: 63.8249 
UAV_SEQS_6 | mAP50:90: 33.9561 | AP50: 45.2142 | AP70: 38.5512 
UAV_SEQS_63 | mAP50:90: 10.1236 | AP50: 30.3234 | AP70: 4.8409 
UAV_SEQS_65 | mAP50:90: 87.5500 | AP50: 98.8468 | AP70: 94.8199 
UAV_SEQS_7 | mAP50:90: 67.0177 | AP50: 100.0000 | AP70: 81.8746 
UAV_SEQS_71 | mAP50:90: 66.2166 | AP50: 92.1526 | AP70: 74.7325 
UAV_SEQS_73 | mAP50:90: 66.8039 | AP50: 88.9003 | AP70: 75.3437 
UAV_SEQS_74 | mAP50:90: 99.3625 | AP50: 100.0000 | AP70: 100.0000 
UAV_SEQS_77 | mAP50:90: 13.6071 | AP50: 24.6477 | AP70: 16.3939 
UAV_SEQS_8 | mAP50:90: 75.5098 | AP50: 100.0000 | AP70: 85.0012 
Overall            | mAP50:95: 65.8604 | AP50: 83.1603 | AP70: 70.9737 
epoch 23, iter    1: loss: 0.0057 | load time: 0.0029 | back time: 0.4681 | lr: 0.00007434 | best AP50 acc: 0.8648 | best AP70 acc: 0.7342 | best mAP acc: 0.6907 | best mAR acc: 0.7595 | best Score: 0.6907 | best Score epoch: 18 
epoch 23, iter   51: loss: 0.0059 | load time: 0.0002 | back time: 0.8282 | lr: 0.00007423 | best AP50 acc: 0.8648 | best AP70 acc: 0.7342 | best mAP acc: 0.6907 | best mAR acc: 0.7595 | best Score: 0.6907 | best Score epoch: 18 
epoch 23, iter  101: loss: 0.0056 | load time: 0.0002 | back time: 0.8579 | lr: 0.00007411 | best AP50 acc: 0.8648 | best AP70 acc: 0.7342 | best mAP acc: 0.6907 | best mAR acc: 0.7595 | best Score: 0.6907 | best Score epoch: 18 
epoch 23, iter  151: loss: 0.0058 | load time: 0.0002 | back time: 0.8357 | lr: 0.00007399 | best AP50 acc: 0.8648 | best AP70 acc: 0.7342 | best mAP acc: 0.6907 | best mAR acc: 0.7595 | best Score: 0.6907 | best Score epoch: 18 
epoch 23, iter  201: loss: 0.0057 | load time: 0.0003 | back time: 0.8386 | lr: 0.00007387 | best AP50 acc: 0.8648 | best AP70 acc: 0.7342 | best mAP acc: 0.6907 | best mAR acc: 0.7595 | best Score: 0.6907 | best Score epoch: 18 
epoch 23, iter  251: loss: 0.0059 | load time: 0.0003 | back time: 0.8381 | lr: 0.00007375 | best AP50 acc: 0.8648 | best AP70 acc: 0.7342 | best mAP acc: 0.6907 | best mAR acc: 0.7595 | best Score: 0.6907 | best Score epoch: 18 
epoch 23, iter  301: loss: 0.0056 | load time: 0.0002 | back time: 0.8397 | lr: 0.00007363 | best AP50 acc: 0.8648 | best AP70 acc: 0.7342 | best mAP acc: 0.6907 | best mAR acc: 0.7595 | best Score: 0.6907 | best Score epoch: 18 
epoch 23, iter  351: loss: 0.0055 | load time: 0.0002 | back time: 0.8360 | lr: 0.00007351 | best AP50 acc: 0.8648 | best AP70 acc: 0.7342 | best mAP acc: 0.6907 | best mAR acc: 0.7595 | best Score: 0.6907 | best Score epoch: 18 
epoch 23, iter  401: loss: 0.0057 | load time: 0.0002 | back time: 0.8392 | lr: 0.00007339 | best AP50 acc: 0.8648 | best AP70 acc: 0.7342 | best mAP acc: 0.6907 | best mAR acc: 0.7595 | best Score: 0.6907 | best Score epoch: 18 
epoch 23, iter  451: loss: 0.0057 | load time: 0.0002 | back time: 0.8357 | lr: 0.00007327 | best AP50 acc: 0.8648 | best AP70 acc: 0.7342 | best mAP acc: 0.6907 | best mAR acc: 0.7595 | best Score: 0.6907 | best Score epoch: 18 
epoch 23, iter  501: loss: 0.0057 | load time: 0.0002 | back time: 0.8355 | lr: 0.00007315 | best AP50 acc: 0.8648 | best AP70 acc: 0.7342 | best mAP acc: 0.6907 | best mAR acc: 0.7595 | best Score: 0.6907 | best Score epoch: 18 
epoch 23, iter  551: loss: 0.0056 | load time: 0.0002 | back time: 0.8380 | lr: 0.00007303 | best AP50 acc: 0.8648 | best AP70 acc: 0.7342 | best mAP acc: 0.6907 | best mAR acc: 0.7595 | best Score: 0.6907 | best Score epoch: 18 
epoch 23, iter  601: loss: 0.0057 | load time: 0.0003 | back time: 0.8377 | lr: 0.00007291 | best AP50 acc: 0.8648 | best AP70 acc: 0.7342 | best mAP acc: 0.6907 | best mAR acc: 0.7595 | best Score: 0.6907 | best Score epoch: 18 
epoch 23, iter  651: loss: 0.0056 | load time: 0.0002 | back time: 0.8447 | lr: 0.00007279 | best AP50 acc: 0.8648 | best AP70 acc: 0.7342 | best mAP acc: 0.6907 | best mAR acc: 0.7595 | best Score: 0.6907 | best Score epoch: 18 
epoch 23, iter  701: loss: 0.0057 | load time: 0.0001 | back time: 0.8406 | lr: 0.00007267 | best AP50 acc: 0.8648 | best AP70 acc: 0.7342 | best mAP acc: 0.6907 | best mAR acc: 0.7595 | best Score: 0.6907 | best Score epoch: 18 
epoch 23, iter  751: loss: 0.0058 | load time: 0.0002 | back time: 0.8373 | lr: 0.00007255 | best AP50 acc: 0.8648 | best AP70 acc: 0.7342 | best mAP acc: 0.6907 | best mAR acc: 0.7595 | best Score: 0.6907 | best Score epoch: 18 
epoch 23, iter  801: loss: 0.0056 | load time: 0.0002 | back time: 0.8289 | lr: 0.00007243 | best AP50 acc: 0.8648 | best AP70 acc: 0.7342 | best mAP acc: 0.6907 | best mAR acc: 0.7595 | best Score: 0.6907 | best Score epoch: 18 
epoch 23, iter  851: loss: 0.0057 | load time: 0.0001 | back time: 0.8389 | lr: 0.00007231 | best AP50 acc: 0.8648 | best AP70 acc: 0.7342 | best mAP acc: 0.6907 | best mAR acc: 0.7595 | best Score: 0.6907 | best Score epoch: 18 
epoch 23, iter  901: loss: 0.0055 | load time: 0.0002 | back time: 0.8376 | lr: 0.00007219 | best AP50 acc: 0.8648 | best AP70 acc: 0.7342 | best mAP acc: 0.6907 | best mAR acc: 0.7595 | best Score: 0.6907 | best Score epoch: 18 
epoch 23, iter  951: loss: 0.0057 | load time: 0.0002 | back time: 0.8381 | lr: 0.00007207 | best AP50 acc: 0.8648 | best AP70 acc: 0.7342 | best mAP acc: 0.6907 | best mAR acc: 0.7595 | best Score: 0.6907 | best Score epoch: 18 
epoch 23, iter 1001: loss: 0.0058 | load time: 0.0002 | back time: 0.8385 | lr: 0.00007194 | best AP50 acc: 0.8648 | best AP70 acc: 0.7342 | best mAP acc: 0.6907 | best mAR acc: 0.7595 | best Score: 0.6907 | best Score epoch: 18 
epoch 23, iter 1051: loss: 0.0056 | load time: 0.0002 | back time: 0.8381 | lr: 0.00007182 | best AP50 acc: 0.8648 | best AP70 acc: 0.7342 | best mAP acc: 0.6907 | best mAR acc: 0.7595 | best Score: 0.6907 | best Score epoch: 18 
epoch 23, iter 1101: loss: 0.0056 | load time: 0.0001 | back time: 0.8371 | lr: 0.00007170 | best AP50 acc: 0.8648 | best AP70 acc: 0.7342 | best mAP acc: 0.6907 | best mAR acc: 0.7595 | best Score: 0.6907 | best Score epoch: 18 
epoch 23, iter 1151: loss: 0.0057 | load time: 0.0002 | back time: 0.8210 | lr: 0.00007158 | best AP50 acc: 0.8648 | best AP70 acc: 0.7342 | best mAP acc: 0.6907 | best mAR acc: 0.7595 | best Score: 0.6907 | best Score epoch: 18 
UAV_SEQS_2 | mAP50:90: 46.6125 | AP50: 75.8717 | AP70: 52.7118 
UAV_SEQS_37 | mAP50:90: 88.4958 | AP50: 100.0000 | AP70: 92.4243 
UAV_SEQS_45 | mAP50:90: 94.7651 | AP50: 100.0000 | AP70: 100.0000 
UAV_SEQS_47 | mAP50:90: 88.7541 | AP50: 100.0000 | AP70: 94.7495 
UAV_SEQS_55 | mAP50:90: 39.6815 | AP50: 59.7913 | AP70: 41.6592 
UAV_SEQS_59 | mAP50:90: 59.7115 | AP50: 87.0714 | AP70: 60.1680 
UAV_SEQS_6 | mAP50:90: 34.3754 | AP50: 48.5149 | AP70: 37.9903 
UAV_SEQS_63 | mAP50:90: 18.8144 | AP50: 47.6165 | AP70: 14.4026 
UAV_SEQS_65 | mAP50:90: 84.2481 | AP50: 98.9696 | AP70: 93.0243 
UAV_SEQS_7 | mAP50:90: 76.7368 | AP50: 100.0000 | AP70: 92.3818 
UAV_SEQS_71 | mAP50:90: 70.4852 | AP50: 94.2323 | AP70: 76.0945 
UAV_SEQS_73 | mAP50:90: 71.6331 | AP50: 92.3948 | AP70: 77.2944 
UAV_SEQS_74 | mAP50:90: 98.7570 | AP50: 100.0000 | AP70: 100.0000 
UAV_SEQS_77 | mAP50:90: 14.6628 | AP50: 27.2571 | AP70: 18.9116 
UAV_SEQS_8 | mAP50:90: 78.6963 | AP50: 100.0000 | AP70: 89.7090 
Overall            | mAP50:95: 67.0139 | AP50: 84.2704 | AP70: 72.8594 
epoch 24, iter    1: loss: 0.0057 | load time: 0.0044 | back time: 0.4335 | lr: 0.00007157 | best AP50 acc: 0.8648 | best AP70 acc: 0.7342 | best mAP acc: 0.6907 | best mAR acc: 0.7595 | best Score: 0.6907 | best Score epoch: 18 
epoch 24, iter   51: loss: 0.0056 | load time: 0.0002 | back time: 0.8312 | lr: 0.00007145 | best AP50 acc: 0.8648 | best AP70 acc: 0.7342 | best mAP acc: 0.6907 | best mAR acc: 0.7595 | best Score: 0.6907 | best Score epoch: 18 
epoch 24, iter  101: loss: 0.0057 | load time: 0.0002 | back time: 0.8360 | lr: 0.00007133 | best AP50 acc: 0.8648 | best AP70 acc: 0.7342 | best mAP acc: 0.6907 | best mAR acc: 0.7595 | best Score: 0.6907 | best Score epoch: 18 
epoch 24, iter  151: loss: 0.0056 | load time: 0.0003 | back time: 0.8392 | lr: 0.00007121 | best AP50 acc: 0.8648 | best AP70 acc: 0.7342 | best mAP acc: 0.6907 | best mAR acc: 0.7595 | best Score: 0.6907 | best Score epoch: 18 
epoch 24, iter  201: loss: 0.0054 | load time: 0.0003 | back time: 0.8391 | lr: 0.00007108 | best AP50 acc: 0.8648 | best AP70 acc: 0.7342 | best mAP acc: 0.6907 | best mAR acc: 0.7595 | best Score: 0.6907 | best Score epoch: 18 
epoch 24, iter  251: loss: 0.0056 | load time: 0.0003 | back time: 0.8469 | lr: 0.00007096 | best AP50 acc: 0.8648 | best AP70 acc: 0.7342 | best mAP acc: 0.6907 | best mAR acc: 0.7595 | best Score: 0.6907 | best Score epoch: 18 
epoch 24, iter  301: loss: 0.0056 | load time: 0.0003 | back time: 0.8402 | lr: 0.00007084 | best AP50 acc: 0.8648 | best AP70 acc: 0.7342 | best mAP acc: 0.6907 | best mAR acc: 0.7595 | best Score: 0.6907 | best Score epoch: 18 
epoch 24, iter  351: loss: 0.0056 | load time: 0.0002 | back time: 0.8400 | lr: 0.00007071 | best AP50 acc: 0.8648 | best AP70 acc: 0.7342 | best mAP acc: 0.6907 | best mAR acc: 0.7595 | best Score: 0.6907 | best Score epoch: 18 
epoch 24, iter  401: loss: 0.0057 | load time: 0.0004 | back time: 0.8297 | lr: 0.00007059 | best AP50 acc: 0.8648 | best AP70 acc: 0.7342 | best mAP acc: 0.6907 | best mAR acc: 0.7595 | best Score: 0.6907 | best Score epoch: 18 
epoch 24, iter  451: loss: 0.0056 | load time: 0.0002 | back time: 0.8114 | lr: 0.00007047 | best AP50 acc: 0.8648 | best AP70 acc: 0.7342 | best mAP acc: 0.6907 | best mAR acc: 0.7595 | best Score: 0.6907 | best Score epoch: 18 
epoch 24, iter  501: loss: 0.0057 | load time: 0.0002 | back time: 0.8119 | lr: 0.00007034 | best AP50 acc: 0.8648 | best AP70 acc: 0.7342 | best mAP acc: 0.6907 | best mAR acc: 0.7595 | best Score: 0.6907 | best Score epoch: 18 
epoch 24, iter  551: loss: 0.0057 | load time: 0.0002 | back time: 0.8157 | lr: 0.00007022 | best AP50 acc: 0.8648 | best AP70 acc: 0.7342 | best mAP acc: 0.6907 | best mAR acc: 0.7595 | best Score: 0.6907 | best Score epoch: 18 
epoch 24, iter  601: loss: 0.0056 | load time: 0.0002 | back time: 0.8535 | lr: 0.00007010 | best AP50 acc: 0.8648 | best AP70 acc: 0.7342 | best mAP acc: 0.6907 | best mAR acc: 0.7595 | best Score: 0.6907 | best Score epoch: 18 
epoch 24, iter  651: loss: 0.0056 | load time: 0.0003 | back time: 0.8195 | lr: 0.00006997 | best AP50 acc: 0.8648 | best AP70 acc: 0.7342 | best mAP acc: 0.6907 | best mAR acc: 0.7595 | best Score: 0.6907 | best Score epoch: 18 
epoch 24, iter  701: loss: 0.0057 | load time: 0.0001 | back time: 0.8294 | lr: 0.00006985 | best AP50 acc: 0.8648 | best AP70 acc: 0.7342 | best mAP acc: 0.6907 | best mAR acc: 0.7595 | best Score: 0.6907 | best Score epoch: 18 
epoch 24, iter  751: loss: 0.0056 | load time: 0.0003 | back time: 0.8453 | lr: 0.00006972 | best AP50 acc: 0.8648 | best AP70 acc: 0.7342 | best mAP acc: 0.6907 | best mAR acc: 0.7595 | best Score: 0.6907 | best Score epoch: 18 
epoch 24, iter  801: loss: 0.0057 | load time: 0.0002 | back time: 0.8414 | lr: 0.00006960 | best AP50 acc: 0.8648 | best AP70 acc: 0.7342 | best mAP acc: 0.6907 | best mAR acc: 0.7595 | best Score: 0.6907 | best Score epoch: 18 
epoch 24, iter  851: loss: 0.0058 | load time: 0.0002 | back time: 0.8317 | lr: 0.00006948 | best AP50 acc: 0.8648 | best AP70 acc: 0.7342 | best mAP acc: 0.6907 | best mAR acc: 0.7595 | best Score: 0.6907 | best Score epoch: 18 
epoch 24, iter  901: loss: 0.0058 | load time: 0.0002 | back time: 0.8265 | lr: 0.00006935 | best AP50 acc: 0.8648 | best AP70 acc: 0.7342 | best mAP acc: 0.6907 | best mAR acc: 0.7595 | best Score: 0.6907 | best Score epoch: 18 
epoch 24, iter  951: loss: 0.0057 | load time: 0.0002 | back time: 0.8333 | lr: 0.00006923 | best AP50 acc: 0.8648 | best AP70 acc: 0.7342 | best mAP acc: 0.6907 | best mAR acc: 0.7595 | best Score: 0.6907 | best Score epoch: 18 
epoch 24, iter 1001: loss: 0.0056 | load time: 0.0002 | back time: 0.8340 | lr: 0.00006910 | best AP50 acc: 0.8648 | best AP70 acc: 0.7342 | best mAP acc: 0.6907 | best mAR acc: 0.7595 | best Score: 0.6907 | best Score epoch: 18 
epoch 24, iter 1051: loss: 0.0057 | load time: 0.0001 | back time: 0.8291 | lr: 0.00006898 | best AP50 acc: 0.8648 | best AP70 acc: 0.7342 | best mAP acc: 0.6907 | best mAR acc: 0.7595 | best Score: 0.6907 | best Score epoch: 18 
epoch 24, iter 1101: loss: 0.0056 | load time: 0.0002 | back time: 0.8648 | lr: 0.00006885 | best AP50 acc: 0.8648 | best AP70 acc: 0.7342 | best mAP acc: 0.6907 | best mAR acc: 0.7595 | best Score: 0.6907 | best Score epoch: 18 
epoch 24, iter 1151: loss: 0.0056 | load time: 0.0002 | back time: 0.8335 | lr: 0.00006872 | best AP50 acc: 0.8648 | best AP70 acc: 0.7342 | best mAP acc: 0.6907 | best mAR acc: 0.7595 | best Score: 0.6907 | best Score epoch: 18 
UAV_SEQS_2 | mAP50:90: 44.1680 | AP50: 73.9140 | AP70: 49.0705 
UAV_SEQS_37 | mAP50:90: 88.4222 | AP50: 100.0000 | AP70: 92.3161 
UAV_SEQS_45 | mAP50:90: 97.1643 | AP50: 100.0000 | AP70: 100.0000 
UAV_SEQS_47 | mAP50:90: 95.5905 | AP50: 100.0000 | AP70: 100.0000 
UAV_SEQS_55 | mAP50:90: 44.5371 | AP50: 68.7504 | AP70: 47.8013 
UAV_SEQS_59 | mAP50:90: 60.4746 | AP50: 89.3400 | AP70: 59.7957 
UAV_SEQS_6 | mAP50:90: 34.5286 | AP50: 45.2392 | AP70: 38.9152 
UAV_SEQS_63 | mAP50:90: 23.4524 | AP50: 46.6683 | AP70: 23.5836 
UAV_SEQS_65 | mAP50:90: 86.4072 | AP50: 97.7962 | AP70: 92.8350 
UAV_SEQS_7 | mAP50:90: 61.4137 | AP50: 100.0000 | AP70: 73.7407 
UAV_SEQS_71 | mAP50:90: 76.8511 | AP50: 96.7215 | AP70: 83.3709 
UAV_SEQS_73 | mAP50:90: 70.2509 | AP50: 91.1538 | AP70: 76.6073 
UAV_SEQS_74 | mAP50:90: 99.7617 | AP50: 100.0000 | AP70: 100.0000 
UAV_SEQS_77 | mAP50:90: 16.4659 | AP50: 31.2087 | AP70: 21.7242 
UAV_SEQS_8 | mAP50:90: 80.8807 | AP50: 100.0000 | AP70: 94.9274 
Overall            | mAP50:95: 68.3607 | AP50: 85.3077 | AP70: 73.8008 
epoch 25, iter    1: loss: 0.0056 | load time: 0.0038 | back time: 0.4741 | lr: 0.00006872 | best AP50 acc: 0.8648 | best AP70 acc: 0.7342 | best mAP acc: 0.6907 | best mAR acc: 0.7595 | best Score: 0.6907 | best Score epoch: 18 
epoch 25, iter   51: loss: 0.0057 | load time: 0.0001 | back time: 0.8246 | lr: 0.00006859 | best AP50 acc: 0.8648 | best AP70 acc: 0.7342 | best mAP acc: 0.6907 | best mAR acc: 0.7595 | best Score: 0.6907 | best Score epoch: 18 
epoch 25, iter  101: loss: 0.0056 | load time: 0.0001 | back time: 0.8322 | lr: 0.00006847 | best AP50 acc: 0.8648 | best AP70 acc: 0.7342 | best mAP acc: 0.6907 | best mAR acc: 0.7595 | best Score: 0.6907 | best Score epoch: 18 
epoch 25, iter  151: loss: 0.0056 | load time: 0.0002 | back time: 0.8328 | lr: 0.00006834 | best AP50 acc: 0.8648 | best AP70 acc: 0.7342 | best mAP acc: 0.6907 | best mAR acc: 0.7595 | best Score: 0.6907 | best Score epoch: 18 
epoch 25, iter  201: loss: 0.0058 | load time: 0.0002 | back time: 0.8340 | lr: 0.00006822 | best AP50 acc: 0.8648 | best AP70 acc: 0.7342 | best mAP acc: 0.6907 | best mAR acc: 0.7595 | best Score: 0.6907 | best Score epoch: 18 
epoch 25, iter  251: loss: 0.0057 | load time: 0.0002 | back time: 0.8384 | lr: 0.00006809 | best AP50 acc: 0.8648 | best AP70 acc: 0.7342 | best mAP acc: 0.6907 | best mAR acc: 0.7595 | best Score: 0.6907 | best Score epoch: 18 
epoch 25, iter  301: loss: 0.0057 | load time: 0.0002 | back time: 0.8438 | lr: 0.00006796 | best AP50 acc: 0.8648 | best AP70 acc: 0.7342 | best mAP acc: 0.6907 | best mAR acc: 0.7595 | best Score: 0.6907 | best Score epoch: 18 
epoch 25, iter  351: loss: 0.0054 | load time: 0.0002 | back time: 0.8343 | lr: 0.00006784 | best AP50 acc: 0.8648 | best AP70 acc: 0.7342 | best mAP acc: 0.6907 | best mAR acc: 0.7595 | best Score: 0.6907 | best Score epoch: 18 
epoch 25, iter  401: loss: 0.0057 | load time: 0.0002 | back time: 0.8095 | lr: 0.00006771 | best AP50 acc: 0.8648 | best AP70 acc: 0.7342 | best mAP acc: 0.6907 | best mAR acc: 0.7595 | best Score: 0.6907 | best Score epoch: 18 
epoch 25, iter  451: loss: 0.0057 | load time: 0.0002 | back time: 0.8348 | lr: 0.00006758 | best AP50 acc: 0.8648 | best AP70 acc: 0.7342 | best mAP acc: 0.6907 | best mAR acc: 0.7595 | best Score: 0.6907 | best Score epoch: 18 
epoch 25, iter  501: loss: 0.0056 | load time: 0.0002 | back time: 0.8378 | lr: 0.00006746 | best AP50 acc: 0.8648 | best AP70 acc: 0.7342 | best mAP acc: 0.6907 | best mAR acc: 0.7595 | best Score: 0.6907 | best Score epoch: 18 
epoch 25, iter  551: loss: 0.0056 | load time: 0.0002 | back time: 0.8353 | lr: 0.00006733 | best AP50 acc: 0.8648 | best AP70 acc: 0.7342 | best mAP acc: 0.6907 | best mAR acc: 0.7595 | best Score: 0.6907 | best Score epoch: 18 
epoch 25, iter  601: loss: 0.0057 | load time: 0.0003 | back time: 0.8349 | lr: 0.00006720 | best AP50 acc: 0.8648 | best AP70 acc: 0.7342 | best mAP acc: 0.6907 | best mAR acc: 0.7595 | best Score: 0.6907 | best Score epoch: 18 
epoch 25, iter  651: loss: 0.0057 | load time: 0.0001 | back time: 0.8343 | lr: 0.00006708 | best AP50 acc: 0.8648 | best AP70 acc: 0.7342 | best mAP acc: 0.6907 | best mAR acc: 0.7595 | best Score: 0.6907 | best Score epoch: 18 
epoch 25, iter  701: loss: 0.0056 | load time: 0.0002 | back time: 0.8327 | lr: 0.00006695 | best AP50 acc: 0.8648 | best AP70 acc: 0.7342 | best mAP acc: 0.6907 | best mAR acc: 0.7595 | best Score: 0.6907 | best Score epoch: 18 
epoch 25, iter  751: loss: 0.0055 | load time: 0.0001 | back time: 0.8318 | lr: 0.00006682 | best AP50 acc: 0.8648 | best AP70 acc: 0.7342 | best mAP acc: 0.6907 | best mAR acc: 0.7595 | best Score: 0.6907 | best Score epoch: 18 
epoch 25, iter  801: loss: 0.0056 | load time: 0.0002 | back time: 0.8322 | lr: 0.00006669 | best AP50 acc: 0.8648 | best AP70 acc: 0.7342 | best mAP acc: 0.6907 | best mAR acc: 0.7595 | best Score: 0.6907 | best Score epoch: 18 
epoch 25, iter  851: loss: 0.0057 | load time: 0.0004 | back time: 0.8333 | lr: 0.00006657 | best AP50 acc: 0.8648 | best AP70 acc: 0.7342 | best mAP acc: 0.6907 | best mAR acc: 0.7595 | best Score: 0.6907 | best Score epoch: 18 
epoch 25, iter  901: loss: 0.0057 | load time: 0.0002 | back time: 0.8369 | lr: 0.00006644 | best AP50 acc: 0.8648 | best AP70 acc: 0.7342 | best mAP acc: 0.6907 | best mAR acc: 0.7595 | best Score: 0.6907 | best Score epoch: 18 
epoch 25, iter  951: loss: 0.0056 | load time: 0.0002 | back time: 0.8375 | lr: 0.00006631 | best AP50 acc: 0.8648 | best AP70 acc: 0.7342 | best mAP acc: 0.6907 | best mAR acc: 0.7595 | best Score: 0.6907 | best Score epoch: 18 
epoch 25, iter 1001: loss: 0.0057 | load time: 0.0002 | back time: 0.8395 | lr: 0.00006618 | best AP50 acc: 0.8648 | best AP70 acc: 0.7342 | best mAP acc: 0.6907 | best mAR acc: 0.7595 | best Score: 0.6907 | best Score epoch: 18 
epoch 25, iter 1051: loss: 0.0056 | load time: 0.0003 | back time: 0.8370 | lr: 0.00006606 | best AP50 acc: 0.8648 | best AP70 acc: 0.7342 | best mAP acc: 0.6907 | best mAR acc: 0.7595 | best Score: 0.6907 | best Score epoch: 18 
epoch 25, iter 1101: loss: 0.0056 | load time: 0.0002 | back time: 0.7420 | lr: 0.00006593 | best AP50 acc: 0.8648 | best AP70 acc: 0.7342 | best mAP acc: 0.6907 | best mAR acc: 0.7595 | best Score: 0.6907 | best Score epoch: 18 
epoch 25, iter 1151: loss: 0.0057 | load time: 0.0001 | back time: 0.8231 | lr: 0.00006580 | best AP50 acc: 0.8648 | best AP70 acc: 0.7342 | best mAP acc: 0.6907 | best mAR acc: 0.7595 | best Score: 0.6907 | best Score epoch: 18 
UAV_SEQS_2 | mAP50:90: 41.0509 | AP50: 65.1430 | AP70: 47.1203 
UAV_SEQS_37 | mAP50:90: 93.7733 | AP50: 100.0000 | AP70: 100.0000 
UAV_SEQS_45 | mAP50:90: 97.0771 | AP50: 100.0000 | AP70: 100.0000 
UAV_SEQS_47 | mAP50:90: 98.0218 | AP50: 100.0000 | AP70: 100.0000 
UAV_SEQS_55 | mAP50:90: 46.5381 | AP50: 73.1448 | AP70: 49.8978 
UAV_SEQS_59 | mAP50:90: 62.4712 | AP50: 91.7475 | AP70: 67.3339 
UAV_SEQS_6 | mAP50:90: 38.1252 | AP50: 50.1104 | AP70: 42.1796 
UAV_SEQS_63 | mAP50:90: 14.5260 | AP50: 43.8008 | AP70: 7.2969 
UAV_SEQS_65 | mAP50:90: 88.1630 | AP50: 97.7063 | AP70: 93.7870 
UAV_SEQS_7 | mAP50:90: 69.6512 | AP50: 98.9901 | AP70: 83.6875 
UAV_SEQS_71 | mAP50:90: 71.6080 | AP50: 94.9701 | AP70: 78.8297 
UAV_SEQS_73 | mAP50:90: 66.2512 | AP50: 91.2201 | AP70: 74.7845 
UAV_SEQS_74 | mAP50:90: 99.7707 | AP50: 100.0000 | AP70: 100.0000 
UAV_SEQS_77 | mAP50:90: 15.1284 | AP50: 28.0294 | AP70: 17.6916 
UAV_SEQS_8 | mAP50:90: 91.8243 | AP50: 100.0000 | AP70: 100.0000 
Overall            | mAP50:95: 68.8897 | AP50: 84.3366 | AP70: 73.7391 
epoch 26, iter    1: loss: 0.0056 | load time: 0.0037 | back time: 0.3772 | lr: 0.00006579 | best AP50 acc: 0.8648 | best AP70 acc: 0.7342 | best mAP acc: 0.6907 | best mAR acc: 0.7595 | best Score: 0.6907 | best Score epoch: 18 
epoch 26, iter   51: loss: 0.0056 | load time: 0.0002 | back time: 0.8339 | lr: 0.00006567 | best AP50 acc: 0.8648 | best AP70 acc: 0.7342 | best mAP acc: 0.6907 | best mAR acc: 0.7595 | best Score: 0.6907 | best Score epoch: 18 
epoch 26, iter  101: loss: 0.0056 | load time: 0.0002 | back time: 0.8308 | lr: 0.00006554 | best AP50 acc: 0.8648 | best AP70 acc: 0.7342 | best mAP acc: 0.6907 | best mAR acc: 0.7595 | best Score: 0.6907 | best Score epoch: 18 
epoch 26, iter  151: loss: 0.0055 | load time: 0.0001 | back time: 0.8345 | lr: 0.00006541 | best AP50 acc: 0.8648 | best AP70 acc: 0.7342 | best mAP acc: 0.6907 | best mAR acc: 0.7595 | best Score: 0.6907 | best Score epoch: 18 
epoch 26, iter  201: loss: 0.0056 | load time: 0.0001 | back time: 0.8323 | lr: 0.00006528 | best AP50 acc: 0.8648 | best AP70 acc: 0.7342 | best mAP acc: 0.6907 | best mAR acc: 0.7595 | best Score: 0.6907 | best Score epoch: 18 
epoch 26, iter  251: loss: 0.0055 | load time: 0.0002 | back time: 0.8338 | lr: 0.00006515 | best AP50 acc: 0.8648 | best AP70 acc: 0.7342 | best mAP acc: 0.6907 | best mAR acc: 0.7595 | best Score: 0.6907 | best Score epoch: 18 
epoch 26, iter  301: loss: 0.0056 | load time: 0.0002 | back time: 0.8346 | lr: 0.00006502 | best AP50 acc: 0.8648 | best AP70 acc: 0.7342 | best mAP acc: 0.6907 | best mAR acc: 0.7595 | best Score: 0.6907 | best Score epoch: 18 
epoch 26, iter  351: loss: 0.0056 | load time: 0.0002 | back time: 0.8809 | lr: 0.00006489 | best AP50 acc: 0.8648 | best AP70 acc: 0.7342 | best mAP acc: 0.6907 | best mAR acc: 0.7595 | best Score: 0.6907 | best Score epoch: 18 
epoch 26, iter  401: loss: 0.0056 | load time: 0.0002 | back time: 0.8110 | lr: 0.00006476 | best AP50 acc: 0.8648 | best AP70 acc: 0.7342 | best mAP acc: 0.6907 | best mAR acc: 0.7595 | best Score: 0.6907 | best Score epoch: 18 
epoch 26, iter  451: loss: 0.0056 | load time: 0.0003 | back time: 0.8124 | lr: 0.00006463 | best AP50 acc: 0.8648 | best AP70 acc: 0.7342 | best mAP acc: 0.6907 | best mAR acc: 0.7595 | best Score: 0.6907 | best Score epoch: 18 
epoch 26, iter  501: loss: 0.0056 | load time: 0.0003 | back time: 0.8322 | lr: 0.00006450 | best AP50 acc: 0.8648 | best AP70 acc: 0.7342 | best mAP acc: 0.6907 | best mAR acc: 0.7595 | best Score: 0.6907 | best Score epoch: 18 
epoch 26, iter  551: loss: 0.0056 | load time: 0.0002 | back time: 0.8470 | lr: 0.00006437 | best AP50 acc: 0.8648 | best AP70 acc: 0.7342 | best mAP acc: 0.6907 | best mAR acc: 0.7595 | best Score: 0.6907 | best Score epoch: 18 
epoch 26, iter  601: loss: 0.0057 | load time: 0.0003 | back time: 0.8346 | lr: 0.00006425 | best AP50 acc: 0.8648 | best AP70 acc: 0.7342 | best mAP acc: 0.6907 | best mAR acc: 0.7595 | best Score: 0.6907 | best Score epoch: 18 
epoch 26, iter  651: loss: 0.0056 | load time: 0.0001 | back time: 0.8356 | lr: 0.00006412 | best AP50 acc: 0.8648 | best AP70 acc: 0.7342 | best mAP acc: 0.6907 | best mAR acc: 0.7595 | best Score: 0.6907 | best Score epoch: 18 
epoch 26, iter  701: loss: 0.0056 | load time: 0.0002 | back time: 0.8342 | lr: 0.00006399 | best AP50 acc: 0.8648 | best AP70 acc: 0.7342 | best mAP acc: 0.6907 | best mAR acc: 0.7595 | best Score: 0.6907 | best Score epoch: 18 
epoch 26, iter  751: loss: 0.0056 | load time: 0.0002 | back time: 0.8352 | lr: 0.00006386 | best AP50 acc: 0.8648 | best AP70 acc: 0.7342 | best mAP acc: 0.6907 | best mAR acc: 0.7595 | best Score: 0.6907 | best Score epoch: 18 
epoch 26, iter  801: loss: 0.0056 | load time: 0.0002 | back time: 0.8359 | lr: 0.00006373 | best AP50 acc: 0.8648 | best AP70 acc: 0.7342 | best mAP acc: 0.6907 | best mAR acc: 0.7595 | best Score: 0.6907 | best Score epoch: 18 
epoch 26, iter  851: loss: 0.0057 | load time: 0.0001 | back time: 0.8354 | lr: 0.00006360 | best AP50 acc: 0.8648 | best AP70 acc: 0.7342 | best mAP acc: 0.6907 | best mAR acc: 0.7595 | best Score: 0.6907 | best Score epoch: 18 
epoch 26, iter  901: loss: 0.0056 | load time: 0.0002 | back time: 0.8348 | lr: 0.00006347 | best AP50 acc: 0.8648 | best AP70 acc: 0.7342 | best mAP acc: 0.6907 | best mAR acc: 0.7595 | best Score: 0.6907 | best Score epoch: 18 
epoch 26, iter  951: loss: 0.0056 | load time: 0.0002 | back time: 0.8354 | lr: 0.00006334 | best AP50 acc: 0.8648 | best AP70 acc: 0.7342 | best mAP acc: 0.6907 | best mAR acc: 0.7595 | best Score: 0.6907 | best Score epoch: 18 
epoch 26, iter 1001: loss: 0.0056 | load time: 0.0003 | back time: 0.8389 | lr: 0.00006320 | best AP50 acc: 0.8648 | best AP70 acc: 0.7342 | best mAP acc: 0.6907 | best mAR acc: 0.7595 | best Score: 0.6907 | best Score epoch: 18 
epoch 26, iter 1051: loss: 0.0056 | load time: 0.0002 | back time: 0.8341 | lr: 0.00006307 | best AP50 acc: 0.8648 | best AP70 acc: 0.7342 | best mAP acc: 0.6907 | best mAR acc: 0.7595 | best Score: 0.6907 | best Score epoch: 18 
epoch 26, iter 1101: loss: 0.0057 | load time: 0.0004 | back time: 0.8352 | lr: 0.00006294 | best AP50 acc: 0.8648 | best AP70 acc: 0.7342 | best mAP acc: 0.6907 | best mAR acc: 0.7595 | best Score: 0.6907 | best Score epoch: 18 
epoch 26, iter 1151: loss: 0.0057 | load time: 0.0003 | back time: 0.8361 | lr: 0.00006281 | best AP50 acc: 0.8648 | best AP70 acc: 0.7342 | best mAP acc: 0.6907 | best mAR acc: 0.7595 | best Score: 0.6907 | best Score epoch: 18 
UAV_SEQS_2 | mAP50:90: 39.1943 | AP50: 66.1355 | AP70: 41.1823 
UAV_SEQS_37 | mAP50:90: 94.2062 | AP50: 100.0000 | AP70: 100.0000 
UAV_SEQS_45 | mAP50:90: 95.0791 | AP50: 100.0000 | AP70: 100.0000 
UAV_SEQS_47 | mAP50:90: 93.5351 | AP50: 100.0000 | AP70: 100.0000 
UAV_SEQS_55 | mAP50:90: 42.2291 | AP50: 72.4337 | AP70: 42.6547 
UAV_SEQS_59 | mAP50:90: 54.3816 | AP50: 84.1194 | AP70: 58.4233 
UAV_SEQS_6 | mAP50:90: 36.7940 | AP50: 48.3911 | AP70: 40.7277 
UAV_SEQS_63 | mAP50:90: 19.4440 | AP50: 45.9129 | AP70: 15.9746 
UAV_SEQS_65 | mAP50:90: 86.8700 | AP50: 97.6355 | AP70: 93.1625 
UAV_SEQS_7 | mAP50:90: 71.9472 | AP50: 100.0000 | AP70: 83.7217 
UAV_SEQS_71 | mAP50:90: 73.5161 | AP50: 97.1547 | AP70: 83.2831 
UAV_SEQS_73 | mAP50:90: 73.7387 | AP50: 91.9502 | AP70: 80.3622 
UAV_SEQS_74 | mAP50:90: 98.8533 | AP50: 100.0000 | AP70: 100.0000 
UAV_SEQS_77 | mAP50:90: 12.7692 | AP50: 27.7240 | AP70: 13.5278 
UAV_SEQS_8 | mAP50:90: 85.7038 | AP50: 100.0000 | AP70: 98.6189 
Overall            | mAP50:95: 67.7065 | AP50: 83.9956 | AP70: 73.0259 
epoch 27, iter    1: loss: 0.0057 | load time: 0.0038 | back time: 0.3743 | lr: 0.00006281 | best AP50 acc: 0.8648 | best AP70 acc: 0.7342 | best mAP acc: 0.6907 | best mAR acc: 0.7595 | best Score: 0.6907 | best Score epoch: 18 
epoch 27, iter   51: loss: 0.0056 | load time: 0.0002 | back time: 0.8292 | lr: 0.00006268 | best AP50 acc: 0.8648 | best AP70 acc: 0.7342 | best mAP acc: 0.6907 | best mAR acc: 0.7595 | best Score: 0.6907 | best Score epoch: 18 
epoch 27, iter  101: loss: 0.0056 | load time: 0.0003 | back time: 0.8346 | lr: 0.00006255 | best AP50 acc: 0.8648 | best AP70 acc: 0.7342 | best mAP acc: 0.6907 | best mAR acc: 0.7595 | best Score: 0.6907 | best Score epoch: 18 
epoch 27, iter  151: loss: 0.0056 | load time: 0.0002 | back time: 0.8325 | lr: 0.00006241 | best AP50 acc: 0.8648 | best AP70 acc: 0.7342 | best mAP acc: 0.6907 | best mAR acc: 0.7595 | best Score: 0.6907 | best Score epoch: 18 
epoch 27, iter  201: loss: 0.0055 | load time: 0.0002 | back time: 0.8556 | lr: 0.00006228 | best AP50 acc: 0.8648 | best AP70 acc: 0.7342 | best mAP acc: 0.6907 | best mAR acc: 0.7595 | best Score: 0.6907 | best Score epoch: 18 
epoch 27, iter  251: loss: 0.0056 | load time: 0.0002 | back time: 0.8369 | lr: 0.00006215 | best AP50 acc: 0.8648 | best AP70 acc: 0.7342 | best mAP acc: 0.6907 | best mAR acc: 0.7595 | best Score: 0.6907 | best Score epoch: 18 
epoch 27, iter  301: loss: 0.0056 | load time: 0.0002 | back time: 0.8376 | lr: 0.00006202 | best AP50 acc: 0.8648 | best AP70 acc: 0.7342 | best mAP acc: 0.6907 | best mAR acc: 0.7595 | best Score: 0.6907 | best Score epoch: 18 
epoch 27, iter  351: loss: 0.0056 | load time: 0.0002 | back time: 0.8376 | lr: 0.00006189 | best AP50 acc: 0.8648 | best AP70 acc: 0.7342 | best mAP acc: 0.6907 | best mAR acc: 0.7595 | best Score: 0.6907 | best Score epoch: 18 
epoch 27, iter  401: loss: 0.0056 | load time: 0.0002 | back time: 0.8374 | lr: 0.00006176 | best AP50 acc: 0.8648 | best AP70 acc: 0.7342 | best mAP acc: 0.6907 | best mAR acc: 0.7595 | best Score: 0.6907 | best Score epoch: 18 
epoch 27, iter  451: loss: 0.0056 | load time: 0.0002 | back time: 0.8363 | lr: 0.00006163 | best AP50 acc: 0.8648 | best AP70 acc: 0.7342 | best mAP acc: 0.6907 | best mAR acc: 0.7595 | best Score: 0.6907 | best Score epoch: 18 
epoch 27, iter  501: loss: 0.0055 | load time: 0.0002 | back time: 0.8346 | lr: 0.00006150 | best AP50 acc: 0.8648 | best AP70 acc: 0.7342 | best mAP acc: 0.6907 | best mAR acc: 0.7595 | best Score: 0.6907 | best Score epoch: 18 
epoch 27, iter  551: loss: 0.0057 | load time: 0.0002 | back time: 0.8338 | lr: 0.00006136 | best AP50 acc: 0.8648 | best AP70 acc: 0.7342 | best mAP acc: 0.6907 | best mAR acc: 0.7595 | best Score: 0.6907 | best Score epoch: 18 
epoch 27, iter  601: loss: 0.0055 | load time: 0.0002 | back time: 0.8406 | lr: 0.00006123 | best AP50 acc: 0.8648 | best AP70 acc: 0.7342 | best mAP acc: 0.6907 | best mAR acc: 0.7595 | best Score: 0.6907 | best Score epoch: 18 
epoch 27, iter  651: loss: 0.0055 | load time: 0.0001 | back time: 0.8388 | lr: 0.00006110 | best AP50 acc: 0.8648 | best AP70 acc: 0.7342 | best mAP acc: 0.6907 | best mAR acc: 0.7595 | best Score: 0.6907 | best Score epoch: 18 
epoch 27, iter  701: loss: 0.0056 | load time: 0.0002 | back time: 0.8333 | lr: 0.00006097 | best AP50 acc: 0.8648 | best AP70 acc: 0.7342 | best mAP acc: 0.6907 | best mAR acc: 0.7595 | best Score: 0.6907 | best Score epoch: 18 
epoch 27, iter  751: loss: 0.0057 | load time: 0.0001 | back time: 0.8373 | lr: 0.00006084 | best AP50 acc: 0.8648 | best AP70 acc: 0.7342 | best mAP acc: 0.6907 | best mAR acc: 0.7595 | best Score: 0.6907 | best Score epoch: 18 
epoch 27, iter  801: loss: 0.0056 | load time: 0.0002 | back time: 0.8368 | lr: 0.00006070 | best AP50 acc: 0.8648 | best AP70 acc: 0.7342 | best mAP acc: 0.6907 | best mAR acc: 0.7595 | best Score: 0.6907 | best Score epoch: 18 
epoch 27, iter  851: loss: 0.0057 | load time: 0.0003 | back time: 0.8356 | lr: 0.00006057 | best AP50 acc: 0.8648 | best AP70 acc: 0.7342 | best mAP acc: 0.6907 | best mAR acc: 0.7595 | best Score: 0.6907 | best Score epoch: 18 
epoch 27, iter  901: loss: 0.0056 | load time: 0.0003 | back time: 0.8383 | lr: 0.00006044 | best AP50 acc: 0.8648 | best AP70 acc: 0.7342 | best mAP acc: 0.6907 | best mAR acc: 0.7595 | best Score: 0.6907 | best Score epoch: 18 
epoch 27, iter  951: loss: 0.0056 | load time: 0.0003 | back time: 0.8374 | lr: 0.00006031 | best AP50 acc: 0.8648 | best AP70 acc: 0.7342 | best mAP acc: 0.6907 | best mAR acc: 0.7595 | best Score: 0.6907 | best Score epoch: 18 
epoch 27, iter 1001: loss: 0.0057 | load time: 0.0001 | back time: 0.8382 | lr: 0.00006018 | best AP50 acc: 0.8648 | best AP70 acc: 0.7342 | best mAP acc: 0.6907 | best mAR acc: 0.7595 | best Score: 0.6907 | best Score epoch: 18 
epoch 27, iter 1051: loss: 0.0056 | load time: 0.0003 | back time: 0.8306 | lr: 0.00006004 | best AP50 acc: 0.8648 | best AP70 acc: 0.7342 | best mAP acc: 0.6907 | best mAR acc: 0.7595 | best Score: 0.6907 | best Score epoch: 18 
epoch 27, iter 1101: loss: 0.0056 | load time: 0.0003 | back time: 0.8379 | lr: 0.00005991 | best AP50 acc: 0.8648 | best AP70 acc: 0.7342 | best mAP acc: 0.6907 | best mAR acc: 0.7595 | best Score: 0.6907 | best Score epoch: 18 
epoch 27, iter 1151: loss: 0.0056 | load time: 0.0001 | back time: 0.8367 | lr: 0.00005978 | best AP50 acc: 0.8648 | best AP70 acc: 0.7342 | best mAP acc: 0.6907 | best mAR acc: 0.7595 | best Score: 0.6907 | best Score epoch: 18 
UAV_SEQS_2 | mAP50:90: 41.6067 | AP50: 68.3489 | AP70: 48.2849 
UAV_SEQS_37 | mAP50:90: 90.5361 | AP50: 100.0000 | AP70: 98.0396 
UAV_SEQS_45 | mAP50:90: 95.2202 | AP50: 100.0000 | AP70: 100.0000 
UAV_SEQS_47 | mAP50:90: 93.3445 | AP50: 100.0000 | AP70: 97.7965 
UAV_SEQS_55 | mAP50:90: 44.4131 | AP50: 73.9487 | AP70: 42.6825 
UAV_SEQS_59 | mAP50:90: 60.2720 | AP50: 85.8238 | AP70: 60.4225 
UAV_SEQS_6 | mAP50:90: 46.8638 | AP50: 57.0786 | AP70: 48.9323 
UAV_SEQS_63 | mAP50:90: 18.3261 | AP50: 48.2882 | AP70: 14.2386 
UAV_SEQS_65 | mAP50:90: 84.4549 | AP50: 97.4524 | AP70: 92.7585 
UAV_SEQS_7 | mAP50:90: 75.2265 | AP50: 100.0000 | AP70: 88.0275 
UAV_SEQS_71 | mAP50:90: 72.9833 | AP50: 97.5955 | AP70: 84.8602 
UAV_SEQS_73 | mAP50:90: 68.8010 | AP50: 92.5905 | AP70: 77.0579 
UAV_SEQS_74 | mAP50:90: 98.4216 | AP50: 100.0000 | AP70: 100.0000 
UAV_SEQS_77 | mAP50:90: 25.4434 | AP50: 45.9977 | AP70: 29.2262 
UAV_SEQS_8 | mAP50:90: 83.3019 | AP50: 100.0000 | AP70: 96.9970 
Overall            | mAP50:95: 69.4073 | AP50: 86.8299 | AP70: 74.6559 
epoch 28, iter    1: loss: 0.0055 | load time: 0.0040 | back time: 0.4616 | lr: 0.00005977 | best AP50 acc: 0.8683 | best AP70 acc: 0.7466 | best mAP acc: 0.6941 | best mAR acc: 0.7558 | best Score: 0.6941 | best Score epoch: 27 
epoch 28, iter   51: loss: 0.0056 | load time: 0.0002 | back time: 0.8277 | lr: 0.00005964 | best AP50 acc: 0.8683 | best AP70 acc: 0.7466 | best mAP acc: 0.6941 | best mAR acc: 0.7558 | best Score: 0.6941 | best Score epoch: 27 
epoch 28, iter  101: loss: 0.0056 | load time: 0.0001 | back time: 0.8185 | lr: 0.00005951 | best AP50 acc: 0.8683 | best AP70 acc: 0.7466 | best mAP acc: 0.6941 | best mAR acc: 0.7558 | best Score: 0.6941 | best Score epoch: 27 
epoch 28, iter  151: loss: 0.0056 | load time: 0.0002 | back time: 0.8377 | lr: 0.00005937 | best AP50 acc: 0.8683 | best AP70 acc: 0.7466 | best mAP acc: 0.6941 | best mAR acc: 0.7558 | best Score: 0.6941 | best Score epoch: 27 
epoch 28, iter  201: loss: 0.0056 | load time: 0.0002 | back time: 0.7664 | lr: 0.00005924 | best AP50 acc: 0.8683 | best AP70 acc: 0.7466 | best mAP acc: 0.6941 | best mAR acc: 0.7558 | best Score: 0.6941 | best Score epoch: 27 
epoch 28, iter  251: loss: 0.0055 | load time: 0.0002 | back time: 0.8907 | lr: 0.00005911 | best AP50 acc: 0.8683 | best AP70 acc: 0.7466 | best mAP acc: 0.6941 | best mAR acc: 0.7558 | best Score: 0.6941 | best Score epoch: 27 
epoch 28, iter  301: loss: 0.0056 | load time: 0.0002 | back time: 0.8424 | lr: 0.00005898 | best AP50 acc: 0.8683 | best AP70 acc: 0.7466 | best mAP acc: 0.6941 | best mAR acc: 0.7558 | best Score: 0.6941 | best Score epoch: 27 
epoch 28, iter  351: loss: 0.0057 | load time: 0.0002 | back time: 0.8389 | lr: 0.00005884 | best AP50 acc: 0.8683 | best AP70 acc: 0.7466 | best mAP acc: 0.6941 | best mAR acc: 0.7558 | best Score: 0.6941 | best Score epoch: 27 
epoch 28, iter  401: loss: 0.0057 | load time: 0.0004 | back time: 0.8435 | lr: 0.00005871 | best AP50 acc: 0.8683 | best AP70 acc: 0.7466 | best mAP acc: 0.6941 | best mAR acc: 0.7558 | best Score: 0.6941 | best Score epoch: 27 
epoch 28, iter  451: loss: 0.0056 | load time: 0.0002 | back time: 0.8430 | lr: 0.00005858 | best AP50 acc: 0.8683 | best AP70 acc: 0.7466 | best mAP acc: 0.6941 | best mAR acc: 0.7558 | best Score: 0.6941 | best Score epoch: 27 
epoch 28, iter  501: loss: 0.0056 | load time: 0.0001 | back time: 0.8374 | lr: 0.00005844 | best AP50 acc: 0.8683 | best AP70 acc: 0.7466 | best mAP acc: 0.6941 | best mAR acc: 0.7558 | best Score: 0.6941 | best Score epoch: 27 
epoch 28, iter  551: loss: 0.0057 | load time: 0.0002 | back time: 0.8777 | lr: 0.00005831 | best AP50 acc: 0.8683 | best AP70 acc: 0.7466 | best mAP acc: 0.6941 | best mAR acc: 0.7558 | best Score: 0.6941 | best Score epoch: 27 
epoch 28, iter  601: loss: 0.0051 | load time: 0.0002 | back time: 0.8348 | lr: 0.00005818 | best AP50 acc: 0.8683 | best AP70 acc: 0.7466 | best mAP acc: 0.6941 | best mAR acc: 0.7558 | best Score: 0.6941 | best Score epoch: 27 
epoch 28, iter  651: loss: 0.0055 | load time: 0.0001 | back time: 0.8154 | lr: 0.00005804 | best AP50 acc: 0.8683 | best AP70 acc: 0.7466 | best mAP acc: 0.6941 | best mAR acc: 0.7558 | best Score: 0.6941 | best Score epoch: 27 
epoch 28, iter  701: loss: 0.0056 | load time: 0.0001 | back time: 0.8339 | lr: 0.00005791 | best AP50 acc: 0.8683 | best AP70 acc: 0.7466 | best mAP acc: 0.6941 | best mAR acc: 0.7558 | best Score: 0.6941 | best Score epoch: 27 
epoch 28, iter  751: loss: 0.0056 | load time: 0.0002 | back time: 0.8292 | lr: 0.00005778 | best AP50 acc: 0.8683 | best AP70 acc: 0.7466 | best mAP acc: 0.6941 | best mAR acc: 0.7558 | best Score: 0.6941 | best Score epoch: 27 
epoch 28, iter  801: loss: 0.0056 | load time: 0.0002 | back time: 0.8279 | lr: 0.00005764 | best AP50 acc: 0.8683 | best AP70 acc: 0.7466 | best mAP acc: 0.6941 | best mAR acc: 0.7558 | best Score: 0.6941 | best Score epoch: 27 
epoch 28, iter  851: loss: 0.0056 | load time: 0.0002 | back time: 0.8771 | lr: 0.00005751 | best AP50 acc: 0.8683 | best AP70 acc: 0.7466 | best mAP acc: 0.6941 | best mAR acc: 0.7558 | best Score: 0.6941 | best Score epoch: 27 
epoch 28, iter  901: loss: 0.0056 | load time: 0.0002 | back time: 0.8426 | lr: 0.00005738 | best AP50 acc: 0.8683 | best AP70 acc: 0.7466 | best mAP acc: 0.6941 | best mAR acc: 0.7558 | best Score: 0.6941 | best Score epoch: 27 
epoch 28, iter  951: loss: 0.0056 | load time: 0.0001 | back time: 0.8447 | lr: 0.00005724 | best AP50 acc: 0.8683 | best AP70 acc: 0.7466 | best mAP acc: 0.6941 | best mAR acc: 0.7558 | best Score: 0.6941 | best Score epoch: 27 
epoch 28, iter 1001: loss: 0.0056 | load time: 0.0003 | back time: 0.8093 | lr: 0.00005711 | best AP50 acc: 0.8683 | best AP70 acc: 0.7466 | best mAP acc: 0.6941 | best mAR acc: 0.7558 | best Score: 0.6941 | best Score epoch: 27 
epoch 28, iter 1051: loss: 0.0053 | load time: 0.0001 | back time: 0.7409 | lr: 0.00005697 | best AP50 acc: 0.8683 | best AP70 acc: 0.7466 | best mAP acc: 0.6941 | best mAR acc: 0.7558 | best Score: 0.6941 | best Score epoch: 27 
epoch 28, iter 1101: loss: 0.0057 | load time: 0.0001 | back time: 0.8080 | lr: 0.00005684 | best AP50 acc: 0.8683 | best AP70 acc: 0.7466 | best mAP acc: 0.6941 | best mAR acc: 0.7558 | best Score: 0.6941 | best Score epoch: 27 
epoch 28, iter 1151: loss: 0.0054 | load time: 0.0005 | back time: 0.8394 | lr: 0.00005671 | best AP50 acc: 0.8683 | best AP70 acc: 0.7466 | best mAP acc: 0.6941 | best mAR acc: 0.7558 | best Score: 0.6941 | best Score epoch: 27 
UAV_SEQS_2 | mAP50:90: 43.4736 | AP50: 74.3858 | AP70: 46.7590 
UAV_SEQS_37 | mAP50:90: 89.5739 | AP50: 100.0000 | AP70: 94.4622 
UAV_SEQS_45 | mAP50:90: 95.7851 | AP50: 100.0000 | AP70: 100.0000 
UAV_SEQS_47 | mAP50:90: 92.2675 | AP50: 100.0000 | AP70: 96.7828 
UAV_SEQS_55 | mAP50:90: 41.3649 | AP50: 65.6430 | AP70: 41.2986 
UAV_SEQS_59 | mAP50:90: 60.0487 | AP50: 87.9709 | AP70: 61.6012 
UAV_SEQS_6 | mAP50:90: 41.8811 | AP50: 49.7771 | AP70: 46.5040 
UAV_SEQS_63 | mAP50:90: 16.7449 | AP50: 44.8058 | AP70: 11.6257 
UAV_SEQS_65 | mAP50:90: 87.7691 | AP50: 97.8923 | AP70: 93.7359 
UAV_SEQS_7 | mAP50:90: 79.7408 | AP50: 98.8761 | AP70: 88.2797 
UAV_SEQS_71 | mAP50:90: 72.0530 | AP50: 94.1398 | AP70: 80.4464 
UAV_SEQS_73 | mAP50:90: 72.3570 | AP50: 92.8826 | AP70: 79.5415 
UAV_SEQS_74 | mAP50:90: 99.6567 | AP50: 100.0000 | AP70: 100.0000 
UAV_SEQS_77 | mAP50:90: 14.6720 | AP50: 23.8682 | AP70: 20.2752 
UAV_SEQS_8 | mAP50:90: 88.2270 | AP50: 100.0000 | AP70: 100.0000 
Overall            | mAP50:95: 68.8038 | AP50: 84.0770 | AP70: 73.1729 
epoch 29, iter    1: loss: 0.0056 | load time: 0.0033 | back time: 0.4643 | lr: 0.00005670 | best AP50 acc: 0.8683 | best AP70 acc: 0.7466 | best mAP acc: 0.6941 | best mAR acc: 0.7558 | best Score: 0.6941 | best Score epoch: 27 
epoch 29, iter   51: loss: 0.0057 | load time: 0.0002 | back time: 0.8114 | lr: 0.00005657 | best AP50 acc: 0.8683 | best AP70 acc: 0.7466 | best mAP acc: 0.6941 | best mAR acc: 0.7558 | best Score: 0.6941 | best Score epoch: 27 
epoch 29, iter  101: loss: 0.0055 | load time: 0.0002 | back time: 0.8108 | lr: 0.00005643 | best AP50 acc: 0.8683 | best AP70 acc: 0.7466 | best mAP acc: 0.6941 | best mAR acc: 0.7558 | best Score: 0.6941 | best Score epoch: 27 
epoch 29, iter  151: loss: 0.0057 | load time: 0.0002 | back time: 0.8212 | lr: 0.00005630 | best AP50 acc: 0.8683 | best AP70 acc: 0.7466 | best mAP acc: 0.6941 | best mAR acc: 0.7558 | best Score: 0.6941 | best Score epoch: 27 
epoch 29, iter  201: loss: 0.0056 | load time: 0.0002 | back time: 0.8194 | lr: 0.00005617 | best AP50 acc: 0.8683 | best AP70 acc: 0.7466 | best mAP acc: 0.6941 | best mAR acc: 0.7558 | best Score: 0.6941 | best Score epoch: 27 
epoch 29, iter  251: loss: 0.0056 | load time: 0.0001 | back time: 0.8404 | lr: 0.00005603 | best AP50 acc: 0.8683 | best AP70 acc: 0.7466 | best mAP acc: 0.6941 | best mAR acc: 0.7558 | best Score: 0.6941 | best Score epoch: 27 
epoch 29, iter  301: loss: 0.0056 | load time: 0.0002 | back time: 0.8407 | lr: 0.00005590 | best AP50 acc: 0.8683 | best AP70 acc: 0.7466 | best mAP acc: 0.6941 | best mAR acc: 0.7558 | best Score: 0.6941 | best Score epoch: 27 
epoch 29, iter  351: loss: 0.0053 | load time: 0.0002 | back time: 0.8422 | lr: 0.00005576 | best AP50 acc: 0.8683 | best AP70 acc: 0.7466 | best mAP acc: 0.6941 | best mAR acc: 0.7558 | best Score: 0.6941 | best Score epoch: 27 
epoch 29, iter  401: loss: 0.0056 | load time: 0.0002 | back time: 0.8107 | lr: 0.00005563 | best AP50 acc: 0.8683 | best AP70 acc: 0.7466 | best mAP acc: 0.6941 | best mAR acc: 0.7558 | best Score: 0.6941 | best Score epoch: 27 
epoch 29, iter  451: loss: 0.0054 | load time: 0.0002 | back time: 0.8098 | lr: 0.00005549 | best AP50 acc: 0.8683 | best AP70 acc: 0.7466 | best mAP acc: 0.6941 | best mAR acc: 0.7558 | best Score: 0.6941 | best Score epoch: 27 
epoch 29, iter  501: loss: 0.0056 | load time: 0.0002 | back time: 0.8091 | lr: 0.00005536 | best AP50 acc: 0.8683 | best AP70 acc: 0.7466 | best mAP acc: 0.6941 | best mAR acc: 0.7558 | best Score: 0.6941 | best Score epoch: 27 
epoch 29, iter  551: loss: 0.0056 | load time: 0.0003 | back time: 0.8315 | lr: 0.00005523 | best AP50 acc: 0.8683 | best AP70 acc: 0.7466 | best mAP acc: 0.6941 | best mAR acc: 0.7558 | best Score: 0.6941 | best Score epoch: 27 
epoch 29, iter  601: loss: 0.0056 | load time: 0.0003 | back time: 0.8309 | lr: 0.00005509 | best AP50 acc: 0.8683 | best AP70 acc: 0.7466 | best mAP acc: 0.6941 | best mAR acc: 0.7558 | best Score: 0.6941 | best Score epoch: 27 
epoch 29, iter  651: loss: 0.0056 | load time: 0.0002 | back time: 0.8317 | lr: 0.00005496 | best AP50 acc: 0.8683 | best AP70 acc: 0.7466 | best mAP acc: 0.6941 | best mAR acc: 0.7558 | best Score: 0.6941 | best Score epoch: 27 
epoch 29, iter  701: loss: 0.0056 | load time: 0.0002 | back time: 0.7965 | lr: 0.00005482 | best AP50 acc: 0.8683 | best AP70 acc: 0.7466 | best mAP acc: 0.6941 | best mAR acc: 0.7558 | best Score: 0.6941 | best Score epoch: 27 
epoch 29, iter  751: loss: 0.0056 | load time: 0.0002 | back time: 0.8890 | lr: 0.00005469 | best AP50 acc: 0.8683 | best AP70 acc: 0.7466 | best mAP acc: 0.6941 | best mAR acc: 0.7558 | best Score: 0.6941 | best Score epoch: 27 
epoch 29, iter  801: loss: 0.0056 | load time: 0.0001 | back time: 0.8343 | lr: 0.00005455 | best AP50 acc: 0.8683 | best AP70 acc: 0.7466 | best mAP acc: 0.6941 | best mAR acc: 0.7558 | best Score: 0.6941 | best Score epoch: 27 
epoch 29, iter  851: loss: 0.0056 | load time: 0.0003 | back time: 0.8400 | lr: 0.00005442 | best AP50 acc: 0.8683 | best AP70 acc: 0.7466 | best mAP acc: 0.6941 | best mAR acc: 0.7558 | best Score: 0.6941 | best Score epoch: 27 
epoch 29, iter  901: loss: 0.0055 | load time: 0.0002 | back time: 0.8375 | lr: 0.00005428 | best AP50 acc: 0.8683 | best AP70 acc: 0.7466 | best mAP acc: 0.6941 | best mAR acc: 0.7558 | best Score: 0.6941 | best Score epoch: 27 
epoch 29, iter  951: loss: 0.0055 | load time: 0.0002 | back time: 0.8383 | lr: 0.00005415 | best AP50 acc: 0.8683 | best AP70 acc: 0.7466 | best mAP acc: 0.6941 | best mAR acc: 0.7558 | best Score: 0.6941 | best Score epoch: 27 
epoch 29, iter 1001: loss: 0.0055 | load time: 0.0003 | back time: 0.8393 | lr: 0.00005401 | best AP50 acc: 0.8683 | best AP70 acc: 0.7466 | best mAP acc: 0.6941 | best mAR acc: 0.7558 | best Score: 0.6941 | best Score epoch: 27 
epoch 29, iter 1051: loss: 0.0056 | load time: 0.0002 | back time: 0.8421 | lr: 0.00005388 | best AP50 acc: 0.8683 | best AP70 acc: 0.7466 | best mAP acc: 0.6941 | best mAR acc: 0.7558 | best Score: 0.6941 | best Score epoch: 27 
epoch 29, iter 1101: loss: 0.0056 | load time: 0.0002 | back time: 0.8416 | lr: 0.00005375 | best AP50 acc: 0.8683 | best AP70 acc: 0.7466 | best mAP acc: 0.6941 | best mAR acc: 0.7558 | best Score: 0.6941 | best Score epoch: 27 
epoch 29, iter 1151: loss: 0.0056 | load time: 0.0001 | back time: 0.8365 | lr: 0.00005361 | best AP50 acc: 0.8683 | best AP70 acc: 0.7466 | best mAP acc: 0.6941 | best mAR acc: 0.7558 | best Score: 0.6941 | best Score epoch: 27 
UAV_SEQS_2 | mAP50:90: 40.7074 | AP50: 71.7793 | AP70: 42.3952 
UAV_SEQS_37 | mAP50:90: 88.9834 | AP50: 100.0000 | AP70: 93.9179 
UAV_SEQS_45 | mAP50:90: 98.3040 | AP50: 100.0000 | AP70: 100.0000 
UAV_SEQS_47 | mAP50:90: 95.2958 | AP50: 100.0000 | AP70: 97.6751 
UAV_SEQS_55 | mAP50:90: 43.3936 | AP50: 68.5593 | AP70: 46.3445 
UAV_SEQS_59 | mAP50:90: 60.8217 | AP50: 88.2877 | AP70: 64.0460 
UAV_SEQS_6 | mAP50:90: 39.3768 | AP50: 48.1453 | AP70: 46.3448 
UAV_SEQS_63 | mAP50:90: 28.1486 | AP50: 63.5815 | AP70: 23.7690 
UAV_SEQS_65 | mAP50:90: 87.0356 | AP50: 97.7582 | AP70: 93.1468 
UAV_SEQS_7 | mAP50:90: 76.6904 | AP50: 98.9734 | AP70: 88.7329 
UAV_SEQS_71 | mAP50:90: 72.2020 | AP50: 94.9343 | AP70: 81.3426 
UAV_SEQS_73 | mAP50:90: 69.2084 | AP50: 91.3402 | AP70: 77.2295 
UAV_SEQS_74 | mAP50:90: 99.6140 | AP50: 100.0000 | AP70: 100.0000 
UAV_SEQS_77 | mAP50:90: 22.1159 | AP50: 41.8773 | AP70: 26.9817 
UAV_SEQS_8 | mAP50:90: 83.3159 | AP50: 100.0000 | AP70: 95.1122 
Overall            | mAP50:95: 69.5131 | AP50: 86.2998 | AP70: 74.8840 
epoch 30, iter    1: loss: 0.0056 | load time: 0.0039 | back time: 0.4558 | lr: 0.00005361 | best AP50 acc: 0.8630 | best AP70 acc: 0.7488 | best mAP acc: 0.6951 | best mAR acc: 0.7594 | best Score: 0.6951 | best Score epoch: 29 
epoch 30, iter   51: loss: 0.0056 | load time: 0.0003 | back time: 0.8322 | lr: 0.00005347 | best AP50 acc: 0.8630 | best AP70 acc: 0.7488 | best mAP acc: 0.6951 | best mAR acc: 0.7594 | best Score: 0.6951 | best Score epoch: 29 
epoch 30, iter  101: loss: 0.0053 | load time: 0.0002 | back time: 0.8121 | lr: 0.00005334 | best AP50 acc: 0.8630 | best AP70 acc: 0.7488 | best mAP acc: 0.6951 | best mAR acc: 0.7594 | best Score: 0.6951 | best Score epoch: 29 
epoch 30, iter  151: loss: 0.0056 | load time: 0.0002 | back time: 0.8436 | lr: 0.00005320 | best AP50 acc: 0.8630 | best AP70 acc: 0.7488 | best mAP acc: 0.6951 | best mAR acc: 0.7594 | best Score: 0.6951 | best Score epoch: 29 
epoch 30, iter  201: loss: 0.0056 | load time: 0.0002 | back time: 0.8118 | lr: 0.00005307 | best AP50 acc: 0.8630 | best AP70 acc: 0.7488 | best mAP acc: 0.6951 | best mAR acc: 0.7594 | best Score: 0.6951 | best Score epoch: 29 
epoch 30, iter  251: loss: 0.0056 | load time: 0.0004 | back time: 0.8096 | lr: 0.00005293 | best AP50 acc: 0.8630 | best AP70 acc: 0.7488 | best mAP acc: 0.6951 | best mAR acc: 0.7594 | best Score: 0.6951 | best Score epoch: 29 
epoch 30, iter  301: loss: 0.0054 | load time: 0.0002 | back time: 0.8751 | lr: 0.00005280 | best AP50 acc: 0.8630 | best AP70 acc: 0.7488 | best mAP acc: 0.6951 | best mAR acc: 0.7594 | best Score: 0.6951 | best Score epoch: 29 
epoch 30, iter  351: loss: 0.0055 | load time: 0.0002 | back time: 0.8446 | lr: 0.00005266 | best AP50 acc: 0.8630 | best AP70 acc: 0.7488 | best mAP acc: 0.6951 | best mAR acc: 0.7594 | best Score: 0.6951 | best Score epoch: 29 
epoch 30, iter  401: loss: 0.0056 | load time: 0.0002 | back time: 0.8098 | lr: 0.00005253 | best AP50 acc: 0.8630 | best AP70 acc: 0.7488 | best mAP acc: 0.6951 | best mAR acc: 0.7594 | best Score: 0.6951 | best Score epoch: 29 
epoch 30, iter  451: loss: 0.0055 | load time: 0.0002 | back time: 0.8189 | lr: 0.00005239 | best AP50 acc: 0.8630 | best AP70 acc: 0.7488 | best mAP acc: 0.6951 | best mAR acc: 0.7594 | best Score: 0.6951 | best Score epoch: 29 
epoch 30, iter  501: loss: 0.0055 | load time: 0.0001 | back time: 0.8099 | lr: 0.00005226 | best AP50 acc: 0.8630 | best AP70 acc: 0.7488 | best mAP acc: 0.6951 | best mAR acc: 0.7594 | best Score: 0.6951 | best Score epoch: 29 
epoch 30, iter  551: loss: 0.0056 | load time: 0.0001 | back time: 0.8427 | lr: 0.00005212 | best AP50 acc: 0.8630 | best AP70 acc: 0.7488 | best mAP acc: 0.6951 | best mAR acc: 0.7594 | best Score: 0.6951 | best Score epoch: 29 
epoch 30, iter  601: loss: 0.0056 | load time: 0.0001 | back time: 0.8112 | lr: 0.00005199 | best AP50 acc: 0.8630 | best AP70 acc: 0.7488 | best mAP acc: 0.6951 | best mAR acc: 0.7594 | best Score: 0.6951 | best Score epoch: 29 
epoch 30, iter  651: loss: 0.0054 | load time: 0.0002 | back time: 0.8140 | lr: 0.00005185 | best AP50 acc: 0.8630 | best AP70 acc: 0.7488 | best mAP acc: 0.6951 | best mAR acc: 0.7594 | best Score: 0.6951 | best Score epoch: 29 
epoch 30, iter  701: loss: 0.0051 | load time: 0.0002 | back time: 0.8120 | lr: 0.00005172 | best AP50 acc: 0.8630 | best AP70 acc: 0.7488 | best mAP acc: 0.6951 | best mAR acc: 0.7594 | best Score: 0.6951 | best Score epoch: 29 
epoch 30, iter  751: loss: 0.0056 | load time: 0.0003 | back time: 0.8289 | lr: 0.00005158 | best AP50 acc: 0.8630 | best AP70 acc: 0.7488 | best mAP acc: 0.6951 | best mAR acc: 0.7594 | best Score: 0.6951 | best Score epoch: 29 
epoch 30, iter  801: loss: 0.0057 | load time: 0.0001 | back time: 0.8261 | lr: 0.00005145 | best AP50 acc: 0.8630 | best AP70 acc: 0.7488 | best mAP acc: 0.6951 | best mAR acc: 0.7594 | best Score: 0.6951 | best Score epoch: 29 
epoch 30, iter  851: loss: 0.0056 | load time: 0.0002 | back time: 0.8283 | lr: 0.00005131 | best AP50 acc: 0.8630 | best AP70 acc: 0.7488 | best mAP acc: 0.6951 | best mAR acc: 0.7594 | best Score: 0.6951 | best Score epoch: 29 
epoch 30, iter  901: loss: 0.0056 | load time: 0.0002 | back time: 0.8288 | lr: 0.00005118 | best AP50 acc: 0.8630 | best AP70 acc: 0.7488 | best mAP acc: 0.6951 | best mAR acc: 0.7594 | best Score: 0.6951 | best Score epoch: 29 
epoch 30, iter  951: loss: 0.0055 | load time: 0.0002 | back time: 0.8355 | lr: 0.00005104 | best AP50 acc: 0.8630 | best AP70 acc: 0.7488 | best mAP acc: 0.6951 | best mAR acc: 0.7594 | best Score: 0.6951 | best Score epoch: 29 
epoch 30, iter 1001: loss: 0.0056 | load time: 0.0002 | back time: 0.8284 | lr: 0.00005091 | best AP50 acc: 0.8630 | best AP70 acc: 0.7488 | best mAP acc: 0.6951 | best mAR acc: 0.7594 | best Score: 0.6951 | best Score epoch: 29 
epoch 30, iter 1051: loss: 0.0053 | load time: 0.0001 | back time: 0.8293 | lr: 0.00005077 | best AP50 acc: 0.8630 | best AP70 acc: 0.7488 | best mAP acc: 0.6951 | best mAR acc: 0.7594 | best Score: 0.6951 | best Score epoch: 29 
epoch 30, iter 1101: loss: 0.0057 | load time: 0.0002 | back time: 0.8389 | lr: 0.00005064 | best AP50 acc: 0.8630 | best AP70 acc: 0.7488 | best mAP acc: 0.6951 | best mAR acc: 0.7594 | best Score: 0.6951 | best Score epoch: 29 
epoch 30, iter 1151: loss: 0.0054 | load time: 0.0003 | back time: 0.8206 | lr: 0.00005050 | best AP50 acc: 0.8630 | best AP70 acc: 0.7488 | best mAP acc: 0.6951 | best mAR acc: 0.7594 | best Score: 0.6951 | best Score epoch: 29 
UAV_SEQS_2 | mAP50:90: 41.0469 | AP50: 72.6953 | AP70: 45.8057 
UAV_SEQS_37 | mAP50:90: 89.3681 | AP50: 100.0000 | AP70: 93.6037 
UAV_SEQS_45 | mAP50:90: 97.2373 | AP50: 100.0000 | AP70: 100.0000 
UAV_SEQS_47 | mAP50:90: 92.2396 | AP50: 100.0000 | AP70: 97.5691 
UAV_SEQS_55 | mAP50:90: 42.0586 | AP50: 66.7406 | AP70: 43.5345 
UAV_SEQS_59 | mAP50:90: 64.2511 | AP50: 89.8517 | AP70: 65.7593 
UAV_SEQS_6 | mAP50:90: 39.7156 | AP50: 46.2863 | AP70: 45.1272 
UAV_SEQS_63 | mAP50:90: 25.2547 | AP50: 56.5512 | AP70: 23.9790 
UAV_SEQS_65 | mAP50:90: 86.6436 | AP50: 97.7149 | AP70: 93.2946 
UAV_SEQS_7 | mAP50:90: 76.9247 | AP50: 97.9796 | AP70: 89.6484 
UAV_SEQS_71 | mAP50:90: 72.5188 | AP50: 97.0437 | AP70: 80.7162 
UAV_SEQS_73 | mAP50:90: 70.4491 | AP50: 92.5361 | AP70: 79.4781 
UAV_SEQS_74 | mAP50:90: 98.8710 | AP50: 100.0000 | AP70: 100.0000 
UAV_SEQS_77 | mAP50:90: 14.2374 | AP50: 25.0164 | AP70: 20.2276 
UAV_SEQS_8 | mAP50:90: 80.1391 | AP50: 100.0000 | AP70: 87.9243 
Overall            | mAP50:95: 68.4551 | AP50: 84.3199 | AP70: 73.8549 
epoch 31, iter    1: loss: 0.0056 | load time: 0.0066 | back time: 0.4244 | lr: 0.00005050 | best AP50 acc: 0.8630 | best AP70 acc: 0.7488 | best mAP acc: 0.6951 | best mAR acc: 0.7594 | best Score: 0.6951 | best Score epoch: 29 
epoch 31, iter   51: loss: 0.0056 | load time: 0.0002 | back time: 0.8024 | lr: 0.00005036 | best AP50 acc: 0.8630 | best AP70 acc: 0.7488 | best mAP acc: 0.6951 | best mAR acc: 0.7594 | best Score: 0.6951 | best Score epoch: 29 
epoch 31, iter  101: loss: 0.0055 | load time: 0.0004 | back time: 0.8076 | lr: 0.00005023 | best AP50 acc: 0.8630 | best AP70 acc: 0.7488 | best mAP acc: 0.6951 | best mAR acc: 0.7594 | best Score: 0.6951 | best Score epoch: 29 
epoch 31, iter  151: loss: 0.0056 | load time: 0.0002 | back time: 0.8759 | lr: 0.00005009 | best AP50 acc: 0.8630 | best AP70 acc: 0.7488 | best mAP acc: 0.6951 | best mAR acc: 0.7594 | best Score: 0.6951 | best Score epoch: 29 
epoch 31, iter  201: loss: 0.0056 | load time: 0.0003 | back time: 0.8445 | lr: 0.00004996 | best AP50 acc: 0.8630 | best AP70 acc: 0.7488 | best mAP acc: 0.6951 | best mAR acc: 0.7594 | best Score: 0.6951 | best Score epoch: 29 
epoch 31, iter  251: loss: 0.0053 | load time: 0.0003 | back time: 0.8231 | lr: 0.00004982 | best AP50 acc: 0.8630 | best AP70 acc: 0.7488 | best mAP acc: 0.6951 | best mAR acc: 0.7594 | best Score: 0.6951 | best Score epoch: 29 
epoch 31, iter  301: loss: 0.0056 | load time: 0.0002 | back time: 0.8204 | lr: 0.00004969 | best AP50 acc: 0.8630 | best AP70 acc: 0.7488 | best mAP acc: 0.6951 | best mAR acc: 0.7594 | best Score: 0.6951 | best Score epoch: 29 
epoch 31, iter  351: loss: 0.0056 | load time: 0.0002 | back time: 0.8098 | lr: 0.00004955 | best AP50 acc: 0.8630 | best AP70 acc: 0.7488 | best mAP acc: 0.6951 | best mAR acc: 0.7594 | best Score: 0.6951 | best Score epoch: 29 
epoch 31, iter  401: loss: 0.0056 | load time: 0.0002 | back time: 0.8557 | lr: 0.00004942 | best AP50 acc: 0.8630 | best AP70 acc: 0.7488 | best mAP acc: 0.6951 | best mAR acc: 0.7594 | best Score: 0.6951 | best Score epoch: 29 
epoch 31, iter  451: loss: 0.0056 | load time: 0.0002 | back time: 0.8264 | lr: 0.00004928 | best AP50 acc: 0.8630 | best AP70 acc: 0.7488 | best mAP acc: 0.6951 | best mAR acc: 0.7594 | best Score: 0.6951 | best Score epoch: 29 
epoch 31, iter  501: loss: 0.0054 | load time: 0.0002 | back time: 0.8393 | lr: 0.00004915 | best AP50 acc: 0.8630 | best AP70 acc: 0.7488 | best mAP acc: 0.6951 | best mAR acc: 0.7594 | best Score: 0.6951 | best Score epoch: 29 
epoch 31, iter  551: loss: 0.0054 | load time: 0.0004 | back time: 0.8486 | lr: 0.00004901 | best AP50 acc: 0.8630 | best AP70 acc: 0.7488 | best mAP acc: 0.6951 | best mAR acc: 0.7594 | best Score: 0.6951 | best Score epoch: 29 
epoch 31, iter  601: loss: 0.0056 | load time: 0.0002 | back time: 0.8286 | lr: 0.00004888 | best AP50 acc: 0.8630 | best AP70 acc: 0.7488 | best mAP acc: 0.6951 | best mAR acc: 0.7594 | best Score: 0.6951 | best Score epoch: 29 
epoch 31, iter  651: loss: 0.0057 | load time: 0.0002 | back time: 0.8347 | lr: 0.00004874 | best AP50 acc: 0.8630 | best AP70 acc: 0.7488 | best mAP acc: 0.6951 | best mAR acc: 0.7594 | best Score: 0.6951 | best Score epoch: 29 
epoch 31, iter  701: loss: 0.0056 | load time: 0.0002 | back time: 0.8415 | lr: 0.00004861 | best AP50 acc: 0.8630 | best AP70 acc: 0.7488 | best mAP acc: 0.6951 | best mAR acc: 0.7594 | best Score: 0.6951 | best Score epoch: 29 
epoch 31, iter  751: loss: 0.0056 | load time: 0.0001 | back time: 0.8297 | lr: 0.00004847 | best AP50 acc: 0.8630 | best AP70 acc: 0.7488 | best mAP acc: 0.6951 | best mAR acc: 0.7594 | best Score: 0.6951 | best Score epoch: 29 
epoch 31, iter  801: loss: 0.0055 | load time: 0.0002 | back time: 0.8355 | lr: 0.00004834 | best AP50 acc: 0.8630 | best AP70 acc: 0.7488 | best mAP acc: 0.6951 | best mAR acc: 0.7594 | best Score: 0.6951 | best Score epoch: 29 
epoch 31, iter  851: loss: 0.0055 | load time: 0.0001 | back time: 0.8498 | lr: 0.00004820 | best AP50 acc: 0.8630 | best AP70 acc: 0.7488 | best mAP acc: 0.6951 | best mAR acc: 0.7594 | best Score: 0.6951 | best Score epoch: 29 
epoch 31, iter  901: loss: 0.0056 | load time: 0.0003 | back time: 0.8476 | lr: 0.00004807 | best AP50 acc: 0.8630 | best AP70 acc: 0.7488 | best mAP acc: 0.6951 | best mAR acc: 0.7594 | best Score: 0.6951 | best Score epoch: 29 
epoch 31, iter  951: loss: 0.0056 | load time: 0.0002 | back time: 0.8443 | lr: 0.00004793 | best AP50 acc: 0.8630 | best AP70 acc: 0.7488 | best mAP acc: 0.6951 | best mAR acc: 0.7594 | best Score: 0.6951 | best Score epoch: 29 
epoch 31, iter 1001: loss: 0.0056 | load time: 0.0002 | back time: 0.8393 | lr: 0.00004780 | best AP50 acc: 0.8630 | best AP70 acc: 0.7488 | best mAP acc: 0.6951 | best mAR acc: 0.7594 | best Score: 0.6951 | best Score epoch: 29 
epoch 31, iter 1051: loss: 0.0056 | load time: 0.0003 | back time: 0.8291 | lr: 0.00004766 | best AP50 acc: 0.8630 | best AP70 acc: 0.7488 | best mAP acc: 0.6951 | best mAR acc: 0.7594 | best Score: 0.6951 | best Score epoch: 29 
epoch 31, iter 1101: loss: 0.0057 | load time: 0.0002 | back time: 0.8416 | lr: 0.00004753 | best AP50 acc: 0.8630 | best AP70 acc: 0.7488 | best mAP acc: 0.6951 | best mAR acc: 0.7594 | best Score: 0.6951 | best Score epoch: 29 
epoch 31, iter 1151: loss: 0.0056 | load time: 0.0001 | back time: 0.8390 | lr: 0.00004739 | best AP50 acc: 0.8630 | best AP70 acc: 0.7488 | best mAP acc: 0.6951 | best mAR acc: 0.7594 | best Score: 0.6951 | best Score epoch: 29 
UAV_SEQS_2 | mAP50:90: 37.3964 | AP50: 61.8897 | AP70: 40.9125 
UAV_SEQS_37 | mAP50:90: 87.4611 | AP50: 100.0000 | AP70: 92.2244 
UAV_SEQS_45 | mAP50:90: 95.6812 | AP50: 100.0000 | AP70: 100.0000 
UAV_SEQS_47 | mAP50:90: 93.8721 | AP50: 100.0000 | AP70: 100.0000 
UAV_SEQS_55 | mAP50:90: 44.2817 | AP50: 70.5534 | AP70: 46.9415 
UAV_SEQS_59 | mAP50:90: 67.6642 | AP50: 92.4205 | AP70: 73.9049 
UAV_SEQS_6 | mAP50:90: 43.0889 | AP50: 48.8460 | AP70: 47.2372 
UAV_SEQS_63 | mAP50:90: 17.6562 | AP50: 46.4058 | AP70: 12.0687 
UAV_SEQS_65 | mAP50:90: 86.8983 | AP50: 98.8146 | AP70: 94.2106 
UAV_SEQS_7 | mAP50:90: 74.8500 | AP50: 100.0000 | AP70: 89.1963 
UAV_SEQS_71 | mAP50:90: 73.4116 | AP50: 97.0788 | AP70: 80.3397 
UAV_SEQS_73 | mAP50:90: 73.6938 | AP50: 92.6651 | AP70: 80.7009 
UAV_SEQS_74 | mAP50:90: 99.7653 | AP50: 100.0000 | AP70: 100.0000 
UAV_SEQS_77 | mAP50:90: 23.6163 | AP50: 38.3390 | AP70: 29.7797 
UAV_SEQS_8 | mAP50:90: 82.8902 | AP50: 100.0000 | AP70: 95.0198 
Overall            | mAP50:95: 69.2325 | AP50: 85.6373 | AP70: 74.7497 
epoch 32, iter    1: loss: 0.0056 | load time: 0.0048 | back time: 0.4580 | lr: 0.00004739 | best AP50 acc: 0.8630 | best AP70 acc: 0.7488 | best mAP acc: 0.6951 | best mAR acc: 0.7594 | best Score: 0.6951 | best Score epoch: 29 
epoch 32, iter   51: loss: 0.0055 | load time: 0.0001 | back time: 0.8308 | lr: 0.00004725 | best AP50 acc: 0.8630 | best AP70 acc: 0.7488 | best mAP acc: 0.6951 | best mAR acc: 0.7594 | best Score: 0.6951 | best Score epoch: 29 
epoch 32, iter  101: loss: 0.0056 | load time: 0.0002 | back time: 0.8357 | lr: 0.00004712 | best AP50 acc: 0.8630 | best AP70 acc: 0.7488 | best mAP acc: 0.6951 | best mAR acc: 0.7594 | best Score: 0.6951 | best Score epoch: 29 
epoch 32, iter  151: loss: 0.0055 | load time: 0.0003 | back time: 0.8369 | lr: 0.00004699 | best AP50 acc: 0.8630 | best AP70 acc: 0.7488 | best mAP acc: 0.6951 | best mAR acc: 0.7594 | best Score: 0.6951 | best Score epoch: 29 
epoch 32, iter  201: loss: 0.0057 | load time: 0.0002 | back time: 0.8382 | lr: 0.00004685 | best AP50 acc: 0.8630 | best AP70 acc: 0.7488 | best mAP acc: 0.6951 | best mAR acc: 0.7594 | best Score: 0.6951 | best Score epoch: 29 
epoch 32, iter  251: loss: 0.0056 | load time: 0.0001 | back time: 0.8409 | lr: 0.00004672 | best AP50 acc: 0.8630 | best AP70 acc: 0.7488 | best mAP acc: 0.6951 | best mAR acc: 0.7594 | best Score: 0.6951 | best Score epoch: 29 
epoch 32, iter  301: loss: 0.0056 | load time: 0.0003 | back time: 0.8461 | lr: 0.00004658 | best AP50 acc: 0.8630 | best AP70 acc: 0.7488 | best mAP acc: 0.6951 | best mAR acc: 0.7594 | best Score: 0.6951 | best Score epoch: 29 
epoch 32, iter  351: loss: 0.0057 | load time: 0.0003 | back time: 0.8405 | lr: 0.00004645 | best AP50 acc: 0.8630 | best AP70 acc: 0.7488 | best mAP acc: 0.6951 | best mAR acc: 0.7594 | best Score: 0.6951 | best Score epoch: 29 
epoch 32, iter  401: loss: 0.0056 | load time: 0.0002 | back time: 0.8355 | lr: 0.00004631 | best AP50 acc: 0.8630 | best AP70 acc: 0.7488 | best mAP acc: 0.6951 | best mAR acc: 0.7594 | best Score: 0.6951 | best Score epoch: 29 
epoch 32, iter  451: loss: 0.0056 | load time: 0.0002 | back time: 0.8352 | lr: 0.00004618 | best AP50 acc: 0.8630 | best AP70 acc: 0.7488 | best mAP acc: 0.6951 | best mAR acc: 0.7594 | best Score: 0.6951 | best Score epoch: 29 
epoch 32, iter  501: loss: 0.0053 | load time: 0.0002 | back time: 0.8394 | lr: 0.00004604 | best AP50 acc: 0.8630 | best AP70 acc: 0.7488 | best mAP acc: 0.6951 | best mAR acc: 0.7594 | best Score: 0.6951 | best Score epoch: 29 
epoch 32, iter  551: loss: 0.0055 | load time: 0.0001 | back time: 0.8378 | lr: 0.00004591 | best AP50 acc: 0.8630 | best AP70 acc: 0.7488 | best mAP acc: 0.6951 | best mAR acc: 0.7594 | best Score: 0.6951 | best Score epoch: 29 
epoch 32, iter  601: loss: 0.0055 | load time: 0.0002 | back time: 0.8375 | lr: 0.00004577 | best AP50 acc: 0.8630 | best AP70 acc: 0.7488 | best mAP acc: 0.6951 | best mAR acc: 0.7594 | best Score: 0.6951 | best Score epoch: 29 
epoch 32, iter  651: loss: 0.0056 | load time: 0.0003 | back time: 0.8383 | lr: 0.00004564 | best AP50 acc: 0.8630 | best AP70 acc: 0.7488 | best mAP acc: 0.6951 | best mAR acc: 0.7594 | best Score: 0.6951 | best Score epoch: 29 
epoch 32, iter  701: loss: 0.0056 | load time: 0.0002 | back time: 0.8496 | lr: 0.00004551 | best AP50 acc: 0.8630 | best AP70 acc: 0.7488 | best mAP acc: 0.6951 | best mAR acc: 0.7594 | best Score: 0.6951 | best Score epoch: 29 
epoch 32, iter  751: loss: 0.0056 | load time: 0.0004 | back time: 0.7507 | lr: 0.00004537 | best AP50 acc: 0.8630 | best AP70 acc: 0.7488 | best mAP acc: 0.6951 | best mAR acc: 0.7594 | best Score: 0.6951 | best Score epoch: 29 
epoch 32, iter  801: loss: 0.0056 | load time: 0.0002 | back time: 0.8252 | lr: 0.00004524 | best AP50 acc: 0.8630 | best AP70 acc: 0.7488 | best mAP acc: 0.6951 | best mAR acc: 0.7594 | best Score: 0.6951 | best Score epoch: 29 
epoch 32, iter  851: loss: 0.0055 | load time: 0.0002 | back time: 0.8188 | lr: 0.00004510 | best AP50 acc: 0.8630 | best AP70 acc: 0.7488 | best mAP acc: 0.6951 | best mAR acc: 0.7594 | best Score: 0.6951 | best Score epoch: 29 
epoch 32, iter  901: loss: 0.0056 | load time: 0.0002 | back time: 0.8251 | lr: 0.00004497 | best AP50 acc: 0.8630 | best AP70 acc: 0.7488 | best mAP acc: 0.6951 | best mAR acc: 0.7594 | best Score: 0.6951 | best Score epoch: 29 
epoch 32, iter  951: loss: 0.0056 | load time: 0.0002 | back time: 0.8285 | lr: 0.00004483 | best AP50 acc: 0.8630 | best AP70 acc: 0.7488 | best mAP acc: 0.6951 | best mAR acc: 0.7594 | best Score: 0.6951 | best Score epoch: 29 
epoch 32, iter 1001: loss: 0.0055 | load time: 0.0003 | back time: 0.8454 | lr: 0.00004470 | best AP50 acc: 0.8630 | best AP70 acc: 0.7488 | best mAP acc: 0.6951 | best mAR acc: 0.7594 | best Score: 0.6951 | best Score epoch: 29 
epoch 32, iter 1051: loss: 0.0055 | load time: 0.0002 | back time: 0.8343 | lr: 0.00004457 | best AP50 acc: 0.8630 | best AP70 acc: 0.7488 | best mAP acc: 0.6951 | best mAR acc: 0.7594 | best Score: 0.6951 | best Score epoch: 29 
epoch 32, iter 1101: loss: 0.0056 | load time: 0.0002 | back time: 0.8245 | lr: 0.00004443 | best AP50 acc: 0.8630 | best AP70 acc: 0.7488 | best mAP acc: 0.6951 | best mAR acc: 0.7594 | best Score: 0.6951 | best Score epoch: 29 
epoch 32, iter 1151: loss: 0.0056 | load time: 0.0001 | back time: 0.8087 | lr: 0.00004430 | best AP50 acc: 0.8630 | best AP70 acc: 0.7488 | best mAP acc: 0.6951 | best mAR acc: 0.7594 | best Score: 0.6951 | best Score epoch: 29 
UAV_SEQS_2 | mAP50:90: 43.5298 | AP50: 70.6695 | AP70: 48.3473 
UAV_SEQS_37 | mAP50:90: 90.3058 | AP50: 100.0000 | AP70: 94.7835 
UAV_SEQS_45 | mAP50:90: 96.2715 | AP50: 100.0000 | AP70: 100.0000 
UAV_SEQS_47 | mAP50:90: 93.9360 | AP50: 100.0000 | AP70: 98.0132 
UAV_SEQS_55 | mAP50:90: 43.0814 | AP50: 68.2037 | AP70: 44.0460 
UAV_SEQS_59 | mAP50:90: 61.5257 | AP50: 89.6490 | AP70: 64.2709 
UAV_SEQS_6 | mAP50:90: 35.8581 | AP50: 44.2575 | AP70: 39.3087 
UAV_SEQS_63 | mAP50:90: 20.8933 | AP50: 51.3953 | AP70: 15.8961 
UAV_SEQS_65 | mAP50:90: 84.5817 | AP50: 98.7637 | AP70: 92.3940 
UAV_SEQS_7 | mAP50:90: 69.8018 | AP50: 96.6792 | AP70: 83.7592 
UAV_SEQS_71 | mAP50:90: 71.2550 | AP50: 94.8818 | AP70: 80.1592 
UAV_SEQS_73 | mAP50:90: 67.8912 | AP50: 90.1144 | AP70: 75.2380 
UAV_SEQS_74 | mAP50:90: 99.3024 | AP50: 100.0000 | AP70: 100.0000 
UAV_SEQS_77 | mAP50:90: 14.6863 | AP50: 27.1966 | AP70: 17.1644 
UAV_SEQS_8 | mAP50:90: 85.5212 | AP50: 100.0000 | AP70: 95.2344 
Overall            | mAP50:95: 68.0465 | AP50: 84.2961 | AP70: 73.1604 
epoch 33, iter    1: loss: 0.0056 | load time: 0.0052 | back time: 0.3510 | lr: 0.00004429 | best AP50 acc: 0.8630 | best AP70 acc: 0.7488 | best mAP acc: 0.6951 | best mAR acc: 0.7594 | best Score: 0.6951 | best Score epoch: 29 
epoch 33, iter   51: loss: 0.0054 | load time: 0.0002 | back time: 0.8038 | lr: 0.00004416 | best AP50 acc: 0.8630 | best AP70 acc: 0.7488 | best mAP acc: 0.6951 | best mAR acc: 0.7594 | best Score: 0.6951 | best Score epoch: 29 
epoch 33, iter  101: loss: 0.0056 | load time: 0.0002 | back time: 0.8369 | lr: 0.00004403 | best AP50 acc: 0.8630 | best AP70 acc: 0.7488 | best mAP acc: 0.6951 | best mAR acc: 0.7594 | best Score: 0.6951 | best Score epoch: 29 
epoch 33, iter  151: loss: 0.0055 | load time: 0.0002 | back time: 0.8315 | lr: 0.00004389 | best AP50 acc: 0.8630 | best AP70 acc: 0.7488 | best mAP acc: 0.6951 | best mAR acc: 0.7594 | best Score: 0.6951 | best Score epoch: 29 
epoch 33, iter  201: loss: 0.0056 | load time: 0.0002 | back time: 0.8351 | lr: 0.00004376 | best AP50 acc: 0.8630 | best AP70 acc: 0.7488 | best mAP acc: 0.6951 | best mAR acc: 0.7594 | best Score: 0.6951 | best Score epoch: 29 
epoch 33, iter  251: loss: 0.0056 | load time: 0.0002 | back time: 0.8345 | lr: 0.00004362 | best AP50 acc: 0.8630 | best AP70 acc: 0.7488 | best mAP acc: 0.6951 | best mAR acc: 0.7594 | best Score: 0.6951 | best Score epoch: 29 
epoch 33, iter  301: loss: 0.0056 | load time: 0.0003 | back time: 0.8325 | lr: 0.00004349 | best AP50 acc: 0.8630 | best AP70 acc: 0.7488 | best mAP acc: 0.6951 | best mAR acc: 0.7594 | best Score: 0.6951 | best Score epoch: 29 
epoch 33, iter  351: loss: 0.0055 | load time: 0.0002 | back time: 0.8444 | lr: 0.00004336 | best AP50 acc: 0.8630 | best AP70 acc: 0.7488 | best mAP acc: 0.6951 | best mAR acc: 0.7594 | best Score: 0.6951 | best Score epoch: 29 
epoch 33, iter  401: loss: 0.0056 | load time: 0.0001 | back time: 0.8310 | lr: 0.00004322 | best AP50 acc: 0.8630 | best AP70 acc: 0.7488 | best mAP acc: 0.6951 | best mAR acc: 0.7594 | best Score: 0.6951 | best Score epoch: 29 
epoch 33, iter  451: loss: 0.0056 | load time: 0.0002 | back time: 0.8155 | lr: 0.00004309 | best AP50 acc: 0.8630 | best AP70 acc: 0.7488 | best mAP acc: 0.6951 | best mAR acc: 0.7594 | best Score: 0.6951 | best Score epoch: 29 
epoch 33, iter  501: loss: 0.0055 | load time: 0.0002 | back time: 0.8331 | lr: 0.00004296 | best AP50 acc: 0.8630 | best AP70 acc: 0.7488 | best mAP acc: 0.6951 | best mAR acc: 0.7594 | best Score: 0.6951 | best Score epoch: 29 
epoch 33, iter  551: loss: 0.0056 | load time: 0.0001 | back time: 0.8442 | lr: 0.00004282 | best AP50 acc: 0.8630 | best AP70 acc: 0.7488 | best mAP acc: 0.6951 | best mAR acc: 0.7594 | best Score: 0.6951 | best Score epoch: 29 
epoch 33, iter  601: loss: 0.0056 | load time: 0.0001 | back time: 0.8610 | lr: 0.00004269 | best AP50 acc: 0.8630 | best AP70 acc: 0.7488 | best mAP acc: 0.6951 | best mAR acc: 0.7594 | best Score: 0.6951 | best Score epoch: 29 
epoch 33, iter  651: loss: 0.0056 | load time: 0.0002 | back time: 0.8345 | lr: 0.00004256 | best AP50 acc: 0.8630 | best AP70 acc: 0.7488 | best mAP acc: 0.6951 | best mAR acc: 0.7594 | best Score: 0.6951 | best Score epoch: 29 
epoch 33, iter  701: loss: 0.0053 | load time: 0.0002 | back time: 0.8292 | lr: 0.00004242 | best AP50 acc: 0.8630 | best AP70 acc: 0.7488 | best mAP acc: 0.6951 | best mAR acc: 0.7594 | best Score: 0.6951 | best Score epoch: 29 
epoch 33, iter  751: loss: 0.0056 | load time: 0.0002 | back time: 0.8497 | lr: 0.00004229 | best AP50 acc: 0.8630 | best AP70 acc: 0.7488 | best mAP acc: 0.6951 | best mAR acc: 0.7594 | best Score: 0.6951 | best Score epoch: 29 
epoch 33, iter  801: loss: 0.0056 | load time: 0.0003 | back time: 0.8294 | lr: 0.00004216 | best AP50 acc: 0.8630 | best AP70 acc: 0.7488 | best mAP acc: 0.6951 | best mAR acc: 0.7594 | best Score: 0.6951 | best Score epoch: 29 
epoch 33, iter  851: loss: 0.0055 | load time: 0.0003 | back time: 0.8429 | lr: 0.00004202 | best AP50 acc: 0.8630 | best AP70 acc: 0.7488 | best mAP acc: 0.6951 | best mAR acc: 0.7594 | best Score: 0.6951 | best Score epoch: 29 
epoch 33, iter  901: loss: 0.0055 | load time: 0.0002 | back time: 0.8401 | lr: 0.00004189 | best AP50 acc: 0.8630 | best AP70 acc: 0.7488 | best mAP acc: 0.6951 | best mAR acc: 0.7594 | best Score: 0.6951 | best Score epoch: 29 
epoch 33, iter  951: loss: 0.0055 | load time: 0.0002 | back time: 0.8406 | lr: 0.00004176 | best AP50 acc: 0.8630 | best AP70 acc: 0.7488 | best mAP acc: 0.6951 | best mAR acc: 0.7594 | best Score: 0.6951 | best Score epoch: 29 
epoch 33, iter 1001: loss: 0.0055 | load time: 0.0002 | back time: 0.8408 | lr: 0.00004163 | best AP50 acc: 0.8630 | best AP70 acc: 0.7488 | best mAP acc: 0.6951 | best mAR acc: 0.7594 | best Score: 0.6951 | best Score epoch: 29 
epoch 33, iter 1051: loss: 0.0055 | load time: 0.0002 | back time: 0.8390 | lr: 0.00004149 | best AP50 acc: 0.8630 | best AP70 acc: 0.7488 | best mAP acc: 0.6951 | best mAR acc: 0.7594 | best Score: 0.6951 | best Score epoch: 29 
epoch 33, iter 1101: loss: 0.0056 | load time: 0.0002 | back time: 0.8404 | lr: 0.00004136 | best AP50 acc: 0.8630 | best AP70 acc: 0.7488 | best mAP acc: 0.6951 | best mAR acc: 0.7594 | best Score: 0.6951 | best Score epoch: 29 
epoch 33, iter 1151: loss: 0.0054 | load time: 0.0001 | back time: 0.8368 | lr: 0.00004123 | best AP50 acc: 0.8630 | best AP70 acc: 0.7488 | best mAP acc: 0.6951 | best mAR acc: 0.7594 | best Score: 0.6951 | best Score epoch: 29 
UAV_SEQS_2 | mAP50:90: 37.6161 | AP50: 65.8705 | AP70: 39.7437 
UAV_SEQS_37 | mAP50:90: 87.8391 | AP50: 100.0000 | AP70: 92.8551 
UAV_SEQS_45 | mAP50:90: 97.5399 | AP50: 100.0000 | AP70: 100.0000 
UAV_SEQS_47 | mAP50:90: 95.2262 | AP50: 100.0000 | AP70: 100.0000 
UAV_SEQS_55 | mAP50:90: 45.3441 | AP50: 68.9623 | AP70: 48.8784 
UAV_SEQS_59 | mAP50:90: 59.5479 | AP50: 85.6505 | AP70: 60.1230 
UAV_SEQS_6 | mAP50:90: 40.6433 | AP50: 48.1501 | AP70: 45.8266 
UAV_SEQS_63 | mAP50:90: 30.5972 | AP50: 72.0719 | AP70: 23.9985 
UAV_SEQS_65 | mAP50:90: 86.5813 | AP50: 97.6970 | AP70: 92.6417 
UAV_SEQS_7 | mAP50:90: 60.6183 | AP50: 98.9800 | AP70: 68.8989 
UAV_SEQS_71 | mAP50:90: 70.5011 | AP50: 96.9598 | AP70: 77.9642 
UAV_SEQS_73 | mAP50:90: 69.6947 | AP50: 89.0712 | AP70: 77.3582 
UAV_SEQS_74 | mAP50:90: 96.8010 | AP50: 100.0000 | AP70: 100.0000 
UAV_SEQS_77 | mAP50:90: 23.4846 | AP50: 40.0556 | AP70: 28.7765 
UAV_SEQS_8 | mAP50:90: 73.2990 | AP50: 100.0000 | AP70: 85.7884 
Overall            | mAP50:95: 67.7015 | AP50: 86.2831 | AP70: 72.5930 
epoch 34, iter    1: loss: 0.0056 | load time: 0.0049 | back time: 0.5244 | lr: 0.00004122 | best AP50 acc: 0.8630 | best AP70 acc: 0.7488 | best mAP acc: 0.6951 | best mAR acc: 0.7594 | best Score: 0.6951 | best Score epoch: 29 
epoch 34, iter   51: loss: 0.0055 | load time: 0.0002 | back time: 0.8208 | lr: 0.00004109 | best AP50 acc: 0.8630 | best AP70 acc: 0.7488 | best mAP acc: 0.6951 | best mAR acc: 0.7594 | best Score: 0.6951 | best Score epoch: 29 
epoch 34, iter  101: loss: 0.0056 | load time: 0.0003 | back time: 0.8069 | lr: 0.00004096 | best AP50 acc: 0.8630 | best AP70 acc: 0.7488 | best mAP acc: 0.6951 | best mAR acc: 0.7594 | best Score: 0.6951 | best Score epoch: 29 
epoch 34, iter  151: loss: 0.0053 | load time: 0.0002 | back time: 0.8222 | lr: 0.00004082 | best AP50 acc: 0.8630 | best AP70 acc: 0.7488 | best mAP acc: 0.6951 | best mAR acc: 0.7594 | best Score: 0.6951 | best Score epoch: 29 
epoch 34, iter  201: loss: 0.0055 | load time: 0.0001 | back time: 0.8348 | lr: 0.00004069 | best AP50 acc: 0.8630 | best AP70 acc: 0.7488 | best mAP acc: 0.6951 | best mAR acc: 0.7594 | best Score: 0.6951 | best Score epoch: 29 
epoch 34, iter  251: loss: 0.0055 | load time: 0.0001 | back time: 0.8863 | lr: 0.00004056 | best AP50 acc: 0.8630 | best AP70 acc: 0.7488 | best mAP acc: 0.6951 | best mAR acc: 0.7594 | best Score: 0.6951 | best Score epoch: 29 
epoch 34, iter  301: loss: 0.0056 | load time: 0.0002 | back time: 0.8186 | lr: 0.00004043 | best AP50 acc: 0.8630 | best AP70 acc: 0.7488 | best mAP acc: 0.6951 | best mAR acc: 0.7594 | best Score: 0.6951 | best Score epoch: 29 
epoch 34, iter  351: loss: 0.0056 | load time: 0.0002 | back time: 0.8473 | lr: 0.00004030 | best AP50 acc: 0.8630 | best AP70 acc: 0.7488 | best mAP acc: 0.6951 | best mAR acc: 0.7594 | best Score: 0.6951 | best Score epoch: 29 
epoch 34, iter  401: loss: 0.0056 | load time: 0.0001 | back time: 0.7753 | lr: 0.00004016 | best AP50 acc: 0.8630 | best AP70 acc: 0.7488 | best mAP acc: 0.6951 | best mAR acc: 0.7594 | best Score: 0.6951 | best Score epoch: 29 
epoch 34, iter  451: loss: 0.0054 | load time: 0.0002 | back time: 0.8102 | lr: 0.00004003 | best AP50 acc: 0.8630 | best AP70 acc: 0.7488 | best mAP acc: 0.6951 | best mAR acc: 0.7594 | best Score: 0.6951 | best Score epoch: 29 
epoch 34, iter  501: loss: 0.0056 | load time: 0.0004 | back time: 0.8216 | lr: 0.00003990 | best AP50 acc: 0.8630 | best AP70 acc: 0.7488 | best mAP acc: 0.6951 | best mAR acc: 0.7594 | best Score: 0.6951 | best Score epoch: 29 
epoch 34, iter  551: loss: 0.0055 | load time: 0.0001 | back time: 0.8426 | lr: 0.00003977 | best AP50 acc: 0.8630 | best AP70 acc: 0.7488 | best mAP acc: 0.6951 | best mAR acc: 0.7594 | best Score: 0.6951 | best Score epoch: 29 
epoch 34, iter  601: loss: 0.0056 | load time: 0.0002 | back time: 0.8148 | lr: 0.00003964 | best AP50 acc: 0.8630 | best AP70 acc: 0.7488 | best mAP acc: 0.6951 | best mAR acc: 0.7594 | best Score: 0.6951 | best Score epoch: 29 
epoch 34, iter  651: loss: 0.0055 | load time: 0.0002 | back time: 0.8469 | lr: 0.00003950 | best AP50 acc: 0.8630 | best AP70 acc: 0.7488 | best mAP acc: 0.6951 | best mAR acc: 0.7594 | best Score: 0.6951 | best Score epoch: 29 
epoch 34, iter  701: loss: 0.0055 | load time: 0.0001 | back time: 0.8220 | lr: 0.00003937 | best AP50 acc: 0.8630 | best AP70 acc: 0.7488 | best mAP acc: 0.6951 | best mAR acc: 0.7594 | best Score: 0.6951 | best Score epoch: 29 
epoch 34, iter  751: loss: 0.0055 | load time: 0.0001 | back time: 0.8094 | lr: 0.00003924 | best AP50 acc: 0.8630 | best AP70 acc: 0.7488 | best mAP acc: 0.6951 | best mAR acc: 0.7594 | best Score: 0.6951 | best Score epoch: 29 
epoch 34, iter  801: loss: 0.0055 | load time: 0.0002 | back time: 0.8302 | lr: 0.00003911 | best AP50 acc: 0.8630 | best AP70 acc: 0.7488 | best mAP acc: 0.6951 | best mAR acc: 0.7594 | best Score: 0.6951 | best Score epoch: 29 
epoch 34, iter  851: loss: 0.0053 | load time: 0.0003 | back time: 0.8286 | lr: 0.00003898 | best AP50 acc: 0.8630 | best AP70 acc: 0.7488 | best mAP acc: 0.6951 | best mAR acc: 0.7594 | best Score: 0.6951 | best Score epoch: 29 
epoch 34, iter  901: loss: 0.0056 | load time: 0.0002 | back time: 0.8259 | lr: 0.00003885 | best AP50 acc: 0.8630 | best AP70 acc: 0.7488 | best mAP acc: 0.6951 | best mAR acc: 0.7594 | best Score: 0.6951 | best Score epoch: 29 
epoch 34, iter  951: loss: 0.0053 | load time: 0.0001 | back time: 0.8227 | lr: 0.00003872 | best AP50 acc: 0.8630 | best AP70 acc: 0.7488 | best mAP acc: 0.6951 | best mAR acc: 0.7594 | best Score: 0.6951 | best Score epoch: 29 
epoch 34, iter 1001: loss: 0.0056 | load time: 0.0002 | back time: 0.8118 | lr: 0.00003859 | best AP50 acc: 0.8630 | best AP70 acc: 0.7488 | best mAP acc: 0.6951 | best mAR acc: 0.7594 | best Score: 0.6951 | best Score epoch: 29 
epoch 34, iter 1051: loss: 0.0055 | load time: 0.0002 | back time: 0.8095 | lr: 0.00003845 | best AP50 acc: 0.8630 | best AP70 acc: 0.7488 | best mAP acc: 0.6951 | best mAR acc: 0.7594 | best Score: 0.6951 | best Score epoch: 29 
epoch 34, iter 1101: loss: 0.0055 | load time: 0.0002 | back time: 0.8102 | lr: 0.00003832 | best AP50 acc: 0.8630 | best AP70 acc: 0.7488 | best mAP acc: 0.6951 | best mAR acc: 0.7594 | best Score: 0.6951 | best Score epoch: 29 
epoch 34, iter 1151: loss: 0.0055 | load time: 0.0001 | back time: 0.8302 | lr: 0.00003819 | best AP50 acc: 0.8630 | best AP70 acc: 0.7488 | best mAP acc: 0.6951 | best mAR acc: 0.7594 | best Score: 0.6951 | best Score epoch: 29 
UAV_SEQS_2 | mAP50:90: 43.6736 | AP50: 75.5555 | AP70: 46.3377 
UAV_SEQS_37 | mAP50:90: 87.8054 | AP50: 100.0000 | AP70: 92.6938 
UAV_SEQS_45 | mAP50:90: 96.8073 | AP50: 100.0000 | AP70: 100.0000 
UAV_SEQS_47 | mAP50:90: 94.1777 | AP50: 100.0000 | AP70: 99.0099 
UAV_SEQS_55 | mAP50:90: 45.9770 | AP50: 71.6608 | AP70: 46.8058 
UAV_SEQS_59 | mAP50:90: 61.7026 | AP50: 91.3966 | AP70: 65.1558 
UAV_SEQS_6 | mAP50:90: 43.2923 | AP50: 51.0691 | AP70: 48.3784 
UAV_SEQS_63 | mAP50:90: 27.5479 | AP50: 65.5576 | AP70: 19.3860 
UAV_SEQS_65 | mAP50:90: 86.0091 | AP50: 96.6074 | AP70: 93.1926 
UAV_SEQS_7 | mAP50:90: 65.3561 | AP50: 98.9299 | AP70: 75.9783 
UAV_SEQS_71 | mAP50:90: 69.6684 | AP50: 95.7156 | AP70: 77.5948 
UAV_SEQS_73 | mAP50:90: 71.7462 | AP50: 90.6615 | AP70: 80.1548 
UAV_SEQS_74 | mAP50:90: 98.4481 | AP50: 100.0000 | AP70: 100.0000 
UAV_SEQS_77 | mAP50:90: 16.3473 | AP50: 32.2847 | AP70: 20.4586 
UAV_SEQS_8 | mAP50:90: 81.6336 | AP50: 100.0000 | AP70: 94.9091 
Overall            | mAP50:95: 68.3662 | AP50: 85.9932 | AP70: 73.5552 
epoch 35, iter    1: loss: 0.0056 | load time: 0.0039 | back time: 0.3620 | lr: 0.00003819 | best AP50 acc: 0.8630 | best AP70 acc: 0.7488 | best mAP acc: 0.6951 | best mAR acc: 0.7594 | best Score: 0.6951 | best Score epoch: 29 
epoch 35, iter   51: loss: 0.0056 | load time: 0.0002 | back time: 0.8031 | lr: 0.00003806 | best AP50 acc: 0.8630 | best AP70 acc: 0.7488 | best mAP acc: 0.6951 | best mAR acc: 0.7594 | best Score: 0.6951 | best Score epoch: 29 
epoch 35, iter  101: loss: 0.0056 | load time: 0.0002 | back time: 0.8071 | lr: 0.00003793 | best AP50 acc: 0.8630 | best AP70 acc: 0.7488 | best mAP acc: 0.6951 | best mAR acc: 0.7594 | best Score: 0.6951 | best Score epoch: 29 
epoch 35, iter  151: loss: 0.0056 | load time: 0.0002 | back time: 0.8096 | lr: 0.00003780 | best AP50 acc: 0.8630 | best AP70 acc: 0.7488 | best mAP acc: 0.6951 | best mAR acc: 0.7594 | best Score: 0.6951 | best Score epoch: 29 
epoch 35, iter  201: loss: 0.0055 | load time: 0.0002 | back time: 0.8101 | lr: 0.00003766 | best AP50 acc: 0.8630 | best AP70 acc: 0.7488 | best mAP acc: 0.6951 | best mAR acc: 0.7594 | best Score: 0.6951 | best Score epoch: 29 
epoch 35, iter  251: loss: 0.0054 | load time: 0.0003 | back time: 0.8798 | lr: 0.00003753 | best AP50 acc: 0.8630 | best AP70 acc: 0.7488 | best mAP acc: 0.6951 | best mAR acc: 0.7594 | best Score: 0.6951 | best Score epoch: 29 
epoch 35, iter  301: loss: 0.0056 | load time: 0.0003 | back time: 0.8318 | lr: 0.00003740 | best AP50 acc: 0.8630 | best AP70 acc: 0.7488 | best mAP acc: 0.6951 | best mAR acc: 0.7594 | best Score: 0.6951 | best Score epoch: 29 
epoch 35, iter  351: loss: 0.0055 | load time: 0.0002 | back time: 0.8160 | lr: 0.00003727 | best AP50 acc: 0.8630 | best AP70 acc: 0.7488 | best mAP acc: 0.6951 | best mAR acc: 0.7594 | best Score: 0.6951 | best Score epoch: 29 
epoch 35, iter  401: loss: 0.0056 | load time: 0.0002 | back time: 0.8085 | lr: 0.00003714 | best AP50 acc: 0.8630 | best AP70 acc: 0.7488 | best mAP acc: 0.6951 | best mAR acc: 0.7594 | best Score: 0.6951 | best Score epoch: 29 
epoch 35, iter  451: loss: 0.0055 | load time: 0.0002 | back time: 0.8150 | lr: 0.00003701 | best AP50 acc: 0.8630 | best AP70 acc: 0.7488 | best mAP acc: 0.6951 | best mAR acc: 0.7594 | best Score: 0.6951 | best Score epoch: 29 
epoch 35, iter  501: loss: 0.0055 | load time: 0.0003 | back time: 0.8571 | lr: 0.00003688 | best AP50 acc: 0.8630 | best AP70 acc: 0.7488 | best mAP acc: 0.6951 | best mAR acc: 0.7594 | best Score: 0.6951 | best Score epoch: 29 
epoch 35, iter  551: loss: 0.0056 | load time: 0.0003 | back time: 0.8321 | lr: 0.00003675 | best AP50 acc: 0.8630 | best AP70 acc: 0.7488 | best mAP acc: 0.6951 | best mAR acc: 0.7594 | best Score: 0.6951 | best Score epoch: 29 
epoch 35, iter  601: loss: 0.0056 | load time: 0.0002 | back time: 0.8471 | lr: 0.00003663 | best AP50 acc: 0.8630 | best AP70 acc: 0.7488 | best mAP acc: 0.6951 | best mAR acc: 0.7594 | best Score: 0.6951 | best Score epoch: 29 
epoch 35, iter  651: loss: 0.0056 | load time: 0.0002 | back time: 0.8098 | lr: 0.00003650 | best AP50 acc: 0.8630 | best AP70 acc: 0.7488 | best mAP acc: 0.6951 | best mAR acc: 0.7594 | best Score: 0.6951 | best Score epoch: 29 
epoch 35, iter  701: loss: 0.0054 | load time: 0.0002 | back time: 0.8329 | lr: 0.00003637 | best AP50 acc: 0.8630 | best AP70 acc: 0.7488 | best mAP acc: 0.6951 | best mAR acc: 0.7594 | best Score: 0.6951 | best Score epoch: 29 
epoch 35, iter  751: loss: 0.0055 | load time: 0.0003 | back time: 0.8119 | lr: 0.00003624 | best AP50 acc: 0.8630 | best AP70 acc: 0.7488 | best mAP acc: 0.6951 | best mAR acc: 0.7594 | best Score: 0.6951 | best Score epoch: 29 
epoch 35, iter  801: loss: 0.0055 | load time: 0.0002 | back time: 0.8091 | lr: 0.00003611 | best AP50 acc: 0.8630 | best AP70 acc: 0.7488 | best mAP acc: 0.6951 | best mAR acc: 0.7594 | best Score: 0.6951 | best Score epoch: 29 
epoch 35, iter  851: loss: 0.0055 | load time: 0.0001 | back time: 0.8471 | lr: 0.00003598 | best AP50 acc: 0.8630 | best AP70 acc: 0.7488 | best mAP acc: 0.6951 | best mAR acc: 0.7594 | best Score: 0.6951 | best Score epoch: 29 
epoch 35, iter  901: loss: 0.0056 | load time: 0.0002 | back time: 0.8776 | lr: 0.00003585 | best AP50 acc: 0.8630 | best AP70 acc: 0.7488 | best mAP acc: 0.6951 | best mAR acc: 0.7594 | best Score: 0.6951 | best Score epoch: 29 
epoch 35, iter  951: loss: 0.0056 | load time: 0.0002 | back time: 0.8703 | lr: 0.00003572 | best AP50 acc: 0.8630 | best AP70 acc: 0.7488 | best mAP acc: 0.6951 | best mAR acc: 0.7594 | best Score: 0.6951 | best Score epoch: 29 
epoch 35, iter 1001: loss: 0.0056 | load time: 0.0002 | back time: 0.8273 | lr: 0.00003559 | best AP50 acc: 0.8630 | best AP70 acc: 0.7488 | best mAP acc: 0.6951 | best mAR acc: 0.7594 | best Score: 0.6951 | best Score epoch: 29 
epoch 35, iter 1051: loss: 0.0056 | load time: 0.0002 | back time: 0.8346 | lr: 0.00003546 | best AP50 acc: 0.8630 | best AP70 acc: 0.7488 | best mAP acc: 0.6951 | best mAR acc: 0.7594 | best Score: 0.6951 | best Score epoch: 29 
epoch 35, iter 1101: loss: 0.0055 | load time: 0.0002 | back time: 0.8458 | lr: 0.00003533 | best AP50 acc: 0.8630 | best AP70 acc: 0.7488 | best mAP acc: 0.6951 | best mAR acc: 0.7594 | best Score: 0.6951 | best Score epoch: 29 
epoch 35, iter 1151: loss: 0.0056 | load time: 0.0001 | back time: 0.8463 | lr: 0.00003521 | best AP50 acc: 0.8630 | best AP70 acc: 0.7488 | best mAP acc: 0.6951 | best mAR acc: 0.7594 | best Score: 0.6951 | best Score epoch: 29 
UAV_SEQS_2 | mAP50:90: 34.2679 | AP50: 67.2687 | AP70: 33.2261 
UAV_SEQS_37 | mAP50:90: 86.9049 | AP50: 100.0000 | AP70: 90.3674 
UAV_SEQS_45 | mAP50:90: 98.0716 | AP50: 100.0000 | AP70: 100.0000 
UAV_SEQS_47 | mAP50:90: 95.9837 | AP50: 100.0000 | AP70: 100.0000 
UAV_SEQS_55 | mAP50:90: 45.2546 | AP50: 72.1949 | AP70: 47.3821 
UAV_SEQS_59 | mAP50:90: 62.6398 | AP50: 91.5215 | AP70: 66.6635 
UAV_SEQS_6 | mAP50:90: 39.5244 | AP50: 47.7032 | AP70: 42.4988 
UAV_SEQS_63 | mAP50:90: 34.8739 | AP50: 70.8982 | AP70: 32.3305 
UAV_SEQS_65 | mAP50:90: 85.5061 | AP50: 97.4674 | AP70: 91.9469 
UAV_SEQS_7 | mAP50:90: 55.8809 | AP50: 97.9182 | AP70: 61.4878 
UAV_SEQS_71 | mAP50:90: 70.6924 | AP50: 95.4337 | AP70: 75.8500 
UAV_SEQS_73 | mAP50:90: 71.8758 | AP50: 92.1193 | AP70: 80.2761 
UAV_SEQS_74 | mAP50:90: 99.3656 | AP50: 100.0000 | AP70: 100.0000 
UAV_SEQS_77 | mAP50:90: 17.5988 | AP50: 29.7796 | AP70: 23.1375 
UAV_SEQS_8 | mAP50:90: 70.0787 | AP50: 98.9010 | AP70: 79.9642 
Overall            | mAP50:95: 67.4730 | AP50: 86.6315 | AP70: 72.2612 
epoch 36, iter    1: loss: 0.0056 | load time: 0.0042 | back time: 0.3703 | lr: 0.00003520 | best AP50 acc: 0.8630 | best AP70 acc: 0.7488 | best mAP acc: 0.6951 | best mAR acc: 0.7594 | best Score: 0.6951 | best Score epoch: 29 
epoch 36, iter   51: loss: 0.0056 | load time: 0.0002 | back time: 0.8255 | lr: 0.00003507 | best AP50 acc: 0.8630 | best AP70 acc: 0.7488 | best mAP acc: 0.6951 | best mAR acc: 0.7594 | best Score: 0.6951 | best Score epoch: 29 
epoch 36, iter  101: loss: 0.0056 | load time: 0.0003 | back time: 0.8301 | lr: 0.00003494 | best AP50 acc: 0.8630 | best AP70 acc: 0.7488 | best mAP acc: 0.6951 | best mAR acc: 0.7594 | best Score: 0.6951 | best Score epoch: 29 
epoch 36, iter  151: loss: 0.0055 | load time: 0.0002 | back time: 0.8308 | lr: 0.00003482 | best AP50 acc: 0.8630 | best AP70 acc: 0.7488 | best mAP acc: 0.6951 | best mAR acc: 0.7594 | best Score: 0.6951 | best Score epoch: 29 
epoch 36, iter  201: loss: 0.0055 | load time: 0.0004 | back time: 0.8394 | lr: 0.00003469 | best AP50 acc: 0.8630 | best AP70 acc: 0.7488 | best mAP acc: 0.6951 | best mAR acc: 0.7594 | best Score: 0.6951 | best Score epoch: 29 
epoch 36, iter  251: loss: 0.0055 | load time: 0.0003 | back time: 0.8430 | lr: 0.00003456 | best AP50 acc: 0.8630 | best AP70 acc: 0.7488 | best mAP acc: 0.6951 | best mAR acc: 0.7594 | best Score: 0.6951 | best Score epoch: 29 
epoch 36, iter  301: loss: 0.0056 | load time: 0.0003 | back time: 0.8420 | lr: 0.00003443 | best AP50 acc: 0.8630 | best AP70 acc: 0.7488 | best mAP acc: 0.6951 | best mAR acc: 0.7594 | best Score: 0.6951 | best Score epoch: 29 
epoch 36, iter  351: loss: 0.0056 | load time: 0.0001 | back time: 0.8396 | lr: 0.00003431 | best AP50 acc: 0.8630 | best AP70 acc: 0.7488 | best mAP acc: 0.6951 | best mAR acc: 0.7594 | best Score: 0.6951 | best Score epoch: 29 
epoch 36, iter  401: loss: 0.0056 | load time: 0.0002 | back time: 0.8426 | lr: 0.00003418 | best AP50 acc: 0.8630 | best AP70 acc: 0.7488 | best mAP acc: 0.6951 | best mAR acc: 0.7594 | best Score: 0.6951 | best Score epoch: 29 
epoch 36, iter  451: loss: 0.0055 | load time: 0.0003 | back time: 0.8489 | lr: 0.00003405 | best AP50 acc: 0.8630 | best AP70 acc: 0.7488 | best mAP acc: 0.6951 | best mAR acc: 0.7594 | best Score: 0.6951 | best Score epoch: 29 
epoch 36, iter  501: loss: 0.0055 | load time: 0.0002 | back time: 0.8359 | lr: 0.00003392 | best AP50 acc: 0.8630 | best AP70 acc: 0.7488 | best mAP acc: 0.6951 | best mAR acc: 0.7594 | best Score: 0.6951 | best Score epoch: 29 
epoch 36, iter  551: loss: 0.0056 | load time: 0.0002 | back time: 0.8504 | lr: 0.00003380 | best AP50 acc: 0.8630 | best AP70 acc: 0.7488 | best mAP acc: 0.6951 | best mAR acc: 0.7594 | best Score: 0.6951 | best Score epoch: 29 
epoch 36, iter  601: loss: 0.0053 | load time: 0.0001 | back time: 0.8441 | lr: 0.00003367 | best AP50 acc: 0.8630 | best AP70 acc: 0.7488 | best mAP acc: 0.6951 | best mAR acc: 0.7594 | best Score: 0.6951 | best Score epoch: 29 
epoch 36, iter  651: loss: 0.0055 | load time: 0.0002 | back time: 0.8417 | lr: 0.00003354 | best AP50 acc: 0.8630 | best AP70 acc: 0.7488 | best mAP acc: 0.6951 | best mAR acc: 0.7594 | best Score: 0.6951 | best Score epoch: 29 
epoch 36, iter  701: loss: 0.0054 | load time: 0.0002 | back time: 0.8420 | lr: 0.00003342 | best AP50 acc: 0.8630 | best AP70 acc: 0.7488 | best mAP acc: 0.6951 | best mAR acc: 0.7594 | best Score: 0.6951 | best Score epoch: 29 
epoch 36, iter  751: loss: 0.0055 | load time: 0.0002 | back time: 0.8432 | lr: 0.00003329 | best AP50 acc: 0.8630 | best AP70 acc: 0.7488 | best mAP acc: 0.6951 | best mAR acc: 0.7594 | best Score: 0.6951 | best Score epoch: 29 
epoch 36, iter  801: loss: 0.0055 | load time: 0.0002 | back time: 0.8422 | lr: 0.00003316 | best AP50 acc: 0.8630 | best AP70 acc: 0.7488 | best mAP acc: 0.6951 | best mAR acc: 0.7594 | best Score: 0.6951 | best Score epoch: 29 
epoch 36, iter  851: loss: 0.0056 | load time: 0.0003 | back time: 0.8401 | lr: 0.00003304 | best AP50 acc: 0.8630 | best AP70 acc: 0.7488 | best mAP acc: 0.6951 | best mAR acc: 0.7594 | best Score: 0.6951 | best Score epoch: 29 
epoch 36, iter  901: loss: 0.0055 | load time: 0.0004 | back time: 0.8408 | lr: 0.00003291 | best AP50 acc: 0.8630 | best AP70 acc: 0.7488 | best mAP acc: 0.6951 | best mAR acc: 0.7594 | best Score: 0.6951 | best Score epoch: 29 
epoch 36, iter  951: loss: 0.0055 | load time: 0.0001 | back time: 0.8417 | lr: 0.00003278 | best AP50 acc: 0.8630 | best AP70 acc: 0.7488 | best mAP acc: 0.6951 | best mAR acc: 0.7594 | best Score: 0.6951 | best Score epoch: 29 
epoch 36, iter 1001: loss: 0.0054 | load time: 0.0002 | back time: 0.8461 | lr: 0.00003266 | best AP50 acc: 0.8630 | best AP70 acc: 0.7488 | best mAP acc: 0.6951 | best mAR acc: 0.7594 | best Score: 0.6951 | best Score epoch: 29 
epoch 36, iter 1051: loss: 0.0055 | load time: 0.0002 | back time: 0.8409 | lr: 0.00003253 | best AP50 acc: 0.8630 | best AP70 acc: 0.7488 | best mAP acc: 0.6951 | best mAR acc: 0.7594 | best Score: 0.6951 | best Score epoch: 29 
epoch 36, iter 1101: loss: 0.0056 | load time: 0.0002 | back time: 0.7418 | lr: 0.00003241 | best AP50 acc: 0.8630 | best AP70 acc: 0.7488 | best mAP acc: 0.6951 | best mAR acc: 0.7594 | best Score: 0.6951 | best Score epoch: 29 
epoch 36, iter 1151: loss: 0.0055 | load time: 0.0001 | back time: 0.8227 | lr: 0.00003228 | best AP50 acc: 0.8630 | best AP70 acc: 0.7488 | best mAP acc: 0.6951 | best mAR acc: 0.7594 | best Score: 0.6951 | best Score epoch: 29 
UAV_SEQS_2 | mAP50:90: 40.0046 | AP50: 68.2502 | AP70: 43.2714 
UAV_SEQS_37 | mAP50:90: 89.9071 | AP50: 100.0000 | AP70: 94.7170 
UAV_SEQS_45 | mAP50:90: 97.2139 | AP50: 100.0000 | AP70: 100.0000 
UAV_SEQS_47 | mAP50:90: 94.0365 | AP50: 100.0000 | AP70: 99.0099 
UAV_SEQS_55 | mAP50:90: 45.0846 | AP50: 67.5683 | AP70: 49.1478 
UAV_SEQS_59 | mAP50:90: 60.8167 | AP50: 91.1266 | AP70: 64.3893 
UAV_SEQS_6 | mAP50:90: 39.1565 | AP50: 48.5597 | AP70: 43.5287 
UAV_SEQS_63 | mAP50:90: 28.6689 | AP50: 66.0897 | AP70: 23.2568 
UAV_SEQS_65 | mAP50:90: 85.6302 | AP50: 97.6657 | AP70: 93.1380 
UAV_SEQS_7 | mAP50:90: 64.5918 | AP50: 98.9505 | AP70: 76.0165 
UAV_SEQS_71 | mAP50:90: 69.2681 | AP50: 95.5525 | AP70: 74.8291 
UAV_SEQS_73 | mAP50:90: 71.6132 | AP50: 92.5989 | AP70: 80.2089 
UAV_SEQS_74 | mAP50:90: 98.7493 | AP50: 100.0000 | AP70: 100.0000 
UAV_SEQS_77 | mAP50:90: 18.8907 | AP50: 32.3777 | AP70: 26.3452 
UAV_SEQS_8 | mAP50:90: 82.6423 | AP50: 100.0000 | AP70: 95.2065 
Overall            | mAP50:95: 68.2282 | AP50: 85.4893 | AP70: 74.1623 
epoch 37, iter    1: loss: 0.0056 | load time: 0.0063 | back time: 0.5005 | lr: 0.00003228 | best AP50 acc: 0.8630 | best AP70 acc: 0.7488 | best mAP acc: 0.6951 | best mAR acc: 0.7594 | best Score: 0.6951 | best Score epoch: 29 
epoch 37, iter   51: loss: 0.0055 | load time: 0.0002 | back time: 0.8029 | lr: 0.00003215 | best AP50 acc: 0.8630 | best AP70 acc: 0.7488 | best mAP acc: 0.6951 | best mAR acc: 0.7594 | best Score: 0.6951 | best Score epoch: 29 
epoch 37, iter  101: loss: 0.0056 | load time: 0.0004 | back time: 0.8264 | lr: 0.00003202 | best AP50 acc: 0.8630 | best AP70 acc: 0.7488 | best mAP acc: 0.6951 | best mAR acc: 0.7594 | best Score: 0.6951 | best Score epoch: 29 
epoch 37, iter  151: loss: 0.0056 | load time: 0.0001 | back time: 0.8093 | lr: 0.00003190 | best AP50 acc: 0.8630 | best AP70 acc: 0.7488 | best mAP acc: 0.6951 | best mAR acc: 0.7594 | best Score: 0.6951 | best Score epoch: 29 
epoch 37, iter  201: loss: 0.0052 | load time: 0.0002 | back time: 0.8137 | lr: 0.00003177 | best AP50 acc: 0.8630 | best AP70 acc: 0.7488 | best mAP acc: 0.6951 | best mAR acc: 0.7594 | best Score: 0.6951 | best Score epoch: 29 
epoch 37, iter  251: loss: 0.0055 | load time: 0.0002 | back time: 0.8636 | lr: 0.00003165 | best AP50 acc: 0.8630 | best AP70 acc: 0.7488 | best mAP acc: 0.6951 | best mAR acc: 0.7594 | best Score: 0.6951 | best Score epoch: 29 
epoch 37, iter  301: loss: 0.0055 | load time: 0.0003 | back time: 0.8436 | lr: 0.00003152 | best AP50 acc: 0.8630 | best AP70 acc: 0.7488 | best mAP acc: 0.6951 | best mAR acc: 0.7594 | best Score: 0.6951 | best Score epoch: 29 
epoch 37, iter  351: loss: 0.0055 | load time: 0.0002 | back time: 0.8561 | lr: 0.00003140 | best AP50 acc: 0.8630 | best AP70 acc: 0.7488 | best mAP acc: 0.6951 | best mAR acc: 0.7594 | best Score: 0.6951 | best Score epoch: 29 
epoch 37, iter  401: loss: 0.0056 | load time: 0.0003 | back time: 0.8489 | lr: 0.00003128 | best AP50 acc: 0.8630 | best AP70 acc: 0.7488 | best mAP acc: 0.6951 | best mAR acc: 0.7594 | best Score: 0.6951 | best Score epoch: 29 
epoch 37, iter  451: loss: 0.0053 | load time: 0.0002 | back time: 0.8356 | lr: 0.00003115 | best AP50 acc: 0.8630 | best AP70 acc: 0.7488 | best mAP acc: 0.6951 | best mAR acc: 0.7594 | best Score: 0.6951 | best Score epoch: 29 
epoch 37, iter  501: loss: 0.0055 | load time: 0.0002 | back time: 0.8079 | lr: 0.00003103 | best AP50 acc: 0.8630 | best AP70 acc: 0.7488 | best mAP acc: 0.6951 | best mAR acc: 0.7594 | best Score: 0.6951 | best Score epoch: 29 
epoch 37, iter  551: loss: 0.0056 | load time: 0.0003 | back time: 0.8079 | lr: 0.00003090 | best AP50 acc: 0.8630 | best AP70 acc: 0.7488 | best mAP acc: 0.6951 | best mAR acc: 0.7594 | best Score: 0.6951 | best Score epoch: 29 
epoch 37, iter  601: loss: 0.0055 | load time: 0.0002 | back time: 0.8088 | lr: 0.00003078 | best AP50 acc: 0.8630 | best AP70 acc: 0.7488 | best mAP acc: 0.6951 | best mAR acc: 0.7594 | best Score: 0.6951 | best Score epoch: 29 
epoch 37, iter  651: loss: 0.0055 | load time: 0.0003 | back time: 0.8686 | lr: 0.00003066 | best AP50 acc: 0.8630 | best AP70 acc: 0.7488 | best mAP acc: 0.6951 | best mAR acc: 0.7594 | best Score: 0.6951 | best Score epoch: 29 
epoch 37, iter  701: loss: 0.0055 | load time: 0.0003 | back time: 0.8256 | lr: 0.00003053 | best AP50 acc: 0.8630 | best AP70 acc: 0.7488 | best mAP acc: 0.6951 | best mAR acc: 0.7594 | best Score: 0.6951 | best Score epoch: 29 
epoch 37, iter  751: loss: 0.0056 | load time: 0.0002 | back time: 0.8774 | lr: 0.00003041 | best AP50 acc: 0.8630 | best AP70 acc: 0.7488 | best mAP acc: 0.6951 | best mAR acc: 0.7594 | best Score: 0.6951 | best Score epoch: 29 
epoch 37, iter  801: loss: 0.0055 | load time: 0.0003 | back time: 0.8322 | lr: 0.00003029 | best AP50 acc: 0.8630 | best AP70 acc: 0.7488 | best mAP acc: 0.6951 | best mAR acc: 0.7594 | best Score: 0.6951 | best Score epoch: 29 
epoch 37, iter  851: loss: 0.0055 | load time: 0.0002 | back time: 0.8061 | lr: 0.00003016 | best AP50 acc: 0.8630 | best AP70 acc: 0.7488 | best mAP acc: 0.6951 | best mAR acc: 0.7594 | best Score: 0.6951 | best Score epoch: 29 
epoch 37, iter  901: loss: 0.0055 | load time: 0.0003 | back time: 0.8622 | lr: 0.00003004 | best AP50 acc: 0.8630 | best AP70 acc: 0.7488 | best mAP acc: 0.6951 | best mAR acc: 0.7594 | best Score: 0.6951 | best Score epoch: 29 
epoch 37, iter  951: loss: 0.0056 | load time: 0.0002 | back time: 0.8130 | lr: 0.00002992 | best AP50 acc: 0.8630 | best AP70 acc: 0.7488 | best mAP acc: 0.6951 | best mAR acc: 0.7594 | best Score: 0.6951 | best Score epoch: 29 
epoch 37, iter 1001: loss: 0.0056 | load time: 0.0003 | back time: 0.8108 | lr: 0.00002979 | best AP50 acc: 0.8630 | best AP70 acc: 0.7488 | best mAP acc: 0.6951 | best mAR acc: 0.7594 | best Score: 0.6951 | best Score epoch: 29 
epoch 37, iter 1051: loss: 0.0056 | load time: 0.0003 | back time: 0.8618 | lr: 0.00002967 | best AP50 acc: 0.8630 | best AP70 acc: 0.7488 | best mAP acc: 0.6951 | best mAR acc: 0.7594 | best Score: 0.6951 | best Score epoch: 29 
epoch 37, iter 1101: loss: 0.0055 | load time: 0.0002 | back time: 0.8310 | lr: 0.00002955 | best AP50 acc: 0.8630 | best AP70 acc: 0.7488 | best mAP acc: 0.6951 | best mAR acc: 0.7594 | best Score: 0.6951 | best Score epoch: 29 
epoch 37, iter 1151: loss: 0.0055 | load time: 0.0005 | back time: 0.8567 | lr: 0.00002943 | best AP50 acc: 0.8630 | best AP70 acc: 0.7488 | best mAP acc: 0.6951 | best mAR acc: 0.7594 | best Score: 0.6951 | best Score epoch: 29 
UAV_SEQS_2 | mAP50:90: 33.8629 | AP50: 65.5999 | AP70: 32.4977 
UAV_SEQS_37 | mAP50:90: 87.7663 | AP50: 100.0000 | AP70: 91.9317 
UAV_SEQS_45 | mAP50:90: 97.7168 | AP50: 100.0000 | AP70: 100.0000 
UAV_SEQS_47 | mAP50:90: 94.3386 | AP50: 100.0000 | AP70: 100.0000 
UAV_SEQS_55 | mAP50:90: 45.0279 | AP50: 70.2327 | AP70: 48.6340 
UAV_SEQS_59 | mAP50:90: 61.3441 | AP50: 91.4286 | AP70: 66.4067 
UAV_SEQS_6 | mAP50:90: 43.5170 | AP50: 51.5922 | AP70: 49.1037 
UAV_SEQS_63 | mAP50:90: 30.4985 | AP50: 66.8953 | AP70: 26.6350 
UAV_SEQS_65 | mAP50:90: 85.7072 | AP50: 97.4876 | AP70: 91.6682 
UAV_SEQS_7 | mAP50:90: 67.5840 | AP50: 98.9366 | AP70: 78.0230 
UAV_SEQS_71 | mAP50:90: 72.7815 | AP50: 96.7378 | AP70: 78.1440 
UAV_SEQS_73 | mAP50:90: 68.5322 | AP50: 89.9121 | AP70: 76.9087 
UAV_SEQS_74 | mAP50:90: 98.9829 | AP50: 100.0000 | AP70: 100.0000 
UAV_SEQS_77 | mAP50:90: 18.1973 | AP50: 31.3651 | AP70: 25.0155 
UAV_SEQS_8 | mAP50:90: 74.3139 | AP50: 100.0000 | AP70: 84.6718 
Overall            | mAP50:95: 67.6012 | AP50: 85.5713 | AP70: 72.7664 
epoch 38, iter    1: loss: 0.0053 | load time: 0.0051 | back time: 0.4652 | lr: 0.00002942 | best AP50 acc: 0.8630 | best AP70 acc: 0.7488 | best mAP acc: 0.6951 | best mAR acc: 0.7594 | best Score: 0.6951 | best Score epoch: 29 
epoch 38, iter   51: loss: 0.0055 | load time: 0.0002 | back time: 0.8226 | lr: 0.00002930 | best AP50 acc: 0.8630 | best AP70 acc: 0.7488 | best mAP acc: 0.6951 | best mAR acc: 0.7594 | best Score: 0.6951 | best Score epoch: 29 
epoch 38, iter  101: loss: 0.0055 | load time: 0.0001 | back time: 0.8069 | lr: 0.00002918 | best AP50 acc: 0.8630 | best AP70 acc: 0.7488 | best mAP acc: 0.6951 | best mAR acc: 0.7594 | best Score: 0.6951 | best Score epoch: 29 
epoch 38, iter  151: loss: 0.0056 | load time: 0.0002 | back time: 0.8095 | lr: 0.00002906 | best AP50 acc: 0.8630 | best AP70 acc: 0.7488 | best mAP acc: 0.6951 | best mAR acc: 0.7594 | best Score: 0.6951 | best Score epoch: 29 
epoch 38, iter  201: loss: 0.0055 | load time: 0.0002 | back time: 0.8552 | lr: 0.00002893 | best AP50 acc: 0.8630 | best AP70 acc: 0.7488 | best mAP acc: 0.6951 | best mAR acc: 0.7594 | best Score: 0.6951 | best Score epoch: 29 
epoch 38, iter  251: loss: 0.0056 | load time: 0.0002 | back time: 0.8447 | lr: 0.00002881 | best AP50 acc: 0.8630 | best AP70 acc: 0.7488 | best mAP acc: 0.6951 | best mAR acc: 0.7594 | best Score: 0.6951 | best Score epoch: 29 
epoch 38, iter  301: loss: 0.0055 | load time: 0.0002 | back time: 0.8397 | lr: 0.00002869 | best AP50 acc: 0.8630 | best AP70 acc: 0.7488 | best mAP acc: 0.6951 | best mAR acc: 0.7594 | best Score: 0.6951 | best Score epoch: 29 
epoch 38, iter  351: loss: 0.0056 | load time: 0.0002 | back time: 0.8164 | lr: 0.00002857 | best AP50 acc: 0.8630 | best AP70 acc: 0.7488 | best mAP acc: 0.6951 | best mAR acc: 0.7594 | best Score: 0.6951 | best Score epoch: 29 
epoch 38, iter  401: loss: 0.0055 | load time: 0.0002 | back time: 0.8654 | lr: 0.00002845 | best AP50 acc: 0.8630 | best AP70 acc: 0.7488 | best mAP acc: 0.6951 | best mAR acc: 0.7594 | best Score: 0.6951 | best Score epoch: 29 
epoch 38, iter  451: loss: 0.0055 | load time: 0.0002 | back time: 0.8217 | lr: 0.00002833 | best AP50 acc: 0.8630 | best AP70 acc: 0.7488 | best mAP acc: 0.6951 | best mAR acc: 0.7594 | best Score: 0.6951 | best Score epoch: 29 
epoch 38, iter  501: loss: 0.0054 | load time: 0.0005 | back time: 0.8250 | lr: 0.00002821 | best AP50 acc: 0.8630 | best AP70 acc: 0.7488 | best mAP acc: 0.6951 | best mAR acc: 0.7594 | best Score: 0.6951 | best Score epoch: 29 
epoch 38, iter  551: loss: 0.0055 | load time: 0.0002 | back time: 0.8201 | lr: 0.00002809 | best AP50 acc: 0.8630 | best AP70 acc: 0.7488 | best mAP acc: 0.6951 | best mAR acc: 0.7594 | best Score: 0.6951 | best Score epoch: 29 
epoch 38, iter  601: loss: 0.0056 | load time: 0.0002 | back time: 0.8298 | lr: 0.00002797 | best AP50 acc: 0.8630 | best AP70 acc: 0.7488 | best mAP acc: 0.6951 | best mAR acc: 0.7594 | best Score: 0.6951 | best Score epoch: 29 
epoch 38, iter  651: loss: 0.0055 | load time: 0.0003 | back time: 0.8344 | lr: 0.00002785 | best AP50 acc: 0.8630 | best AP70 acc: 0.7488 | best mAP acc: 0.6951 | best mAR acc: 0.7594 | best Score: 0.6951 | best Score epoch: 29 
epoch 38, iter  701: loss: 0.0056 | load time: 0.0003 | back time: 0.8624 | lr: 0.00002773 | best AP50 acc: 0.8630 | best AP70 acc: 0.7488 | best mAP acc: 0.6951 | best mAR acc: 0.7594 | best Score: 0.6951 | best Score epoch: 29 
epoch 38, iter  751: loss: 0.0055 | load time: 0.0001 | back time: 0.8108 | lr: 0.00002761 | best AP50 acc: 0.8630 | best AP70 acc: 0.7488 | best mAP acc: 0.6951 | best mAR acc: 0.7594 | best Score: 0.6951 | best Score epoch: 29 
epoch 38, iter  801: loss: 0.0055 | load time: 0.0002 | back time: 0.8420 | lr: 0.00002749 | best AP50 acc: 0.8630 | best AP70 acc: 0.7488 | best mAP acc: 0.6951 | best mAR acc: 0.7594 | best Score: 0.6951 | best Score epoch: 29 
epoch 38, iter  851: loss: 0.0055 | load time: 0.0003 | back time: 0.8459 | lr: 0.00002737 | best AP50 acc: 0.8630 | best AP70 acc: 0.7488 | best mAP acc: 0.6951 | best mAR acc: 0.7594 | best Score: 0.6951 | best Score epoch: 29 
epoch 38, iter  901: loss: 0.0056 | load time: 0.0003 | back time: 0.8323 | lr: 0.00002725 | best AP50 acc: 0.8630 | best AP70 acc: 0.7488 | best mAP acc: 0.6951 | best mAR acc: 0.7594 | best Score: 0.6951 | best Score epoch: 29 
epoch 38, iter  951: loss: 0.0056 | load time: 0.0002 | back time: 0.8329 | lr: 0.00002713 | best AP50 acc: 0.8630 | best AP70 acc: 0.7488 | best mAP acc: 0.6951 | best mAR acc: 0.7594 | best Score: 0.6951 | best Score epoch: 29 
epoch 38, iter 1001: loss: 0.0056 | load time: 0.0002 | back time: 0.8354 | lr: 0.00002701 | best AP50 acc: 0.8630 | best AP70 acc: 0.7488 | best mAP acc: 0.6951 | best mAR acc: 0.7594 | best Score: 0.6951 | best Score epoch: 29 
epoch 38, iter 1051: loss: 0.0055 | load time: 0.0002 | back time: 0.8328 | lr: 0.00002689 | best AP50 acc: 0.8630 | best AP70 acc: 0.7488 | best mAP acc: 0.6951 | best mAR acc: 0.7594 | best Score: 0.6951 | best Score epoch: 29 
epoch 38, iter 1101: loss: 0.0055 | load time: 0.0002 | back time: 0.8303 | lr: 0.00002677 | best AP50 acc: 0.8630 | best AP70 acc: 0.7488 | best mAP acc: 0.6951 | best mAR acc: 0.7594 | best Score: 0.6951 | best Score epoch: 29 
epoch 38, iter 1151: loss: 0.0055 | load time: 0.0001 | back time: 0.8674 | lr: 0.00002666 | best AP50 acc: 0.8630 | best AP70 acc: 0.7488 | best mAP acc: 0.6951 | best mAR acc: 0.7594 | best Score: 0.6951 | best Score epoch: 29 
UAV_SEQS_2 | mAP50:90: 38.5627 | AP50: 70.5000 | AP70: 36.5938 
UAV_SEQS_37 | mAP50:90: 90.9967 | AP50: 100.0000 | AP70: 96.2659 
UAV_SEQS_45 | mAP50:90: 96.6856 | AP50: 100.0000 | AP70: 100.0000 
UAV_SEQS_47 | mAP50:90: 93.8694 | AP50: 100.0000 | AP70: 99.0099 
UAV_SEQS_55 | mAP50:90: 45.9630 | AP50: 72.6669 | AP70: 50.0855 
UAV_SEQS_59 | mAP50:90: 61.1757 | AP50: 87.7849 | AP70: 65.7312 
UAV_SEQS_6 | mAP50:90: 41.8266 | AP50: 49.5543 | AP70: 46.3686 
UAV_SEQS_63 | mAP50:90: 31.3766 | AP50: 68.8708 | AP70: 27.7294 
UAV_SEQS_65 | mAP50:90: 83.6808 | AP50: 97.3793 | AP70: 91.7282 
UAV_SEQS_7 | mAP50:90: 74.1737 | AP50: 98.9703 | AP70: 87.7623 
UAV_SEQS_71 | mAP50:90: 70.7213 | AP50: 95.5086 | AP70: 77.2715 
UAV_SEQS_73 | mAP50:90: 69.9526 | AP50: 91.6038 | AP70: 78.9381 
UAV_SEQS_74 | mAP50:90: 97.8943 | AP50: 100.0000 | AP70: 100.0000 
UAV_SEQS_77 | mAP50:90: 17.4078 | AP50: 31.2802 | AP70: 23.2035 
UAV_SEQS_8 | mAP50:90: 78.4653 | AP50: 100.0000 | AP70: 88.7386 
Overall            | mAP50:95: 68.7839 | AP50: 85.7722 | AP70: 74.4496 
epoch 39, iter    1: loss: 0.0055 | load time: 0.0045 | back time: 0.4187 | lr: 0.00002665 | best AP50 acc: 0.8630 | best AP70 acc: 0.7488 | best mAP acc: 0.6951 | best mAR acc: 0.7594 | best Score: 0.6951 | best Score epoch: 29 
epoch 39, iter   51: loss: 0.0055 | load time: 0.0003 | back time: 0.8334 | lr: 0.00002653 | best AP50 acc: 0.8630 | best AP70 acc: 0.7488 | best mAP acc: 0.6951 | best mAR acc: 0.7594 | best Score: 0.6951 | best Score epoch: 29 
epoch 39, iter  101: loss: 0.0055 | load time: 0.0003 | back time: 0.8367 | lr: 0.00002641 | best AP50 acc: 0.8630 | best AP70 acc: 0.7488 | best mAP acc: 0.6951 | best mAR acc: 0.7594 | best Score: 0.6951 | best Score epoch: 29 
epoch 39, iter  151: loss: 0.0055 | load time: 0.0004 | back time: 0.8394 | lr: 0.00002630 | best AP50 acc: 0.8630 | best AP70 acc: 0.7488 | best mAP acc: 0.6951 | best mAR acc: 0.7594 | best Score: 0.6951 | best Score epoch: 29 
epoch 39, iter  201: loss: 0.0055 | load time: 0.0002 | back time: 0.8381 | lr: 0.00002618 | best AP50 acc: 0.8630 | best AP70 acc: 0.7488 | best mAP acc: 0.6951 | best mAR acc: 0.7594 | best Score: 0.6951 | best Score epoch: 29 
epoch 39, iter  251: loss: 0.0056 | load time: 0.0002 | back time: 0.8387 | lr: 0.00002606 | best AP50 acc: 0.8630 | best AP70 acc: 0.7488 | best mAP acc: 0.6951 | best mAR acc: 0.7594 | best Score: 0.6951 | best Score epoch: 29 
epoch 39, iter  301: loss: 0.0055 | load time: 0.0003 | back time: 0.8432 | lr: 0.00002594 | best AP50 acc: 0.8630 | best AP70 acc: 0.7488 | best mAP acc: 0.6951 | best mAR acc: 0.7594 | best Score: 0.6951 | best Score epoch: 29 
epoch 39, iter  351: loss: 0.0055 | load time: 0.0002 | back time: 0.8473 | lr: 0.00002583 | best AP50 acc: 0.8630 | best AP70 acc: 0.7488 | best mAP acc: 0.6951 | best mAR acc: 0.7594 | best Score: 0.6951 | best Score epoch: 29 
epoch 39, iter  401: loss: 0.0055 | load time: 0.0001 | back time: 0.8408 | lr: 0.00002571 | best AP50 acc: 0.8630 | best AP70 acc: 0.7488 | best mAP acc: 0.6951 | best mAR acc: 0.7594 | best Score: 0.6951 | best Score epoch: 29 
epoch 39, iter  451: loss: 0.0056 | load time: 0.0003 | back time: 0.8420 | lr: 0.00002559 | best AP50 acc: 0.8630 | best AP70 acc: 0.7488 | best mAP acc: 0.6951 | best mAR acc: 0.7594 | best Score: 0.6951 | best Score epoch: 29 
epoch 39, iter  501: loss: 0.0055 | load time: 0.0002 | back time: 0.8391 | lr: 0.00002548 | best AP50 acc: 0.8630 | best AP70 acc: 0.7488 | best mAP acc: 0.6951 | best mAR acc: 0.7594 | best Score: 0.6951 | best Score epoch: 29 
epoch 39, iter  551: loss: 0.0055 | load time: 0.0004 | back time: 0.8388 | lr: 0.00002536 | best AP50 acc: 0.8630 | best AP70 acc: 0.7488 | best mAP acc: 0.6951 | best mAR acc: 0.7594 | best Score: 0.6951 | best Score epoch: 29 
epoch 39, iter  601: loss: 0.0054 | load time: 0.0002 | back time: 0.8414 | lr: 0.00002524 | best AP50 acc: 0.8630 | best AP70 acc: 0.7488 | best mAP acc: 0.6951 | best mAR acc: 0.7594 | best Score: 0.6951 | best Score epoch: 29 
epoch 39, iter  651: loss: 0.0055 | load time: 0.0003 | back time: 0.8392 | lr: 0.00002513 | best AP50 acc: 0.8630 | best AP70 acc: 0.7488 | best mAP acc: 0.6951 | best mAR acc: 0.7594 | best Score: 0.6951 | best Score epoch: 29 
epoch 39, iter  701: loss: 0.0056 | load time: 0.0002 | back time: 0.8408 | lr: 0.00002501 | best AP50 acc: 0.8630 | best AP70 acc: 0.7488 | best mAP acc: 0.6951 | best mAR acc: 0.7594 | best Score: 0.6951 | best Score epoch: 29 
epoch 39, iter  751: loss: 0.0055 | load time: 0.0002 | back time: 0.8421 | lr: 0.00002490 | best AP50 acc: 0.8630 | best AP70 acc: 0.7488 | best mAP acc: 0.6951 | best mAR acc: 0.7594 | best Score: 0.6951 | best Score epoch: 29 
epoch 39, iter  801: loss: 0.0055 | load time: 0.0003 | back time: 0.8435 | lr: 0.00002478 | best AP50 acc: 0.8630 | best AP70 acc: 0.7488 | best mAP acc: 0.6951 | best mAR acc: 0.7594 | best Score: 0.6951 | best Score epoch: 29 
epoch 39, iter  851: loss: 0.0055 | load time: 0.0001 | back time: 0.8400 | lr: 0.00002467 | best AP50 acc: 0.8630 | best AP70 acc: 0.7488 | best mAP acc: 0.6951 | best mAR acc: 0.7594 | best Score: 0.6951 | best Score epoch: 29 
epoch 39, iter  901: loss: 0.0056 | load time: 0.0004 | back time: 0.8396 | lr: 0.00002455 | best AP50 acc: 0.8630 | best AP70 acc: 0.7488 | best mAP acc: 0.6951 | best mAR acc: 0.7594 | best Score: 0.6951 | best Score epoch: 29 
epoch 39, iter  951: loss: 0.0055 | load time: 0.0002 | back time: 0.8461 | lr: 0.00002444 | best AP50 acc: 0.8630 | best AP70 acc: 0.7488 | best mAP acc: 0.6951 | best mAR acc: 0.7594 | best Score: 0.6951 | best Score epoch: 29 
epoch 39, iter 1001: loss: 0.0056 | load time: 0.0002 | back time: 0.8482 | lr: 0.00002432 | best AP50 acc: 0.8630 | best AP70 acc: 0.7488 | best mAP acc: 0.6951 | best mAR acc: 0.7594 | best Score: 0.6951 | best Score epoch: 29 
epoch 39, iter 1051: loss: 0.0056 | load time: 0.0002 | back time: 0.8425 | lr: 0.00002421 | best AP50 acc: 0.8630 | best AP70 acc: 0.7488 | best mAP acc: 0.6951 | best mAR acc: 0.7594 | best Score: 0.6951 | best Score epoch: 29 
epoch 39, iter 1101: loss: 0.0056 | load time: 0.0002 | back time: 0.8444 | lr: 0.00002409 | best AP50 acc: 0.8630 | best AP70 acc: 0.7488 | best mAP acc: 0.6951 | best mAR acc: 0.7594 | best Score: 0.6951 | best Score epoch: 29 
epoch 39, iter 1151: loss: 0.0055 | load time: 0.0002 | back time: 0.8329 | lr: 0.00002398 | best AP50 acc: 0.8630 | best AP70 acc: 0.7488 | best mAP acc: 0.6951 | best mAR acc: 0.7594 | best Score: 0.6951 | best Score epoch: 29 
UAV_SEQS_2 | mAP50:90: 38.6431 | AP50: 71.0842 | AP70: 38.7859 
UAV_SEQS_37 | mAP50:90: 90.6782 | AP50: 100.0000 | AP70: 95.4048 
UAV_SEQS_45 | mAP50:90: 97.2152 | AP50: 100.0000 | AP70: 100.0000 
UAV_SEQS_47 | mAP50:90: 93.9626 | AP50: 100.0000 | AP70: 99.0099 
UAV_SEQS_55 | mAP50:90: 44.7279 | AP50: 72.5862 | AP70: 46.0472 
UAV_SEQS_59 | mAP50:90: 60.6963 | AP50: 89.5048 | AP70: 64.0496 
UAV_SEQS_6 | mAP50:90: 42.9455 | AP50: 50.2118 | AP70: 46.4902 
UAV_SEQS_63 | mAP50:90: 25.8475 | AP50: 59.5470 | AP70: 19.7485 
UAV_SEQS_65 | mAP50:90: 85.3326 | AP50: 97.5307 | AP70: 93.1569 
UAV_SEQS_7 | mAP50:90: 70.2409 | AP50: 98.9703 | AP70: 84.2329 
UAV_SEQS_71 | mAP50:90: 73.4204 | AP50: 96.5089 | AP70: 81.0934 
UAV_SEQS_73 | mAP50:90: 68.9202 | AP50: 90.6351 | AP70: 77.1450 
UAV_SEQS_74 | mAP50:90: 98.6050 | AP50: 100.0000 | AP70: 100.0000 
UAV_SEQS_77 | mAP50:90: 17.1624 | AP50: 31.7976 | AP70: 22.6222 
UAV_SEQS_8 | mAP50:90: 80.1425 | AP50: 100.0000 | AP70: 91.2925 
Overall            | mAP50:95: 68.4594 | AP50: 85.5597 | AP70: 74.0552 
