epoch  1, iter    1: loss: 0.6799 | load time: 0.1239 | back time: 1.6425 | lr: 0.00000012 | best AP50 acc: 0.0000 | best AP70 acc: 0.0000 | best mAP acc: 0.0000 | best mAR acc: 0.0000 | best Score: 0.0000 | best Score epoch: -1 
epoch  1, iter   51: loss: 0.4978 | load time: 0.0001 | back time: 0.8034 | lr: 0.00000098 | best AP50 acc: 0.0000 | best AP70 acc: 0.0000 | best mAP acc: 0.0000 | best mAR acc: 0.0000 | best Score: 0.0000 | best Score epoch: -1 
epoch  1, iter  101: loss: 0.3125 | load time: 0.0003 | back time: 0.8094 | lr: 0.00000185 | best AP50 acc: 0.0000 | best AP70 acc: 0.0000 | best mAP acc: 0.0000 | best mAR acc: 0.0000 | best Score: 0.0000 | best Score epoch: -1 
epoch  1, iter  151: loss: 0.1292 | load time: 0.0002 | back time: 0.8101 | lr: 0.00000272 | best AP50 acc: 0.0000 | best AP70 acc: 0.0000 | best mAP acc: 0.0000 | best mAR acc: 0.0000 | best Score: 0.0000 | best Score epoch: -1 
epoch  1, iter  201: loss: 0.0726 | load time: 0.0002 | back time: 0.8126 | lr: 0.00000359 | best AP50 acc: 0.0000 | best AP70 acc: 0.0000 | best mAP acc: 0.0000 | best mAR acc: 0.0000 | best Score: 0.0000 | best Score epoch: -1 
epoch  1, iter  251: loss: 0.0562 | load time: 0.0002 | back time: 0.8135 | lr: 0.00000445 | best AP50 acc: 0.0000 | best AP70 acc: 0.0000 | best mAP acc: 0.0000 | best mAR acc: 0.0000 | best Score: 0.0000 | best Score epoch: -1 
epoch  1, iter  301: loss: 0.0394 | load time: 0.0002 | back time: 0.8132 | lr: 0.00000532 | best AP50 acc: 0.0000 | best AP70 acc: 0.0000 | best mAP acc: 0.0000 | best mAR acc: 0.0000 | best Score: 0.0000 | best Score epoch: -1 
epoch  1, iter  351: loss: 0.0352 | load time: 0.0002 | back time: 0.8121 | lr: 0.00000619 | best AP50 acc: 0.0000 | best AP70 acc: 0.0000 | best mAP acc: 0.0000 | best mAR acc: 0.0000 | best Score: 0.0000 | best Score epoch: -1 
epoch  1, iter  401: loss: 0.0254 | load time: 0.0002 | back time: 0.8123 | lr: 0.00000705 | best AP50 acc: 0.0000 | best AP70 acc: 0.0000 | best mAP acc: 0.0000 | best mAR acc: 0.0000 | best Score: 0.0000 | best Score epoch: -1 
epoch  1, iter  451: loss: 0.0219 | load time: 0.0002 | back time: 0.8127 | lr: 0.00000792 | best AP50 acc: 0.0000 | best AP70 acc: 0.0000 | best mAP acc: 0.0000 | best mAR acc: 0.0000 | best Score: 0.0000 | best Score epoch: -1 
epoch  1, iter  501: loss: 0.0197 | load time: 0.0002 | back time: 0.8079 | lr: 0.00000879 | best AP50 acc: 0.0000 | best AP70 acc: 0.0000 | best mAP acc: 0.0000 | best mAR acc: 0.0000 | best Score: 0.0000 | best Score epoch: -1 
epoch  1, iter  551: loss: 0.0175 | load time: 0.0003 | back time: 0.8131 | lr: 0.00000966 | best AP50 acc: 0.0000 | best AP70 acc: 0.0000 | best mAP acc: 0.0000 | best mAR acc: 0.0000 | best Score: 0.0000 | best Score epoch: -1 
epoch  1, iter  601: loss: 0.0158 | load time: 0.0002 | back time: 0.8145 | lr: 0.00001052 | best AP50 acc: 0.0000 | best AP70 acc: 0.0000 | best mAP acc: 0.0000 | best mAR acc: 0.0000 | best Score: 0.0000 | best Score epoch: -1 
epoch  1, iter  651: loss: 0.0138 | load time: 0.0001 | back time: 0.8127 | lr: 0.00001139 | best AP50 acc: 0.0000 | best AP70 acc: 0.0000 | best mAP acc: 0.0000 | best mAR acc: 0.0000 | best Score: 0.0000 | best Score epoch: -1 
epoch  1, iter  701: loss: 0.0128 | load time: 0.0001 | back time: 0.8115 | lr: 0.00001226 | best AP50 acc: 0.0000 | best AP70 acc: 0.0000 | best mAP acc: 0.0000 | best mAR acc: 0.0000 | best Score: 0.0000 | best Score epoch: -1 
epoch  1, iter  751: loss: 0.0115 | load time: 0.0002 | back time: 0.8119 | lr: 0.00001313 | best AP50 acc: 0.0000 | best AP70 acc: 0.0000 | best mAP acc: 0.0000 | best mAR acc: 0.0000 | best Score: 0.0000 | best Score epoch: -1 
epoch  1, iter  801: loss: 0.0107 | load time: 0.0001 | back time: 0.8130 | lr: 0.00001399 | best AP50 acc: 0.0000 | best AP70 acc: 0.0000 | best mAP acc: 0.0000 | best mAR acc: 0.0000 | best Score: 0.0000 | best Score epoch: -1 
epoch  1, iter  851: loss: 0.0100 | load time: 0.0002 | back time: 0.8112 | lr: 0.00001486 | best AP50 acc: 0.0000 | best AP70 acc: 0.0000 | best mAP acc: 0.0000 | best mAR acc: 0.0000 | best Score: 0.0000 | best Score epoch: -1 
epoch  1, iter  901: loss: 0.0099 | load time: 0.0002 | back time: 0.8117 | lr: 0.00001573 | best AP50 acc: 0.0000 | best AP70 acc: 0.0000 | best mAP acc: 0.0000 | best mAR acc: 0.0000 | best Score: 0.0000 | best Score epoch: -1 
epoch  1, iter  951: loss: 0.0096 | load time: 0.0002 | back time: 0.8117 | lr: 0.00001659 | best AP50 acc: 0.0000 | best AP70 acc: 0.0000 | best mAP acc: 0.0000 | best mAR acc: 0.0000 | best Score: 0.0000 | best Score epoch: -1 
epoch  1, iter 1001: loss: 0.0095 | load time: 0.0002 | back time: 0.8113 | lr: 0.00001746 | best AP50 acc: 0.0000 | best AP70 acc: 0.0000 | best mAP acc: 0.0000 | best mAR acc: 0.0000 | best Score: 0.0000 | best Score epoch: -1 
epoch  1, iter 1051: loss: 0.0086 | load time: 0.0002 | back time: 0.8131 | lr: 0.00001833 | best AP50 acc: 0.0000 | best AP70 acc: 0.0000 | best mAP acc: 0.0000 | best mAR acc: 0.0000 | best Score: 0.0000 | best Score epoch: -1 
epoch  1, iter 1101: loss: 0.0077 | load time: 0.0001 | back time: 0.8119 | lr: 0.00001920 | best AP50 acc: 0.0000 | best AP70 acc: 0.0000 | best mAP acc: 0.0000 | best mAR acc: 0.0000 | best Score: 0.0000 | best Score epoch: -1 
epoch  1, iter 1151: loss: 0.0085 | load time: 0.0001 | back time: 0.8049 | lr: 0.00002006 | best AP50 acc: 0.0000 | best AP70 acc: 0.0000 | best mAP acc: 0.0000 | best mAR acc: 0.0000 | best Score: 0.0000 | best Score epoch: -1 
epoch  2, iter    1: loss: 0.0075 | load time: 0.0008 | back time: 0.3690 | lr: 0.00002010 | best AP50 acc: 0.0000 | best AP70 acc: 0.0000 | best mAP acc: 0.0000 | best mAR acc: 0.0000 | best Score: 0.0000 | best Score epoch: -1 
epoch  2, iter   51: loss: 0.0083 | load time: 0.0002 | back time: 0.8126 | lr: 0.00002096 | best AP50 acc: 0.0000 | best AP70 acc: 0.0000 | best mAP acc: 0.0000 | best mAR acc: 0.0000 | best Score: 0.0000 | best Score epoch: -1 
epoch  2, iter  101: loss: 0.0068 | load time: 0.0001 | back time: 0.8183 | lr: 0.00002183 | best AP50 acc: 0.0000 | best AP70 acc: 0.0000 | best mAP acc: 0.0000 | best mAR acc: 0.0000 | best Score: 0.0000 | best Score epoch: -1 
epoch  2, iter  151: loss: 0.0082 | load time: 0.0002 | back time: 0.8133 | lr: 0.00002270 | best AP50 acc: 0.0000 | best AP70 acc: 0.0000 | best mAP acc: 0.0000 | best mAR acc: 0.0000 | best Score: 0.0000 | best Score epoch: -1 
epoch  2, iter  201: loss: 0.0063 | load time: 0.0002 | back time: 0.8121 | lr: 0.00002357 | best AP50 acc: 0.0000 | best AP70 acc: 0.0000 | best mAP acc: 0.0000 | best mAR acc: 0.0000 | best Score: 0.0000 | best Score epoch: -1 
epoch  2, iter  251: loss: 0.0073 | load time: 0.0001 | back time: 0.8127 | lr: 0.00002443 | best AP50 acc: 0.0000 | best AP70 acc: 0.0000 | best mAP acc: 0.0000 | best mAR acc: 0.0000 | best Score: 0.0000 | best Score epoch: -1 
epoch  2, iter  301: loss: 0.0069 | load time: 0.0002 | back time: 0.8109 | lr: 0.00002530 | best AP50 acc: 0.0000 | best AP70 acc: 0.0000 | best mAP acc: 0.0000 | best mAR acc: 0.0000 | best Score: 0.0000 | best Score epoch: -1 
epoch  2, iter  351: loss: 0.0077 | load time: 0.0002 | back time: 0.8121 | lr: 0.00002617 | best AP50 acc: 0.0000 | best AP70 acc: 0.0000 | best mAP acc: 0.0000 | best mAR acc: 0.0000 | best Score: 0.0000 | best Score epoch: -1 
epoch  2, iter  401: loss: 0.0057 | load time: 0.0002 | back time: 0.8136 | lr: 0.00002703 | best AP50 acc: 0.0000 | best AP70 acc: 0.0000 | best mAP acc: 0.0000 | best mAR acc: 0.0000 | best Score: 0.0000 | best Score epoch: -1 
epoch  2, iter  451: loss: 0.0066 | load time: 0.0001 | back time: 0.8111 | lr: 0.00002790 | best AP50 acc: 0.0000 | best AP70 acc: 0.0000 | best mAP acc: 0.0000 | best mAR acc: 0.0000 | best Score: 0.0000 | best Score epoch: -1 
epoch  2, iter  501: loss: 0.0056 | load time: 0.0002 | back time: 0.8127 | lr: 0.00002877 | best AP50 acc: 0.0000 | best AP70 acc: 0.0000 | best mAP acc: 0.0000 | best mAR acc: 0.0000 | best Score: 0.0000 | best Score epoch: -1 
epoch  2, iter  551: loss: 0.0059 | load time: 0.0003 | back time: 0.8129 | lr: 0.00002964 | best AP50 acc: 0.0000 | best AP70 acc: 0.0000 | best mAP acc: 0.0000 | best mAR acc: 0.0000 | best Score: 0.0000 | best Score epoch: -1 
epoch  2, iter  601: loss: 0.0069 | load time: 0.0003 | back time: 0.8125 | lr: 0.00003050 | best AP50 acc: 0.0000 | best AP70 acc: 0.0000 | best mAP acc: 0.0000 | best mAR acc: 0.0000 | best Score: 0.0000 | best Score epoch: -1 
epoch  2, iter  651: loss: 0.0069 | load time: 0.0002 | back time: 0.8122 | lr: 0.00003137 | best AP50 acc: 0.0000 | best AP70 acc: 0.0000 | best mAP acc: 0.0000 | best mAR acc: 0.0000 | best Score: 0.0000 | best Score epoch: -1 
epoch  2, iter  701: loss: 0.0060 | load time: 0.0002 | back time: 0.8133 | lr: 0.00003224 | best AP50 acc: 0.0000 | best AP70 acc: 0.0000 | best mAP acc: 0.0000 | best mAR acc: 0.0000 | best Score: 0.0000 | best Score epoch: -1 
epoch  2, iter  751: loss: 0.0055 | load time: 0.0002 | back time: 0.8205 | lr: 0.00003311 | best AP50 acc: 0.0000 | best AP70 acc: 0.0000 | best mAP acc: 0.0000 | best mAR acc: 0.0000 | best Score: 0.0000 | best Score epoch: -1 
epoch  2, iter  801: loss: 0.0056 | load time: 0.0002 | back time: 0.8122 | lr: 0.00003397 | best AP50 acc: 0.0000 | best AP70 acc: 0.0000 | best mAP acc: 0.0000 | best mAR acc: 0.0000 | best Score: 0.0000 | best Score epoch: -1 
epoch  2, iter  851: loss: 0.0051 | load time: 0.0002 | back time: 0.8121 | lr: 0.00003484 | best AP50 acc: 0.0000 | best AP70 acc: 0.0000 | best mAP acc: 0.0000 | best mAR acc: 0.0000 | best Score: 0.0000 | best Score epoch: -1 
epoch  2, iter  901: loss: 0.0061 | load time: 0.0002 | back time: 0.8106 | lr: 0.00003571 | best AP50 acc: 0.0000 | best AP70 acc: 0.0000 | best mAP acc: 0.0000 | best mAR acc: 0.0000 | best Score: 0.0000 | best Score epoch: -1 
epoch  2, iter  951: loss: 0.0055 | load time: 0.0002 | back time: 0.8128 | lr: 0.00003657 | best AP50 acc: 0.0000 | best AP70 acc: 0.0000 | best mAP acc: 0.0000 | best mAR acc: 0.0000 | best Score: 0.0000 | best Score epoch: -1 
epoch  2, iter 1001: loss: 0.0044 | load time: 0.0002 | back time: 0.8117 | lr: 0.00003744 | best AP50 acc: 0.0000 | best AP70 acc: 0.0000 | best mAP acc: 0.0000 | best mAR acc: 0.0000 | best Score: 0.0000 | best Score epoch: -1 
epoch  2, iter 1051: loss: 0.0057 | load time: 0.0001 | back time: 0.8118 | lr: 0.00003831 | best AP50 acc: 0.0000 | best AP70 acc: 0.0000 | best mAP acc: 0.0000 | best mAR acc: 0.0000 | best Score: 0.0000 | best Score epoch: -1 
epoch  2, iter 1101: loss: 0.0052 | load time: 0.0002 | back time: 0.8117 | lr: 0.00003918 | best AP50 acc: 0.0000 | best AP70 acc: 0.0000 | best mAP acc: 0.0000 | best mAR acc: 0.0000 | best Score: 0.0000 | best Score epoch: -1 
epoch  2, iter 1151: loss: 0.0047 | load time: 0.0001 | back time: 0.8085 | lr: 0.00004004 | best AP50 acc: 0.0000 | best AP70 acc: 0.0000 | best mAP acc: 0.0000 | best mAR acc: 0.0000 | best Score: 0.0000 | best Score epoch: -1 
epoch  3, iter    1: loss: 0.0048 | load time: 0.0004 | back time: 0.2931 | lr: 0.00004008 | best AP50 acc: 0.0000 | best AP70 acc: 0.0000 | best mAP acc: 0.0000 | best mAR acc: 0.0000 | best Score: 0.0000 | best Score epoch: -1 
epoch  3, iter   51: loss: 0.0057 | load time: 0.0002 | back time: 0.8139 | lr: 0.00004094 | best AP50 acc: 0.0000 | best AP70 acc: 0.0000 | best mAP acc: 0.0000 | best mAR acc: 0.0000 | best Score: 0.0000 | best Score epoch: -1 
epoch  3, iter  101: loss: 0.0047 | load time: 0.0002 | back time: 0.8175 | lr: 0.00004181 | best AP50 acc: 0.0000 | best AP70 acc: 0.0000 | best mAP acc: 0.0000 | best mAR acc: 0.0000 | best Score: 0.0000 | best Score epoch: -1 
epoch  3, iter  151: loss: 0.0048 | load time: 0.0002 | back time: 0.8118 | lr: 0.00004268 | best AP50 acc: 0.0000 | best AP70 acc: 0.0000 | best mAP acc: 0.0000 | best mAR acc: 0.0000 | best Score: 0.0000 | best Score epoch: -1 
epoch  3, iter  201: loss: 0.0055 | load time: 0.0002 | back time: 0.8130 | lr: 0.00004355 | best AP50 acc: 0.0000 | best AP70 acc: 0.0000 | best mAP acc: 0.0000 | best mAR acc: 0.0000 | best Score: 0.0000 | best Score epoch: -1 
epoch  3, iter  251: loss: 0.0058 | load time: 0.0002 | back time: 0.8192 | lr: 0.00004441 | best AP50 acc: 0.0000 | best AP70 acc: 0.0000 | best mAP acc: 0.0000 | best mAR acc: 0.0000 | best Score: 0.0000 | best Score epoch: -1 
epoch  3, iter  301: loss: 0.0064 | load time: 0.0002 | back time: 0.8125 | lr: 0.00004528 | best AP50 acc: 0.0000 | best AP70 acc: 0.0000 | best mAP acc: 0.0000 | best mAR acc: 0.0000 | best Score: 0.0000 | best Score epoch: -1 
epoch  3, iter  351: loss: 0.0048 | load time: 0.0002 | back time: 0.8123 | lr: 0.00004615 | best AP50 acc: 0.0000 | best AP70 acc: 0.0000 | best mAP acc: 0.0000 | best mAR acc: 0.0000 | best Score: 0.0000 | best Score epoch: -1 
epoch  3, iter  401: loss: 0.0061 | load time: 0.0002 | back time: 0.8113 | lr: 0.00004701 | best AP50 acc: 0.0000 | best AP70 acc: 0.0000 | best mAP acc: 0.0000 | best mAR acc: 0.0000 | best Score: 0.0000 | best Score epoch: -1 
epoch  3, iter  451: loss: 0.0043 | load time: 0.0001 | back time: 0.8116 | lr: 0.00004788 | best AP50 acc: 0.0000 | best AP70 acc: 0.0000 | best mAP acc: 0.0000 | best mAR acc: 0.0000 | best Score: 0.0000 | best Score epoch: -1 
epoch  3, iter  501: loss: 0.0050 | load time: 0.0002 | back time: 0.8118 | lr: 0.00004875 | best AP50 acc: 0.0000 | best AP70 acc: 0.0000 | best mAP acc: 0.0000 | best mAR acc: 0.0000 | best Score: 0.0000 | best Score epoch: -1 
epoch  3, iter  551: loss: 0.0052 | load time: 0.0002 | back time: 0.8104 | lr: 0.00004962 | best AP50 acc: 0.0000 | best AP70 acc: 0.0000 | best mAP acc: 0.0000 | best mAR acc: 0.0000 | best Score: 0.0000 | best Score epoch: -1 
epoch  3, iter  601: loss: 0.0051 | load time: 0.0002 | back time: 0.8111 | lr: 0.00005048 | best AP50 acc: 0.0000 | best AP70 acc: 0.0000 | best mAP acc: 0.0000 | best mAR acc: 0.0000 | best Score: 0.0000 | best Score epoch: -1 
epoch  3, iter  651: loss: 0.0060 | load time: 0.0002 | back time: 0.8120 | lr: 0.00005135 | best AP50 acc: 0.0000 | best AP70 acc: 0.0000 | best mAP acc: 0.0000 | best mAR acc: 0.0000 | best Score: 0.0000 | best Score epoch: -1 
epoch  3, iter  701: loss: 0.0048 | load time: 0.0002 | back time: 0.8128 | lr: 0.00005222 | best AP50 acc: 0.0000 | best AP70 acc: 0.0000 | best mAP acc: 0.0000 | best mAR acc: 0.0000 | best Score: 0.0000 | best Score epoch: -1 
epoch  3, iter  751: loss: 0.0040 | load time: 0.0002 | back time: 0.8106 | lr: 0.00005309 | best AP50 acc: 0.0000 | best AP70 acc: 0.0000 | best mAP acc: 0.0000 | best mAR acc: 0.0000 | best Score: 0.0000 | best Score epoch: -1 
epoch  3, iter  801: loss: 0.0046 | load time: 0.0002 | back time: 0.8094 | lr: 0.00005395 | best AP50 acc: 0.0000 | best AP70 acc: 0.0000 | best mAP acc: 0.0000 | best mAR acc: 0.0000 | best Score: 0.0000 | best Score epoch: -1 
epoch  3, iter  851: loss: 0.0048 | load time: 0.0002 | back time: 0.8124 | lr: 0.00005482 | best AP50 acc: 0.0000 | best AP70 acc: 0.0000 | best mAP acc: 0.0000 | best mAR acc: 0.0000 | best Score: 0.0000 | best Score epoch: -1 
epoch  3, iter  901: loss: 0.0056 | load time: 0.0002 | back time: 0.8127 | lr: 0.00005569 | best AP50 acc: 0.0000 | best AP70 acc: 0.0000 | best mAP acc: 0.0000 | best mAR acc: 0.0000 | best Score: 0.0000 | best Score epoch: -1 
epoch  3, iter  951: loss: 0.0054 | load time: 0.0002 | back time: 0.8215 | lr: 0.00005655 | best AP50 acc: 0.0000 | best AP70 acc: 0.0000 | best mAP acc: 0.0000 | best mAR acc: 0.0000 | best Score: 0.0000 | best Score epoch: -1 
epoch  3, iter 1001: loss: 0.0043 | load time: 0.0002 | back time: 0.8119 | lr: 0.00005742 | best AP50 acc: 0.0000 | best AP70 acc: 0.0000 | best mAP acc: 0.0000 | best mAR acc: 0.0000 | best Score: 0.0000 | best Score epoch: -1 
epoch  3, iter 1051: loss: 0.0039 | load time: 0.0003 | back time: 0.8116 | lr: 0.00005829 | best AP50 acc: 0.0000 | best AP70 acc: 0.0000 | best mAP acc: 0.0000 | best mAR acc: 0.0000 | best Score: 0.0000 | best Score epoch: -1 
epoch  3, iter 1101: loss: 0.0040 | load time: 0.0002 | back time: 0.8107 | lr: 0.00005916 | best AP50 acc: 0.0000 | best AP70 acc: 0.0000 | best mAP acc: 0.0000 | best mAR acc: 0.0000 | best Score: 0.0000 | best Score epoch: -1 
epoch  3, iter 1151: loss: 0.0068 | load time: 0.0001 | back time: 0.8113 | lr: 0.00006002 | best AP50 acc: 0.0000 | best AP70 acc: 0.0000 | best mAP acc: 0.0000 | best mAR acc: 0.0000 | best Score: 0.0000 | best Score epoch: -1 
epoch  4, iter    1: loss: 0.0045 | load time: 0.0004 | back time: 0.3613 | lr: 0.00006006 | best AP50 acc: 0.0000 | best AP70 acc: 0.0000 | best mAP acc: 0.0000 | best mAR acc: 0.0000 | best Score: 0.0000 | best Score epoch: -1 
epoch  4, iter   51: loss: 0.0055 | load time: 0.0002 | back time: 0.8104 | lr: 0.00006092 | best AP50 acc: 0.0000 | best AP70 acc: 0.0000 | best mAP acc: 0.0000 | best mAR acc: 0.0000 | best Score: 0.0000 | best Score epoch: -1 
epoch  4, iter  101: loss: 0.0037 | load time: 0.0002 | back time: 0.8126 | lr: 0.00006179 | best AP50 acc: 0.0000 | best AP70 acc: 0.0000 | best mAP acc: 0.0000 | best mAR acc: 0.0000 | best Score: 0.0000 | best Score epoch: -1 
epoch  4, iter  151: loss: 0.0062 | load time: 0.0002 | back time: 0.8113 | lr: 0.00006266 | best AP50 acc: 0.0000 | best AP70 acc: 0.0000 | best mAP acc: 0.0000 | best mAR acc: 0.0000 | best Score: 0.0000 | best Score epoch: -1 
epoch  4, iter  201: loss: 0.0039 | load time: 0.0002 | back time: 0.8133 | lr: 0.00006353 | best AP50 acc: 0.0000 | best AP70 acc: 0.0000 | best mAP acc: 0.0000 | best mAR acc: 0.0000 | best Score: 0.0000 | best Score epoch: -1 
epoch  4, iter  251: loss: 0.0038 | load time: 0.0002 | back time: 0.8125 | lr: 0.00006439 | best AP50 acc: 0.0000 | best AP70 acc: 0.0000 | best mAP acc: 0.0000 | best mAR acc: 0.0000 | best Score: 0.0000 | best Score epoch: -1 
epoch  4, iter  301: loss: 0.0042 | load time: 0.0003 | back time: 0.8120 | lr: 0.00006526 | best AP50 acc: 0.0000 | best AP70 acc: 0.0000 | best mAP acc: 0.0000 | best mAR acc: 0.0000 | best Score: 0.0000 | best Score epoch: -1 
epoch  4, iter  351: loss: 0.0042 | load time: 0.0001 | back time: 0.8117 | lr: 0.00006613 | best AP50 acc: 0.0000 | best AP70 acc: 0.0000 | best mAP acc: 0.0000 | best mAR acc: 0.0000 | best Score: 0.0000 | best Score epoch: -1 
epoch  4, iter  401: loss: 0.0055 | load time: 0.0002 | back time: 0.8116 | lr: 0.00006699 | best AP50 acc: 0.0000 | best AP70 acc: 0.0000 | best mAP acc: 0.0000 | best mAR acc: 0.0000 | best Score: 0.0000 | best Score epoch: -1 
epoch  4, iter  451: loss: 0.0046 | load time: 0.0003 | back time: 0.8189 | lr: 0.00006786 | best AP50 acc: 0.0000 | best AP70 acc: 0.0000 | best mAP acc: 0.0000 | best mAR acc: 0.0000 | best Score: 0.0000 | best Score epoch: -1 
epoch  4, iter  501: loss: 0.0044 | load time: 0.0002 | back time: 0.8126 | lr: 0.00006873 | best AP50 acc: 0.0000 | best AP70 acc: 0.0000 | best mAP acc: 0.0000 | best mAR acc: 0.0000 | best Score: 0.0000 | best Score epoch: -1 
epoch  4, iter  551: loss: 0.0041 | load time: 0.0002 | back time: 0.8116 | lr: 0.00006960 | best AP50 acc: 0.0000 | best AP70 acc: 0.0000 | best mAP acc: 0.0000 | best mAR acc: 0.0000 | best Score: 0.0000 | best Score epoch: -1 
epoch  4, iter  601: loss: 0.0036 | load time: 0.0001 | back time: 0.8115 | lr: 0.00007046 | best AP50 acc: 0.0000 | best AP70 acc: 0.0000 | best mAP acc: 0.0000 | best mAR acc: 0.0000 | best Score: 0.0000 | best Score epoch: -1 
epoch  4, iter  651: loss: 0.0052 | load time: 0.0002 | back time: 0.8115 | lr: 0.00007133 | best AP50 acc: 0.0000 | best AP70 acc: 0.0000 | best mAP acc: 0.0000 | best mAR acc: 0.0000 | best Score: 0.0000 | best Score epoch: -1 
epoch  4, iter  701: loss: 0.0039 | load time: 0.0002 | back time: 0.8125 | lr: 0.00007220 | best AP50 acc: 0.0000 | best AP70 acc: 0.0000 | best mAP acc: 0.0000 | best mAR acc: 0.0000 | best Score: 0.0000 | best Score epoch: -1 
epoch  4, iter  751: loss: 0.0051 | load time: 0.0003 | back time: 0.8118 | lr: 0.00007307 | best AP50 acc: 0.0000 | best AP70 acc: 0.0000 | best mAP acc: 0.0000 | best mAR acc: 0.0000 | best Score: 0.0000 | best Score epoch: -1 
epoch  4, iter  801: loss: 0.0051 | load time: 0.0002 | back time: 0.8112 | lr: 0.00007393 | best AP50 acc: 0.0000 | best AP70 acc: 0.0000 | best mAP acc: 0.0000 | best mAR acc: 0.0000 | best Score: 0.0000 | best Score epoch: -1 
epoch  4, iter  851: loss: 0.0048 | load time: 0.0002 | back time: 0.8126 | lr: 0.00007480 | best AP50 acc: 0.0000 | best AP70 acc: 0.0000 | best mAP acc: 0.0000 | best mAR acc: 0.0000 | best Score: 0.0000 | best Score epoch: -1 
epoch  4, iter  901: loss: 0.0039 | load time: 0.0001 | back time: 0.8111 | lr: 0.00007567 | best AP50 acc: 0.0000 | best AP70 acc: 0.0000 | best mAP acc: 0.0000 | best mAR acc: 0.0000 | best Score: 0.0000 | best Score epoch: -1 
epoch  4, iter  951: loss: 0.0047 | load time: 0.0002 | back time: 0.8110 | lr: 0.00007653 | best AP50 acc: 0.0000 | best AP70 acc: 0.0000 | best mAP acc: 0.0000 | best mAR acc: 0.0000 | best Score: 0.0000 | best Score epoch: -1 
epoch  4, iter 1001: loss: 0.0039 | load time: 0.0001 | back time: 0.8133 | lr: 0.00007740 | best AP50 acc: 0.0000 | best AP70 acc: 0.0000 | best mAP acc: 0.0000 | best mAR acc: 0.0000 | best Score: 0.0000 | best Score epoch: -1 
epoch  4, iter 1051: loss: 0.0039 | load time: 0.0001 | back time: 0.8117 | lr: 0.00007827 | best AP50 acc: 0.0000 | best AP70 acc: 0.0000 | best mAP acc: 0.0000 | best mAR acc: 0.0000 | best Score: 0.0000 | best Score epoch: -1 
epoch  4, iter 1101: loss: 0.0049 | load time: 0.0002 | back time: 0.8119 | lr: 0.00007914 | best AP50 acc: 0.0000 | best AP70 acc: 0.0000 | best mAP acc: 0.0000 | best mAR acc: 0.0000 | best Score: 0.0000 | best Score epoch: -1 
epoch  4, iter 1151: loss: 0.0043 | load time: 0.0001 | back time: 0.8204 | lr: 0.00008000 | best AP50 acc: 0.0000 | best AP70 acc: 0.0000 | best mAP acc: 0.0000 | best mAR acc: 0.0000 | best Score: 0.0000 | best Score epoch: -1 
epoch  5, iter    1: loss: 0.0045 | load time: 0.0006 | back time: 0.2889 | lr: 0.00008004 | best AP50 acc: 0.0000 | best AP70 acc: 0.0000 | best mAP acc: 0.0000 | best mAR acc: 0.0000 | best Score: 0.0000 | best Score epoch: -1 
epoch  5, iter   51: loss: 0.0055 | load time: 0.0001 | back time: 0.8122 | lr: 0.00008090 | best AP50 acc: 0.0000 | best AP70 acc: 0.0000 | best mAP acc: 0.0000 | best mAR acc: 0.0000 | best Score: 0.0000 | best Score epoch: -1 
epoch  5, iter  101: loss: 0.0040 | load time: 0.0008 | back time: 0.8130 | lr: 0.00008177 | best AP50 acc: 0.0000 | best AP70 acc: 0.0000 | best mAP acc: 0.0000 | best mAR acc: 0.0000 | best Score: 0.0000 | best Score epoch: -1 
epoch  5, iter  151: loss: 0.0052 | load time: 0.0002 | back time: 0.8111 | lr: 0.00008264 | best AP50 acc: 0.0000 | best AP70 acc: 0.0000 | best mAP acc: 0.0000 | best mAR acc: 0.0000 | best Score: 0.0000 | best Score epoch: -1 
epoch  5, iter  201: loss: 0.0036 | load time: 0.0002 | back time: 0.8120 | lr: 0.00008351 | best AP50 acc: 0.0000 | best AP70 acc: 0.0000 | best mAP acc: 0.0000 | best mAR acc: 0.0000 | best Score: 0.0000 | best Score epoch: -1 
epoch  5, iter  251: loss: 0.0046 | load time: 0.0002 | back time: 0.8120 | lr: 0.00008437 | best AP50 acc: 0.0000 | best AP70 acc: 0.0000 | best mAP acc: 0.0000 | best mAR acc: 0.0000 | best Score: 0.0000 | best Score epoch: -1 
epoch  5, iter  301: loss: 0.0048 | load time: 0.0002 | back time: 0.8124 | lr: 0.00008524 | best AP50 acc: 0.0000 | best AP70 acc: 0.0000 | best mAP acc: 0.0000 | best mAR acc: 0.0000 | best Score: 0.0000 | best Score epoch: -1 
epoch  5, iter  351: loss: 0.0049 | load time: 0.0002 | back time: 0.8129 | lr: 0.00008611 | best AP50 acc: 0.0000 | best AP70 acc: 0.0000 | best mAP acc: 0.0000 | best mAR acc: 0.0000 | best Score: 0.0000 | best Score epoch: -1 
epoch  5, iter  401: loss: 0.0053 | load time: 0.0002 | back time: 0.8122 | lr: 0.00008697 | best AP50 acc: 0.0000 | best AP70 acc: 0.0000 | best mAP acc: 0.0000 | best mAR acc: 0.0000 | best Score: 0.0000 | best Score epoch: -1 
epoch  5, iter  451: loss: 0.0050 | load time: 0.0002 | back time: 0.8110 | lr: 0.00008784 | best AP50 acc: 0.0000 | best AP70 acc: 0.0000 | best mAP acc: 0.0000 | best mAR acc: 0.0000 | best Score: 0.0000 | best Score epoch: -1 
epoch  5, iter  501: loss: 0.0044 | load time: 0.0003 | back time: 0.8145 | lr: 0.00008871 | best AP50 acc: 0.0000 | best AP70 acc: 0.0000 | best mAP acc: 0.0000 | best mAR acc: 0.0000 | best Score: 0.0000 | best Score epoch: -1 
epoch  5, iter  551: loss: 0.0055 | load time: 0.0001 | back time: 0.8118 | lr: 0.00008958 | best AP50 acc: 0.0000 | best AP70 acc: 0.0000 | best mAP acc: 0.0000 | best mAR acc: 0.0000 | best Score: 0.0000 | best Score epoch: -1 
epoch  5, iter  601: loss: 0.0036 | load time: 0.0002 | back time: 0.8117 | lr: 0.00009044 | best AP50 acc: 0.0000 | best AP70 acc: 0.0000 | best mAP acc: 0.0000 | best mAR acc: 0.0000 | best Score: 0.0000 | best Score epoch: -1 
epoch  5, iter  651: loss: 0.0050 | load time: 0.0002 | back time: 0.8170 | lr: 0.00009131 | best AP50 acc: 0.0000 | best AP70 acc: 0.0000 | best mAP acc: 0.0000 | best mAR acc: 0.0000 | best Score: 0.0000 | best Score epoch: -1 
epoch  5, iter  701: loss: 0.0049 | load time: 0.0003 | back time: 0.8139 | lr: 0.00009218 | best AP50 acc: 0.0000 | best AP70 acc: 0.0000 | best mAP acc: 0.0000 | best mAR acc: 0.0000 | best Score: 0.0000 | best Score epoch: -1 
epoch  5, iter  751: loss: 0.0040 | load time: 0.0001 | back time: 0.8134 | lr: 0.00009305 | best AP50 acc: 0.0000 | best AP70 acc: 0.0000 | best mAP acc: 0.0000 | best mAR acc: 0.0000 | best Score: 0.0000 | best Score epoch: -1 
epoch  5, iter  801: loss: 0.0071 | load time: 0.0002 | back time: 0.8120 | lr: 0.00009391 | best AP50 acc: 0.0000 | best AP70 acc: 0.0000 | best mAP acc: 0.0000 | best mAR acc: 0.0000 | best Score: 0.0000 | best Score epoch: -1 
epoch  5, iter  851: loss: 0.0045 | load time: 0.0001 | back time: 0.8105 | lr: 0.00009478 | best AP50 acc: 0.0000 | best AP70 acc: 0.0000 | best mAP acc: 0.0000 | best mAR acc: 0.0000 | best Score: 0.0000 | best Score epoch: -1 
epoch  5, iter  901: loss: 0.0052 | load time: 0.0001 | back time: 0.8120 | lr: 0.00009565 | best AP50 acc: 0.0000 | best AP70 acc: 0.0000 | best mAP acc: 0.0000 | best mAR acc: 0.0000 | best Score: 0.0000 | best Score epoch: -1 
epoch  5, iter  951: loss: 0.0047 | load time: 0.0001 | back time: 0.8112 | lr: 0.00009651 | best AP50 acc: 0.0000 | best AP70 acc: 0.0000 | best mAP acc: 0.0000 | best mAR acc: 0.0000 | best Score: 0.0000 | best Score epoch: -1 
epoch  5, iter 1001: loss: 0.0050 | load time: 0.0002 | back time: 0.8121 | lr: 0.00009738 | best AP50 acc: 0.0000 | best AP70 acc: 0.0000 | best mAP acc: 0.0000 | best mAR acc: 0.0000 | best Score: 0.0000 | best Score epoch: -1 
epoch  5, iter 1051: loss: 0.0042 | load time: 0.0002 | back time: 0.8110 | lr: 0.00009825 | best AP50 acc: 0.0000 | best AP70 acc: 0.0000 | best mAP acc: 0.0000 | best mAR acc: 0.0000 | best Score: 0.0000 | best Score epoch: -1 
epoch  5, iter 1101: loss: 0.0037 | load time: 0.0003 | back time: 0.8125 | lr: 0.00009912 | best AP50 acc: 0.0000 | best AP70 acc: 0.0000 | best mAP acc: 0.0000 | best mAR acc: 0.0000 | best Score: 0.0000 | best Score epoch: -1 
epoch  5, iter 1151: loss: 0.0042 | load time: 0.0011 | back time: 0.8099 | lr: 0.00009998 | best AP50 acc: 0.0000 | best AP70 acc: 0.0000 | best mAP acc: 0.0000 | best mAR acc: 0.0000 | best Score: 0.0000 | best Score epoch: -1 
epoch  6, iter    1: loss: 0.0048 | load time: 0.0007 | back time: 0.2927 | lr: 0.00010000 | best AP50 acc: 0.0000 | best AP70 acc: 0.0000 | best mAP acc: 0.0000 | best mAR acc: 0.0000 | best Score: 0.0000 | best Score epoch: -1 
epoch  6, iter   51: loss: 0.0040 | load time: 0.0002 | back time: 0.8174 | lr: 0.00010000 | best AP50 acc: 0.0000 | best AP70 acc: 0.0000 | best mAP acc: 0.0000 | best mAR acc: 0.0000 | best Score: 0.0000 | best Score epoch: -1 
epoch  6, iter  101: loss: 0.0043 | load time: 0.0002 | back time: 0.8145 | lr: 0.00010000 | best AP50 acc: 0.0000 | best AP70 acc: 0.0000 | best mAP acc: 0.0000 | best mAR acc: 0.0000 | best Score: 0.0000 | best Score epoch: -1 
epoch  6, iter  151: loss: 0.0058 | load time: 0.0002 | back time: 0.8136 | lr: 0.00010000 | best AP50 acc: 0.0000 | best AP70 acc: 0.0000 | best mAP acc: 0.0000 | best mAR acc: 0.0000 | best Score: 0.0000 | best Score epoch: -1 
epoch  6, iter  201: loss: 0.0046 | load time: 0.0002 | back time: 0.8186 | lr: 0.00010000 | best AP50 acc: 0.0000 | best AP70 acc: 0.0000 | best mAP acc: 0.0000 | best mAR acc: 0.0000 | best Score: 0.0000 | best Score epoch: -1 
epoch  6, iter  251: loss: 0.0047 | load time: 0.0002 | back time: 0.8120 | lr: 0.00010000 | best AP50 acc: 0.0000 | best AP70 acc: 0.0000 | best mAP acc: 0.0000 | best mAR acc: 0.0000 | best Score: 0.0000 | best Score epoch: -1 
epoch  6, iter  301: loss: 0.0045 | load time: 0.0002 | back time: 0.8131 | lr: 0.00009999 | best AP50 acc: 0.0000 | best AP70 acc: 0.0000 | best mAP acc: 0.0000 | best mAR acc: 0.0000 | best Score: 0.0000 | best Score epoch: -1 
epoch  6, iter  351: loss: 0.0037 | load time: 0.0002 | back time: 0.8103 | lr: 0.00009999 | best AP50 acc: 0.0000 | best AP70 acc: 0.0000 | best mAP acc: 0.0000 | best mAR acc: 0.0000 | best Score: 0.0000 | best Score epoch: -1 
epoch  6, iter  401: loss: 0.0035 | load time: 0.0004 | back time: 0.8083 | lr: 0.00009999 | best AP50 acc: 0.0000 | best AP70 acc: 0.0000 | best mAP acc: 0.0000 | best mAR acc: 0.0000 | best Score: 0.0000 | best Score epoch: -1 
epoch  6, iter  451: loss: 0.0052 | load time: 0.0002 | back time: 0.8117 | lr: 0.00009999 | best AP50 acc: 0.0000 | best AP70 acc: 0.0000 | best mAP acc: 0.0000 | best mAR acc: 0.0000 | best Score: 0.0000 | best Score epoch: -1 
epoch  6, iter  501: loss: 0.0062 | load time: 0.0002 | back time: 0.8123 | lr: 0.00009998 | best AP50 acc: 0.0000 | best AP70 acc: 0.0000 | best mAP acc: 0.0000 | best mAR acc: 0.0000 | best Score: 0.0000 | best Score epoch: -1 
epoch  6, iter  551: loss: 0.0051 | load time: 0.0002 | back time: 0.8130 | lr: 0.00009998 | best AP50 acc: 0.0000 | best AP70 acc: 0.0000 | best mAP acc: 0.0000 | best mAR acc: 0.0000 | best Score: 0.0000 | best Score epoch: -1 
epoch  6, iter  601: loss: 0.0064 | load time: 0.0012 | back time: 0.8099 | lr: 0.00009997 | best AP50 acc: 0.0000 | best AP70 acc: 0.0000 | best mAP acc: 0.0000 | best mAR acc: 0.0000 | best Score: 0.0000 | best Score epoch: -1 
epoch  6, iter  651: loss: 0.0049 | load time: 0.0001 | back time: 0.8113 | lr: 0.00009997 | best AP50 acc: 0.0000 | best AP70 acc: 0.0000 | best mAP acc: 0.0000 | best mAR acc: 0.0000 | best Score: 0.0000 | best Score epoch: -1 
epoch  6, iter  701: loss: 0.0046 | load time: 0.0002 | back time: 0.8114 | lr: 0.00009996 | best AP50 acc: 0.0000 | best AP70 acc: 0.0000 | best mAP acc: 0.0000 | best mAR acc: 0.0000 | best Score: 0.0000 | best Score epoch: -1 
epoch  6, iter  751: loss: 0.0034 | load time: 0.0001 | back time: 0.8112 | lr: 0.00009996 | best AP50 acc: 0.0000 | best AP70 acc: 0.0000 | best mAP acc: 0.0000 | best mAR acc: 0.0000 | best Score: 0.0000 | best Score epoch: -1 
epoch  6, iter  801: loss: 0.0052 | load time: 0.0001 | back time: 0.8114 | lr: 0.00009995 | best AP50 acc: 0.0000 | best AP70 acc: 0.0000 | best mAP acc: 0.0000 | best mAR acc: 0.0000 | best Score: 0.0000 | best Score epoch: -1 
epoch  6, iter  851: loss: 0.0066 | load time: 0.0003 | back time: 0.8199 | lr: 0.00009995 | best AP50 acc: 0.0000 | best AP70 acc: 0.0000 | best mAP acc: 0.0000 | best mAR acc: 0.0000 | best Score: 0.0000 | best Score epoch: -1 
epoch  6, iter  901: loss: 0.0040 | load time: 0.0001 | back time: 0.8207 | lr: 0.00009994 | best AP50 acc: 0.0000 | best AP70 acc: 0.0000 | best mAP acc: 0.0000 | best mAR acc: 0.0000 | best Score: 0.0000 | best Score epoch: -1 
epoch  6, iter  951: loss: 0.0038 | load time: 0.0002 | back time: 0.8176 | lr: 0.00009993 | best AP50 acc: 0.0000 | best AP70 acc: 0.0000 | best mAP acc: 0.0000 | best mAR acc: 0.0000 | best Score: 0.0000 | best Score epoch: -1 
epoch  6, iter 1001: loss: 0.0050 | load time: 0.0001 | back time: 0.8199 | lr: 0.00009993 | best AP50 acc: 0.0000 | best AP70 acc: 0.0000 | best mAP acc: 0.0000 | best mAR acc: 0.0000 | best Score: 0.0000 | best Score epoch: -1 
epoch  6, iter 1051: loss: 0.0037 | load time: 0.0002 | back time: 0.8218 | lr: 0.00009992 | best AP50 acc: 0.0000 | best AP70 acc: 0.0000 | best mAP acc: 0.0000 | best mAR acc: 0.0000 | best Score: 0.0000 | best Score epoch: -1 
epoch  6, iter 1101: loss: 0.0039 | load time: 0.0002 | back time: 0.8178 | lr: 0.00009991 | best AP50 acc: 0.0000 | best AP70 acc: 0.0000 | best mAP acc: 0.0000 | best mAR acc: 0.0000 | best Score: 0.0000 | best Score epoch: -1 
epoch  6, iter 1151: loss: 0.0037 | load time: 0.0001 | back time: 0.8222 | lr: 0.00009990 | best AP50 acc: 0.0000 | best AP70 acc: 0.0000 | best mAP acc: 0.0000 | best mAR acc: 0.0000 | best Score: 0.0000 | best Score epoch: -1 
UAV_SEQS_2 | mAP50:90: 18.5409 | AP50: 29.7030 | AP70: 24.7588 
UAV_SEQS_37 | mAP50:90: 83.6177 | AP50: 98.7822 | AP70: 92.0210 
UAV_SEQS_45 | mAP50:90: 92.8522 | AP50: 100.0000 | AP70: 98.8786 
UAV_SEQS_47 | mAP50:90: 88.1089 | AP50: 100.0000 | AP70: 98.7485 
UAV_SEQS_55 | mAP50:90: 5.1050 | AP50: 12.1969 | AP70: 4.9880 
UAV_SEQS_59 | mAP50:90: 46.8412 | AP50: 84.6292 | AP70: 48.9915 
UAV_SEQS_6 | mAP50:90: 23.8791 | AP50: 32.5005 | AP70: 23.3219 
UAV_SEQS_63 | mAP50:90: 9.3849 | AP50: 37.9212 | AP70: 2.5829 
UAV_SEQS_65 | mAP50:90: 83.8516 | AP50: 93.3457 | AP70: 89.4059 
UAV_SEQS_7 | mAP50:90: 20.3692 | AP50: 72.5248 | AP70: 2.2060 
UAV_SEQS_71 | mAP50:90: 16.9460 | AP50: 20.7921 | AP70: 17.9201 
UAV_SEQS_73 | mAP50:90: 35.1275 | AP50: 46.9595 | AP70: 44.0802 
UAV_SEQS_74 | mAP50:90: 100.0000 | AP50: 100.0000 | AP70: 100.0000 
UAV_SEQS_77 | mAP50:90: 6.3784 | AP50: 6.9307 | AP70: 6.9307 
UAV_SEQS_8 | mAP50:90: 42.1374 | AP50: 93.0693 | AP70: 30.2262 
Overall            | mAP50:95: 45.4520 | AP50: 62.9989 | AP70: 46.4807 
epoch  7, iter    1: loss: 0.0033 | load time: 0.0037 | back time: 0.3785 | lr: 0.00009990 | best AP50 acc: 0.6300 | best AP70 acc: 0.4648 | best mAP acc: 0.4545 | best mAR acc: 0.5151 | best Score: 0.4545 | best Score epoch:  6 
epoch  7, iter   51: loss: 0.0045 | load time: 0.0002 | back time: 0.8105 | lr: 0.00009989 | best AP50 acc: 0.6300 | best AP70 acc: 0.4648 | best mAP acc: 0.4545 | best mAR acc: 0.5151 | best Score: 0.4545 | best Score epoch:  6 
epoch  7, iter  101: loss: 0.0035 | load time: 0.0003 | back time: 0.8168 | lr: 0.00009988 | best AP50 acc: 0.6300 | best AP70 acc: 0.4648 | best mAP acc: 0.4545 | best mAR acc: 0.5151 | best Score: 0.4545 | best Score epoch:  6 
epoch  7, iter  151: loss: 0.0053 | load time: 0.0002 | back time: 0.8204 | lr: 0.00009988 | best AP50 acc: 0.6300 | best AP70 acc: 0.4648 | best mAP acc: 0.4545 | best mAR acc: 0.5151 | best Score: 0.4545 | best Score epoch:  6 
epoch  7, iter  201: loss: 0.0046 | load time: 0.0002 | back time: 0.8198 | lr: 0.00009987 | best AP50 acc: 0.6300 | best AP70 acc: 0.4648 | best mAP acc: 0.4545 | best mAR acc: 0.5151 | best Score: 0.4545 | best Score epoch:  6 
epoch  7, iter  251: loss: 0.0040 | load time: 0.0003 | back time: 0.8264 | lr: 0.00009986 | best AP50 acc: 0.6300 | best AP70 acc: 0.4648 | best mAP acc: 0.4545 | best mAR acc: 0.5151 | best Score: 0.4545 | best Score epoch:  6 
epoch  7, iter  301: loss: 0.0049 | load time: 0.0003 | back time: 0.8220 | lr: 0.00009984 | best AP50 acc: 0.6300 | best AP70 acc: 0.4648 | best mAP acc: 0.4545 | best mAR acc: 0.5151 | best Score: 0.4545 | best Score epoch:  6 
epoch  7, iter  351: loss: 0.0054 | load time: 0.0002 | back time: 0.8196 | lr: 0.00009983 | best AP50 acc: 0.6300 | best AP70 acc: 0.4648 | best mAP acc: 0.4545 | best mAR acc: 0.5151 | best Score: 0.4545 | best Score epoch:  6 
epoch  7, iter  401: loss: 0.0038 | load time: 0.0004 | back time: 0.8230 | lr: 0.00009982 | best AP50 acc: 0.6300 | best AP70 acc: 0.4648 | best mAP acc: 0.4545 | best mAR acc: 0.5151 | best Score: 0.4545 | best Score epoch:  6 
epoch  7, iter  451: loss: 0.0043 | load time: 0.0002 | back time: 0.8219 | lr: 0.00009981 | best AP50 acc: 0.6300 | best AP70 acc: 0.4648 | best mAP acc: 0.4545 | best mAR acc: 0.5151 | best Score: 0.4545 | best Score epoch:  6 
epoch  7, iter  501: loss: 0.0043 | load time: 0.0002 | back time: 0.8193 | lr: 0.00009980 | best AP50 acc: 0.6300 | best AP70 acc: 0.4648 | best mAP acc: 0.4545 | best mAR acc: 0.5151 | best Score: 0.4545 | best Score epoch:  6 
epoch  7, iter  551: loss: 0.0050 | load time: 0.0002 | back time: 0.8205 | lr: 0.00009979 | best AP50 acc: 0.6300 | best AP70 acc: 0.4648 | best mAP acc: 0.4545 | best mAR acc: 0.5151 | best Score: 0.4545 | best Score epoch:  6 
epoch  7, iter  601: loss: 0.0045 | load time: 0.0002 | back time: 0.8216 | lr: 0.00009977 | best AP50 acc: 0.6300 | best AP70 acc: 0.4648 | best mAP acc: 0.4545 | best mAR acc: 0.5151 | best Score: 0.4545 | best Score epoch:  6 
epoch  7, iter  651: loss: 0.0052 | load time: 0.0001 | back time: 0.8198 | lr: 0.00009976 | best AP50 acc: 0.6300 | best AP70 acc: 0.4648 | best mAP acc: 0.4545 | best mAR acc: 0.5151 | best Score: 0.4545 | best Score epoch:  6 
epoch  7, iter  701: loss: 0.0050 | load time: 0.0003 | back time: 0.8204 | lr: 0.00009975 | best AP50 acc: 0.6300 | best AP70 acc: 0.4648 | best mAP acc: 0.4545 | best mAR acc: 0.5151 | best Score: 0.4545 | best Score epoch:  6 
epoch  7, iter  751: loss: 0.0047 | load time: 0.0002 | back time: 0.8201 | lr: 0.00009973 | best AP50 acc: 0.6300 | best AP70 acc: 0.4648 | best mAP acc: 0.4545 | best mAR acc: 0.5151 | best Score: 0.4545 | best Score epoch:  6 
epoch  7, iter  801: loss: 0.0037 | load time: 0.0001 | back time: 0.8182 | lr: 0.00009972 | best AP50 acc: 0.6300 | best AP70 acc: 0.4648 | best mAP acc: 0.4545 | best mAR acc: 0.5151 | best Score: 0.4545 | best Score epoch:  6 
epoch  7, iter  851: loss: 0.0057 | load time: 0.0003 | back time: 0.8210 | lr: 0.00009970 | best AP50 acc: 0.6300 | best AP70 acc: 0.4648 | best mAP acc: 0.4545 | best mAR acc: 0.5151 | best Score: 0.4545 | best Score epoch:  6 
epoch  7, iter  901: loss: 0.0049 | load time: 0.0002 | back time: 0.8195 | lr: 0.00009969 | best AP50 acc: 0.6300 | best AP70 acc: 0.4648 | best mAP acc: 0.4545 | best mAR acc: 0.5151 | best Score: 0.4545 | best Score epoch:  6 
epoch  7, iter  951: loss: 0.0036 | load time: 0.0001 | back time: 0.8292 | lr: 0.00009967 | best AP50 acc: 0.6300 | best AP70 acc: 0.4648 | best mAP acc: 0.4545 | best mAR acc: 0.5151 | best Score: 0.4545 | best Score epoch:  6 
epoch  7, iter 1001: loss: 0.0048 | load time: 0.0002 | back time: 0.8292 | lr: 0.00009966 | best AP50 acc: 0.6300 | best AP70 acc: 0.4648 | best mAP acc: 0.4545 | best mAR acc: 0.5151 | best Score: 0.4545 | best Score epoch:  6 
epoch  7, iter 1051: loss: 0.0051 | load time: 0.0001 | back time: 0.8205 | lr: 0.00009964 | best AP50 acc: 0.6300 | best AP70 acc: 0.4648 | best mAP acc: 0.4545 | best mAR acc: 0.5151 | best Score: 0.4545 | best Score epoch:  6 
epoch  7, iter 1101: loss: 0.0033 | load time: 0.0001 | back time: 0.8194 | lr: 0.00009963 | best AP50 acc: 0.6300 | best AP70 acc: 0.4648 | best mAP acc: 0.4545 | best mAR acc: 0.5151 | best Score: 0.4545 | best Score epoch:  6 
epoch  7, iter 1151: loss: 0.0048 | load time: 0.0001 | back time: 0.8204 | lr: 0.00009961 | best AP50 acc: 0.6300 | best AP70 acc: 0.4648 | best mAP acc: 0.4545 | best mAR acc: 0.5151 | best Score: 0.4545 | best Score epoch:  6 
UAV_SEQS_2 | mAP50:90: 10.0755 | AP50: 10.8911 | AP70: 10.8911 
UAV_SEQS_37 | mAP50:90: 85.4306 | AP50: 98.8680 | AP70: 91.4220 
UAV_SEQS_45 | mAP50:90: 78.6479 | AP50: 94.0594 | AP70: 92.7325 
UAV_SEQS_47 | mAP50:90: 96.9289 | AP50: 98.0198 | AP70: 98.0198 
UAV_SEQS_55 | mAP50:90: 0.0000 | AP50: 0.0000 | AP70: 0.0000 
UAV_SEQS_59 | mAP50:90: 31.0663 | AP50: 51.0890 | AP70: 32.3123 
UAV_SEQS_6 | mAP50:90: 50.0764 | AP50: 64.9380 | AP70: 52.3660 
UAV_SEQS_63 | mAP50:90: 0.0000 | AP50: 0.0000 | AP70: 0.0000 
UAV_SEQS_65 | mAP50:90: 79.0010 | AP50: 91.4466 | AP70: 83.9376 
UAV_SEQS_7 | mAP50:90: 31.5627 | AP50: 77.2277 | AP70: 17.7094 
UAV_SEQS_71 | mAP50:90: 3.8137 | AP50: 5.9406 | AP70: 3.4653 
UAV_SEQS_73 | mAP50:90: 13.4342 | AP50: 17.8218 | AP70: 16.6933 
UAV_SEQS_74 | mAP50:90: 99.7665 | AP50: 100.0000 | AP70: 100.0000 
UAV_SEQS_77 | mAP50:90: 10.9120 | AP50: 13.6443 | AP70: 13.6443 
UAV_SEQS_8 | mAP50:90: 56.8910 | AP50: 73.2673 | AP70: 66.0931 
Overall            | mAP50:95: 43.3246 | AP50: 53.5050 | AP70: 45.8636 
epoch  8, iter    1: loss: 0.0043 | load time: 0.0038 | back time: 0.5367 | lr: 0.00009961 | best AP50 acc: 0.6300 | best AP70 acc: 0.4648 | best mAP acc: 0.4545 | best mAR acc: 0.5151 | best Score: 0.4545 | best Score epoch:  6 
epoch  8, iter   51: loss: 0.0052 | load time: 0.0002 | back time: 0.8142 | lr: 0.00009959 | best AP50 acc: 0.6300 | best AP70 acc: 0.4648 | best mAP acc: 0.4545 | best mAR acc: 0.5151 | best Score: 0.4545 | best Score epoch:  6 
epoch  8, iter  101: loss: 0.0050 | load time: 0.0001 | back time: 0.8163 | lr: 0.00009957 | best AP50 acc: 0.6300 | best AP70 acc: 0.4648 | best mAP acc: 0.4545 | best mAR acc: 0.5151 | best Score: 0.4545 | best Score epoch:  6 
epoch  8, iter  151: loss: 0.0042 | load time: 0.0003 | back time: 0.8189 | lr: 0.00009956 | best AP50 acc: 0.6300 | best AP70 acc: 0.4648 | best mAP acc: 0.4545 | best mAR acc: 0.5151 | best Score: 0.4545 | best Score epoch:  6 
epoch  8, iter  201: loss: 0.0041 | load time: 0.0001 | back time: 0.8249 | lr: 0.00009954 | best AP50 acc: 0.6300 | best AP70 acc: 0.4648 | best mAP acc: 0.4545 | best mAR acc: 0.5151 | best Score: 0.4545 | best Score epoch:  6 
epoch  8, iter  251: loss: 0.0039 | load time: 0.0001 | back time: 0.8239 | lr: 0.00009952 | best AP50 acc: 0.6300 | best AP70 acc: 0.4648 | best mAP acc: 0.4545 | best mAR acc: 0.5151 | best Score: 0.4545 | best Score epoch:  6 
epoch  8, iter  301: loss: 0.0035 | load time: 0.0002 | back time: 0.8209 | lr: 0.00009950 | best AP50 acc: 0.6300 | best AP70 acc: 0.4648 | best mAP acc: 0.4545 | best mAR acc: 0.5151 | best Score: 0.4545 | best Score epoch:  6 
epoch  8, iter  351: loss: 0.0039 | load time: 0.0002 | back time: 0.8181 | lr: 0.00009948 | best AP50 acc: 0.6300 | best AP70 acc: 0.4648 | best mAP acc: 0.4545 | best mAR acc: 0.5151 | best Score: 0.4545 | best Score epoch:  6 
epoch  8, iter  401: loss: 0.0041 | load time: 0.0001 | back time: 0.8216 | lr: 0.00009946 | best AP50 acc: 0.6300 | best AP70 acc: 0.4648 | best mAP acc: 0.4545 | best mAR acc: 0.5151 | best Score: 0.4545 | best Score epoch:  6 
epoch  8, iter  451: loss: 0.0032 | load time: 0.0001 | back time: 0.8286 | lr: 0.00009944 | best AP50 acc: 0.6300 | best AP70 acc: 0.4648 | best mAP acc: 0.4545 | best mAR acc: 0.5151 | best Score: 0.4545 | best Score epoch:  6 
epoch  8, iter  501: loss: 0.0033 | load time: 0.0002 | back time: 0.8213 | lr: 0.00009942 | best AP50 acc: 0.6300 | best AP70 acc: 0.4648 | best mAP acc: 0.4545 | best mAR acc: 0.5151 | best Score: 0.4545 | best Score epoch:  6 
epoch  8, iter  551: loss: 0.0040 | load time: 0.0001 | back time: 0.8189 | lr: 0.00009940 | best AP50 acc: 0.6300 | best AP70 acc: 0.4648 | best mAP acc: 0.4545 | best mAR acc: 0.5151 | best Score: 0.4545 | best Score epoch:  6 
epoch  8, iter  601: loss: 0.0049 | load time: 0.0002 | back time: 0.8211 | lr: 0.00009938 | best AP50 acc: 0.6300 | best AP70 acc: 0.4648 | best mAP acc: 0.4545 | best mAR acc: 0.5151 | best Score: 0.4545 | best Score epoch:  6 
epoch  8, iter  651: loss: 0.0048 | load time: 0.0002 | back time: 0.8187 | lr: 0.00009936 | best AP50 acc: 0.6300 | best AP70 acc: 0.4648 | best mAP acc: 0.4545 | best mAR acc: 0.5151 | best Score: 0.4545 | best Score epoch:  6 
epoch  8, iter  701: loss: 0.0039 | load time: 0.0002 | back time: 0.8189 | lr: 0.00009934 | best AP50 acc: 0.6300 | best AP70 acc: 0.4648 | best mAP acc: 0.4545 | best mAR acc: 0.5151 | best Score: 0.4545 | best Score epoch:  6 
epoch  8, iter  751: loss: 0.0059 | load time: 0.0001 | back time: 0.8186 | lr: 0.00009931 | best AP50 acc: 0.6300 | best AP70 acc: 0.4648 | best mAP acc: 0.4545 | best mAR acc: 0.5151 | best Score: 0.4545 | best Score epoch:  6 
epoch  8, iter  801: loss: 0.0044 | load time: 0.0002 | back time: 0.8200 | lr: 0.00009929 | best AP50 acc: 0.6300 | best AP70 acc: 0.4648 | best mAP acc: 0.4545 | best mAR acc: 0.5151 | best Score: 0.4545 | best Score epoch:  6 
epoch  8, iter  851: loss: 0.0043 | load time: 0.0002 | back time: 0.8208 | lr: 0.00009927 | best AP50 acc: 0.6300 | best AP70 acc: 0.4648 | best mAP acc: 0.4545 | best mAR acc: 0.5151 | best Score: 0.4545 | best Score epoch:  6 
epoch  8, iter  901: loss: 0.0049 | load time: 0.0003 | back time: 0.8197 | lr: 0.00009925 | best AP50 acc: 0.6300 | best AP70 acc: 0.4648 | best mAP acc: 0.4545 | best mAR acc: 0.5151 | best Score: 0.4545 | best Score epoch:  6 
epoch  8, iter  951: loss: 0.0036 | load time: 0.0002 | back time: 0.8198 | lr: 0.00009922 | best AP50 acc: 0.6300 | best AP70 acc: 0.4648 | best mAP acc: 0.4545 | best mAR acc: 0.5151 | best Score: 0.4545 | best Score epoch:  6 
epoch  8, iter 1001: loss: 0.0037 | load time: 0.0002 | back time: 0.8189 | lr: 0.00009920 | best AP50 acc: 0.6300 | best AP70 acc: 0.4648 | best mAP acc: 0.4545 | best mAR acc: 0.5151 | best Score: 0.4545 | best Score epoch:  6 
epoch  8, iter 1051: loss: 0.0046 | load time: 0.0002 | back time: 0.8195 | lr: 0.00009917 | best AP50 acc: 0.6300 | best AP70 acc: 0.4648 | best mAP acc: 0.4545 | best mAR acc: 0.5151 | best Score: 0.4545 | best Score epoch:  6 
epoch  8, iter 1101: loss: 0.0033 | load time: 0.0003 | back time: 0.8201 | lr: 0.00009915 | best AP50 acc: 0.6300 | best AP70 acc: 0.4648 | best mAP acc: 0.4545 | best mAR acc: 0.5151 | best Score: 0.4545 | best Score epoch:  6 
epoch  8, iter 1151: loss: 0.0037 | load time: 0.0001 | back time: 0.8231 | lr: 0.00009912 | best AP50 acc: 0.6300 | best AP70 acc: 0.4648 | best mAP acc: 0.4545 | best mAR acc: 0.5151 | best Score: 0.4545 | best Score epoch:  6 
UAV_SEQS_2 | mAP50:90: 18.6260 | AP50: 19.8020 | AP70: 19.8020 
UAV_SEQS_37 | mAP50:90: 94.3461 | AP50: 100.0000 | AP70: 97.6647 
UAV_SEQS_45 | mAP50:90: 87.9927 | AP50: 99.0099 | AP70: 97.7818 
UAV_SEQS_47 | mAP50:90: 98.6779 | AP50: 100.0000 | AP70: 100.0000 
UAV_SEQS_55 | mAP50:90: 3.1925 | AP50: 6.6832 | AP70: 2.4134 
UAV_SEQS_59 | mAP50:90: 47.0944 | AP50: 72.1336 | AP70: 49.1720 
UAV_SEQS_6 | mAP50:90: 52.8689 | AP50: 80.6093 | AP70: 52.5666 
UAV_SEQS_63 | mAP50:90: 0.6470 | AP50: 4.1630 | AP70: 0.0000 
UAV_SEQS_65 | mAP50:90: 85.4635 | AP50: 95.0250 | AP70: 92.6819 
UAV_SEQS_7 | mAP50:90: 99.6271 | AP50: 100.0000 | AP70: 100.0000 
UAV_SEQS_71 | mAP50:90: 6.9662 | AP50: 7.9208 | AP70: 7.9208 
UAV_SEQS_73 | mAP50:90: 32.6105 | AP50: 43.1367 | AP70: 38.1512 
UAV_SEQS_74 | mAP50:90: 97.4028 | AP50: 100.0000 | AP70: 100.0000 
UAV_SEQS_77 | mAP50:90: 3.4675 | AP50: 8.9109 | AP70: 3.8020 
UAV_SEQS_8 | mAP50:90: 92.8877 | AP50: 97.0297 | AP70: 96.7695 
Overall            | mAP50:95: 55.0827 | AP50: 62.7971 | AP70: 57.5249 
epoch  9, iter    1: loss: 0.0042 | load time: 0.0033 | back time: 0.3862 | lr: 0.00009912 | best AP50 acc: 0.6280 | best AP70 acc: 0.5752 | best mAP acc: 0.5508 | best mAR acc: 0.5786 | best Score: 0.5508 | best Score epoch:  8 
epoch  9, iter   51: loss: 0.0039 | load time: 0.0002 | back time: 0.8143 | lr: 0.00009910 | best AP50 acc: 0.6280 | best AP70 acc: 0.5752 | best mAP acc: 0.5508 | best mAR acc: 0.5786 | best Score: 0.5508 | best Score epoch:  8 
epoch  9, iter  101: loss: 0.0050 | load time: 0.0003 | back time: 0.8151 | lr: 0.00009907 | best AP50 acc: 0.6280 | best AP70 acc: 0.5752 | best mAP acc: 0.5508 | best mAR acc: 0.5786 | best Score: 0.5508 | best Score epoch:  8 
epoch  9, iter  151: loss: 0.0034 | load time: 0.0003 | back time: 0.8186 | lr: 0.00009905 | best AP50 acc: 0.6280 | best AP70 acc: 0.5752 | best mAP acc: 0.5508 | best mAR acc: 0.5786 | best Score: 0.5508 | best Score epoch:  8 
epoch  9, iter  201: loss: 0.0035 | load time: 0.0002 | back time: 0.8205 | lr: 0.00009902 | best AP50 acc: 0.6280 | best AP70 acc: 0.5752 | best mAP acc: 0.5508 | best mAR acc: 0.5786 | best Score: 0.5508 | best Score epoch:  8 
epoch  9, iter  251: loss: 0.0036 | load time: 0.0001 | back time: 0.8220 | lr: 0.00009899 | best AP50 acc: 0.6280 | best AP70 acc: 0.5752 | best mAP acc: 0.5508 | best mAR acc: 0.5786 | best Score: 0.5508 | best Score epoch:  8 
epoch  9, iter  301: loss: 0.0034 | load time: 0.0002 | back time: 0.8196 | lr: 0.00009896 | best AP50 acc: 0.6280 | best AP70 acc: 0.5752 | best mAP acc: 0.5508 | best mAR acc: 0.5786 | best Score: 0.5508 | best Score epoch:  8 
epoch  9, iter  351: loss: 0.0043 | load time: 0.0002 | back time: 0.8199 | lr: 0.00009894 | best AP50 acc: 0.6280 | best AP70 acc: 0.5752 | best mAP acc: 0.5508 | best mAR acc: 0.5786 | best Score: 0.5508 | best Score epoch:  8 
epoch  9, iter  401: loss: 0.0046 | load time: 0.0002 | back time: 0.8209 | lr: 0.00009891 | best AP50 acc: 0.6280 | best AP70 acc: 0.5752 | best mAP acc: 0.5508 | best mAR acc: 0.5786 | best Score: 0.5508 | best Score epoch:  8 
epoch  9, iter  451: loss: 0.0038 | load time: 0.0002 | back time: 0.8187 | lr: 0.00009888 | best AP50 acc: 0.6280 | best AP70 acc: 0.5752 | best mAP acc: 0.5508 | best mAR acc: 0.5786 | best Score: 0.5508 | best Score epoch:  8 
epoch  9, iter  501: loss: 0.0046 | load time: 0.0001 | back time: 0.8189 | lr: 0.00009885 | best AP50 acc: 0.6280 | best AP70 acc: 0.5752 | best mAP acc: 0.5508 | best mAR acc: 0.5786 | best Score: 0.5508 | best Score epoch:  8 
epoch  9, iter  551: loss: 0.0047 | load time: 0.0002 | back time: 0.8219 | lr: 0.00009882 | best AP50 acc: 0.6280 | best AP70 acc: 0.5752 | best mAP acc: 0.5508 | best mAR acc: 0.5786 | best Score: 0.5508 | best Score epoch:  8 
epoch  9, iter  601: loss: 0.0044 | load time: 0.0002 | back time: 0.8284 | lr: 0.00009879 | best AP50 acc: 0.6280 | best AP70 acc: 0.5752 | best mAP acc: 0.5508 | best mAR acc: 0.5786 | best Score: 0.5508 | best Score epoch:  8 
epoch  9, iter  651: loss: 0.0045 | load time: 0.0002 | back time: 0.8206 | lr: 0.00009876 | best AP50 acc: 0.6280 | best AP70 acc: 0.5752 | best mAP acc: 0.5508 | best mAR acc: 0.5786 | best Score: 0.5508 | best Score epoch:  8 
epoch  9, iter  701: loss: 0.0037 | load time: 0.0002 | back time: 0.8192 | lr: 0.00009873 | best AP50 acc: 0.6280 | best AP70 acc: 0.5752 | best mAP acc: 0.5508 | best mAR acc: 0.5786 | best Score: 0.5508 | best Score epoch:  8 
epoch  9, iter  751: loss: 0.0034 | load time: 0.0002 | back time: 0.8181 | lr: 0.00009870 | best AP50 acc: 0.6280 | best AP70 acc: 0.5752 | best mAP acc: 0.5508 | best mAR acc: 0.5786 | best Score: 0.5508 | best Score epoch:  8 
epoch  9, iter  801: loss: 0.0045 | load time: 0.0002 | back time: 0.8195 | lr: 0.00009867 | best AP50 acc: 0.6280 | best AP70 acc: 0.5752 | best mAP acc: 0.5508 | best mAR acc: 0.5786 | best Score: 0.5508 | best Score epoch:  8 
epoch  9, iter  851: loss: 0.0039 | load time: 0.0002 | back time: 0.8202 | lr: 0.00009864 | best AP50 acc: 0.6280 | best AP70 acc: 0.5752 | best mAP acc: 0.5508 | best mAR acc: 0.5786 | best Score: 0.5508 | best Score epoch:  8 
epoch  9, iter  901: loss: 0.0046 | load time: 0.0002 | back time: 0.8207 | lr: 0.00009861 | best AP50 acc: 0.6280 | best AP70 acc: 0.5752 | best mAP acc: 0.5508 | best mAR acc: 0.5786 | best Score: 0.5508 | best Score epoch:  8 
epoch  9, iter  951: loss: 0.0049 | load time: 0.0002 | back time: 0.8202 | lr: 0.00009858 | best AP50 acc: 0.6280 | best AP70 acc: 0.5752 | best mAP acc: 0.5508 | best mAR acc: 0.5786 | best Score: 0.5508 | best Score epoch:  8 
epoch  9, iter 1001: loss: 0.0043 | load time: 0.0002 | back time: 0.8183 | lr: 0.00009854 | best AP50 acc: 0.6280 | best AP70 acc: 0.5752 | best mAP acc: 0.5508 | best mAR acc: 0.5786 | best Score: 0.5508 | best Score epoch:  8 
epoch  9, iter 1051: loss: 0.0047 | load time: 0.0003 | back time: 0.8202 | lr: 0.00009851 | best AP50 acc: 0.6280 | best AP70 acc: 0.5752 | best mAP acc: 0.5508 | best mAR acc: 0.5786 | best Score: 0.5508 | best Score epoch:  8 
epoch  9, iter 1101: loss: 0.0034 | load time: 0.0001 | back time: 0.8189 | lr: 0.00009848 | best AP50 acc: 0.6280 | best AP70 acc: 0.5752 | best mAP acc: 0.5508 | best mAR acc: 0.5786 | best Score: 0.5508 | best Score epoch:  8 
epoch  9, iter 1151: loss: 0.0058 | load time: 0.0001 | back time: 0.8198 | lr: 0.00009845 | best AP50 acc: 0.6280 | best AP70 acc: 0.5752 | best mAP acc: 0.5508 | best mAR acc: 0.5786 | best Score: 0.5508 | best Score epoch:  8 
UAV_SEQS_2 | mAP50:90: 21.8575 | AP50: 25.7426 | AP70: 21.0419 
UAV_SEQS_37 | mAP50:90: 94.4277 | AP50: 100.0000 | AP70: 98.8609 
UAV_SEQS_45 | mAP50:90: 64.7490 | AP50: 96.6490 | AP70: 73.2396 
UAV_SEQS_47 | mAP50:90: 88.8399 | AP50: 100.0000 | AP70: 98.6802 
UAV_SEQS_55 | mAP50:90: 0.8067 | AP50: 1.3201 | AP70: 1.1551 
UAV_SEQS_59 | mAP50:90: 29.8544 | AP50: 61.2621 | AP70: 28.8715 
UAV_SEQS_6 | mAP50:90: 58.3743 | AP50: 74.2574 | AP70: 63.1870 
UAV_SEQS_63 | mAP50:90: 0.0000 | AP50: 0.0000 | AP70: 0.0000 
UAV_SEQS_65 | mAP50:90: 71.1569 | AP50: 95.9808 | AP70: 74.9171 
UAV_SEQS_7 | mAP50:90: 94.1864 | AP50: 100.0000 | AP70: 100.0000 
UAV_SEQS_71 | mAP50:90: 8.0621 | AP50: 10.8911 | AP70: 10.6511 
UAV_SEQS_73 | mAP50:90: 15.3454 | AP50: 27.8110 | AP70: 13.5375 
UAV_SEQS_74 | mAP50:90: 99.7130 | AP50: 100.0000 | AP70: 100.0000 
UAV_SEQS_77 | mAP50:90: 6.3806 | AP50: 6.9307 | AP70: 6.9307 
UAV_SEQS_8 | mAP50:90: 98.5904 | AP50: 99.0099 | AP70: 99.0099 
Overall            | mAP50:95: 48.1665 | AP50: 59.5440 | AP70: 51.1689 
epoch 10, iter    1: loss: 0.0038 | load time: 0.0034 | back time: 0.4810 | lr: 0.00009844 | best AP50 acc: 0.6280 | best AP70 acc: 0.5752 | best mAP acc: 0.5508 | best mAR acc: 0.5786 | best Score: 0.5508 | best Score epoch:  8 
epoch 10, iter   51: loss: 0.0052 | load time: 0.0002 | back time: 0.8129 | lr: 0.00009841 | best AP50 acc: 0.6280 | best AP70 acc: 0.5752 | best mAP acc: 0.5508 | best mAR acc: 0.5786 | best Score: 0.5508 | best Score epoch:  8 
epoch 10, iter  101: loss: 0.0040 | load time: 0.0002 | back time: 0.8193 | lr: 0.00009838 | best AP50 acc: 0.6280 | best AP70 acc: 0.5752 | best mAP acc: 0.5508 | best mAR acc: 0.5786 | best Score: 0.5508 | best Score epoch:  8 
epoch 10, iter  151: loss: 0.0038 | load time: 0.0001 | back time: 0.8208 | lr: 0.00009834 | best AP50 acc: 0.6280 | best AP70 acc: 0.5752 | best mAP acc: 0.5508 | best mAR acc: 0.5786 | best Score: 0.5508 | best Score epoch:  8 
epoch 10, iter  201: loss: 0.0041 | load time: 0.0002 | back time: 0.8182 | lr: 0.00009831 | best AP50 acc: 0.6280 | best AP70 acc: 0.5752 | best mAP acc: 0.5508 | best mAR acc: 0.5786 | best Score: 0.5508 | best Score epoch:  8 
epoch 10, iter  251: loss: 0.0035 | load time: 0.0002 | back time: 0.8202 | lr: 0.00009827 | best AP50 acc: 0.6280 | best AP70 acc: 0.5752 | best mAP acc: 0.5508 | best mAR acc: 0.5786 | best Score: 0.5508 | best Score epoch:  8 
epoch 10, iter  301: loss: 0.0033 | load time: 0.0002 | back time: 0.8203 | lr: 0.00009824 | best AP50 acc: 0.6280 | best AP70 acc: 0.5752 | best mAP acc: 0.5508 | best mAR acc: 0.5786 | best Score: 0.5508 | best Score epoch:  8 
epoch 10, iter  351: loss: 0.0038 | load time: 0.0002 | back time: 0.8219 | lr: 0.00009820 | best AP50 acc: 0.6280 | best AP70 acc: 0.5752 | best mAP acc: 0.5508 | best mAR acc: 0.5786 | best Score: 0.5508 | best Score epoch:  8 
epoch 10, iter  401: loss: 0.0034 | load time: 0.0003 | back time: 0.8209 | lr: 0.00009816 | best AP50 acc: 0.6280 | best AP70 acc: 0.5752 | best mAP acc: 0.5508 | best mAR acc: 0.5786 | best Score: 0.5508 | best Score epoch:  8 
epoch 10, iter  451: loss: 0.0034 | load time: 0.0001 | back time: 0.8188 | lr: 0.00009813 | best AP50 acc: 0.6280 | best AP70 acc: 0.5752 | best mAP acc: 0.5508 | best mAR acc: 0.5786 | best Score: 0.5508 | best Score epoch:  8 
epoch 10, iter  501: loss: 0.0034 | load time: 0.0004 | back time: 0.8211 | lr: 0.00009809 | best AP50 acc: 0.6280 | best AP70 acc: 0.5752 | best mAP acc: 0.5508 | best mAR acc: 0.5786 | best Score: 0.5508 | best Score epoch:  8 
epoch 10, iter  551: loss: 0.0048 | load time: 0.0002 | back time: 0.8188 | lr: 0.00009805 | best AP50 acc: 0.6280 | best AP70 acc: 0.5752 | best mAP acc: 0.5508 | best mAR acc: 0.5786 | best Score: 0.5508 | best Score epoch:  8 
epoch 10, iter  601: loss: 0.0047 | load time: 0.0002 | back time: 0.8193 | lr: 0.00009802 | best AP50 acc: 0.6280 | best AP70 acc: 0.5752 | best mAP acc: 0.5508 | best mAR acc: 0.5786 | best Score: 0.5508 | best Score epoch:  8 
epoch 10, iter  651: loss: 0.0043 | load time: 0.0001 | back time: 0.8189 | lr: 0.00009798 | best AP50 acc: 0.6280 | best AP70 acc: 0.5752 | best mAP acc: 0.5508 | best mAR acc: 0.5786 | best Score: 0.5508 | best Score epoch:  8 
epoch 10, iter  701: loss: 0.0031 | load time: 0.0002 | back time: 0.8251 | lr: 0.00009794 | best AP50 acc: 0.6280 | best AP70 acc: 0.5752 | best mAP acc: 0.5508 | best mAR acc: 0.5786 | best Score: 0.5508 | best Score epoch:  8 
epoch 10, iter  751: loss: 0.0042 | load time: 0.0002 | back time: 0.8278 | lr: 0.00009790 | best AP50 acc: 0.6280 | best AP70 acc: 0.5752 | best mAP acc: 0.5508 | best mAR acc: 0.5786 | best Score: 0.5508 | best Score epoch:  8 
epoch 10, iter  801: loss: 0.0038 | load time: 0.0002 | back time: 0.8196 | lr: 0.00009786 | best AP50 acc: 0.6280 | best AP70 acc: 0.5752 | best mAP acc: 0.5508 | best mAR acc: 0.5786 | best Score: 0.5508 | best Score epoch:  8 
epoch 10, iter  851: loss: 0.0038 | load time: 0.0002 | back time: 0.8179 | lr: 0.00009782 | best AP50 acc: 0.6280 | best AP70 acc: 0.5752 | best mAP acc: 0.5508 | best mAR acc: 0.5786 | best Score: 0.5508 | best Score epoch:  8 
epoch 10, iter  901: loss: 0.0032 | load time: 0.0001 | back time: 0.8176 | lr: 0.00009778 | best AP50 acc: 0.6280 | best AP70 acc: 0.5752 | best mAP acc: 0.5508 | best mAR acc: 0.5786 | best Score: 0.5508 | best Score epoch:  8 
epoch 10, iter  951: loss: 0.0036 | load time: 0.0002 | back time: 0.8191 | lr: 0.00009774 | best AP50 acc: 0.6280 | best AP70 acc: 0.5752 | best mAP acc: 0.5508 | best mAR acc: 0.5786 | best Score: 0.5508 | best Score epoch:  8 
epoch 10, iter 1001: loss: 0.0037 | load time: 0.0005 | back time: 0.8200 | lr: 0.00009770 | best AP50 acc: 0.6280 | best AP70 acc: 0.5752 | best mAP acc: 0.5508 | best mAR acc: 0.5786 | best Score: 0.5508 | best Score epoch:  8 
epoch 10, iter 1051: loss: 0.0046 | load time: 0.0002 | back time: 0.8187 | lr: 0.00009766 | best AP50 acc: 0.6280 | best AP70 acc: 0.5752 | best mAP acc: 0.5508 | best mAR acc: 0.5786 | best Score: 0.5508 | best Score epoch:  8 
epoch 10, iter 1101: loss: 0.0041 | load time: 0.0002 | back time: 0.8182 | lr: 0.00009762 | best AP50 acc: 0.6280 | best AP70 acc: 0.5752 | best mAP acc: 0.5508 | best mAR acc: 0.5786 | best Score: 0.5508 | best Score epoch:  8 
epoch 10, iter 1151: loss: 0.0035 | load time: 0.0002 | back time: 0.8188 | lr: 0.00009758 | best AP50 acc: 0.6280 | best AP70 acc: 0.5752 | best mAP acc: 0.5508 | best mAR acc: 0.5786 | best Score: 0.5508 | best Score epoch:  8 
UAV_SEQS_2 | mAP50:90: 53.5001 | AP50: 75.3314 | AP70: 56.4828 
UAV_SEQS_37 | mAP50:90: 94.9795 | AP50: 100.0000 | AP70: 98.9901 
UAV_SEQS_45 | mAP50:90: 93.4840 | AP50: 100.0000 | AP70: 100.0000 
UAV_SEQS_47 | mAP50:90: 99.7866 | AP50: 100.0000 | AP70: 100.0000 
UAV_SEQS_55 | mAP50:90: 44.9817 | AP50: 67.8609 | AP70: 50.7786 
UAV_SEQS_59 | mAP50:90: 57.9700 | AP50: 87.8635 | AP70: 61.9142 
UAV_SEQS_6 | mAP50:90: 49.9705 | AP50: 61.8188 | AP70: 52.4179 
UAV_SEQS_63 | mAP50:90: 34.3804 | AP50: 93.1552 | AP70: 12.4862 
UAV_SEQS_65 | mAP50:90: 74.0203 | AP50: 92.2591 | AP70: 88.1848 
UAV_SEQS_7 | mAP50:90: 57.8463 | AP50: 100.0000 | AP70: 58.0785 
UAV_SEQS_71 | mAP50:90: 54.9734 | AP50: 68.0208 | AP70: 54.7354 
UAV_SEQS_73 | mAP50:90: 56.6433 | AP50: 76.8618 | AP70: 60.0581 
UAV_SEQS_74 | mAP50:90: 100.0000 | AP50: 100.0000 | AP70: 100.0000 
UAV_SEQS_77 | mAP50:90: 10.9624 | AP50: 13.0526 | AP70: 13.0526 
UAV_SEQS_8 | mAP50:90: 88.7430 | AP50: 100.0000 | AP70: 94.7888 
Overall            | mAP50:95: 65.9817 | AP50: 83.3052 | AP70: 68.6734 
epoch 11, iter    1: loss: 0.0036 | load time: 0.0045 | back time: 0.5229 | lr: 0.00009758 | best AP50 acc: 0.8331 | best AP70 acc: 0.6867 | best mAP acc: 0.6598 | best mAR acc: 0.7223 | best Score: 0.6598 | best Score epoch: 10 
epoch 11, iter   51: loss: 0.0042 | load time: 0.0003 | back time: 0.8108 | lr: 0.00009753 | best AP50 acc: 0.8331 | best AP70 acc: 0.6867 | best mAP acc: 0.6598 | best mAR acc: 0.7223 | best Score: 0.6598 | best Score epoch: 10 
epoch 11, iter  101: loss: 0.0040 | load time: 0.0002 | back time: 0.8206 | lr: 0.00009749 | best AP50 acc: 0.8331 | best AP70 acc: 0.6867 | best mAP acc: 0.6598 | best mAR acc: 0.7223 | best Score: 0.6598 | best Score epoch: 10 
epoch 11, iter  151: loss: 0.0036 | load time: 0.0001 | back time: 0.8192 | lr: 0.00009745 | best AP50 acc: 0.8331 | best AP70 acc: 0.6867 | best mAP acc: 0.6598 | best mAR acc: 0.7223 | best Score: 0.6598 | best Score epoch: 10 
epoch 11, iter  201: loss: 0.0033 | load time: 0.0002 | back time: 0.8223 | lr: 0.00009741 | best AP50 acc: 0.8331 | best AP70 acc: 0.6867 | best mAP acc: 0.6598 | best mAR acc: 0.7223 | best Score: 0.6598 | best Score epoch: 10 
epoch 11, iter  251: loss: 0.0033 | load time: 0.0002 | back time: 0.8194 | lr: 0.00009736 | best AP50 acc: 0.8331 | best AP70 acc: 0.6867 | best mAP acc: 0.6598 | best mAR acc: 0.7223 | best Score: 0.6598 | best Score epoch: 10 
epoch 11, iter  301: loss: 0.0033 | load time: 0.0002 | back time: 0.8233 | lr: 0.00009732 | best AP50 acc: 0.8331 | best AP70 acc: 0.6867 | best mAP acc: 0.6598 | best mAR acc: 0.7223 | best Score: 0.6598 | best Score epoch: 10 
epoch 11, iter  351: loss: 0.0033 | load time: 0.0002 | back time: 0.8192 | lr: 0.00009728 | best AP50 acc: 0.8331 | best AP70 acc: 0.6867 | best mAP acc: 0.6598 | best mAR acc: 0.7223 | best Score: 0.6598 | best Score epoch: 10 
epoch 11, iter  401: loss: 0.0034 | load time: 0.0002 | back time: 0.8203 | lr: 0.00009723 | best AP50 acc: 0.8331 | best AP70 acc: 0.6867 | best mAP acc: 0.6598 | best mAR acc: 0.7223 | best Score: 0.6598 | best Score epoch: 10 
epoch 11, iter  451: loss: 0.0039 | load time: 0.0002 | back time: 0.8185 | lr: 0.00009719 | best AP50 acc: 0.8331 | best AP70 acc: 0.6867 | best mAP acc: 0.6598 | best mAR acc: 0.7223 | best Score: 0.6598 | best Score epoch: 10 
epoch 11, iter  501: loss: 0.0053 | load time: 0.0002 | back time: 0.8204 | lr: 0.00009714 | best AP50 acc: 0.8331 | best AP70 acc: 0.6867 | best mAP acc: 0.6598 | best mAR acc: 0.7223 | best Score: 0.6598 | best Score epoch: 10 
epoch 11, iter  551: loss: 0.0035 | load time: 0.0003 | back time: 0.8189 | lr: 0.00009710 | best AP50 acc: 0.8331 | best AP70 acc: 0.6867 | best mAP acc: 0.6598 | best mAR acc: 0.7223 | best Score: 0.6598 | best Score epoch: 10 
epoch 11, iter  601: loss: 0.0042 | load time: 0.0002 | back time: 0.8197 | lr: 0.00009705 | best AP50 acc: 0.8331 | best AP70 acc: 0.6867 | best mAP acc: 0.6598 | best mAR acc: 0.7223 | best Score: 0.6598 | best Score epoch: 10 
epoch 11, iter  651: loss: 0.0037 | load time: 0.0001 | back time: 0.8214 | lr: 0.00009700 | best AP50 acc: 0.8331 | best AP70 acc: 0.6867 | best mAP acc: 0.6598 | best mAR acc: 0.7223 | best Score: 0.6598 | best Score epoch: 10 
epoch 11, iter  701: loss: 0.0037 | load time: 0.0002 | back time: 0.8180 | lr: 0.00009696 | best AP50 acc: 0.8331 | best AP70 acc: 0.6867 | best mAP acc: 0.6598 | best mAR acc: 0.7223 | best Score: 0.6598 | best Score epoch: 10 
epoch 11, iter  751: loss: 0.0036 | load time: 0.0002 | back time: 0.8194 | lr: 0.00009691 | best AP50 acc: 0.8331 | best AP70 acc: 0.6867 | best mAP acc: 0.6598 | best mAR acc: 0.7223 | best Score: 0.6598 | best Score epoch: 10 
epoch 11, iter  801: loss: 0.0034 | load time: 0.0002 | back time: 0.8189 | lr: 0.00009686 | best AP50 acc: 0.8331 | best AP70 acc: 0.6867 | best mAP acc: 0.6598 | best mAR acc: 0.7223 | best Score: 0.6598 | best Score epoch: 10 
epoch 11, iter  851: loss: 0.0034 | load time: 0.0002 | back time: 0.8256 | lr: 0.00009682 | best AP50 acc: 0.8331 | best AP70 acc: 0.6867 | best mAP acc: 0.6598 | best mAR acc: 0.7223 | best Score: 0.6598 | best Score epoch: 10 
epoch 11, iter  901: loss: 0.0034 | load time: 0.0002 | back time: 0.8316 | lr: 0.00009677 | best AP50 acc: 0.8331 | best AP70 acc: 0.6867 | best mAP acc: 0.6598 | best mAR acc: 0.7223 | best Score: 0.6598 | best Score epoch: 10 
epoch 11, iter  951: loss: 0.0048 | load time: 0.0001 | back time: 0.8234 | lr: 0.00009672 | best AP50 acc: 0.8331 | best AP70 acc: 0.6867 | best mAP acc: 0.6598 | best mAR acc: 0.7223 | best Score: 0.6598 | best Score epoch: 10 
epoch 11, iter 1001: loss: 0.0036 | load time: 0.0001 | back time: 0.8203 | lr: 0.00009667 | best AP50 acc: 0.8331 | best AP70 acc: 0.6867 | best mAP acc: 0.6598 | best mAR acc: 0.7223 | best Score: 0.6598 | best Score epoch: 10 
epoch 11, iter 1051: loss: 0.0038 | load time: 0.0002 | back time: 0.8212 | lr: 0.00009662 | best AP50 acc: 0.8331 | best AP70 acc: 0.6867 | best mAP acc: 0.6598 | best mAR acc: 0.7223 | best Score: 0.6598 | best Score epoch: 10 
epoch 11, iter 1101: loss: 0.0040 | load time: 0.0002 | back time: 0.8180 | lr: 0.00009657 | best AP50 acc: 0.8331 | best AP70 acc: 0.6867 | best mAP acc: 0.6598 | best mAR acc: 0.7223 | best Score: 0.6598 | best Score epoch: 10 
epoch 11, iter 1151: loss: 0.0048 | load time: 0.0001 | back time: 0.8192 | lr: 0.00009652 | best AP50 acc: 0.8331 | best AP70 acc: 0.6867 | best mAP acc: 0.6598 | best mAR acc: 0.7223 | best Score: 0.6598 | best Score epoch: 10 
UAV_SEQS_2 | mAP50:90: 27.5533 | AP50: 43.6608 | AP70: 30.1416 
UAV_SEQS_37 | mAP50:90: 90.2885 | AP50: 97.0297 | AP70: 95.9303 
UAV_SEQS_45 | mAP50:90: 90.9325 | AP50: 100.0000 | AP70: 100.0000 
UAV_SEQS_47 | mAP50:90: 97.7943 | AP50: 100.0000 | AP70: 100.0000 
UAV_SEQS_55 | mAP50:90: 16.1581 | AP50: 26.7150 | AP70: 17.5336 
UAV_SEQS_59 | mAP50:90: 81.8255 | AP50: 98.0198 | AP70: 91.9025 
UAV_SEQS_6 | mAP50:90: 35.6153 | AP50: 42.0707 | AP70: 36.1963 
UAV_SEQS_63 | mAP50:90: 24.8524 | AP50: 78.8260 | AP70: 15.0045 
UAV_SEQS_65 | mAP50:90: 75.8853 | AP50: 92.6581 | AP70: 87.5923 
UAV_SEQS_7 | mAP50:90: 85.1319 | AP50: 100.0000 | AP70: 87.3003 
UAV_SEQS_71 | mAP50:90: 27.4183 | AP50: 28.7129 | AP70: 28.7129 
UAV_SEQS_73 | mAP50:90: 51.6275 | AP50: 61.6154 | AP70: 58.2136 
UAV_SEQS_74 | mAP50:90: 100.0000 | AP50: 100.0000 | AP70: 100.0000 
UAV_SEQS_77 | mAP50:90: 4.7305 | AP50: 4.9505 | AP70: 4.9505 
UAV_SEQS_8 | mAP50:90: 87.1799 | AP50: 99.0099 | AP70: 94.7505 
Overall            | mAP50:95: 60.7979 | AP50: 72.5737 | AP70: 64.3539 
epoch 12, iter    1: loss: 0.0034 | load time: 0.0082 | back time: 0.3950 | lr: 0.00009652 | best AP50 acc: 0.8331 | best AP70 acc: 0.6867 | best mAP acc: 0.6598 | best mAR acc: 0.7223 | best Score: 0.6598 | best Score epoch: 10 
epoch 12, iter   51: loss: 0.0036 | load time: 0.0002 | back time: 0.8130 | lr: 0.00009647 | best AP50 acc: 0.8331 | best AP70 acc: 0.6867 | best mAP acc: 0.6598 | best mAR acc: 0.7223 | best Score: 0.6598 | best Score epoch: 10 
epoch 12, iter  101: loss: 0.0032 | load time: 0.0002 | back time: 0.8185 | lr: 0.00009642 | best AP50 acc: 0.8331 | best AP70 acc: 0.6867 | best mAP acc: 0.6598 | best mAR acc: 0.7223 | best Score: 0.6598 | best Score epoch: 10 
epoch 12, iter  151: loss: 0.0035 | load time: 0.0002 | back time: 0.8197 | lr: 0.00009637 | best AP50 acc: 0.8331 | best AP70 acc: 0.6867 | best mAP acc: 0.6598 | best mAR acc: 0.7223 | best Score: 0.6598 | best Score epoch: 10 
epoch 12, iter  201: loss: 0.0034 | load time: 0.0002 | back time: 0.8232 | lr: 0.00009632 | best AP50 acc: 0.8331 | best AP70 acc: 0.6867 | best mAP acc: 0.6598 | best mAR acc: 0.7223 | best Score: 0.6598 | best Score epoch: 10 
epoch 12, iter  251: loss: 0.0041 | load time: 0.0001 | back time: 0.8174 | lr: 0.00009627 | best AP50 acc: 0.8331 | best AP70 acc: 0.6867 | best mAP acc: 0.6598 | best mAR acc: 0.7223 | best Score: 0.6598 | best Score epoch: 10 
epoch 12, iter  301: loss: 0.0038 | load time: 0.0002 | back time: 0.8199 | lr: 0.00009622 | best AP50 acc: 0.8331 | best AP70 acc: 0.6867 | best mAP acc: 0.6598 | best mAR acc: 0.7223 | best Score: 0.6598 | best Score epoch: 10 
epoch 12, iter  351: loss: 0.0032 | load time: 0.0002 | back time: 0.8263 | lr: 0.00009617 | best AP50 acc: 0.8331 | best AP70 acc: 0.6867 | best mAP acc: 0.6598 | best mAR acc: 0.7223 | best Score: 0.6598 | best Score epoch: 10 
epoch 12, iter  401: loss: 0.0035 | load time: 0.0002 | back time: 0.8202 | lr: 0.00009611 | best AP50 acc: 0.8331 | best AP70 acc: 0.6867 | best mAP acc: 0.6598 | best mAR acc: 0.7223 | best Score: 0.6598 | best Score epoch: 10 
epoch 12, iter  451: loss: 0.0038 | load time: 0.0003 | back time: 0.8182 | lr: 0.00009606 | best AP50 acc: 0.8331 | best AP70 acc: 0.6867 | best mAP acc: 0.6598 | best mAR acc: 0.7223 | best Score: 0.6598 | best Score epoch: 10 
epoch 12, iter  501: loss: 0.0044 | load time: 0.0002 | back time: 0.8177 | lr: 0.00009601 | best AP50 acc: 0.8331 | best AP70 acc: 0.6867 | best mAP acc: 0.6598 | best mAR acc: 0.7223 | best Score: 0.6598 | best Score epoch: 10 
epoch 12, iter  551: loss: 0.0034 | load time: 0.0003 | back time: 0.8194 | lr: 0.00009596 | best AP50 acc: 0.8331 | best AP70 acc: 0.6867 | best mAP acc: 0.6598 | best mAR acc: 0.7223 | best Score: 0.6598 | best Score epoch: 10 
epoch 12, iter  601: loss: 0.0049 | load time: 0.0002 | back time: 0.8201 | lr: 0.00009590 | best AP50 acc: 0.8331 | best AP70 acc: 0.6867 | best mAP acc: 0.6598 | best mAR acc: 0.7223 | best Score: 0.6598 | best Score epoch: 10 
epoch 12, iter  651: loss: 0.0032 | load time: 0.0002 | back time: 0.8193 | lr: 0.00009585 | best AP50 acc: 0.8331 | best AP70 acc: 0.6867 | best mAP acc: 0.6598 | best mAR acc: 0.7223 | best Score: 0.6598 | best Score epoch: 10 
epoch 12, iter  701: loss: 0.0035 | load time: 0.0002 | back time: 0.8201 | lr: 0.00009579 | best AP50 acc: 0.8331 | best AP70 acc: 0.6867 | best mAP acc: 0.6598 | best mAR acc: 0.7223 | best Score: 0.6598 | best Score epoch: 10 
epoch 12, iter  751: loss: 0.0036 | load time: 0.0001 | back time: 0.8198 | lr: 0.00009574 | best AP50 acc: 0.8331 | best AP70 acc: 0.6867 | best mAP acc: 0.6598 | best mAR acc: 0.7223 | best Score: 0.6598 | best Score epoch: 10 
epoch 12, iter  801: loss: 0.0046 | load time: 0.0002 | back time: 0.8183 | lr: 0.00009568 | best AP50 acc: 0.8331 | best AP70 acc: 0.6867 | best mAP acc: 0.6598 | best mAR acc: 0.7223 | best Score: 0.6598 | best Score epoch: 10 
epoch 12, iter  851: loss: 0.0039 | load time: 0.0001 | back time: 0.8190 | lr: 0.00009563 | best AP50 acc: 0.8331 | best AP70 acc: 0.6867 | best mAP acc: 0.6598 | best mAR acc: 0.7223 | best Score: 0.6598 | best Score epoch: 10 
epoch 12, iter  901: loss: 0.0037 | load time: 0.0002 | back time: 0.8183 | lr: 0.00009557 | best AP50 acc: 0.8331 | best AP70 acc: 0.6867 | best mAP acc: 0.6598 | best mAR acc: 0.7223 | best Score: 0.6598 | best Score epoch: 10 
epoch 12, iter  951: loss: 0.0040 | load time: 0.0002 | back time: 0.8179 | lr: 0.00009552 | best AP50 acc: 0.8331 | best AP70 acc: 0.6867 | best mAP acc: 0.6598 | best mAR acc: 0.7223 | best Score: 0.6598 | best Score epoch: 10 
epoch 12, iter 1001: loss: 0.0036 | load time: 0.0003 | back time: 0.8229 | lr: 0.00009546 | best AP50 acc: 0.8331 | best AP70 acc: 0.6867 | best mAP acc: 0.6598 | best mAR acc: 0.7223 | best Score: 0.6598 | best Score epoch: 10 
epoch 12, iter 1051: loss: 0.0040 | load time: 0.0001 | back time: 0.8257 | lr: 0.00009540 | best AP50 acc: 0.8331 | best AP70 acc: 0.6867 | best mAP acc: 0.6598 | best mAR acc: 0.7223 | best Score: 0.6598 | best Score epoch: 10 
epoch 12, iter 1101: loss: 0.0040 | load time: 0.0002 | back time: 0.8241 | lr: 0.00009535 | best AP50 acc: 0.8331 | best AP70 acc: 0.6867 | best mAP acc: 0.6598 | best mAR acc: 0.7223 | best Score: 0.6598 | best Score epoch: 10 
epoch 12, iter 1151: loss: 0.0037 | load time: 0.0001 | back time: 0.8181 | lr: 0.00009529 | best AP50 acc: 0.8331 | best AP70 acc: 0.6867 | best mAP acc: 0.6598 | best mAR acc: 0.7223 | best Score: 0.6598 | best Score epoch: 10 
UAV_SEQS_2 | mAP50:90: 38.3762 | AP50: 63.2367 | AP70: 33.0347 
UAV_SEQS_37 | mAP50:90: 92.3852 | AP50: 100.0000 | AP70: 98.9538 
UAV_SEQS_45 | mAP50:90: 92.1700 | AP50: 100.0000 | AP70: 100.0000 
UAV_SEQS_47 | mAP50:90: 98.4485 | AP50: 100.0000 | AP70: 100.0000 
UAV_SEQS_55 | mAP50:90: 31.2705 | AP50: 48.1769 | AP70: 34.1859 
UAV_SEQS_59 | mAP50:90: 55.7542 | AP50: 90.7243 | AP70: 60.6315 
UAV_SEQS_6 | mAP50:90: 45.0540 | AP50: 57.1814 | AP70: 47.9052 
UAV_SEQS_63 | mAP50:90: 23.7917 | AP50: 84.4729 | AP70: 3.6638 
UAV_SEQS_65 | mAP50:90: 72.2591 | AP50: 93.3383 | AP70: 86.3020 
UAV_SEQS_7 | mAP50:90: 69.2817 | AP50: 100.0000 | AP70: 67.7672 
UAV_SEQS_71 | mAP50:90: 42.9650 | AP50: 54.3174 | AP70: 48.0702 
UAV_SEQS_73 | mAP50:90: 46.8309 | AP50: 65.0850 | AP70: 51.3461 
UAV_SEQS_74 | mAP50:90: 98.7409 | AP50: 100.0000 | AP70: 100.0000 
UAV_SEQS_77 | mAP50:90: 12.2253 | AP50: 18.2468 | AP70: 17.6709 
UAV_SEQS_8 | mAP50:90: 61.2336 | AP50: 96.8129 | AP70: 60.6378 
Overall            | mAP50:95: 60.4982 | AP50: 78.6812 | AP70: 62.4121 
epoch 13, iter    1: loss: 0.0035 | load time: 0.0037 | back time: 0.3527 | lr: 0.00009529 | best AP50 acc: 0.8331 | best AP70 acc: 0.6867 | best mAP acc: 0.6598 | best mAR acc: 0.7223 | best Score: 0.6598 | best Score epoch: 10 
epoch 13, iter   51: loss: 0.0035 | load time: 0.0002 | back time: 0.8150 | lr: 0.00009523 | best AP50 acc: 0.8331 | best AP70 acc: 0.6867 | best mAP acc: 0.6598 | best mAR acc: 0.7223 | best Score: 0.6598 | best Score epoch: 10 
epoch 13, iter  101: loss: 0.0045 | load time: 0.0002 | back time: 0.8177 | lr: 0.00009517 | best AP50 acc: 0.8331 | best AP70 acc: 0.6867 | best mAP acc: 0.6598 | best mAR acc: 0.7223 | best Score: 0.6598 | best Score epoch: 10 
epoch 13, iter  151: loss: 0.0033 | load time: 0.0005 | back time: 0.8171 | lr: 0.00009511 | best AP50 acc: 0.8331 | best AP70 acc: 0.6867 | best mAP acc: 0.6598 | best mAR acc: 0.7223 | best Score: 0.6598 | best Score epoch: 10 
epoch 13, iter  201: loss: 0.0037 | load time: 0.0002 | back time: 0.8184 | lr: 0.00009506 | best AP50 acc: 0.8331 | best AP70 acc: 0.6867 | best mAP acc: 0.6598 | best mAR acc: 0.7223 | best Score: 0.6598 | best Score epoch: 10 
epoch 13, iter  251: loss: 0.0039 | load time: 0.0002 | back time: 0.8191 | lr: 0.00009500 | best AP50 acc: 0.8331 | best AP70 acc: 0.6867 | best mAP acc: 0.6598 | best mAR acc: 0.7223 | best Score: 0.6598 | best Score epoch: 10 
epoch 13, iter  301: loss: 0.0035 | load time: 0.0002 | back time: 0.8200 | lr: 0.00009494 | best AP50 acc: 0.8331 | best AP70 acc: 0.6867 | best mAP acc: 0.6598 | best mAR acc: 0.7223 | best Score: 0.6598 | best Score epoch: 10 
epoch 13, iter  351: loss: 0.0039 | load time: 0.0003 | back time: 0.8191 | lr: 0.00009488 | best AP50 acc: 0.8331 | best AP70 acc: 0.6867 | best mAP acc: 0.6598 | best mAR acc: 0.7223 | best Score: 0.6598 | best Score epoch: 10 
epoch 13, iter  401: loss: 0.0036 | load time: 0.0002 | back time: 0.8203 | lr: 0.00009482 | best AP50 acc: 0.8331 | best AP70 acc: 0.6867 | best mAP acc: 0.6598 | best mAR acc: 0.7223 | best Score: 0.6598 | best Score epoch: 10 
epoch 13, iter  451: loss: 0.0034 | load time: 0.0002 | back time: 0.8248 | lr: 0.00009476 | best AP50 acc: 0.8331 | best AP70 acc: 0.6867 | best mAP acc: 0.6598 | best mAR acc: 0.7223 | best Score: 0.6598 | best Score epoch: 10 
epoch 13, iter  501: loss: 0.0034 | load time: 0.0002 | back time: 0.8327 | lr: 0.00009470 | best AP50 acc: 0.8331 | best AP70 acc: 0.6867 | best mAP acc: 0.6598 | best mAR acc: 0.7223 | best Score: 0.6598 | best Score epoch: 10 
epoch 13, iter  551: loss: 0.0034 | load time: 0.0002 | back time: 0.8207 | lr: 0.00009464 | best AP50 acc: 0.8331 | best AP70 acc: 0.6867 | best mAP acc: 0.6598 | best mAR acc: 0.7223 | best Score: 0.6598 | best Score epoch: 10 
epoch 13, iter  601: loss: 0.0036 | load time: 0.0002 | back time: 0.8181 | lr: 0.00009457 | best AP50 acc: 0.8331 | best AP70 acc: 0.6867 | best mAP acc: 0.6598 | best mAR acc: 0.7223 | best Score: 0.6598 | best Score epoch: 10 
epoch 13, iter  651: loss: 0.0036 | load time: 0.0002 | back time: 0.8204 | lr: 0.00009451 | best AP50 acc: 0.8331 | best AP70 acc: 0.6867 | best mAP acc: 0.6598 | best mAR acc: 0.7223 | best Score: 0.6598 | best Score epoch: 10 
epoch 13, iter  701: loss: 0.0036 | load time: 0.0001 | back time: 0.8197 | lr: 0.00009445 | best AP50 acc: 0.8331 | best AP70 acc: 0.6867 | best mAP acc: 0.6598 | best mAR acc: 0.7223 | best Score: 0.6598 | best Score epoch: 10 
epoch 13, iter  751: loss: 0.0032 | load time: 0.0002 | back time: 0.8204 | lr: 0.00009439 | best AP50 acc: 0.8331 | best AP70 acc: 0.6867 | best mAP acc: 0.6598 | best mAR acc: 0.7223 | best Score: 0.6598 | best Score epoch: 10 
epoch 13, iter  801: loss: 0.0035 | load time: 0.0001 | back time: 0.8203 | lr: 0.00009433 | best AP50 acc: 0.8331 | best AP70 acc: 0.6867 | best mAP acc: 0.6598 | best mAR acc: 0.7223 | best Score: 0.6598 | best Score epoch: 10 
epoch 13, iter  851: loss: 0.0037 | load time: 0.0001 | back time: 0.8182 | lr: 0.00009426 | best AP50 acc: 0.8331 | best AP70 acc: 0.6867 | best mAP acc: 0.6598 | best mAR acc: 0.7223 | best Score: 0.6598 | best Score epoch: 10 
epoch 13, iter  901: loss: 0.0038 | load time: 0.0002 | back time: 0.8202 | lr: 0.00009420 | best AP50 acc: 0.8331 | best AP70 acc: 0.6867 | best mAP acc: 0.6598 | best mAR acc: 0.7223 | best Score: 0.6598 | best Score epoch: 10 
epoch 13, iter  951: loss: 0.0040 | load time: 0.0002 | back time: 0.8178 | lr: 0.00009414 | best AP50 acc: 0.8331 | best AP70 acc: 0.6867 | best mAP acc: 0.6598 | best mAR acc: 0.7223 | best Score: 0.6598 | best Score epoch: 10 
epoch 13, iter 1001: loss: 0.0048 | load time: 0.0003 | back time: 0.8209 | lr: 0.00009407 | best AP50 acc: 0.8331 | best AP70 acc: 0.6867 | best mAP acc: 0.6598 | best mAR acc: 0.7223 | best Score: 0.6598 | best Score epoch: 10 
epoch 13, iter 1051: loss: 0.0033 | load time: 0.0002 | back time: 0.8196 | lr: 0.00009401 | best AP50 acc: 0.8331 | best AP70 acc: 0.6867 | best mAP acc: 0.6598 | best mAR acc: 0.7223 | best Score: 0.6598 | best Score epoch: 10 
epoch 13, iter 1101: loss: 0.0037 | load time: 0.0002 | back time: 0.8174 | lr: 0.00009394 | best AP50 acc: 0.8331 | best AP70 acc: 0.6867 | best mAP acc: 0.6598 | best mAR acc: 0.7223 | best Score: 0.6598 | best Score epoch: 10 
epoch 13, iter 1151: loss: 0.0049 | load time: 0.0001 | back time: 0.8234 | lr: 0.00009388 | best AP50 acc: 0.8331 | best AP70 acc: 0.6867 | best mAP acc: 0.6598 | best mAR acc: 0.7223 | best Score: 0.6598 | best Score epoch: 10 
UAV_SEQS_2 | mAP50:90: 12.0208 | AP50: 28.1902 | AP70: 8.1999 
UAV_SEQS_37 | mAP50:90: 82.5461 | AP50: 98.9596 | AP70: 90.3302 
UAV_SEQS_45 | mAP50:90: 93.4335 | AP50: 99.0099 | AP70: 99.0099 
UAV_SEQS_47 | mAP50:90: 96.8460 | AP50: 100.0000 | AP70: 100.0000 
UAV_SEQS_55 | mAP50:90: 28.6137 | AP50: 40.0843 | AP70: 30.9771 
UAV_SEQS_59 | mAP50:90: 68.7818 | AP50: 88.7061 | AP70: 84.0385 
UAV_SEQS_6 | mAP50:90: 38.1258 | AP50: 47.0383 | AP70: 37.3726 
UAV_SEQS_63 | mAP50:90: 38.7018 | AP50: 96.0396 | AP70: 19.0943 
UAV_SEQS_65 | mAP50:90: 81.5207 | AP50: 93.7326 | AP70: 91.5852 
UAV_SEQS_7 | mAP50:90: 92.6411 | AP50: 100.0000 | AP70: 96.7725 
UAV_SEQS_71 | mAP50:90: 45.9478 | AP50: 52.4752 | AP70: 51.2510 
UAV_SEQS_73 | mAP50:90: 49.1727 | AP50: 64.7842 | AP70: 51.5616 
UAV_SEQS_74 | mAP50:90: 97.7987 | AP50: 100.0000 | AP70: 100.0000 
UAV_SEQS_77 | mAP50:90: 5.4708 | AP50: 6.9307 | AP70: 6.9307 
UAV_SEQS_8 | mAP50:90: 82.1611 | AP50: 100.0000 | AP70: 86.7488 
Overall            | mAP50:95: 61.9219 | AP50: 74.6683 | AP70: 65.1305 
epoch 14, iter    1: loss: 0.0037 | load time: 0.0051 | back time: 0.5215 | lr: 0.00009388 | best AP50 acc: 0.8331 | best AP70 acc: 0.6867 | best mAP acc: 0.6598 | best mAR acc: 0.7223 | best Score: 0.6598 | best Score epoch: 10 
epoch 14, iter   51: loss: 0.0035 | load time: 0.0003 | back time: 0.8141 | lr: 0.00009381 | best AP50 acc: 0.8331 | best AP70 acc: 0.6867 | best mAP acc: 0.6598 | best mAR acc: 0.7223 | best Score: 0.6598 | best Score epoch: 10 
epoch 14, iter  101: loss: 0.0034 | load time: 0.0002 | back time: 0.8161 | lr: 0.00009375 | best AP50 acc: 0.8331 | best AP70 acc: 0.6867 | best mAP acc: 0.6598 | best mAR acc: 0.7223 | best Score: 0.6598 | best Score epoch: 10 
epoch 14, iter  151: loss: 0.0031 | load time: 0.0001 | back time: 0.8194 | lr: 0.00009368 | best AP50 acc: 0.8331 | best AP70 acc: 0.6867 | best mAP acc: 0.6598 | best mAR acc: 0.7223 | best Score: 0.6598 | best Score epoch: 10 
epoch 14, iter  201: loss: 0.0032 | load time: 0.0002 | back time: 0.8197 | lr: 0.00009361 | best AP50 acc: 0.8331 | best AP70 acc: 0.6867 | best mAP acc: 0.6598 | best mAR acc: 0.7223 | best Score: 0.6598 | best Score epoch: 10 
epoch 14, iter  251: loss: 0.0040 | load time: 0.0003 | back time: 0.8268 | lr: 0.00009355 | best AP50 acc: 0.8331 | best AP70 acc: 0.6867 | best mAP acc: 0.6598 | best mAR acc: 0.7223 | best Score: 0.6598 | best Score epoch: 10 
epoch 14, iter  301: loss: 0.0035 | load time: 0.0001 | back time: 0.8285 | lr: 0.00009348 | best AP50 acc: 0.8331 | best AP70 acc: 0.6867 | best mAP acc: 0.6598 | best mAR acc: 0.7223 | best Score: 0.6598 | best Score epoch: 10 
epoch 14, iter  351: loss: 0.0038 | load time: 0.0001 | back time: 0.8182 | lr: 0.00009341 | best AP50 acc: 0.8331 | best AP70 acc: 0.6867 | best mAP acc: 0.6598 | best mAR acc: 0.7223 | best Score: 0.6598 | best Score epoch: 10 
epoch 14, iter  401: loss: 0.0033 | load time: 0.0001 | back time: 0.8188 | lr: 0.00009335 | best AP50 acc: 0.8331 | best AP70 acc: 0.6867 | best mAP acc: 0.6598 | best mAR acc: 0.7223 | best Score: 0.6598 | best Score epoch: 10 
epoch 14, iter  451: loss: 0.0033 | load time: 0.0002 | back time: 0.8196 | lr: 0.00009328 | best AP50 acc: 0.8331 | best AP70 acc: 0.6867 | best mAP acc: 0.6598 | best mAR acc: 0.7223 | best Score: 0.6598 | best Score epoch: 10 
epoch 14, iter  501: loss: 0.0041 | load time: 0.0003 | back time: 0.8193 | lr: 0.00009321 | best AP50 acc: 0.8331 | best AP70 acc: 0.6867 | best mAP acc: 0.6598 | best mAR acc: 0.7223 | best Score: 0.6598 | best Score epoch: 10 
epoch 14, iter  551: loss: 0.0037 | load time: 0.0001 | back time: 0.8199 | lr: 0.00009314 | best AP50 acc: 0.8331 | best AP70 acc: 0.6867 | best mAP acc: 0.6598 | best mAR acc: 0.7223 | best Score: 0.6598 | best Score epoch: 10 
epoch 14, iter  601: loss: 0.0037 | load time: 0.0003 | back time: 0.8208 | lr: 0.00009307 | best AP50 acc: 0.8331 | best AP70 acc: 0.6867 | best mAP acc: 0.6598 | best mAR acc: 0.7223 | best Score: 0.6598 | best Score epoch: 10 
epoch 14, iter  651: loss: 0.0033 | load time: 0.0002 | back time: 0.8254 | lr: 0.00009300 | best AP50 acc: 0.8331 | best AP70 acc: 0.6867 | best mAP acc: 0.6598 | best mAR acc: 0.7223 | best Score: 0.6598 | best Score epoch: 10 
epoch 14, iter  701: loss: 0.0036 | load time: 0.0002 | back time: 0.8214 | lr: 0.00009293 | best AP50 acc: 0.8331 | best AP70 acc: 0.6867 | best mAP acc: 0.6598 | best mAR acc: 0.7223 | best Score: 0.6598 | best Score epoch: 10 
epoch 14, iter  751: loss: 0.0034 | load time: 0.0002 | back time: 0.8180 | lr: 0.00009286 | best AP50 acc: 0.8331 | best AP70 acc: 0.6867 | best mAP acc: 0.6598 | best mAR acc: 0.7223 | best Score: 0.6598 | best Score epoch: 10 
epoch 14, iter  801: loss: 0.0033 | load time: 0.0002 | back time: 0.8200 | lr: 0.00009279 | best AP50 acc: 0.8331 | best AP70 acc: 0.6867 | best mAP acc: 0.6598 | best mAR acc: 0.7223 | best Score: 0.6598 | best Score epoch: 10 
epoch 14, iter  851: loss: 0.0035 | load time: 0.0002 | back time: 0.8201 | lr: 0.00009272 | best AP50 acc: 0.8331 | best AP70 acc: 0.6867 | best mAP acc: 0.6598 | best mAR acc: 0.7223 | best Score: 0.6598 | best Score epoch: 10 
epoch 14, iter  901: loss: 0.0037 | load time: 0.0001 | back time: 0.8187 | lr: 0.00009265 | best AP50 acc: 0.8331 | best AP70 acc: 0.6867 | best mAP acc: 0.6598 | best mAR acc: 0.7223 | best Score: 0.6598 | best Score epoch: 10 
epoch 14, iter  951: loss: 0.0038 | load time: 0.0002 | back time: 0.8178 | lr: 0.00009258 | best AP50 acc: 0.8331 | best AP70 acc: 0.6867 | best mAP acc: 0.6598 | best mAR acc: 0.7223 | best Score: 0.6598 | best Score epoch: 10 
epoch 14, iter 1001: loss: 0.0052 | load time: 0.0002 | back time: 0.8188 | lr: 0.00009251 | best AP50 acc: 0.8331 | best AP70 acc: 0.6867 | best mAP acc: 0.6598 | best mAR acc: 0.7223 | best Score: 0.6598 | best Score epoch: 10 
epoch 14, iter 1051: loss: 0.0031 | load time: 0.0002 | back time: 0.8207 | lr: 0.00009244 | best AP50 acc: 0.8331 | best AP70 acc: 0.6867 | best mAP acc: 0.6598 | best mAR acc: 0.7223 | best Score: 0.6598 | best Score epoch: 10 
epoch 14, iter 1101: loss: 0.0037 | load time: 0.0001 | back time: 0.8213 | lr: 0.00009237 | best AP50 acc: 0.8331 | best AP70 acc: 0.6867 | best mAP acc: 0.6598 | best mAR acc: 0.7223 | best Score: 0.6598 | best Score epoch: 10 
epoch 14, iter 1151: loss: 0.0032 | load time: 0.0001 | back time: 0.8182 | lr: 0.00009230 | best AP50 acc: 0.8331 | best AP70 acc: 0.6867 | best mAP acc: 0.6598 | best mAR acc: 0.7223 | best Score: 0.6598 | best Score epoch: 10 
UAV_SEQS_2 | mAP50:90: 20.1847 | AP50: 42.1101 | AP70: 16.7043 
UAV_SEQS_37 | mAP50:90: 82.8301 | AP50: 98.9703 | AP70: 85.9357 
UAV_SEQS_45 | mAP50:90: 95.3762 | AP50: 99.0099 | AP70: 99.0099 
UAV_SEQS_47 | mAP50:90: 99.1539 | AP50: 100.0000 | AP70: 100.0000 
UAV_SEQS_55 | mAP50:90: 27.9478 | AP50: 50.0468 | AP70: 24.3813 
UAV_SEQS_59 | mAP50:90: 76.5289 | AP50: 94.7348 | AP70: 82.4615 
UAV_SEQS_6 | mAP50:90: 41.0784 | AP50: 53.1337 | AP70: 41.0274 
UAV_SEQS_63 | mAP50:90: 26.5091 | AP50: 70.5889 | AP70: 14.9324 
UAV_SEQS_65 | mAP50:90: 81.8525 | AP50: 96.6657 | AP70: 94.3900 
UAV_SEQS_7 | mAP50:90: 90.1564 | AP50: 100.0000 | AP70: 100.0000 
UAV_SEQS_71 | mAP50:90: 61.6981 | AP50: 72.2772 | AP70: 69.3721 
UAV_SEQS_73 | mAP50:90: 55.3480 | AP50: 74.2992 | AP70: 67.7328 
UAV_SEQS_74 | mAP50:90: 97.9337 | AP50: 100.0000 | AP70: 100.0000 
UAV_SEQS_77 | mAP50:90: 8.8273 | AP50: 14.8515 | AP70: 14.7133 
UAV_SEQS_8 | mAP50:90: 90.6682 | AP50: 97.0297 | AP70: 91.4824 
Overall            | mAP50:95: 64.8203 | AP50: 78.4302 | AP70: 68.4897 
epoch 15, iter    1: loss: 0.0032 | load time: 0.0035 | back time: 0.4864 | lr: 0.00009229 | best AP50 acc: 0.8331 | best AP70 acc: 0.6867 | best mAP acc: 0.6598 | best mAR acc: 0.7223 | best Score: 0.6598 | best Score epoch: 10 
epoch 15, iter   51: loss: 0.0035 | load time: 0.0002 | back time: 0.8128 | lr: 0.00009222 | best AP50 acc: 0.8331 | best AP70 acc: 0.6867 | best mAP acc: 0.6598 | best mAR acc: 0.7223 | best Score: 0.6598 | best Score epoch: 10 
epoch 15, iter  101: loss: 0.0037 | load time: 0.0001 | back time: 0.8144 | lr: 0.00009215 | best AP50 acc: 0.8331 | best AP70 acc: 0.6867 | best mAP acc: 0.6598 | best mAR acc: 0.7223 | best Score: 0.6598 | best Score epoch: 10 
epoch 15, iter  151: loss: 0.0033 | load time: 0.0001 | back time: 0.8190 | lr: 0.00009207 | best AP50 acc: 0.8331 | best AP70 acc: 0.6867 | best mAP acc: 0.6598 | best mAR acc: 0.7223 | best Score: 0.6598 | best Score epoch: 10 
epoch 15, iter  201: loss: 0.0033 | load time: 0.0001 | back time: 0.8181 | lr: 0.00009200 | best AP50 acc: 0.8331 | best AP70 acc: 0.6867 | best mAP acc: 0.6598 | best mAR acc: 0.7223 | best Score: 0.6598 | best Score epoch: 10 
epoch 15, iter  251: loss: 0.0037 | load time: 0.0002 | back time: 0.8201 | lr: 0.00009193 | best AP50 acc: 0.8331 | best AP70 acc: 0.6867 | best mAP acc: 0.6598 | best mAR acc: 0.7223 | best Score: 0.6598 | best Score epoch: 10 
epoch 15, iter  301: loss: 0.0034 | load time: 0.0001 | back time: 0.8221 | lr: 0.00009185 | best AP50 acc: 0.8331 | best AP70 acc: 0.6867 | best mAP acc: 0.6598 | best mAR acc: 0.7223 | best Score: 0.6598 | best Score epoch: 10 
epoch 15, iter  351: loss: 0.0034 | load time: 0.0002 | back time: 0.8215 | lr: 0.00009178 | best AP50 acc: 0.8331 | best AP70 acc: 0.6867 | best mAP acc: 0.6598 | best mAR acc: 0.7223 | best Score: 0.6598 | best Score epoch: 10 
epoch 15, iter  401: loss: 0.0038 | load time: 0.0002 | back time: 0.8208 | lr: 0.00009170 | best AP50 acc: 0.8331 | best AP70 acc: 0.6867 | best mAP acc: 0.6598 | best mAR acc: 0.7223 | best Score: 0.6598 | best Score epoch: 10 
epoch 15, iter  451: loss: 0.0030 | load time: 0.0001 | back time: 0.8186 | lr: 0.00009163 | best AP50 acc: 0.8331 | best AP70 acc: 0.6867 | best mAP acc: 0.6598 | best mAR acc: 0.7223 | best Score: 0.6598 | best Score epoch: 10 
epoch 15, iter  501: loss: 0.0038 | load time: 0.0002 | back time: 0.8227 | lr: 0.00009155 | best AP50 acc: 0.8331 | best AP70 acc: 0.6867 | best mAP acc: 0.6598 | best mAR acc: 0.7223 | best Score: 0.6598 | best Score epoch: 10 
epoch 15, iter  551: loss: 0.0034 | load time: 0.0001 | back time: 0.8202 | lr: 0.00009148 | best AP50 acc: 0.8331 | best AP70 acc: 0.6867 | best mAP acc: 0.6598 | best mAR acc: 0.7223 | best Score: 0.6598 | best Score epoch: 10 
epoch 15, iter  601: loss: 0.0032 | load time: 0.0002 | back time: 0.8197 | lr: 0.00009140 | best AP50 acc: 0.8331 | best AP70 acc: 0.6867 | best mAP acc: 0.6598 | best mAR acc: 0.7223 | best Score: 0.6598 | best Score epoch: 10 
epoch 15, iter  651: loss: 0.0034 | load time: 0.0001 | back time: 0.8215 | lr: 0.00009133 | best AP50 acc: 0.8331 | best AP70 acc: 0.6867 | best mAP acc: 0.6598 | best mAR acc: 0.7223 | best Score: 0.6598 | best Score epoch: 10 
epoch 15, iter  701: loss: 0.0039 | load time: 0.0001 | back time: 0.8201 | lr: 0.00009125 | best AP50 acc: 0.8331 | best AP70 acc: 0.6867 | best mAP acc: 0.6598 | best mAR acc: 0.7223 | best Score: 0.6598 | best Score epoch: 10 
epoch 15, iter  751: loss: 0.0041 | load time: 0.0003 | back time: 0.8199 | lr: 0.00009117 | best AP50 acc: 0.8331 | best AP70 acc: 0.6867 | best mAP acc: 0.6598 | best mAR acc: 0.7223 | best Score: 0.6598 | best Score epoch: 10 
epoch 15, iter  801: loss: 0.0036 | load time: 0.0002 | back time: 0.8204 | lr: 0.00009110 | best AP50 acc: 0.8331 | best AP70 acc: 0.6867 | best mAP acc: 0.6598 | best mAR acc: 0.7223 | best Score: 0.6598 | best Score epoch: 10 
epoch 15, iter  851: loss: 0.0036 | load time: 0.0001 | back time: 0.8288 | lr: 0.00009102 | best AP50 acc: 0.8331 | best AP70 acc: 0.6867 | best mAP acc: 0.6598 | best mAR acc: 0.7223 | best Score: 0.6598 | best Score epoch: 10 
epoch 15, iter  901: loss: 0.0034 | load time: 0.0001 | back time: 0.8234 | lr: 0.00009094 | best AP50 acc: 0.8331 | best AP70 acc: 0.6867 | best mAP acc: 0.6598 | best mAR acc: 0.7223 | best Score: 0.6598 | best Score epoch: 10 
epoch 15, iter  951: loss: 0.0032 | load time: 0.0002 | back time: 0.8215 | lr: 0.00009086 | best AP50 acc: 0.8331 | best AP70 acc: 0.6867 | best mAP acc: 0.6598 | best mAR acc: 0.7223 | best Score: 0.6598 | best Score epoch: 10 
epoch 15, iter 1001: loss: 0.0033 | load time: 0.0002 | back time: 0.8195 | lr: 0.00009078 | best AP50 acc: 0.8331 | best AP70 acc: 0.6867 | best mAP acc: 0.6598 | best mAR acc: 0.7223 | best Score: 0.6598 | best Score epoch: 10 
epoch 15, iter 1051: loss: 0.0039 | load time: 0.0003 | back time: 0.8168 | lr: 0.00009071 | best AP50 acc: 0.8331 | best AP70 acc: 0.6867 | best mAP acc: 0.6598 | best mAR acc: 0.7223 | best Score: 0.6598 | best Score epoch: 10 
epoch 15, iter 1101: loss: 0.0030 | load time: 0.0002 | back time: 0.8169 | lr: 0.00009063 | best AP50 acc: 0.8331 | best AP70 acc: 0.6867 | best mAP acc: 0.6598 | best mAR acc: 0.7223 | best Score: 0.6598 | best Score epoch: 10 
epoch 15, iter 1151: loss: 0.0037 | load time: 0.0001 | back time: 0.8217 | lr: 0.00009055 | best AP50 acc: 0.8331 | best AP70 acc: 0.6867 | best mAP acc: 0.6598 | best mAR acc: 0.7223 | best Score: 0.6598 | best Score epoch: 10 
UAV_SEQS_2 | mAP50:90: 42.2359 | AP50: 76.4545 | AP70: 38.8276 
UAV_SEQS_37 | mAP50:90: 89.7320 | AP50: 100.0000 | AP70: 93.5423 
UAV_SEQS_45 | mAP50:90: 95.8041 | AP50: 100.0000 | AP70: 100.0000 
UAV_SEQS_47 | mAP50:90: 96.9055 | AP50: 100.0000 | AP70: 100.0000 
UAV_SEQS_55 | mAP50:90: 43.3234 | AP50: 69.5799 | AP70: 43.7338 
UAV_SEQS_59 | mAP50:90: 71.8566 | AP50: 96.0103 | AP70: 79.7322 
UAV_SEQS_6 | mAP50:90: 57.0852 | AP50: 71.4219 | AP70: 60.0036 
UAV_SEQS_63 | mAP50:90: 56.9332 | AP50: 100.0000 | AP70: 73.4162 
UAV_SEQS_65 | mAP50:90: 80.2066 | AP50: 94.0179 | AP70: 90.6010 
UAV_SEQS_7 | mAP50:90: 96.1811 | AP50: 100.0000 | AP70: 100.0000 
UAV_SEQS_71 | mAP50:90: 72.0616 | AP50: 89.1089 | AP70: 83.6107 
UAV_SEQS_73 | mAP50:90: 64.0699 | AP50: 88.8762 | AP70: 73.0321 
UAV_SEQS_74 | mAP50:90: 96.8652 | AP50: 100.0000 | AP70: 100.0000 
UAV_SEQS_77 | mAP50:90: 13.5354 | AP50: 18.4027 | AP70: 16.3362 
UAV_SEQS_8 | mAP50:90: 73.8723 | AP50: 100.0000 | AP70: 74.8829 
Overall            | mAP50:95: 71.4774 | AP50: 87.0510 | AP70: 76.5088 
epoch 16, iter    1: loss: 0.0036 | load time: 0.0040 | back time: 0.3768 | lr: 0.00009054 | best AP50 acc: 0.8705 | best AP70 acc: 0.7651 | best mAP acc: 0.7148 | best mAR acc: 0.7667 | best Score: 0.7148 | best Score epoch: 15 
epoch 16, iter   51: loss: 0.0035 | load time: 0.0002 | back time: 0.8127 | lr: 0.00009047 | best AP50 acc: 0.8705 | best AP70 acc: 0.7651 | best mAP acc: 0.7148 | best mAR acc: 0.7667 | best Score: 0.7148 | best Score epoch: 15 
epoch 16, iter  101: loss: 0.0034 | load time: 0.0002 | back time: 0.8203 | lr: 0.00009039 | best AP50 acc: 0.8705 | best AP70 acc: 0.7651 | best mAP acc: 0.7148 | best mAR acc: 0.7667 | best Score: 0.7148 | best Score epoch: 15 
epoch 16, iter  151: loss: 0.0032 | load time: 0.0001 | back time: 0.8236 | lr: 0.00009031 | best AP50 acc: 0.8705 | best AP70 acc: 0.7651 | best mAP acc: 0.7148 | best mAR acc: 0.7667 | best Score: 0.7148 | best Score epoch: 15 
epoch 16, iter  201: loss: 0.0033 | load time: 0.0003 | back time: 0.8206 | lr: 0.00009022 | best AP50 acc: 0.8705 | best AP70 acc: 0.7651 | best mAP acc: 0.7148 | best mAR acc: 0.7667 | best Score: 0.7148 | best Score epoch: 15 
epoch 16, iter  251: loss: 0.0034 | load time: 0.0001 | back time: 0.8282 | lr: 0.00009014 | best AP50 acc: 0.8705 | best AP70 acc: 0.7651 | best mAP acc: 0.7148 | best mAR acc: 0.7667 | best Score: 0.7148 | best Score epoch: 15 
epoch 16, iter  301: loss: 0.0035 | load time: 0.0002 | back time: 0.8260 | lr: 0.00009006 | best AP50 acc: 0.8705 | best AP70 acc: 0.7651 | best mAP acc: 0.7148 | best mAR acc: 0.7667 | best Score: 0.7148 | best Score epoch: 15 
epoch 16, iter  351: loss: 0.0040 | load time: 0.0002 | back time: 0.8223 | lr: 0.00008998 | best AP50 acc: 0.8705 | best AP70 acc: 0.7651 | best mAP acc: 0.7148 | best mAR acc: 0.7667 | best Score: 0.7148 | best Score epoch: 15 
epoch 16, iter  401: loss: 0.0035 | load time: 0.0002 | back time: 0.8190 | lr: 0.00008990 | best AP50 acc: 0.8705 | best AP70 acc: 0.7651 | best mAP acc: 0.7148 | best mAR acc: 0.7667 | best Score: 0.7148 | best Score epoch: 15 
epoch 16, iter  451: loss: 0.0046 | load time: 0.0002 | back time: 0.8199 | lr: 0.00008982 | best AP50 acc: 0.8705 | best AP70 acc: 0.7651 | best mAP acc: 0.7148 | best mAR acc: 0.7667 | best Score: 0.7148 | best Score epoch: 15 
epoch 16, iter  501: loss: 0.0039 | load time: 0.0003 | back time: 0.8206 | lr: 0.00008974 | best AP50 acc: 0.8705 | best AP70 acc: 0.7651 | best mAP acc: 0.7148 | best mAR acc: 0.7667 | best Score: 0.7148 | best Score epoch: 15 
epoch 16, iter  551: loss: 0.0039 | load time: 0.0002 | back time: 0.8208 | lr: 0.00008965 | best AP50 acc: 0.8705 | best AP70 acc: 0.7651 | best mAP acc: 0.7148 | best mAR acc: 0.7667 | best Score: 0.7148 | best Score epoch: 15 
epoch 16, iter  601: loss: 0.0035 | load time: 0.0002 | back time: 0.8203 | lr: 0.00008957 | best AP50 acc: 0.8705 | best AP70 acc: 0.7651 | best mAP acc: 0.7148 | best mAR acc: 0.7667 | best Score: 0.7148 | best Score epoch: 15 
epoch 16, iter  651: loss: 0.0038 | load time: 0.0002 | back time: 0.8181 | lr: 0.00008949 | best AP50 acc: 0.8705 | best AP70 acc: 0.7651 | best mAP acc: 0.7148 | best mAR acc: 0.7667 | best Score: 0.7148 | best Score epoch: 15 
epoch 16, iter  701: loss: 0.0032 | load time: 0.0001 | back time: 0.8203 | lr: 0.00008940 | best AP50 acc: 0.8705 | best AP70 acc: 0.7651 | best mAP acc: 0.7148 | best mAR acc: 0.7667 | best Score: 0.7148 | best Score epoch: 15 
epoch 16, iter  751: loss: 0.0035 | load time: 0.0002 | back time: 0.8185 | lr: 0.00008932 | best AP50 acc: 0.8705 | best AP70 acc: 0.7651 | best mAP acc: 0.7148 | best mAR acc: 0.7667 | best Score: 0.7148 | best Score epoch: 15 
epoch 16, iter  801: loss: 0.0045 | load time: 0.0002 | back time: 0.8195 | lr: 0.00008924 | best AP50 acc: 0.8705 | best AP70 acc: 0.7651 | best mAP acc: 0.7148 | best mAR acc: 0.7667 | best Score: 0.7148 | best Score epoch: 15 
epoch 16, iter  851: loss: 0.0034 | load time: 0.0002 | back time: 0.8184 | lr: 0.00008915 | best AP50 acc: 0.8705 | best AP70 acc: 0.7651 | best mAP acc: 0.7148 | best mAR acc: 0.7667 | best Score: 0.7148 | best Score epoch: 15 
epoch 16, iter  901: loss: 0.0033 | load time: 0.0001 | back time: 0.8200 | lr: 0.00008907 | best AP50 acc: 0.8705 | best AP70 acc: 0.7651 | best mAP acc: 0.7148 | best mAR acc: 0.7667 | best Score: 0.7148 | best Score epoch: 15 
epoch 16, iter  951: loss: 0.0034 | load time: 0.0001 | back time: 0.8201 | lr: 0.00008898 | best AP50 acc: 0.8705 | best AP70 acc: 0.7651 | best mAP acc: 0.7148 | best mAR acc: 0.7667 | best Score: 0.7148 | best Score epoch: 15 
epoch 16, iter 1001: loss: 0.0036 | load time: 0.0003 | back time: 0.8239 | lr: 0.00008890 | best AP50 acc: 0.8705 | best AP70 acc: 0.7651 | best mAP acc: 0.7148 | best mAR acc: 0.7667 | best Score: 0.7148 | best Score epoch: 15 
epoch 16, iter 1051: loss: 0.0048 | load time: 0.0001 | back time: 0.8250 | lr: 0.00008881 | best AP50 acc: 0.8705 | best AP70 acc: 0.7651 | best mAP acc: 0.7148 | best mAR acc: 0.7667 | best Score: 0.7148 | best Score epoch: 15 
epoch 16, iter 1101: loss: 0.0033 | load time: 0.0002 | back time: 0.8211 | lr: 0.00008873 | best AP50 acc: 0.8705 | best AP70 acc: 0.7651 | best mAP acc: 0.7148 | best mAR acc: 0.7667 | best Score: 0.7148 | best Score epoch: 15 
epoch 16, iter 1151: loss: 0.0036 | load time: 0.0001 | back time: 0.8200 | lr: 0.00008864 | best AP50 acc: 0.8705 | best AP70 acc: 0.7651 | best mAP acc: 0.7148 | best mAR acc: 0.7667 | best Score: 0.7148 | best Score epoch: 15 
UAV_SEQS_2 | mAP50:90: 36.1558 | AP50: 66.7963 | AP70: 33.3432 
UAV_SEQS_37 | mAP50:90: 85.4557 | AP50: 100.0000 | AP70: 93.3120 
UAV_SEQS_45 | mAP50:90: 96.5189 | AP50: 100.0000 | AP70: 100.0000 
UAV_SEQS_47 | mAP50:90: 99.6553 | AP50: 100.0000 | AP70: 100.0000 
UAV_SEQS_55 | mAP50:90: 34.9994 | AP50: 58.4470 | AP70: 32.8100 
UAV_SEQS_59 | mAP50:90: 80.6044 | AP50: 98.5413 | AP70: 87.9139 
UAV_SEQS_6 | mAP50:90: 64.7975 | AP50: 81.3894 | AP70: 67.8185 
UAV_SEQS_63 | mAP50:90: 31.6192 | AP50: 81.8246 | AP70: 25.4490 
UAV_SEQS_65 | mAP50:90: 82.9081 | AP50: 94.6280 | AP70: 91.0687 
UAV_SEQS_7 | mAP50:90: 91.7452 | AP50: 100.0000 | AP70: 97.6162 
UAV_SEQS_71 | mAP50:90: 72.4864 | AP50: 90.0627 | AP70: 77.7886 
UAV_SEQS_73 | mAP50:90: 52.9908 | AP50: 84.1943 | AP70: 53.8475 
UAV_SEQS_74 | mAP50:90: 98.5752 | AP50: 100.0000 | AP70: 100.0000 
UAV_SEQS_77 | mAP50:90: 15.3211 | AP50: 16.4110 | AP70: 16.4110 
UAV_SEQS_8 | mAP50:90: 95.3497 | AP50: 100.0000 | AP70: 96.7129 
Overall            | mAP50:95: 70.6866 | AP50: 85.7281 | AP70: 74.3457 
epoch 17, iter    1: loss: 0.0037 | load time: 0.0040 | back time: 0.3624 | lr: 0.00008864 | best AP50 acc: 0.8705 | best AP70 acc: 0.7651 | best mAP acc: 0.7148 | best mAR acc: 0.7667 | best Score: 0.7148 | best Score epoch: 15 
epoch 17, iter   51: loss: 0.0033 | load time: 0.0003 | back time: 0.8122 | lr: 0.00008855 | best AP50 acc: 0.8705 | best AP70 acc: 0.7651 | best mAP acc: 0.7148 | best mAR acc: 0.7667 | best Score: 0.7148 | best Score epoch: 15 
epoch 17, iter  101: loss: 0.0034 | load time: 0.0001 | back time: 0.8184 | lr: 0.00008847 | best AP50 acc: 0.8705 | best AP70 acc: 0.7651 | best mAP acc: 0.7148 | best mAR acc: 0.7667 | best Score: 0.7148 | best Score epoch: 15 
epoch 17, iter  151: loss: 0.0035 | load time: 0.0002 | back time: 0.8207 | lr: 0.00008838 | best AP50 acc: 0.8705 | best AP70 acc: 0.7651 | best mAP acc: 0.7148 | best mAR acc: 0.7667 | best Score: 0.7148 | best Score epoch: 15 
epoch 17, iter  201: loss: 0.0034 | load time: 0.0002 | back time: 0.8201 | lr: 0.00008829 | best AP50 acc: 0.8705 | best AP70 acc: 0.7651 | best mAP acc: 0.7148 | best mAR acc: 0.7667 | best Score: 0.7148 | best Score epoch: 15 
epoch 17, iter  251: loss: 0.0035 | load time: 0.0002 | back time: 0.8183 | lr: 0.00008820 | best AP50 acc: 0.8705 | best AP70 acc: 0.7651 | best mAP acc: 0.7148 | best mAR acc: 0.7667 | best Score: 0.7148 | best Score epoch: 15 
epoch 17, iter  301: loss: 0.0034 | load time: 0.0003 | back time: 0.8225 | lr: 0.00008812 | best AP50 acc: 0.8705 | best AP70 acc: 0.7651 | best mAP acc: 0.7148 | best mAR acc: 0.7667 | best Score: 0.7148 | best Score epoch: 15 
epoch 17, iter  351: loss: 0.0036 | load time: 0.0002 | back time: 0.8194 | lr: 0.00008803 | best AP50 acc: 0.8705 | best AP70 acc: 0.7651 | best mAP acc: 0.7148 | best mAR acc: 0.7667 | best Score: 0.7148 | best Score epoch: 15 
epoch 17, iter  401: loss: 0.0036 | load time: 0.0002 | back time: 0.8197 | lr: 0.00008794 | best AP50 acc: 0.8705 | best AP70 acc: 0.7651 | best mAP acc: 0.7148 | best mAR acc: 0.7667 | best Score: 0.7148 | best Score epoch: 15 
epoch 17, iter  451: loss: 0.0034 | load time: 0.0002 | back time: 0.8273 | lr: 0.00008785 | best AP50 acc: 0.8705 | best AP70 acc: 0.7651 | best mAP acc: 0.7148 | best mAR acc: 0.7667 | best Score: 0.7148 | best Score epoch: 15 
epoch 17, iter  501: loss: 0.0031 | load time: 0.0002 | back time: 0.8199 | lr: 0.00008776 | best AP50 acc: 0.8705 | best AP70 acc: 0.7651 | best mAP acc: 0.7148 | best mAR acc: 0.7667 | best Score: 0.7148 | best Score epoch: 15 
epoch 17, iter  551: loss: 0.0037 | load time: 0.0001 | back time: 0.8190 | lr: 0.00008768 | best AP50 acc: 0.8705 | best AP70 acc: 0.7651 | best mAP acc: 0.7148 | best mAR acc: 0.7667 | best Score: 0.7148 | best Score epoch: 15 
epoch 17, iter  601: loss: 0.0037 | load time: 0.0002 | back time: 0.8202 | lr: 0.00008759 | best AP50 acc: 0.8705 | best AP70 acc: 0.7651 | best mAP acc: 0.7148 | best mAR acc: 0.7667 | best Score: 0.7148 | best Score epoch: 15 
epoch 17, iter  651: loss: 0.0034 | load time: 0.0002 | back time: 0.8182 | lr: 0.00008750 | best AP50 acc: 0.8705 | best AP70 acc: 0.7651 | best mAP acc: 0.7148 | best mAR acc: 0.7667 | best Score: 0.7148 | best Score epoch: 15 
epoch 17, iter  701: loss: 0.0038 | load time: 0.0001 | back time: 0.8203 | lr: 0.00008741 | best AP50 acc: 0.8705 | best AP70 acc: 0.7651 | best mAP acc: 0.7148 | best mAR acc: 0.7667 | best Score: 0.7148 | best Score epoch: 15 
epoch 17, iter  751: loss: 0.0034 | load time: 0.0002 | back time: 0.8210 | lr: 0.00008732 | best AP50 acc: 0.8705 | best AP70 acc: 0.7651 | best mAP acc: 0.7148 | best mAR acc: 0.7667 | best Score: 0.7148 | best Score epoch: 15 
epoch 17, iter  801: loss: 0.0040 | load time: 0.0002 | back time: 0.8200 | lr: 0.00008723 | best AP50 acc: 0.8705 | best AP70 acc: 0.7651 | best mAP acc: 0.7148 | best mAR acc: 0.7667 | best Score: 0.7148 | best Score epoch: 15 
epoch 17, iter  851: loss: 0.0036 | load time: 0.0002 | back time: 0.8198 | lr: 0.00008714 | best AP50 acc: 0.8705 | best AP70 acc: 0.7651 | best mAP acc: 0.7148 | best mAR acc: 0.7667 | best Score: 0.7148 | best Score epoch: 15 
epoch 17, iter  901: loss: 0.0033 | load time: 0.0001 | back time: 0.8186 | lr: 0.00008704 | best AP50 acc: 0.8705 | best AP70 acc: 0.7651 | best mAP acc: 0.7148 | best mAR acc: 0.7667 | best Score: 0.7148 | best Score epoch: 15 
epoch 17, iter  951: loss: 0.0041 | load time: 0.0002 | back time: 0.8201 | lr: 0.00008695 | best AP50 acc: 0.8705 | best AP70 acc: 0.7651 | best mAP acc: 0.7148 | best mAR acc: 0.7667 | best Score: 0.7148 | best Score epoch: 15 
epoch 17, iter 1001: loss: 0.0034 | load time: 0.0001 | back time: 0.8190 | lr: 0.00008686 | best AP50 acc: 0.8705 | best AP70 acc: 0.7651 | best mAP acc: 0.7148 | best mAR acc: 0.7667 | best Score: 0.7148 | best Score epoch: 15 
epoch 17, iter 1051: loss: 0.0032 | load time: 0.0002 | back time: 0.8199 | lr: 0.00008677 | best AP50 acc: 0.8705 | best AP70 acc: 0.7651 | best mAP acc: 0.7148 | best mAR acc: 0.7667 | best Score: 0.7148 | best Score epoch: 15 
epoch 17, iter 1101: loss: 0.0037 | load time: 0.0002 | back time: 0.8208 | lr: 0.00008668 | best AP50 acc: 0.8705 | best AP70 acc: 0.7651 | best mAP acc: 0.7148 | best mAR acc: 0.7667 | best Score: 0.7148 | best Score epoch: 15 
epoch 17, iter 1151: loss: 0.0032 | load time: 0.0001 | back time: 0.8277 | lr: 0.00008659 | best AP50 acc: 0.8705 | best AP70 acc: 0.7651 | best mAP acc: 0.7148 | best mAR acc: 0.7667 | best Score: 0.7148 | best Score epoch: 15 
UAV_SEQS_2 | mAP50:90: 39.8409 | AP50: 73.9664 | AP70: 33.9030 
UAV_SEQS_37 | mAP50:90: 84.6175 | AP50: 100.0000 | AP70: 90.3208 
UAV_SEQS_45 | mAP50:90: 95.8026 | AP50: 100.0000 | AP70: 100.0000 
UAV_SEQS_47 | mAP50:90: 98.9739 | AP50: 100.0000 | AP70: 100.0000 
UAV_SEQS_55 | mAP50:90: 34.1750 | AP50: 58.1843 | AP70: 36.0354 
UAV_SEQS_59 | mAP50:90: 76.2120 | AP50: 97.4320 | AP70: 88.2842 
UAV_SEQS_6 | mAP50:90: 54.1107 | AP50: 74.3027 | AP70: 55.8332 
UAV_SEQS_63 | mAP50:90: 45.9231 | AP50: 100.0000 | AP70: 42.5996 
UAV_SEQS_65 | mAP50:90: 83.8857 | AP50: 92.9806 | AP70: 90.5616 
UAV_SEQS_7 | mAP50:90: 87.4267 | AP50: 100.0000 | AP70: 93.2167 
UAV_SEQS_71 | mAP50:90: 66.3308 | AP50: 87.4682 | AP70: 76.1021 
UAV_SEQS_73 | mAP50:90: 62.6967 | AP50: 86.0294 | AP70: 69.8277 
UAV_SEQS_74 | mAP50:90: 98.3658 | AP50: 100.0000 | AP70: 100.0000 
UAV_SEQS_77 | mAP50:90: 20.3395 | AP50: 28.1643 | AP70: 27.3236 
UAV_SEQS_8 | mAP50:90: 93.7322 | AP50: 100.0000 | AP70: 94.4422 
Overall            | mAP50:95: 71.3748 | AP50: 87.0209 | AP70: 75.5742 
epoch 18, iter    1: loss: 0.0034 | load time: 0.0031 | back time: 0.4806 | lr: 0.00008658 | best AP50 acc: 0.8705 | best AP70 acc: 0.7651 | best mAP acc: 0.7148 | best mAR acc: 0.7667 | best Score: 0.7148 | best Score epoch: 15 
epoch 18, iter   51: loss: 0.0033 | load time: 0.0002 | back time: 0.8118 | lr: 0.00008649 | best AP50 acc: 0.8705 | best AP70 acc: 0.7651 | best mAP acc: 0.7148 | best mAR acc: 0.7667 | best Score: 0.7148 | best Score epoch: 15 
epoch 18, iter  101: loss: 0.0036 | load time: 0.0003 | back time: 0.8183 | lr: 0.00008640 | best AP50 acc: 0.8705 | best AP70 acc: 0.7651 | best mAP acc: 0.7148 | best mAR acc: 0.7667 | best Score: 0.7148 | best Score epoch: 15 
epoch 18, iter  151: loss: 0.0033 | load time: 0.0001 | back time: 0.8185 | lr: 0.00008630 | best AP50 acc: 0.8705 | best AP70 acc: 0.7651 | best mAP acc: 0.7148 | best mAR acc: 0.7667 | best Score: 0.7148 | best Score epoch: 15 
epoch 18, iter  201: loss: 0.0035 | load time: 0.0002 | back time: 0.8211 | lr: 0.00008621 | best AP50 acc: 0.8705 | best AP70 acc: 0.7651 | best mAP acc: 0.7148 | best mAR acc: 0.7667 | best Score: 0.7148 | best Score epoch: 15 
epoch 18, iter  251: loss: 0.0036 | load time: 0.0003 | back time: 0.8244 | lr: 0.00008612 | best AP50 acc: 0.8705 | best AP70 acc: 0.7651 | best mAP acc: 0.7148 | best mAR acc: 0.7667 | best Score: 0.7148 | best Score epoch: 15 
epoch 18, iter  301: loss: 0.0034 | load time: 0.0002 | back time: 0.8195 | lr: 0.00008602 | best AP50 acc: 0.8705 | best AP70 acc: 0.7651 | best mAP acc: 0.7148 | best mAR acc: 0.7667 | best Score: 0.7148 | best Score epoch: 15 
epoch 18, iter  351: loss: 0.0032 | load time: 0.0001 | back time: 0.8212 | lr: 0.00008593 | best AP50 acc: 0.8705 | best AP70 acc: 0.7651 | best mAP acc: 0.7148 | best mAR acc: 0.7667 | best Score: 0.7148 | best Score epoch: 15 
epoch 18, iter  401: loss: 0.0032 | load time: 0.0002 | back time: 0.8216 | lr: 0.00008583 | best AP50 acc: 0.8705 | best AP70 acc: 0.7651 | best mAP acc: 0.7148 | best mAR acc: 0.7667 | best Score: 0.7148 | best Score epoch: 15 
epoch 18, iter  451: loss: 0.0032 | load time: 0.0002 | back time: 0.8170 | lr: 0.00008574 | best AP50 acc: 0.8705 | best AP70 acc: 0.7651 | best mAP acc: 0.7148 | best mAR acc: 0.7667 | best Score: 0.7148 | best Score epoch: 15 
epoch 18, iter  501: loss: 0.0033 | load time: 0.0003 | back time: 0.8194 | lr: 0.00008564 | best AP50 acc: 0.8705 | best AP70 acc: 0.7651 | best mAP acc: 0.7148 | best mAR acc: 0.7667 | best Score: 0.7148 | best Score epoch: 15 
epoch 18, iter  551: loss: 0.0033 | load time: 0.0001 | back time: 0.8188 | lr: 0.00008555 | best AP50 acc: 0.8705 | best AP70 acc: 0.7651 | best mAP acc: 0.7148 | best mAR acc: 0.7667 | best Score: 0.7148 | best Score epoch: 15 
epoch 18, iter  601: loss: 0.0033 | load time: 0.0002 | back time: 0.8253 | lr: 0.00008545 | best AP50 acc: 0.8705 | best AP70 acc: 0.7651 | best mAP acc: 0.7148 | best mAR acc: 0.7667 | best Score: 0.7148 | best Score epoch: 15 
epoch 18, iter  651: loss: 0.0038 | load time: 0.0001 | back time: 0.8210 | lr: 0.00008536 | best AP50 acc: 0.8705 | best AP70 acc: 0.7651 | best mAP acc: 0.7148 | best mAR acc: 0.7667 | best Score: 0.7148 | best Score epoch: 15 
epoch 18, iter  701: loss: 0.0035 | load time: 0.0002 | back time: 0.8228 | lr: 0.00008526 | best AP50 acc: 0.8705 | best AP70 acc: 0.7651 | best mAP acc: 0.7148 | best mAR acc: 0.7667 | best Score: 0.7148 | best Score epoch: 15 
epoch 18, iter  751: loss: 0.0033 | load time: 0.0003 | back time: 0.8221 | lr: 0.00008517 | best AP50 acc: 0.8705 | best AP70 acc: 0.7651 | best mAP acc: 0.7148 | best mAR acc: 0.7667 | best Score: 0.7148 | best Score epoch: 15 
epoch 18, iter  801: loss: 0.0032 | load time: 0.0002 | back time: 0.8206 | lr: 0.00008507 | best AP50 acc: 0.8705 | best AP70 acc: 0.7651 | best mAP acc: 0.7148 | best mAR acc: 0.7667 | best Score: 0.7148 | best Score epoch: 15 
epoch 18, iter  851: loss: 0.0034 | load time: 0.0002 | back time: 0.8235 | lr: 0.00008497 | best AP50 acc: 0.8705 | best AP70 acc: 0.7651 | best mAP acc: 0.7148 | best mAR acc: 0.7667 | best Score: 0.7148 | best Score epoch: 15 
epoch 18, iter  901: loss: 0.0032 | load time: 0.0002 | back time: 0.8198 | lr: 0.00008488 | best AP50 acc: 0.8705 | best AP70 acc: 0.7651 | best mAP acc: 0.7148 | best mAR acc: 0.7667 | best Score: 0.7148 | best Score epoch: 15 
epoch 18, iter  951: loss: 0.0033 | load time: 0.0003 | back time: 0.8199 | lr: 0.00008478 | best AP50 acc: 0.8705 | best AP70 acc: 0.7651 | best mAP acc: 0.7148 | best mAR acc: 0.7667 | best Score: 0.7148 | best Score epoch: 15 
epoch 18, iter 1001: loss: 0.0036 | load time: 0.0002 | back time: 0.8197 | lr: 0.00008468 | best AP50 acc: 0.8705 | best AP70 acc: 0.7651 | best mAP acc: 0.7148 | best mAR acc: 0.7667 | best Score: 0.7148 | best Score epoch: 15 
epoch 18, iter 1051: loss: 0.0030 | load time: 0.0002 | back time: 0.8197 | lr: 0.00008458 | best AP50 acc: 0.8705 | best AP70 acc: 0.7651 | best mAP acc: 0.7148 | best mAR acc: 0.7667 | best Score: 0.7148 | best Score epoch: 15 
epoch 18, iter 1101: loss: 0.0032 | load time: 0.0002 | back time: 0.8213 | lr: 0.00008449 | best AP50 acc: 0.8705 | best AP70 acc: 0.7651 | best mAP acc: 0.7148 | best mAR acc: 0.7667 | best Score: 0.7148 | best Score epoch: 15 
epoch 18, iter 1151: loss: 0.0035 | load time: 0.0001 | back time: 0.8192 | lr: 0.00008439 | best AP50 acc: 0.8705 | best AP70 acc: 0.7651 | best mAP acc: 0.7148 | best mAR acc: 0.7667 | best Score: 0.7148 | best Score epoch: 15 
UAV_SEQS_2 | mAP50:90: 38.0020 | AP50: 65.5096 | AP70: 39.8907 
UAV_SEQS_37 | mAP50:90: 82.1859 | AP50: 98.9835 | AP70: 89.1237 
UAV_SEQS_45 | mAP50:90: 92.3160 | AP50: 100.0000 | AP70: 100.0000 
UAV_SEQS_47 | mAP50:90: 99.2816 | AP50: 100.0000 | AP70: 100.0000 
UAV_SEQS_55 | mAP50:90: 42.5893 | AP50: 75.4010 | AP70: 43.3697 
UAV_SEQS_59 | mAP50:90: 80.0861 | AP50: 96.6201 | AP70: 87.5630 
UAV_SEQS_6 | mAP50:90: 66.9065 | AP50: 85.3592 | AP70: 70.4285 
UAV_SEQS_63 | mAP50:90: 36.0106 | AP50: 93.2969 | AP70: 12.0169 
UAV_SEQS_65 | mAP50:90: 82.3835 | AP50: 96.0792 | AP70: 91.4658 
UAV_SEQS_7 | mAP50:90: 98.0790 | AP50: 100.0000 | AP70: 100.0000 
UAV_SEQS_71 | mAP50:90: 74.9862 | AP50: 94.9009 | AP70: 88.8759 
UAV_SEQS_73 | mAP50:90: 63.8486 | AP50: 87.8033 | AP70: 67.8777 
UAV_SEQS_74 | mAP50:90: 98.4267 | AP50: 100.0000 | AP70: 100.0000 
UAV_SEQS_77 | mAP50:90: 16.1207 | AP50: 28.8117 | AP70: 19.7528 
UAV_SEQS_8 | mAP50:90: 86.3603 | AP50: 100.0000 | AP70: 89.3564 
Overall            | mAP50:95: 72.1152 | AP50: 89.1851 | AP70: 74.8176 
epoch 19, iter    1: loss: 0.0032 | load time: 0.0039 | back time: 0.4591 | lr: 0.00008438 | best AP50 acc: 0.8919 | best AP70 acc: 0.7482 | best mAP acc: 0.7212 | best mAR acc: 0.7712 | best Score: 0.7212 | best Score epoch: 18 
epoch 19, iter   51: loss: 0.0033 | load time: 0.0002 | back time: 0.8147 | lr: 0.00008428 | best AP50 acc: 0.8919 | best AP70 acc: 0.7482 | best mAP acc: 0.7212 | best mAR acc: 0.7712 | best Score: 0.7212 | best Score epoch: 18 
epoch 19, iter  101: loss: 0.0031 | load time: 0.0003 | back time: 0.8165 | lr: 0.00008419 | best AP50 acc: 0.8919 | best AP70 acc: 0.7482 | best mAP acc: 0.7212 | best mAR acc: 0.7712 | best Score: 0.7212 | best Score epoch: 18 
epoch 19, iter  151: loss: 0.0035 | load time: 0.0001 | back time: 0.8204 | lr: 0.00008409 | best AP50 acc: 0.8919 | best AP70 acc: 0.7482 | best mAP acc: 0.7212 | best mAR acc: 0.7712 | best Score: 0.7212 | best Score epoch: 18 
epoch 19, iter  201: loss: 0.0034 | load time: 0.0002 | back time: 0.8229 | lr: 0.00008399 | best AP50 acc: 0.8919 | best AP70 acc: 0.7482 | best mAP acc: 0.7212 | best mAR acc: 0.7712 | best Score: 0.7212 | best Score epoch: 18 
epoch 19, iter  251: loss: 0.0030 | load time: 0.0003 | back time: 0.8186 | lr: 0.00008389 | best AP50 acc: 0.8919 | best AP70 acc: 0.7482 | best mAP acc: 0.7212 | best mAR acc: 0.7712 | best Score: 0.7212 | best Score epoch: 18 
epoch 19, iter  301: loss: 0.0034 | load time: 0.0002 | back time: 0.8221 | lr: 0.00008379 | best AP50 acc: 0.8919 | best AP70 acc: 0.7482 | best mAP acc: 0.7212 | best mAR acc: 0.7712 | best Score: 0.7212 | best Score epoch: 18 
epoch 19, iter  351: loss: 0.0035 | load time: 0.0002 | back time: 0.8182 | lr: 0.00008369 | best AP50 acc: 0.8919 | best AP70 acc: 0.7482 | best mAP acc: 0.7212 | best mAR acc: 0.7712 | best Score: 0.7212 | best Score epoch: 18 
epoch 19, iter  401: loss: 0.0033 | load time: 0.0003 | back time: 0.8209 | lr: 0.00008359 | best AP50 acc: 0.8919 | best AP70 acc: 0.7482 | best mAP acc: 0.7212 | best mAR acc: 0.7712 | best Score: 0.7212 | best Score epoch: 18 
epoch 19, iter  451: loss: 0.0035 | load time: 0.0002 | back time: 0.8188 | lr: 0.00008349 | best AP50 acc: 0.8919 | best AP70 acc: 0.7482 | best mAP acc: 0.7212 | best mAR acc: 0.7712 | best Score: 0.7212 | best Score epoch: 18 
epoch 19, iter  501: loss: 0.0034 | load time: 0.0001 | back time: 0.8207 | lr: 0.00008339 | best AP50 acc: 0.8919 | best AP70 acc: 0.7482 | best mAP acc: 0.7212 | best mAR acc: 0.7712 | best Score: 0.7212 | best Score epoch: 18 
epoch 19, iter  551: loss: 0.0036 | load time: 0.0002 | back time: 0.8184 | lr: 0.00008329 | best AP50 acc: 0.8919 | best AP70 acc: 0.7482 | best mAP acc: 0.7212 | best mAR acc: 0.7712 | best Score: 0.7212 | best Score epoch: 18 
epoch 19, iter  601: loss: 0.0031 | load time: 0.0002 | back time: 0.8206 | lr: 0.00008318 | best AP50 acc: 0.8919 | best AP70 acc: 0.7482 | best mAP acc: 0.7212 | best mAR acc: 0.7712 | best Score: 0.7212 | best Score epoch: 18 
epoch 19, iter  651: loss: 0.0032 | load time: 0.0002 | back time: 0.8178 | lr: 0.00008308 | best AP50 acc: 0.8919 | best AP70 acc: 0.7482 | best mAP acc: 0.7212 | best mAR acc: 0.7712 | best Score: 0.7212 | best Score epoch: 18 
epoch 19, iter  701: loss: 0.0032 | load time: 0.0003 | back time: 0.8213 | lr: 0.00008298 | best AP50 acc: 0.8919 | best AP70 acc: 0.7482 | best mAP acc: 0.7212 | best mAR acc: 0.7712 | best Score: 0.7212 | best Score epoch: 18 
epoch 19, iter  751: loss: 0.0034 | load time: 0.0002 | back time: 0.8253 | lr: 0.00008288 | best AP50 acc: 0.8919 | best AP70 acc: 0.7482 | best mAP acc: 0.7212 | best mAR acc: 0.7712 | best Score: 0.7212 | best Score epoch: 18 
epoch 19, iter  801: loss: 0.0034 | load time: 0.0002 | back time: 0.8224 | lr: 0.00008278 | best AP50 acc: 0.8919 | best AP70 acc: 0.7482 | best mAP acc: 0.7212 | best mAR acc: 0.7712 | best Score: 0.7212 | best Score epoch: 18 
epoch 19, iter  851: loss: 0.0031 | load time: 0.0002 | back time: 0.8171 | lr: 0.00008267 | best AP50 acc: 0.8919 | best AP70 acc: 0.7482 | best mAP acc: 0.7212 | best mAR acc: 0.7712 | best Score: 0.7212 | best Score epoch: 18 
epoch 19, iter  901: loss: 0.0034 | load time: 0.0002 | back time: 0.8220 | lr: 0.00008257 | best AP50 acc: 0.8919 | best AP70 acc: 0.7482 | best mAP acc: 0.7212 | best mAR acc: 0.7712 | best Score: 0.7212 | best Score epoch: 18 
epoch 19, iter  951: loss: 0.0033 | load time: 0.0003 | back time: 0.8194 | lr: 0.00008247 | best AP50 acc: 0.8919 | best AP70 acc: 0.7482 | best mAP acc: 0.7212 | best mAR acc: 0.7712 | best Score: 0.7212 | best Score epoch: 18 
epoch 19, iter 1001: loss: 0.0037 | load time: 0.0002 | back time: 0.8194 | lr: 0.00008237 | best AP50 acc: 0.8919 | best AP70 acc: 0.7482 | best mAP acc: 0.7212 | best mAR acc: 0.7712 | best Score: 0.7212 | best Score epoch: 18 
epoch 19, iter 1051: loss: 0.0033 | load time: 0.0001 | back time: 0.8190 | lr: 0.00008226 | best AP50 acc: 0.8919 | best AP70 acc: 0.7482 | best mAP acc: 0.7212 | best mAR acc: 0.7712 | best Score: 0.7212 | best Score epoch: 18 
epoch 19, iter 1101: loss: 0.0033 | load time: 0.0003 | back time: 0.8194 | lr: 0.00008216 | best AP50 acc: 0.8919 | best AP70 acc: 0.7482 | best mAP acc: 0.7212 | best mAR acc: 0.7712 | best Score: 0.7212 | best Score epoch: 18 
epoch 19, iter 1151: loss: 0.0031 | load time: 0.0002 | back time: 0.8210 | lr: 0.00008205 | best AP50 acc: 0.8919 | best AP70 acc: 0.7482 | best mAP acc: 0.7212 | best mAR acc: 0.7712 | best Score: 0.7212 | best Score epoch: 18 
UAV_SEQS_2 | mAP50:90: 38.9511 | AP50: 69.1309 | AP70: 33.9143 
UAV_SEQS_37 | mAP50:90: 77.4038 | AP50: 97.7474 | AP70: 82.5926 
UAV_SEQS_45 | mAP50:90: 93.9842 | AP50: 100.0000 | AP70: 100.0000 
UAV_SEQS_47 | mAP50:90: 99.0116 | AP50: 100.0000 | AP70: 100.0000 
UAV_SEQS_55 | mAP50:90: 39.9242 | AP50: 70.8787 | AP70: 40.6248 
UAV_SEQS_59 | mAP50:90: 76.7020 | AP50: 97.4062 | AP70: 84.9416 
UAV_SEQS_6 | mAP50:90: 74.4142 | AP50: 95.0156 | AP70: 77.9410 
UAV_SEQS_63 | mAP50:90: 43.5177 | AP50: 97.2064 | AP70: 17.7862 
UAV_SEQS_65 | mAP50:90: 76.3652 | AP50: 94.5623 | AP70: 90.6236 
UAV_SEQS_7 | mAP50:90: 94.8125 | AP50: 100.0000 | AP70: 100.0000 
UAV_SEQS_71 | mAP50:90: 72.9427 | AP50: 94.0707 | AP70: 88.2650 
UAV_SEQS_73 | mAP50:90: 65.9419 | AP50: 89.2239 | AP70: 72.8102 
UAV_SEQS_74 | mAP50:90: 97.8487 | AP50: 100.0000 | AP70: 100.0000 
UAV_SEQS_77 | mAP50:90: 28.5714 | AP50: 34.1214 | AP70: 34.1214 
UAV_SEQS_8 | mAP50:90: 94.7382 | AP50: 100.0000 | AP70: 100.0000 
Overall            | mAP50:95: 72.5931 | AP50: 90.0651 | AP70: 76.5434 
epoch 20, iter    1: loss: 0.0034 | load time: 0.0044 | back time: 0.3860 | lr: 0.00008205 | best AP50 acc: 0.9007 | best AP70 acc: 0.7654 | best mAP acc: 0.7259 | best mAR acc: 0.7830 | best Score: 0.7259 | best Score epoch: 19 
epoch 20, iter   51: loss: 0.0033 | load time: 0.0002 | back time: 0.8120 | lr: 0.00008195 | best AP50 acc: 0.9007 | best AP70 acc: 0.7654 | best mAP acc: 0.7259 | best mAR acc: 0.7830 | best Score: 0.7259 | best Score epoch: 19 
epoch 20, iter  101: loss: 0.0031 | load time: 0.0002 | back time: 0.8168 | lr: 0.00008184 | best AP50 acc: 0.9007 | best AP70 acc: 0.7654 | best mAP acc: 0.7259 | best mAR acc: 0.7830 | best Score: 0.7259 | best Score epoch: 19 
epoch 20, iter  151: loss: 0.0034 | load time: 0.0002 | back time: 0.8190 | lr: 0.00008174 | best AP50 acc: 0.9007 | best AP70 acc: 0.7654 | best mAP acc: 0.7259 | best mAR acc: 0.7830 | best Score: 0.7259 | best Score epoch: 19 
epoch 20, iter  201: loss: 0.0031 | load time: 0.0002 | back time: 0.8207 | lr: 0.00008163 | best AP50 acc: 0.9007 | best AP70 acc: 0.7654 | best mAP acc: 0.7259 | best mAR acc: 0.7830 | best Score: 0.7259 | best Score epoch: 19 
epoch 20, iter  251: loss: 0.0032 | load time: 0.0002 | back time: 0.8194 | lr: 0.00008153 | best AP50 acc: 0.9007 | best AP70 acc: 0.7654 | best mAP acc: 0.7259 | best mAR acc: 0.7830 | best Score: 0.7259 | best Score epoch: 19 
epoch 20, iter  301: loss: 0.0033 | load time: 0.0002 | back time: 0.8203 | lr: 0.00008142 | best AP50 acc: 0.9007 | best AP70 acc: 0.7654 | best mAP acc: 0.7259 | best mAR acc: 0.7830 | best Score: 0.7259 | best Score epoch: 19 
epoch 20, iter  351: loss: 0.0033 | load time: 0.0003 | back time: 0.8210 | lr: 0.00008132 | best AP50 acc: 0.9007 | best AP70 acc: 0.7654 | best mAP acc: 0.7259 | best mAR acc: 0.7830 | best Score: 0.7259 | best Score epoch: 19 
epoch 20, iter  401: loss: 0.0032 | load time: 0.0002 | back time: 0.8219 | lr: 0.00008121 | best AP50 acc: 0.9007 | best AP70 acc: 0.7654 | best mAP acc: 0.7259 | best mAR acc: 0.7830 | best Score: 0.7259 | best Score epoch: 19 
epoch 20, iter  451: loss: 0.0031 | load time: 0.0002 | back time: 0.8199 | lr: 0.00008110 | best AP50 acc: 0.9007 | best AP70 acc: 0.7654 | best mAP acc: 0.7259 | best mAR acc: 0.7830 | best Score: 0.7259 | best Score epoch: 19 
epoch 20, iter  501: loss: 0.0031 | load time: 0.0002 | back time: 0.8206 | lr: 0.00008100 | best AP50 acc: 0.9007 | best AP70 acc: 0.7654 | best mAP acc: 0.7259 | best mAR acc: 0.7830 | best Score: 0.7259 | best Score epoch: 19 
epoch 20, iter  551: loss: 0.0032 | load time: 0.0002 | back time: 0.8192 | lr: 0.00008089 | best AP50 acc: 0.9007 | best AP70 acc: 0.7654 | best mAP acc: 0.7259 | best mAR acc: 0.7830 | best Score: 0.7259 | best Score epoch: 19 
epoch 20, iter  601: loss: 0.0032 | load time: 0.0002 | back time: 0.8178 | lr: 0.00008079 | best AP50 acc: 0.9007 | best AP70 acc: 0.7654 | best mAP acc: 0.7259 | best mAR acc: 0.7830 | best Score: 0.7259 | best Score epoch: 19 
epoch 20, iter  651: loss: 0.0033 | load time: 0.0003 | back time: 0.8211 | lr: 0.00008068 | best AP50 acc: 0.9007 | best AP70 acc: 0.7654 | best mAP acc: 0.7259 | best mAR acc: 0.7830 | best Score: 0.7259 | best Score epoch: 19 
epoch 20, iter  701: loss: 0.0032 | load time: 0.0002 | back time: 0.8184 | lr: 0.00008057 | best AP50 acc: 0.9007 | best AP70 acc: 0.7654 | best mAP acc: 0.7259 | best mAR acc: 0.7830 | best Score: 0.7259 | best Score epoch: 19 
epoch 20, iter  751: loss: 0.0032 | load time: 0.0002 | back time: 0.8193 | lr: 0.00008046 | best AP50 acc: 0.9007 | best AP70 acc: 0.7654 | best mAP acc: 0.7259 | best mAR acc: 0.7830 | best Score: 0.7259 | best Score epoch: 19 
epoch 20, iter  801: loss: 0.0031 | load time: 0.0001 | back time: 0.8194 | lr: 0.00008036 | best AP50 acc: 0.9007 | best AP70 acc: 0.7654 | best mAP acc: 0.7259 | best mAR acc: 0.7830 | best Score: 0.7259 | best Score epoch: 19 
epoch 20, iter  851: loss: 0.0033 | load time: 0.0002 | back time: 0.8249 | lr: 0.00008025 | best AP50 acc: 0.9007 | best AP70 acc: 0.7654 | best mAP acc: 0.7259 | best mAR acc: 0.7830 | best Score: 0.7259 | best Score epoch: 19 
epoch 20, iter  901: loss: 0.0032 | load time: 0.0002 | back time: 0.8213 | lr: 0.00008014 | best AP50 acc: 0.9007 | best AP70 acc: 0.7654 | best mAP acc: 0.7259 | best mAR acc: 0.7830 | best Score: 0.7259 | best Score epoch: 19 
epoch 20, iter  951: loss: 0.0035 | load time: 0.0002 | back time: 0.8203 | lr: 0.00008003 | best AP50 acc: 0.9007 | best AP70 acc: 0.7654 | best mAP acc: 0.7259 | best mAR acc: 0.7830 | best Score: 0.7259 | best Score epoch: 19 
epoch 20, iter 1001: loss: 0.0039 | load time: 0.0002 | back time: 0.8211 | lr: 0.00007992 | best AP50 acc: 0.9007 | best AP70 acc: 0.7654 | best mAP acc: 0.7259 | best mAR acc: 0.7830 | best Score: 0.7259 | best Score epoch: 19 
epoch 20, iter 1051: loss: 0.0034 | load time: 0.0002 | back time: 0.8184 | lr: 0.00007982 | best AP50 acc: 0.9007 | best AP70 acc: 0.7654 | best mAP acc: 0.7259 | best mAR acc: 0.7830 | best Score: 0.7259 | best Score epoch: 19 
epoch 20, iter 1101: loss: 0.0036 | load time: 0.0002 | back time: 0.8192 | lr: 0.00007971 | best AP50 acc: 0.9007 | best AP70 acc: 0.7654 | best mAP acc: 0.7259 | best mAR acc: 0.7830 | best Score: 0.7259 | best Score epoch: 19 
epoch 20, iter 1151: loss: 0.0032 | load time: 0.0001 | back time: 0.8182 | lr: 0.00007960 | best AP50 acc: 0.9007 | best AP70 acc: 0.7654 | best mAP acc: 0.7259 | best mAR acc: 0.7830 | best Score: 0.7259 | best Score epoch: 19 
UAV_SEQS_2 | mAP50:90: 32.7493 | AP50: 60.6687 | AP70: 29.5420 
UAV_SEQS_37 | mAP50:90: 81.6918 | AP50: 98.9967 | AP70: 85.2558 
UAV_SEQS_45 | mAP50:90: 95.2509 | AP50: 100.0000 | AP70: 100.0000 
UAV_SEQS_47 | mAP50:90: 98.9282 | AP50: 100.0000 | AP70: 100.0000 
UAV_SEQS_55 | mAP50:90: 33.5149 | AP50: 56.3585 | AP70: 32.6084 
UAV_SEQS_59 | mAP50:90: 71.6084 | AP50: 92.7695 | AP70: 85.0656 
UAV_SEQS_6 | mAP50:90: 48.7755 | AP50: 67.9230 | AP70: 48.3943 
UAV_SEQS_63 | mAP50:90: 51.0958 | AP50: 98.4933 | AP70: 37.8953 
UAV_SEQS_65 | mAP50:90: 73.9135 | AP50: 91.6721 | AP70: 83.6093 
UAV_SEQS_7 | mAP50:90: 77.7457 | AP50: 100.0000 | AP70: 98.9766 
UAV_SEQS_71 | mAP50:90: 46.2282 | AP50: 70.3062 | AP70: 56.2616 
UAV_SEQS_73 | mAP50:90: 60.2088 | AP50: 82.0709 | AP70: 69.7043 
UAV_SEQS_74 | mAP50:90: 100.0000 | AP50: 100.0000 | AP70: 100.0000 
UAV_SEQS_77 | mAP50:90: 3.0535 | AP50: 7.3581 | AP70: 3.0481 
UAV_SEQS_8 | mAP50:90: 92.9659 | AP50: 100.0000 | AP70: 100.0000 
Overall            | mAP50:95: 66.3160 | AP50: 82.3477 | AP70: 71.1914 
epoch 21, iter    1: loss: 0.0032 | load time: 0.0037 | back time: 0.3865 | lr: 0.00007959 | best AP50 acc: 0.9007 | best AP70 acc: 0.7654 | best mAP acc: 0.7259 | best mAR acc: 0.7830 | best Score: 0.7259 | best Score epoch: 19 
epoch 21, iter   51: loss: 0.0035 | load time: 0.0002 | back time: 0.8132 | lr: 0.00007948 | best AP50 acc: 0.9007 | best AP70 acc: 0.7654 | best mAP acc: 0.7259 | best mAR acc: 0.7830 | best Score: 0.7259 | best Score epoch: 19 
epoch 21, iter  101: loss: 0.0033 | load time: 0.0002 | back time: 0.8163 | lr: 0.00007937 | best AP50 acc: 0.9007 | best AP70 acc: 0.7654 | best mAP acc: 0.7259 | best mAR acc: 0.7830 | best Score: 0.7259 | best Score epoch: 19 
epoch 21, iter  151: loss: 0.0036 | load time: 0.0002 | back time: 0.8226 | lr: 0.00007926 | best AP50 acc: 0.9007 | best AP70 acc: 0.7654 | best mAP acc: 0.7259 | best mAR acc: 0.7830 | best Score: 0.7259 | best Score epoch: 19 
epoch 21, iter  201: loss: 0.0032 | load time: 0.0002 | back time: 0.8193 | lr: 0.00007915 | best AP50 acc: 0.9007 | best AP70 acc: 0.7654 | best mAP acc: 0.7259 | best mAR acc: 0.7830 | best Score: 0.7259 | best Score epoch: 19 
epoch 21, iter  251: loss: 0.0035 | load time: 0.0002 | back time: 0.8160 | lr: 0.00007904 | best AP50 acc: 0.9007 | best AP70 acc: 0.7654 | best mAP acc: 0.7259 | best mAR acc: 0.7830 | best Score: 0.7259 | best Score epoch: 19 
epoch 21, iter  301: loss: 0.0033 | load time: 0.0002 | back time: 0.8179 | lr: 0.00007893 | best AP50 acc: 0.9007 | best AP70 acc: 0.7654 | best mAP acc: 0.7259 | best mAR acc: 0.7830 | best Score: 0.7259 | best Score epoch: 19 
epoch 21, iter  351: loss: 0.0033 | load time: 0.0003 | back time: 0.8187 | lr: 0.00007882 | best AP50 acc: 0.9007 | best AP70 acc: 0.7654 | best mAP acc: 0.7259 | best mAR acc: 0.7830 | best Score: 0.7259 | best Score epoch: 19 
epoch 21, iter  401: loss: 0.0033 | load time: 0.0002 | back time: 0.8175 | lr: 0.00007871 | best AP50 acc: 0.9007 | best AP70 acc: 0.7654 | best mAP acc: 0.7259 | best mAR acc: 0.7830 | best Score: 0.7259 | best Score epoch: 19 
epoch 21, iter  451: loss: 0.0032 | load time: 0.0001 | back time: 0.8184 | lr: 0.00007860 | best AP50 acc: 0.9007 | best AP70 acc: 0.7654 | best mAP acc: 0.7259 | best mAR acc: 0.7830 | best Score: 0.7259 | best Score epoch: 19 
epoch 21, iter  501: loss: 0.0034 | load time: 0.0002 | back time: 0.8167 | lr: 0.00007849 | best AP50 acc: 0.9007 | best AP70 acc: 0.7654 | best mAP acc: 0.7259 | best mAR acc: 0.7830 | best Score: 0.7259 | best Score epoch: 19 
epoch 21, iter  551: loss: 0.0033 | load time: 0.0003 | back time: 0.8190 | lr: 0.00007838 | best AP50 acc: 0.9007 | best AP70 acc: 0.7654 | best mAP acc: 0.7259 | best mAR acc: 0.7830 | best Score: 0.7259 | best Score epoch: 19 
epoch 21, iter  601: loss: 0.0031 | load time: 0.0002 | back time: 0.8158 | lr: 0.00007827 | best AP50 acc: 0.9007 | best AP70 acc: 0.7654 | best mAP acc: 0.7259 | best mAR acc: 0.7830 | best Score: 0.7259 | best Score epoch: 19 
epoch 21, iter  651: loss: 0.0031 | load time: 0.0002 | back time: 0.8188 | lr: 0.00007816 | best AP50 acc: 0.9007 | best AP70 acc: 0.7654 | best mAP acc: 0.7259 | best mAR acc: 0.7830 | best Score: 0.7259 | best Score epoch: 19 
epoch 21, iter  701: loss: 0.0031 | load time: 0.0001 | back time: 0.8170 | lr: 0.00007804 | best AP50 acc: 0.9007 | best AP70 acc: 0.7654 | best mAP acc: 0.7259 | best mAR acc: 0.7830 | best Score: 0.7259 | best Score epoch: 19 
epoch 21, iter  751: loss: 0.0034 | load time: 0.0003 | back time: 0.8149 | lr: 0.00007793 | best AP50 acc: 0.9007 | best AP70 acc: 0.7654 | best mAP acc: 0.7259 | best mAR acc: 0.7830 | best Score: 0.7259 | best Score epoch: 19 
epoch 21, iter  801: loss: 0.0033 | load time: 0.0002 | back time: 0.8168 | lr: 0.00007782 | best AP50 acc: 0.9007 | best AP70 acc: 0.7654 | best mAP acc: 0.7259 | best mAR acc: 0.7830 | best Score: 0.7259 | best Score epoch: 19 
epoch 21, iter  851: loss: 0.0032 | load time: 0.0002 | back time: 0.8161 | lr: 0.00007771 | best AP50 acc: 0.9007 | best AP70 acc: 0.7654 | best mAP acc: 0.7259 | best mAR acc: 0.7830 | best Score: 0.7259 | best Score epoch: 19 
epoch 21, iter  901: loss: 0.0032 | load time: 0.0003 | back time: 0.8159 | lr: 0.00007759 | best AP50 acc: 0.9007 | best AP70 acc: 0.7654 | best mAP acc: 0.7259 | best mAR acc: 0.7830 | best Score: 0.7259 | best Score epoch: 19 
epoch 21, iter  951: loss: 0.0033 | load time: 0.0003 | back time: 0.8188 | lr: 0.00007748 | best AP50 acc: 0.9007 | best AP70 acc: 0.7654 | best mAP acc: 0.7259 | best mAR acc: 0.7830 | best Score: 0.7259 | best Score epoch: 19 
epoch 21, iter 1001: loss: 0.0032 | load time: 0.0002 | back time: 0.8255 | lr: 0.00007737 | best AP50 acc: 0.9007 | best AP70 acc: 0.7654 | best mAP acc: 0.7259 | best mAR acc: 0.7830 | best Score: 0.7259 | best Score epoch: 19 
epoch 21, iter 1051: loss: 0.0031 | load time: 0.0002 | back time: 0.8188 | lr: 0.00007725 | best AP50 acc: 0.9007 | best AP70 acc: 0.7654 | best mAP acc: 0.7259 | best mAR acc: 0.7830 | best Score: 0.7259 | best Score epoch: 19 
epoch 21, iter 1101: loss: 0.0033 | load time: 0.0001 | back time: 0.8203 | lr: 0.00007714 | best AP50 acc: 0.9007 | best AP70 acc: 0.7654 | best mAP acc: 0.7259 | best mAR acc: 0.7830 | best Score: 0.7259 | best Score epoch: 19 
epoch 21, iter 1151: loss: 0.0031 | load time: 0.0001 | back time: 0.8150 | lr: 0.00007703 | best AP50 acc: 0.9007 | best AP70 acc: 0.7654 | best mAP acc: 0.7259 | best mAR acc: 0.7830 | best Score: 0.7259 | best Score epoch: 19 
UAV_SEQS_2 | mAP50:90: 29.5417 | AP50: 59.2583 | AP70: 21.0776 
UAV_SEQS_37 | mAP50:90: 87.2893 | AP50: 100.0000 | AP70: 91.7769 
UAV_SEQS_45 | mAP50:90: 96.0466 | AP50: 100.0000 | AP70: 100.0000 
UAV_SEQS_47 | mAP50:90: 99.5198 | AP50: 100.0000 | AP70: 100.0000 
UAV_SEQS_55 | mAP50:90: 39.9696 | AP50: 61.4465 | AP70: 45.1125 
UAV_SEQS_59 | mAP50:90: 74.2571 | AP50: 97.6636 | AP70: 78.3270 
UAV_SEQS_6 | mAP50:90: 51.8676 | AP50: 66.3952 | AP70: 55.3613 
UAV_SEQS_63 | mAP50:90: 77.8357 | AP50: 100.0000 | AP70: 97.2341 
UAV_SEQS_65 | mAP50:90: 79.7619 | AP50: 93.3947 | AP70: 91.2348 
UAV_SEQS_7 | mAP50:90: 77.5367 | AP50: 100.0000 | AP70: 88.5199 
UAV_SEQS_71 | mAP50:90: 73.8513 | AP50: 97.5039 | AP70: 83.2141 
UAV_SEQS_73 | mAP50:90: 67.0624 | AP50: 89.0298 | AP70: 76.1866 
UAV_SEQS_74 | mAP50:90: 100.0000 | AP50: 100.0000 | AP70: 100.0000 
UAV_SEQS_77 | mAP50:90: 17.2783 | AP50: 30.6515 | AP70: 18.7911 
UAV_SEQS_8 | mAP50:90: 73.4685 | AP50: 100.0000 | AP70: 75.8020 
Overall            | mAP50:95: 71.7238 | AP50: 87.7356 | AP70: 76.1945 
epoch 22, iter    1: loss: 0.0032 | load time: 0.0034 | back time: 0.4508 | lr: 0.00007702 | best AP50 acc: 0.9007 | best AP70 acc: 0.7654 | best mAP acc: 0.7259 | best mAR acc: 0.7830 | best Score: 0.7259 | best Score epoch: 19 
epoch 22, iter   51: loss: 0.0032 | load time: 0.0001 | back time: 0.8101 | lr: 0.00007691 | best AP50 acc: 0.9007 | best AP70 acc: 0.7654 | best mAP acc: 0.7259 | best mAR acc: 0.7830 | best Score: 0.7259 | best Score epoch: 19 
epoch 22, iter  101: loss: 0.0032 | load time: 0.0002 | back time: 0.8167 | lr: 0.00007679 | best AP50 acc: 0.9007 | best AP70 acc: 0.7654 | best mAP acc: 0.7259 | best mAR acc: 0.7830 | best Score: 0.7259 | best Score epoch: 19 
epoch 22, iter  151: loss: 0.0034 | load time: 0.0002 | back time: 0.8174 | lr: 0.00007668 | best AP50 acc: 0.9007 | best AP70 acc: 0.7654 | best mAP acc: 0.7259 | best mAR acc: 0.7830 | best Score: 0.7259 | best Score epoch: 19 
epoch 22, iter  201: loss: 0.0031 | load time: 0.0001 | back time: 0.8189 | lr: 0.00007656 | best AP50 acc: 0.9007 | best AP70 acc: 0.7654 | best mAP acc: 0.7259 | best mAR acc: 0.7830 | best Score: 0.7259 | best Score epoch: 19 
epoch 22, iter  251: loss: 0.0033 | load time: 0.0003 | back time: 0.8234 | lr: 0.00007645 | best AP50 acc: 0.9007 | best AP70 acc: 0.7654 | best mAP acc: 0.7259 | best mAR acc: 0.7830 | best Score: 0.7259 | best Score epoch: 19 
epoch 22, iter  301: loss: 0.0033 | load time: 0.0002 | back time: 0.8226 | lr: 0.00007633 | best AP50 acc: 0.9007 | best AP70 acc: 0.7654 | best mAP acc: 0.7259 | best mAR acc: 0.7830 | best Score: 0.7259 | best Score epoch: 19 
epoch 22, iter  351: loss: 0.0033 | load time: 0.0002 | back time: 0.8190 | lr: 0.00007622 | best AP50 acc: 0.9007 | best AP70 acc: 0.7654 | best mAP acc: 0.7259 | best mAR acc: 0.7830 | best Score: 0.7259 | best Score epoch: 19 
epoch 22, iter  401: loss: 0.0030 | load time: 0.0002 | back time: 0.8205 | lr: 0.00007610 | best AP50 acc: 0.9007 | best AP70 acc: 0.7654 | best mAP acc: 0.7259 | best mAR acc: 0.7830 | best Score: 0.7259 | best Score epoch: 19 
epoch 22, iter  451: loss: 0.0031 | load time: 0.0002 | back time: 0.8167 | lr: 0.00007599 | best AP50 acc: 0.9007 | best AP70 acc: 0.7654 | best mAP acc: 0.7259 | best mAR acc: 0.7830 | best Score: 0.7259 | best Score epoch: 19 
epoch 22, iter  501: loss: 0.0031 | load time: 0.0002 | back time: 0.8189 | lr: 0.00007587 | best AP50 acc: 0.9007 | best AP70 acc: 0.7654 | best mAP acc: 0.7259 | best mAR acc: 0.7830 | best Score: 0.7259 | best Score epoch: 19 
epoch 22, iter  551: loss: 0.0034 | load time: 0.0001 | back time: 0.8192 | lr: 0.00007576 | best AP50 acc: 0.9007 | best AP70 acc: 0.7654 | best mAP acc: 0.7259 | best mAR acc: 0.7830 | best Score: 0.7259 | best Score epoch: 19 
epoch 22, iter  601: loss: 0.0033 | load time: 0.0002 | back time: 0.8187 | lr: 0.00007564 | best AP50 acc: 0.9007 | best AP70 acc: 0.7654 | best mAP acc: 0.7259 | best mAR acc: 0.7830 | best Score: 0.7259 | best Score epoch: 19 
epoch 22, iter  651: loss: 0.0032 | load time: 0.0002 | back time: 0.8165 | lr: 0.00007552 | best AP50 acc: 0.9007 | best AP70 acc: 0.7654 | best mAP acc: 0.7259 | best mAR acc: 0.7830 | best Score: 0.7259 | best Score epoch: 19 
epoch 22, iter  701: loss: 0.0031 | load time: 0.0003 | back time: 0.8265 | lr: 0.00007541 | best AP50 acc: 0.9007 | best AP70 acc: 0.7654 | best mAP acc: 0.7259 | best mAR acc: 0.7830 | best Score: 0.7259 | best Score epoch: 19 
epoch 22, iter  751: loss: 0.0033 | load time: 0.0001 | back time: 0.8098 | lr: 0.00007529 | best AP50 acc: 0.9007 | best AP70 acc: 0.7654 | best mAP acc: 0.7259 | best mAR acc: 0.7830 | best Score: 0.7259 | best Score epoch: 19 
epoch 22, iter  801: loss: 0.0032 | load time: 0.0003 | back time: 0.8095 | lr: 0.00007517 | best AP50 acc: 0.9007 | best AP70 acc: 0.7654 | best mAP acc: 0.7259 | best mAR acc: 0.7830 | best Score: 0.7259 | best Score epoch: 19 
epoch 22, iter  851: loss: 0.0031 | load time: 0.0002 | back time: 0.8115 | lr: 0.00007506 | best AP50 acc: 0.9007 | best AP70 acc: 0.7654 | best mAP acc: 0.7259 | best mAR acc: 0.7830 | best Score: 0.7259 | best Score epoch: 19 
epoch 22, iter  901: loss: 0.0034 | load time: 0.0002 | back time: 0.8104 | lr: 0.00007494 | best AP50 acc: 0.9007 | best AP70 acc: 0.7654 | best mAP acc: 0.7259 | best mAR acc: 0.7830 | best Score: 0.7259 | best Score epoch: 19 
epoch 22, iter  951: loss: 0.0031 | load time: 0.0002 | back time: 0.8108 | lr: 0.00007482 | best AP50 acc: 0.9007 | best AP70 acc: 0.7654 | best mAP acc: 0.7259 | best mAR acc: 0.7830 | best Score: 0.7259 | best Score epoch: 19 
epoch 22, iter 1001: loss: 0.0033 | load time: 0.0003 | back time: 0.8121 | lr: 0.00007470 | best AP50 acc: 0.9007 | best AP70 acc: 0.7654 | best mAP acc: 0.7259 | best mAR acc: 0.7830 | best Score: 0.7259 | best Score epoch: 19 
epoch 22, iter 1051: loss: 0.0031 | load time: 0.0002 | back time: 0.8094 | lr: 0.00007459 | best AP50 acc: 0.9007 | best AP70 acc: 0.7654 | best mAP acc: 0.7259 | best mAR acc: 0.7830 | best Score: 0.7259 | best Score epoch: 19 
epoch 22, iter 1101: loss: 0.0033 | load time: 0.0002 | back time: 0.8099 | lr: 0.00007447 | best AP50 acc: 0.9007 | best AP70 acc: 0.7654 | best mAP acc: 0.7259 | best mAR acc: 0.7830 | best Score: 0.7259 | best Score epoch: 19 
epoch 22, iter 1151: loss: 0.0032 | load time: 0.0001 | back time: 0.8175 | lr: 0.00007435 | best AP50 acc: 0.9007 | best AP70 acc: 0.7654 | best mAP acc: 0.7259 | best mAR acc: 0.7830 | best Score: 0.7259 | best Score epoch: 19 
UAV_SEQS_2 | mAP50:90: 47.6612 | AP50: 80.5529 | AP70: 47.4185 
UAV_SEQS_37 | mAP50:90: 88.3988 | AP50: 100.0000 | AP70: 92.4146 
UAV_SEQS_45 | mAP50:90: 91.9387 | AP50: 100.0000 | AP70: 98.9036 
UAV_SEQS_47 | mAP50:90: 99.3224 | AP50: 100.0000 | AP70: 100.0000 
UAV_SEQS_55 | mAP50:90: 42.9729 | AP50: 63.0799 | AP70: 45.8985 
UAV_SEQS_59 | mAP50:90: 62.1956 | AP50: 92.2835 | AP70: 68.6554 
UAV_SEQS_6 | mAP50:90: 67.2156 | AP50: 91.9673 | AP70: 66.9734 
UAV_SEQS_63 | mAP50:90: 38.7893 | AP50: 95.8461 | AP70: 17.3024 
UAV_SEQS_65 | mAP50:90: 79.4741 | AP50: 93.7812 | AP70: 92.5251 
UAV_SEQS_7 | mAP50:90: 94.7841 | AP50: 100.0000 | AP70: 97.9929 
UAV_SEQS_71 | mAP50:90: 68.1932 | AP50: 90.7532 | AP70: 78.9229 
UAV_SEQS_73 | mAP50:90: 67.5357 | AP50: 90.2615 | AP70: 76.5510 
UAV_SEQS_74 | mAP50:90: 100.0000 | AP50: 100.0000 | AP70: 100.0000 
UAV_SEQS_77 | mAP50:90: 18.7123 | AP50: 32.7037 | AP70: 20.1638 
UAV_SEQS_8 | mAP50:90: 87.5690 | AP50: 100.0000 | AP70: 92.5181 
Overall            | mAP50:95: 71.6930 | AP50: 89.8809 | AP70: 74.6690 
epoch 23, iter    1: loss: 0.0034 | load time: 0.0056 | back time: 0.4478 | lr: 0.00007434 | best AP50 acc: 0.9007 | best AP70 acc: 0.7654 | best mAP acc: 0.7259 | best mAR acc: 0.7830 | best Score: 0.7259 | best Score epoch: 19 
epoch 23, iter   51: loss: 0.0034 | load time: 0.0001 | back time: 0.8031 | lr: 0.00007423 | best AP50 acc: 0.9007 | best AP70 acc: 0.7654 | best mAP acc: 0.7259 | best mAR acc: 0.7830 | best Score: 0.7259 | best Score epoch: 19 
epoch 23, iter  101: loss: 0.0031 | load time: 0.0003 | back time: 0.8085 | lr: 0.00007411 | best AP50 acc: 0.9007 | best AP70 acc: 0.7654 | best mAP acc: 0.7259 | best mAR acc: 0.7830 | best Score: 0.7259 | best Score epoch: 19 
epoch 23, iter  151: loss: 0.0032 | load time: 0.0003 | back time: 0.8118 | lr: 0.00007399 | best AP50 acc: 0.9007 | best AP70 acc: 0.7654 | best mAP acc: 0.7259 | best mAR acc: 0.7830 | best Score: 0.7259 | best Score epoch: 19 
epoch 23, iter  201: loss: 0.0033 | load time: 0.0002 | back time: 0.8112 | lr: 0.00007387 | best AP50 acc: 0.9007 | best AP70 acc: 0.7654 | best mAP acc: 0.7259 | best mAR acc: 0.7830 | best Score: 0.7259 | best Score epoch: 19 
epoch 23, iter  251: loss: 0.0033 | load time: 0.0002 | back time: 0.8123 | lr: 0.00007375 | best AP50 acc: 0.9007 | best AP70 acc: 0.7654 | best mAP acc: 0.7259 | best mAR acc: 0.7830 | best Score: 0.7259 | best Score epoch: 19 
epoch 23, iter  301: loss: 0.0032 | load time: 0.0002 | back time: 0.8115 | lr: 0.00007363 | best AP50 acc: 0.9007 | best AP70 acc: 0.7654 | best mAP acc: 0.7259 | best mAR acc: 0.7830 | best Score: 0.7259 | best Score epoch: 19 
epoch 23, iter  351: loss: 0.0031 | load time: 0.0002 | back time: 0.8106 | lr: 0.00007351 | best AP50 acc: 0.9007 | best AP70 acc: 0.7654 | best mAP acc: 0.7259 | best mAR acc: 0.7830 | best Score: 0.7259 | best Score epoch: 19 
epoch 23, iter  401: loss: 0.0032 | load time: 0.0002 | back time: 0.8100 | lr: 0.00007339 | best AP50 acc: 0.9007 | best AP70 acc: 0.7654 | best mAP acc: 0.7259 | best mAR acc: 0.7830 | best Score: 0.7259 | best Score epoch: 19 
epoch 23, iter  451: loss: 0.0033 | load time: 0.0002 | back time: 0.8118 | lr: 0.00007327 | best AP50 acc: 0.9007 | best AP70 acc: 0.7654 | best mAP acc: 0.7259 | best mAR acc: 0.7830 | best Score: 0.7259 | best Score epoch: 19 
epoch 23, iter  501: loss: 0.0032 | load time: 0.0003 | back time: 0.8122 | lr: 0.00007315 | best AP50 acc: 0.9007 | best AP70 acc: 0.7654 | best mAP acc: 0.7259 | best mAR acc: 0.7830 | best Score: 0.7259 | best Score epoch: 19 
epoch 23, iter  551: loss: 0.0031 | load time: 0.0003 | back time: 0.8153 | lr: 0.00007303 | best AP50 acc: 0.9007 | best AP70 acc: 0.7654 | best mAP acc: 0.7259 | best mAR acc: 0.7830 | best Score: 0.7259 | best Score epoch: 19 
epoch 23, iter  601: loss: 0.0033 | load time: 0.0001 | back time: 0.8204 | lr: 0.00007291 | best AP50 acc: 0.9007 | best AP70 acc: 0.7654 | best mAP acc: 0.7259 | best mAR acc: 0.7830 | best Score: 0.7259 | best Score epoch: 19 
epoch 23, iter  651: loss: 0.0032 | load time: 0.0003 | back time: 0.8151 | lr: 0.00007279 | best AP50 acc: 0.9007 | best AP70 acc: 0.7654 | best mAP acc: 0.7259 | best mAR acc: 0.7830 | best Score: 0.7259 | best Score epoch: 19 
epoch 23, iter  701: loss: 0.0032 | load time: 0.0001 | back time: 0.8094 | lr: 0.00007267 | best AP50 acc: 0.9007 | best AP70 acc: 0.7654 | best mAP acc: 0.7259 | best mAR acc: 0.7830 | best Score: 0.7259 | best Score epoch: 19 
epoch 23, iter  751: loss: 0.0032 | load time: 0.0002 | back time: 0.8130 | lr: 0.00007255 | best AP50 acc: 0.9007 | best AP70 acc: 0.7654 | best mAP acc: 0.7259 | best mAR acc: 0.7830 | best Score: 0.7259 | best Score epoch: 19 
epoch 23, iter  801: loss: 0.0032 | load time: 0.0002 | back time: 0.8076 | lr: 0.00007243 | best AP50 acc: 0.9007 | best AP70 acc: 0.7654 | best mAP acc: 0.7259 | best mAR acc: 0.7830 | best Score: 0.7259 | best Score epoch: 19 
epoch 23, iter  851: loss: 0.0033 | load time: 0.0002 | back time: 0.8112 | lr: 0.00007231 | best AP50 acc: 0.9007 | best AP70 acc: 0.7654 | best mAP acc: 0.7259 | best mAR acc: 0.7830 | best Score: 0.7259 | best Score epoch: 19 
epoch 23, iter  901: loss: 0.0032 | load time: 0.0002 | back time: 0.8103 | lr: 0.00007219 | best AP50 acc: 0.9007 | best AP70 acc: 0.7654 | best mAP acc: 0.7259 | best mAR acc: 0.7830 | best Score: 0.7259 | best Score epoch: 19 
epoch 23, iter  951: loss: 0.0032 | load time: 0.0001 | back time: 0.8099 | lr: 0.00007207 | best AP50 acc: 0.9007 | best AP70 acc: 0.7654 | best mAP acc: 0.7259 | best mAR acc: 0.7830 | best Score: 0.7259 | best Score epoch: 19 
epoch 23, iter 1001: loss: 0.0032 | load time: 0.0001 | back time: 0.8121 | lr: 0.00007194 | best AP50 acc: 0.9007 | best AP70 acc: 0.7654 | best mAP acc: 0.7259 | best mAR acc: 0.7830 | best Score: 0.7259 | best Score epoch: 19 
epoch 23, iter 1051: loss: 0.0031 | load time: 0.0002 | back time: 0.8125 | lr: 0.00007182 | best AP50 acc: 0.9007 | best AP70 acc: 0.7654 | best mAP acc: 0.7259 | best mAR acc: 0.7830 | best Score: 0.7259 | best Score epoch: 19 
epoch 23, iter 1101: loss: 0.0033 | load time: 0.0001 | back time: 0.8102 | lr: 0.00007170 | best AP50 acc: 0.9007 | best AP70 acc: 0.7654 | best mAP acc: 0.7259 | best mAR acc: 0.7830 | best Score: 0.7259 | best Score epoch: 19 
epoch 23, iter 1151: loss: 0.0032 | load time: 0.0001 | back time: 0.8118 | lr: 0.00007158 | best AP50 acc: 0.9007 | best AP70 acc: 0.7654 | best mAP acc: 0.7259 | best mAR acc: 0.7830 | best Score: 0.7259 | best Score epoch: 19 
UAV_SEQS_2 | mAP50:90: 44.0343 | AP50: 77.9994 | AP70: 41.8200 
UAV_SEQS_37 | mAP50:90: 90.7562 | AP50: 100.0000 | AP70: 95.3585 
UAV_SEQS_45 | mAP50:90: 90.5973 | AP50: 100.0000 | AP70: 98.9703 
UAV_SEQS_47 | mAP50:90: 99.4949 | AP50: 100.0000 | AP70: 100.0000 
UAV_SEQS_55 | mAP50:90: 34.0369 | AP50: 61.9852 | AP70: 31.7041 
UAV_SEQS_59 | mAP50:90: 81.3214 | AP50: 98.9223 | AP70: 85.6681 
UAV_SEQS_6 | mAP50:90: 55.3990 | AP50: 78.5164 | AP70: 55.9710 
UAV_SEQS_63 | mAP50:90: 58.4497 | AP50: 100.0000 | AP70: 70.2151 
UAV_SEQS_65 | mAP50:90: 79.8958 | AP50: 94.6473 | AP70: 92.4455 
UAV_SEQS_7 | mAP50:90: 95.3602 | AP50: 100.0000 | AP70: 98.9966 
UAV_SEQS_71 | mAP50:90: 63.5176 | AP50: 91.1037 | AP70: 75.0256 
UAV_SEQS_73 | mAP50:90: 67.2551 | AP50: 88.3287 | AP70: 79.9577 
UAV_SEQS_74 | mAP50:90: 98.3328 | AP50: 100.0000 | AP70: 100.0000 
UAV_SEQS_77 | mAP50:90: 13.4601 | AP50: 22.2081 | AP70: 16.2648 
UAV_SEQS_8 | mAP50:90: 88.5125 | AP50: 100.0000 | AP70: 94.4686 
Overall            | mAP50:95: 72.8035 | AP50: 88.8125 | AP70: 78.3090 
epoch 24, iter    1: loss: 0.0032 | load time: 0.0044 | back time: 0.4541 | lr: 0.00007157 | best AP50 acc: 0.8881 | best AP70 acc: 0.7831 | best mAP acc: 0.7280 | best mAR acc: 0.7832 | best Score: 0.7280 | best Score epoch: 23 
epoch 24, iter   51: loss: 0.0032 | load time: 0.0002 | back time: 0.8037 | lr: 0.00007145 | best AP50 acc: 0.8881 | best AP70 acc: 0.7831 | best mAP acc: 0.7280 | best mAR acc: 0.7832 | best Score: 0.7280 | best Score epoch: 23 
epoch 24, iter  101: loss: 0.0033 | load time: 0.0001 | back time: 0.8087 | lr: 0.00007133 | best AP50 acc: 0.8881 | best AP70 acc: 0.7831 | best mAP acc: 0.7280 | best mAR acc: 0.7832 | best Score: 0.7280 | best Score epoch: 23 
epoch 24, iter  151: loss: 0.0032 | load time: 0.0001 | back time: 0.8101 | lr: 0.00007121 | best AP50 acc: 0.8881 | best AP70 acc: 0.7831 | best mAP acc: 0.7280 | best mAR acc: 0.7832 | best Score: 0.7280 | best Score epoch: 23 
epoch 24, iter  201: loss: 0.0032 | load time: 0.0002 | back time: 0.8105 | lr: 0.00007108 | best AP50 acc: 0.8881 | best AP70 acc: 0.7831 | best mAP acc: 0.7280 | best mAR acc: 0.7832 | best Score: 0.7280 | best Score epoch: 23 
epoch 24, iter  251: loss: 0.0032 | load time: 0.0001 | back time: 0.8181 | lr: 0.00007096 | best AP50 acc: 0.8881 | best AP70 acc: 0.7831 | best mAP acc: 0.7280 | best mAR acc: 0.7832 | best Score: 0.7280 | best Score epoch: 23 
epoch 24, iter  301: loss: 0.0032 | load time: 0.0002 | back time: 0.8114 | lr: 0.00007084 | best AP50 acc: 0.8881 | best AP70 acc: 0.7831 | best mAP acc: 0.7280 | best mAR acc: 0.7832 | best Score: 0.7280 | best Score epoch: 23 
epoch 24, iter  351: loss: 0.0031 | load time: 0.0002 | back time: 0.8112 | lr: 0.00007071 | best AP50 acc: 0.8881 | best AP70 acc: 0.7831 | best mAP acc: 0.7280 | best mAR acc: 0.7832 | best Score: 0.7280 | best Score epoch: 23 
epoch 24, iter  401: loss: 0.0032 | load time: 0.0002 | back time: 0.8104 | lr: 0.00007059 | best AP50 acc: 0.8881 | best AP70 acc: 0.7831 | best mAP acc: 0.7280 | best mAR acc: 0.7832 | best Score: 0.7280 | best Score epoch: 23 
epoch 24, iter  451: loss: 0.0032 | load time: 0.0001 | back time: 0.8108 | lr: 0.00007047 | best AP50 acc: 0.8881 | best AP70 acc: 0.7831 | best mAP acc: 0.7280 | best mAR acc: 0.7832 | best Score: 0.7280 | best Score epoch: 23 
epoch 24, iter  501: loss: 0.0034 | load time: 0.0002 | back time: 0.8117 | lr: 0.00007034 | best AP50 acc: 0.8881 | best AP70 acc: 0.7831 | best mAP acc: 0.7280 | best mAR acc: 0.7832 | best Score: 0.7280 | best Score epoch: 23 
epoch 24, iter  551: loss: 0.0033 | load time: 0.0002 | back time: 0.8114 | lr: 0.00007022 | best AP50 acc: 0.8881 | best AP70 acc: 0.7831 | best mAP acc: 0.7280 | best mAR acc: 0.7832 | best Score: 0.7280 | best Score epoch: 23 
epoch 24, iter  601: loss: 0.0031 | load time: 0.0003 | back time: 0.8093 | lr: 0.00007010 | best AP50 acc: 0.8881 | best AP70 acc: 0.7831 | best mAP acc: 0.7280 | best mAR acc: 0.7832 | best Score: 0.7280 | best Score epoch: 23 
epoch 24, iter  651: loss: 0.0032 | load time: 0.0003 | back time: 0.8105 | lr: 0.00006997 | best AP50 acc: 0.8881 | best AP70 acc: 0.7831 | best mAP acc: 0.7280 | best mAR acc: 0.7832 | best Score: 0.7280 | best Score epoch: 23 
epoch 24, iter  701: loss: 0.0032 | load time: 0.0002 | back time: 0.8142 | lr: 0.00006985 | best AP50 acc: 0.8881 | best AP70 acc: 0.7831 | best mAP acc: 0.7280 | best mAR acc: 0.7832 | best Score: 0.7280 | best Score epoch: 23 
epoch 24, iter  751: loss: 0.0032 | load time: 0.0001 | back time: 0.8143 | lr: 0.00006972 | best AP50 acc: 0.8881 | best AP70 acc: 0.7831 | best mAP acc: 0.7280 | best mAR acc: 0.7832 | best Score: 0.7280 | best Score epoch: 23 
epoch 24, iter  801: loss: 0.0032 | load time: 0.0002 | back time: 0.8098 | lr: 0.00006960 | best AP50 acc: 0.8881 | best AP70 acc: 0.7831 | best mAP acc: 0.7280 | best mAR acc: 0.7832 | best Score: 0.7280 | best Score epoch: 23 
epoch 24, iter  851: loss: 0.0032 | load time: 0.0001 | back time: 0.8112 | lr: 0.00006948 | best AP50 acc: 0.8881 | best AP70 acc: 0.7831 | best mAP acc: 0.7280 | best mAR acc: 0.7832 | best Score: 0.7280 | best Score epoch: 23 
epoch 24, iter  901: loss: 0.0033 | load time: 0.0002 | back time: 0.8116 | lr: 0.00006935 | best AP50 acc: 0.8881 | best AP70 acc: 0.7831 | best mAP acc: 0.7280 | best mAR acc: 0.7832 | best Score: 0.7280 | best Score epoch: 23 
epoch 24, iter  951: loss: 0.0033 | load time: 0.0001 | back time: 0.8042 | lr: 0.00006923 | best AP50 acc: 0.8881 | best AP70 acc: 0.7831 | best mAP acc: 0.7280 | best mAR acc: 0.7832 | best Score: 0.7280 | best Score epoch: 23 
epoch 24, iter 1001: loss: 0.0031 | load time: 0.0002 | back time: 0.8093 | lr: 0.00006910 | best AP50 acc: 0.8881 | best AP70 acc: 0.7831 | best mAP acc: 0.7280 | best mAR acc: 0.7832 | best Score: 0.7280 | best Score epoch: 23 
epoch 24, iter 1051: loss: 0.0032 | load time: 0.0003 | back time: 0.8231 | lr: 0.00006898 | best AP50 acc: 0.8881 | best AP70 acc: 0.7831 | best mAP acc: 0.7280 | best mAR acc: 0.7832 | best Score: 0.7280 | best Score epoch: 23 
epoch 24, iter 1101: loss: 0.0031 | load time: 0.0003 | back time: 0.8149 | lr: 0.00006885 | best AP50 acc: 0.8881 | best AP70 acc: 0.7831 | best mAP acc: 0.7280 | best mAR acc: 0.7832 | best Score: 0.7280 | best Score epoch: 23 
epoch 24, iter 1151: loss: 0.0032 | load time: 0.0047 | back time: 0.8069 | lr: 0.00006872 | best AP50 acc: 0.8881 | best AP70 acc: 0.7831 | best mAP acc: 0.7280 | best mAR acc: 0.7832 | best Score: 0.7280 | best Score epoch: 23 
UAV_SEQS_2 | mAP50:90: 38.1703 | AP50: 71.4820 | AP70: 34.1977 
UAV_SEQS_37 | mAP50:90: 89.3706 | AP50: 100.0000 | AP70: 91.4292 
UAV_SEQS_45 | mAP50:90: 92.6401 | AP50: 100.0000 | AP70: 98.9530 
UAV_SEQS_47 | mAP50:90: 98.4307 | AP50: 100.0000 | AP70: 100.0000 
UAV_SEQS_55 | mAP50:90: 45.2918 | AP50: 66.4833 | AP70: 49.8918 
UAV_SEQS_59 | mAP50:90: 75.0396 | AP50: 97.5949 | AP70: 84.3855 
UAV_SEQS_6 | mAP50:90: 64.9399 | AP50: 81.5534 | AP70: 68.1142 
UAV_SEQS_63 | mAP50:90: 34.9361 | AP50: 93.1863 | AP70: 13.9523 
UAV_SEQS_65 | mAP50:90: 77.7004 | AP50: 93.6380 | AP70: 91.3170 
UAV_SEQS_7 | mAP50:90: 97.7842 | AP50: 100.0000 | AP70: 100.0000 
UAV_SEQS_71 | mAP50:90: 73.6062 | AP50: 98.7682 | AP70: 87.8492 
UAV_SEQS_73 | mAP50:90: 69.8590 | AP50: 90.0027 | AP70: 81.6442 
UAV_SEQS_74 | mAP50:90: 99.3982 | AP50: 100.0000 | AP70: 100.0000 
UAV_SEQS_77 | mAP50:90: 32.1072 | AP50: 48.1350 | AP70: 42.2762 
UAV_SEQS_8 | mAP50:90: 83.3797 | AP50: 100.0000 | AP70: 89.4059 
Overall            | mAP50:95: 72.7722 | AP50: 89.8392 | AP70: 77.0553 
epoch 25, iter    1: loss: 0.0031 | load time: 0.0053 | back time: 0.3758 | lr: 0.00006872 | best AP50 acc: 0.8881 | best AP70 acc: 0.7831 | best mAP acc: 0.7280 | best mAR acc: 0.7832 | best Score: 0.7280 | best Score epoch: 23 
epoch 25, iter   51: loss: 0.0033 | load time: 0.0002 | back time: 0.8123 | lr: 0.00006859 | best AP50 acc: 0.8881 | best AP70 acc: 0.7831 | best mAP acc: 0.7280 | best mAR acc: 0.7832 | best Score: 0.7280 | best Score epoch: 23 
epoch 25, iter  101: loss: 0.0031 | load time: 0.0002 | back time: 0.7976 | lr: 0.00006847 | best AP50 acc: 0.8881 | best AP70 acc: 0.7831 | best mAP acc: 0.7280 | best mAR acc: 0.7832 | best Score: 0.7280 | best Score epoch: 23 
epoch 25, iter  151: loss: 0.0031 | load time: 0.0002 | back time: 0.8113 | lr: 0.00006834 | best AP50 acc: 0.8881 | best AP70 acc: 0.7831 | best mAP acc: 0.7280 | best mAR acc: 0.7832 | best Score: 0.7280 | best Score epoch: 23 
epoch 25, iter  201: loss: 0.0032 | load time: 0.0002 | back time: 0.8169 | lr: 0.00006822 | best AP50 acc: 0.8881 | best AP70 acc: 0.7831 | best mAP acc: 0.7280 | best mAR acc: 0.7832 | best Score: 0.7280 | best Score epoch: 23 
epoch 25, iter  251: loss: 0.0032 | load time: 0.0002 | back time: 0.8216 | lr: 0.00006809 | best AP50 acc: 0.8881 | best AP70 acc: 0.7831 | best mAP acc: 0.7280 | best mAR acc: 0.7832 | best Score: 0.7280 | best Score epoch: 23 
epoch 25, iter  301: loss: 0.0032 | load time: 0.0002 | back time: 0.8225 | lr: 0.00006796 | best AP50 acc: 0.8881 | best AP70 acc: 0.7831 | best mAP acc: 0.7280 | best mAR acc: 0.7832 | best Score: 0.7280 | best Score epoch: 23 
epoch 25, iter  351: loss: 0.0030 | load time: 0.0002 | back time: 0.8043 | lr: 0.00006784 | best AP50 acc: 0.8881 | best AP70 acc: 0.7831 | best mAP acc: 0.7280 | best mAR acc: 0.7832 | best Score: 0.7280 | best Score epoch: 23 
epoch 25, iter  401: loss: 0.0032 | load time: 0.0002 | back time: 0.8134 | lr: 0.00006771 | best AP50 acc: 0.8881 | best AP70 acc: 0.7831 | best mAP acc: 0.7280 | best mAR acc: 0.7832 | best Score: 0.7280 | best Score epoch: 23 
epoch 25, iter  451: loss: 0.0032 | load time: 0.0002 | back time: 0.8154 | lr: 0.00006758 | best AP50 acc: 0.8881 | best AP70 acc: 0.7831 | best mAP acc: 0.7280 | best mAR acc: 0.7832 | best Score: 0.7280 | best Score epoch: 23 
epoch 25, iter  501: loss: 0.0031 | load time: 0.0001 | back time: 0.8156 | lr: 0.00006746 | best AP50 acc: 0.8881 | best AP70 acc: 0.7831 | best mAP acc: 0.7280 | best mAR acc: 0.7832 | best Score: 0.7280 | best Score epoch: 23 
epoch 25, iter  551: loss: 0.0031 | load time: 0.0003 | back time: 0.8149 | lr: 0.00006733 | best AP50 acc: 0.8881 | best AP70 acc: 0.7831 | best mAP acc: 0.7280 | best mAR acc: 0.7832 | best Score: 0.7280 | best Score epoch: 23 
epoch 25, iter  601: loss: 0.0032 | load time: 0.0002 | back time: 0.7840 | lr: 0.00006720 | best AP50 acc: 0.8881 | best AP70 acc: 0.7831 | best mAP acc: 0.7280 | best mAR acc: 0.7832 | best Score: 0.7280 | best Score epoch: 23 
epoch 25, iter  651: loss: 0.0031 | load time: 0.0001 | back time: 0.8090 | lr: 0.00006708 | best AP50 acc: 0.8881 | best AP70 acc: 0.7831 | best mAP acc: 0.7280 | best mAR acc: 0.7832 | best Score: 0.7280 | best Score epoch: 23 
epoch 25, iter  701: loss: 0.0032 | load time: 0.0001 | back time: 0.8154 | lr: 0.00006695 | best AP50 acc: 0.8881 | best AP70 acc: 0.7831 | best mAP acc: 0.7280 | best mAR acc: 0.7832 | best Score: 0.7280 | best Score epoch: 23 
epoch 25, iter  751: loss: 0.0031 | load time: 0.0001 | back time: 0.8157 | lr: 0.00006682 | best AP50 acc: 0.8881 | best AP70 acc: 0.7831 | best mAP acc: 0.7280 | best mAR acc: 0.7832 | best Score: 0.7280 | best Score epoch: 23 
epoch 25, iter  801: loss: 0.0032 | load time: 0.0003 | back time: 0.8180 | lr: 0.00006669 | best AP50 acc: 0.8881 | best AP70 acc: 0.7831 | best mAP acc: 0.7280 | best mAR acc: 0.7832 | best Score: 0.7280 | best Score epoch: 23 
epoch 25, iter  851: loss: 0.0032 | load time: 0.0002 | back time: 0.8034 | lr: 0.00006657 | best AP50 acc: 0.8881 | best AP70 acc: 0.7831 | best mAP acc: 0.7280 | best mAR acc: 0.7832 | best Score: 0.7280 | best Score epoch: 23 
epoch 25, iter  901: loss: 0.0032 | load time: 0.0002 | back time: 0.8217 | lr: 0.00006644 | best AP50 acc: 0.8881 | best AP70 acc: 0.7831 | best mAP acc: 0.7280 | best mAR acc: 0.7832 | best Score: 0.7280 | best Score epoch: 23 
epoch 25, iter  951: loss: 0.0031 | load time: 0.0001 | back time: 0.8238 | lr: 0.00006631 | best AP50 acc: 0.8881 | best AP70 acc: 0.7831 | best mAP acc: 0.7280 | best mAR acc: 0.7832 | best Score: 0.7280 | best Score epoch: 23 
epoch 25, iter 1001: loss: 0.0032 | load time: 0.0002 | back time: 0.8166 | lr: 0.00006618 | best AP50 acc: 0.8881 | best AP70 acc: 0.7831 | best mAP acc: 0.7280 | best mAR acc: 0.7832 | best Score: 0.7280 | best Score epoch: 23 
epoch 25, iter 1051: loss: 0.0031 | load time: 0.0002 | back time: 0.8159 | lr: 0.00006606 | best AP50 acc: 0.8881 | best AP70 acc: 0.7831 | best mAP acc: 0.7280 | best mAR acc: 0.7832 | best Score: 0.7280 | best Score epoch: 23 
epoch 25, iter 1101: loss: 0.0032 | load time: 0.0002 | back time: 0.7986 | lr: 0.00006593 | best AP50 acc: 0.8881 | best AP70 acc: 0.7831 | best mAP acc: 0.7280 | best mAR acc: 0.7832 | best Score: 0.7280 | best Score epoch: 23 
epoch 25, iter 1151: loss: 0.0033 | load time: 0.0001 | back time: 0.8102 | lr: 0.00006580 | best AP50 acc: 0.8881 | best AP70 acc: 0.7831 | best mAP acc: 0.7280 | best mAR acc: 0.7832 | best Score: 0.7280 | best Score epoch: 23 
UAV_SEQS_2 | mAP50:90: 41.2949 | AP50: 76.2190 | AP70: 41.5128 
UAV_SEQS_37 | mAP50:90: 80.4751 | AP50: 98.7618 | AP70: 83.8347 
UAV_SEQS_45 | mAP50:90: 95.4920 | AP50: 100.0000 | AP70: 98.9901 
UAV_SEQS_47 | mAP50:90: 97.3504 | AP50: 100.0000 | AP70: 100.0000 
UAV_SEQS_55 | mAP50:90: 42.4341 | AP50: 62.9376 | AP70: 45.7385 
UAV_SEQS_59 | mAP50:90: 81.3569 | AP50: 97.7681 | AP70: 94.6515 
UAV_SEQS_6 | mAP50:90: 43.2150 | AP50: 57.9698 | AP70: 47.4877 
UAV_SEQS_63 | mAP50:90: 47.1343 | AP50: 98.9865 | AP70: 40.0770 
UAV_SEQS_65 | mAP50:90: 79.1893 | AP50: 93.3010 | AP70: 92.1244 
UAV_SEQS_7 | mAP50:90: 93.2225 | AP50: 100.0000 | AP70: 97.7475 
UAV_SEQS_71 | mAP50:90: 67.3028 | AP50: 95.0865 | AP70: 80.4406 
UAV_SEQS_73 | mAP50:90: 63.5767 | AP50: 85.8822 | AP70: 71.3536 
UAV_SEQS_74 | mAP50:90: 98.8288 | AP50: 100.0000 | AP70: 100.0000 
UAV_SEQS_77 | mAP50:90: 16.6410 | AP50: 24.6011 | AP70: 21.8427 
UAV_SEQS_8 | mAP50:90: 85.6030 | AP50: 100.0000 | AP70: 90.9307 
Overall            | mAP50:95: 70.1997 | AP50: 86.6848 | AP70: 75.7600 
epoch 26, iter    1: loss: 0.0032 | load time: 0.0056 | back time: 0.4454 | lr: 0.00006579 | best AP50 acc: 0.8881 | best AP70 acc: 0.7831 | best mAP acc: 0.7280 | best mAR acc: 0.7832 | best Score: 0.7280 | best Score epoch: 23 
epoch 26, iter   51: loss: 0.0032 | load time: 0.0002 | back time: 0.7910 | lr: 0.00006567 | best AP50 acc: 0.8881 | best AP70 acc: 0.7831 | best mAP acc: 0.7280 | best mAR acc: 0.7832 | best Score: 0.7280 | best Score epoch: 23 
epoch 26, iter  101: loss: 0.0031 | load time: 0.0002 | back time: 0.8094 | lr: 0.00006554 | best AP50 acc: 0.8881 | best AP70 acc: 0.7831 | best mAP acc: 0.7280 | best mAR acc: 0.7832 | best Score: 0.7280 | best Score epoch: 23 
epoch 26, iter  151: loss: 0.0031 | load time: 0.0002 | back time: 0.8144 | lr: 0.00006541 | best AP50 acc: 0.8881 | best AP70 acc: 0.7831 | best mAP acc: 0.7280 | best mAR acc: 0.7832 | best Score: 0.7280 | best Score epoch: 23 
epoch 26, iter  201: loss: 0.0032 | load time: 0.0002 | back time: 0.8151 | lr: 0.00006528 | best AP50 acc: 0.8881 | best AP70 acc: 0.7831 | best mAP acc: 0.7280 | best mAR acc: 0.7832 | best Score: 0.7280 | best Score epoch: 23 
epoch 26, iter  251: loss: 0.0031 | load time: 0.0003 | back time: 0.8241 | lr: 0.00006515 | best AP50 acc: 0.8881 | best AP70 acc: 0.7831 | best mAP acc: 0.7280 | best mAR acc: 0.7832 | best Score: 0.7280 | best Score epoch: 23 
epoch 26, iter  301: loss: 0.0032 | load time: 0.0004 | back time: 0.7957 | lr: 0.00006502 | best AP50 acc: 0.8881 | best AP70 acc: 0.7831 | best mAP acc: 0.7280 | best mAR acc: 0.7832 | best Score: 0.7280 | best Score epoch: 23 
epoch 26, iter  351: loss: 0.0032 | load time: 0.0002 | back time: 0.8203 | lr: 0.00006489 | best AP50 acc: 0.8881 | best AP70 acc: 0.7831 | best mAP acc: 0.7280 | best mAR acc: 0.7832 | best Score: 0.7280 | best Score epoch: 23 
epoch 26, iter  401: loss: 0.0032 | load time: 0.0002 | back time: 0.8157 | lr: 0.00006476 | best AP50 acc: 0.8881 | best AP70 acc: 0.7831 | best mAP acc: 0.7280 | best mAR acc: 0.7832 | best Score: 0.7280 | best Score epoch: 23 
epoch 26, iter  451: loss: 0.0032 | load time: 0.0002 | back time: 0.8166 | lr: 0.00006463 | best AP50 acc: 0.8881 | best AP70 acc: 0.7831 | best mAP acc: 0.7280 | best mAR acc: 0.7832 | best Score: 0.7280 | best Score epoch: 23 
epoch 26, iter  501: loss: 0.0031 | load time: 0.0001 | back time: 0.8027 | lr: 0.00006450 | best AP50 acc: 0.8881 | best AP70 acc: 0.7831 | best mAP acc: 0.7280 | best mAR acc: 0.7832 | best Score: 0.7280 | best Score epoch: 23 
epoch 26, iter  551: loss: 0.0031 | load time: 0.0001 | back time: 0.8130 | lr: 0.00006437 | best AP50 acc: 0.8881 | best AP70 acc: 0.7831 | best mAP acc: 0.7280 | best mAR acc: 0.7832 | best Score: 0.7280 | best Score epoch: 23 
epoch 26, iter  601: loss: 0.0032 | load time: 0.0003 | back time: 0.8006 | lr: 0.00006425 | best AP50 acc: 0.8881 | best AP70 acc: 0.7831 | best mAP acc: 0.7280 | best mAR acc: 0.7832 | best Score: 0.7280 | best Score epoch: 23 
epoch 26, iter  651: loss: 0.0032 | load time: 0.0002 | back time: 0.8113 | lr: 0.00006412 | best AP50 acc: 0.8881 | best AP70 acc: 0.7831 | best mAP acc: 0.7280 | best mAR acc: 0.7832 | best Score: 0.7280 | best Score epoch: 23 
epoch 26, iter  701: loss: 0.0032 | load time: 0.0001 | back time: 0.8107 | lr: 0.00006399 | best AP50 acc: 0.8881 | best AP70 acc: 0.7831 | best mAP acc: 0.7280 | best mAR acc: 0.7832 | best Score: 0.7280 | best Score epoch: 23 
epoch 26, iter  751: loss: 0.0032 | load time: 0.0002 | back time: 0.8155 | lr: 0.00006386 | best AP50 acc: 0.8881 | best AP70 acc: 0.7831 | best mAP acc: 0.7280 | best mAR acc: 0.7832 | best Score: 0.7280 | best Score epoch: 23 
epoch 26, iter  801: loss: 0.0031 | load time: 0.0002 | back time: 0.8023 | lr: 0.00006373 | best AP50 acc: 0.8881 | best AP70 acc: 0.7831 | best mAP acc: 0.7280 | best mAR acc: 0.7832 | best Score: 0.7280 | best Score epoch: 23 
epoch 26, iter  851: loss: 0.0033 | load time: 0.0002 | back time: 0.8131 | lr: 0.00006360 | best AP50 acc: 0.8881 | best AP70 acc: 0.7831 | best mAP acc: 0.7280 | best mAR acc: 0.7832 | best Score: 0.7280 | best Score epoch: 23 
epoch 26, iter  901: loss: 0.0032 | load time: 0.0002 | back time: 0.8166 | lr: 0.00006347 | best AP50 acc: 0.8881 | best AP70 acc: 0.7831 | best mAP acc: 0.7280 | best mAR acc: 0.7832 | best Score: 0.7280 | best Score epoch: 23 
epoch 26, iter  951: loss: 0.0031 | load time: 0.0002 | back time: 0.8163 | lr: 0.00006334 | best AP50 acc: 0.8881 | best AP70 acc: 0.7831 | best mAP acc: 0.7280 | best mAR acc: 0.7832 | best Score: 0.7280 | best Score epoch: 23 
epoch 26, iter 1001: loss: 0.0032 | load time: 0.0003 | back time: 0.8075 | lr: 0.00006320 | best AP50 acc: 0.8881 | best AP70 acc: 0.7831 | best mAP acc: 0.7280 | best mAR acc: 0.7832 | best Score: 0.7280 | best Score epoch: 23 
epoch 26, iter 1051: loss: 0.0032 | load time: 0.0002 | back time: 0.8230 | lr: 0.00006307 | best AP50 acc: 0.8881 | best AP70 acc: 0.7831 | best mAP acc: 0.7280 | best mAR acc: 0.7832 | best Score: 0.7280 | best Score epoch: 23 
epoch 26, iter 1101: loss: 0.0033 | load time: 0.0003 | back time: 0.8282 | lr: 0.00006294 | best AP50 acc: 0.8881 | best AP70 acc: 0.7831 | best mAP acc: 0.7280 | best mAR acc: 0.7832 | best Score: 0.7280 | best Score epoch: 23 
epoch 26, iter 1151: loss: 0.0032 | load time: 0.0001 | back time: 0.8064 | lr: 0.00006281 | best AP50 acc: 0.8881 | best AP70 acc: 0.7831 | best mAP acc: 0.7280 | best mAR acc: 0.7832 | best Score: 0.7280 | best Score epoch: 23 
UAV_SEQS_2 | mAP50:90: 33.2678 | AP50: 65.5634 | AP70: 28.1446 
UAV_SEQS_37 | mAP50:90: 86.2872 | AP50: 100.0000 | AP70: 87.9719 
UAV_SEQS_45 | mAP50:90: 92.8228 | AP50: 100.0000 | AP70: 98.8560 
UAV_SEQS_47 | mAP50:90: 96.1868 | AP50: 100.0000 | AP70: 99.0066 
UAV_SEQS_55 | mAP50:90: 40.6346 | AP50: 66.0620 | AP70: 41.8092 
UAV_SEQS_59 | mAP50:90: 75.0883 | AP50: 97.6144 | AP70: 84.8991 
UAV_SEQS_6 | mAP50:90: 59.3069 | AP50: 77.0714 | AP70: 66.6473 
UAV_SEQS_63 | mAP50:90: 17.0638 | AP50: 57.7894 | AP70: 3.5441 
UAV_SEQS_65 | mAP50:90: 76.8079 | AP50: 94.3472 | AP70: 92.0658 
UAV_SEQS_7 | mAP50:90: 94.8674 | AP50: 100.0000 | AP70: 97.9526 
UAV_SEQS_71 | mAP50:90: 68.4732 | AP50: 92.8187 | AP70: 81.7501 
UAV_SEQS_73 | mAP50:90: 64.5608 | AP50: 89.8128 | AP70: 70.3118 
UAV_SEQS_74 | mAP50:90: 95.6296 | AP50: 100.0000 | AP70: 100.0000 
UAV_SEQS_77 | mAP50:90: 28.2537 | AP50: 40.6942 | AP70: 37.9987 
UAV_SEQS_8 | mAP50:90: 84.9103 | AP50: 100.0000 | AP70: 91.4907 
Overall            | mAP50:95: 68.2953 | AP50: 86.9814 | AP70: 71.9326 
epoch 27, iter    1: loss: 0.0032 | load time: 0.0040 | back time: 0.4919 | lr: 0.00006281 | best AP50 acc: 0.8881 | best AP70 acc: 0.7831 | best mAP acc: 0.7280 | best mAR acc: 0.7832 | best Score: 0.7280 | best Score epoch: 23 
epoch 27, iter   51: loss: 0.0032 | load time: 0.0001 | back time: 0.8092 | lr: 0.00006268 | best AP50 acc: 0.8881 | best AP70 acc: 0.7831 | best mAP acc: 0.7280 | best mAR acc: 0.7832 | best Score: 0.7280 | best Score epoch: 23 
epoch 27, iter  101: loss: 0.0032 | load time: 0.0002 | back time: 0.8102 | lr: 0.00006255 | best AP50 acc: 0.8881 | best AP70 acc: 0.7831 | best mAP acc: 0.7280 | best mAR acc: 0.7832 | best Score: 0.7280 | best Score epoch: 23 
epoch 27, iter  151: loss: 0.0031 | load time: 0.0004 | back time: 0.8162 | lr: 0.00006241 | best AP50 acc: 0.8881 | best AP70 acc: 0.7831 | best mAP acc: 0.7280 | best mAR acc: 0.7832 | best Score: 0.7280 | best Score epoch: 23 
epoch 27, iter  201: loss: 0.0031 | load time: 0.0002 | back time: 0.8131 | lr: 0.00006228 | best AP50 acc: 0.8881 | best AP70 acc: 0.7831 | best mAP acc: 0.7280 | best mAR acc: 0.7832 | best Score: 0.7280 | best Score epoch: 23 
epoch 27, iter  251: loss: 0.0032 | load time: 0.0002 | back time: 0.8186 | lr: 0.00006215 | best AP50 acc: 0.8881 | best AP70 acc: 0.7831 | best mAP acc: 0.7280 | best mAR acc: 0.7832 | best Score: 0.7280 | best Score epoch: 23 
epoch 27, iter  301: loss: 0.0032 | load time: 0.0001 | back time: 0.8166 | lr: 0.00006202 | best AP50 acc: 0.8881 | best AP70 acc: 0.7831 | best mAP acc: 0.7280 | best mAR acc: 0.7832 | best Score: 0.7280 | best Score epoch: 23 
epoch 27, iter  351: loss: 0.0032 | load time: 0.0001 | back time: 0.8126 | lr: 0.00006189 | best AP50 acc: 0.8881 | best AP70 acc: 0.7831 | best mAP acc: 0.7280 | best mAR acc: 0.7832 | best Score: 0.7280 | best Score epoch: 23 
epoch 27, iter  401: loss: 0.0031 | load time: 0.0001 | back time: 0.8055 | lr: 0.00006176 | best AP50 acc: 0.8881 | best AP70 acc: 0.7831 | best mAP acc: 0.7280 | best mAR acc: 0.7832 | best Score: 0.7280 | best Score epoch: 23 
epoch 27, iter  451: loss: 0.0031 | load time: 0.0002 | back time: 0.8141 | lr: 0.00006163 | best AP50 acc: 0.8881 | best AP70 acc: 0.7831 | best mAP acc: 0.7280 | best mAR acc: 0.7832 | best Score: 0.7280 | best Score epoch: 23 
epoch 27, iter  501: loss: 0.0031 | load time: 0.0003 | back time: 0.8119 | lr: 0.00006150 | best AP50 acc: 0.8881 | best AP70 acc: 0.7831 | best mAP acc: 0.7280 | best mAR acc: 0.7832 | best Score: 0.7280 | best Score epoch: 23 
epoch 27, iter  551: loss: 0.0032 | load time: 0.0002 | back time: 0.8237 | lr: 0.00006136 | best AP50 acc: 0.8881 | best AP70 acc: 0.7831 | best mAP acc: 0.7280 | best mAR acc: 0.7832 | best Score: 0.7280 | best Score epoch: 23 
epoch 27, iter  601: loss: 0.0031 | load time: 0.0002 | back time: 0.8184 | lr: 0.00006123 | best AP50 acc: 0.8881 | best AP70 acc: 0.7831 | best mAP acc: 0.7280 | best mAR acc: 0.7832 | best Score: 0.7280 | best Score epoch: 23 
epoch 27, iter  651: loss: 0.0031 | load time: 0.0002 | back time: 0.7977 | lr: 0.00006110 | best AP50 acc: 0.8881 | best AP70 acc: 0.7831 | best mAP acc: 0.7280 | best mAR acc: 0.7832 | best Score: 0.7280 | best Score epoch: 23 
epoch 27, iter  701: loss: 0.0032 | load time: 0.0006 | back time: 0.8161 | lr: 0.00006097 | best AP50 acc: 0.8881 | best AP70 acc: 0.7831 | best mAP acc: 0.7280 | best mAR acc: 0.7832 | best Score: 0.7280 | best Score epoch: 23 
epoch 27, iter  751: loss: 0.0032 | load time: 0.0003 | back time: 0.8234 | lr: 0.00006084 | best AP50 acc: 0.8881 | best AP70 acc: 0.7831 | best mAP acc: 0.7280 | best mAR acc: 0.7832 | best Score: 0.7280 | best Score epoch: 23 
epoch 27, iter  801: loss: 0.0032 | load time: 0.0002 | back time: 0.8135 | lr: 0.00006070 | best AP50 acc: 0.8881 | best AP70 acc: 0.7831 | best mAP acc: 0.7280 | best mAR acc: 0.7832 | best Score: 0.7280 | best Score epoch: 23 
epoch 27, iter  851: loss: 0.0033 | load time: 0.0002 | back time: 0.8047 | lr: 0.00006057 | best AP50 acc: 0.8881 | best AP70 acc: 0.7831 | best mAP acc: 0.7280 | best mAR acc: 0.7832 | best Score: 0.7280 | best Score epoch: 23 
epoch 27, iter  901: loss: 0.0032 | load time: 0.0002 | back time: 0.8101 | lr: 0.00006044 | best AP50 acc: 0.8881 | best AP70 acc: 0.7831 | best mAP acc: 0.7280 | best mAR acc: 0.7832 | best Score: 0.7280 | best Score epoch: 23 
epoch 27, iter  951: loss: 0.0031 | load time: 0.0003 | back time: 0.8134 | lr: 0.00006031 | best AP50 acc: 0.8881 | best AP70 acc: 0.7831 | best mAP acc: 0.7280 | best mAR acc: 0.7832 | best Score: 0.7280 | best Score epoch: 23 
epoch 27, iter 1001: loss: 0.0032 | load time: 0.0002 | back time: 0.8153 | lr: 0.00006018 | best AP50 acc: 0.8881 | best AP70 acc: 0.7831 | best mAP acc: 0.7280 | best mAR acc: 0.7832 | best Score: 0.7280 | best Score epoch: 23 
epoch 27, iter 1051: loss: 0.0032 | load time: 0.0002 | back time: 0.8108 | lr: 0.00006004 | best AP50 acc: 0.8881 | best AP70 acc: 0.7831 | best mAP acc: 0.7280 | best mAR acc: 0.7832 | best Score: 0.7280 | best Score epoch: 23 
epoch 27, iter 1101: loss: 0.0032 | load time: 0.0002 | back time: 0.8116 | lr: 0.00005991 | best AP50 acc: 0.8881 | best AP70 acc: 0.7831 | best mAP acc: 0.7280 | best mAR acc: 0.7832 | best Score: 0.7280 | best Score epoch: 23 
epoch 27, iter 1151: loss: 0.0031 | load time: 0.0002 | back time: 0.8246 | lr: 0.00005978 | best AP50 acc: 0.8881 | best AP70 acc: 0.7831 | best mAP acc: 0.7280 | best mAR acc: 0.7832 | best Score: 0.7280 | best Score epoch: 23 
UAV_SEQS_2 | mAP50:90: 39.8106 | AP50: 71.8624 | AP70: 32.6726 
UAV_SEQS_37 | mAP50:90: 86.0527 | AP50: 100.0000 | AP70: 88.5502 
UAV_SEQS_45 | mAP50:90: 93.6027 | AP50: 100.0000 | AP70: 98.9868 
UAV_SEQS_47 | mAP50:90: 98.5070 | AP50: 100.0000 | AP70: 100.0000 
UAV_SEQS_55 | mAP50:90: 37.9110 | AP50: 64.5263 | AP70: 37.8313 
UAV_SEQS_59 | mAP50:90: 71.6322 | AP50: 95.8692 | AP70: 78.5186 
UAV_SEQS_6 | mAP50:90: 61.7929 | AP50: 80.5098 | AP70: 64.6272 
UAV_SEQS_63 | mAP50:90: 54.7859 | AP50: 100.0000 | AP70: 50.3247 
UAV_SEQS_65 | mAP50:90: 79.7572 | AP50: 93.9911 | AP70: 91.7787 
UAV_SEQS_7 | mAP50:90: 94.8971 | AP50: 100.0000 | AP70: 97.9457 
UAV_SEQS_71 | mAP50:90: 77.0051 | AP50: 97.3848 | AP70: 88.9319 
UAV_SEQS_73 | mAP50:90: 68.6591 | AP50: 89.3923 | AP70: 75.8944 
UAV_SEQS_74 | mAP50:90: 99.3217 | AP50: 100.0000 | AP70: 100.0000 
UAV_SEQS_77 | mAP50:90: 30.5227 | AP50: 44.9604 | AP70: 35.4216 
UAV_SEQS_8 | mAP50:90: 67.4783 | AP50: 100.0000 | AP70: 79.2615 
Overall            | mAP50:95: 72.1175 | AP50: 89.7361 | AP70: 76.7719 
epoch 28, iter    1: loss: 0.0031 | load time: 0.0036 | back time: 0.4244 | lr: 0.00005977 | best AP50 acc: 0.8881 | best AP70 acc: 0.7831 | best mAP acc: 0.7280 | best mAR acc: 0.7832 | best Score: 0.7280 | best Score epoch: 23 
epoch 28, iter   51: loss: 0.0031 | load time: 0.0001 | back time: 0.8055 | lr: 0.00005964 | best AP50 acc: 0.8881 | best AP70 acc: 0.7831 | best mAP acc: 0.7280 | best mAR acc: 0.7832 | best Score: 0.7280 | best Score epoch: 23 
epoch 28, iter  101: loss: 0.0032 | load time: 0.0002 | back time: 0.8131 | lr: 0.00005951 | best AP50 acc: 0.8881 | best AP70 acc: 0.7831 | best mAP acc: 0.7280 | best mAR acc: 0.7832 | best Score: 0.7280 | best Score epoch: 23 
epoch 28, iter  151: loss: 0.0031 | load time: 0.0002 | back time: 0.8157 | lr: 0.00005937 | best AP50 acc: 0.8881 | best AP70 acc: 0.7831 | best mAP acc: 0.7280 | best mAR acc: 0.7832 | best Score: 0.7280 | best Score epoch: 23 
epoch 28, iter  201: loss: 0.0031 | load time: 0.0001 | back time: 0.8188 | lr: 0.00005924 | best AP50 acc: 0.8881 | best AP70 acc: 0.7831 | best mAP acc: 0.7280 | best mAR acc: 0.7832 | best Score: 0.7280 | best Score epoch: 23 
epoch 28, iter  251: loss: 0.0031 | load time: 0.0003 | back time: 0.8170 | lr: 0.00005911 | best AP50 acc: 0.8881 | best AP70 acc: 0.7831 | best mAP acc: 0.7280 | best mAR acc: 0.7832 | best Score: 0.7280 | best Score epoch: 23 
epoch 28, iter  301: loss: 0.0031 | load time: 0.0002 | back time: 0.8151 | lr: 0.00005898 | best AP50 acc: 0.8881 | best AP70 acc: 0.7831 | best mAP acc: 0.7280 | best mAR acc: 0.7832 | best Score: 0.7280 | best Score epoch: 23 
epoch 28, iter  351: loss: 0.0032 | load time: 0.0002 | back time: 0.8202 | lr: 0.00005884 | best AP50 acc: 0.8881 | best AP70 acc: 0.7831 | best mAP acc: 0.7280 | best mAR acc: 0.7832 | best Score: 0.7280 | best Score epoch: 23 
epoch 28, iter  401: loss: 0.0033 | load time: 0.0002 | back time: 0.8149 | lr: 0.00005871 | best AP50 acc: 0.8881 | best AP70 acc: 0.7831 | best mAP acc: 0.7280 | best mAR acc: 0.7832 | best Score: 0.7280 | best Score epoch: 23 
epoch 28, iter  451: loss: 0.0031 | load time: 0.0002 | back time: 0.8037 | lr: 0.00005858 | best AP50 acc: 0.8881 | best AP70 acc: 0.7831 | best mAP acc: 0.7280 | best mAR acc: 0.7832 | best Score: 0.7280 | best Score epoch: 23 
epoch 28, iter  501: loss: 0.0031 | load time: 0.0001 | back time: 0.8100 | lr: 0.00005844 | best AP50 acc: 0.8881 | best AP70 acc: 0.7831 | best mAP acc: 0.7280 | best mAR acc: 0.7832 | best Score: 0.7280 | best Score epoch: 23 
epoch 28, iter  551: loss: 0.0031 | load time: 0.0002 | back time: 0.7943 | lr: 0.00005831 | best AP50 acc: 0.8881 | best AP70 acc: 0.7831 | best mAP acc: 0.7280 | best mAR acc: 0.7832 | best Score: 0.7280 | best Score epoch: 23 
epoch 28, iter  601: loss: 0.0028 | load time: 0.0002 | back time: 0.8134 | lr: 0.00005818 | best AP50 acc: 0.8881 | best AP70 acc: 0.7831 | best mAP acc: 0.7280 | best mAR acc: 0.7832 | best Score: 0.7280 | best Score epoch: 23 
epoch 28, iter  651: loss: 0.0031 | load time: 0.0002 | back time: 0.8119 | lr: 0.00005804 | best AP50 acc: 0.8881 | best AP70 acc: 0.7831 | best mAP acc: 0.7280 | best mAR acc: 0.7832 | best Score: 0.7280 | best Score epoch: 23 
epoch 28, iter  701: loss: 0.0033 | load time: 0.0002 | back time: 0.8277 | lr: 0.00005791 | best AP50 acc: 0.8881 | best AP70 acc: 0.7831 | best mAP acc: 0.7280 | best mAR acc: 0.7832 | best Score: 0.7280 | best Score epoch: 23 
epoch 28, iter  751: loss: 0.0031 | load time: 0.0002 | back time: 0.8155 | lr: 0.00005778 | best AP50 acc: 0.8881 | best AP70 acc: 0.7831 | best mAP acc: 0.7280 | best mAR acc: 0.7832 | best Score: 0.7280 | best Score epoch: 23 
epoch 28, iter  801: loss: 0.0031 | load time: 0.0001 | back time: 0.8029 | lr: 0.00005764 | best AP50 acc: 0.8881 | best AP70 acc: 0.7831 | best mAP acc: 0.7280 | best mAR acc: 0.7832 | best Score: 0.7280 | best Score epoch: 23 
epoch 28, iter  851: loss: 0.0031 | load time: 0.0002 | back time: 0.8121 | lr: 0.00005751 | best AP50 acc: 0.8881 | best AP70 acc: 0.7831 | best mAP acc: 0.7280 | best mAR acc: 0.7832 | best Score: 0.7280 | best Score epoch: 23 
epoch 28, iter  901: loss: 0.0032 | load time: 0.0002 | back time: 0.8032 | lr: 0.00005738 | best AP50 acc: 0.8881 | best AP70 acc: 0.7831 | best mAP acc: 0.7280 | best mAR acc: 0.7832 | best Score: 0.7280 | best Score epoch: 23 
epoch 28, iter  951: loss: 0.0031 | load time: 0.0003 | back time: 0.8138 | lr: 0.00005724 | best AP50 acc: 0.8881 | best AP70 acc: 0.7831 | best mAP acc: 0.7280 | best mAR acc: 0.7832 | best Score: 0.7280 | best Score epoch: 23 
epoch 28, iter 1001: loss: 0.0031 | load time: 0.0002 | back time: 0.8152 | lr: 0.00005711 | best AP50 acc: 0.8881 | best AP70 acc: 0.7831 | best mAP acc: 0.7280 | best mAR acc: 0.7832 | best Score: 0.7280 | best Score epoch: 23 
epoch 28, iter 1051: loss: 0.0030 | load time: 0.0002 | back time: 0.8158 | lr: 0.00005697 | best AP50 acc: 0.8881 | best AP70 acc: 0.7831 | best mAP acc: 0.7280 | best mAR acc: 0.7832 | best Score: 0.7280 | best Score epoch: 23 
epoch 28, iter 1101: loss: 0.0032 | load time: 0.0002 | back time: 0.8118 | lr: 0.00005684 | best AP50 acc: 0.8881 | best AP70 acc: 0.7831 | best mAP acc: 0.7280 | best mAR acc: 0.7832 | best Score: 0.7280 | best Score epoch: 23 
epoch 28, iter 1151: loss: 0.0030 | load time: 0.0001 | back time: 0.8011 | lr: 0.00005671 | best AP50 acc: 0.8881 | best AP70 acc: 0.7831 | best mAP acc: 0.7280 | best mAR acc: 0.7832 | best Score: 0.7280 | best Score epoch: 23 
UAV_SEQS_2 | mAP50:90: 31.9028 | AP50: 59.9805 | AP70: 28.8387 
UAV_SEQS_37 | mAP50:90: 89.8415 | AP50: 100.0000 | AP70: 94.7491 
UAV_SEQS_45 | mAP50:90: 91.3258 | AP50: 100.0000 | AP70: 97.3603 
UAV_SEQS_47 | mAP50:90: 96.6349 | AP50: 100.0000 | AP70: 98.9999 
UAV_SEQS_55 | mAP50:90: 44.8940 | AP50: 74.7278 | AP70: 43.6771 
UAV_SEQS_59 | mAP50:90: 70.3184 | AP50: 95.3690 | AP70: 78.6350 
UAV_SEQS_6 | mAP50:90: 62.3332 | AP50: 77.7032 | AP70: 69.0942 
UAV_SEQS_63 | mAP50:90: 25.2679 | AP50: 76.7320 | AP70: 8.6007 
UAV_SEQS_65 | mAP50:90: 75.1836 | AP50: 94.4341 | AP70: 91.7963 
UAV_SEQS_7 | mAP50:90: 96.7929 | AP50: 100.0000 | AP70: 100.0000 
UAV_SEQS_71 | mAP50:90: 72.2817 | AP50: 95.0352 | AP70: 83.4613 
UAV_SEQS_73 | mAP50:90: 69.6244 | AP50: 89.1577 | AP70: 79.5131 
UAV_SEQS_74 | mAP50:90: 99.0942 | AP50: 100.0000 | AP70: 100.0000 
UAV_SEQS_77 | mAP50:90: 27.0020 | AP50: 39.8593 | AP70: 34.7423 
UAV_SEQS_8 | mAP50:90: 83.7875 | AP50: 100.0000 | AP70: 85.3267 
Overall            | mAP50:95: 69.8684 | AP50: 88.3073 | AP70: 73.4526 
epoch 29, iter    1: loss: 0.0032 | load time: 0.0059 | back time: 0.4441 | lr: 0.00005670 | best AP50 acc: 0.8881 | best AP70 acc: 0.7831 | best mAP acc: 0.7280 | best mAR acc: 0.7832 | best Score: 0.7280 | best Score epoch: 23 
epoch 29, iter   51: loss: 0.0032 | load time: 0.0002 | back time: 0.8129 | lr: 0.00005657 | best AP50 acc: 0.8881 | best AP70 acc: 0.7831 | best mAP acc: 0.7280 | best mAR acc: 0.7832 | best Score: 0.7280 | best Score epoch: 23 
epoch 29, iter  101: loss: 0.0031 | load time: 0.0002 | back time: 0.7545 | lr: 0.00005643 | best AP50 acc: 0.8881 | best AP70 acc: 0.7831 | best mAP acc: 0.7280 | best mAR acc: 0.7832 | best Score: 0.7280 | best Score epoch: 23 
epoch 29, iter  151: loss: 0.0032 | load time: 0.0003 | back time: 0.8138 | lr: 0.00005630 | best AP50 acc: 0.8881 | best AP70 acc: 0.7831 | best mAP acc: 0.7280 | best mAR acc: 0.7832 | best Score: 0.7280 | best Score epoch: 23 
epoch 29, iter  201: loss: 0.0032 | load time: 0.0001 | back time: 0.8155 | lr: 0.00005617 | best AP50 acc: 0.8881 | best AP70 acc: 0.7831 | best mAP acc: 0.7280 | best mAR acc: 0.7832 | best Score: 0.7280 | best Score epoch: 23 
epoch 29, iter  251: loss: 0.0031 | load time: 0.0002 | back time: 0.8227 | lr: 0.00005603 | best AP50 acc: 0.8881 | best AP70 acc: 0.7831 | best mAP acc: 0.7280 | best mAR acc: 0.7832 | best Score: 0.7280 | best Score epoch: 23 
epoch 29, iter  301: loss: 0.0031 | load time: 0.0003 | back time: 0.8093 | lr: 0.00005590 | best AP50 acc: 0.8881 | best AP70 acc: 0.7831 | best mAP acc: 0.7280 | best mAR acc: 0.7832 | best Score: 0.7280 | best Score epoch: 23 
epoch 29, iter  351: loss: 0.0030 | load time: 0.0002 | back time: 0.8101 | lr: 0.00005576 | best AP50 acc: 0.8881 | best AP70 acc: 0.7831 | best mAP acc: 0.7280 | best mAR acc: 0.7832 | best Score: 0.7280 | best Score epoch: 23 
epoch 29, iter  401: loss: 0.0032 | load time: 0.0003 | back time: 0.8167 | lr: 0.00005563 | best AP50 acc: 0.8881 | best AP70 acc: 0.7831 | best mAP acc: 0.7280 | best mAR acc: 0.7832 | best Score: 0.7280 | best Score epoch: 23 
epoch 29, iter  451: loss: 0.0030 | load time: 0.0001 | back time: 0.8095 | lr: 0.00005549 | best AP50 acc: 0.8881 | best AP70 acc: 0.7831 | best mAP acc: 0.7280 | best mAR acc: 0.7832 | best Score: 0.7280 | best Score epoch: 23 
epoch 29, iter  501: loss: 0.0031 | load time: 0.0002 | back time: 0.8112 | lr: 0.00005536 | best AP50 acc: 0.8881 | best AP70 acc: 0.7831 | best mAP acc: 0.7280 | best mAR acc: 0.7832 | best Score: 0.7280 | best Score epoch: 23 
epoch 29, iter  551: loss: 0.0031 | load time: 0.0002 | back time: 0.8160 | lr: 0.00005523 | best AP50 acc: 0.8881 | best AP70 acc: 0.7831 | best mAP acc: 0.7280 | best mAR acc: 0.7832 | best Score: 0.7280 | best Score epoch: 23 
epoch 29, iter  601: loss: 0.0032 | load time: 0.0002 | back time: 0.8158 | lr: 0.00005509 | best AP50 acc: 0.8881 | best AP70 acc: 0.7831 | best mAP acc: 0.7280 | best mAR acc: 0.7832 | best Score: 0.7280 | best Score epoch: 23 
epoch 29, iter  651: loss: 0.0031 | load time: 0.0001 | back time: 0.8046 | lr: 0.00005496 | best AP50 acc: 0.8881 | best AP70 acc: 0.7831 | best mAP acc: 0.7280 | best mAR acc: 0.7832 | best Score: 0.7280 | best Score epoch: 23 
epoch 29, iter  701: loss: 0.0031 | load time: 0.0002 | back time: 0.8122 | lr: 0.00005482 | best AP50 acc: 0.8881 | best AP70 acc: 0.7831 | best mAP acc: 0.7280 | best mAR acc: 0.7832 | best Score: 0.7280 | best Score epoch: 23 
epoch 29, iter  751: loss: 0.0032 | load time: 0.0002 | back time: 0.8164 | lr: 0.00005469 | best AP50 acc: 0.8881 | best AP70 acc: 0.7831 | best mAP acc: 0.7280 | best mAR acc: 0.7832 | best Score: 0.7280 | best Score epoch: 23 
epoch 29, iter  801: loss: 0.0031 | load time: 0.0002 | back time: 0.8266 | lr: 0.00005455 | best AP50 acc: 0.8881 | best AP70 acc: 0.7831 | best mAP acc: 0.7280 | best mAR acc: 0.7832 | best Score: 0.7280 | best Score epoch: 23 
epoch 29, iter  851: loss: 0.0032 | load time: 0.0002 | back time: 0.8263 | lr: 0.00005442 | best AP50 acc: 0.8881 | best AP70 acc: 0.7831 | best mAP acc: 0.7280 | best mAR acc: 0.7832 | best Score: 0.7280 | best Score epoch: 23 
epoch 29, iter  901: loss: 0.0031 | load time: 0.0002 | back time: 0.8060 | lr: 0.00005428 | best AP50 acc: 0.8881 | best AP70 acc: 0.7831 | best mAP acc: 0.7280 | best mAR acc: 0.7832 | best Score: 0.7280 | best Score epoch: 23 
epoch 29, iter  951: loss: 0.0031 | load time: 0.0001 | back time: 0.8126 | lr: 0.00005415 | best AP50 acc: 0.8881 | best AP70 acc: 0.7831 | best mAP acc: 0.7280 | best mAR acc: 0.7832 | best Score: 0.7280 | best Score epoch: 23 
epoch 29, iter 1001: loss: 0.0031 | load time: 0.0001 | back time: 0.8161 | lr: 0.00005401 | best AP50 acc: 0.8881 | best AP70 acc: 0.7831 | best mAP acc: 0.7280 | best mAR acc: 0.7832 | best Score: 0.7280 | best Score epoch: 23 
epoch 29, iter 1051: loss: 0.0031 | load time: 0.0002 | back time: 0.8173 | lr: 0.00005388 | best AP50 acc: 0.8881 | best AP70 acc: 0.7831 | best mAP acc: 0.7280 | best mAR acc: 0.7832 | best Score: 0.7280 | best Score epoch: 23 
epoch 29, iter 1101: loss: 0.0031 | load time: 0.0002 | back time: 0.8092 | lr: 0.00005375 | best AP50 acc: 0.8881 | best AP70 acc: 0.7831 | best mAP acc: 0.7280 | best mAR acc: 0.7832 | best Score: 0.7280 | best Score epoch: 23 
epoch 29, iter 1151: loss: 0.0032 | load time: 0.0001 | back time: 0.8139 | lr: 0.00005361 | best AP50 acc: 0.8881 | best AP70 acc: 0.7831 | best mAP acc: 0.7280 | best mAR acc: 0.7832 | best Score: 0.7280 | best Score epoch: 23 
UAV_SEQS_2 | mAP50:90: 45.9126 | AP50: 72.7788 | AP70: 46.0072 
UAV_SEQS_37 | mAP50:90: 86.8879 | AP50: 100.0000 | AP70: 89.3715 
UAV_SEQS_45 | mAP50:90: 94.3368 | AP50: 100.0000 | AP70: 100.0000 
UAV_SEQS_47 | mAP50:90: 98.8055 | AP50: 100.0000 | AP70: 100.0000 
UAV_SEQS_55 | mAP50:90: 45.5611 | AP50: 66.8129 | AP70: 53.2708 
UAV_SEQS_59 | mAP50:90: 75.3507 | AP50: 95.3644 | AP70: 85.8616 
UAV_SEQS_6 | mAP50:90: 50.8815 | AP50: 76.8263 | AP70: 50.5679 
UAV_SEQS_63 | mAP50:90: 38.8843 | AP50: 89.3773 | AP70: 28.2289 
UAV_SEQS_65 | mAP50:90: 76.1431 | AP50: 95.0743 | AP70: 91.2382 
UAV_SEQS_7 | mAP50:90: 93.5450 | AP50: 100.0000 | AP70: 97.9482 
UAV_SEQS_71 | mAP50:90: 61.6332 | AP50: 94.0542 | AP70: 71.1109 
UAV_SEQS_73 | mAP50:90: 69.7121 | AP50: 91.0031 | AP70: 79.6014 
UAV_SEQS_74 | mAP50:90: 99.7408 | AP50: 100.0000 | AP70: 100.0000 
UAV_SEQS_77 | mAP50:90: 24.7428 | AP50: 39.7350 | AP70: 33.5127 
UAV_SEQS_8 | mAP50:90: 86.5063 | AP50: 100.0000 | AP70: 94.2344 
Overall            | mAP50:95: 71.4747 | AP50: 89.4053 | AP70: 77.1835 
epoch 30, iter    1: loss: 0.0031 | load time: 0.0043 | back time: 0.5110 | lr: 0.00005361 | best AP50 acc: 0.8881 | best AP70 acc: 0.7831 | best mAP acc: 0.7280 | best mAR acc: 0.7832 | best Score: 0.7280 | best Score epoch: 23 
epoch 30, iter   51: loss: 0.0031 | load time: 0.0001 | back time: 0.8113 | lr: 0.00005347 | best AP50 acc: 0.8881 | best AP70 acc: 0.7831 | best mAP acc: 0.7280 | best mAR acc: 0.7832 | best Score: 0.7280 | best Score epoch: 23 
epoch 30, iter  101: loss: 0.0029 | load time: 0.0001 | back time: 0.8056 | lr: 0.00005334 | best AP50 acc: 0.8881 | best AP70 acc: 0.7831 | best mAP acc: 0.7280 | best mAR acc: 0.7832 | best Score: 0.7280 | best Score epoch: 23 
epoch 30, iter  151: loss: 0.0032 | load time: 0.0001 | back time: 0.8148 | lr: 0.00005320 | best AP50 acc: 0.8881 | best AP70 acc: 0.7831 | best mAP acc: 0.7280 | best mAR acc: 0.7832 | best Score: 0.7280 | best Score epoch: 23 
epoch 30, iter  201: loss: 0.0031 | load time: 0.0002 | back time: 0.8215 | lr: 0.00005307 | best AP50 acc: 0.8881 | best AP70 acc: 0.7831 | best mAP acc: 0.7280 | best mAR acc: 0.7832 | best Score: 0.7280 | best Score epoch: 23 
epoch 30, iter  251: loss: 0.0031 | load time: 0.0002 | back time: 0.8085 | lr: 0.00005293 | best AP50 acc: 0.8881 | best AP70 acc: 0.7831 | best mAP acc: 0.7280 | best mAR acc: 0.7832 | best Score: 0.7280 | best Score epoch: 23 
epoch 30, iter  301: loss: 0.0030 | load time: 0.0002 | back time: 0.8154 | lr: 0.00005280 | best AP50 acc: 0.8881 | best AP70 acc: 0.7831 | best mAP acc: 0.7280 | best mAR acc: 0.7832 | best Score: 0.7280 | best Score epoch: 23 
epoch 30, iter  351: loss: 0.0031 | load time: 0.0002 | back time: 0.8174 | lr: 0.00005266 | best AP50 acc: 0.8881 | best AP70 acc: 0.7831 | best mAP acc: 0.7280 | best mAR acc: 0.7832 | best Score: 0.7280 | best Score epoch: 23 
epoch 30, iter  401: loss: 0.0032 | load time: 0.0002 | back time: 0.8176 | lr: 0.00005253 | best AP50 acc: 0.8881 | best AP70 acc: 0.7831 | best mAP acc: 0.7280 | best mAR acc: 0.7832 | best Score: 0.7280 | best Score epoch: 23 
epoch 30, iter  451: loss: 0.0031 | load time: 0.0003 | back time: 0.8070 | lr: 0.00005239 | best AP50 acc: 0.8881 | best AP70 acc: 0.7831 | best mAP acc: 0.7280 | best mAR acc: 0.7832 | best Score: 0.7280 | best Score epoch: 23 
epoch 30, iter  501: loss: 0.0031 | load time: 0.0002 | back time: 0.8126 | lr: 0.00005226 | best AP50 acc: 0.8881 | best AP70 acc: 0.7831 | best mAP acc: 0.7280 | best mAR acc: 0.7832 | best Score: 0.7280 | best Score epoch: 23 
epoch 30, iter  551: loss: 0.0031 | load time: 0.0003 | back time: 0.8171 | lr: 0.00005212 | best AP50 acc: 0.8881 | best AP70 acc: 0.7831 | best mAP acc: 0.7280 | best mAR acc: 0.7832 | best Score: 0.7280 | best Score epoch: 23 
epoch 30, iter  601: loss: 0.0031 | load time: 0.0003 | back time: 0.7988 | lr: 0.00005199 | best AP50 acc: 0.8881 | best AP70 acc: 0.7831 | best mAP acc: 0.7280 | best mAR acc: 0.7832 | best Score: 0.7280 | best Score epoch: 23 
epoch 30, iter  651: loss: 0.0030 | load time: 0.0002 | back time: 0.8130 | lr: 0.00005185 | best AP50 acc: 0.8881 | best AP70 acc: 0.7831 | best mAP acc: 0.7280 | best mAR acc: 0.7832 | best Score: 0.7280 | best Score epoch: 23 
epoch 30, iter  701: loss: 0.0029 | load time: 0.0002 | back time: 0.8165 | lr: 0.00005172 | best AP50 acc: 0.8881 | best AP70 acc: 0.7831 | best mAP acc: 0.7280 | best mAR acc: 0.7832 | best Score: 0.7280 | best Score epoch: 23 
epoch 30, iter  751: loss: 0.0032 | load time: 0.0001 | back time: 0.8173 | lr: 0.00005158 | best AP50 acc: 0.8881 | best AP70 acc: 0.7831 | best mAP acc: 0.7280 | best mAR acc: 0.7832 | best Score: 0.7280 | best Score epoch: 23 
epoch 30, iter  801: loss: 0.0032 | load time: 0.0003 | back time: 0.8070 | lr: 0.00005145 | best AP50 acc: 0.8881 | best AP70 acc: 0.7831 | best mAP acc: 0.7280 | best mAR acc: 0.7832 | best Score: 0.7280 | best Score epoch: 23 
epoch 30, iter  851: loss: 0.0032 | load time: 0.0001 | back time: 0.8164 | lr: 0.00005131 | best AP50 acc: 0.8881 | best AP70 acc: 0.7831 | best mAP acc: 0.7280 | best mAR acc: 0.7832 | best Score: 0.7280 | best Score epoch: 23 
epoch 30, iter  901: loss: 0.0031 | load time: 0.0003 | back time: 0.8121 | lr: 0.00005118 | best AP50 acc: 0.8881 | best AP70 acc: 0.7831 | best mAP acc: 0.7280 | best mAR acc: 0.7832 | best Score: 0.7280 | best Score epoch: 23 
epoch 30, iter  951: loss: 0.0031 | load time: 0.0004 | back time: 0.8060 | lr: 0.00005104 | best AP50 acc: 0.8881 | best AP70 acc: 0.7831 | best mAP acc: 0.7280 | best mAR acc: 0.7832 | best Score: 0.7280 | best Score epoch: 23 
epoch 30, iter 1001: loss: 0.0031 | load time: 0.0002 | back time: 0.8172 | lr: 0.00005091 | best AP50 acc: 0.8881 | best AP70 acc: 0.7831 | best mAP acc: 0.7280 | best mAR acc: 0.7832 | best Score: 0.7280 | best Score epoch: 23 
epoch 30, iter 1051: loss: 0.0030 | load time: 0.0002 | back time: 0.8308 | lr: 0.00005077 | best AP50 acc: 0.8881 | best AP70 acc: 0.7831 | best mAP acc: 0.7280 | best mAR acc: 0.7832 | best Score: 0.7280 | best Score epoch: 23 
epoch 30, iter 1101: loss: 0.0031 | load time: 0.0001 | back time: 0.8013 | lr: 0.00005064 | best AP50 acc: 0.8881 | best AP70 acc: 0.7831 | best mAP acc: 0.7280 | best mAR acc: 0.7832 | best Score: 0.7280 | best Score epoch: 23 
epoch 30, iter 1151: loss: 0.0030 | load time: 0.0001 | back time: 0.8112 | lr: 0.00005050 | best AP50 acc: 0.8881 | best AP70 acc: 0.7831 | best mAP acc: 0.7280 | best mAR acc: 0.7832 | best Score: 0.7280 | best Score epoch: 23 
UAV_SEQS_2 | mAP50:90: 40.0770 | AP50: 83.4839 | AP70: 29.6671 
UAV_SEQS_37 | mAP50:90: 88.3796 | AP50: 100.0000 | AP70: 91.9147 
UAV_SEQS_45 | mAP50:90: 93.4436 | AP50: 100.0000 | AP70: 97.7338 
UAV_SEQS_47 | mAP50:90: 98.2415 | AP50: 100.0000 | AP70: 100.0000 
UAV_SEQS_55 | mAP50:90: 41.1897 | AP50: 65.7621 | AP70: 39.0312 
UAV_SEQS_59 | mAP50:90: 69.4572 | AP50: 96.5413 | AP70: 74.7666 
UAV_SEQS_6 | mAP50:90: 58.2113 | AP50: 76.9836 | AP70: 58.9533 
UAV_SEQS_63 | mAP50:90: 53.9212 | AP50: 100.0000 | AP70: 53.4719 
UAV_SEQS_65 | mAP50:90: 76.7275 | AP50: 94.3607 | AP70: 93.2090 
UAV_SEQS_7 | mAP50:90: 94.8943 | AP50: 100.0000 | AP70: 97.9729 
UAV_SEQS_71 | mAP50:90: 70.7123 | AP50: 97.5929 | AP70: 76.4443 
UAV_SEQS_73 | mAP50:90: 70.6466 | AP50: 91.4876 | AP70: 78.1825 
UAV_SEQS_74 | mAP50:90: 99.0934 | AP50: 100.0000 | AP70: 100.0000 
UAV_SEQS_77 | mAP50:90: 24.1172 | AP50: 36.3154 | AP70: 30.0772 
UAV_SEQS_8 | mAP50:90: 80.7588 | AP50: 100.0000 | AP70: 87.2376 
Overall            | mAP50:95: 72.1301 | AP50: 90.8708 | AP70: 75.9165 
epoch 31, iter    1: loss: 0.0032 | load time: 0.0048 | back time: 0.4284 | lr: 0.00005050 | best AP50 acc: 0.8881 | best AP70 acc: 0.7831 | best mAP acc: 0.7280 | best mAR acc: 0.7832 | best Score: 0.7280 | best Score epoch: 23 
epoch 31, iter   51: loss: 0.0031 | load time: 0.0002 | back time: 0.8054 | lr: 0.00005036 | best AP50 acc: 0.8881 | best AP70 acc: 0.7831 | best mAP acc: 0.7280 | best mAR acc: 0.7832 | best Score: 0.7280 | best Score epoch: 23 
epoch 31, iter  101: loss: 0.0031 | load time: 0.0002 | back time: 0.8105 | lr: 0.00005023 | best AP50 acc: 0.8881 | best AP70 acc: 0.7831 | best mAP acc: 0.7280 | best mAR acc: 0.7832 | best Score: 0.7280 | best Score epoch: 23 
epoch 31, iter  151: loss: 0.0031 | load time: 0.0001 | back time: 0.8126 | lr: 0.00005009 | best AP50 acc: 0.8881 | best AP70 acc: 0.7831 | best mAP acc: 0.7280 | best mAR acc: 0.7832 | best Score: 0.7280 | best Score epoch: 23 
epoch 31, iter  201: loss: 0.0031 | load time: 0.0002 | back time: 0.8115 | lr: 0.00004996 | best AP50 acc: 0.8881 | best AP70 acc: 0.7831 | best mAP acc: 0.7280 | best mAR acc: 0.7832 | best Score: 0.7280 | best Score epoch: 23 
epoch 31, iter  251: loss: 0.0029 | load time: 0.0002 | back time: 0.8303 | lr: 0.00004982 | best AP50 acc: 0.8881 | best AP70 acc: 0.7831 | best mAP acc: 0.7280 | best mAR acc: 0.7832 | best Score: 0.7280 | best Score epoch: 23 
epoch 31, iter  301: loss: 0.0032 | load time: 0.0001 | back time: 0.8235 | lr: 0.00004969 | best AP50 acc: 0.8881 | best AP70 acc: 0.7831 | best mAP acc: 0.7280 | best mAR acc: 0.7832 | best Score: 0.7280 | best Score epoch: 23 
epoch 31, iter  351: loss: 0.0031 | load time: 0.0002 | back time: 0.8030 | lr: 0.00004955 | best AP50 acc: 0.8881 | best AP70 acc: 0.7831 | best mAP acc: 0.7280 | best mAR acc: 0.7832 | best Score: 0.7280 | best Score epoch: 23 
epoch 31, iter  401: loss: 0.0032 | load time: 0.0002 | back time: 0.8138 | lr: 0.00004942 | best AP50 acc: 0.8881 | best AP70 acc: 0.7831 | best mAP acc: 0.7280 | best mAR acc: 0.7832 | best Score: 0.7280 | best Score epoch: 23 
epoch 31, iter  451: loss: 0.0031 | load time: 0.0002 | back time: 0.8216 | lr: 0.00004928 | best AP50 acc: 0.8881 | best AP70 acc: 0.7831 | best mAP acc: 0.7280 | best mAR acc: 0.7832 | best Score: 0.7280 | best Score epoch: 23 
epoch 31, iter  501: loss: 0.0030 | load time: 0.0002 | back time: 0.8139 | lr: 0.00004915 | best AP50 acc: 0.8881 | best AP70 acc: 0.7831 | best mAP acc: 0.7280 | best mAR acc: 0.7832 | best Score: 0.7280 | best Score epoch: 23 
epoch 31, iter  551: loss: 0.0030 | load time: 0.0001 | back time: 0.8189 | lr: 0.00004901 | best AP50 acc: 0.8881 | best AP70 acc: 0.7831 | best mAP acc: 0.7280 | best mAR acc: 0.7832 | best Score: 0.7280 | best Score epoch: 23 
epoch 31, iter  601: loss: 0.0032 | load time: 0.0002 | back time: 0.8171 | lr: 0.00004888 | best AP50 acc: 0.8881 | best AP70 acc: 0.7831 | best mAP acc: 0.7280 | best mAR acc: 0.7832 | best Score: 0.7280 | best Score epoch: 23 
epoch 31, iter  651: loss: 0.0031 | load time: 0.0002 | back time: 0.8177 | lr: 0.00004874 | best AP50 acc: 0.8881 | best AP70 acc: 0.7831 | best mAP acc: 0.7280 | best mAR acc: 0.7832 | best Score: 0.7280 | best Score epoch: 23 
epoch 31, iter  701: loss: 0.0031 | load time: 0.0002 | back time: 0.8095 | lr: 0.00004861 | best AP50 acc: 0.8881 | best AP70 acc: 0.7831 | best mAP acc: 0.7280 | best mAR acc: 0.7832 | best Score: 0.7280 | best Score epoch: 23 
epoch 31, iter  751: loss: 0.0032 | load time: 0.0002 | back time: 0.8146 | lr: 0.00004847 | best AP50 acc: 0.8881 | best AP70 acc: 0.7831 | best mAP acc: 0.7280 | best mAR acc: 0.7832 | best Score: 0.7280 | best Score epoch: 23 
epoch 31, iter  801: loss: 0.0031 | load time: 0.0002 | back time: 0.8176 | lr: 0.00004834 | best AP50 acc: 0.8881 | best AP70 acc: 0.7831 | best mAP acc: 0.7280 | best mAR acc: 0.7832 | best Score: 0.7280 | best Score epoch: 23 
epoch 31, iter  851: loss: 0.0031 | load time: 0.0001 | back time: 0.7994 | lr: 0.00004820 | best AP50 acc: 0.8881 | best AP70 acc: 0.7831 | best mAP acc: 0.7280 | best mAR acc: 0.7832 | best Score: 0.7280 | best Score epoch: 23 
epoch 31, iter  901: loss: 0.0032 | load time: 0.0002 | back time: 0.8131 | lr: 0.00004807 | best AP50 acc: 0.8881 | best AP70 acc: 0.7831 | best mAP acc: 0.7280 | best mAR acc: 0.7832 | best Score: 0.7280 | best Score epoch: 23 
epoch 31, iter  951: loss: 0.0032 | load time: 0.0002 | back time: 0.8148 | lr: 0.00004793 | best AP50 acc: 0.8881 | best AP70 acc: 0.7831 | best mAP acc: 0.7280 | best mAR acc: 0.7832 | best Score: 0.7280 | best Score epoch: 23 
epoch 31, iter 1001: loss: 0.0032 | load time: 0.0002 | back time: 0.8163 | lr: 0.00004780 | best AP50 acc: 0.8881 | best AP70 acc: 0.7831 | best mAP acc: 0.7280 | best mAR acc: 0.7832 | best Score: 0.7280 | best Score epoch: 23 
epoch 31, iter 1051: loss: 0.0032 | load time: 0.0003 | back time: 0.8166 | lr: 0.00004766 | best AP50 acc: 0.8881 | best AP70 acc: 0.7831 | best mAP acc: 0.7280 | best mAR acc: 0.7832 | best Score: 0.7280 | best Score epoch: 23 
epoch 31, iter 1101: loss: 0.0032 | load time: 0.0001 | back time: 0.7506 | lr: 0.00004753 | best AP50 acc: 0.8881 | best AP70 acc: 0.7831 | best mAP acc: 0.7280 | best mAR acc: 0.7832 | best Score: 0.7280 | best Score epoch: 23 
epoch 31, iter 1151: loss: 0.0031 | load time: 0.0001 | back time: 0.8265 | lr: 0.00004739 | best AP50 acc: 0.8881 | best AP70 acc: 0.7831 | best mAP acc: 0.7280 | best mAR acc: 0.7832 | best Score: 0.7280 | best Score epoch: 23 
UAV_SEQS_2 | mAP50:90: 39.9380 | AP50: 77.7175 | AP70: 34.5549 
UAV_SEQS_37 | mAP50:90: 87.8032 | AP50: 100.0000 | AP70: 88.6039 
UAV_SEQS_45 | mAP50:90: 91.8043 | AP50: 100.0000 | AP70: 98.7697 
UAV_SEQS_47 | mAP50:90: 93.8215 | AP50: 100.0000 | AP70: 98.9764 
UAV_SEQS_55 | mAP50:90: 40.8682 | AP50: 64.1152 | AP70: 43.9033 
UAV_SEQS_59 | mAP50:90: 73.6493 | AP50: 96.2452 | AP70: 82.0492 
UAV_SEQS_6 | mAP50:90: 55.8672 | AP50: 77.0966 | AP70: 57.0047 
UAV_SEQS_63 | mAP50:90: 37.3489 | AP50: 90.3705 | AP70: 18.0058 
UAV_SEQS_65 | mAP50:90: 79.5538 | AP50: 94.9233 | AP70: 91.4756 
UAV_SEQS_7 | mAP50:90: 93.9556 | AP50: 100.0000 | AP70: 97.8800 
UAV_SEQS_71 | mAP50:90: 75.8037 | AP50: 96.4001 | AP70: 85.4307 
UAV_SEQS_73 | mAP50:90: 73.4809 | AP50: 91.7184 | AP70: 82.6138 
UAV_SEQS_74 | mAP50:90: 98.7503 | AP50: 100.0000 | AP70: 100.0000 
UAV_SEQS_77 | mAP50:90: 28.9699 | AP50: 43.0300 | AP70: 38.4101 
UAV_SEQS_8 | mAP50:90: 86.0653 | AP50: 100.0000 | AP70: 97.4217 
Overall            | mAP50:95: 71.2897 | AP50: 89.5860 | AP70: 75.8171 
epoch 32, iter    1: loss: 0.0031 | load time: 0.0043 | back time: 0.4914 | lr: 0.00004739 | best AP50 acc: 0.8881 | best AP70 acc: 0.7831 | best mAP acc: 0.7280 | best mAR acc: 0.7832 | best Score: 0.7280 | best Score epoch: 23 
epoch 32, iter   51: loss: 0.0031 | load time: 0.0001 | back time: 0.8237 | lr: 0.00004725 | best AP50 acc: 0.8881 | best AP70 acc: 0.7831 | best mAP acc: 0.7280 | best mAR acc: 0.7832 | best Score: 0.7280 | best Score epoch: 23 
epoch 32, iter  101: loss: 0.0032 | load time: 0.0003 | back time: 0.8137 | lr: 0.00004712 | best AP50 acc: 0.8881 | best AP70 acc: 0.7831 | best mAP acc: 0.7280 | best mAR acc: 0.7832 | best Score: 0.7280 | best Score epoch: 23 
epoch 32, iter  151: loss: 0.0031 | load time: 0.0003 | back time: 0.8117 | lr: 0.00004699 | best AP50 acc: 0.8881 | best AP70 acc: 0.7831 | best mAP acc: 0.7280 | best mAR acc: 0.7832 | best Score: 0.7280 | best Score epoch: 23 
epoch 32, iter  201: loss: 0.0032 | load time: 0.0002 | back time: 0.8275 | lr: 0.00004685 | best AP50 acc: 0.8881 | best AP70 acc: 0.7831 | best mAP acc: 0.7280 | best mAR acc: 0.7832 | best Score: 0.7280 | best Score epoch: 23 
epoch 32, iter  251: loss: 0.0032 | load time: 0.0002 | back time: 0.8033 | lr: 0.00004672 | best AP50 acc: 0.8881 | best AP70 acc: 0.7831 | best mAP acc: 0.7280 | best mAR acc: 0.7832 | best Score: 0.7280 | best Score epoch: 23 
epoch 32, iter  301: loss: 0.0031 | load time: 0.0002 | back time: 0.8105 | lr: 0.00004658 | best AP50 acc: 0.8881 | best AP70 acc: 0.7831 | best mAP acc: 0.7280 | best mAR acc: 0.7832 | best Score: 0.7280 | best Score epoch: 23 
epoch 32, iter  351: loss: 0.0032 | load time: 0.0002 | back time: 0.8171 | lr: 0.00004645 | best AP50 acc: 0.8881 | best AP70 acc: 0.7831 | best mAP acc: 0.7280 | best mAR acc: 0.7832 | best Score: 0.7280 | best Score epoch: 23 
epoch 32, iter  401: loss: 0.0031 | load time: 0.0002 | back time: 0.8181 | lr: 0.00004631 | best AP50 acc: 0.8881 | best AP70 acc: 0.7831 | best mAP acc: 0.7280 | best mAR acc: 0.7832 | best Score: 0.7280 | best Score epoch: 23 
epoch 32, iter  451: loss: 0.0031 | load time: 0.0002 | back time: 0.8038 | lr: 0.00004618 | best AP50 acc: 0.8881 | best AP70 acc: 0.7831 | best mAP acc: 0.7280 | best mAR acc: 0.7832 | best Score: 0.7280 | best Score epoch: 23 
epoch 32, iter  501: loss: 0.0029 | load time: 0.0002 | back time: 0.8151 | lr: 0.00004604 | best AP50 acc: 0.8881 | best AP70 acc: 0.7831 | best mAP acc: 0.7280 | best mAR acc: 0.7832 | best Score: 0.7280 | best Score epoch: 23 
epoch 32, iter  551: loss: 0.0031 | load time: 0.0002 | back time: 0.8153 | lr: 0.00004591 | best AP50 acc: 0.8881 | best AP70 acc: 0.7831 | best mAP acc: 0.7280 | best mAR acc: 0.7832 | best Score: 0.7280 | best Score epoch: 23 
epoch 32, iter  601: loss: 0.0031 | load time: 0.0002 | back time: 0.8075 | lr: 0.00004577 | best AP50 acc: 0.8881 | best AP70 acc: 0.7831 | best mAP acc: 0.7280 | best mAR acc: 0.7832 | best Score: 0.7280 | best Score epoch: 23 
epoch 32, iter  651: loss: 0.0031 | load time: 0.0002 | back time: 0.8279 | lr: 0.00004564 | best AP50 acc: 0.8881 | best AP70 acc: 0.7831 | best mAP acc: 0.7280 | best mAR acc: 0.7832 | best Score: 0.7280 | best Score epoch: 23 
epoch 32, iter  701: loss: 0.0031 | load time: 0.0001 | back time: 0.8094 | lr: 0.00004551 | best AP50 acc: 0.8881 | best AP70 acc: 0.7831 | best mAP acc: 0.7280 | best mAR acc: 0.7832 | best Score: 0.7280 | best Score epoch: 23 
epoch 32, iter  751: loss: 0.0031 | load time: 0.0002 | back time: 0.8165 | lr: 0.00004537 | best AP50 acc: 0.8881 | best AP70 acc: 0.7831 | best mAP acc: 0.7280 | best mAR acc: 0.7832 | best Score: 0.7280 | best Score epoch: 23 
epoch 32, iter  801: loss: 0.0032 | load time: 0.0002 | back time: 0.8220 | lr: 0.00004524 | best AP50 acc: 0.8881 | best AP70 acc: 0.7831 | best mAP acc: 0.7280 | best mAR acc: 0.7832 | best Score: 0.7280 | best Score epoch: 23 
epoch 32, iter  851: loss: 0.0031 | load time: 0.0002 | back time: 0.7922 | lr: 0.00004510 | best AP50 acc: 0.8881 | best AP70 acc: 0.7831 | best mAP acc: 0.7280 | best mAR acc: 0.7832 | best Score: 0.7280 | best Score epoch: 23 
epoch 32, iter  901: loss: 0.0032 | load time: 0.0002 | back time: 0.8120 | lr: 0.00004497 | best AP50 acc: 0.8881 | best AP70 acc: 0.7831 | best mAP acc: 0.7280 | best mAR acc: 0.7832 | best Score: 0.7280 | best Score epoch: 23 
epoch 32, iter  951: loss: 0.0032 | load time: 0.0003 | back time: 0.8158 | lr: 0.00004483 | best AP50 acc: 0.8881 | best AP70 acc: 0.7831 | best mAP acc: 0.7280 | best mAR acc: 0.7832 | best Score: 0.7280 | best Score epoch: 23 
epoch 32, iter 1001: loss: 0.0031 | load time: 0.0002 | back time: 0.8164 | lr: 0.00004470 | best AP50 acc: 0.8881 | best AP70 acc: 0.7831 | best mAP acc: 0.7280 | best mAR acc: 0.7832 | best Score: 0.7280 | best Score epoch: 23 
epoch 32, iter 1051: loss: 0.0031 | load time: 0.0002 | back time: 0.8027 | lr: 0.00004457 | best AP50 acc: 0.8881 | best AP70 acc: 0.7831 | best mAP acc: 0.7280 | best mAR acc: 0.7832 | best Score: 0.7280 | best Score epoch: 23 
epoch 32, iter 1101: loss: 0.0032 | load time: 0.0001 | back time: 0.8149 | lr: 0.00004443 | best AP50 acc: 0.8881 | best AP70 acc: 0.7831 | best mAP acc: 0.7280 | best mAR acc: 0.7832 | best Score: 0.7280 | best Score epoch: 23 
epoch 32, iter 1151: loss: 0.0031 | load time: 0.0001 | back time: 0.8166 | lr: 0.00004430 | best AP50 acc: 0.8881 | best AP70 acc: 0.7831 | best mAP acc: 0.7280 | best mAR acc: 0.7832 | best Score: 0.7280 | best Score epoch: 23 
UAV_SEQS_2 | mAP50:90: 32.9765 | AP50: 67.5720 | AP70: 25.2555 
UAV_SEQS_37 | mAP50:90: 83.7783 | AP50: 100.0000 | AP70: 85.6356 
UAV_SEQS_45 | mAP50:90: 93.4307 | AP50: 100.0000 | AP70: 97.7637 
UAV_SEQS_47 | mAP50:90: 98.1550 | AP50: 100.0000 | AP70: 100.0000 
UAV_SEQS_55 | mAP50:90: 39.9029 | AP50: 66.5881 | AP70: 39.0020 
UAV_SEQS_59 | mAP50:90: 75.1701 | AP50: 97.4266 | AP70: 81.3847 
UAV_SEQS_6 | mAP50:90: 54.3248 | AP50: 75.5432 | AP70: 55.4601 
UAV_SEQS_63 | mAP50:90: 57.5431 | AP50: 100.0000 | AP70: 60.4939 
UAV_SEQS_65 | mAP50:90: 78.5856 | AP50: 94.3036 | AP70: 91.8779 
UAV_SEQS_7 | mAP50:90: 95.0411 | AP50: 100.0000 | AP70: 97.9592 
UAV_SEQS_71 | mAP50:90: 71.6581 | AP50: 96.4941 | AP70: 78.4156 
UAV_SEQS_73 | mAP50:90: 69.5418 | AP50: 91.5727 | AP70: 78.5634 
UAV_SEQS_74 | mAP50:90: 99.6540 | AP50: 100.0000 | AP70: 100.0000 
UAV_SEQS_77 | mAP50:90: 32.6783 | AP50: 45.4796 | AP70: 43.6475 
UAV_SEQS_8 | mAP50:90: 79.6146 | AP50: 100.0000 | AP70: 86.8647 
Overall            | mAP50:95: 71.7093 | AP50: 89.7516 | AP70: 76.0633 
epoch 33, iter    1: loss: 0.0031 | load time: 0.0039 | back time: 0.4556 | lr: 0.00004429 | best AP50 acc: 0.8881 | best AP70 acc: 0.7831 | best mAP acc: 0.7280 | best mAR acc: 0.7832 | best Score: 0.7280 | best Score epoch: 23 
epoch 33, iter   51: loss: 0.0030 | load time: 0.0002 | back time: 0.8013 | lr: 0.00004416 | best AP50 acc: 0.8881 | best AP70 acc: 0.7831 | best mAP acc: 0.7280 | best mAR acc: 0.7832 | best Score: 0.7280 | best Score epoch: 23 
epoch 33, iter  101: loss: 0.0031 | load time: 0.0003 | back time: 0.8131 | lr: 0.00004403 | best AP50 acc: 0.8881 | best AP70 acc: 0.7831 | best mAP acc: 0.7280 | best mAR acc: 0.7832 | best Score: 0.7280 | best Score epoch: 23 
epoch 33, iter  151: loss: 0.0031 | load time: 0.0003 | back time: 0.8103 | lr: 0.00004389 | best AP50 acc: 0.8881 | best AP70 acc: 0.7831 | best mAP acc: 0.7280 | best mAR acc: 0.7832 | best Score: 0.7280 | best Score epoch: 23 
epoch 33, iter  201: loss: 0.0032 | load time: 0.0003 | back time: 0.8107 | lr: 0.00004376 | best AP50 acc: 0.8881 | best AP70 acc: 0.7831 | best mAP acc: 0.7280 | best mAR acc: 0.7832 | best Score: 0.7280 | best Score epoch: 23 
epoch 33, iter  251: loss: 0.0031 | load time: 0.0001 | back time: 0.8226 | lr: 0.00004362 | best AP50 acc: 0.8881 | best AP70 acc: 0.7831 | best mAP acc: 0.7280 | best mAR acc: 0.7832 | best Score: 0.7280 | best Score epoch: 23 
epoch 33, iter  301: loss: 0.0032 | load time: 0.0002 | back time: 0.8166 | lr: 0.00004349 | best AP50 acc: 0.8881 | best AP70 acc: 0.7831 | best mAP acc: 0.7280 | best mAR acc: 0.7832 | best Score: 0.7280 | best Score epoch: 23 
epoch 33, iter  351: loss: 0.0031 | load time: 0.0002 | back time: 0.8120 | lr: 0.00004336 | best AP50 acc: 0.8881 | best AP70 acc: 0.7831 | best mAP acc: 0.7280 | best mAR acc: 0.7832 | best Score: 0.7280 | best Score epoch: 23 
epoch 33, iter  401: loss: 0.0031 | load time: 0.0002 | back time: 0.8095 | lr: 0.00004322 | best AP50 acc: 0.8881 | best AP70 acc: 0.7831 | best mAP acc: 0.7280 | best mAR acc: 0.7832 | best Score: 0.7280 | best Score epoch: 23 
epoch 33, iter  451: loss: 0.0032 | load time: 0.0001 | back time: 0.8154 | lr: 0.00004309 | best AP50 acc: 0.8881 | best AP70 acc: 0.7831 | best mAP acc: 0.7280 | best mAR acc: 0.7832 | best Score: 0.7280 | best Score epoch: 23 
epoch 33, iter  501: loss: 0.0031 | load time: 0.0001 | back time: 0.8188 | lr: 0.00004296 | best AP50 acc: 0.8881 | best AP70 acc: 0.7831 | best mAP acc: 0.7280 | best mAR acc: 0.7832 | best Score: 0.7280 | best Score epoch: 23 
epoch 33, iter  551: loss: 0.0032 | load time: 0.0003 | back time: 0.7756 | lr: 0.00004282 | best AP50 acc: 0.8881 | best AP70 acc: 0.7831 | best mAP acc: 0.7280 | best mAR acc: 0.7832 | best Score: 0.7280 | best Score epoch: 23 
epoch 33, iter  601: loss: 0.0032 | load time: 0.0001 | back time: 0.8151 | lr: 0.00004269 | best AP50 acc: 0.8881 | best AP70 acc: 0.7831 | best mAP acc: 0.7280 | best mAR acc: 0.7832 | best Score: 0.7280 | best Score epoch: 23 
epoch 33, iter  651: loss: 0.0031 | load time: 0.0004 | back time: 0.8207 | lr: 0.00004256 | best AP50 acc: 0.8881 | best AP70 acc: 0.7831 | best mAP acc: 0.7280 | best mAR acc: 0.7832 | best Score: 0.7280 | best Score epoch: 23 
epoch 33, iter  701: loss: 0.0029 | load time: 0.0002 | back time: 0.8182 | lr: 0.00004242 | best AP50 acc: 0.8881 | best AP70 acc: 0.7831 | best mAP acc: 0.7280 | best mAR acc: 0.7832 | best Score: 0.7280 | best Score epoch: 23 
epoch 33, iter  751: loss: 0.0031 | load time: 0.0002 | back time: 0.8296 | lr: 0.00004229 | best AP50 acc: 0.8881 | best AP70 acc: 0.7831 | best mAP acc: 0.7280 | best mAR acc: 0.7832 | best Score: 0.7280 | best Score epoch: 23 
epoch 33, iter  801: loss: 0.0031 | load time: 0.0001 | back time: 0.8331 | lr: 0.00004216 | best AP50 acc: 0.8881 | best AP70 acc: 0.7831 | best mAP acc: 0.7280 | best mAR acc: 0.7832 | best Score: 0.7280 | best Score epoch: 23 
epoch 33, iter  851: loss: 0.0031 | load time: 0.0002 | back time: 0.8179 | lr: 0.00004202 | best AP50 acc: 0.8881 | best AP70 acc: 0.7831 | best mAP acc: 0.7280 | best mAR acc: 0.7832 | best Score: 0.7280 | best Score epoch: 23 
epoch 33, iter  901: loss: 0.0031 | load time: 0.0002 | back time: 0.8083 | lr: 0.00004189 | best AP50 acc: 0.8881 | best AP70 acc: 0.7831 | best mAP acc: 0.7280 | best mAR acc: 0.7832 | best Score: 0.7280 | best Score epoch: 23 
epoch 33, iter  951: loss: 0.0031 | load time: 0.0002 | back time: 0.8093 | lr: 0.00004176 | best AP50 acc: 0.8881 | best AP70 acc: 0.7831 | best mAP acc: 0.7280 | best mAR acc: 0.7832 | best Score: 0.7280 | best Score epoch: 23 
epoch 33, iter 1001: loss: 0.0031 | load time: 0.0003 | back time: 0.8188 | lr: 0.00004163 | best AP50 acc: 0.8881 | best AP70 acc: 0.7831 | best mAP acc: 0.7280 | best mAR acc: 0.7832 | best Score: 0.7280 | best Score epoch: 23 
epoch 33, iter 1051: loss: 0.0031 | load time: 0.0004 | back time: 0.7950 | lr: 0.00004149 | best AP50 acc: 0.8881 | best AP70 acc: 0.7831 | best mAP acc: 0.7280 | best mAR acc: 0.7832 | best Score: 0.7280 | best Score epoch: 23 
epoch 33, iter 1101: loss: 0.0031 | load time: 0.0002 | back time: 0.8095 | lr: 0.00004136 | best AP50 acc: 0.8881 | best AP70 acc: 0.7831 | best mAP acc: 0.7280 | best mAR acc: 0.7832 | best Score: 0.7280 | best Score epoch: 23 
epoch 33, iter 1151: loss: 0.0030 | load time: 0.0001 | back time: 0.8157 | lr: 0.00004123 | best AP50 acc: 0.8881 | best AP70 acc: 0.7831 | best mAP acc: 0.7280 | best mAR acc: 0.7832 | best Score: 0.7280 | best Score epoch: 23 
UAV_SEQS_2 | mAP50:90: 36.7445 | AP50: 71.2781 | AP70: 29.8087 
UAV_SEQS_37 | mAP50:90: 85.2409 | AP50: 100.0000 | AP70: 87.9293 
UAV_SEQS_45 | mAP50:90: 92.7933 | AP50: 100.0000 | AP70: 98.7386 
UAV_SEQS_47 | mAP50:90: 96.7364 | AP50: 100.0000 | AP70: 100.0000 
UAV_SEQS_55 | mAP50:90: 42.2436 | AP50: 67.3318 | AP70: 44.9177 
UAV_SEQS_59 | mAP50:90: 75.5304 | AP50: 96.5143 | AP70: 79.2475 
UAV_SEQS_6 | mAP50:90: 55.9259 | AP50: 72.4765 | AP70: 57.8404 
UAV_SEQS_63 | mAP50:90: 34.7456 | AP50: 87.3159 | AP70: 14.2399 
UAV_SEQS_65 | mAP50:90: 77.5040 | AP50: 94.3838 | AP70: 91.9537 
UAV_SEQS_7 | mAP50:90: 96.7938 | AP50: 100.0000 | AP70: 100.0000 
UAV_SEQS_71 | mAP50:90: 74.2284 | AP50: 97.5084 | AP70: 83.4186 
UAV_SEQS_73 | mAP50:90: 70.7245 | AP50: 90.3312 | AP70: 79.9128 
UAV_SEQS_74 | mAP50:90: 99.4623 | AP50: 100.0000 | AP70: 100.0000 
UAV_SEQS_77 | mAP50:90: 28.9507 | AP50: 41.0998 | AP70: 35.8631 
UAV_SEQS_8 | mAP50:90: 75.8100 | AP50: 100.0000 | AP70: 86.5545 
Overall            | mAP50:95: 69.6460 | AP50: 89.3594 | AP70: 72.8262 
