epoch  1, iter    1: loss: 0.5537 | load time: 0.0292 | back time: 1.5571 | lr: 0.00000012 | best AP50 acc: 0.0000 | best AP70 acc: 0.0000 | best mAP acc: 0.0000 | best mAR acc: 0.0000 | best Score: 0.0000 | best Score epoch: -1 
epoch  1, iter   51: loss: 0.4012 | load time: 0.0001 | back time: 0.7252 | lr: 0.00000098 | best AP50 acc: 0.0000 | best AP70 acc: 0.0000 | best mAP acc: 0.0000 | best mAR acc: 0.0000 | best Score: 0.0000 | best Score epoch: -1 
epoch  1, iter  101: loss: 0.2283 | load time: 0.0002 | back time: 0.7324 | lr: 0.00000185 | best AP50 acc: 0.0000 | best AP70 acc: 0.0000 | best mAP acc: 0.0000 | best mAR acc: 0.0000 | best Score: 0.0000 | best Score epoch: -1 
epoch  1, iter  151: loss: 0.1064 | load time: 0.0002 | back time: 0.7340 | lr: 0.00000272 | best AP50 acc: 0.0000 | best AP70 acc: 0.0000 | best mAP acc: 0.0000 | best mAR acc: 0.0000 | best Score: 0.0000 | best Score epoch: -1 
epoch  1, iter  201: loss: 0.0644 | load time: 0.0002 | back time: 0.7365 | lr: 0.00000359 | best AP50 acc: 0.0000 | best AP70 acc: 0.0000 | best mAP acc: 0.0000 | best mAR acc: 0.0000 | best Score: 0.0000 | best Score epoch: -1 
epoch  1, iter  251: loss: 0.0505 | load time: 0.0002 | back time: 0.7388 | lr: 0.00000445 | best AP50 acc: 0.0000 | best AP70 acc: 0.0000 | best mAP acc: 0.0000 | best mAR acc: 0.0000 | best Score: 0.0000 | best Score epoch: -1 
epoch  1, iter  301: loss: 0.0403 | load time: 0.0001 | back time: 0.7364 | lr: 0.00000532 | best AP50 acc: 0.0000 | best AP70 acc: 0.0000 | best mAP acc: 0.0000 | best mAR acc: 0.0000 | best Score: 0.0000 | best Score epoch: -1 
epoch  1, iter  351: loss: 0.0347 | load time: 0.0002 | back time: 0.7348 | lr: 0.00000619 | best AP50 acc: 0.0000 | best AP70 acc: 0.0000 | best mAP acc: 0.0000 | best mAR acc: 0.0000 | best Score: 0.0000 | best Score epoch: -1 
epoch  1, iter  401: loss: 0.0302 | load time: 0.0002 | back time: 0.7362 | lr: 0.00000705 | best AP50 acc: 0.0000 | best AP70 acc: 0.0000 | best mAP acc: 0.0000 | best mAR acc: 0.0000 | best Score: 0.0000 | best Score epoch: -1 
epoch  1, iter  451: loss: 0.0256 | load time: 0.0001 | back time: 0.7360 | lr: 0.00000792 | best AP50 acc: 0.0000 | best AP70 acc: 0.0000 | best mAP acc: 0.0000 | best mAR acc: 0.0000 | best Score: 0.0000 | best Score epoch: -1 
epoch  1, iter  501: loss: 0.0228 | load time: 0.0001 | back time: 0.7353 | lr: 0.00000879 | best AP50 acc: 0.0000 | best AP70 acc: 0.0000 | best mAP acc: 0.0000 | best mAR acc: 0.0000 | best Score: 0.0000 | best Score epoch: -1 
epoch  1, iter  551: loss: 0.0207 | load time: 0.0002 | back time: 0.7360 | lr: 0.00000966 | best AP50 acc: 0.0000 | best AP70 acc: 0.0000 | best mAP acc: 0.0000 | best mAR acc: 0.0000 | best Score: 0.0000 | best Score epoch: -1 
epoch  1, iter  601: loss: 0.0216 | load time: 0.0002 | back time: 0.7360 | lr: 0.00001052 | best AP50 acc: 0.0000 | best AP70 acc: 0.0000 | best mAP acc: 0.0000 | best mAR acc: 0.0000 | best Score: 0.0000 | best Score epoch: -1 
epoch  1, iter  651: loss: 0.0194 | load time: 0.0002 | back time: 0.7357 | lr: 0.00001139 | best AP50 acc: 0.0000 | best AP70 acc: 0.0000 | best mAP acc: 0.0000 | best mAR acc: 0.0000 | best Score: 0.0000 | best Score epoch: -1 
epoch  1, iter  701: loss: 0.0179 | load time: 0.0001 | back time: 0.7359 | lr: 0.00001226 | best AP50 acc: 0.0000 | best AP70 acc: 0.0000 | best mAP acc: 0.0000 | best mAR acc: 0.0000 | best Score: 0.0000 | best Score epoch: -1 
epoch  1, iter  751: loss: 0.0148 | load time: 0.0002 | back time: 0.7355 | lr: 0.00001313 | best AP50 acc: 0.0000 | best AP70 acc: 0.0000 | best mAP acc: 0.0000 | best mAR acc: 0.0000 | best Score: 0.0000 | best Score epoch: -1 
epoch  1, iter  801: loss: 0.0160 | load time: 0.0002 | back time: 0.7361 | lr: 0.00001399 | best AP50 acc: 0.0000 | best AP70 acc: 0.0000 | best mAP acc: 0.0000 | best mAR acc: 0.0000 | best Score: 0.0000 | best Score epoch: -1 
epoch  1, iter  851: loss: 0.0152 | load time: 0.0002 | back time: 0.7356 | lr: 0.00001486 | best AP50 acc: 0.0000 | best AP70 acc: 0.0000 | best mAP acc: 0.0000 | best mAR acc: 0.0000 | best Score: 0.0000 | best Score epoch: -1 
epoch  1, iter  901: loss: 0.0151 | load time: 0.0002 | back time: 0.7364 | lr: 0.00001573 | best AP50 acc: 0.0000 | best AP70 acc: 0.0000 | best mAP acc: 0.0000 | best mAR acc: 0.0000 | best Score: 0.0000 | best Score epoch: -1 
epoch  1, iter  951: loss: 0.0137 | load time: 0.0001 | back time: 0.7367 | lr: 0.00001659 | best AP50 acc: 0.0000 | best AP70 acc: 0.0000 | best mAP acc: 0.0000 | best mAR acc: 0.0000 | best Score: 0.0000 | best Score epoch: -1 
epoch  1, iter 1001: loss: 0.0127 | load time: 0.0002 | back time: 0.7355 | lr: 0.00001746 | best AP50 acc: 0.0000 | best AP70 acc: 0.0000 | best mAP acc: 0.0000 | best mAR acc: 0.0000 | best Score: 0.0000 | best Score epoch: -1 
epoch  1, iter 1051: loss: 0.0129 | load time: 0.0002 | back time: 0.7360 | lr: 0.00001833 | best AP50 acc: 0.0000 | best AP70 acc: 0.0000 | best mAP acc: 0.0000 | best mAR acc: 0.0000 | best Score: 0.0000 | best Score epoch: -1 
epoch  1, iter 1101: loss: 0.0136 | load time: 0.0002 | back time: 0.7371 | lr: 0.00001920 | best AP50 acc: 0.0000 | best AP70 acc: 0.0000 | best mAP acc: 0.0000 | best mAR acc: 0.0000 | best Score: 0.0000 | best Score epoch: -1 
epoch  1, iter 1151: loss: 0.0133 | load time: 0.0001 | back time: 0.7360 | lr: 0.00002006 | best AP50 acc: 0.0000 | best AP70 acc: 0.0000 | best mAP acc: 0.0000 | best mAR acc: 0.0000 | best Score: 0.0000 | best Score epoch: -1 
epoch  2, iter    1: loss: 0.0142 | load time: 0.0004 | back time: 0.1328 | lr: 0.00002010 | best AP50 acc: 0.0000 | best AP70 acc: 0.0000 | best mAP acc: 0.0000 | best mAR acc: 0.0000 | best Score: 0.0000 | best Score epoch: -1 
epoch  2, iter   51: loss: 0.0132 | load time: 0.0002 | back time: 0.7358 | lr: 0.00002096 | best AP50 acc: 0.0000 | best AP70 acc: 0.0000 | best mAP acc: 0.0000 | best mAR acc: 0.0000 | best Score: 0.0000 | best Score epoch: -1 
epoch  2, iter  101: loss: 0.0135 | load time: 0.0001 | back time: 0.7352 | lr: 0.00002183 | best AP50 acc: 0.0000 | best AP70 acc: 0.0000 | best mAP acc: 0.0000 | best mAR acc: 0.0000 | best Score: 0.0000 | best Score epoch: -1 
epoch  2, iter  151: loss: 0.0148 | load time: 0.0002 | back time: 0.7367 | lr: 0.00002270 | best AP50 acc: 0.0000 | best AP70 acc: 0.0000 | best mAP acc: 0.0000 | best mAR acc: 0.0000 | best Score: 0.0000 | best Score epoch: -1 
epoch  2, iter  201: loss: 0.0112 | load time: 0.0002 | back time: 0.7364 | lr: 0.00002357 | best AP50 acc: 0.0000 | best AP70 acc: 0.0000 | best mAP acc: 0.0000 | best mAR acc: 0.0000 | best Score: 0.0000 | best Score epoch: -1 
epoch  2, iter  251: loss: 0.0116 | load time: 0.0002 | back time: 0.7358 | lr: 0.00002443 | best AP50 acc: 0.0000 | best AP70 acc: 0.0000 | best mAP acc: 0.0000 | best mAR acc: 0.0000 | best Score: 0.0000 | best Score epoch: -1 
epoch  2, iter  301: loss: 0.0119 | load time: 0.0002 | back time: 0.7351 | lr: 0.00002530 | best AP50 acc: 0.0000 | best AP70 acc: 0.0000 | best mAP acc: 0.0000 | best mAR acc: 0.0000 | best Score: 0.0000 | best Score epoch: -1 
epoch  2, iter  351: loss: 0.0086 | load time: 0.0002 | back time: 0.7349 | lr: 0.00002617 | best AP50 acc: 0.0000 | best AP70 acc: 0.0000 | best mAP acc: 0.0000 | best mAR acc: 0.0000 | best Score: 0.0000 | best Score epoch: -1 
epoch  2, iter  401: loss: 0.0108 | load time: 0.0002 | back time: 0.7360 | lr: 0.00002703 | best AP50 acc: 0.0000 | best AP70 acc: 0.0000 | best mAP acc: 0.0000 | best mAR acc: 0.0000 | best Score: 0.0000 | best Score epoch: -1 
epoch  2, iter  451: loss: 0.0105 | load time: 0.0002 | back time: 0.7345 | lr: 0.00002790 | best AP50 acc: 0.0000 | best AP70 acc: 0.0000 | best mAP acc: 0.0000 | best mAR acc: 0.0000 | best Score: 0.0000 | best Score epoch: -1 
epoch  2, iter  501: loss: 0.0090 | load time: 0.0002 | back time: 0.7352 | lr: 0.00002877 | best AP50 acc: 0.0000 | best AP70 acc: 0.0000 | best mAP acc: 0.0000 | best mAR acc: 0.0000 | best Score: 0.0000 | best Score epoch: -1 
epoch  2, iter  551: loss: 0.0118 | load time: 0.0002 | back time: 0.7355 | lr: 0.00002964 | best AP50 acc: 0.0000 | best AP70 acc: 0.0000 | best mAP acc: 0.0000 | best mAR acc: 0.0000 | best Score: 0.0000 | best Score epoch: -1 
epoch  2, iter  601: loss: 0.0130 | load time: 0.0002 | back time: 0.7363 | lr: 0.00003050 | best AP50 acc: 0.0000 | best AP70 acc: 0.0000 | best mAP acc: 0.0000 | best mAR acc: 0.0000 | best Score: 0.0000 | best Score epoch: -1 
epoch  2, iter  651: loss: 0.0105 | load time: 0.0002 | back time: 0.7367 | lr: 0.00003137 | best AP50 acc: 0.0000 | best AP70 acc: 0.0000 | best mAP acc: 0.0000 | best mAR acc: 0.0000 | best Score: 0.0000 | best Score epoch: -1 
epoch  2, iter  701: loss: 0.0116 | load time: 0.0001 | back time: 0.7359 | lr: 0.00003224 | best AP50 acc: 0.0000 | best AP70 acc: 0.0000 | best mAP acc: 0.0000 | best mAR acc: 0.0000 | best Score: 0.0000 | best Score epoch: -1 
epoch  2, iter  751: loss: 0.0099 | load time: 0.0001 | back time: 0.7359 | lr: 0.00003311 | best AP50 acc: 0.0000 | best AP70 acc: 0.0000 | best mAP acc: 0.0000 | best mAR acc: 0.0000 | best Score: 0.0000 | best Score epoch: -1 
epoch  2, iter  801: loss: 0.0089 | load time: 0.0002 | back time: 0.7354 | lr: 0.00003397 | best AP50 acc: 0.0000 | best AP70 acc: 0.0000 | best mAP acc: 0.0000 | best mAR acc: 0.0000 | best Score: 0.0000 | best Score epoch: -1 
epoch  2, iter  851: loss: 0.0119 | load time: 0.0002 | back time: 0.7355 | lr: 0.00003484 | best AP50 acc: 0.0000 | best AP70 acc: 0.0000 | best mAP acc: 0.0000 | best mAR acc: 0.0000 | best Score: 0.0000 | best Score epoch: -1 
epoch  2, iter  901: loss: 0.0089 | load time: 0.0002 | back time: 0.7367 | lr: 0.00003571 | best AP50 acc: 0.0000 | best AP70 acc: 0.0000 | best mAP acc: 0.0000 | best mAR acc: 0.0000 | best Score: 0.0000 | best Score epoch: -1 
epoch  2, iter  951: loss: 0.0110 | load time: 0.0002 | back time: 0.7354 | lr: 0.00003657 | best AP50 acc: 0.0000 | best AP70 acc: 0.0000 | best mAP acc: 0.0000 | best mAR acc: 0.0000 | best Score: 0.0000 | best Score epoch: -1 
epoch  2, iter 1001: loss: 0.0129 | load time: 0.0003 | back time: 0.7360 | lr: 0.00003744 | best AP50 acc: 0.0000 | best AP70 acc: 0.0000 | best mAP acc: 0.0000 | best mAR acc: 0.0000 | best Score: 0.0000 | best Score epoch: -1 
epoch  2, iter 1051: loss: 0.0100 | load time: 0.0002 | back time: 0.7367 | lr: 0.00003831 | best AP50 acc: 0.0000 | best AP70 acc: 0.0000 | best mAP acc: 0.0000 | best mAR acc: 0.0000 | best Score: 0.0000 | best Score epoch: -1 
epoch  2, iter 1101: loss: 0.0139 | load time: 0.0001 | back time: 0.7350 | lr: 0.00003918 | best AP50 acc: 0.0000 | best AP70 acc: 0.0000 | best mAP acc: 0.0000 | best mAR acc: 0.0000 | best Score: 0.0000 | best Score epoch: -1 
epoch  2, iter 1151: loss: 0.0108 | load time: 0.0001 | back time: 0.7347 | lr: 0.00004004 | best AP50 acc: 0.0000 | best AP70 acc: 0.0000 | best mAP acc: 0.0000 | best mAR acc: 0.0000 | best Score: 0.0000 | best Score epoch: -1 
epoch  3, iter    1: loss: 0.0098 | load time: 0.0004 | back time: 0.1336 | lr: 0.00004008 | best AP50 acc: 0.0000 | best AP70 acc: 0.0000 | best mAP acc: 0.0000 | best mAR acc: 0.0000 | best Score: 0.0000 | best Score epoch: -1 
epoch  3, iter   51: loss: 0.0135 | load time: 0.0001 | back time: 0.7331 | lr: 0.00004094 | best AP50 acc: 0.0000 | best AP70 acc: 0.0000 | best mAP acc: 0.0000 | best mAR acc: 0.0000 | best Score: 0.0000 | best Score epoch: -1 
epoch  3, iter  101: loss: 0.0106 | load time: 0.0002 | back time: 0.7347 | lr: 0.00004181 | best AP50 acc: 0.0000 | best AP70 acc: 0.0000 | best mAP acc: 0.0000 | best mAR acc: 0.0000 | best Score: 0.0000 | best Score epoch: -1 
epoch  3, iter  151: loss: 0.0080 | load time: 0.0001 | back time: 0.7350 | lr: 0.00004268 | best AP50 acc: 0.0000 | best AP70 acc: 0.0000 | best mAP acc: 0.0000 | best mAR acc: 0.0000 | best Score: 0.0000 | best Score epoch: -1 
epoch  3, iter  201: loss: 0.0109 | load time: 0.0002 | back time: 0.7360 | lr: 0.00004355 | best AP50 acc: 0.0000 | best AP70 acc: 0.0000 | best mAP acc: 0.0000 | best mAR acc: 0.0000 | best Score: 0.0000 | best Score epoch: -1 
epoch  3, iter  251: loss: 0.0099 | load time: 0.0001 | back time: 0.7418 | lr: 0.00004441 | best AP50 acc: 0.0000 | best AP70 acc: 0.0000 | best mAP acc: 0.0000 | best mAR acc: 0.0000 | best Score: 0.0000 | best Score epoch: -1 
epoch  3, iter  301: loss: 0.0102 | load time: 0.0002 | back time: 0.7375 | lr: 0.00004528 | best AP50 acc: 0.0000 | best AP70 acc: 0.0000 | best mAP acc: 0.0000 | best mAR acc: 0.0000 | best Score: 0.0000 | best Score epoch: -1 
epoch  3, iter  351: loss: 0.0093 | load time: 0.0001 | back time: 0.7356 | lr: 0.00004615 | best AP50 acc: 0.0000 | best AP70 acc: 0.0000 | best mAP acc: 0.0000 | best mAR acc: 0.0000 | best Score: 0.0000 | best Score epoch: -1 
epoch  3, iter  401: loss: 0.0078 | load time: 0.0002 | back time: 0.7367 | lr: 0.00004701 | best AP50 acc: 0.0000 | best AP70 acc: 0.0000 | best mAP acc: 0.0000 | best mAR acc: 0.0000 | best Score: 0.0000 | best Score epoch: -1 
epoch  3, iter  451: loss: 0.0090 | load time: 0.0002 | back time: 0.7401 | lr: 0.00004788 | best AP50 acc: 0.0000 | best AP70 acc: 0.0000 | best mAP acc: 0.0000 | best mAR acc: 0.0000 | best Score: 0.0000 | best Score epoch: -1 
epoch  3, iter  501: loss: 0.0101 | load time: 0.0002 | back time: 0.7415 | lr: 0.00004875 | best AP50 acc: 0.0000 | best AP70 acc: 0.0000 | best mAP acc: 0.0000 | best mAR acc: 0.0000 | best Score: 0.0000 | best Score epoch: -1 
epoch  3, iter  551: loss: 0.0080 | load time: 0.0002 | back time: 0.7441 | lr: 0.00004962 | best AP50 acc: 0.0000 | best AP70 acc: 0.0000 | best mAP acc: 0.0000 | best mAR acc: 0.0000 | best Score: 0.0000 | best Score epoch: -1 
epoch  3, iter  601: loss: 0.0100 | load time: 0.0002 | back time: 0.7378 | lr: 0.00005048 | best AP50 acc: 0.0000 | best AP70 acc: 0.0000 | best mAP acc: 0.0000 | best mAR acc: 0.0000 | best Score: 0.0000 | best Score epoch: -1 
epoch  3, iter  651: loss: 0.0094 | load time: 0.0002 | back time: 0.7480 | lr: 0.00005135 | best AP50 acc: 0.0000 | best AP70 acc: 0.0000 | best mAP acc: 0.0000 | best mAR acc: 0.0000 | best Score: 0.0000 | best Score epoch: -1 
epoch  3, iter  701: loss: 0.0081 | load time: 0.0002 | back time: 0.7462 | lr: 0.00005222 | best AP50 acc: 0.0000 | best AP70 acc: 0.0000 | best mAP acc: 0.0000 | best mAR acc: 0.0000 | best Score: 0.0000 | best Score epoch: -1 
epoch  3, iter  751: loss: 0.0078 | load time: 0.0002 | back time: 0.7368 | lr: 0.00005309 | best AP50 acc: 0.0000 | best AP70 acc: 0.0000 | best mAP acc: 0.0000 | best mAR acc: 0.0000 | best Score: 0.0000 | best Score epoch: -1 
epoch  3, iter  801: loss: 0.0081 | load time: 0.0001 | back time: 0.7381 | lr: 0.00005395 | best AP50 acc: 0.0000 | best AP70 acc: 0.0000 | best mAP acc: 0.0000 | best mAR acc: 0.0000 | best Score: 0.0000 | best Score epoch: -1 
epoch  3, iter  851: loss: 0.0098 | load time: 0.0001 | back time: 0.7374 | lr: 0.00005482 | best AP50 acc: 0.0000 | best AP70 acc: 0.0000 | best mAP acc: 0.0000 | best mAR acc: 0.0000 | best Score: 0.0000 | best Score epoch: -1 
epoch  3, iter  901: loss: 0.0106 | load time: 0.0001 | back time: 0.7398 | lr: 0.00005569 | best AP50 acc: 0.0000 | best AP70 acc: 0.0000 | best mAP acc: 0.0000 | best mAR acc: 0.0000 | best Score: 0.0000 | best Score epoch: -1 
epoch  3, iter  951: loss: 0.0109 | load time: 0.0002 | back time: 0.7429 | lr: 0.00005655 | best AP50 acc: 0.0000 | best AP70 acc: 0.0000 | best mAP acc: 0.0000 | best mAR acc: 0.0000 | best Score: 0.0000 | best Score epoch: -1 
epoch  3, iter 1001: loss: 0.0154 | load time: 0.0002 | back time: 0.7375 | lr: 0.00005742 | best AP50 acc: 0.0000 | best AP70 acc: 0.0000 | best mAP acc: 0.0000 | best mAR acc: 0.0000 | best Score: 0.0000 | best Score epoch: -1 
epoch  3, iter 1051: loss: 0.0084 | load time: 0.0001 | back time: 0.7388 | lr: 0.00005829 | best AP50 acc: 0.0000 | best AP70 acc: 0.0000 | best mAP acc: 0.0000 | best mAR acc: 0.0000 | best Score: 0.0000 | best Score epoch: -1 
epoch  3, iter 1101: loss: 0.0120 | load time: 0.0002 | back time: 0.7383 | lr: 0.00005916 | best AP50 acc: 0.0000 | best AP70 acc: 0.0000 | best mAP acc: 0.0000 | best mAR acc: 0.0000 | best Score: 0.0000 | best Score epoch: -1 
epoch  3, iter 1151: loss: 0.0097 | load time: 0.0001 | back time: 0.7386 | lr: 0.00006002 | best AP50 acc: 0.0000 | best AP70 acc: 0.0000 | best mAP acc: 0.0000 | best mAR acc: 0.0000 | best Score: 0.0000 | best Score epoch: -1 
epoch  4, iter    1: loss: 0.0082 | load time: 0.0004 | back time: 0.1335 | lr: 0.00006006 | best AP50 acc: 0.0000 | best AP70 acc: 0.0000 | best mAP acc: 0.0000 | best mAR acc: 0.0000 | best Score: 0.0000 | best Score epoch: -1 
epoch  4, iter   51: loss: 0.0112 | load time: 0.0001 | back time: 0.7371 | lr: 0.00006092 | best AP50 acc: 0.0000 | best AP70 acc: 0.0000 | best mAP acc: 0.0000 | best mAR acc: 0.0000 | best Score: 0.0000 | best Score epoch: -1 
epoch  4, iter  101: loss: 0.0080 | load time: 0.0002 | back time: 0.7363 | lr: 0.00006179 | best AP50 acc: 0.0000 | best AP70 acc: 0.0000 | best mAP acc: 0.0000 | best mAR acc: 0.0000 | best Score: 0.0000 | best Score epoch: -1 
epoch  4, iter  151: loss: 0.0095 | load time: 0.0002 | back time: 0.7375 | lr: 0.00006266 | best AP50 acc: 0.0000 | best AP70 acc: 0.0000 | best mAP acc: 0.0000 | best mAR acc: 0.0000 | best Score: 0.0000 | best Score epoch: -1 
epoch  4, iter  201: loss: 0.0066 | load time: 0.0001 | back time: 0.7381 | lr: 0.00006353 | best AP50 acc: 0.0000 | best AP70 acc: 0.0000 | best mAP acc: 0.0000 | best mAR acc: 0.0000 | best Score: 0.0000 | best Score epoch: -1 
epoch  4, iter  251: loss: 0.0079 | load time: 0.0002 | back time: 0.7408 | lr: 0.00006439 | best AP50 acc: 0.0000 | best AP70 acc: 0.0000 | best mAP acc: 0.0000 | best mAR acc: 0.0000 | best Score: 0.0000 | best Score epoch: -1 
epoch  4, iter  301: loss: 0.0093 | load time: 0.0002 | back time: 0.7379 | lr: 0.00006526 | best AP50 acc: 0.0000 | best AP70 acc: 0.0000 | best mAP acc: 0.0000 | best mAR acc: 0.0000 | best Score: 0.0000 | best Score epoch: -1 
epoch  4, iter  351: loss: 0.0086 | load time: 0.0002 | back time: 0.7384 | lr: 0.00006613 | best AP50 acc: 0.0000 | best AP70 acc: 0.0000 | best mAP acc: 0.0000 | best mAR acc: 0.0000 | best Score: 0.0000 | best Score epoch: -1 
epoch  4, iter  401: loss: 0.0087 | load time: 0.0003 | back time: 0.7383 | lr: 0.00006699 | best AP50 acc: 0.0000 | best AP70 acc: 0.0000 | best mAP acc: 0.0000 | best mAR acc: 0.0000 | best Score: 0.0000 | best Score epoch: -1 
epoch  4, iter  451: loss: 0.0108 | load time: 0.0001 | back time: 0.7466 | lr: 0.00006786 | best AP50 acc: 0.0000 | best AP70 acc: 0.0000 | best mAP acc: 0.0000 | best mAR acc: 0.0000 | best Score: 0.0000 | best Score epoch: -1 
epoch  4, iter  501: loss: 0.0093 | load time: 0.0002 | back time: 0.7417 | lr: 0.00006873 | best AP50 acc: 0.0000 | best AP70 acc: 0.0000 | best mAP acc: 0.0000 | best mAR acc: 0.0000 | best Score: 0.0000 | best Score epoch: -1 
epoch  4, iter  551: loss: 0.0130 | load time: 0.0002 | back time: 0.7400 | lr: 0.00006960 | best AP50 acc: 0.0000 | best AP70 acc: 0.0000 | best mAP acc: 0.0000 | best mAR acc: 0.0000 | best Score: 0.0000 | best Score epoch: -1 
epoch  4, iter  601: loss: 0.0093 | load time: 0.0002 | back time: 0.7396 | lr: 0.00007046 | best AP50 acc: 0.0000 | best AP70 acc: 0.0000 | best mAP acc: 0.0000 | best mAR acc: 0.0000 | best Score: 0.0000 | best Score epoch: -1 
epoch  4, iter  651: loss: 0.0104 | load time: 0.0002 | back time: 0.7380 | lr: 0.00007133 | best AP50 acc: 0.0000 | best AP70 acc: 0.0000 | best mAP acc: 0.0000 | best mAR acc: 0.0000 | best Score: 0.0000 | best Score epoch: -1 
epoch  4, iter  701: loss: 0.0075 | load time: 0.0001 | back time: 0.7365 | lr: 0.00007220 | best AP50 acc: 0.0000 | best AP70 acc: 0.0000 | best mAP acc: 0.0000 | best mAR acc: 0.0000 | best Score: 0.0000 | best Score epoch: -1 
epoch  4, iter  751: loss: 0.0090 | load time: 0.0002 | back time: 0.7392 | lr: 0.00007307 | best AP50 acc: 0.0000 | best AP70 acc: 0.0000 | best mAP acc: 0.0000 | best mAR acc: 0.0000 | best Score: 0.0000 | best Score epoch: -1 
epoch  4, iter  801: loss: 0.0076 | load time: 0.0001 | back time: 0.7383 | lr: 0.00007393 | best AP50 acc: 0.0000 | best AP70 acc: 0.0000 | best mAP acc: 0.0000 | best mAR acc: 0.0000 | best Score: 0.0000 | best Score epoch: -1 
epoch  4, iter  851: loss: 0.0108 | load time: 0.0002 | back time: 0.7371 | lr: 0.00007480 | best AP50 acc: 0.0000 | best AP70 acc: 0.0000 | best mAP acc: 0.0000 | best mAR acc: 0.0000 | best Score: 0.0000 | best Score epoch: -1 
epoch  4, iter  901: loss: 0.0133 | load time: 0.0002 | back time: 0.7363 | lr: 0.00007567 | best AP50 acc: 0.0000 | best AP70 acc: 0.0000 | best mAP acc: 0.0000 | best mAR acc: 0.0000 | best Score: 0.0000 | best Score epoch: -1 
epoch  4, iter  951: loss: 0.0071 | load time: 0.0001 | back time: 0.7382 | lr: 0.00007653 | best AP50 acc: 0.0000 | best AP70 acc: 0.0000 | best mAP acc: 0.0000 | best mAR acc: 0.0000 | best Score: 0.0000 | best Score epoch: -1 
epoch  4, iter 1001: loss: 0.0090 | load time: 0.0002 | back time: 0.7395 | lr: 0.00007740 | best AP50 acc: 0.0000 | best AP70 acc: 0.0000 | best mAP acc: 0.0000 | best mAR acc: 0.0000 | best Score: 0.0000 | best Score epoch: -1 
epoch  4, iter 1051: loss: 0.0089 | load time: 0.0001 | back time: 0.7371 | lr: 0.00007827 | best AP50 acc: 0.0000 | best AP70 acc: 0.0000 | best mAP acc: 0.0000 | best mAR acc: 0.0000 | best Score: 0.0000 | best Score epoch: -1 
epoch  4, iter 1101: loss: 0.0083 | load time: 0.0002 | back time: 0.7397 | lr: 0.00007914 | best AP50 acc: 0.0000 | best AP70 acc: 0.0000 | best mAP acc: 0.0000 | best mAR acc: 0.0000 | best Score: 0.0000 | best Score epoch: -1 
epoch  4, iter 1151: loss: 0.0085 | load time: 0.0001 | back time: 0.7383 | lr: 0.00008000 | best AP50 acc: 0.0000 | best AP70 acc: 0.0000 | best mAP acc: 0.0000 | best mAR acc: 0.0000 | best Score: 0.0000 | best Score epoch: -1 
epoch  5, iter    1: loss: 0.0125 | load time: 0.0004 | back time: 0.1341 | lr: 0.00008004 | best AP50 acc: 0.0000 | best AP70 acc: 0.0000 | best mAP acc: 0.0000 | best mAR acc: 0.0000 | best Score: 0.0000 | best Score epoch: -1 
epoch  5, iter   51: loss: 0.0107 | load time: 0.0001 | back time: 0.7391 | lr: 0.00008090 | best AP50 acc: 0.0000 | best AP70 acc: 0.0000 | best mAP acc: 0.0000 | best mAR acc: 0.0000 | best Score: 0.0000 | best Score epoch: -1 
epoch  5, iter  101: loss: 0.0092 | load time: 0.0006 | back time: 0.7363 | lr: 0.00008177 | best AP50 acc: 0.0000 | best AP70 acc: 0.0000 | best mAP acc: 0.0000 | best mAR acc: 0.0000 | best Score: 0.0000 | best Score epoch: -1 
epoch  5, iter  151: loss: 0.0071 | load time: 0.0001 | back time: 0.7366 | lr: 0.00008264 | best AP50 acc: 0.0000 | best AP70 acc: 0.0000 | best mAP acc: 0.0000 | best mAR acc: 0.0000 | best Score: 0.0000 | best Score epoch: -1 
epoch  5, iter  201: loss: 0.0082 | load time: 0.0002 | back time: 0.7393 | lr: 0.00008351 | best AP50 acc: 0.0000 | best AP70 acc: 0.0000 | best mAP acc: 0.0000 | best mAR acc: 0.0000 | best Score: 0.0000 | best Score epoch: -1 
epoch  5, iter  251: loss: 0.0094 | load time: 0.0002 | back time: 0.7375 | lr: 0.00008437 | best AP50 acc: 0.0000 | best AP70 acc: 0.0000 | best mAP acc: 0.0000 | best mAR acc: 0.0000 | best Score: 0.0000 | best Score epoch: -1 
epoch  5, iter  301: loss: 0.0093 | load time: 0.0001 | back time: 0.7368 | lr: 0.00008524 | best AP50 acc: 0.0000 | best AP70 acc: 0.0000 | best mAP acc: 0.0000 | best mAR acc: 0.0000 | best Score: 0.0000 | best Score epoch: -1 
epoch  5, iter  351: loss: 0.0083 | load time: 0.0001 | back time: 0.7357 | lr: 0.00008611 | best AP50 acc: 0.0000 | best AP70 acc: 0.0000 | best mAP acc: 0.0000 | best mAR acc: 0.0000 | best Score: 0.0000 | best Score epoch: -1 
epoch  5, iter  401: loss: 0.0082 | load time: 0.0002 | back time: 0.7375 | lr: 0.00008697 | best AP50 acc: 0.0000 | best AP70 acc: 0.0000 | best mAP acc: 0.0000 | best mAR acc: 0.0000 | best Score: 0.0000 | best Score epoch: -1 
epoch  5, iter  451: loss: 0.0095 | load time: 0.0002 | back time: 0.7364 | lr: 0.00008784 | best AP50 acc: 0.0000 | best AP70 acc: 0.0000 | best mAP acc: 0.0000 | best mAR acc: 0.0000 | best Score: 0.0000 | best Score epoch: -1 
epoch  5, iter  501: loss: 0.0093 | load time: 0.0002 | back time: 0.7399 | lr: 0.00008871 | best AP50 acc: 0.0000 | best AP70 acc: 0.0000 | best mAP acc: 0.0000 | best mAR acc: 0.0000 | best Score: 0.0000 | best Score epoch: -1 
epoch  5, iter  551: loss: 0.0093 | load time: 0.0003 | back time: 0.7367 | lr: 0.00008958 | best AP50 acc: 0.0000 | best AP70 acc: 0.0000 | best mAP acc: 0.0000 | best mAR acc: 0.0000 | best Score: 0.0000 | best Score epoch: -1 
epoch  5, iter  601: loss: 0.0092 | load time: 0.0001 | back time: 0.7366 | lr: 0.00009044 | best AP50 acc: 0.0000 | best AP70 acc: 0.0000 | best mAP acc: 0.0000 | best mAR acc: 0.0000 | best Score: 0.0000 | best Score epoch: -1 
epoch  5, iter  651: loss: 0.0091 | load time: 0.0002 | back time: 0.7452 | lr: 0.00009131 | best AP50 acc: 0.0000 | best AP70 acc: 0.0000 | best mAP acc: 0.0000 | best mAR acc: 0.0000 | best Score: 0.0000 | best Score epoch: -1 
epoch  5, iter  701: loss: 0.0085 | load time: 0.0002 | back time: 0.7393 | lr: 0.00009218 | best AP50 acc: 0.0000 | best AP70 acc: 0.0000 | best mAP acc: 0.0000 | best mAR acc: 0.0000 | best Score: 0.0000 | best Score epoch: -1 
epoch  5, iter  751: loss: 0.0073 | load time: 0.0002 | back time: 0.7392 | lr: 0.00009305 | best AP50 acc: 0.0000 | best AP70 acc: 0.0000 | best mAP acc: 0.0000 | best mAR acc: 0.0000 | best Score: 0.0000 | best Score epoch: -1 
epoch  5, iter  801: loss: 0.0067 | load time: 0.0002 | back time: 0.7401 | lr: 0.00009391 | best AP50 acc: 0.0000 | best AP70 acc: 0.0000 | best mAP acc: 0.0000 | best mAR acc: 0.0000 | best Score: 0.0000 | best Score epoch: -1 
epoch  5, iter  851: loss: 0.0080 | load time: 0.0001 | back time: 0.7379 | lr: 0.00009478 | best AP50 acc: 0.0000 | best AP70 acc: 0.0000 | best mAP acc: 0.0000 | best mAR acc: 0.0000 | best Score: 0.0000 | best Score epoch: -1 
epoch  5, iter  901: loss: 0.0066 | load time: 0.0002 | back time: 0.7375 | lr: 0.00009565 | best AP50 acc: 0.0000 | best AP70 acc: 0.0000 | best mAP acc: 0.0000 | best mAR acc: 0.0000 | best Score: 0.0000 | best Score epoch: -1 
epoch  5, iter  951: loss: 0.0096 | load time: 0.0001 | back time: 0.7358 | lr: 0.00009651 | best AP50 acc: 0.0000 | best AP70 acc: 0.0000 | best mAP acc: 0.0000 | best mAR acc: 0.0000 | best Score: 0.0000 | best Score epoch: -1 
epoch  5, iter 1001: loss: 0.0092 | load time: 0.0002 | back time: 0.7368 | lr: 0.00009738 | best AP50 acc: 0.0000 | best AP70 acc: 0.0000 | best mAP acc: 0.0000 | best mAR acc: 0.0000 | best Score: 0.0000 | best Score epoch: -1 
epoch  5, iter 1051: loss: 0.0067 | load time: 0.0001 | back time: 0.7395 | lr: 0.00009825 | best AP50 acc: 0.0000 | best AP70 acc: 0.0000 | best mAP acc: 0.0000 | best mAR acc: 0.0000 | best Score: 0.0000 | best Score epoch: -1 
epoch  5, iter 1101: loss: 0.0066 | load time: 0.0003 | back time: 0.7370 | lr: 0.00009912 | best AP50 acc: 0.0000 | best AP70 acc: 0.0000 | best mAP acc: 0.0000 | best mAR acc: 0.0000 | best Score: 0.0000 | best Score epoch: -1 
epoch  5, iter 1151: loss: 0.0085 | load time: 0.0001 | back time: 0.7359 | lr: 0.00009998 | best AP50 acc: 0.0000 | best AP70 acc: 0.0000 | best mAP acc: 0.0000 | best mAR acc: 0.0000 | best Score: 0.0000 | best Score epoch: -1 
epoch  6, iter    1: loss: 0.0076 | load time: 0.0003 | back time: 0.1337 | lr: 0.00010000 | best AP50 acc: 0.0000 | best AP70 acc: 0.0000 | best mAP acc: 0.0000 | best mAR acc: 0.0000 | best Score: 0.0000 | best Score epoch: -1 
epoch  6, iter   51: loss: 0.0077 | load time: 0.0002 | back time: 0.7388 | lr: 0.00010000 | best AP50 acc: 0.0000 | best AP70 acc: 0.0000 | best mAP acc: 0.0000 | best mAR acc: 0.0000 | best Score: 0.0000 | best Score epoch: -1 
epoch  6, iter  101: loss: 0.0068 | load time: 0.0002 | back time: 0.7393 | lr: 0.00010000 | best AP50 acc: 0.0000 | best AP70 acc: 0.0000 | best mAP acc: 0.0000 | best mAR acc: 0.0000 | best Score: 0.0000 | best Score epoch: -1 
epoch  6, iter  151: loss: 0.0079 | load time: 0.0001 | back time: 0.7427 | lr: 0.00010000 | best AP50 acc: 0.0000 | best AP70 acc: 0.0000 | best mAP acc: 0.0000 | best mAR acc: 0.0000 | best Score: 0.0000 | best Score epoch: -1 
epoch  6, iter  201: loss: 0.0122 | load time: 0.0001 | back time: 0.7412 | lr: 0.00010000 | best AP50 acc: 0.0000 | best AP70 acc: 0.0000 | best mAP acc: 0.0000 | best mAR acc: 0.0000 | best Score: 0.0000 | best Score epoch: -1 
epoch  6, iter  251: loss: 0.0079 | load time: 0.0001 | back time: 0.7385 | lr: 0.00010000 | best AP50 acc: 0.0000 | best AP70 acc: 0.0000 | best mAP acc: 0.0000 | best mAR acc: 0.0000 | best Score: 0.0000 | best Score epoch: -1 
epoch  6, iter  301: loss: 0.0089 | load time: 0.0002 | back time: 0.7398 | lr: 0.00009999 | best AP50 acc: 0.0000 | best AP70 acc: 0.0000 | best mAP acc: 0.0000 | best mAR acc: 0.0000 | best Score: 0.0000 | best Score epoch: -1 
epoch  6, iter  351: loss: 0.0077 | load time: 0.0002 | back time: 0.7378 | lr: 0.00009999 | best AP50 acc: 0.0000 | best AP70 acc: 0.0000 | best mAP acc: 0.0000 | best mAR acc: 0.0000 | best Score: 0.0000 | best Score epoch: -1 
epoch  6, iter  401: loss: 0.0074 | load time: 0.0002 | back time: 0.7376 | lr: 0.00009999 | best AP50 acc: 0.0000 | best AP70 acc: 0.0000 | best mAP acc: 0.0000 | best mAR acc: 0.0000 | best Score: 0.0000 | best Score epoch: -1 
epoch  6, iter  451: loss: 0.0064 | load time: 0.0002 | back time: 0.7376 | lr: 0.00009999 | best AP50 acc: 0.0000 | best AP70 acc: 0.0000 | best mAP acc: 0.0000 | best mAR acc: 0.0000 | best Score: 0.0000 | best Score epoch: -1 
epoch  6, iter  501: loss: 0.0064 | load time: 0.0001 | back time: 0.7370 | lr: 0.00009998 | best AP50 acc: 0.0000 | best AP70 acc: 0.0000 | best mAP acc: 0.0000 | best mAR acc: 0.0000 | best Score: 0.0000 | best Score epoch: -1 
epoch  6, iter  551: loss: 0.0106 | load time: 0.0002 | back time: 0.7386 | lr: 0.00009998 | best AP50 acc: 0.0000 | best AP70 acc: 0.0000 | best mAP acc: 0.0000 | best mAR acc: 0.0000 | best Score: 0.0000 | best Score epoch: -1 
epoch  6, iter  601: loss: 0.0076 | load time: 0.0002 | back time: 0.7359 | lr: 0.00009997 | best AP50 acc: 0.0000 | best AP70 acc: 0.0000 | best mAP acc: 0.0000 | best mAR acc: 0.0000 | best Score: 0.0000 | best Score epoch: -1 
epoch  6, iter  651: loss: 0.0080 | load time: 0.0002 | back time: 0.7359 | lr: 0.00009997 | best AP50 acc: 0.0000 | best AP70 acc: 0.0000 | best mAP acc: 0.0000 | best mAR acc: 0.0000 | best Score: 0.0000 | best Score epoch: -1 
epoch  6, iter  701: loss: 0.0106 | load time: 0.0002 | back time: 0.7372 | lr: 0.00009996 | best AP50 acc: 0.0000 | best AP70 acc: 0.0000 | best mAP acc: 0.0000 | best mAR acc: 0.0000 | best Score: 0.0000 | best Score epoch: -1 
epoch  6, iter  751: loss: 0.0062 | load time: 0.0002 | back time: 0.7374 | lr: 0.00009996 | best AP50 acc: 0.0000 | best AP70 acc: 0.0000 | best mAP acc: 0.0000 | best mAR acc: 0.0000 | best Score: 0.0000 | best Score epoch: -1 
epoch  6, iter  801: loss: 0.0111 | load time: 0.0002 | back time: 0.7400 | lr: 0.00009995 | best AP50 acc: 0.0000 | best AP70 acc: 0.0000 | best mAP acc: 0.0000 | best mAR acc: 0.0000 | best Score: 0.0000 | best Score epoch: -1 
epoch  6, iter  851: loss: 0.0092 | load time: 0.0002 | back time: 0.7435 | lr: 0.00009995 | best AP50 acc: 0.0000 | best AP70 acc: 0.0000 | best mAP acc: 0.0000 | best mAR acc: 0.0000 | best Score: 0.0000 | best Score epoch: -1 
epoch  6, iter  901: loss: 0.0079 | load time: 0.0002 | back time: 0.7391 | lr: 0.00009994 | best AP50 acc: 0.0000 | best AP70 acc: 0.0000 | best mAP acc: 0.0000 | best mAR acc: 0.0000 | best Score: 0.0000 | best Score epoch: -1 
epoch  6, iter  951: loss: 0.0080 | load time: 0.0002 | back time: 0.7375 | lr: 0.00009993 | best AP50 acc: 0.0000 | best AP70 acc: 0.0000 | best mAP acc: 0.0000 | best mAR acc: 0.0000 | best Score: 0.0000 | best Score epoch: -1 
epoch  6, iter 1001: loss: 0.0065 | load time: 0.0002 | back time: 0.7372 | lr: 0.00009993 | best AP50 acc: 0.0000 | best AP70 acc: 0.0000 | best mAP acc: 0.0000 | best mAR acc: 0.0000 | best Score: 0.0000 | best Score epoch: -1 
epoch  6, iter 1051: loss: 0.0059 | load time: 0.0002 | back time: 0.7387 | lr: 0.00009992 | best AP50 acc: 0.0000 | best AP70 acc: 0.0000 | best mAP acc: 0.0000 | best mAR acc: 0.0000 | best Score: 0.0000 | best Score epoch: -1 
epoch  6, iter 1101: loss: 0.0111 | load time: 0.0002 | back time: 0.7374 | lr: 0.00009991 | best AP50 acc: 0.0000 | best AP70 acc: 0.0000 | best mAP acc: 0.0000 | best mAR acc: 0.0000 | best Score: 0.0000 | best Score epoch: -1 
epoch  6, iter 1151: loss: 0.0066 | load time: 0.0002 | back time: 0.7372 | lr: 0.00009990 | best AP50 acc: 0.0000 | best AP70 acc: 0.0000 | best mAP acc: 0.0000 | best mAR acc: 0.0000 | best Score: 0.0000 | best Score epoch: -1 
UAV_SEQS_2 | mAP50:90: 13.2860 | AP50: 29.8738 | AP70: 11.4240 
UAV_SEQS_37 | mAP50:90: 72.7796 | AP50: 95.4834 | AP70: 74.6084 
UAV_SEQS_45 | mAP50:90: 86.5422 | AP50: 100.0000 | AP70: 97.9383 
UAV_SEQS_47 | mAP50:90: 99.2324 | AP50: 100.0000 | AP70: 100.0000 
UAV_SEQS_55 | mAP50:90: 48.4663 | AP50: 76.5116 | AP70: 48.3899 
UAV_SEQS_59 | mAP50:90: 63.8544 | AP50: 91.2835 | AP70: 67.6554 
UAV_SEQS_6 | mAP50:90: 24.5841 | AP50: 35.3041 | AP70: 25.6962 
UAV_SEQS_63 | mAP50:90: 71.5994 | AP50: 100.0000 | AP70: 88.2258 
UAV_SEQS_65 | mAP50:90: 82.9025 | AP50: 96.6202 | AP70: 86.3757 
UAV_SEQS_7 | mAP50:90: 0.1771 | AP50: 0.9185 | AP70: 0.0000 
UAV_SEQS_71 | mAP50:90: 70.4007 | AP50: 95.8542 | AP70: 71.3972 
UAV_SEQS_73 | mAP50:90: 58.1853 | AP50: 77.1067 | AP70: 68.5685 
UAV_SEQS_74 | mAP50:90: 96.4987 | AP50: 100.0000 | AP70: 100.0000 
UAV_SEQS_77 | mAP50:90: 4.9287 | AP50: 5.9406 | AP70: 5.9406 
UAV_SEQS_8 | mAP50:90: 20.2779 | AP50: 41.8087 | AP70: 15.2598 
Overall            | mAP50:95: 47.3527 | AP50: 62.6029 | AP70: 49.3169 
epoch  7, iter    1: loss: 0.0075 | load time: 0.0006 | back time: 0.3370 | lr: 0.00009990 | best AP50 acc: 0.6260 | best AP70 acc: 0.4932 | best mAP acc: 0.4735 | best mAR acc: 0.6255 | best Score: 0.4735 | best Score epoch:  6 
epoch  7, iter   51: loss: 0.0097 | load time: 0.0002 | back time: 0.7309 | lr: 0.00009989 | best AP50 acc: 0.6260 | best AP70 acc: 0.4932 | best mAP acc: 0.4735 | best mAR acc: 0.6255 | best Score: 0.4735 | best Score epoch:  6 
epoch  7, iter  101: loss: 0.0068 | load time: 0.0002 | back time: 0.7355 | lr: 0.00009988 | best AP50 acc: 0.6260 | best AP70 acc: 0.4932 | best mAP acc: 0.4735 | best mAR acc: 0.6255 | best Score: 0.4735 | best Score epoch:  6 
epoch  7, iter  151: loss: 0.0064 | load time: 0.0002 | back time: 0.7370 | lr: 0.00009988 | best AP50 acc: 0.6260 | best AP70 acc: 0.4932 | best mAP acc: 0.4735 | best mAR acc: 0.6255 | best Score: 0.4735 | best Score epoch:  6 
epoch  7, iter  201: loss: 0.0067 | load time: 0.0002 | back time: 0.7377 | lr: 0.00009987 | best AP50 acc: 0.6260 | best AP70 acc: 0.4932 | best mAP acc: 0.4735 | best mAR acc: 0.6255 | best Score: 0.4735 | best Score epoch:  6 
epoch  7, iter  251: loss: 0.0068 | load time: 0.0002 | back time: 0.7464 | lr: 0.00009986 | best AP50 acc: 0.6260 | best AP70 acc: 0.4932 | best mAP acc: 0.4735 | best mAR acc: 0.6255 | best Score: 0.4735 | best Score epoch:  6 
epoch  7, iter  301: loss: 0.0070 | load time: 0.0002 | back time: 0.7407 | lr: 0.00009984 | best AP50 acc: 0.6260 | best AP70 acc: 0.4932 | best mAP acc: 0.4735 | best mAR acc: 0.6255 | best Score: 0.4735 | best Score epoch:  6 
epoch  7, iter  351: loss: 0.0100 | load time: 0.0001 | back time: 0.7377 | lr: 0.00009983 | best AP50 acc: 0.6260 | best AP70 acc: 0.4932 | best mAP acc: 0.4735 | best mAR acc: 0.6255 | best Score: 0.4735 | best Score epoch:  6 
epoch  7, iter  401: loss: 0.0094 | load time: 0.0002 | back time: 0.7377 | lr: 0.00009982 | best AP50 acc: 0.6260 | best AP70 acc: 0.4932 | best mAP acc: 0.4735 | best mAR acc: 0.6255 | best Score: 0.4735 | best Score epoch:  6 
epoch  7, iter  451: loss: 0.0090 | load time: 0.0002 | back time: 0.7369 | lr: 0.00009981 | best AP50 acc: 0.6260 | best AP70 acc: 0.4932 | best mAP acc: 0.4735 | best mAR acc: 0.6255 | best Score: 0.4735 | best Score epoch:  6 
epoch  7, iter  501: loss: 0.0075 | load time: 0.0002 | back time: 0.7367 | lr: 0.00009980 | best AP50 acc: 0.6260 | best AP70 acc: 0.4932 | best mAP acc: 0.4735 | best mAR acc: 0.6255 | best Score: 0.4735 | best Score epoch:  6 
epoch  7, iter  551: loss: 0.0070 | load time: 0.0001 | back time: 0.7372 | lr: 0.00009979 | best AP50 acc: 0.6260 | best AP70 acc: 0.4932 | best mAP acc: 0.4735 | best mAR acc: 0.6255 | best Score: 0.4735 | best Score epoch:  6 
epoch  7, iter  601: loss: 0.0098 | load time: 0.0002 | back time: 0.7389 | lr: 0.00009977 | best AP50 acc: 0.6260 | best AP70 acc: 0.4932 | best mAP acc: 0.4735 | best mAR acc: 0.6255 | best Score: 0.4735 | best Score epoch:  6 
epoch  7, iter  651: loss: 0.0107 | load time: 0.0002 | back time: 0.7383 | lr: 0.00009976 | best AP50 acc: 0.6260 | best AP70 acc: 0.4932 | best mAP acc: 0.4735 | best mAR acc: 0.6255 | best Score: 0.4735 | best Score epoch:  6 
epoch  7, iter  701: loss: 0.0083 | load time: 0.0001 | back time: 0.7377 | lr: 0.00009975 | best AP50 acc: 0.6260 | best AP70 acc: 0.4932 | best mAP acc: 0.4735 | best mAR acc: 0.6255 | best Score: 0.4735 | best Score epoch:  6 
epoch  7, iter  751: loss: 0.0072 | load time: 0.0002 | back time: 0.7366 | lr: 0.00009973 | best AP50 acc: 0.6260 | best AP70 acc: 0.4932 | best mAP acc: 0.4735 | best mAR acc: 0.6255 | best Score: 0.4735 | best Score epoch:  6 
epoch  7, iter  801: loss: 0.0111 | load time: 0.0002 | back time: 0.7384 | lr: 0.00009972 | best AP50 acc: 0.6260 | best AP70 acc: 0.4932 | best mAP acc: 0.4735 | best mAR acc: 0.6255 | best Score: 0.4735 | best Score epoch:  6 
epoch  7, iter  851: loss: 0.0079 | load time: 0.0001 | back time: 0.7393 | lr: 0.00009970 | best AP50 acc: 0.6260 | best AP70 acc: 0.4932 | best mAP acc: 0.4735 | best mAR acc: 0.6255 | best Score: 0.4735 | best Score epoch:  6 
epoch  7, iter  901: loss: 0.0098 | load time: 0.0002 | back time: 0.7380 | lr: 0.00009969 | best AP50 acc: 0.6260 | best AP70 acc: 0.4932 | best mAP acc: 0.4735 | best mAR acc: 0.6255 | best Score: 0.4735 | best Score epoch:  6 
epoch  7, iter  951: loss: 0.0062 | load time: 0.0002 | back time: 0.7376 | lr: 0.00009967 | best AP50 acc: 0.6260 | best AP70 acc: 0.4932 | best mAP acc: 0.4735 | best mAR acc: 0.6255 | best Score: 0.4735 | best Score epoch:  6 
epoch  7, iter 1001: loss: 0.0100 | load time: 0.0002 | back time: 0.7382 | lr: 0.00009966 | best AP50 acc: 0.6260 | best AP70 acc: 0.4932 | best mAP acc: 0.4735 | best mAR acc: 0.6255 | best Score: 0.4735 | best Score epoch:  6 
epoch  7, iter 1051: loss: 0.0062 | load time: 0.0002 | back time: 0.7408 | lr: 0.00009964 | best AP50 acc: 0.6260 | best AP70 acc: 0.4932 | best mAP acc: 0.4735 | best mAR acc: 0.6255 | best Score: 0.4735 | best Score epoch:  6 
epoch  7, iter 1101: loss: 0.0064 | load time: 0.0002 | back time: 0.7397 | lr: 0.00009963 | best AP50 acc: 0.6260 | best AP70 acc: 0.4932 | best mAP acc: 0.4735 | best mAR acc: 0.6255 | best Score: 0.4735 | best Score epoch:  6 
epoch  7, iter 1151: loss: 0.0074 | load time: 0.0001 | back time: 0.7368 | lr: 0.00009961 | best AP50 acc: 0.6260 | best AP70 acc: 0.4932 | best mAP acc: 0.4735 | best mAR acc: 0.6255 | best Score: 0.4735 | best Score epoch:  6 
UAV_SEQS_2 | mAP50:90: 28.3630 | AP50: 45.5795 | AP70: 28.8326 
UAV_SEQS_37 | mAP50:90: 91.9348 | AP50: 100.0000 | AP70: 96.1494 
UAV_SEQS_45 | mAP50:90: 80.3854 | AP50: 96.4479 | AP70: 90.4610 
UAV_SEQS_47 | mAP50:90: 96.8181 | AP50: 100.0000 | AP70: 100.0000 
UAV_SEQS_55 | mAP50:90: 33.3683 | AP50: 54.9621 | AP70: 32.0314 
UAV_SEQS_59 | mAP50:90: 53.7244 | AP50: 87.4716 | AP70: 57.5305 
UAV_SEQS_6 | mAP50:90: 45.5803 | AP50: 72.8864 | AP70: 46.8554 
UAV_SEQS_63 | mAP50:90: 28.3374 | AP50: 74.6535 | AP70: 13.7661 
UAV_SEQS_65 | mAP50:90: 91.2792 | AP50: 97.7622 | AP70: 96.4730 
UAV_SEQS_7 | mAP50:90: 91.6678 | AP50: 100.0000 | AP70: 97.6137 
UAV_SEQS_71 | mAP50:90: 57.2434 | AP50: 89.5022 | AP70: 64.1289 
UAV_SEQS_73 | mAP50:90: 50.6082 | AP50: 74.1527 | AP70: 59.1398 
UAV_SEQS_74 | mAP50:90: 100.0000 | AP50: 100.0000 | AP70: 100.0000 
UAV_SEQS_77 | mAP50:90: 1.7602 | AP50: 2.9703 | AP70: 1.9802 
UAV_SEQS_8 | mAP50:90: 63.6470 | AP50: 94.0288 | AP70: 62.0865 
Overall            | mAP50:95: 63.3855 | AP50: 81.2002 | AP70: 65.7519 
epoch  8, iter    1: loss: 0.0082 | load time: 0.0003 | back time: 0.3819 | lr: 0.00009961 | best AP50 acc: 0.8120 | best AP70 acc: 0.6575 | best mAP acc: 0.6339 | best mAR acc: 0.6930 | best Score: 0.6339 | best Score epoch:  7 
epoch  8, iter   51: loss: 0.0083 | load time: 0.0002 | back time: 0.7293 | lr: 0.00009959 | best AP50 acc: 0.8120 | best AP70 acc: 0.6575 | best mAP acc: 0.6339 | best mAR acc: 0.6930 | best Score: 0.6339 | best Score epoch:  7 
epoch  8, iter  101: loss: 0.0079 | load time: 0.0002 | back time: 0.7371 | lr: 0.00009957 | best AP50 acc: 0.8120 | best AP70 acc: 0.6575 | best mAP acc: 0.6339 | best mAR acc: 0.6930 | best Score: 0.6339 | best Score epoch:  7 
epoch  8, iter  151: loss: 0.0108 | load time: 0.0002 | back time: 0.7384 | lr: 0.00009956 | best AP50 acc: 0.8120 | best AP70 acc: 0.6575 | best mAP acc: 0.6339 | best mAR acc: 0.6930 | best Score: 0.6339 | best Score epoch:  7 
epoch  8, iter  201: loss: 0.0058 | load time: 0.0002 | back time: 0.7439 | lr: 0.00009954 | best AP50 acc: 0.8120 | best AP70 acc: 0.6575 | best mAP acc: 0.6339 | best mAR acc: 0.6930 | best Score: 0.6339 | best Score epoch:  7 
epoch  8, iter  251: loss: 0.0059 | load time: 0.0001 | back time: 0.7390 | lr: 0.00009952 | best AP50 acc: 0.8120 | best AP70 acc: 0.6575 | best mAP acc: 0.6339 | best mAR acc: 0.6930 | best Score: 0.6339 | best Score epoch:  7 
epoch  8, iter  301: loss: 0.0058 | load time: 0.0002 | back time: 0.7390 | lr: 0.00009950 | best AP50 acc: 0.8120 | best AP70 acc: 0.6575 | best mAP acc: 0.6339 | best mAR acc: 0.6930 | best Score: 0.6339 | best Score epoch:  7 
epoch  8, iter  351: loss: 0.0068 | load time: 0.0002 | back time: 0.7391 | lr: 0.00009948 | best AP50 acc: 0.8120 | best AP70 acc: 0.6575 | best mAP acc: 0.6339 | best mAR acc: 0.6930 | best Score: 0.6339 | best Score epoch:  7 
epoch  8, iter  401: loss: 0.0076 | load time: 0.0001 | back time: 0.7382 | lr: 0.00009946 | best AP50 acc: 0.8120 | best AP70 acc: 0.6575 | best mAP acc: 0.6339 | best mAR acc: 0.6930 | best Score: 0.6339 | best Score epoch:  7 
epoch  8, iter  451: loss: 0.0068 | load time: 0.0002 | back time: 0.7370 | lr: 0.00009944 | best AP50 acc: 0.8120 | best AP70 acc: 0.6575 | best mAP acc: 0.6339 | best mAR acc: 0.6930 | best Score: 0.6339 | best Score epoch:  7 
epoch  8, iter  501: loss: 0.0099 | load time: 0.0001 | back time: 0.7373 | lr: 0.00009942 | best AP50 acc: 0.8120 | best AP70 acc: 0.6575 | best mAP acc: 0.6339 | best mAR acc: 0.6930 | best Score: 0.6339 | best Score epoch:  7 
epoch  8, iter  551: loss: 0.0058 | load time: 0.0003 | back time: 0.7386 | lr: 0.00009940 | best AP50 acc: 0.8120 | best AP70 acc: 0.6575 | best mAP acc: 0.6339 | best mAR acc: 0.6930 | best Score: 0.6339 | best Score epoch:  7 
epoch  8, iter  601: loss: 0.0062 | load time: 0.0002 | back time: 0.7391 | lr: 0.00009938 | best AP50 acc: 0.8120 | best AP70 acc: 0.6575 | best mAP acc: 0.6339 | best mAR acc: 0.6930 | best Score: 0.6339 | best Score epoch:  7 
epoch  8, iter  651: loss: 0.0078 | load time: 0.0002 | back time: 0.7371 | lr: 0.00009936 | best AP50 acc: 0.8120 | best AP70 acc: 0.6575 | best mAP acc: 0.6339 | best mAR acc: 0.6930 | best Score: 0.6339 | best Score epoch:  7 
epoch  8, iter  701: loss: 0.0061 | load time: 0.0002 | back time: 0.7381 | lr: 0.00009934 | best AP50 acc: 0.8120 | best AP70 acc: 0.6575 | best mAP acc: 0.6339 | best mAR acc: 0.6930 | best Score: 0.6339 | best Score epoch:  7 
epoch  8, iter  751: loss: 0.0073 | load time: 0.0002 | back time: 0.7362 | lr: 0.00009931 | best AP50 acc: 0.8120 | best AP70 acc: 0.6575 | best mAP acc: 0.6339 | best mAR acc: 0.6930 | best Score: 0.6339 | best Score epoch:  7 
epoch  8, iter  801: loss: 0.0066 | load time: 0.0002 | back time: 0.7392 | lr: 0.00009929 | best AP50 acc: 0.8120 | best AP70 acc: 0.6575 | best mAP acc: 0.6339 | best mAR acc: 0.6930 | best Score: 0.6339 | best Score epoch:  7 
epoch  8, iter  851: loss: 0.0078 | load time: 0.0002 | back time: 0.7400 | lr: 0.00009927 | best AP50 acc: 0.8120 | best AP70 acc: 0.6575 | best mAP acc: 0.6339 | best mAR acc: 0.6930 | best Score: 0.6339 | best Score epoch:  7 
epoch  8, iter  901: loss: 0.0067 | load time: 0.0002 | back time: 0.7374 | lr: 0.00009925 | best AP50 acc: 0.8120 | best AP70 acc: 0.6575 | best mAP acc: 0.6339 | best mAR acc: 0.6930 | best Score: 0.6339 | best Score epoch:  7 
epoch  8, iter  951: loss: 0.0076 | load time: 0.0002 | back time: 0.7369 | lr: 0.00009922 | best AP50 acc: 0.8120 | best AP70 acc: 0.6575 | best mAP acc: 0.6339 | best mAR acc: 0.6930 | best Score: 0.6339 | best Score epoch:  7 
epoch  8, iter 1001: loss: 0.0098 | load time: 0.0002 | back time: 0.7373 | lr: 0.00009920 | best AP50 acc: 0.8120 | best AP70 acc: 0.6575 | best mAP acc: 0.6339 | best mAR acc: 0.6930 | best Score: 0.6339 | best Score epoch:  7 
epoch  8, iter 1051: loss: 0.0066 | load time: 0.0002 | back time: 0.7372 | lr: 0.00009917 | best AP50 acc: 0.8120 | best AP70 acc: 0.6575 | best mAP acc: 0.6339 | best mAR acc: 0.6930 | best Score: 0.6339 | best Score epoch:  7 
epoch  8, iter 1101: loss: 0.0062 | load time: 0.0002 | back time: 0.7369 | lr: 0.00009915 | best AP50 acc: 0.8120 | best AP70 acc: 0.6575 | best mAP acc: 0.6339 | best mAR acc: 0.6930 | best Score: 0.6339 | best Score epoch:  7 
epoch  8, iter 1151: loss: 0.0110 | load time: 0.0001 | back time: 0.7384 | lr: 0.00009912 | best AP50 acc: 0.8120 | best AP70 acc: 0.6575 | best mAP acc: 0.6339 | best mAR acc: 0.6930 | best Score: 0.6339 | best Score epoch:  7 
UAV_SEQS_2 | mAP50:90: 39.9039 | AP50: 54.6630 | AP70: 39.1624 
UAV_SEQS_37 | mAP50:90: 92.1370 | AP50: 100.0000 | AP70: 95.7682 
UAV_SEQS_45 | mAP50:90: 57.7245 | AP50: 85.1413 | AP70: 65.9011 
UAV_SEQS_47 | mAP50:90: 99.1383 | AP50: 100.0000 | AP70: 100.0000 
UAV_SEQS_55 | mAP50:90: 38.8400 | AP50: 63.9666 | AP70: 36.4722 
UAV_SEQS_59 | mAP50:90: 41.6990 | AP50: 67.8449 | AP70: 41.9716 
UAV_SEQS_6 | mAP50:90: 57.0358 | AP50: 75.5749 | AP70: 61.2894 
UAV_SEQS_63 | mAP50:90: 6.7047 | AP50: 27.3610 | AP70: 0.5848 
UAV_SEQS_65 | mAP50:90: 89.3067 | AP50: 96.1567 | AP70: 94.8347 
UAV_SEQS_7 | mAP50:90: 62.4676 | AP50: 100.0000 | AP70: 51.0828 
UAV_SEQS_71 | mAP50:90: 55.6944 | AP50: 76.9399 | AP70: 66.0308 
UAV_SEQS_73 | mAP50:90: 60.5753 | AP50: 78.8204 | AP70: 70.1843 
UAV_SEQS_74 | mAP50:90: 98.7866 | AP50: 99.6476 | AP70: 99.6476 
UAV_SEQS_77 | mAP50:90: 1.7602 | AP50: 2.9703 | AP70: 1.9802 
UAV_SEQS_8 | mAP50:90: 60.0800 | AP50: 93.1042 | AP70: 57.1014 
Overall            | mAP50:95: 55.4947 | AP50: 74.3917 | AP70: 55.4064 
epoch  9, iter    1: loss: 0.0059 | load time: 0.0007 | back time: 0.3749 | lr: 0.00009912 | best AP50 acc: 0.8120 | best AP70 acc: 0.6575 | best mAP acc: 0.6339 | best mAR acc: 0.6930 | best Score: 0.6339 | best Score epoch:  7 
epoch  9, iter   51: loss: 0.0068 | load time: 0.0002 | back time: 0.7288 | lr: 0.00009910 | best AP50 acc: 0.8120 | best AP70 acc: 0.6575 | best mAP acc: 0.6339 | best mAR acc: 0.6930 | best Score: 0.6339 | best Score epoch:  7 
epoch  9, iter  101: loss: 0.0091 | load time: 0.0002 | back time: 0.7353 | lr: 0.00009907 | best AP50 acc: 0.8120 | best AP70 acc: 0.6575 | best mAP acc: 0.6339 | best mAR acc: 0.6930 | best Score: 0.6339 | best Score epoch:  7 
epoch  9, iter  151: loss: 0.0061 | load time: 0.0003 | back time: 0.7376 | lr: 0.00009905 | best AP50 acc: 0.8120 | best AP70 acc: 0.6575 | best mAP acc: 0.6339 | best mAR acc: 0.6930 | best Score: 0.6339 | best Score epoch:  7 
epoch  9, iter  201: loss: 0.0071 | load time: 0.0003 | back time: 0.7449 | lr: 0.00009902 | best AP50 acc: 0.8120 | best AP70 acc: 0.6575 | best mAP acc: 0.6339 | best mAR acc: 0.6930 | best Score: 0.6339 | best Score epoch:  7 
epoch  9, iter  251: loss: 0.0057 | load time: 0.0002 | back time: 0.7369 | lr: 0.00009899 | best AP50 acc: 0.8120 | best AP70 acc: 0.6575 | best mAP acc: 0.6339 | best mAR acc: 0.6930 | best Score: 0.6339 | best Score epoch:  7 
epoch  9, iter  301: loss: 0.0086 | load time: 0.0001 | back time: 0.7374 | lr: 0.00009896 | best AP50 acc: 0.8120 | best AP70 acc: 0.6575 | best mAP acc: 0.6339 | best mAR acc: 0.6930 | best Score: 0.6339 | best Score epoch:  7 
epoch  9, iter  351: loss: 0.0114 | load time: 0.0002 | back time: 0.7379 | lr: 0.00009894 | best AP50 acc: 0.8120 | best AP70 acc: 0.6575 | best mAP acc: 0.6339 | best mAR acc: 0.6930 | best Score: 0.6339 | best Score epoch:  7 
epoch  9, iter  401: loss: 0.0067 | load time: 0.0002 | back time: 0.7388 | lr: 0.00009891 | best AP50 acc: 0.8120 | best AP70 acc: 0.6575 | best mAP acc: 0.6339 | best mAR acc: 0.6930 | best Score: 0.6339 | best Score epoch:  7 
epoch  9, iter  451: loss: 0.0070 | load time: 0.0002 | back time: 0.7375 | lr: 0.00009888 | best AP50 acc: 0.8120 | best AP70 acc: 0.6575 | best mAP acc: 0.6339 | best mAR acc: 0.6930 | best Score: 0.6339 | best Score epoch:  7 
epoch  9, iter  501: loss: 0.0089 | load time: 0.0002 | back time: 0.7369 | lr: 0.00009885 | best AP50 acc: 0.8120 | best AP70 acc: 0.6575 | best mAP acc: 0.6339 | best mAR acc: 0.6930 | best Score: 0.6339 | best Score epoch:  7 
epoch  9, iter  551: loss: 0.0069 | load time: 0.0001 | back time: 0.7429 | lr: 0.00009882 | best AP50 acc: 0.8120 | best AP70 acc: 0.6575 | best mAP acc: 0.6339 | best mAR acc: 0.6930 | best Score: 0.6339 | best Score epoch:  7 
epoch  9, iter  601: loss: 0.0081 | load time: 0.0002 | back time: 0.7383 | lr: 0.00009879 | best AP50 acc: 0.8120 | best AP70 acc: 0.6575 | best mAP acc: 0.6339 | best mAR acc: 0.6930 | best Score: 0.6339 | best Score epoch:  7 
epoch  9, iter  651: loss: 0.0065 | load time: 0.0002 | back time: 0.7456 | lr: 0.00009876 | best AP50 acc: 0.8120 | best AP70 acc: 0.6575 | best mAP acc: 0.6339 | best mAR acc: 0.6930 | best Score: 0.6339 | best Score epoch:  7 
epoch  9, iter  701: loss: 0.0069 | load time: 0.0001 | back time: 0.7507 | lr: 0.00009873 | best AP50 acc: 0.8120 | best AP70 acc: 0.6575 | best mAP acc: 0.6339 | best mAR acc: 0.6930 | best Score: 0.6339 | best Score epoch:  7 
epoch  9, iter  751: loss: 0.0076 | load time: 0.0002 | back time: 0.7463 | lr: 0.00009870 | best AP50 acc: 0.8120 | best AP70 acc: 0.6575 | best mAP acc: 0.6339 | best mAR acc: 0.6930 | best Score: 0.6339 | best Score epoch:  7 
epoch  9, iter  801: loss: 0.0065 | load time: 0.0002 | back time: 0.7382 | lr: 0.00009867 | best AP50 acc: 0.8120 | best AP70 acc: 0.6575 | best mAP acc: 0.6339 | best mAR acc: 0.6930 | best Score: 0.6339 | best Score epoch:  7 
epoch  9, iter  851: loss: 0.0089 | load time: 0.0002 | back time: 0.7368 | lr: 0.00009864 | best AP50 acc: 0.8120 | best AP70 acc: 0.6575 | best mAP acc: 0.6339 | best mAR acc: 0.6930 | best Score: 0.6339 | best Score epoch:  7 
epoch  9, iter  901: loss: 0.0069 | load time: 0.0001 | back time: 0.7375 | lr: 0.00009861 | best AP50 acc: 0.8120 | best AP70 acc: 0.6575 | best mAP acc: 0.6339 | best mAR acc: 0.6930 | best Score: 0.6339 | best Score epoch:  7 
epoch  9, iter  951: loss: 0.0060 | load time: 0.0002 | back time: 0.7498 | lr: 0.00009858 | best AP50 acc: 0.8120 | best AP70 acc: 0.6575 | best mAP acc: 0.6339 | best mAR acc: 0.6930 | best Score: 0.6339 | best Score epoch:  7 
epoch  9, iter 1001: loss: 0.0079 | load time: 0.0002 | back time: 0.7425 | lr: 0.00009854 | best AP50 acc: 0.8120 | best AP70 acc: 0.6575 | best mAP acc: 0.6339 | best mAR acc: 0.6930 | best Score: 0.6339 | best Score epoch:  7 
epoch  9, iter 1051: loss: 0.0061 | load time: 0.0002 | back time: 0.7398 | lr: 0.00009851 | best AP50 acc: 0.8120 | best AP70 acc: 0.6575 | best mAP acc: 0.6339 | best mAR acc: 0.6930 | best Score: 0.6339 | best Score epoch:  7 
epoch  9, iter 1101: loss: 0.0096 | load time: 0.0002 | back time: 0.7387 | lr: 0.00009848 | best AP50 acc: 0.8120 | best AP70 acc: 0.6575 | best mAP acc: 0.6339 | best mAR acc: 0.6930 | best Score: 0.6339 | best Score epoch:  7 
epoch  9, iter 1151: loss: 0.0077 | load time: 0.0002 | back time: 0.7273 | lr: 0.00009845 | best AP50 acc: 0.8120 | best AP70 acc: 0.6575 | best mAP acc: 0.6339 | best mAR acc: 0.6930 | best Score: 0.6339 | best Score epoch:  7 
UAV_SEQS_2 | mAP50:90: 12.0935 | AP50: 30.0826 | AP70: 5.9839 
UAV_SEQS_37 | mAP50:90: 73.8243 | AP50: 94.7888 | AP70: 72.9439 
UAV_SEQS_45 | mAP50:90: 92.5734 | AP50: 100.0000 | AP70: 100.0000 
UAV_SEQS_47 | mAP50:90: 99.3682 | AP50: 100.0000 | AP70: 100.0000 
UAV_SEQS_55 | mAP50:90: 40.7631 | AP50: 65.7080 | AP70: 44.5060 
UAV_SEQS_59 | mAP50:90: 65.4641 | AP50: 94.3802 | AP70: 68.0967 
UAV_SEQS_6 | mAP50:90: 29.4906 | AP50: 41.1892 | AP70: 30.4865 
UAV_SEQS_63 | mAP50:90: 23.4044 | AP50: 74.6535 | AP70: 4.7250 
UAV_SEQS_65 | mAP50:90: 88.5163 | AP50: 97.6134 | AP70: 93.2756 
UAV_SEQS_7 | mAP50:90: 37.0026 | AP50: 86.9951 | AP70: 17.8867 
UAV_SEQS_71 | mAP50:90: 62.6970 | AP50: 88.8685 | AP70: 69.9049 
UAV_SEQS_73 | mAP50:90: 64.9470 | AP50: 84.1744 | AP70: 74.6932 
UAV_SEQS_74 | mAP50:90: 98.6466 | AP50: 100.0000 | AP70: 100.0000 
UAV_SEQS_77 | mAP50:90: 0.0000 | AP50: 0.0000 | AP70: 0.0000 
UAV_SEQS_8 | mAP50:90: 29.8891 | AP50: 53.4653 | AP70: 37.2304 
Overall            | mAP50:95: 55.3207 | AP50: 74.9161 | AP70: 54.9864 
epoch 10, iter    1: loss: 0.0090 | load time: 0.0003 | back time: 0.4458 | lr: 0.00009844 | best AP50 acc: 0.8120 | best AP70 acc: 0.6575 | best mAP acc: 0.6339 | best mAR acc: 0.6930 | best Score: 0.6339 | best Score epoch:  7 
epoch 10, iter   51: loss: 0.0059 | load time: 0.0002 | back time: 0.7321 | lr: 0.00009841 | best AP50 acc: 0.8120 | best AP70 acc: 0.6575 | best mAP acc: 0.6339 | best mAR acc: 0.6930 | best Score: 0.6339 | best Score epoch:  7 
epoch 10, iter  101: loss: 0.0066 | load time: 0.0001 | back time: 0.7627 | lr: 0.00009838 | best AP50 acc: 0.8120 | best AP70 acc: 0.6575 | best mAP acc: 0.6339 | best mAR acc: 0.6930 | best Score: 0.6339 | best Score epoch:  7 
epoch 10, iter  151: loss: 0.0068 | load time: 0.0002 | back time: 0.7369 | lr: 0.00009834 | best AP50 acc: 0.8120 | best AP70 acc: 0.6575 | best mAP acc: 0.6339 | best mAR acc: 0.6930 | best Score: 0.6339 | best Score epoch:  7 
epoch 10, iter  201: loss: 0.0081 | load time: 0.0001 | back time: 0.7496 | lr: 0.00009831 | best AP50 acc: 0.8120 | best AP70 acc: 0.6575 | best mAP acc: 0.6339 | best mAR acc: 0.6930 | best Score: 0.6339 | best Score epoch:  7 
epoch 10, iter  251: loss: 0.0060 | load time: 0.0001 | back time: 0.7384 | lr: 0.00009827 | best AP50 acc: 0.8120 | best AP70 acc: 0.6575 | best mAP acc: 0.6339 | best mAR acc: 0.6930 | best Score: 0.6339 | best Score epoch:  7 
epoch 10, iter  301: loss: 0.0070 | load time: 0.0002 | back time: 0.7459 | lr: 0.00009824 | best AP50 acc: 0.8120 | best AP70 acc: 0.6575 | best mAP acc: 0.6339 | best mAR acc: 0.6930 | best Score: 0.6339 | best Score epoch:  7 
epoch 10, iter  351: loss: 0.0081 | load time: 0.0001 | back time: 0.7359 | lr: 0.00009820 | best AP50 acc: 0.8120 | best AP70 acc: 0.6575 | best mAP acc: 0.6339 | best mAR acc: 0.6930 | best Score: 0.6339 | best Score epoch:  7 
epoch 10, iter  401: loss: 0.0058 | load time: 0.0001 | back time: 0.7378 | lr: 0.00009816 | best AP50 acc: 0.8120 | best AP70 acc: 0.6575 | best mAP acc: 0.6339 | best mAR acc: 0.6930 | best Score: 0.6339 | best Score epoch:  7 
epoch 10, iter  451: loss: 0.0062 | load time: 0.0002 | back time: 0.7377 | lr: 0.00009813 | best AP50 acc: 0.8120 | best AP70 acc: 0.6575 | best mAP acc: 0.6339 | best mAR acc: 0.6930 | best Score: 0.6339 | best Score epoch:  7 
epoch 10, iter  501: loss: 0.0063 | load time: 0.0003 | back time: 0.7371 | lr: 0.00009809 | best AP50 acc: 0.8120 | best AP70 acc: 0.6575 | best mAP acc: 0.6339 | best mAR acc: 0.6930 | best Score: 0.6339 | best Score epoch:  7 
epoch 10, iter  551: loss: 0.0068 | load time: 0.0001 | back time: 0.7392 | lr: 0.00009805 | best AP50 acc: 0.8120 | best AP70 acc: 0.6575 | best mAP acc: 0.6339 | best mAR acc: 0.6930 | best Score: 0.6339 | best Score epoch:  7 
epoch 10, iter  601: loss: 0.0058 | load time: 0.0001 | back time: 0.7359 | lr: 0.00009802 | best AP50 acc: 0.8120 | best AP70 acc: 0.6575 | best mAP acc: 0.6339 | best mAR acc: 0.6930 | best Score: 0.6339 | best Score epoch:  7 
epoch 10, iter  651: loss: 0.0067 | load time: 0.0002 | back time: 0.7386 | lr: 0.00009798 | best AP50 acc: 0.8120 | best AP70 acc: 0.6575 | best mAP acc: 0.6339 | best mAR acc: 0.6930 | best Score: 0.6339 | best Score epoch:  7 
epoch 10, iter  701: loss: 0.0088 | load time: 0.0002 | back time: 0.7474 | lr: 0.00009794 | best AP50 acc: 0.8120 | best AP70 acc: 0.6575 | best mAP acc: 0.6339 | best mAR acc: 0.6930 | best Score: 0.6339 | best Score epoch:  7 
epoch 10, iter  751: loss: 0.0073 | load time: 0.0002 | back time: 0.7362 | lr: 0.00009790 | best AP50 acc: 0.8120 | best AP70 acc: 0.6575 | best mAP acc: 0.6339 | best mAR acc: 0.6930 | best Score: 0.6339 | best Score epoch:  7 
epoch 10, iter  801: loss: 0.0058 | load time: 0.0001 | back time: 0.7390 | lr: 0.00009786 | best AP50 acc: 0.8120 | best AP70 acc: 0.6575 | best mAP acc: 0.6339 | best mAR acc: 0.6930 | best Score: 0.6339 | best Score epoch:  7 
epoch 10, iter  851: loss: 0.0079 | load time: 0.0002 | back time: 0.7375 | lr: 0.00009782 | best AP50 acc: 0.8120 | best AP70 acc: 0.6575 | best mAP acc: 0.6339 | best mAR acc: 0.6930 | best Score: 0.6339 | best Score epoch:  7 
epoch 10, iter  901: loss: 0.0060 | load time: 0.0002 | back time: 0.7361 | lr: 0.00009778 | best AP50 acc: 0.8120 | best AP70 acc: 0.6575 | best mAP acc: 0.6339 | best mAR acc: 0.6930 | best Score: 0.6339 | best Score epoch:  7 
epoch 10, iter  951: loss: 0.0058 | load time: 0.0001 | back time: 0.7367 | lr: 0.00009774 | best AP50 acc: 0.8120 | best AP70 acc: 0.6575 | best mAP acc: 0.6339 | best mAR acc: 0.6930 | best Score: 0.6339 | best Score epoch:  7 
epoch 10, iter 1001: loss: 0.0081 | load time: 0.0001 | back time: 0.7392 | lr: 0.00009770 | best AP50 acc: 0.8120 | best AP70 acc: 0.6575 | best mAP acc: 0.6339 | best mAR acc: 0.6930 | best Score: 0.6339 | best Score epoch:  7 
epoch 10, iter 1051: loss: 0.0065 | load time: 0.0002 | back time: 0.7375 | lr: 0.00009766 | best AP50 acc: 0.8120 | best AP70 acc: 0.6575 | best mAP acc: 0.6339 | best mAR acc: 0.6930 | best Score: 0.6339 | best Score epoch:  7 
epoch 10, iter 1101: loss: 0.0083 | load time: 0.0002 | back time: 0.7369 | lr: 0.00009762 | best AP50 acc: 0.8120 | best AP70 acc: 0.6575 | best mAP acc: 0.6339 | best mAR acc: 0.6930 | best Score: 0.6339 | best Score epoch:  7 
epoch 10, iter 1151: loss: 0.0064 | load time: 0.0001 | back time: 0.7363 | lr: 0.00009758 | best AP50 acc: 0.8120 | best AP70 acc: 0.6575 | best mAP acc: 0.6339 | best mAR acc: 0.6930 | best Score: 0.6339 | best Score epoch:  7 
UAV_SEQS_2 | mAP50:90: 26.5651 | AP50: 50.9197 | AP70: 24.9576 
UAV_SEQS_37 | mAP50:90: 81.9944 | AP50: 92.8415 | AP70: 83.6938 
UAV_SEQS_45 | mAP50:90: 88.7729 | AP50: 100.0000 | AP70: 96.6197 
UAV_SEQS_47 | mAP50:90: 98.4526 | AP50: 100.0000 | AP70: 100.0000 
UAV_SEQS_55 | mAP50:90: 47.4773 | AP50: 80.8621 | AP70: 51.1508 
UAV_SEQS_59 | mAP50:90: 66.0119 | AP50: 91.3262 | AP70: 75.7344 
UAV_SEQS_6 | mAP50:90: 31.1520 | AP50: 47.7313 | AP70: 34.9744 
UAV_SEQS_63 | mAP50:90: 10.2203 | AP50: 42.6528 | AP70: 0.7552 
UAV_SEQS_65 | mAP50:90: 90.3747 | AP50: 98.7353 | AP70: 97.5956 
UAV_SEQS_7 | mAP50:90: 72.6037 | AP50: 100.0000 | AP70: 76.0306 
UAV_SEQS_71 | mAP50:90: 64.8419 | AP50: 90.5789 | AP70: 69.0796 
UAV_SEQS_73 | mAP50:90: 57.6825 | AP50: 80.4096 | AP70: 67.8993 
UAV_SEQS_74 | mAP50:90: 100.0000 | AP50: 100.0000 | AP70: 100.0000 
UAV_SEQS_77 | mAP50:90: 21.9753 | AP50: 32.1398 | AP70: 23.5833 
UAV_SEQS_8 | mAP50:90: 66.1688 | AP50: 85.3107 | AP70: 68.1648 
Overall            | mAP50:95: 62.1933 | AP50: 80.5136 | AP70: 64.2746 
epoch 11, iter    1: loss: 0.0072 | load time: 0.0006 | back time: 0.3908 | lr: 0.00009758 | best AP50 acc: 0.8120 | best AP70 acc: 0.6575 | best mAP acc: 0.6339 | best mAR acc: 0.6930 | best Score: 0.6339 | best Score epoch:  7 
epoch 11, iter   51: loss: 0.0064 | load time: 0.0001 | back time: 0.7288 | lr: 0.00009753 | best AP50 acc: 0.8120 | best AP70 acc: 0.6575 | best mAP acc: 0.6339 | best mAR acc: 0.6930 | best Score: 0.6339 | best Score epoch:  7 
epoch 11, iter  101: loss: 0.0067 | load time: 0.0002 | back time: 0.7348 | lr: 0.00009749 | best AP50 acc: 0.8120 | best AP70 acc: 0.6575 | best mAP acc: 0.6339 | best mAR acc: 0.6930 | best Score: 0.6339 | best Score epoch:  7 
epoch 11, iter  151: loss: 0.0063 | load time: 0.0002 | back time: 0.7360 | lr: 0.00009745 | best AP50 acc: 0.8120 | best AP70 acc: 0.6575 | best mAP acc: 0.6339 | best mAR acc: 0.6930 | best Score: 0.6339 | best Score epoch:  7 
epoch 11, iter  201: loss: 0.0085 | load time: 0.0002 | back time: 0.7403 | lr: 0.00009741 | best AP50 acc: 0.8120 | best AP70 acc: 0.6575 | best mAP acc: 0.6339 | best mAR acc: 0.6930 | best Score: 0.6339 | best Score epoch:  7 
epoch 11, iter  251: loss: 0.0063 | load time: 0.0002 | back time: 0.7416 | lr: 0.00009736 | best AP50 acc: 0.8120 | best AP70 acc: 0.6575 | best mAP acc: 0.6339 | best mAR acc: 0.6930 | best Score: 0.6339 | best Score epoch:  7 
epoch 11, iter  301: loss: 0.0073 | load time: 0.0002 | back time: 0.7380 | lr: 0.00009732 | best AP50 acc: 0.8120 | best AP70 acc: 0.6575 | best mAP acc: 0.6339 | best mAR acc: 0.6930 | best Score: 0.6339 | best Score epoch:  7 
epoch 11, iter  351: loss: 0.0069 | load time: 0.0001 | back time: 0.7363 | lr: 0.00009728 | best AP50 acc: 0.8120 | best AP70 acc: 0.6575 | best mAP acc: 0.6339 | best mAR acc: 0.6930 | best Score: 0.6339 | best Score epoch:  7 
epoch 11, iter  401: loss: 0.0081 | load time: 0.0002 | back time: 0.7352 | lr: 0.00009723 | best AP50 acc: 0.8120 | best AP70 acc: 0.6575 | best mAP acc: 0.6339 | best mAR acc: 0.6930 | best Score: 0.6339 | best Score epoch:  7 
epoch 11, iter  451: loss: 0.0070 | load time: 0.0001 | back time: 0.7380 | lr: 0.00009719 | best AP50 acc: 0.8120 | best AP70 acc: 0.6575 | best mAP acc: 0.6339 | best mAR acc: 0.6930 | best Score: 0.6339 | best Score epoch:  7 
epoch 11, iter  501: loss: 0.0082 | load time: 0.0001 | back time: 0.7393 | lr: 0.00009714 | best AP50 acc: 0.8120 | best AP70 acc: 0.6575 | best mAP acc: 0.6339 | best mAR acc: 0.6930 | best Score: 0.6339 | best Score epoch:  7 
epoch 11, iter  551: loss: 0.0064 | load time: 0.0002 | back time: 0.7380 | lr: 0.00009710 | best AP50 acc: 0.8120 | best AP70 acc: 0.6575 | best mAP acc: 0.6339 | best mAR acc: 0.6930 | best Score: 0.6339 | best Score epoch:  7 
epoch 11, iter  601: loss: 0.0064 | load time: 0.0002 | back time: 0.7358 | lr: 0.00009705 | best AP50 acc: 0.8120 | best AP70 acc: 0.6575 | best mAP acc: 0.6339 | best mAR acc: 0.6930 | best Score: 0.6339 | best Score epoch:  7 
epoch 11, iter  651: loss: 0.0060 | load time: 0.0002 | back time: 0.7364 | lr: 0.00009700 | best AP50 acc: 0.8120 | best AP70 acc: 0.6575 | best mAP acc: 0.6339 | best mAR acc: 0.6930 | best Score: 0.6339 | best Score epoch:  7 
epoch 11, iter  701: loss: 0.0067 | load time: 0.0002 | back time: 0.7372 | lr: 0.00009696 | best AP50 acc: 0.8120 | best AP70 acc: 0.6575 | best mAP acc: 0.6339 | best mAR acc: 0.6930 | best Score: 0.6339 | best Score epoch:  7 
epoch 11, iter  751: loss: 0.0059 | load time: 0.0002 | back time: 0.7355 | lr: 0.00009691 | best AP50 acc: 0.8120 | best AP70 acc: 0.6575 | best mAP acc: 0.6339 | best mAR acc: 0.6930 | best Score: 0.6339 | best Score epoch:  7 
epoch 11, iter  801: loss: 0.0058 | load time: 0.0002 | back time: 0.7386 | lr: 0.00009686 | best AP50 acc: 0.8120 | best AP70 acc: 0.6575 | best mAP acc: 0.6339 | best mAR acc: 0.6930 | best Score: 0.6339 | best Score epoch:  7 
epoch 11, iter  851: loss: 0.0060 | load time: 0.0002 | back time: 0.7362 | lr: 0.00009682 | best AP50 acc: 0.8120 | best AP70 acc: 0.6575 | best mAP acc: 0.6339 | best mAR acc: 0.6930 | best Score: 0.6339 | best Score epoch:  7 
epoch 11, iter  901: loss: 0.0062 | load time: 0.0003 | back time: 0.7383 | lr: 0.00009677 | best AP50 acc: 0.8120 | best AP70 acc: 0.6575 | best mAP acc: 0.6339 | best mAR acc: 0.6930 | best Score: 0.6339 | best Score epoch:  7 
epoch 11, iter  951: loss: 0.0066 | load time: 0.0001 | back time: 0.7361 | lr: 0.00009672 | best AP50 acc: 0.8120 | best AP70 acc: 0.6575 | best mAP acc: 0.6339 | best mAR acc: 0.6930 | best Score: 0.6339 | best Score epoch:  7 
epoch 11, iter 1001: loss: 0.0064 | load time: 0.0003 | back time: 0.7374 | lr: 0.00009667 | best AP50 acc: 0.8120 | best AP70 acc: 0.6575 | best mAP acc: 0.6339 | best mAR acc: 0.6930 | best Score: 0.6339 | best Score epoch:  7 
epoch 11, iter 1051: loss: 0.0065 | load time: 0.0003 | back time: 0.7365 | lr: 0.00009662 | best AP50 acc: 0.8120 | best AP70 acc: 0.6575 | best mAP acc: 0.6339 | best mAR acc: 0.6930 | best Score: 0.6339 | best Score epoch:  7 
epoch 11, iter 1101: loss: 0.0075 | load time: 0.0002 | back time: 0.7355 | lr: 0.00009657 | best AP50 acc: 0.8120 | best AP70 acc: 0.6575 | best mAP acc: 0.6339 | best mAR acc: 0.6930 | best Score: 0.6339 | best Score epoch:  7 
epoch 11, iter 1151: loss: 0.0062 | load time: 0.0001 | back time: 0.7370 | lr: 0.00009652 | best AP50 acc: 0.8120 | best AP70 acc: 0.6575 | best mAP acc: 0.6339 | best mAR acc: 0.6930 | best Score: 0.6339 | best Score epoch:  7 
UAV_SEQS_2 | mAP50:90: 22.0414 | AP50: 44.4396 | AP70: 15.9636 
UAV_SEQS_37 | mAP50:90: 69.6228 | AP50: 94.7657 | AP70: 74.2660 
UAV_SEQS_45 | mAP50:90: 94.9463 | AP50: 100.0000 | AP70: 96.8535 
UAV_SEQS_47 | mAP50:90: 99.7101 | AP50: 100.0000 | AP70: 100.0000 
UAV_SEQS_55 | mAP50:90: 37.6438 | AP50: 69.7272 | AP70: 36.7302 
UAV_SEQS_59 | mAP50:90: 64.6215 | AP50: 93.7634 | AP70: 73.1382 
UAV_SEQS_6 | mAP50:90: 31.3126 | AP50: 44.5721 | AP70: 32.3841 
UAV_SEQS_63 | mAP50:90: 30.0706 | AP50: 83.8877 | AP70: 5.5377 
UAV_SEQS_65 | mAP50:90: 86.5576 | AP50: 97.5518 | AP70: 93.3956 
UAV_SEQS_7 | mAP50:90: 59.2411 | AP50: 100.0000 | AP70: 49.9109 
UAV_SEQS_71 | mAP50:90: 73.3009 | AP50: 97.4943 | AP70: 79.7616 
UAV_SEQS_73 | mAP50:90: 68.7288 | AP50: 85.4007 | AP70: 74.8097 
UAV_SEQS_74 | mAP50:90: 99.7160 | AP50: 99.7160 | AP70: 99.7160 
UAV_SEQS_77 | mAP50:90: 27.8827 | AP50: 40.7433 | AP70: 34.4891 
UAV_SEQS_8 | mAP50:90: 51.3830 | AP50: 81.4298 | AP70: 56.3853 
Overall            | mAP50:95: 61.9526 | AP50: 83.5779 | AP70: 62.1934 
epoch 12, iter    1: loss: 0.0066 | load time: 0.0005 | back time: 0.4802 | lr: 0.00009652 | best AP50 acc: 0.8120 | best AP70 acc: 0.6575 | best mAP acc: 0.6339 | best mAR acc: 0.6930 | best Score: 0.6339 | best Score epoch:  7 
epoch 12, iter   51: loss: 0.0056 | load time: 0.0002 | back time: 0.7298 | lr: 0.00009647 | best AP50 acc: 0.8120 | best AP70 acc: 0.6575 | best mAP acc: 0.6339 | best mAR acc: 0.6930 | best Score: 0.6339 | best Score epoch:  7 
epoch 12, iter  101: loss: 0.0063 | load time: 0.0002 | back time: 0.7375 | lr: 0.00009642 | best AP50 acc: 0.8120 | best AP70 acc: 0.6575 | best mAP acc: 0.6339 | best mAR acc: 0.6930 | best Score: 0.6339 | best Score epoch:  7 
epoch 12, iter  151: loss: 0.0059 | load time: 0.0002 | back time: 0.7379 | lr: 0.00009637 | best AP50 acc: 0.8120 | best AP70 acc: 0.6575 | best mAP acc: 0.6339 | best mAR acc: 0.6930 | best Score: 0.6339 | best Score epoch:  7 
epoch 12, iter  201: loss: 0.0064 | load time: 0.0002 | back time: 0.7402 | lr: 0.00009632 | best AP50 acc: 0.8120 | best AP70 acc: 0.6575 | best mAP acc: 0.6339 | best mAR acc: 0.6930 | best Score: 0.6339 | best Score epoch:  7 
epoch 12, iter  251: loss: 0.0075 | load time: 0.0002 | back time: 0.7399 | lr: 0.00009627 | best AP50 acc: 0.8120 | best AP70 acc: 0.6575 | best mAP acc: 0.6339 | best mAR acc: 0.6930 | best Score: 0.6339 | best Score epoch:  7 
epoch 12, iter  301: loss: 0.0059 | load time: 0.0002 | back time: 0.7372 | lr: 0.00009622 | best AP50 acc: 0.8120 | best AP70 acc: 0.6575 | best mAP acc: 0.6339 | best mAR acc: 0.6930 | best Score: 0.6339 | best Score epoch:  7 
epoch 12, iter  351: loss: 0.0057 | load time: 0.0001 | back time: 0.7408 | lr: 0.00009617 | best AP50 acc: 0.8120 | best AP70 acc: 0.6575 | best mAP acc: 0.6339 | best mAR acc: 0.6930 | best Score: 0.6339 | best Score epoch:  7 
epoch 12, iter  401: loss: 0.0062 | load time: 0.0001 | back time: 0.7383 | lr: 0.00009611 | best AP50 acc: 0.8120 | best AP70 acc: 0.6575 | best mAP acc: 0.6339 | best mAR acc: 0.6930 | best Score: 0.6339 | best Score epoch:  7 
epoch 12, iter  451: loss: 0.0070 | load time: 0.0001 | back time: 0.7385 | lr: 0.00009606 | best AP50 acc: 0.8120 | best AP70 acc: 0.6575 | best mAP acc: 0.6339 | best mAR acc: 0.6930 | best Score: 0.6339 | best Score epoch:  7 
epoch 12, iter  501: loss: 0.0062 | load time: 0.0001 | back time: 0.7360 | lr: 0.00009601 | best AP50 acc: 0.8120 | best AP70 acc: 0.6575 | best mAP acc: 0.6339 | best mAR acc: 0.6930 | best Score: 0.6339 | best Score epoch:  7 
epoch 12, iter  551: loss: 0.0061 | load time: 0.0002 | back time: 0.7360 | lr: 0.00009596 | best AP50 acc: 0.8120 | best AP70 acc: 0.6575 | best mAP acc: 0.6339 | best mAR acc: 0.6930 | best Score: 0.6339 | best Score epoch:  7 
epoch 12, iter  601: loss: 0.0067 | load time: 0.0002 | back time: 0.7376 | lr: 0.00009590 | best AP50 acc: 0.8120 | best AP70 acc: 0.6575 | best mAP acc: 0.6339 | best mAR acc: 0.6930 | best Score: 0.6339 | best Score epoch:  7 
epoch 12, iter  651: loss: 0.0081 | load time: 0.0002 | back time: 0.7379 | lr: 0.00009585 | best AP50 acc: 0.8120 | best AP70 acc: 0.6575 | best mAP acc: 0.6339 | best mAR acc: 0.6930 | best Score: 0.6339 | best Score epoch:  7 
epoch 12, iter  701: loss: 0.0067 | load time: 0.0001 | back time: 0.7379 | lr: 0.00009579 | best AP50 acc: 0.8120 | best AP70 acc: 0.6575 | best mAP acc: 0.6339 | best mAR acc: 0.6930 | best Score: 0.6339 | best Score epoch:  7 
epoch 12, iter  751: loss: 0.0063 | load time: 0.0002 | back time: 0.7367 | lr: 0.00009574 | best AP50 acc: 0.8120 | best AP70 acc: 0.6575 | best mAP acc: 0.6339 | best mAR acc: 0.6930 | best Score: 0.6339 | best Score epoch:  7 
epoch 12, iter  801: loss: 0.0060 | load time: 0.0003 | back time: 0.7378 | lr: 0.00009568 | best AP50 acc: 0.8120 | best AP70 acc: 0.6575 | best mAP acc: 0.6339 | best mAR acc: 0.6930 | best Score: 0.6339 | best Score epoch:  7 
epoch 12, iter  851: loss: 0.0067 | load time: 0.0002 | back time: 0.7364 | lr: 0.00009563 | best AP50 acc: 0.8120 | best AP70 acc: 0.6575 | best mAP acc: 0.6339 | best mAR acc: 0.6930 | best Score: 0.6339 | best Score epoch:  7 
epoch 12, iter  901: loss: 0.0060 | load time: 0.0002 | back time: 0.7365 | lr: 0.00009557 | best AP50 acc: 0.8120 | best AP70 acc: 0.6575 | best mAP acc: 0.6339 | best mAR acc: 0.6930 | best Score: 0.6339 | best Score epoch:  7 
epoch 12, iter  951: loss: 0.0066 | load time: 0.0002 | back time: 0.7382 | lr: 0.00009552 | best AP50 acc: 0.8120 | best AP70 acc: 0.6575 | best mAP acc: 0.6339 | best mAR acc: 0.6930 | best Score: 0.6339 | best Score epoch:  7 
epoch 12, iter 1001: loss: 0.0062 | load time: 0.0002 | back time: 0.7374 | lr: 0.00009546 | best AP50 acc: 0.8120 | best AP70 acc: 0.6575 | best mAP acc: 0.6339 | best mAR acc: 0.6930 | best Score: 0.6339 | best Score epoch:  7 
epoch 12, iter 1051: loss: 0.0064 | load time: 0.0002 | back time: 0.7370 | lr: 0.00009540 | best AP50 acc: 0.8120 | best AP70 acc: 0.6575 | best mAP acc: 0.6339 | best mAR acc: 0.6930 | best Score: 0.6339 | best Score epoch:  7 
epoch 12, iter 1101: loss: 0.0063 | load time: 0.0002 | back time: 0.7378 | lr: 0.00009535 | best AP50 acc: 0.8120 | best AP70 acc: 0.6575 | best mAP acc: 0.6339 | best mAR acc: 0.6930 | best Score: 0.6339 | best Score epoch:  7 
epoch 12, iter 1151: loss: 0.0059 | load time: 0.0001 | back time: 0.7380 | lr: 0.00009529 | best AP50 acc: 0.8120 | best AP70 acc: 0.6575 | best mAP acc: 0.6339 | best mAR acc: 0.6930 | best Score: 0.6339 | best Score epoch:  7 
UAV_SEQS_2 | mAP50:90: 30.2428 | AP50: 61.3222 | AP70: 28.5329 
UAV_SEQS_37 | mAP50:90: 77.2768 | AP50: 94.8350 | AP70: 75.0915 
UAV_SEQS_45 | mAP50:90: 91.1680 | AP50: 100.0000 | AP70: 98.6073 
UAV_SEQS_47 | mAP50:90: 95.3179 | AP50: 100.0000 | AP70: 100.0000 
UAV_SEQS_55 | mAP50:90: 34.0258 | AP50: 57.9161 | AP70: 34.3896 
UAV_SEQS_59 | mAP50:90: 62.0443 | AP50: 89.0139 | AP70: 66.7110 
UAV_SEQS_6 | mAP50:90: 39.1353 | AP50: 52.7462 | AP70: 42.8719 
UAV_SEQS_63 | mAP50:90: 11.4880 | AP50: 47.1192 | AP70: 0.5809 
UAV_SEQS_65 | mAP50:90: 81.1115 | AP50: 97.4078 | AP70: 93.4676 
UAV_SEQS_7 | mAP50:90: 62.3761 | AP50: 100.0000 | AP70: 73.7440 
UAV_SEQS_71 | mAP50:90: 70.3998 | AP50: 95.2695 | AP70: 75.9670 
UAV_SEQS_73 | mAP50:90: 67.9355 | AP50: 84.2139 | AP70: 78.3595 
UAV_SEQS_74 | mAP50:90: 99.8812 | AP50: 100.0000 | AP70: 100.0000 
UAV_SEQS_77 | mAP50:90: 13.6052 | AP50: 19.4684 | AP70: 17.5186 
UAV_SEQS_8 | mAP50:90: 81.9203 | AP50: 97.0297 | AP70: 91.2413 
Overall            | mAP50:95: 59.1039 | AP50: 79.7331 | AP70: 62.0176 
epoch 13, iter    1: loss: 0.0066 | load time: 0.0005 | back time: 0.4549 | lr: 0.00009529 | best AP50 acc: 0.8120 | best AP70 acc: 0.6575 | best mAP acc: 0.6339 | best mAR acc: 0.6930 | best Score: 0.6339 | best Score epoch:  7 
epoch 13, iter   51: loss: 0.0062 | load time: 0.0002 | back time: 0.7286 | lr: 0.00009523 | best AP50 acc: 0.8120 | best AP70 acc: 0.6575 | best mAP acc: 0.6339 | best mAR acc: 0.6930 | best Score: 0.6339 | best Score epoch:  7 
epoch 13, iter  101: loss: 0.0070 | load time: 0.0002 | back time: 0.7326 | lr: 0.00009517 | best AP50 acc: 0.8120 | best AP70 acc: 0.6575 | best mAP acc: 0.6339 | best mAR acc: 0.6930 | best Score: 0.6339 | best Score epoch:  7 
epoch 13, iter  151: loss: 0.0070 | load time: 0.0001 | back time: 0.7371 | lr: 0.00009511 | best AP50 acc: 0.8120 | best AP70 acc: 0.6575 | best mAP acc: 0.6339 | best mAR acc: 0.6930 | best Score: 0.6339 | best Score epoch:  7 
epoch 13, iter  201: loss: 0.0059 | load time: 0.0002 | back time: 0.7373 | lr: 0.00009506 | best AP50 acc: 0.8120 | best AP70 acc: 0.6575 | best mAP acc: 0.6339 | best mAR acc: 0.6930 | best Score: 0.6339 | best Score epoch:  7 
epoch 13, iter  251: loss: 0.0069 | load time: 0.0001 | back time: 0.7356 | lr: 0.00009500 | best AP50 acc: 0.8120 | best AP70 acc: 0.6575 | best mAP acc: 0.6339 | best mAR acc: 0.6930 | best Score: 0.6339 | best Score epoch:  7 
epoch 13, iter  301: loss: 0.0065 | load time: 0.0002 | back time: 0.7376 | lr: 0.00009494 | best AP50 acc: 0.8120 | best AP70 acc: 0.6575 | best mAP acc: 0.6339 | best mAR acc: 0.6930 | best Score: 0.6339 | best Score epoch:  7 
epoch 13, iter  351: loss: 0.0075 | load time: 0.0002 | back time: 0.7364 | lr: 0.00009488 | best AP50 acc: 0.8120 | best AP70 acc: 0.6575 | best mAP acc: 0.6339 | best mAR acc: 0.6930 | best Score: 0.6339 | best Score epoch:  7 
epoch 13, iter  401: loss: 0.0063 | load time: 0.0002 | back time: 0.7371 | lr: 0.00009482 | best AP50 acc: 0.8120 | best AP70 acc: 0.6575 | best mAP acc: 0.6339 | best mAR acc: 0.6930 | best Score: 0.6339 | best Score epoch:  7 
epoch 13, iter  451: loss: 0.0069 | load time: 0.0002 | back time: 0.7375 | lr: 0.00009476 | best AP50 acc: 0.8120 | best AP70 acc: 0.6575 | best mAP acc: 0.6339 | best mAR acc: 0.6930 | best Score: 0.6339 | best Score epoch:  7 
epoch 13, iter  501: loss: 0.0060 | load time: 0.0002 | back time: 0.7375 | lr: 0.00009470 | best AP50 acc: 0.8120 | best AP70 acc: 0.6575 | best mAP acc: 0.6339 | best mAR acc: 0.6930 | best Score: 0.6339 | best Score epoch:  7 
epoch 13, iter  551: loss: 0.0060 | load time: 0.0002 | back time: 0.7374 | lr: 0.00009464 | best AP50 acc: 0.8120 | best AP70 acc: 0.6575 | best mAP acc: 0.6339 | best mAR acc: 0.6930 | best Score: 0.6339 | best Score epoch:  7 
epoch 13, iter  601: loss: 0.0061 | load time: 0.0002 | back time: 0.7364 | lr: 0.00009457 | best AP50 acc: 0.8120 | best AP70 acc: 0.6575 | best mAP acc: 0.6339 | best mAR acc: 0.6930 | best Score: 0.6339 | best Score epoch:  7 
epoch 13, iter  651: loss: 0.0068 | load time: 0.0002 | back time: 0.7377 | lr: 0.00009451 | best AP50 acc: 0.8120 | best AP70 acc: 0.6575 | best mAP acc: 0.6339 | best mAR acc: 0.6930 | best Score: 0.6339 | best Score epoch:  7 
epoch 13, iter  701: loss: 0.0072 | load time: 0.0001 | back time: 0.7377 | lr: 0.00009445 | best AP50 acc: 0.8120 | best AP70 acc: 0.6575 | best mAP acc: 0.6339 | best mAR acc: 0.6930 | best Score: 0.6339 | best Score epoch:  7 
epoch 13, iter  751: loss: 0.0064 | load time: 0.0002 | back time: 0.7388 | lr: 0.00009439 | best AP50 acc: 0.8120 | best AP70 acc: 0.6575 | best mAP acc: 0.6339 | best mAR acc: 0.6930 | best Score: 0.6339 | best Score epoch:  7 
epoch 13, iter  801: loss: 0.0064 | load time: 0.0002 | back time: 0.7349 | lr: 0.00009433 | best AP50 acc: 0.8120 | best AP70 acc: 0.6575 | best mAP acc: 0.6339 | best mAR acc: 0.6930 | best Score: 0.6339 | best Score epoch:  7 
epoch 13, iter  851: loss: 0.0062 | load time: 0.0002 | back time: 0.7375 | lr: 0.00009426 | best AP50 acc: 0.8120 | best AP70 acc: 0.6575 | best mAP acc: 0.6339 | best mAR acc: 0.6930 | best Score: 0.6339 | best Score epoch:  7 
epoch 13, iter  901: loss: 0.0062 | load time: 0.0002 | back time: 0.7376 | lr: 0.00009420 | best AP50 acc: 0.8120 | best AP70 acc: 0.6575 | best mAP acc: 0.6339 | best mAR acc: 0.6930 | best Score: 0.6339 | best Score epoch:  7 
epoch 13, iter  951: loss: 0.0056 | load time: 0.0002 | back time: 0.7379 | lr: 0.00009414 | best AP50 acc: 0.8120 | best AP70 acc: 0.6575 | best mAP acc: 0.6339 | best mAR acc: 0.6930 | best Score: 0.6339 | best Score epoch:  7 
epoch 13, iter 1001: loss: 0.0060 | load time: 0.0002 | back time: 0.7369 | lr: 0.00009407 | best AP50 acc: 0.8120 | best AP70 acc: 0.6575 | best mAP acc: 0.6339 | best mAR acc: 0.6930 | best Score: 0.6339 | best Score epoch:  7 
epoch 13, iter 1051: loss: 0.0061 | load time: 0.0002 | back time: 0.7378 | lr: 0.00009401 | best AP50 acc: 0.8120 | best AP70 acc: 0.6575 | best mAP acc: 0.6339 | best mAR acc: 0.6930 | best Score: 0.6339 | best Score epoch:  7 
epoch 13, iter 1101: loss: 0.0063 | load time: 0.0001 | back time: 0.7355 | lr: 0.00009394 | best AP50 acc: 0.8120 | best AP70 acc: 0.6575 | best mAP acc: 0.6339 | best mAR acc: 0.6930 | best Score: 0.6339 | best Score epoch:  7 
epoch 13, iter 1151: loss: 0.0070 | load time: 0.0001 | back time: 0.7380 | lr: 0.00009388 | best AP50 acc: 0.8120 | best AP70 acc: 0.6575 | best mAP acc: 0.6339 | best mAR acc: 0.6930 | best Score: 0.6339 | best Score epoch:  7 
UAV_SEQS_2 | mAP50:90: 21.7150 | AP50: 50.6262 | AP70: 20.5683 
UAV_SEQS_37 | mAP50:90: 70.8413 | AP50: 94.7657 | AP70: 71.4511 
UAV_SEQS_45 | mAP50:90: 92.9693 | AP50: 100.0000 | AP70: 100.0000 
UAV_SEQS_47 | mAP50:90: 96.8981 | AP50: 100.0000 | AP70: 100.0000 
UAV_SEQS_55 | mAP50:90: 35.3809 | AP50: 56.4059 | AP70: 35.1179 
UAV_SEQS_59 | mAP50:90: 65.2741 | AP50: 93.7535 | AP70: 76.2053 
UAV_SEQS_6 | mAP50:90: 33.6512 | AP50: 47.0893 | AP70: 34.0778 
UAV_SEQS_63 | mAP50:90: 3.4849 | AP50: 18.0396 | AP70: 0.0101 
UAV_SEQS_65 | mAP50:90: 88.6259 | AP50: 97.4792 | AP70: 93.2585 
UAV_SEQS_7 | mAP50:90: 52.3626 | AP50: 98.0198 | AP70: 47.5448 
UAV_SEQS_71 | mAP50:90: 62.6241 | AP50: 91.2950 | AP70: 68.9408 
UAV_SEQS_73 | mAP50:90: 64.1979 | AP50: 84.4539 | AP70: 74.2030 
UAV_SEQS_74 | mAP50:90: 98.2811 | AP50: 100.0000 | AP70: 100.0000 
UAV_SEQS_77 | mAP50:90: 12.3667 | AP50: 19.8332 | AP70: 16.8300 
UAV_SEQS_8 | mAP50:90: 40.5124 | AP50: 69.9444 | AP70: 48.4301 
Overall            | mAP50:95: 55.8289 | AP50: 76.3340 | AP70: 58.7566 
epoch 14, iter    1: loss: 0.0059 | load time: 0.0007 | back time: 0.3541 | lr: 0.00009388 | best AP50 acc: 0.8120 | best AP70 acc: 0.6575 | best mAP acc: 0.6339 | best mAR acc: 0.6930 | best Score: 0.6339 | best Score epoch:  7 
epoch 14, iter   51: loss: 0.0063 | load time: 0.0002 | back time: 0.7304 | lr: 0.00009381 | best AP50 acc: 0.8120 | best AP70 acc: 0.6575 | best mAP acc: 0.6339 | best mAR acc: 0.6930 | best Score: 0.6339 | best Score epoch:  7 
epoch 14, iter  101: loss: 0.0057 | load time: 0.0001 | back time: 0.7367 | lr: 0.00009375 | best AP50 acc: 0.8120 | best AP70 acc: 0.6575 | best mAP acc: 0.6339 | best mAR acc: 0.6930 | best Score: 0.6339 | best Score epoch:  7 
epoch 14, iter  151: loss: 0.0060 | load time: 0.0002 | back time: 0.7364 | lr: 0.00009368 | best AP50 acc: 0.8120 | best AP70 acc: 0.6575 | best mAP acc: 0.6339 | best mAR acc: 0.6930 | best Score: 0.6339 | best Score epoch:  7 
epoch 14, iter  201: loss: 0.0066 | load time: 0.0002 | back time: 0.7393 | lr: 0.00009361 | best AP50 acc: 0.8120 | best AP70 acc: 0.6575 | best mAP acc: 0.6339 | best mAR acc: 0.6930 | best Score: 0.6339 | best Score epoch:  7 
epoch 14, iter  251: loss: 0.0066 | load time: 0.0002 | back time: 0.7368 | lr: 0.00009355 | best AP50 acc: 0.8120 | best AP70 acc: 0.6575 | best mAP acc: 0.6339 | best mAR acc: 0.6930 | best Score: 0.6339 | best Score epoch:  7 
epoch 14, iter  301: loss: 0.0063 | load time: 0.0002 | back time: 0.7380 | lr: 0.00009348 | best AP50 acc: 0.8120 | best AP70 acc: 0.6575 | best mAP acc: 0.6339 | best mAR acc: 0.6930 | best Score: 0.6339 | best Score epoch:  7 
epoch 14, iter  351: loss: 0.0071 | load time: 0.0001 | back time: 0.7359 | lr: 0.00009341 | best AP50 acc: 0.8120 | best AP70 acc: 0.6575 | best mAP acc: 0.6339 | best mAR acc: 0.6930 | best Score: 0.6339 | best Score epoch:  7 
epoch 14, iter  401: loss: 0.0070 | load time: 0.0002 | back time: 0.7367 | lr: 0.00009335 | best AP50 acc: 0.8120 | best AP70 acc: 0.6575 | best mAP acc: 0.6339 | best mAR acc: 0.6930 | best Score: 0.6339 | best Score epoch:  7 
epoch 14, iter  451: loss: 0.0068 | load time: 0.0001 | back time: 0.7367 | lr: 0.00009328 | best AP50 acc: 0.8120 | best AP70 acc: 0.6575 | best mAP acc: 0.6339 | best mAR acc: 0.6930 | best Score: 0.6339 | best Score epoch:  7 
epoch 14, iter  501: loss: 0.0061 | load time: 0.0002 | back time: 0.7375 | lr: 0.00009321 | best AP50 acc: 0.8120 | best AP70 acc: 0.6575 | best mAP acc: 0.6339 | best mAR acc: 0.6930 | best Score: 0.6339 | best Score epoch:  7 
epoch 14, iter  551: loss: 0.0060 | load time: 0.0002 | back time: 0.7381 | lr: 0.00009314 | best AP50 acc: 0.8120 | best AP70 acc: 0.6575 | best mAP acc: 0.6339 | best mAR acc: 0.6930 | best Score: 0.6339 | best Score epoch:  7 
epoch 14, iter  601: loss: 0.0070 | load time: 0.0002 | back time: 0.7430 | lr: 0.00009307 | best AP50 acc: 0.8120 | best AP70 acc: 0.6575 | best mAP acc: 0.6339 | best mAR acc: 0.6930 | best Score: 0.6339 | best Score epoch:  7 
epoch 14, iter  651: loss: 0.0064 | load time: 0.0002 | back time: 0.7369 | lr: 0.00009300 | best AP50 acc: 0.8120 | best AP70 acc: 0.6575 | best mAP acc: 0.6339 | best mAR acc: 0.6930 | best Score: 0.6339 | best Score epoch:  7 
epoch 14, iter  701: loss: 0.0062 | load time: 0.0003 | back time: 0.7372 | lr: 0.00009293 | best AP50 acc: 0.8120 | best AP70 acc: 0.6575 | best mAP acc: 0.6339 | best mAR acc: 0.6930 | best Score: 0.6339 | best Score epoch:  7 
epoch 14, iter  751: loss: 0.0061 | load time: 0.0002 | back time: 0.7386 | lr: 0.00009286 | best AP50 acc: 0.8120 | best AP70 acc: 0.6575 | best mAP acc: 0.6339 | best mAR acc: 0.6930 | best Score: 0.6339 | best Score epoch:  7 
epoch 14, iter  801: loss: 0.0063 | load time: 0.0002 | back time: 0.7366 | lr: 0.00009279 | best AP50 acc: 0.8120 | best AP70 acc: 0.6575 | best mAP acc: 0.6339 | best mAR acc: 0.6930 | best Score: 0.6339 | best Score epoch:  7 
epoch 14, iter  851: loss: 0.0063 | load time: 0.0002 | back time: 0.7392 | lr: 0.00009272 | best AP50 acc: 0.8120 | best AP70 acc: 0.6575 | best mAP acc: 0.6339 | best mAR acc: 0.6930 | best Score: 0.6339 | best Score epoch:  7 
epoch 14, iter  901: loss: 0.0058 | load time: 0.0002 | back time: 0.7368 | lr: 0.00009265 | best AP50 acc: 0.8120 | best AP70 acc: 0.6575 | best mAP acc: 0.6339 | best mAR acc: 0.6930 | best Score: 0.6339 | best Score epoch:  7 
epoch 14, iter  951: loss: 0.0068 | load time: 0.0002 | back time: 0.7355 | lr: 0.00009258 | best AP50 acc: 0.8120 | best AP70 acc: 0.6575 | best mAP acc: 0.6339 | best mAR acc: 0.6930 | best Score: 0.6339 | best Score epoch:  7 
epoch 14, iter 1001: loss: 0.0064 | load time: 0.0002 | back time: 0.7371 | lr: 0.00009251 | best AP50 acc: 0.8120 | best AP70 acc: 0.6575 | best mAP acc: 0.6339 | best mAR acc: 0.6930 | best Score: 0.6339 | best Score epoch:  7 
epoch 14, iter 1051: loss: 0.0059 | load time: 0.0001 | back time: 0.7374 | lr: 0.00009244 | best AP50 acc: 0.8120 | best AP70 acc: 0.6575 | best mAP acc: 0.6339 | best mAR acc: 0.6930 | best Score: 0.6339 | best Score epoch:  7 
epoch 14, iter 1101: loss: 0.0067 | load time: 0.0001 | back time: 0.7347 | lr: 0.00009237 | best AP50 acc: 0.8120 | best AP70 acc: 0.6575 | best mAP acc: 0.6339 | best mAR acc: 0.6930 | best Score: 0.6339 | best Score epoch:  7 
epoch 14, iter 1151: loss: 0.0058 | load time: 0.0001 | back time: 0.7376 | lr: 0.00009230 | best AP50 acc: 0.8120 | best AP70 acc: 0.6575 | best mAP acc: 0.6339 | best mAR acc: 0.6930 | best Score: 0.6339 | best Score epoch:  7 
UAV_SEQS_2 | mAP50:90: 38.1043 | AP50: 58.6574 | AP70: 41.0916 
UAV_SEQS_37 | mAP50:90: 89.6691 | AP50: 100.0000 | AP70: 95.0100 
UAV_SEQS_45 | mAP50:90: 85.4401 | AP50: 100.0000 | AP70: 90.4970 
UAV_SEQS_47 | mAP50:90: 98.2824 | AP50: 100.0000 | AP70: 100.0000 
UAV_SEQS_55 | mAP50:90: 41.9700 | AP50: 68.6528 | AP70: 42.6465 
UAV_SEQS_59 | mAP50:90: 62.6084 | AP50: 92.9689 | AP70: 67.5497 
UAV_SEQS_6 | mAP50:90: 39.4576 | AP50: 53.9409 | AP70: 39.4028 
UAV_SEQS_63 | mAP50:90: 0.4483 | AP50: 3.7045 | AP70: 0.0044 
UAV_SEQS_65 | mAP50:90: 80.0581 | AP50: 95.7922 | AP70: 86.1094 
UAV_SEQS_7 | mAP50:90: 79.1568 | AP50: 100.0000 | AP70: 98.9307 
UAV_SEQS_71 | mAP50:90: 62.9233 | AP50: 91.6753 | AP70: 69.1397 
UAV_SEQS_73 | mAP50:90: 67.1725 | AP50: 83.8906 | AP70: 72.1462 
UAV_SEQS_74 | mAP50:90: 98.8717 | AP50: 100.0000 | AP70: 100.0000 
UAV_SEQS_77 | mAP50:90: 27.7764 | AP50: 48.2383 | AP70: 33.3456 
UAV_SEQS_8 | mAP50:90: 80.4412 | AP50: 98.0198 | AP70: 83.9667 
Overall            | mAP50:95: 62.8491 | AP50: 78.7382 | AP70: 67.4141 
epoch 15, iter    1: loss: 0.0060 | load time: 0.0034 | back time: 0.4642 | lr: 0.00009229 | best AP50 acc: 0.8120 | best AP70 acc: 0.6575 | best mAP acc: 0.6339 | best mAR acc: 0.6930 | best Score: 0.6339 | best Score epoch:  7 
epoch 15, iter   51: loss: 0.0059 | load time: 0.0001 | back time: 0.7309 | lr: 0.00009222 | best AP50 acc: 0.8120 | best AP70 acc: 0.6575 | best mAP acc: 0.6339 | best mAR acc: 0.6930 | best Score: 0.6339 | best Score epoch:  7 
epoch 15, iter  101: loss: 0.0059 | load time: 0.0002 | back time: 0.7352 | lr: 0.00009215 | best AP50 acc: 0.8120 | best AP70 acc: 0.6575 | best mAP acc: 0.6339 | best mAR acc: 0.6930 | best Score: 0.6339 | best Score epoch:  7 
epoch 15, iter  151: loss: 0.0058 | load time: 0.0001 | back time: 0.7371 | lr: 0.00009207 | best AP50 acc: 0.8120 | best AP70 acc: 0.6575 | best mAP acc: 0.6339 | best mAR acc: 0.6930 | best Score: 0.6339 | best Score epoch:  7 
epoch 15, iter  201: loss: 0.0059 | load time: 0.0002 | back time: 0.7393 | lr: 0.00009200 | best AP50 acc: 0.8120 | best AP70 acc: 0.6575 | best mAP acc: 0.6339 | best mAR acc: 0.6930 | best Score: 0.6339 | best Score epoch:  7 
epoch 15, iter  251: loss: 0.0060 | load time: 0.0002 | back time: 0.7363 | lr: 0.00009193 | best AP50 acc: 0.8120 | best AP70 acc: 0.6575 | best mAP acc: 0.6339 | best mAR acc: 0.6930 | best Score: 0.6339 | best Score epoch:  7 
epoch 15, iter  301: loss: 0.0067 | load time: 0.0002 | back time: 0.7367 | lr: 0.00009185 | best AP50 acc: 0.8120 | best AP70 acc: 0.6575 | best mAP acc: 0.6339 | best mAR acc: 0.6930 | best Score: 0.6339 | best Score epoch:  7 
epoch 15, iter  351: loss: 0.0061 | load time: 0.0001 | back time: 0.7360 | lr: 0.00009178 | best AP50 acc: 0.8120 | best AP70 acc: 0.6575 | best mAP acc: 0.6339 | best mAR acc: 0.6930 | best Score: 0.6339 | best Score epoch:  7 
epoch 15, iter  401: loss: 0.0059 | load time: 0.0001 | back time: 0.7376 | lr: 0.00009170 | best AP50 acc: 0.8120 | best AP70 acc: 0.6575 | best mAP acc: 0.6339 | best mAR acc: 0.6930 | best Score: 0.6339 | best Score epoch:  7 
epoch 15, iter  451: loss: 0.0059 | load time: 0.0002 | back time: 0.7364 | lr: 0.00009163 | best AP50 acc: 0.8120 | best AP70 acc: 0.6575 | best mAP acc: 0.6339 | best mAR acc: 0.6930 | best Score: 0.6339 | best Score epoch:  7 
epoch 15, iter  501: loss: 0.0057 | load time: 0.0002 | back time: 0.7346 | lr: 0.00009155 | best AP50 acc: 0.8120 | best AP70 acc: 0.6575 | best mAP acc: 0.6339 | best mAR acc: 0.6930 | best Score: 0.6339 | best Score epoch:  7 
epoch 15, iter  551: loss: 0.0061 | load time: 0.0003 | back time: 0.7361 | lr: 0.00009148 | best AP50 acc: 0.8120 | best AP70 acc: 0.6575 | best mAP acc: 0.6339 | best mAR acc: 0.6930 | best Score: 0.6339 | best Score epoch:  7 
epoch 15, iter  601: loss: 0.0061 | load time: 0.0002 | back time: 0.7366 | lr: 0.00009140 | best AP50 acc: 0.8120 | best AP70 acc: 0.6575 | best mAP acc: 0.6339 | best mAR acc: 0.6930 | best Score: 0.6339 | best Score epoch:  7 
epoch 15, iter  651: loss: 0.0059 | load time: 0.0002 | back time: 0.7379 | lr: 0.00009133 | best AP50 acc: 0.8120 | best AP70 acc: 0.6575 | best mAP acc: 0.6339 | best mAR acc: 0.6930 | best Score: 0.6339 | best Score epoch:  7 
epoch 15, iter  701: loss: 0.0058 | load time: 0.0002 | back time: 0.7365 | lr: 0.00009125 | best AP50 acc: 0.8120 | best AP70 acc: 0.6575 | best mAP acc: 0.6339 | best mAR acc: 0.6930 | best Score: 0.6339 | best Score epoch:  7 
epoch 15, iter  751: loss: 0.0062 | load time: 0.0001 | back time: 0.7376 | lr: 0.00009117 | best AP50 acc: 0.8120 | best AP70 acc: 0.6575 | best mAP acc: 0.6339 | best mAR acc: 0.6930 | best Score: 0.6339 | best Score epoch:  7 
epoch 15, iter  801: loss: 0.0061 | load time: 0.0002 | back time: 0.7371 | lr: 0.00009110 | best AP50 acc: 0.8120 | best AP70 acc: 0.6575 | best mAP acc: 0.6339 | best mAR acc: 0.6930 | best Score: 0.6339 | best Score epoch:  7 
epoch 15, iter  851: loss: 0.0057 | load time: 0.0001 | back time: 0.7362 | lr: 0.00009102 | best AP50 acc: 0.8120 | best AP70 acc: 0.6575 | best mAP acc: 0.6339 | best mAR acc: 0.6930 | best Score: 0.6339 | best Score epoch:  7 
epoch 15, iter  901: loss: 0.0064 | load time: 0.0001 | back time: 0.7362 | lr: 0.00009094 | best AP50 acc: 0.8120 | best AP70 acc: 0.6575 | best mAP acc: 0.6339 | best mAR acc: 0.6930 | best Score: 0.6339 | best Score epoch:  7 
epoch 15, iter  951: loss: 0.0064 | load time: 0.0002 | back time: 0.7376 | lr: 0.00009086 | best AP50 acc: 0.8120 | best AP70 acc: 0.6575 | best mAP acc: 0.6339 | best mAR acc: 0.6930 | best Score: 0.6339 | best Score epoch:  7 
epoch 15, iter 1001: loss: 0.0061 | load time: 0.0002 | back time: 0.7335 | lr: 0.00009078 | best AP50 acc: 0.8120 | best AP70 acc: 0.6575 | best mAP acc: 0.6339 | best mAR acc: 0.6930 | best Score: 0.6339 | best Score epoch:  7 
epoch 15, iter 1051: loss: 0.0058 | load time: 0.0002 | back time: 0.7361 | lr: 0.00009071 | best AP50 acc: 0.8120 | best AP70 acc: 0.6575 | best mAP acc: 0.6339 | best mAR acc: 0.6930 | best Score: 0.6339 | best Score epoch:  7 
epoch 15, iter 1101: loss: 0.0064 | load time: 0.0001 | back time: 0.7359 | lr: 0.00009063 | best AP50 acc: 0.8120 | best AP70 acc: 0.6575 | best mAP acc: 0.6339 | best mAR acc: 0.6930 | best Score: 0.6339 | best Score epoch:  7 
epoch 15, iter 1151: loss: 0.0064 | load time: 0.0002 | back time: 0.7373 | lr: 0.00009055 | best AP50 acc: 0.8120 | best AP70 acc: 0.6575 | best mAP acc: 0.6339 | best mAR acc: 0.6930 | best Score: 0.6339 | best Score epoch:  7 
UAV_SEQS_2 | mAP50:90: 36.2902 | AP50: 61.6892 | AP70: 35.3100 
UAV_SEQS_37 | mAP50:90: 82.6406 | AP50: 94.8760 | AP70: 80.6542 
UAV_SEQS_45 | mAP50:90: 88.4066 | AP50: 100.0000 | AP70: 89.0957 
UAV_SEQS_47 | mAP50:90: 96.9256 | AP50: 100.0000 | AP70: 100.0000 
UAV_SEQS_55 | mAP50:90: 31.8992 | AP50: 51.1199 | AP70: 34.7069 
UAV_SEQS_59 | mAP50:90: 62.6946 | AP50: 91.2084 | AP70: 71.6152 
UAV_SEQS_6 | mAP50:90: 21.4065 | AP50: 27.8431 | AP70: 22.0131 
UAV_SEQS_63 | mAP50:90: 0.4029 | AP50: 1.3908 | AP70: 0.0795 
UAV_SEQS_65 | mAP50:90: 75.8400 | AP50: 97.3863 | AP70: 88.5785 
UAV_SEQS_7 | mAP50:90: 65.7296 | AP50: 94.9733 | AP70: 80.8067 
UAV_SEQS_71 | mAP50:90: 55.8011 | AP50: 84.9406 | AP70: 58.8969 
UAV_SEQS_73 | mAP50:90: 59.4897 | AP50: 81.8327 | AP70: 62.9795 
UAV_SEQS_74 | mAP50:90: 98.8189 | AP50: 100.0000 | AP70: 100.0000 
UAV_SEQS_77 | mAP50:90: 20.7898 | AP50: 32.0024 | AP70: 24.4626 
UAV_SEQS_8 | mAP50:90: 88.6034 | AP50: 96.0294 | AP70: 96.0294 
Overall            | mAP50:95: 60.0079 | AP50: 74.4456 | AP70: 63.4995 
epoch 16, iter    1: loss: 0.0062 | load time: 0.0004 | back time: 0.3219 | lr: 0.00009054 | best AP50 acc: 0.8120 | best AP70 acc: 0.6575 | best mAP acc: 0.6339 | best mAR acc: 0.6930 | best Score: 0.6339 | best Score epoch:  7 
epoch 16, iter   51: loss: 0.0061 | load time: 0.0002 | back time: 0.7343 | lr: 0.00009047 | best AP50 acc: 0.8120 | best AP70 acc: 0.6575 | best mAP acc: 0.6339 | best mAR acc: 0.6930 | best Score: 0.6339 | best Score epoch:  7 
epoch 16, iter  101: loss: 0.0059 | load time: 0.0002 | back time: 0.7331 | lr: 0.00009039 | best AP50 acc: 0.8120 | best AP70 acc: 0.6575 | best mAP acc: 0.6339 | best mAR acc: 0.6930 | best Score: 0.6339 | best Score epoch:  7 
epoch 16, iter  151: loss: 0.0059 | load time: 0.0002 | back time: 0.7364 | lr: 0.00009031 | best AP50 acc: 0.8120 | best AP70 acc: 0.6575 | best mAP acc: 0.6339 | best mAR acc: 0.6930 | best Score: 0.6339 | best Score epoch:  7 
epoch 16, iter  201: loss: 0.0060 | load time: 0.0002 | back time: 0.7366 | lr: 0.00009022 | best AP50 acc: 0.8120 | best AP70 acc: 0.6575 | best mAP acc: 0.6339 | best mAR acc: 0.6930 | best Score: 0.6339 | best Score epoch:  7 
epoch 16, iter  251: loss: 0.0058 | load time: 0.0002 | back time: 0.7370 | lr: 0.00009014 | best AP50 acc: 0.8120 | best AP70 acc: 0.6575 | best mAP acc: 0.6339 | best mAR acc: 0.6930 | best Score: 0.6339 | best Score epoch:  7 
epoch 16, iter  301: loss: 0.0062 | load time: 0.0001 | back time: 0.7389 | lr: 0.00009006 | best AP50 acc: 0.8120 | best AP70 acc: 0.6575 | best mAP acc: 0.6339 | best mAR acc: 0.6930 | best Score: 0.6339 | best Score epoch:  7 
epoch 16, iter  351: loss: 0.0059 | load time: 0.0002 | back time: 0.7380 | lr: 0.00008998 | best AP50 acc: 0.8120 | best AP70 acc: 0.6575 | best mAP acc: 0.6339 | best mAR acc: 0.6930 | best Score: 0.6339 | best Score epoch:  7 
epoch 16, iter  401: loss: 0.0064 | load time: 0.0002 | back time: 0.7376 | lr: 0.00008990 | best AP50 acc: 0.8120 | best AP70 acc: 0.6575 | best mAP acc: 0.6339 | best mAR acc: 0.6930 | best Score: 0.6339 | best Score epoch:  7 
epoch 16, iter  451: loss: 0.0063 | load time: 0.0003 | back time: 0.7358 | lr: 0.00008982 | best AP50 acc: 0.8120 | best AP70 acc: 0.6575 | best mAP acc: 0.6339 | best mAR acc: 0.6930 | best Score: 0.6339 | best Score epoch:  7 
epoch 16, iter  501: loss: 0.0056 | load time: 0.0001 | back time: 0.7369 | lr: 0.00008974 | best AP50 acc: 0.8120 | best AP70 acc: 0.6575 | best mAP acc: 0.6339 | best mAR acc: 0.6930 | best Score: 0.6339 | best Score epoch:  7 
epoch 16, iter  551: loss: 0.0061 | load time: 0.0002 | back time: 0.7381 | lr: 0.00008965 | best AP50 acc: 0.8120 | best AP70 acc: 0.6575 | best mAP acc: 0.6339 | best mAR acc: 0.6930 | best Score: 0.6339 | best Score epoch:  7 
epoch 16, iter  601: loss: 0.0066 | load time: 0.0002 | back time: 0.7376 | lr: 0.00008957 | best AP50 acc: 0.8120 | best AP70 acc: 0.6575 | best mAP acc: 0.6339 | best mAR acc: 0.6930 | best Score: 0.6339 | best Score epoch:  7 
epoch 16, iter  651: loss: 0.0057 | load time: 0.0002 | back time: 0.7387 | lr: 0.00008949 | best AP50 acc: 0.8120 | best AP70 acc: 0.6575 | best mAP acc: 0.6339 | best mAR acc: 0.6930 | best Score: 0.6339 | best Score epoch:  7 
epoch 16, iter  701: loss: 0.0064 | load time: 0.0001 | back time: 0.7371 | lr: 0.00008940 | best AP50 acc: 0.8120 | best AP70 acc: 0.6575 | best mAP acc: 0.6339 | best mAR acc: 0.6930 | best Score: 0.6339 | best Score epoch:  7 
epoch 16, iter  751: loss: 0.0058 | load time: 0.0002 | back time: 0.7360 | lr: 0.00008932 | best AP50 acc: 0.8120 | best AP70 acc: 0.6575 | best mAP acc: 0.6339 | best mAR acc: 0.6930 | best Score: 0.6339 | best Score epoch:  7 
epoch 16, iter  801: loss: 0.0063 | load time: 0.0003 | back time: 0.7370 | lr: 0.00008924 | best AP50 acc: 0.8120 | best AP70 acc: 0.6575 | best mAP acc: 0.6339 | best mAR acc: 0.6930 | best Score: 0.6339 | best Score epoch:  7 
epoch 16, iter  851: loss: 0.0058 | load time: 0.0002 | back time: 0.7399 | lr: 0.00008915 | best AP50 acc: 0.8120 | best AP70 acc: 0.6575 | best mAP acc: 0.6339 | best mAR acc: 0.6930 | best Score: 0.6339 | best Score epoch:  7 
epoch 16, iter  901: loss: 0.0064 | load time: 0.0002 | back time: 0.7389 | lr: 0.00008907 | best AP50 acc: 0.8120 | best AP70 acc: 0.6575 | best mAP acc: 0.6339 | best mAR acc: 0.6930 | best Score: 0.6339 | best Score epoch:  7 
epoch 16, iter  951: loss: 0.0061 | load time: 0.0002 | back time: 0.7370 | lr: 0.00008898 | best AP50 acc: 0.8120 | best AP70 acc: 0.6575 | best mAP acc: 0.6339 | best mAR acc: 0.6930 | best Score: 0.6339 | best Score epoch:  7 
epoch 16, iter 1001: loss: 0.0063 | load time: 0.0002 | back time: 0.7383 | lr: 0.00008890 | best AP50 acc: 0.8120 | best AP70 acc: 0.6575 | best mAP acc: 0.6339 | best mAR acc: 0.6930 | best Score: 0.6339 | best Score epoch:  7 
epoch 16, iter 1051: loss: 0.0061 | load time: 0.0001 | back time: 0.7358 | lr: 0.00008881 | best AP50 acc: 0.8120 | best AP70 acc: 0.6575 | best mAP acc: 0.6339 | best mAR acc: 0.6930 | best Score: 0.6339 | best Score epoch:  7 
epoch 16, iter 1101: loss: 0.0075 | load time: 0.0002 | back time: 0.7370 | lr: 0.00008873 | best AP50 acc: 0.8120 | best AP70 acc: 0.6575 | best mAP acc: 0.6339 | best mAR acc: 0.6930 | best Score: 0.6339 | best Score epoch:  7 
epoch 16, iter 1151: loss: 0.0062 | load time: 0.0001 | back time: 0.7378 | lr: 0.00008864 | best AP50 acc: 0.8120 | best AP70 acc: 0.6575 | best mAP acc: 0.6339 | best mAR acc: 0.6930 | best Score: 0.6339 | best Score epoch:  7 
UAV_SEQS_2 | mAP50:90: 16.8812 | AP50: 32.1387 | AP70: 19.0536 
UAV_SEQS_37 | mAP50:90: 89.7906 | AP50: 100.0000 | AP70: 94.4422 
UAV_SEQS_45 | mAP50:90: 91.5127 | AP50: 100.0000 | AP70: 97.8509 
UAV_SEQS_47 | mAP50:90: 95.6816 | AP50: 100.0000 | AP70: 100.0000 
UAV_SEQS_55 | mAP50:90: 46.6707 | AP50: 72.6817 | AP70: 50.7947 
UAV_SEQS_59 | mAP50:90: 63.0241 | AP50: 91.7030 | AP70: 76.0194 
UAV_SEQS_6 | mAP50:90: 34.0905 | AP50: 49.2568 | AP70: 37.2576 
UAV_SEQS_63 | mAP50:90: 4.2043 | AP50: 14.8020 | AP70: 0.8911 
UAV_SEQS_65 | mAP50:90: 80.3904 | AP50: 96.0986 | AP70: 92.1977 
UAV_SEQS_7 | mAP50:90: 57.0035 | AP50: 100.0000 | AP70: 59.2745 
UAV_SEQS_71 | mAP50:90: 69.5204 | AP50: 96.4011 | AP70: 75.7925 
UAV_SEQS_73 | mAP50:90: 67.5819 | AP50: 83.4128 | AP70: 76.3509 
UAV_SEQS_74 | mAP50:90: 97.8688 | AP50: 100.0000 | AP70: 100.0000 
UAV_SEQS_77 | mAP50:90: 20.5837 | AP50: 30.7225 | AP70: 26.4212 
UAV_SEQS_8 | mAP50:90: 77.7235 | AP50: 97.0096 | AP70: 81.9539 
Overall            | mAP50:95: 60.9564 | AP50: 78.8195 | AP70: 65.5442 
epoch 17, iter    1: loss: 0.0059 | load time: 0.0006 | back time: 0.5014 | lr: 0.00008864 | best AP50 acc: 0.8120 | best AP70 acc: 0.6575 | best mAP acc: 0.6339 | best mAR acc: 0.6930 | best Score: 0.6339 | best Score epoch:  7 
epoch 17, iter   51: loss: 0.0062 | load time: 0.0001 | back time: 0.7309 | lr: 0.00008855 | best AP50 acc: 0.8120 | best AP70 acc: 0.6575 | best mAP acc: 0.6339 | best mAR acc: 0.6930 | best Score: 0.6339 | best Score epoch:  7 
epoch 17, iter  101: loss: 0.0065 | load time: 0.0003 | back time: 0.7626 | lr: 0.00008847 | best AP50 acc: 0.8120 | best AP70 acc: 0.6575 | best mAP acc: 0.6339 | best mAR acc: 0.6930 | best Score: 0.6339 | best Score epoch:  7 
epoch 17, iter  151: loss: 0.0057 | load time: 0.0002 | back time: 0.7362 | lr: 0.00008838 | best AP50 acc: 0.8120 | best AP70 acc: 0.6575 | best mAP acc: 0.6339 | best mAR acc: 0.6930 | best Score: 0.6339 | best Score epoch:  7 
epoch 17, iter  201: loss: 0.0058 | load time: 0.0002 | back time: 0.7358 | lr: 0.00008829 | best AP50 acc: 0.8120 | best AP70 acc: 0.6575 | best mAP acc: 0.6339 | best mAR acc: 0.6930 | best Score: 0.6339 | best Score epoch:  7 
epoch 17, iter  251: loss: 0.0059 | load time: 0.0001 | back time: 0.7383 | lr: 0.00008820 | best AP50 acc: 0.8120 | best AP70 acc: 0.6575 | best mAP acc: 0.6339 | best mAR acc: 0.6930 | best Score: 0.6339 | best Score epoch:  7 
epoch 17, iter  301: loss: 0.0054 | load time: 0.0002 | back time: 0.7377 | lr: 0.00008812 | best AP50 acc: 0.8120 | best AP70 acc: 0.6575 | best mAP acc: 0.6339 | best mAR acc: 0.6930 | best Score: 0.6339 | best Score epoch:  7 
epoch 17, iter  351: loss: 0.0058 | load time: 0.0002 | back time: 0.7360 | lr: 0.00008803 | best AP50 acc: 0.8120 | best AP70 acc: 0.6575 | best mAP acc: 0.6339 | best mAR acc: 0.6930 | best Score: 0.6339 | best Score epoch:  7 
epoch 17, iter  401: loss: 0.0058 | load time: 0.0002 | back time: 0.7373 | lr: 0.00008794 | best AP50 acc: 0.8120 | best AP70 acc: 0.6575 | best mAP acc: 0.6339 | best mAR acc: 0.6930 | best Score: 0.6339 | best Score epoch:  7 
epoch 17, iter  451: loss: 0.0059 | load time: 0.0002 | back time: 0.7374 | lr: 0.00008785 | best AP50 acc: 0.8120 | best AP70 acc: 0.6575 | best mAP acc: 0.6339 | best mAR acc: 0.6930 | best Score: 0.6339 | best Score epoch:  7 
epoch 17, iter  501: loss: 0.0058 | load time: 0.0001 | back time: 0.7382 | lr: 0.00008776 | best AP50 acc: 0.8120 | best AP70 acc: 0.6575 | best mAP acc: 0.6339 | best mAR acc: 0.6930 | best Score: 0.6339 | best Score epoch:  7 
epoch 17, iter  551: loss: 0.0057 | load time: 0.0002 | back time: 0.7360 | lr: 0.00008768 | best AP50 acc: 0.8120 | best AP70 acc: 0.6575 | best mAP acc: 0.6339 | best mAR acc: 0.6930 | best Score: 0.6339 | best Score epoch:  7 
epoch 17, iter  601: loss: 0.0058 | load time: 0.0003 | back time: 0.7378 | lr: 0.00008759 | best AP50 acc: 0.8120 | best AP70 acc: 0.6575 | best mAP acc: 0.6339 | best mAR acc: 0.6930 | best Score: 0.6339 | best Score epoch:  7 
epoch 17, iter  651: loss: 0.0066 | load time: 0.0001 | back time: 0.7348 | lr: 0.00008750 | best AP50 acc: 0.8120 | best AP70 acc: 0.6575 | best mAP acc: 0.6339 | best mAR acc: 0.6930 | best Score: 0.6339 | best Score epoch:  7 
epoch 17, iter  701: loss: 0.0060 | load time: 0.0002 | back time: 0.7368 | lr: 0.00008741 | best AP50 acc: 0.8120 | best AP70 acc: 0.6575 | best mAP acc: 0.6339 | best mAR acc: 0.6930 | best Score: 0.6339 | best Score epoch:  7 
epoch 17, iter  751: loss: 0.0062 | load time: 0.0002 | back time: 0.7376 | lr: 0.00008732 | best AP50 acc: 0.8120 | best AP70 acc: 0.6575 | best mAP acc: 0.6339 | best mAR acc: 0.6930 | best Score: 0.6339 | best Score epoch:  7 
epoch 17, iter  801: loss: 0.0057 | load time: 0.0001 | back time: 0.7376 | lr: 0.00008723 | best AP50 acc: 0.8120 | best AP70 acc: 0.6575 | best mAP acc: 0.6339 | best mAR acc: 0.6930 | best Score: 0.6339 | best Score epoch:  7 
epoch 17, iter  851: loss: 0.0058 | load time: 0.0001 | back time: 0.7355 | lr: 0.00008714 | best AP50 acc: 0.8120 | best AP70 acc: 0.6575 | best mAP acc: 0.6339 | best mAR acc: 0.6930 | best Score: 0.6339 | best Score epoch:  7 
epoch 17, iter  901: loss: 0.0053 | load time: 0.0001 | back time: 0.7361 | lr: 0.00008704 | best AP50 acc: 0.8120 | best AP70 acc: 0.6575 | best mAP acc: 0.6339 | best mAR acc: 0.6930 | best Score: 0.6339 | best Score epoch:  7 
epoch 17, iter  951: loss: 0.0059 | load time: 0.0002 | back time: 0.7381 | lr: 0.00008695 | best AP50 acc: 0.8120 | best AP70 acc: 0.6575 | best mAP acc: 0.6339 | best mAR acc: 0.6930 | best Score: 0.6339 | best Score epoch:  7 
epoch 17, iter 1001: loss: 0.0058 | load time: 0.0002 | back time: 0.7356 | lr: 0.00008686 | best AP50 acc: 0.8120 | best AP70 acc: 0.6575 | best mAP acc: 0.6339 | best mAR acc: 0.6930 | best Score: 0.6339 | best Score epoch:  7 
epoch 17, iter 1051: loss: 0.0057 | load time: 0.0003 | back time: 0.7368 | lr: 0.00008677 | best AP50 acc: 0.8120 | best AP70 acc: 0.6575 | best mAP acc: 0.6339 | best mAR acc: 0.6930 | best Score: 0.6339 | best Score epoch:  7 
epoch 17, iter 1101: loss: 0.0061 | load time: 0.0002 | back time: 0.7390 | lr: 0.00008668 | best AP50 acc: 0.8120 | best AP70 acc: 0.6575 | best mAP acc: 0.6339 | best mAR acc: 0.6930 | best Score: 0.6339 | best Score epoch:  7 
epoch 17, iter 1151: loss: 0.0062 | load time: 0.0001 | back time: 0.7373 | lr: 0.00008659 | best AP50 acc: 0.8120 | best AP70 acc: 0.6575 | best mAP acc: 0.6339 | best mAR acc: 0.6930 | best Score: 0.6339 | best Score epoch:  7 
UAV_SEQS_2 | mAP50:90: 38.0678 | AP50: 67.3979 | AP70: 40.2594 
UAV_SEQS_37 | mAP50:90: 92.0689 | AP50: 100.0000 | AP70: 96.4191 
UAV_SEQS_45 | mAP50:90: 77.7732 | AP50: 100.0000 | AP70: 80.6301 
UAV_SEQS_47 | mAP50:90: 90.9937 | AP50: 100.0000 | AP70: 100.0000 
UAV_SEQS_55 | mAP50:90: 36.1492 | AP50: 58.4263 | AP70: 38.4019 
UAV_SEQS_59 | mAP50:90: 53.9320 | AP50: 83.4236 | AP70: 49.9109 
UAV_SEQS_6 | mAP50:90: 43.5545 | AP50: 69.5790 | AP70: 41.4409 
UAV_SEQS_63 | mAP50:90: 5.1715 | AP50: 26.8126 | AP70: 0.0000 
UAV_SEQS_65 | mAP50:90: 69.4841 | AP50: 95.9758 | AP70: 78.4621 
UAV_SEQS_7 | mAP50:90: 95.0720 | AP50: 100.0000 | AP70: 100.0000 
UAV_SEQS_71 | mAP50:90: 72.5128 | AP50: 96.5187 | AP70: 80.3068 
UAV_SEQS_73 | mAP50:90: 64.8517 | AP50: 81.5490 | AP70: 72.9550 
UAV_SEQS_74 | mAP50:90: 92.9379 | AP50: 100.0000 | AP70: 96.8888 
UAV_SEQS_77 | mAP50:90: 19.9408 | AP50: 29.2368 | AP70: 23.8282 
UAV_SEQS_8 | mAP50:90: 88.4080 | AP50: 97.9904 | AP70: 97.9904 
Overall            | mAP50:95: 61.9605 | AP50: 81.1660 | AP70: 65.0819 
