epoch  1, iter    1: loss: 0.8734 | load time: 0.1344 | back time: 2.7043 | lr: 0.00000012 | best AP50 acc: 0.0000 | best AP70 acc: 0.0000 | best mAP acc: 0.0000 | best mAR acc: 0.0000 | best Score: 0.0000 | best Score epoch: -1 
epoch  1, iter   51: loss: 0.4364 | load time: 0.0001 | back time: 2.1188 | lr: 0.00000098 | best AP50 acc: 0.0000 | best AP70 acc: 0.0000 | best mAP acc: 0.0000 | best mAR acc: 0.0000 | best Score: 0.0000 | best Score epoch: -1 
epoch  1, iter  101: loss: 0.2343 | load time: 0.0001 | back time: 2.1152 | lr: 0.00000185 | best AP50 acc: 0.0000 | best AP70 acc: 0.0000 | best mAP acc: 0.0000 | best mAR acc: 0.0000 | best Score: 0.0000 | best Score epoch: -1 
epoch  1, iter  151: loss: 0.1395 | load time: 0.0002 | back time: 2.1338 | lr: 0.00000272 | best AP50 acc: 0.0000 | best AP70 acc: 0.0000 | best mAP acc: 0.0000 | best mAR acc: 0.0000 | best Score: 0.0000 | best Score epoch: -1 
epoch  1, iter  201: loss: 0.0940 | load time: 0.0001 | back time: 2.1822 | lr: 0.00000359 | best AP50 acc: 0.0000 | best AP70 acc: 0.0000 | best mAP acc: 0.0000 | best mAR acc: 0.0000 | best Score: 0.0000 | best Score epoch: -1 
epoch  1, iter  251: loss: 0.0764 | load time: 0.0003 | back time: 2.1290 | lr: 0.00000445 | best AP50 acc: 0.0000 | best AP70 acc: 0.0000 | best mAP acc: 0.0000 | best mAR acc: 0.0000 | best Score: 0.0000 | best Score epoch: -1 
epoch  1, iter  301: loss: 0.0658 | load time: 0.0002 | back time: 2.1218 | lr: 0.00000532 | best AP50 acc: 0.0000 | best AP70 acc: 0.0000 | best mAP acc: 0.0000 | best mAR acc: 0.0000 | best Score: 0.0000 | best Score epoch: -1 
epoch  1, iter  351: loss: 0.0629 | load time: 0.0001 | back time: 2.1249 | lr: 0.00000619 | best AP50 acc: 0.0000 | best AP70 acc: 0.0000 | best mAP acc: 0.0000 | best mAR acc: 0.0000 | best Score: 0.0000 | best Score epoch: -1 
epoch  1, iter  401: loss: 0.0469 | load time: 0.0002 | back time: 2.1285 | lr: 0.00000705 | best AP50 acc: 0.0000 | best AP70 acc: 0.0000 | best mAP acc: 0.0000 | best mAR acc: 0.0000 | best Score: 0.0000 | best Score epoch: -1 
epoch  1, iter  451: loss: 0.0360 | load time: 0.0002 | back time: 1.9751 | lr: 0.00000792 | best AP50 acc: 0.0000 | best AP70 acc: 0.0000 | best mAP acc: 0.0000 | best mAR acc: 0.0000 | best Score: 0.0000 | best Score epoch: -1 
epoch  1, iter  501: loss: 0.0316 | load time: 0.0001 | back time: 2.0919 | lr: 0.00000879 | best AP50 acc: 0.0000 | best AP70 acc: 0.0000 | best mAP acc: 0.0000 | best mAR acc: 0.0000 | best Score: 0.0000 | best Score epoch: -1 
epoch  1, iter  551: loss: 0.0298 | load time: 0.0003 | back time: 2.1227 | lr: 0.00000966 | best AP50 acc: 0.0000 | best AP70 acc: 0.0000 | best mAP acc: 0.0000 | best mAR acc: 0.0000 | best Score: 0.0000 | best Score epoch: -1 
epoch  1, iter  601: loss: 0.0279 | load time: 0.0002 | back time: 2.1136 | lr: 0.00001052 | best AP50 acc: 0.0000 | best AP70 acc: 0.0000 | best mAP acc: 0.0000 | best mAR acc: 0.0000 | best Score: 0.0000 | best Score epoch: -1 
epoch  1, iter  651: loss: 0.0230 | load time: 0.0001 | back time: 2.1294 | lr: 0.00001139 | best AP50 acc: 0.0000 | best AP70 acc: 0.0000 | best mAP acc: 0.0000 | best mAR acc: 0.0000 | best Score: 0.0000 | best Score epoch: -1 
epoch  1, iter  701: loss: 0.0216 | load time: 0.0002 | back time: 2.0383 | lr: 0.00001226 | best AP50 acc: 0.0000 | best AP70 acc: 0.0000 | best mAP acc: 0.0000 | best mAR acc: 0.0000 | best Score: 0.0000 | best Score epoch: -1 
epoch  1, iter  751: loss: 0.0197 | load time: 0.0002 | back time: 2.1248 | lr: 0.00001313 | best AP50 acc: 0.0000 | best AP70 acc: 0.0000 | best mAP acc: 0.0000 | best mAR acc: 0.0000 | best Score: 0.0000 | best Score epoch: -1 
epoch  1, iter  801: loss: 0.0182 | load time: 0.0002 | back time: 0.9415 | lr: 0.00001399 | best AP50 acc: 0.0000 | best AP70 acc: 0.0000 | best mAP acc: 0.0000 | best mAR acc: 0.0000 | best Score: 0.0000 | best Score epoch: -1 
epoch  1, iter  851: loss: 0.0187 | load time: 0.0003 | back time: 0.9155 | lr: 0.00001486 | best AP50 acc: 0.0000 | best AP70 acc: 0.0000 | best mAP acc: 0.0000 | best mAR acc: 0.0000 | best Score: 0.0000 | best Score epoch: -1 
epoch  1, iter  901: loss: 0.0158 | load time: 0.0004 | back time: 0.9116 | lr: 0.00001573 | best AP50 acc: 0.0000 | best AP70 acc: 0.0000 | best mAP acc: 0.0000 | best mAR acc: 0.0000 | best Score: 0.0000 | best Score epoch: -1 
epoch  1, iter  951: loss: 0.0171 | load time: 0.0002 | back time: 0.9263 | lr: 0.00001659 | best AP50 acc: 0.0000 | best AP70 acc: 0.0000 | best mAP acc: 0.0000 | best mAR acc: 0.0000 | best Score: 0.0000 | best Score epoch: -1 
epoch  1, iter 1001: loss: 0.0157 | load time: 0.0002 | back time: 0.8921 | lr: 0.00001746 | best AP50 acc: 0.0000 | best AP70 acc: 0.0000 | best mAP acc: 0.0000 | best mAR acc: 0.0000 | best Score: 0.0000 | best Score epoch: -1 
epoch  1, iter 1051: loss: 0.0145 | load time: 0.0002 | back time: 2.1279 | lr: 0.00001833 | best AP50 acc: 0.0000 | best AP70 acc: 0.0000 | best mAP acc: 0.0000 | best mAR acc: 0.0000 | best Score: 0.0000 | best Score epoch: -1 
epoch  1, iter 1101: loss: 0.0132 | load time: 0.0002 | back time: 2.1412 | lr: 0.00001920 | best AP50 acc: 0.0000 | best AP70 acc: 0.0000 | best mAP acc: 0.0000 | best mAR acc: 0.0000 | best Score: 0.0000 | best Score epoch: -1 
epoch  1, iter 1151: loss: 0.0123 | load time: 0.0001 | back time: 2.1466 | lr: 0.00002006 | best AP50 acc: 0.0000 | best AP70 acc: 0.0000 | best mAP acc: 0.0000 | best mAR acc: 0.0000 | best Score: 0.0000 | best Score epoch: -1 
epoch  2, iter    1: loss: 0.0148 | load time: 0.0004 | back time: 0.1515 | lr: 0.00002010 | best AP50 acc: 0.0000 | best AP70 acc: 0.0000 | best mAP acc: 0.0000 | best mAR acc: 0.0000 | best Score: 0.0000 | best Score epoch: -1 
epoch  2, iter   51: loss: 0.0122 | load time: 0.0002 | back time: 2.1309 | lr: 0.00002096 | best AP50 acc: 0.0000 | best AP70 acc: 0.0000 | best mAP acc: 0.0000 | best mAR acc: 0.0000 | best Score: 0.0000 | best Score epoch: -1 
epoch  2, iter  101: loss: 0.0137 | load time: 0.0002 | back time: 2.1295 | lr: 0.00002183 | best AP50 acc: 0.0000 | best AP70 acc: 0.0000 | best mAP acc: 0.0000 | best mAR acc: 0.0000 | best Score: 0.0000 | best Score epoch: -1 
epoch  2, iter  151: loss: 0.0145 | load time: 0.0002 | back time: 2.1290 | lr: 0.00002270 | best AP50 acc: 0.0000 | best AP70 acc: 0.0000 | best mAP acc: 0.0000 | best mAR acc: 0.0000 | best Score: 0.0000 | best Score epoch: -1 
epoch  2, iter  201: loss: 0.0145 | load time: 0.0001 | back time: 2.1350 | lr: 0.00002357 | best AP50 acc: 0.0000 | best AP70 acc: 0.0000 | best mAP acc: 0.0000 | best mAR acc: 0.0000 | best Score: 0.0000 | best Score epoch: -1 
epoch  2, iter  251: loss: 0.0122 | load time: 0.0002 | back time: 2.1286 | lr: 0.00002443 | best AP50 acc: 0.0000 | best AP70 acc: 0.0000 | best mAP acc: 0.0000 | best mAR acc: 0.0000 | best Score: 0.0000 | best Score epoch: -1 
epoch  2, iter  301: loss: 0.0138 | load time: 0.0002 | back time: 2.1170 | lr: 0.00002530 | best AP50 acc: 0.0000 | best AP70 acc: 0.0000 | best mAP acc: 0.0000 | best mAR acc: 0.0000 | best Score: 0.0000 | best Score epoch: -1 
epoch  2, iter  351: loss: 0.0137 | load time: 0.0001 | back time: 2.1214 | lr: 0.00002617 | best AP50 acc: 0.0000 | best AP70 acc: 0.0000 | best mAP acc: 0.0000 | best mAR acc: 0.0000 | best Score: 0.0000 | best Score epoch: -1 
epoch  2, iter  401: loss: 0.0137 | load time: 0.0002 | back time: 2.1369 | lr: 0.00002703 | best AP50 acc: 0.0000 | best AP70 acc: 0.0000 | best mAP acc: 0.0000 | best mAR acc: 0.0000 | best Score: 0.0000 | best Score epoch: -1 
epoch  2, iter  451: loss: 0.0116 | load time: 0.0001 | back time: 2.1280 | lr: 0.00002790 | best AP50 acc: 0.0000 | best AP70 acc: 0.0000 | best mAP acc: 0.0000 | best mAR acc: 0.0000 | best Score: 0.0000 | best Score epoch: -1 
epoch  2, iter  501: loss: 0.0117 | load time: 0.0001 | back time: 2.0986 | lr: 0.00002877 | best AP50 acc: 0.0000 | best AP70 acc: 0.0000 | best mAP acc: 0.0000 | best mAR acc: 0.0000 | best Score: 0.0000 | best Score epoch: -1 
epoch  2, iter  551: loss: 0.0153 | load time: 0.0002 | back time: 2.1329 | lr: 0.00002964 | best AP50 acc: 0.0000 | best AP70 acc: 0.0000 | best mAP acc: 0.0000 | best mAR acc: 0.0000 | best Score: 0.0000 | best Score epoch: -1 
epoch  2, iter  601: loss: 0.0123 | load time: 0.0004 | back time: 2.1270 | lr: 0.00003050 | best AP50 acc: 0.0000 | best AP70 acc: 0.0000 | best mAP acc: 0.0000 | best mAR acc: 0.0000 | best Score: 0.0000 | best Score epoch: -1 
epoch  2, iter  651: loss: 0.0098 | load time: 0.0002 | back time: 2.1407 | lr: 0.00003137 | best AP50 acc: 0.0000 | best AP70 acc: 0.0000 | best mAP acc: 0.0000 | best mAR acc: 0.0000 | best Score: 0.0000 | best Score epoch: -1 
epoch  2, iter  701: loss: 0.0099 | load time: 0.0002 | back time: 2.1266 | lr: 0.00003224 | best AP50 acc: 0.0000 | best AP70 acc: 0.0000 | best mAP acc: 0.0000 | best mAR acc: 0.0000 | best Score: 0.0000 | best Score epoch: -1 
epoch  2, iter  751: loss: 0.0116 | load time: 0.0002 | back time: 2.1130 | lr: 0.00003311 | best AP50 acc: 0.0000 | best AP70 acc: 0.0000 | best mAP acc: 0.0000 | best mAR acc: 0.0000 | best Score: 0.0000 | best Score epoch: -1 
epoch  2, iter  801: loss: 0.0124 | load time: 0.0002 | back time: 2.0647 | lr: 0.00003397 | best AP50 acc: 0.0000 | best AP70 acc: 0.0000 | best mAP acc: 0.0000 | best mAR acc: 0.0000 | best Score: 0.0000 | best Score epoch: -1 
epoch  2, iter  851: loss: 0.0091 | load time: 0.0001 | back time: 2.1339 | lr: 0.00003484 | best AP50 acc: 0.0000 | best AP70 acc: 0.0000 | best mAP acc: 0.0000 | best mAR acc: 0.0000 | best Score: 0.0000 | best Score epoch: -1 
epoch  2, iter  901: loss: 0.0108 | load time: 0.0001 | back time: 2.1183 | lr: 0.00003571 | best AP50 acc: 0.0000 | best AP70 acc: 0.0000 | best mAP acc: 0.0000 | best mAR acc: 0.0000 | best Score: 0.0000 | best Score epoch: -1 
epoch  2, iter  951: loss: 0.0079 | load time: 0.0003 | back time: 2.1290 | lr: 0.00003657 | best AP50 acc: 0.0000 | best AP70 acc: 0.0000 | best mAP acc: 0.0000 | best mAR acc: 0.0000 | best Score: 0.0000 | best Score epoch: -1 
epoch  2, iter 1001: loss: 0.0145 | load time: 0.0002 | back time: 2.1292 | lr: 0.00003744 | best AP50 acc: 0.0000 | best AP70 acc: 0.0000 | best mAP acc: 0.0000 | best mAR acc: 0.0000 | best Score: 0.0000 | best Score epoch: -1 
epoch  2, iter 1051: loss: 0.0083 | load time: 0.0003 | back time: 0.9258 | lr: 0.00003831 | best AP50 acc: 0.0000 | best AP70 acc: 0.0000 | best mAP acc: 0.0000 | best mAR acc: 0.0000 | best Score: 0.0000 | best Score epoch: -1 
epoch  2, iter 1101: loss: 0.0079 | load time: 0.0001 | back time: 0.9649 | lr: 0.00003918 | best AP50 acc: 0.0000 | best AP70 acc: 0.0000 | best mAP acc: 0.0000 | best mAR acc: 0.0000 | best Score: 0.0000 | best Score epoch: -1 
epoch  2, iter 1151: loss: 0.0128 | load time: 0.0002 | back time: 0.9692 | lr: 0.00004004 | best AP50 acc: 0.0000 | best AP70 acc: 0.0000 | best mAP acc: 0.0000 | best mAR acc: 0.0000 | best Score: 0.0000 | best Score epoch: -1 
epoch  3, iter    1: loss: 0.0101 | load time: 0.0006 | back time: 0.1071 | lr: 0.00004008 | best AP50 acc: 0.0000 | best AP70 acc: 0.0000 | best mAP acc: 0.0000 | best mAR acc: 0.0000 | best Score: 0.0000 | best Score epoch: -1 
epoch  3, iter   51: loss: 0.0090 | load time: 0.0003 | back time: 0.9412 | lr: 0.00004094 | best AP50 acc: 0.0000 | best AP70 acc: 0.0000 | best mAP acc: 0.0000 | best mAR acc: 0.0000 | best Score: 0.0000 | best Score epoch: -1 
epoch  3, iter  101: loss: 0.0108 | load time: 0.0003 | back time: 0.9732 | lr: 0.00004181 | best AP50 acc: 0.0000 | best AP70 acc: 0.0000 | best mAP acc: 0.0000 | best mAR acc: 0.0000 | best Score: 0.0000 | best Score epoch: -1 
epoch  3, iter  151: loss: 0.0079 | load time: 0.0002 | back time: 2.1310 | lr: 0.00004268 | best AP50 acc: 0.0000 | best AP70 acc: 0.0000 | best mAP acc: 0.0000 | best mAR acc: 0.0000 | best Score: 0.0000 | best Score epoch: -1 
epoch  3, iter  201: loss: 0.0122 | load time: 0.0002 | back time: 2.1478 | lr: 0.00004355 | best AP50 acc: 0.0000 | best AP70 acc: 0.0000 | best mAP acc: 0.0000 | best mAR acc: 0.0000 | best Score: 0.0000 | best Score epoch: -1 
epoch  3, iter  251: loss: 0.0097 | load time: 0.0001 | back time: 2.1345 | lr: 0.00004441 | best AP50 acc: 0.0000 | best AP70 acc: 0.0000 | best mAP acc: 0.0000 | best mAR acc: 0.0000 | best Score: 0.0000 | best Score epoch: -1 
epoch  3, iter  301: loss: 0.0095 | load time: 0.0002 | back time: 2.1352 | lr: 0.00004528 | best AP50 acc: 0.0000 | best AP70 acc: 0.0000 | best mAP acc: 0.0000 | best mAR acc: 0.0000 | best Score: 0.0000 | best Score epoch: -1 
epoch  3, iter  351: loss: 0.0071 | load time: 0.0002 | back time: 2.1317 | lr: 0.00004615 | best AP50 acc: 0.0000 | best AP70 acc: 0.0000 | best mAP acc: 0.0000 | best mAR acc: 0.0000 | best Score: 0.0000 | best Score epoch: -1 
epoch  3, iter  401: loss: 0.0096 | load time: 0.0003 | back time: 2.1043 | lr: 0.00004701 | best AP50 acc: 0.0000 | best AP70 acc: 0.0000 | best mAP acc: 0.0000 | best mAR acc: 0.0000 | best Score: 0.0000 | best Score epoch: -1 
epoch  3, iter  451: loss: 0.0126 | load time: 0.0002 | back time: 2.1266 | lr: 0.00004788 | best AP50 acc: 0.0000 | best AP70 acc: 0.0000 | best mAP acc: 0.0000 | best mAR acc: 0.0000 | best Score: 0.0000 | best Score epoch: -1 
epoch  3, iter  501: loss: 0.0139 | load time: 0.0001 | back time: 2.1220 | lr: 0.00004875 | best AP50 acc: 0.0000 | best AP70 acc: 0.0000 | best mAP acc: 0.0000 | best mAR acc: 0.0000 | best Score: 0.0000 | best Score epoch: -1 
epoch  3, iter  551: loss: 0.0102 | load time: 0.0001 | back time: 2.1226 | lr: 0.00004962 | best AP50 acc: 0.0000 | best AP70 acc: 0.0000 | best mAP acc: 0.0000 | best mAR acc: 0.0000 | best Score: 0.0000 | best Score epoch: -1 
epoch  3, iter  601: loss: 0.0105 | load time: 0.0009 | back time: 2.1291 | lr: 0.00005048 | best AP50 acc: 0.0000 | best AP70 acc: 0.0000 | best mAP acc: 0.0000 | best mAR acc: 0.0000 | best Score: 0.0000 | best Score epoch: -1 
epoch  3, iter  651: loss: 0.0114 | load time: 0.0002 | back time: 2.1288 | lr: 0.00005135 | best AP50 acc: 0.0000 | best AP70 acc: 0.0000 | best mAP acc: 0.0000 | best mAR acc: 0.0000 | best Score: 0.0000 | best Score epoch: -1 
epoch  3, iter  701: loss: 0.0115 | load time: 0.0002 | back time: 2.1280 | lr: 0.00005222 | best AP50 acc: 0.0000 | best AP70 acc: 0.0000 | best mAP acc: 0.0000 | best mAR acc: 0.0000 | best Score: 0.0000 | best Score epoch: -1 
epoch  3, iter  751: loss: 0.0105 | load time: 0.0002 | back time: 2.1265 | lr: 0.00005309 | best AP50 acc: 0.0000 | best AP70 acc: 0.0000 | best mAP acc: 0.0000 | best mAR acc: 0.0000 | best Score: 0.0000 | best Score epoch: -1 
epoch  3, iter  801: loss: 0.0112 | load time: 0.0001 | back time: 1.4943 | lr: 0.00005395 | best AP50 acc: 0.0000 | best AP70 acc: 0.0000 | best mAP acc: 0.0000 | best mAR acc: 0.0000 | best Score: 0.0000 | best Score epoch: -1 
epoch  3, iter  851: loss: 0.0098 | load time: 0.0002 | back time: 2.1310 | lr: 0.00005482 | best AP50 acc: 0.0000 | best AP70 acc: 0.0000 | best mAP acc: 0.0000 | best mAR acc: 0.0000 | best Score: 0.0000 | best Score epoch: -1 
epoch  3, iter  901: loss: 0.0111 | load time: 0.0003 | back time: 2.1377 | lr: 0.00005569 | best AP50 acc: 0.0000 | best AP70 acc: 0.0000 | best mAP acc: 0.0000 | best mAR acc: 0.0000 | best Score: 0.0000 | best Score epoch: -1 
epoch  3, iter  951: loss: 0.0097 | load time: 0.0002 | back time: 2.1230 | lr: 0.00005655 | best AP50 acc: 0.0000 | best AP70 acc: 0.0000 | best mAP acc: 0.0000 | best mAR acc: 0.0000 | best Score: 0.0000 | best Score epoch: -1 
epoch  3, iter 1001: loss: 0.0093 | load time: 0.0002 | back time: 2.1291 | lr: 0.00005742 | best AP50 acc: 0.0000 | best AP70 acc: 0.0000 | best mAP acc: 0.0000 | best mAR acc: 0.0000 | best Score: 0.0000 | best Score epoch: -1 
epoch  3, iter 1051: loss: 0.0087 | load time: 0.0002 | back time: 0.7559 | lr: 0.00005829 | best AP50 acc: 0.0000 | best AP70 acc: 0.0000 | best mAP acc: 0.0000 | best mAR acc: 0.0000 | best Score: 0.0000 | best Score epoch: -1 
epoch  3, iter 1101: loss: 0.0086 | load time: 0.0002 | back time: 2.1367 | lr: 0.00005916 | best AP50 acc: 0.0000 | best AP70 acc: 0.0000 | best mAP acc: 0.0000 | best mAR acc: 0.0000 | best Score: 0.0000 | best Score epoch: -1 
epoch  3, iter 1151: loss: 0.0080 | load time: 0.0001 | back time: 2.0853 | lr: 0.00006002 | best AP50 acc: 0.0000 | best AP70 acc: 0.0000 | best mAP acc: 0.0000 | best mAR acc: 0.0000 | best Score: 0.0000 | best Score epoch: -1 
epoch  4, iter    1: loss: 0.0086 | load time: 0.0007 | back time: 0.1502 | lr: 0.00006006 | best AP50 acc: 0.0000 | best AP70 acc: 0.0000 | best mAP acc: 0.0000 | best mAR acc: 0.0000 | best Score: 0.0000 | best Score epoch: -1 
epoch  4, iter   51: loss: 0.0092 | load time: 0.0003 | back time: 2.1317 | lr: 0.00006092 | best AP50 acc: 0.0000 | best AP70 acc: 0.0000 | best mAP acc: 0.0000 | best mAR acc: 0.0000 | best Score: 0.0000 | best Score epoch: -1 
epoch  4, iter  101: loss: 0.0132 | load time: 0.0002 | back time: 2.1280 | lr: 0.00006179 | best AP50 acc: 0.0000 | best AP70 acc: 0.0000 | best mAP acc: 0.0000 | best mAR acc: 0.0000 | best Score: 0.0000 | best Score epoch: -1 
epoch  4, iter  151: loss: 0.0130 | load time: 0.0001 | back time: 2.1234 | lr: 0.00006266 | best AP50 acc: 0.0000 | best AP70 acc: 0.0000 | best mAP acc: 0.0000 | best mAR acc: 0.0000 | best Score: 0.0000 | best Score epoch: -1 
epoch  4, iter  201: loss: 0.0104 | load time: 0.0002 | back time: 0.9304 | lr: 0.00006353 | best AP50 acc: 0.0000 | best AP70 acc: 0.0000 | best mAP acc: 0.0000 | best mAR acc: 0.0000 | best Score: 0.0000 | best Score epoch: -1 
epoch  4, iter  251: loss: 0.0072 | load time: 0.0001 | back time: 0.9434 | lr: 0.00006439 | best AP50 acc: 0.0000 | best AP70 acc: 0.0000 | best mAP acc: 0.0000 | best mAR acc: 0.0000 | best Score: 0.0000 | best Score epoch: -1 
epoch  4, iter  301: loss: 0.0088 | load time: 0.0002 | back time: 0.7528 | lr: 0.00006526 | best AP50 acc: 0.0000 | best AP70 acc: 0.0000 | best mAP acc: 0.0000 | best mAR acc: 0.0000 | best Score: 0.0000 | best Score epoch: -1 
epoch  4, iter  351: loss: 0.0072 | load time: 0.0003 | back time: 0.9000 | lr: 0.00006613 | best AP50 acc: 0.0000 | best AP70 acc: 0.0000 | best mAP acc: 0.0000 | best mAR acc: 0.0000 | best Score: 0.0000 | best Score epoch: -1 
epoch  4, iter  401: loss: 0.0102 | load time: 0.0001 | back time: 2.1324 | lr: 0.00006699 | best AP50 acc: 0.0000 | best AP70 acc: 0.0000 | best mAP acc: 0.0000 | best mAR acc: 0.0000 | best Score: 0.0000 | best Score epoch: -1 
epoch  4, iter  451: loss: 0.0118 | load time: 0.0002 | back time: 2.1369 | lr: 0.00006786 | best AP50 acc: 0.0000 | best AP70 acc: 0.0000 | best mAP acc: 0.0000 | best mAR acc: 0.0000 | best Score: 0.0000 | best Score epoch: -1 
epoch  4, iter  501: loss: 0.0089 | load time: 0.0002 | back time: 2.1345 | lr: 0.00006873 | best AP50 acc: 0.0000 | best AP70 acc: 0.0000 | best mAP acc: 0.0000 | best mAR acc: 0.0000 | best Score: 0.0000 | best Score epoch: -1 
epoch  4, iter  551: loss: 0.0076 | load time: 0.0003 | back time: 2.0986 | lr: 0.00006960 | best AP50 acc: 0.0000 | best AP70 acc: 0.0000 | best mAP acc: 0.0000 | best mAR acc: 0.0000 | best Score: 0.0000 | best Score epoch: -1 
epoch  4, iter  601: loss: 0.0114 | load time: 0.0002 | back time: 2.0992 | lr: 0.00007046 | best AP50 acc: 0.0000 | best AP70 acc: 0.0000 | best mAP acc: 0.0000 | best mAR acc: 0.0000 | best Score: 0.0000 | best Score epoch: -1 
epoch  4, iter  651: loss: 0.0088 | load time: 0.0002 | back time: 2.1031 | lr: 0.00007133 | best AP50 acc: 0.0000 | best AP70 acc: 0.0000 | best mAP acc: 0.0000 | best mAR acc: 0.0000 | best Score: 0.0000 | best Score epoch: -1 
epoch  4, iter  701: loss: 0.0110 | load time: 0.0002 | back time: 2.1224 | lr: 0.00007220 | best AP50 acc: 0.0000 | best AP70 acc: 0.0000 | best mAP acc: 0.0000 | best mAR acc: 0.0000 | best Score: 0.0000 | best Score epoch: -1 
epoch  4, iter  751: loss: 0.0121 | load time: 0.0002 | back time: 2.1199 | lr: 0.00007307 | best AP50 acc: 0.0000 | best AP70 acc: 0.0000 | best mAP acc: 0.0000 | best mAR acc: 0.0000 | best Score: 0.0000 | best Score epoch: -1 
epoch  4, iter  801: loss: 0.0073 | load time: 0.0002 | back time: 2.0935 | lr: 0.00007393 | best AP50 acc: 0.0000 | best AP70 acc: 0.0000 | best mAP acc: 0.0000 | best mAR acc: 0.0000 | best Score: 0.0000 | best Score epoch: -1 
epoch  4, iter  851: loss: 0.0084 | load time: 0.0002 | back time: 2.1202 | lr: 0.00007480 | best AP50 acc: 0.0000 | best AP70 acc: 0.0000 | best mAP acc: 0.0000 | best mAR acc: 0.0000 | best Score: 0.0000 | best Score epoch: -1 
epoch  4, iter  901: loss: 0.0069 | load time: 0.0002 | back time: 2.0965 | lr: 0.00007567 | best AP50 acc: 0.0000 | best AP70 acc: 0.0000 | best mAP acc: 0.0000 | best mAR acc: 0.0000 | best Score: 0.0000 | best Score epoch: -1 
epoch  4, iter  951: loss: 0.0071 | load time: 0.0002 | back time: 2.1121 | lr: 0.00007653 | best AP50 acc: 0.0000 | best AP70 acc: 0.0000 | best mAP acc: 0.0000 | best mAR acc: 0.0000 | best Score: 0.0000 | best Score epoch: -1 
epoch  4, iter 1001: loss: 0.0072 | load time: 0.0002 | back time: 2.1185 | lr: 0.00007740 | best AP50 acc: 0.0000 | best AP70 acc: 0.0000 | best mAP acc: 0.0000 | best mAR acc: 0.0000 | best Score: 0.0000 | best Score epoch: -1 
epoch  4, iter 1051: loss: 0.0065 | load time: 0.0002 | back time: 2.1151 | lr: 0.00007827 | best AP50 acc: 0.0000 | best AP70 acc: 0.0000 | best mAP acc: 0.0000 | best mAR acc: 0.0000 | best Score: 0.0000 | best Score epoch: -1 
epoch  4, iter 1101: loss: 0.0088 | load time: 0.0001 | back time: 2.1202 | lr: 0.00007914 | best AP50 acc: 0.0000 | best AP70 acc: 0.0000 | best mAP acc: 0.0000 | best mAR acc: 0.0000 | best Score: 0.0000 | best Score epoch: -1 
epoch  4, iter 1151: loss: 0.0090 | load time: 0.0001 | back time: 2.1008 | lr: 0.00008000 | best AP50 acc: 0.0000 | best AP70 acc: 0.0000 | best mAP acc: 0.0000 | best mAR acc: 0.0000 | best Score: 0.0000 | best Score epoch: -1 
epoch  5, iter    1: loss: 0.0066 | load time: 0.0008 | back time: 0.1502 | lr: 0.00008004 | best AP50 acc: 0.0000 | best AP70 acc: 0.0000 | best mAP acc: 0.0000 | best mAR acc: 0.0000 | best Score: 0.0000 | best Score epoch: -1 
epoch  5, iter   51: loss: 0.0105 | load time: 0.0002 | back time: 2.1221 | lr: 0.00008090 | best AP50 acc: 0.0000 | best AP70 acc: 0.0000 | best mAP acc: 0.0000 | best mAR acc: 0.0000 | best Score: 0.0000 | best Score epoch: -1 
epoch  5, iter  101: loss: 0.0073 | load time: 0.0002 | back time: 2.1156 | lr: 0.00008177 | best AP50 acc: 0.0000 | best AP70 acc: 0.0000 | best mAP acc: 0.0000 | best mAR acc: 0.0000 | best Score: 0.0000 | best Score epoch: -1 
epoch  5, iter  151: loss: 0.0095 | load time: 0.0002 | back time: 2.1276 | lr: 0.00008264 | best AP50 acc: 0.0000 | best AP70 acc: 0.0000 | best mAP acc: 0.0000 | best mAR acc: 0.0000 | best Score: 0.0000 | best Score epoch: -1 
epoch  5, iter  201: loss: 0.0098 | load time: 0.0004 | back time: 2.1234 | lr: 0.00008351 | best AP50 acc: 0.0000 | best AP70 acc: 0.0000 | best mAP acc: 0.0000 | best mAR acc: 0.0000 | best Score: 0.0000 | best Score epoch: -1 
epoch  5, iter  251: loss: 0.0105 | load time: 0.0002 | back time: 2.1273 | lr: 0.00008437 | best AP50 acc: 0.0000 | best AP70 acc: 0.0000 | best mAP acc: 0.0000 | best mAR acc: 0.0000 | best Score: 0.0000 | best Score epoch: -1 
epoch  5, iter  301: loss: 0.0094 | load time: 0.0001 | back time: 2.1166 | lr: 0.00008524 | best AP50 acc: 0.0000 | best AP70 acc: 0.0000 | best mAP acc: 0.0000 | best mAR acc: 0.0000 | best Score: 0.0000 | best Score epoch: -1 
epoch  5, iter  351: loss: 0.0076 | load time: 0.0002 | back time: 2.1266 | lr: 0.00008611 | best AP50 acc: 0.0000 | best AP70 acc: 0.0000 | best mAP acc: 0.0000 | best mAR acc: 0.0000 | best Score: 0.0000 | best Score epoch: -1 
epoch  5, iter  401: loss: 0.0102 | load time: 0.0002 | back time: 2.1028 | lr: 0.00008697 | best AP50 acc: 0.0000 | best AP70 acc: 0.0000 | best mAP acc: 0.0000 | best mAR acc: 0.0000 | best Score: 0.0000 | best Score epoch: -1 
epoch  5, iter  451: loss: 0.0091 | load time: 0.0003 | back time: 0.8266 | lr: 0.00008784 | best AP50 acc: 0.0000 | best AP70 acc: 0.0000 | best mAP acc: 0.0000 | best mAR acc: 0.0000 | best Score: 0.0000 | best Score epoch: -1 
epoch  5, iter  501: loss: 0.0142 | load time: 0.0003 | back time: 0.9207 | lr: 0.00008871 | best AP50 acc: 0.0000 | best AP70 acc: 0.0000 | best mAP acc: 0.0000 | best mAR acc: 0.0000 | best Score: 0.0000 | best Score epoch: -1 
epoch  5, iter  551: loss: 0.0071 | load time: 0.0002 | back time: 0.9370 | lr: 0.00008958 | best AP50 acc: 0.0000 | best AP70 acc: 0.0000 | best mAP acc: 0.0000 | best mAR acc: 0.0000 | best Score: 0.0000 | best Score epoch: -1 
epoch  5, iter  601: loss: 0.0101 | load time: 0.0002 | back time: 0.9376 | lr: 0.00009044 | best AP50 acc: 0.0000 | best AP70 acc: 0.0000 | best mAP acc: 0.0000 | best mAR acc: 0.0000 | best Score: 0.0000 | best Score epoch: -1 
epoch  5, iter  651: loss: 0.0071 | load time: 0.0001 | back time: 0.9400 | lr: 0.00009131 | best AP50 acc: 0.0000 | best AP70 acc: 0.0000 | best mAP acc: 0.0000 | best mAR acc: 0.0000 | best Score: 0.0000 | best Score epoch: -1 
epoch  5, iter  701: loss: 0.0085 | load time: 0.0001 | back time: 1.8999 | lr: 0.00009218 | best AP50 acc: 0.0000 | best AP70 acc: 0.0000 | best mAP acc: 0.0000 | best mAR acc: 0.0000 | best Score: 0.0000 | best Score epoch: -1 
epoch  5, iter  751: loss: 0.0104 | load time: 0.0003 | back time: 2.1408 | lr: 0.00009305 | best AP50 acc: 0.0000 | best AP70 acc: 0.0000 | best mAP acc: 0.0000 | best mAR acc: 0.0000 | best Score: 0.0000 | best Score epoch: -1 
epoch  5, iter  801: loss: 0.0106 | load time: 0.0002 | back time: 2.1184 | lr: 0.00009391 | best AP50 acc: 0.0000 | best AP70 acc: 0.0000 | best mAP acc: 0.0000 | best mAR acc: 0.0000 | best Score: 0.0000 | best Score epoch: -1 
epoch  5, iter  851: loss: 0.0112 | load time: 0.0002 | back time: 2.1190 | lr: 0.00009478 | best AP50 acc: 0.0000 | best AP70 acc: 0.0000 | best mAP acc: 0.0000 | best mAR acc: 0.0000 | best Score: 0.0000 | best Score epoch: -1 
epoch  5, iter  901: loss: 0.0070 | load time: 0.0002 | back time: 2.2041 | lr: 0.00009565 | best AP50 acc: 0.0000 | best AP70 acc: 0.0000 | best mAP acc: 0.0000 | best mAR acc: 0.0000 | best Score: 0.0000 | best Score epoch: -1 
epoch  5, iter  951: loss: 0.0086 | load time: 0.0001 | back time: 2.1516 | lr: 0.00009651 | best AP50 acc: 0.0000 | best AP70 acc: 0.0000 | best mAP acc: 0.0000 | best mAR acc: 0.0000 | best Score: 0.0000 | best Score epoch: -1 
epoch  5, iter 1001: loss: 0.0073 | load time: 0.0002 | back time: 2.1020 | lr: 0.00009738 | best AP50 acc: 0.0000 | best AP70 acc: 0.0000 | best mAP acc: 0.0000 | best mAR acc: 0.0000 | best Score: 0.0000 | best Score epoch: -1 
epoch  5, iter 1051: loss: 0.0084 | load time: 0.0002 | back time: 2.1164 | lr: 0.00009825 | best AP50 acc: 0.0000 | best AP70 acc: 0.0000 | best mAP acc: 0.0000 | best mAR acc: 0.0000 | best Score: 0.0000 | best Score epoch: -1 
epoch  5, iter 1101: loss: 0.0121 | load time: 0.0002 | back time: 2.1045 | lr: 0.00009912 | best AP50 acc: 0.0000 | best AP70 acc: 0.0000 | best mAP acc: 0.0000 | best mAR acc: 0.0000 | best Score: 0.0000 | best Score epoch: -1 
epoch  5, iter 1151: loss: 0.0083 | load time: 0.0004 | back time: 2.0925 | lr: 0.00009998 | best AP50 acc: 0.0000 | best AP70 acc: 0.0000 | best mAP acc: 0.0000 | best mAR acc: 0.0000 | best Score: 0.0000 | best Score epoch: -1 
epoch  6, iter    1: loss: 0.0078 | load time: 0.0009 | back time: 0.1467 | lr: 0.00010000 | best AP50 acc: 0.0000 | best AP70 acc: 0.0000 | best mAP acc: 0.0000 | best mAR acc: 0.0000 | best Score: 0.0000 | best Score epoch: -1 
epoch  6, iter   51: loss: 0.0121 | load time: 0.0002 | back time: 2.1186 | lr: 0.00010000 | best AP50 acc: 0.0000 | best AP70 acc: 0.0000 | best mAP acc: 0.0000 | best mAR acc: 0.0000 | best Score: 0.0000 | best Score epoch: -1 
epoch  6, iter  101: loss: 0.0071 | load time: 0.0001 | back time: 2.1078 | lr: 0.00010000 | best AP50 acc: 0.0000 | best AP70 acc: 0.0000 | best mAP acc: 0.0000 | best mAR acc: 0.0000 | best Score: 0.0000 | best Score epoch: -1 
epoch  6, iter  151: loss: 0.0082 | load time: 0.0002 | back time: 2.1224 | lr: 0.00010000 | best AP50 acc: 0.0000 | best AP70 acc: 0.0000 | best mAP acc: 0.0000 | best mAR acc: 0.0000 | best Score: 0.0000 | best Score epoch: -1 
epoch  6, iter  201: loss: 0.0064 | load time: 0.0003 | back time: 2.1210 | lr: 0.00010000 | best AP50 acc: 0.0000 | best AP70 acc: 0.0000 | best mAP acc: 0.0000 | best mAR acc: 0.0000 | best Score: 0.0000 | best Score epoch: -1 
epoch  6, iter  251: loss: 0.0068 | load time: 0.0003 | back time: 2.1193 | lr: 0.00010000 | best AP50 acc: 0.0000 | best AP70 acc: 0.0000 | best mAP acc: 0.0000 | best mAR acc: 0.0000 | best Score: 0.0000 | best Score epoch: -1 
epoch  6, iter  301: loss: 0.0066 | load time: 0.0002 | back time: 2.1348 | lr: 0.00009999 | best AP50 acc: 0.0000 | best AP70 acc: 0.0000 | best mAP acc: 0.0000 | best mAR acc: 0.0000 | best Score: 0.0000 | best Score epoch: -1 
epoch  6, iter  351: loss: 0.0090 | load time: 0.0002 | back time: 2.1362 | lr: 0.00009999 | best AP50 acc: 0.0000 | best AP70 acc: 0.0000 | best mAP acc: 0.0000 | best mAR acc: 0.0000 | best Score: 0.0000 | best Score epoch: -1 
epoch  6, iter  401: loss: 0.0060 | load time: 0.0002 | back time: 2.1204 | lr: 0.00009999 | best AP50 acc: 0.0000 | best AP70 acc: 0.0000 | best mAP acc: 0.0000 | best mAR acc: 0.0000 | best Score: 0.0000 | best Score epoch: -1 
epoch  6, iter  451: loss: 0.0073 | load time: 0.0002 | back time: 2.1293 | lr: 0.00009999 | best AP50 acc: 0.0000 | best AP70 acc: 0.0000 | best mAP acc: 0.0000 | best mAR acc: 0.0000 | best Score: 0.0000 | best Score epoch: -1 
epoch  6, iter  501: loss: 0.0106 | load time: 0.0003 | back time: 2.1269 | lr: 0.00009998 | best AP50 acc: 0.0000 | best AP70 acc: 0.0000 | best mAP acc: 0.0000 | best mAR acc: 0.0000 | best Score: 0.0000 | best Score epoch: -1 
epoch  6, iter  551: loss: 0.0117 | load time: 0.0002 | back time: 2.1013 | lr: 0.00009998 | best AP50 acc: 0.0000 | best AP70 acc: 0.0000 | best mAP acc: 0.0000 | best mAR acc: 0.0000 | best Score: 0.0000 | best Score epoch: -1 
epoch  6, iter  601: loss: 0.0095 | load time: 0.0002 | back time: 2.0710 | lr: 0.00009997 | best AP50 acc: 0.0000 | best AP70 acc: 0.0000 | best mAP acc: 0.0000 | best mAR acc: 0.0000 | best Score: 0.0000 | best Score epoch: -1 
epoch  6, iter  651: loss: 0.0074 | load time: 0.0002 | back time: 2.0712 | lr: 0.00009997 | best AP50 acc: 0.0000 | best AP70 acc: 0.0000 | best mAP acc: 0.0000 | best mAR acc: 0.0000 | best Score: 0.0000 | best Score epoch: -1 
epoch  6, iter  701: loss: 0.0060 | load time: 0.0001 | back time: 0.7311 | lr: 0.00009996 | best AP50 acc: 0.0000 | best AP70 acc: 0.0000 | best mAP acc: 0.0000 | best mAR acc: 0.0000 | best Score: 0.0000 | best Score epoch: -1 
epoch  6, iter  751: loss: 0.0062 | load time: 0.0003 | back time: 0.9226 | lr: 0.00009996 | best AP50 acc: 0.0000 | best AP70 acc: 0.0000 | best mAP acc: 0.0000 | best mAR acc: 0.0000 | best Score: 0.0000 | best Score epoch: -1 
epoch  6, iter  801: loss: 0.0100 | load time: 0.0001 | back time: 0.9292 | lr: 0.00009995 | best AP50 acc: 0.0000 | best AP70 acc: 0.0000 | best mAP acc: 0.0000 | best mAR acc: 0.0000 | best Score: 0.0000 | best Score epoch: -1 
epoch  6, iter  851: loss: 0.0081 | load time: 0.0002 | back time: 0.9290 | lr: 0.00009995 | best AP50 acc: 0.0000 | best AP70 acc: 0.0000 | best mAP acc: 0.0000 | best mAR acc: 0.0000 | best Score: 0.0000 | best Score epoch: -1 
epoch  6, iter  901: loss: 0.0075 | load time: 0.0001 | back time: 0.9147 | lr: 0.00009994 | best AP50 acc: 0.0000 | best AP70 acc: 0.0000 | best mAP acc: 0.0000 | best mAR acc: 0.0000 | best Score: 0.0000 | best Score epoch: -1 
epoch  6, iter  951: loss: 0.0139 | load time: 0.0001 | back time: 2.1725 | lr: 0.00009993 | best AP50 acc: 0.0000 | best AP70 acc: 0.0000 | best mAP acc: 0.0000 | best mAR acc: 0.0000 | best Score: 0.0000 | best Score epoch: -1 
epoch  6, iter 1001: loss: 0.0087 | load time: 0.0002 | back time: 2.1728 | lr: 0.00009993 | best AP50 acc: 0.0000 | best AP70 acc: 0.0000 | best mAP acc: 0.0000 | best mAR acc: 0.0000 | best Score: 0.0000 | best Score epoch: -1 
epoch  6, iter 1051: loss: 0.0073 | load time: 0.0001 | back time: 2.0812 | lr: 0.00009992 | best AP50 acc: 0.0000 | best AP70 acc: 0.0000 | best mAP acc: 0.0000 | best mAR acc: 0.0000 | best Score: 0.0000 | best Score epoch: -1 
epoch  6, iter 1101: loss: 0.0068 | load time: 0.0002 | back time: 2.0677 | lr: 0.00009991 | best AP50 acc: 0.0000 | best AP70 acc: 0.0000 | best mAP acc: 0.0000 | best mAR acc: 0.0000 | best Score: 0.0000 | best Score epoch: -1 
epoch  6, iter 1151: loss: 0.0097 | load time: 0.0001 | back time: 2.0786 | lr: 0.00009990 | best AP50 acc: 0.0000 | best AP70 acc: 0.0000 | best mAP acc: 0.0000 | best mAR acc: 0.0000 | best Score: 0.0000 | best Score epoch: -1 
UAV_SEQS_2 | mAP50:90: 26.9332 | AP50: 53.9522 | AP70: 24.9811 
UAV_SEQS_37 | mAP50:90: 83.5781 | AP50: 97.8295 | AP70: 85.3223 
UAV_SEQS_45 | mAP50:90: 92.4245 | AP50: 98.0198 | AP70: 98.0198 
UAV_SEQS_47 | mAP50:90: 96.0781 | AP50: 100.0000 | AP70: 100.0000 
UAV_SEQS_55 | mAP50:90: 33.1259 | AP50: 56.9973 | AP70: 35.3375 
UAV_SEQS_59 | mAP50:90: 60.3661 | AP50: 86.8068 | AP70: 64.2289 
UAV_SEQS_6 | mAP50:90: 40.8194 | AP50: 51.7464 | AP70: 44.6988 
UAV_SEQS_63 | mAP50:90: 18.7640 | AP50: 62.4358 | AP70: 9.2655 
UAV_SEQS_65 | mAP50:90: 83.4243 | AP50: 94.3695 | AP70: 88.0506 
UAV_SEQS_7 | mAP50:90: 27.2717 | AP50: 55.6897 | AP70: 25.2611 
UAV_SEQS_71 | mAP50:90: 67.8648 | AP50: 87.9097 | AP70: 75.9504 
UAV_SEQS_73 | mAP50:90: 59.5149 | AP50: 79.0973 | AP70: 64.0060 
UAV_SEQS_74 | mAP50:90: 97.7351 | AP50: 100.0000 | AP70: 98.9736 
UAV_SEQS_77 | mAP50:90: 30.4785 | AP50: 46.5347 | AP70: 43.0947 
UAV_SEQS_8 | mAP50:90: 38.8222 | AP50: 76.8355 | AP70: 36.8810 
Overall            | mAP50:95: 56.3441 | AP50: 76.0965 | AP70: 58.7568 
epoch  7, iter    1: loss: 0.0076 | load time: 0.0022 | back time: 0.1468 | lr: 0.00009990 | best AP50 acc: 0.7610 | best AP70 acc: 0.5876 | best mAP acc: 0.5634 | best mAR acc: 0.6699 | best Score: 0.5634 | best Score epoch:  6 
epoch  7, iter   51: loss: 0.0064 | load time: 0.0004 | back time: 2.1179 | lr: 0.00009989 | best AP50 acc: 0.7610 | best AP70 acc: 0.5876 | best mAP acc: 0.5634 | best mAR acc: 0.6699 | best Score: 0.5634 | best Score epoch:  6 
epoch  7, iter  101: loss: 0.0063 | load time: 0.0002 | back time: 2.1583 | lr: 0.00009988 | best AP50 acc: 0.7610 | best AP70 acc: 0.5876 | best mAP acc: 0.5634 | best mAR acc: 0.6699 | best Score: 0.5634 | best Score epoch:  6 
epoch  7, iter  151: loss: 0.0068 | load time: 0.0003 | back time: 1.7018 | lr: 0.00009988 | best AP50 acc: 0.7610 | best AP70 acc: 0.5876 | best mAP acc: 0.5634 | best mAR acc: 0.6699 | best Score: 0.5634 | best Score epoch:  6 
epoch  7, iter  201: loss: 0.0062 | load time: 0.0002 | back time: 2.1084 | lr: 0.00009987 | best AP50 acc: 0.7610 | best AP70 acc: 0.5876 | best mAP acc: 0.5634 | best mAR acc: 0.6699 | best Score: 0.5634 | best Score epoch:  6 
epoch  7, iter  251: loss: 0.0067 | load time: 0.0002 | back time: 1.5954 | lr: 0.00009986 | best AP50 acc: 0.7610 | best AP70 acc: 0.5876 | best mAP acc: 0.5634 | best mAR acc: 0.6699 | best Score: 0.5634 | best Score epoch:  6 
epoch  7, iter  301: loss: 0.0073 | load time: 0.0001 | back time: 2.0989 | lr: 0.00009984 | best AP50 acc: 0.7610 | best AP70 acc: 0.5876 | best mAP acc: 0.5634 | best mAR acc: 0.6699 | best Score: 0.5634 | best Score epoch:  6 
epoch  7, iter  351: loss: 0.0094 | load time: 0.0002 | back time: 2.0959 | lr: 0.00009983 | best AP50 acc: 0.7610 | best AP70 acc: 0.5876 | best mAP acc: 0.5634 | best mAR acc: 0.6699 | best Score: 0.5634 | best Score epoch:  6 
epoch  7, iter  401: loss: 0.0091 | load time: 0.0002 | back time: 2.1185 | lr: 0.00009982 | best AP50 acc: 0.7610 | best AP70 acc: 0.5876 | best mAP acc: 0.5634 | best mAR acc: 0.6699 | best Score: 0.5634 | best Score epoch:  6 
epoch  7, iter  451: loss: 0.0082 | load time: 0.0001 | back time: 2.1236 | lr: 0.00009981 | best AP50 acc: 0.7610 | best AP70 acc: 0.5876 | best mAP acc: 0.5634 | best mAR acc: 0.6699 | best Score: 0.5634 | best Score epoch:  6 
epoch  7, iter  501: loss: 0.0075 | load time: 0.0004 | back time: 2.1212 | lr: 0.00009980 | best AP50 acc: 0.7610 | best AP70 acc: 0.5876 | best mAP acc: 0.5634 | best mAR acc: 0.6699 | best Score: 0.5634 | best Score epoch:  6 
epoch  7, iter  551: loss: 0.0065 | load time: 0.0002 | back time: 2.1113 | lr: 0.00009979 | best AP50 acc: 0.7610 | best AP70 acc: 0.5876 | best mAP acc: 0.5634 | best mAR acc: 0.6699 | best Score: 0.5634 | best Score epoch:  6 
epoch  7, iter  601: loss: 0.0076 | load time: 0.0002 | back time: 2.1265 | lr: 0.00009977 | best AP50 acc: 0.7610 | best AP70 acc: 0.5876 | best mAP acc: 0.5634 | best mAR acc: 0.6699 | best Score: 0.5634 | best Score epoch:  6 
epoch  7, iter  651: loss: 0.0083 | load time: 0.0002 | back time: 2.1240 | lr: 0.00009976 | best AP50 acc: 0.7610 | best AP70 acc: 0.5876 | best mAP acc: 0.5634 | best mAR acc: 0.6699 | best Score: 0.5634 | best Score epoch:  6 
epoch  7, iter  701: loss: 0.0066 | load time: 0.0002 | back time: 2.1244 | lr: 0.00009975 | best AP50 acc: 0.7610 | best AP70 acc: 0.5876 | best mAP acc: 0.5634 | best mAR acc: 0.6699 | best Score: 0.5634 | best Score epoch:  6 
epoch  7, iter  751: loss: 0.0101 | load time: 0.0002 | back time: 0.9484 | lr: 0.00009973 | best AP50 acc: 0.7610 | best AP70 acc: 0.5876 | best mAP acc: 0.5634 | best mAR acc: 0.6699 | best Score: 0.5634 | best Score epoch:  6 
epoch  7, iter  801: loss: 0.0073 | load time: 0.0003 | back time: 0.9212 | lr: 0.00009972 | best AP50 acc: 0.7610 | best AP70 acc: 0.5876 | best mAP acc: 0.5634 | best mAR acc: 0.6699 | best Score: 0.5634 | best Score epoch:  6 
epoch  7, iter  851: loss: 0.0084 | load time: 0.0002 | back time: 0.9475 | lr: 0.00009970 | best AP50 acc: 0.7610 | best AP70 acc: 0.5876 | best mAP acc: 0.5634 | best mAR acc: 0.6699 | best Score: 0.5634 | best Score epoch:  6 
epoch  7, iter  901: loss: 0.0085 | load time: 0.0001 | back time: 0.8067 | lr: 0.00009969 | best AP50 acc: 0.7610 | best AP70 acc: 0.5876 | best mAP acc: 0.5634 | best mAR acc: 0.6699 | best Score: 0.5634 | best Score epoch:  6 
epoch  7, iter  951: loss: 0.0072 | load time: 0.0002 | back time: 0.7601 | lr: 0.00009967 | best AP50 acc: 0.7610 | best AP70 acc: 0.5876 | best mAP acc: 0.5634 | best mAR acc: 0.6699 | best Score: 0.5634 | best Score epoch:  6 
epoch  7, iter 1001: loss: 0.0078 | load time: 0.0001 | back time: 2.1126 | lr: 0.00009966 | best AP50 acc: 0.7610 | best AP70 acc: 0.5876 | best mAP acc: 0.5634 | best mAR acc: 0.6699 | best Score: 0.5634 | best Score epoch:  6 
epoch  7, iter 1051: loss: 0.0063 | load time: 0.0002 | back time: 2.1197 | lr: 0.00009964 | best AP50 acc: 0.7610 | best AP70 acc: 0.5876 | best mAP acc: 0.5634 | best mAR acc: 0.6699 | best Score: 0.5634 | best Score epoch:  6 
epoch  7, iter 1101: loss: 0.0088 | load time: 0.0002 | back time: 2.1203 | lr: 0.00009963 | best AP50 acc: 0.7610 | best AP70 acc: 0.5876 | best mAP acc: 0.5634 | best mAR acc: 0.6699 | best Score: 0.5634 | best Score epoch:  6 
epoch  7, iter 1151: loss: 0.0066 | load time: 0.0001 | back time: 2.1297 | lr: 0.00009961 | best AP50 acc: 0.7610 | best AP70 acc: 0.5876 | best mAP acc: 0.5634 | best mAR acc: 0.6699 | best Score: 0.5634 | best Score epoch:  6 
UAV_SEQS_2 | mAP50:90: 40.5706 | AP50: 61.6547 | AP70: 44.2702 
UAV_SEQS_37 | mAP50:90: 87.9532 | AP50: 100.0000 | AP70: 92.0469 
UAV_SEQS_45 | mAP50:90: 91.3526 | AP50: 97.0297 | AP70: 97.0127 
UAV_SEQS_47 | mAP50:90: 90.9611 | AP50: 100.0000 | AP70: 97.7372 
UAV_SEQS_55 | mAP50:90: 20.1675 | AP50: 36.0823 | AP70: 18.2825 
UAV_SEQS_59 | mAP50:90: 51.0115 | AP50: 86.6262 | AP70: 50.6842 
UAV_SEQS_6 | mAP50:90: 31.9083 | AP50: 46.7609 | AP70: 32.0392 
UAV_SEQS_63 | mAP50:90: 9.4609 | AP50: 29.6143 | AP70: 4.0544 
UAV_SEQS_65 | mAP50:90: 80.0649 | AP50: 97.5891 | AP70: 93.9122 
UAV_SEQS_7 | mAP50:90: 57.1921 | AP50: 93.0693 | AP70: 68.8355 
UAV_SEQS_71 | mAP50:90: 46.4490 | AP50: 70.9697 | AP70: 49.7625 
UAV_SEQS_73 | mAP50:90: 53.2510 | AP50: 72.4539 | AP70: 59.5761 
UAV_SEQS_74 | mAP50:90: 95.8628 | AP50: 100.0000 | AP70: 100.0000 
UAV_SEQS_77 | mAP50:90: 20.7615 | AP50: 24.7525 | AP70: 24.7525 
UAV_SEQS_8 | mAP50:90: 76.3621 | AP50: 100.0000 | AP70: 94.1188 
Overall            | mAP50:95: 58.0207 | AP50: 75.0407 | AP70: 62.9145 
epoch  8, iter    1: loss: 0.0109 | load time: 0.0031 | back time: 0.1872 | lr: 0.00009961 | best AP50 acc: 0.7504 | best AP70 acc: 0.6291 | best mAP acc: 0.5802 | best mAR acc: 0.6502 | best Score: 0.5802 | best Score epoch:  7 
epoch  8, iter   51: loss: 0.0071 | load time: 0.0004 | back time: 2.0963 | lr: 0.00009959 | best AP50 acc: 0.7504 | best AP70 acc: 0.6291 | best mAP acc: 0.5802 | best mAR acc: 0.6502 | best Score: 0.5802 | best Score epoch:  7 
epoch  8, iter  101: loss: 0.0084 | load time: 0.0002 | back time: 2.1076 | lr: 0.00009957 | best AP50 acc: 0.7504 | best AP70 acc: 0.6291 | best mAP acc: 0.5802 | best mAR acc: 0.6502 | best Score: 0.5802 | best Score epoch:  7 
epoch  8, iter  151: loss: 0.0083 | load time: 0.0002 | back time: 2.0742 | lr: 0.00009956 | best AP50 acc: 0.7504 | best AP70 acc: 0.6291 | best mAP acc: 0.5802 | best mAR acc: 0.6502 | best Score: 0.5802 | best Score epoch:  7 
epoch  8, iter  201: loss: 0.0093 | load time: 0.0002 | back time: 2.0701 | lr: 0.00009954 | best AP50 acc: 0.7504 | best AP70 acc: 0.6291 | best mAP acc: 0.5802 | best mAR acc: 0.6502 | best Score: 0.5802 | best Score epoch:  7 
epoch  8, iter  251: loss: 0.0079 | load time: 0.0002 | back time: 2.0744 | lr: 0.00009952 | best AP50 acc: 0.7504 | best AP70 acc: 0.6291 | best mAP acc: 0.5802 | best mAR acc: 0.6502 | best Score: 0.5802 | best Score epoch:  7 
epoch  8, iter  301: loss: 0.0058 | load time: 0.0002 | back time: 2.0784 | lr: 0.00009950 | best AP50 acc: 0.7504 | best AP70 acc: 0.6291 | best mAP acc: 0.5802 | best mAR acc: 0.6502 | best Score: 0.5802 | best Score epoch:  7 
epoch  8, iter  351: loss: 0.0083 | load time: 0.0002 | back time: 2.0811 | lr: 0.00009948 | best AP50 acc: 0.7504 | best AP70 acc: 0.6291 | best mAP acc: 0.5802 | best mAR acc: 0.6502 | best Score: 0.5802 | best Score epoch:  7 
epoch  8, iter  401: loss: 0.0083 | load time: 0.0002 | back time: 2.1146 | lr: 0.00009946 | best AP50 acc: 0.7504 | best AP70 acc: 0.6291 | best mAP acc: 0.5802 | best mAR acc: 0.6502 | best Score: 0.5802 | best Score epoch:  7 
epoch  8, iter  451: loss: 0.0071 | load time: 0.0002 | back time: 2.1196 | lr: 0.00009944 | best AP50 acc: 0.7504 | best AP70 acc: 0.6291 | best mAP acc: 0.5802 | best mAR acc: 0.6502 | best Score: 0.5802 | best Score epoch:  7 
epoch  8, iter  501: loss: 0.0090 | load time: 0.0002 | back time: 2.1096 | lr: 0.00009942 | best AP50 acc: 0.7504 | best AP70 acc: 0.6291 | best mAP acc: 0.5802 | best mAR acc: 0.6502 | best Score: 0.5802 | best Score epoch:  7 
epoch  8, iter  551: loss: 0.0091 | load time: 0.0003 | back time: 2.1030 | lr: 0.00009940 | best AP50 acc: 0.7504 | best AP70 acc: 0.6291 | best mAP acc: 0.5802 | best mAR acc: 0.6502 | best Score: 0.5802 | best Score epoch:  7 
epoch  8, iter  601: loss: 0.0073 | load time: 0.0004 | back time: 2.1362 | lr: 0.00009938 | best AP50 acc: 0.7504 | best AP70 acc: 0.6291 | best mAP acc: 0.5802 | best mAR acc: 0.6502 | best Score: 0.5802 | best Score epoch:  7 
epoch  8, iter  651: loss: 0.0108 | load time: 0.0001 | back time: 2.2377 | lr: 0.00009936 | best AP50 acc: 0.7504 | best AP70 acc: 0.6291 | best mAP acc: 0.5802 | best mAR acc: 0.6502 | best Score: 0.5802 | best Score epoch:  7 
epoch  8, iter  701: loss: 0.0063 | load time: 0.0002 | back time: 2.1283 | lr: 0.00009934 | best AP50 acc: 0.7504 | best AP70 acc: 0.6291 | best mAP acc: 0.5802 | best mAR acc: 0.6502 | best Score: 0.5802 | best Score epoch:  7 
epoch  8, iter  751: loss: 0.0070 | load time: 0.0002 | back time: 0.9692 | lr: 0.00009931 | best AP50 acc: 0.7504 | best AP70 acc: 0.6291 | best mAP acc: 0.5802 | best mAR acc: 0.6502 | best Score: 0.5802 | best Score epoch:  7 
epoch  8, iter  801: loss: 0.0073 | load time: 0.0003 | back time: 0.9221 | lr: 0.00009929 | best AP50 acc: 0.7504 | best AP70 acc: 0.6291 | best mAP acc: 0.5802 | best mAR acc: 0.6502 | best Score: 0.5802 | best Score epoch:  7 
epoch  8, iter  851: loss: 0.0082 | load time: 0.0003 | back time: 0.9257 | lr: 0.00009927 | best AP50 acc: 0.7504 | best AP70 acc: 0.6291 | best mAP acc: 0.5802 | best mAR acc: 0.6502 | best Score: 0.5802 | best Score epoch:  7 
epoch  8, iter  901: loss: 0.0075 | load time: 0.0004 | back time: 0.9336 | lr: 0.00009925 | best AP50 acc: 0.7504 | best AP70 acc: 0.6291 | best mAP acc: 0.5802 | best mAR acc: 0.6502 | best Score: 0.5802 | best Score epoch:  7 
epoch  8, iter  951: loss: 0.0083 | load time: 0.0002 | back time: 0.9413 | lr: 0.00009922 | best AP50 acc: 0.7504 | best AP70 acc: 0.6291 | best mAP acc: 0.5802 | best mAR acc: 0.6502 | best Score: 0.5802 | best Score epoch:  7 
epoch  8, iter 1001: loss: 0.0085 | load time: 0.0002 | back time: 0.7501 | lr: 0.00009920 | best AP50 acc: 0.7504 | best AP70 acc: 0.6291 | best mAP acc: 0.5802 | best mAR acc: 0.6502 | best Score: 0.5802 | best Score epoch:  7 
epoch  8, iter 1051: loss: 0.0121 | load time: 0.0004 | back time: 0.7585 | lr: 0.00009917 | best AP50 acc: 0.7504 | best AP70 acc: 0.6291 | best mAP acc: 0.5802 | best mAR acc: 0.6502 | best Score: 0.5802 | best Score epoch:  7 
epoch  8, iter 1101: loss: 0.0071 | load time: 0.0003 | back time: 0.7606 | lr: 0.00009915 | best AP50 acc: 0.7504 | best AP70 acc: 0.6291 | best mAP acc: 0.5802 | best mAR acc: 0.6502 | best Score: 0.5802 | best Score epoch:  7 
epoch  8, iter 1151: loss: 0.0101 | load time: 0.0001 | back time: 0.7491 | lr: 0.00009912 | best AP50 acc: 0.7504 | best AP70 acc: 0.6291 | best mAP acc: 0.5802 | best mAR acc: 0.6502 | best Score: 0.5802 | best Score epoch:  7 
UAV_SEQS_2 | mAP50:90: 39.6609 | AP50: 63.3195 | AP70: 38.9890 
UAV_SEQS_37 | mAP50:90: 78.1850 | AP50: 98.9604 | AP70: 82.7259 
UAV_SEQS_45 | mAP50:90: 95.6961 | AP50: 100.0000 | AP70: 100.0000 
UAV_SEQS_47 | mAP50:90: 99.0190 | AP50: 100.0000 | AP70: 100.0000 
UAV_SEQS_55 | mAP50:90: 42.1310 | AP50: 58.8999 | AP70: 45.3534 
UAV_SEQS_59 | mAP50:90: 68.2286 | AP50: 95.1948 | AP70: 74.9287 
UAV_SEQS_6 | mAP50:90: 45.0679 | AP50: 61.1489 | AP70: 48.8603 
UAV_SEQS_63 | mAP50:90: 16.0782 | AP50: 43.2145 | AP70: 9.7228 
UAV_SEQS_65 | mAP50:90: 83.6260 | AP50: 97.6095 | AP70: 93.0805 
UAV_SEQS_7 | mAP50:90: 54.9591 | AP50: 88.2136 | AP70: 55.6176 
UAV_SEQS_71 | mAP50:90: 64.3496 | AP50: 83.5130 | AP70: 68.2507 
UAV_SEQS_73 | mAP50:90: 58.8790 | AP50: 81.3738 | AP70: 66.5338 
UAV_SEQS_74 | mAP50:90: 98.5567 | AP50: 100.0000 | AP70: 100.0000 
UAV_SEQS_77 | mAP50:90: 37.6934 | AP50: 46.5347 | AP70: 44.2733 
UAV_SEQS_8 | mAP50:90: 85.6860 | AP50: 100.0000 | AP70: 96.9109 
Overall            | mAP50:95: 65.5177 | AP50: 82.2350 | AP70: 69.1576 
epoch  9, iter    1: loss: 0.0094 | load time: 0.0071 | back time: 0.3317 | lr: 0.00009912 | best AP50 acc: 0.8224 | best AP70 acc: 0.6916 | best mAP acc: 0.6552 | best mAR acc: 0.7240 | best Score: 0.6552 | best Score epoch:  8 
epoch  9, iter   51: loss: 0.0076 | load time: 0.0002 | back time: 0.7396 | lr: 0.00009910 | best AP50 acc: 0.8224 | best AP70 acc: 0.6916 | best mAP acc: 0.6552 | best mAR acc: 0.7240 | best Score: 0.6552 | best Score epoch:  8 
epoch  9, iter  101: loss: 0.0069 | load time: 0.0002 | back time: 0.7443 | lr: 0.00009907 | best AP50 acc: 0.8224 | best AP70 acc: 0.6916 | best mAP acc: 0.6552 | best mAR acc: 0.7240 | best Score: 0.6552 | best Score epoch:  8 
epoch  9, iter  151: loss: 0.0105 | load time: 0.0001 | back time: 0.7453 | lr: 0.00009905 | best AP50 acc: 0.8224 | best AP70 acc: 0.6916 | best mAP acc: 0.6552 | best mAR acc: 0.7240 | best Score: 0.6552 | best Score epoch:  8 
epoch  9, iter  201: loss: 0.0061 | load time: 0.0002 | back time: 0.7526 | lr: 0.00009902 | best AP50 acc: 0.8224 | best AP70 acc: 0.6916 | best mAP acc: 0.6552 | best mAR acc: 0.7240 | best Score: 0.6552 | best Score epoch:  8 
epoch  9, iter  251: loss: 0.0073 | load time: 0.0002 | back time: 0.7449 | lr: 0.00009899 | best AP50 acc: 0.8224 | best AP70 acc: 0.6916 | best mAP acc: 0.6552 | best mAR acc: 0.7240 | best Score: 0.6552 | best Score epoch:  8 
epoch  9, iter  301: loss: 0.0115 | load time: 0.0002 | back time: 0.7443 | lr: 0.00009896 | best AP50 acc: 0.8224 | best AP70 acc: 0.6916 | best mAP acc: 0.6552 | best mAR acc: 0.7240 | best Score: 0.6552 | best Score epoch:  8 
epoch  9, iter  351: loss: 0.0072 | load time: 0.0001 | back time: 0.7472 | lr: 0.00009894 | best AP50 acc: 0.8224 | best AP70 acc: 0.6916 | best mAP acc: 0.6552 | best mAR acc: 0.7240 | best Score: 0.6552 | best Score epoch:  8 
epoch  9, iter  401: loss: 0.0078 | load time: 0.0002 | back time: 0.7470 | lr: 0.00009891 | best AP50 acc: 0.8224 | best AP70 acc: 0.6916 | best mAP acc: 0.6552 | best mAR acc: 0.7240 | best Score: 0.6552 | best Score epoch:  8 
epoch  9, iter  451: loss: 0.0065 | load time: 0.0002 | back time: 0.7430 | lr: 0.00009888 | best AP50 acc: 0.8224 | best AP70 acc: 0.6916 | best mAP acc: 0.6552 | best mAR acc: 0.7240 | best Score: 0.6552 | best Score epoch:  8 
epoch  9, iter  501: loss: 0.0070 | load time: 0.0002 | back time: 0.7491 | lr: 0.00009885 | best AP50 acc: 0.8224 | best AP70 acc: 0.6916 | best mAP acc: 0.6552 | best mAR acc: 0.7240 | best Score: 0.6552 | best Score epoch:  8 
epoch  9, iter  551: loss: 0.0086 | load time: 0.0002 | back time: 0.7795 | lr: 0.00009882 | best AP50 acc: 0.8224 | best AP70 acc: 0.6916 | best mAP acc: 0.6552 | best mAR acc: 0.7240 | best Score: 0.6552 | best Score epoch:  8 
epoch  9, iter  601: loss: 0.0060 | load time: 0.0001 | back time: 0.7461 | lr: 0.00009879 | best AP50 acc: 0.8224 | best AP70 acc: 0.6916 | best mAP acc: 0.6552 | best mAR acc: 0.7240 | best Score: 0.6552 | best Score epoch:  8 
epoch  9, iter  651: loss: 0.0061 | load time: 0.0001 | back time: 0.7455 | lr: 0.00009876 | best AP50 acc: 0.8224 | best AP70 acc: 0.6916 | best mAP acc: 0.6552 | best mAR acc: 0.7240 | best Score: 0.6552 | best Score epoch:  8 
epoch  9, iter  701: loss: 0.0082 | load time: 0.0001 | back time: 0.7482 | lr: 0.00009873 | best AP50 acc: 0.8224 | best AP70 acc: 0.6916 | best mAP acc: 0.6552 | best mAR acc: 0.7240 | best Score: 0.6552 | best Score epoch:  8 
epoch  9, iter  751: loss: 0.0080 | load time: 0.0002 | back time: 0.7474 | lr: 0.00009870 | best AP50 acc: 0.8224 | best AP70 acc: 0.6916 | best mAP acc: 0.6552 | best mAR acc: 0.7240 | best Score: 0.6552 | best Score epoch:  8 
epoch  9, iter  801: loss: 0.0081 | load time: 0.0002 | back time: 0.7475 | lr: 0.00009867 | best AP50 acc: 0.8224 | best AP70 acc: 0.6916 | best mAP acc: 0.6552 | best mAR acc: 0.7240 | best Score: 0.6552 | best Score epoch:  8 
epoch  9, iter  851: loss: 0.0085 | load time: 0.0002 | back time: 0.7481 | lr: 0.00009864 | best AP50 acc: 0.8224 | best AP70 acc: 0.6916 | best mAP acc: 0.6552 | best mAR acc: 0.7240 | best Score: 0.6552 | best Score epoch:  8 
epoch  9, iter  901: loss: 0.0069 | load time: 0.0001 | back time: 0.7478 | lr: 0.00009861 | best AP50 acc: 0.8224 | best AP70 acc: 0.6916 | best mAP acc: 0.6552 | best mAR acc: 0.7240 | best Score: 0.6552 | best Score epoch:  8 
epoch  9, iter  951: loss: 0.0063 | load time: 0.0001 | back time: 0.7480 | lr: 0.00009858 | best AP50 acc: 0.8224 | best AP70 acc: 0.6916 | best mAP acc: 0.6552 | best mAR acc: 0.7240 | best Score: 0.6552 | best Score epoch:  8 
epoch  9, iter 1001: loss: 0.0070 | load time: 0.0004 | back time: 0.7491 | lr: 0.00009854 | best AP50 acc: 0.8224 | best AP70 acc: 0.6916 | best mAP acc: 0.6552 | best mAR acc: 0.7240 | best Score: 0.6552 | best Score epoch:  8 
epoch  9, iter 1051: loss: 0.0065 | load time: 0.0002 | back time: 0.7464 | lr: 0.00009851 | best AP50 acc: 0.8224 | best AP70 acc: 0.6916 | best mAP acc: 0.6552 | best mAR acc: 0.7240 | best Score: 0.6552 | best Score epoch:  8 
epoch  9, iter 1101: loss: 0.0063 | load time: 0.0002 | back time: 0.7463 | lr: 0.00009848 | best AP50 acc: 0.8224 | best AP70 acc: 0.6916 | best mAP acc: 0.6552 | best mAR acc: 0.7240 | best Score: 0.6552 | best Score epoch:  8 
epoch  9, iter 1151: loss: 0.0064 | load time: 0.0001 | back time: 0.7481 | lr: 0.00009845 | best AP50 acc: 0.8224 | best AP70 acc: 0.6916 | best mAP acc: 0.6552 | best mAR acc: 0.7240 | best Score: 0.6552 | best Score epoch:  8 
UAV_SEQS_2 | mAP50:90: 23.0329 | AP50: 40.2043 | AP70: 23.2461 
UAV_SEQS_37 | mAP50:90: 79.5687 | AP50: 100.0000 | AP70: 80.1942 
UAV_SEQS_45 | mAP50:90: 87.7422 | AP50: 97.0297 | AP70: 94.3545 
UAV_SEQS_47 | mAP50:90: 95.8900 | AP50: 100.0000 | AP70: 100.0000 
UAV_SEQS_55 | mAP50:90: 53.8485 | AP50: 79.3754 | AP70: 57.9854 
UAV_SEQS_59 | mAP50:90: 59.2418 | AP50: 88.7290 | AP70: 60.9040 
UAV_SEQS_6 | mAP50:90: 61.6545 | AP50: 79.0493 | AP70: 64.7308 
UAV_SEQS_63 | mAP50:90: 0.1135 | AP50: 0.5107 | AP70: 0.0000 
UAV_SEQS_65 | mAP50:90: 80.0128 | AP50: 97.6506 | AP70: 84.8664 
UAV_SEQS_7 | mAP50:90: 63.7313 | AP50: 91.0891 | AP70: 65.1521 
UAV_SEQS_71 | mAP50:90: 69.8372 | AP50: 83.4516 | AP70: 76.8235 
UAV_SEQS_73 | mAP50:90: 54.1845 | AP50: 78.1984 | AP70: 58.4213 
UAV_SEQS_74 | mAP50:90: 97.2231 | AP50: 100.0000 | AP70: 100.0000 
UAV_SEQS_77 | mAP50:90: 1.9402 | AP50: 3.9604 | AP70: 2.7003 
UAV_SEQS_8 | mAP50:90: 71.7432 | AP50: 100.0000 | AP70: 88.6306 
Overall            | mAP50:95: 59.6027 | AP50: 75.2834 | AP70: 63.4973 
epoch 10, iter    1: loss: 0.0114 | load time: 0.0068 | back time: 0.4024 | lr: 0.00009844 | best AP50 acc: 0.8224 | best AP70 acc: 0.6916 | best mAP acc: 0.6552 | best mAR acc: 0.7240 | best Score: 0.6552 | best Score epoch:  8 
epoch 10, iter   51: loss: 0.0073 | load time: 0.0002 | back time: 0.7407 | lr: 0.00009841 | best AP50 acc: 0.8224 | best AP70 acc: 0.6916 | best mAP acc: 0.6552 | best mAR acc: 0.7240 | best Score: 0.6552 | best Score epoch:  8 
epoch 10, iter  101: loss: 0.0128 | load time: 0.0002 | back time: 0.7461 | lr: 0.00009838 | best AP50 acc: 0.8224 | best AP70 acc: 0.6916 | best mAP acc: 0.6552 | best mAR acc: 0.7240 | best Score: 0.6552 | best Score epoch:  8 
epoch 10, iter  151: loss: 0.0066 | load time: 0.0002 | back time: 0.7527 | lr: 0.00009834 | best AP50 acc: 0.8224 | best AP70 acc: 0.6916 | best mAP acc: 0.6552 | best mAR acc: 0.7240 | best Score: 0.6552 | best Score epoch:  8 
epoch 10, iter  201: loss: 0.0069 | load time: 0.0002 | back time: 0.7605 | lr: 0.00009831 | best AP50 acc: 0.8224 | best AP70 acc: 0.6916 | best mAP acc: 0.6552 | best mAR acc: 0.7240 | best Score: 0.6552 | best Score epoch:  8 
epoch 10, iter  251: loss: 0.0079 | load time: 0.0002 | back time: 0.7534 | lr: 0.00009827 | best AP50 acc: 0.8224 | best AP70 acc: 0.6916 | best mAP acc: 0.6552 | best mAR acc: 0.7240 | best Score: 0.6552 | best Score epoch:  8 
epoch 10, iter  301: loss: 0.0076 | load time: 0.0002 | back time: 0.7498 | lr: 0.00009824 | best AP50 acc: 0.8224 | best AP70 acc: 0.6916 | best mAP acc: 0.6552 | best mAR acc: 0.7240 | best Score: 0.6552 | best Score epoch:  8 
epoch 10, iter  351: loss: 0.0059 | load time: 0.0002 | back time: 0.7494 | lr: 0.00009820 | best AP50 acc: 0.8224 | best AP70 acc: 0.6916 | best mAP acc: 0.6552 | best mAR acc: 0.7240 | best Score: 0.6552 | best Score epoch:  8 
epoch 10, iter  401: loss: 0.0086 | load time: 0.0002 | back time: 0.7506 | lr: 0.00009816 | best AP50 acc: 0.8224 | best AP70 acc: 0.6916 | best mAP acc: 0.6552 | best mAR acc: 0.7240 | best Score: 0.6552 | best Score epoch:  8 
epoch 10, iter  451: loss: 0.0063 | load time: 0.0003 | back time: 0.6685 | lr: 0.00009813 | best AP50 acc: 0.8224 | best AP70 acc: 0.6916 | best mAP acc: 0.6552 | best mAR acc: 0.7240 | best Score: 0.6552 | best Score epoch:  8 
epoch 10, iter  501: loss: 0.0079 | load time: 0.0004 | back time: 0.7449 | lr: 0.00009809 | best AP50 acc: 0.8224 | best AP70 acc: 0.6916 | best mAP acc: 0.6552 | best mAR acc: 0.7240 | best Score: 0.6552 | best Score epoch:  8 
epoch 10, iter  551: loss: 0.0081 | load time: 0.0002 | back time: 0.7381 | lr: 0.00009805 | best AP50 acc: 0.8224 | best AP70 acc: 0.6916 | best mAP acc: 0.6552 | best mAR acc: 0.7240 | best Score: 0.6552 | best Score epoch:  8 
epoch 10, iter  601: loss: 0.0057 | load time: 0.0002 | back time: 0.7287 | lr: 0.00009802 | best AP50 acc: 0.8224 | best AP70 acc: 0.6916 | best mAP acc: 0.6552 | best mAR acc: 0.7240 | best Score: 0.6552 | best Score epoch:  8 
epoch 10, iter  651: loss: 0.0065 | load time: 0.0002 | back time: 0.7299 | lr: 0.00009798 | best AP50 acc: 0.8224 | best AP70 acc: 0.6916 | best mAP acc: 0.6552 | best mAR acc: 0.7240 | best Score: 0.6552 | best Score epoch:  8 
epoch 10, iter  701: loss: 0.0059 | load time: 0.0002 | back time: 0.7472 | lr: 0.00009794 | best AP50 acc: 0.8224 | best AP70 acc: 0.6916 | best mAP acc: 0.6552 | best mAR acc: 0.7240 | best Score: 0.6552 | best Score epoch:  8 
epoch 10, iter  751: loss: 0.0074 | load time: 0.0002 | back time: 0.7421 | lr: 0.00009790 | best AP50 acc: 0.8224 | best AP70 acc: 0.6916 | best mAP acc: 0.6552 | best mAR acc: 0.7240 | best Score: 0.6552 | best Score epoch:  8 
epoch 10, iter  801: loss: 0.0082 | load time: 0.0001 | back time: 0.7445 | lr: 0.00009786 | best AP50 acc: 0.8224 | best AP70 acc: 0.6916 | best mAP acc: 0.6552 | best mAR acc: 0.7240 | best Score: 0.6552 | best Score epoch:  8 
epoch 10, iter  851: loss: 0.0072 | load time: 0.0003 | back time: 0.7462 | lr: 0.00009782 | best AP50 acc: 0.8224 | best AP70 acc: 0.6916 | best mAP acc: 0.6552 | best mAR acc: 0.7240 | best Score: 0.6552 | best Score epoch:  8 
epoch 10, iter  901: loss: 0.0086 | load time: 0.0002 | back time: 0.7449 | lr: 0.00009778 | best AP50 acc: 0.8224 | best AP70 acc: 0.6916 | best mAP acc: 0.6552 | best mAR acc: 0.7240 | best Score: 0.6552 | best Score epoch:  8 
epoch 10, iter  951: loss: 0.0068 | load time: 0.0002 | back time: 0.7436 | lr: 0.00009774 | best AP50 acc: 0.8224 | best AP70 acc: 0.6916 | best mAP acc: 0.6552 | best mAR acc: 0.7240 | best Score: 0.6552 | best Score epoch:  8 
epoch 10, iter 1001: loss: 0.0073 | load time: 0.0002 | back time: 0.7418 | lr: 0.00009770 | best AP50 acc: 0.8224 | best AP70 acc: 0.6916 | best mAP acc: 0.6552 | best mAR acc: 0.7240 | best Score: 0.6552 | best Score epoch:  8 
epoch 10, iter 1051: loss: 0.0062 | load time: 0.0001 | back time: 0.7441 | lr: 0.00009766 | best AP50 acc: 0.8224 | best AP70 acc: 0.6916 | best mAP acc: 0.6552 | best mAR acc: 0.7240 | best Score: 0.6552 | best Score epoch:  8 
epoch 10, iter 1101: loss: 0.0078 | load time: 0.0001 | back time: 0.7439 | lr: 0.00009762 | best AP50 acc: 0.8224 | best AP70 acc: 0.6916 | best mAP acc: 0.6552 | best mAR acc: 0.7240 | best Score: 0.6552 | best Score epoch:  8 
epoch 10, iter 1151: loss: 0.0071 | load time: 0.0004 | back time: 0.7443 | lr: 0.00009758 | best AP50 acc: 0.8224 | best AP70 acc: 0.6916 | best mAP acc: 0.6552 | best mAR acc: 0.7240 | best Score: 0.6552 | best Score epoch:  8 
UAV_SEQS_2 | mAP50:90: 35.6681 | AP50: 55.2307 | AP70: 37.3927 
UAV_SEQS_37 | mAP50:90: 84.2764 | AP50: 98.9373 | AP70: 89.5320 
UAV_SEQS_45 | mAP50:90: 84.6849 | AP50: 98.0198 | AP70: 93.8964 
UAV_SEQS_47 | mAP50:90: 92.2385 | AP50: 100.0000 | AP70: 100.0000 
UAV_SEQS_55 | mAP50:90: 46.6542 | AP50: 71.1836 | AP70: 53.6075 
UAV_SEQS_59 | mAP50:90: 72.1070 | AP50: 96.6335 | AP70: 75.7405 
UAV_SEQS_6 | mAP50:90: 74.2849 | AP50: 90.7379 | AP70: 80.6621 
UAV_SEQS_63 | mAP50:90: 14.4022 | AP50: 48.0574 | AP70: 5.7614 
UAV_SEQS_65 | mAP50:90: 81.7462 | AP50: 98.8685 | AP70: 92.6723 
UAV_SEQS_7 | mAP50:90: 74.4258 | AP50: 93.0693 | AP70: 88.5988 
UAV_SEQS_71 | mAP50:90: 69.4641 | AP50: 88.1188 | AP70: 79.7373 
UAV_SEQS_73 | mAP50:90: 55.8416 | AP50: 80.4270 | AP70: 61.7399 
UAV_SEQS_74 | mAP50:90: 99.4422 | AP50: 100.0000 | AP70: 100.0000 
UAV_SEQS_77 | mAP50:90: 26.2244 | AP50: 40.8096 | AP70: 31.1560 
UAV_SEQS_8 | mAP50:90: 87.5772 | AP50: 100.0000 | AP70: 97.6522 
Overall            | mAP50:95: 66.7460 | AP50: 85.2536 | AP70: 72.9173 
epoch 11, iter    1: loss: 0.0065 | load time: 0.0054 | back time: 0.4092 | lr: 0.00009758 | best AP50 acc: 0.8525 | best AP70 acc: 0.7292 | best mAP acc: 0.6675 | best mAR acc: 0.7368 | best Score: 0.6675 | best Score epoch: 10 
epoch 11, iter   51: loss: 0.0071 | load time: 0.0002 | back time: 0.7473 | lr: 0.00009753 | best AP50 acc: 0.8525 | best AP70 acc: 0.7292 | best mAP acc: 0.6675 | best mAR acc: 0.7368 | best Score: 0.6675 | best Score epoch: 10 
epoch 11, iter  101: loss: 0.0063 | load time: 0.0002 | back time: 0.7512 | lr: 0.00009749 | best AP50 acc: 0.8525 | best AP70 acc: 0.7292 | best mAP acc: 0.6675 | best mAR acc: 0.7368 | best Score: 0.6675 | best Score epoch: 10 
epoch 11, iter  151: loss: 0.0061 | load time: 0.0001 | back time: 0.7335 | lr: 0.00009745 | best AP50 acc: 0.8525 | best AP70 acc: 0.7292 | best mAP acc: 0.6675 | best mAR acc: 0.7368 | best Score: 0.6675 | best Score epoch: 10 
epoch 11, iter  201: loss: 0.0064 | load time: 0.0001 | back time: 0.7376 | lr: 0.00009741 | best AP50 acc: 0.8525 | best AP70 acc: 0.7292 | best mAP acc: 0.6675 | best mAR acc: 0.7368 | best Score: 0.6675 | best Score epoch: 10 
epoch 11, iter  251: loss: 0.0058 | load time: 0.0002 | back time: 0.7338 | lr: 0.00009736 | best AP50 acc: 0.8525 | best AP70 acc: 0.7292 | best mAP acc: 0.6675 | best mAR acc: 0.7368 | best Score: 0.6675 | best Score epoch: 10 
epoch 11, iter  301: loss: 0.0064 | load time: 0.0001 | back time: 0.7326 | lr: 0.00009732 | best AP50 acc: 0.8525 | best AP70 acc: 0.7292 | best mAP acc: 0.6675 | best mAR acc: 0.7368 | best Score: 0.6675 | best Score epoch: 10 
epoch 11, iter  351: loss: 0.0069 | load time: 0.0002 | back time: 0.7912 | lr: 0.00009728 | best AP50 acc: 0.8525 | best AP70 acc: 0.7292 | best mAP acc: 0.6675 | best mAR acc: 0.7368 | best Score: 0.6675 | best Score epoch: 10 
epoch 11, iter  401: loss: 0.0058 | load time: 0.0002 | back time: 0.6695 | lr: 0.00009723 | best AP50 acc: 0.8525 | best AP70 acc: 0.7292 | best mAP acc: 0.6675 | best mAR acc: 0.7368 | best Score: 0.6675 | best Score epoch: 10 
epoch 11, iter  451: loss: 0.0083 | load time: 0.0003 | back time: 0.7303 | lr: 0.00009719 | best AP50 acc: 0.8525 | best AP70 acc: 0.7292 | best mAP acc: 0.6675 | best mAR acc: 0.7368 | best Score: 0.6675 | best Score epoch: 10 
epoch 11, iter  501: loss: 0.0062 | load time: 0.0001 | back time: 0.7924 | lr: 0.00009714 | best AP50 acc: 0.8525 | best AP70 acc: 0.7292 | best mAP acc: 0.6675 | best mAR acc: 0.7368 | best Score: 0.6675 | best Score epoch: 10 
epoch 11, iter  551: loss: 0.0058 | load time: 0.0003 | back time: 0.7292 | lr: 0.00009710 | best AP50 acc: 0.8525 | best AP70 acc: 0.7292 | best mAP acc: 0.6675 | best mAR acc: 0.7368 | best Score: 0.6675 | best Score epoch: 10 
epoch 11, iter  601: loss: 0.0073 | load time: 0.0001 | back time: 0.7474 | lr: 0.00009705 | best AP50 acc: 0.8525 | best AP70 acc: 0.7292 | best mAP acc: 0.6675 | best mAR acc: 0.7368 | best Score: 0.6675 | best Score epoch: 10 
epoch 11, iter  651: loss: 0.0063 | load time: 0.0001 | back time: 0.7602 | lr: 0.00009700 | best AP50 acc: 0.8525 | best AP70 acc: 0.7292 | best mAP acc: 0.6675 | best mAR acc: 0.7368 | best Score: 0.6675 | best Score epoch: 10 
epoch 11, iter  701: loss: 0.0062 | load time: 0.0001 | back time: 0.7294 | lr: 0.00009696 | best AP50 acc: 0.8525 | best AP70 acc: 0.7292 | best mAP acc: 0.6675 | best mAR acc: 0.7368 | best Score: 0.6675 | best Score epoch: 10 
epoch 11, iter  751: loss: 0.0072 | load time: 0.0002 | back time: 0.7697 | lr: 0.00009691 | best AP50 acc: 0.8525 | best AP70 acc: 0.7292 | best mAP acc: 0.6675 | best mAR acc: 0.7368 | best Score: 0.6675 | best Score epoch: 10 
epoch 11, iter  801: loss: 0.0064 | load time: 0.0003 | back time: 0.7876 | lr: 0.00009686 | best AP50 acc: 0.8525 | best AP70 acc: 0.7292 | best mAP acc: 0.6675 | best mAR acc: 0.7368 | best Score: 0.6675 | best Score epoch: 10 
epoch 11, iter  851: loss: 0.0070 | load time: 0.0002 | back time: 0.7536 | lr: 0.00009682 | best AP50 acc: 0.8525 | best AP70 acc: 0.7292 | best mAP acc: 0.6675 | best mAR acc: 0.7368 | best Score: 0.6675 | best Score epoch: 10 
epoch 11, iter  901: loss: 0.0073 | load time: 0.0002 | back time: 0.7332 | lr: 0.00009677 | best AP50 acc: 0.8525 | best AP70 acc: 0.7292 | best mAP acc: 0.6675 | best mAR acc: 0.7368 | best Score: 0.6675 | best Score epoch: 10 
epoch 11, iter  951: loss: 0.0065 | load time: 0.0002 | back time: 0.7436 | lr: 0.00009672 | best AP50 acc: 0.8525 | best AP70 acc: 0.7292 | best mAP acc: 0.6675 | best mAR acc: 0.7368 | best Score: 0.6675 | best Score epoch: 10 
epoch 11, iter 1001: loss: 0.0087 | load time: 0.0004 | back time: 0.7377 | lr: 0.00009667 | best AP50 acc: 0.8525 | best AP70 acc: 0.7292 | best mAP acc: 0.6675 | best mAR acc: 0.7368 | best Score: 0.6675 | best Score epoch: 10 
epoch 11, iter 1051: loss: 0.0076 | load time: 0.0005 | back time: 0.7306 | lr: 0.00009662 | best AP50 acc: 0.8525 | best AP70 acc: 0.7292 | best mAP acc: 0.6675 | best mAR acc: 0.7368 | best Score: 0.6675 | best Score epoch: 10 
epoch 11, iter 1101: loss: 0.0067 | load time: 0.0002 | back time: 0.7655 | lr: 0.00009657 | best AP50 acc: 0.8525 | best AP70 acc: 0.7292 | best mAP acc: 0.6675 | best mAR acc: 0.7368 | best Score: 0.6675 | best Score epoch: 10 
epoch 11, iter 1151: loss: 0.0088 | load time: 0.0001 | back time: 0.7438 | lr: 0.00009652 | best AP50 acc: 0.8525 | best AP70 acc: 0.7292 | best mAP acc: 0.6675 | best mAR acc: 0.7368 | best Score: 0.6675 | best Score epoch: 10 
UAV_SEQS_2 | mAP50:90: 42.8099 | AP50: 64.3083 | AP70: 47.8940 
UAV_SEQS_37 | mAP50:90: 88.1167 | AP50: 98.7781 | AP70: 90.3592 
UAV_SEQS_45 | mAP50:90: 86.7618 | AP50: 98.0198 | AP70: 93.8389 
UAV_SEQS_47 | mAP50:90: 93.9793 | AP50: 100.0000 | AP70: 100.0000 
UAV_SEQS_55 | mAP50:90: 38.0498 | AP50: 66.3992 | AP70: 34.6137 
UAV_SEQS_59 | mAP50:90: 63.3553 | AP50: 93.0676 | AP70: 69.3839 
UAV_SEQS_6 | mAP50:90: 67.7448 | AP50: 86.3888 | AP70: 68.5447 
UAV_SEQS_63 | mAP50:90: 27.3486 | AP50: 68.2492 | AP70: 17.7638 
UAV_SEQS_65 | mAP50:90: 76.3314 | AP50: 95.8841 | AP70: 83.8220 
UAV_SEQS_7 | mAP50:90: 72.7190 | AP50: 97.0297 | AP70: 91.7967 
UAV_SEQS_71 | mAP50:90: 60.1145 | AP50: 81.4229 | AP70: 67.5039 
UAV_SEQS_73 | mAP50:90: 64.4077 | AP50: 82.8042 | AP70: 72.7800 
UAV_SEQS_74 | mAP50:90: 98.6572 | AP50: 100.0000 | AP70: 100.0000 
UAV_SEQS_77 | mAP50:90: 23.4502 | AP50: 32.4270 | AP70: 29.3082 
UAV_SEQS_8 | mAP50:90: 90.1577 | AP50: 100.0000 | AP70: 98.9076 
Overall            | mAP50:95: 66.5355 | AP50: 84.5907 | AP70: 71.7472 
epoch 12, iter    1: loss: 0.0058 | load time: 0.0062 | back time: 0.2944 | lr: 0.00009652 | best AP50 acc: 0.8525 | best AP70 acc: 0.7292 | best mAP acc: 0.6675 | best mAR acc: 0.7368 | best Score: 0.6675 | best Score epoch: 10 
epoch 12, iter   51: loss: 0.0075 | load time: 0.0002 | back time: 0.7361 | lr: 0.00009647 | best AP50 acc: 0.8525 | best AP70 acc: 0.7292 | best mAP acc: 0.6675 | best mAR acc: 0.7368 | best Score: 0.6675 | best Score epoch: 10 
epoch 12, iter  101: loss: 0.0059 | load time: 0.0001 | back time: 0.7413 | lr: 0.00009642 | best AP50 acc: 0.8525 | best AP70 acc: 0.7292 | best mAP acc: 0.6675 | best mAR acc: 0.7368 | best Score: 0.6675 | best Score epoch: 10 
epoch 12, iter  151: loss: 0.0074 | load time: 0.0002 | back time: 0.7487 | lr: 0.00009637 | best AP50 acc: 0.8525 | best AP70 acc: 0.7292 | best mAP acc: 0.6675 | best mAR acc: 0.7368 | best Score: 0.6675 | best Score epoch: 10 
epoch 12, iter  201: loss: 0.0056 | load time: 0.0002 | back time: 0.7492 | lr: 0.00009632 | best AP50 acc: 0.8525 | best AP70 acc: 0.7292 | best mAP acc: 0.6675 | best mAR acc: 0.7368 | best Score: 0.6675 | best Score epoch: 10 
epoch 12, iter  251: loss: 0.0061 | load time: 0.0002 | back time: 0.7526 | lr: 0.00009627 | best AP50 acc: 0.8525 | best AP70 acc: 0.7292 | best mAP acc: 0.6675 | best mAR acc: 0.7368 | best Score: 0.6675 | best Score epoch: 10 
epoch 12, iter  301: loss: 0.0060 | load time: 0.0003 | back time: 0.7432 | lr: 0.00009622 | best AP50 acc: 0.8525 | best AP70 acc: 0.7292 | best mAP acc: 0.6675 | best mAR acc: 0.7368 | best Score: 0.6675 | best Score epoch: 10 
epoch 12, iter  351: loss: 0.0069 | load time: 0.0003 | back time: 0.7421 | lr: 0.00009617 | best AP50 acc: 0.8525 | best AP70 acc: 0.7292 | best mAP acc: 0.6675 | best mAR acc: 0.7368 | best Score: 0.6675 | best Score epoch: 10 
epoch 12, iter  401: loss: 0.0061 | load time: 0.0001 | back time: 0.7448 | lr: 0.00009611 | best AP50 acc: 0.8525 | best AP70 acc: 0.7292 | best mAP acc: 0.6675 | best mAR acc: 0.7368 | best Score: 0.6675 | best Score epoch: 10 
epoch 12, iter  451: loss: 0.0068 | load time: 0.0002 | back time: 0.7449 | lr: 0.00009606 | best AP50 acc: 0.8525 | best AP70 acc: 0.7292 | best mAP acc: 0.6675 | best mAR acc: 0.7368 | best Score: 0.6675 | best Score epoch: 10 
epoch 12, iter  501: loss: 0.0071 | load time: 0.0002 | back time: 0.7390 | lr: 0.00009601 | best AP50 acc: 0.8525 | best AP70 acc: 0.7292 | best mAP acc: 0.6675 | best mAR acc: 0.7368 | best Score: 0.6675 | best Score epoch: 10 
epoch 12, iter  551: loss: 0.0060 | load time: 0.0003 | back time: 0.7357 | lr: 0.00009596 | best AP50 acc: 0.8525 | best AP70 acc: 0.7292 | best mAP acc: 0.6675 | best mAR acc: 0.7368 | best Score: 0.6675 | best Score epoch: 10 
epoch 12, iter  601: loss: 0.0078 | load time: 0.0003 | back time: 0.7405 | lr: 0.00009590 | best AP50 acc: 0.8525 | best AP70 acc: 0.7292 | best mAP acc: 0.6675 | best mAR acc: 0.7368 | best Score: 0.6675 | best Score epoch: 10 
epoch 12, iter  651: loss: 0.0062 | load time: 0.0002 | back time: 0.7516 | lr: 0.00009585 | best AP50 acc: 0.8525 | best AP70 acc: 0.7292 | best mAP acc: 0.6675 | best mAR acc: 0.7368 | best Score: 0.6675 | best Score epoch: 10 
epoch 12, iter  701: loss: 0.0062 | load time: 0.0001 | back time: 0.7785 | lr: 0.00009579 | best AP50 acc: 0.8525 | best AP70 acc: 0.7292 | best mAP acc: 0.6675 | best mAR acc: 0.7368 | best Score: 0.6675 | best Score epoch: 10 
epoch 12, iter  751: loss: 0.0060 | load time: 0.0002 | back time: 0.7298 | lr: 0.00009574 | best AP50 acc: 0.8525 | best AP70 acc: 0.7292 | best mAP acc: 0.6675 | best mAR acc: 0.7368 | best Score: 0.6675 | best Score epoch: 10 
epoch 12, iter  801: loss: 0.0086 | load time: 0.0003 | back time: 0.7529 | lr: 0.00009568 | best AP50 acc: 0.8525 | best AP70 acc: 0.7292 | best mAP acc: 0.6675 | best mAR acc: 0.7368 | best Score: 0.6675 | best Score epoch: 10 
epoch 12, iter  851: loss: 0.0075 | load time: 0.0001 | back time: 0.7300 | lr: 0.00009563 | best AP50 acc: 0.8525 | best AP70 acc: 0.7292 | best mAP acc: 0.6675 | best mAR acc: 0.7368 | best Score: 0.6675 | best Score epoch: 10 
epoch 12, iter  901: loss: 0.0066 | load time: 0.0001 | back time: 0.7341 | lr: 0.00009557 | best AP50 acc: 0.8525 | best AP70 acc: 0.7292 | best mAP acc: 0.6675 | best mAR acc: 0.7368 | best Score: 0.6675 | best Score epoch: 10 
epoch 12, iter  951: loss: 0.0075 | load time: 0.0002 | back time: 0.7596 | lr: 0.00009552 | best AP50 acc: 0.8525 | best AP70 acc: 0.7292 | best mAP acc: 0.6675 | best mAR acc: 0.7368 | best Score: 0.6675 | best Score epoch: 10 
epoch 12, iter 1001: loss: 0.0063 | load time: 0.0002 | back time: 0.7790 | lr: 0.00009546 | best AP50 acc: 0.8525 | best AP70 acc: 0.7292 | best mAP acc: 0.6675 | best mAR acc: 0.7368 | best Score: 0.6675 | best Score epoch: 10 
epoch 12, iter 1051: loss: 0.0065 | load time: 0.0001 | back time: 0.7457 | lr: 0.00009540 | best AP50 acc: 0.8525 | best AP70 acc: 0.7292 | best mAP acc: 0.6675 | best mAR acc: 0.7368 | best Score: 0.6675 | best Score epoch: 10 
epoch 12, iter 1101: loss: 0.0063 | load time: 0.0002 | back time: 0.7300 | lr: 0.00009535 | best AP50 acc: 0.8525 | best AP70 acc: 0.7292 | best mAP acc: 0.6675 | best mAR acc: 0.7368 | best Score: 0.6675 | best Score epoch: 10 
epoch 12, iter 1151: loss: 0.0063 | load time: 0.0001 | back time: 0.6907 | lr: 0.00009529 | best AP50 acc: 0.8525 | best AP70 acc: 0.7292 | best mAP acc: 0.6675 | best mAR acc: 0.7368 | best Score: 0.6675 | best Score epoch: 10 
UAV_SEQS_2 | mAP50:90: 28.3545 | AP50: 51.5783 | AP70: 25.6787 
UAV_SEQS_37 | mAP50:90: 71.8137 | AP50: 96.9444 | AP70: 73.3646 
UAV_SEQS_45 | mAP50:90: 95.7823 | AP50: 98.0198 | AP70: 98.0198 
UAV_SEQS_47 | mAP50:90: 98.0999 | AP50: 100.0000 | AP70: 100.0000 
UAV_SEQS_55 | mAP50:90: 45.2050 | AP50: 65.2890 | AP70: 47.6320 
UAV_SEQS_59 | mAP50:90: 71.5899 | AP50: 90.9028 | AP70: 78.1482 
UAV_SEQS_6 | mAP50:90: 36.5319 | AP50: 41.1737 | AP70: 38.6137 
UAV_SEQS_63 | mAP50:90: 28.7450 | AP50: 67.3978 | AP70: 23.1131 
UAV_SEQS_65 | mAP50:90: 82.1846 | AP50: 97.5562 | AP70: 88.5132 
UAV_SEQS_7 | mAP50:90: 52.2101 | AP50: 87.4518 | AP70: 58.4204 
UAV_SEQS_71 | mAP50:90: 73.3920 | AP50: 93.0693 | AP70: 83.2496 
UAV_SEQS_73 | mAP50:90: 63.6080 | AP50: 82.8064 | AP70: 71.1083 
UAV_SEQS_74 | mAP50:90: 99.6641 | AP50: 100.0000 | AP70: 100.0000 
UAV_SEQS_77 | mAP50:90: 33.3183 | AP50: 43.0649 | AP70: 36.4899 
UAV_SEQS_8 | mAP50:90: 76.8582 | AP50: 98.5743 | AP70: 89.9883 
Overall            | mAP50:95: 65.0703 | AP50: 81.7625 | AP70: 68.7315 
epoch 13, iter    1: loss: 0.0062 | load time: 0.0045 | back time: 0.2478 | lr: 0.00009529 | best AP50 acc: 0.8525 | best AP70 acc: 0.7292 | best mAP acc: 0.6675 | best mAR acc: 0.7368 | best Score: 0.6675 | best Score epoch: 10 
epoch 13, iter   51: loss: 0.0059 | load time: 0.0002 | back time: 0.7257 | lr: 0.00009523 | best AP50 acc: 0.8525 | best AP70 acc: 0.7292 | best mAP acc: 0.6675 | best mAR acc: 0.7368 | best Score: 0.6675 | best Score epoch: 10 
epoch 13, iter  101: loss: 0.0059 | load time: 0.0002 | back time: 0.7270 | lr: 0.00009517 | best AP50 acc: 0.8525 | best AP70 acc: 0.7292 | best mAP acc: 0.6675 | best mAR acc: 0.7368 | best Score: 0.6675 | best Score epoch: 10 
epoch 13, iter  151: loss: 0.0066 | load time: 0.0002 | back time: 0.7467 | lr: 0.00009511 | best AP50 acc: 0.8525 | best AP70 acc: 0.7292 | best mAP acc: 0.6675 | best mAR acc: 0.7368 | best Score: 0.6675 | best Score epoch: 10 
epoch 13, iter  201: loss: 0.0058 | load time: 0.0002 | back time: 0.7462 | lr: 0.00009506 | best AP50 acc: 0.8525 | best AP70 acc: 0.7292 | best mAP acc: 0.6675 | best mAR acc: 0.7368 | best Score: 0.6675 | best Score epoch: 10 
epoch 13, iter  251: loss: 0.0059 | load time: 0.0002 | back time: 0.7324 | lr: 0.00009500 | best AP50 acc: 0.8525 | best AP70 acc: 0.7292 | best mAP acc: 0.6675 | best mAR acc: 0.7368 | best Score: 0.6675 | best Score epoch: 10 
epoch 13, iter  301: loss: 0.0061 | load time: 0.0002 | back time: 0.7372 | lr: 0.00009494 | best AP50 acc: 0.8525 | best AP70 acc: 0.7292 | best mAP acc: 0.6675 | best mAR acc: 0.7368 | best Score: 0.6675 | best Score epoch: 10 
epoch 13, iter  351: loss: 0.0057 | load time: 0.0002 | back time: 0.7456 | lr: 0.00009488 | best AP50 acc: 0.8525 | best AP70 acc: 0.7292 | best mAP acc: 0.6675 | best mAR acc: 0.7368 | best Score: 0.6675 | best Score epoch: 10 
epoch 13, iter  401: loss: 0.0064 | load time: 0.0001 | back time: 0.7537 | lr: 0.00009482 | best AP50 acc: 0.8525 | best AP70 acc: 0.7292 | best mAP acc: 0.6675 | best mAR acc: 0.7368 | best Score: 0.6675 | best Score epoch: 10 
epoch 13, iter  451: loss: 0.0069 | load time: 0.0003 | back time: 0.7550 | lr: 0.00009476 | best AP50 acc: 0.8525 | best AP70 acc: 0.7292 | best mAP acc: 0.6675 | best mAR acc: 0.7368 | best Score: 0.6675 | best Score epoch: 10 
epoch 13, iter  501: loss: 0.0065 | load time: 0.0002 | back time: 0.7462 | lr: 0.00009470 | best AP50 acc: 0.8525 | best AP70 acc: 0.7292 | best mAP acc: 0.6675 | best mAR acc: 0.7368 | best Score: 0.6675 | best Score epoch: 10 
epoch 13, iter  551: loss: 0.0081 | load time: 0.0002 | back time: 0.7443 | lr: 0.00009464 | best AP50 acc: 0.8525 | best AP70 acc: 0.7292 | best mAP acc: 0.6675 | best mAR acc: 0.7368 | best Score: 0.6675 | best Score epoch: 10 
epoch 13, iter  601: loss: 0.0062 | load time: 0.0004 | back time: 0.7425 | lr: 0.00009457 | best AP50 acc: 0.8525 | best AP70 acc: 0.7292 | best mAP acc: 0.6675 | best mAR acc: 0.7368 | best Score: 0.6675 | best Score epoch: 10 
epoch 13, iter  651: loss: 0.0065 | load time: 0.0002 | back time: 0.7465 | lr: 0.00009451 | best AP50 acc: 0.8525 | best AP70 acc: 0.7292 | best mAP acc: 0.6675 | best mAR acc: 0.7368 | best Score: 0.6675 | best Score epoch: 10 
epoch 13, iter  701: loss: 0.0070 | load time: 0.0002 | back time: 0.6885 | lr: 0.00009445 | best AP50 acc: 0.8525 | best AP70 acc: 0.7292 | best mAP acc: 0.6675 | best mAR acc: 0.7368 | best Score: 0.6675 | best Score epoch: 10 
epoch 13, iter  751: loss: 0.0063 | load time: 0.0002 | back time: 0.7905 | lr: 0.00009439 | best AP50 acc: 0.8525 | best AP70 acc: 0.7292 | best mAP acc: 0.6675 | best mAR acc: 0.7368 | best Score: 0.6675 | best Score epoch: 10 
epoch 13, iter  801: loss: 0.0069 | load time: 0.0004 | back time: 0.7401 | lr: 0.00009433 | best AP50 acc: 0.8525 | best AP70 acc: 0.7292 | best mAP acc: 0.6675 | best mAR acc: 0.7368 | best Score: 0.6675 | best Score epoch: 10 
epoch 13, iter  851: loss: 0.0085 | load time: 0.0001 | back time: 0.7457 | lr: 0.00009426 | best AP50 acc: 0.8525 | best AP70 acc: 0.7292 | best mAP acc: 0.6675 | best mAR acc: 0.7368 | best Score: 0.6675 | best Score epoch: 10 
epoch 13, iter  901: loss: 0.0065 | load time: 0.0001 | back time: 0.7420 | lr: 0.00009420 | best AP50 acc: 0.8525 | best AP70 acc: 0.7292 | best mAP acc: 0.6675 | best mAR acc: 0.7368 | best Score: 0.6675 | best Score epoch: 10 
epoch 13, iter  951: loss: 0.0060 | load time: 0.0002 | back time: 0.7364 | lr: 0.00009414 | best AP50 acc: 0.8525 | best AP70 acc: 0.7292 | best mAP acc: 0.6675 | best mAR acc: 0.7368 | best Score: 0.6675 | best Score epoch: 10 
epoch 13, iter 1001: loss: 0.0075 | load time: 0.0003 | back time: 0.7300 | lr: 0.00009407 | best AP50 acc: 0.8525 | best AP70 acc: 0.7292 | best mAP acc: 0.6675 | best mAR acc: 0.7368 | best Score: 0.6675 | best Score epoch: 10 
epoch 13, iter 1051: loss: 0.0066 | load time: 0.0002 | back time: 0.7474 | lr: 0.00009401 | best AP50 acc: 0.8525 | best AP70 acc: 0.7292 | best mAP acc: 0.6675 | best mAR acc: 0.7368 | best Score: 0.6675 | best Score epoch: 10 
epoch 13, iter 1101: loss: 0.0060 | load time: 0.0002 | back time: 0.7528 | lr: 0.00009394 | best AP50 acc: 0.8525 | best AP70 acc: 0.7292 | best mAP acc: 0.6675 | best mAR acc: 0.7368 | best Score: 0.6675 | best Score epoch: 10 
epoch 13, iter 1151: loss: 0.0061 | load time: 0.0001 | back time: 0.7544 | lr: 0.00009388 | best AP50 acc: 0.8525 | best AP70 acc: 0.7292 | best mAP acc: 0.6675 | best mAR acc: 0.7368 | best Score: 0.6675 | best Score epoch: 10 
UAV_SEQS_2 | mAP50:90: 33.2993 | AP50: 63.0392 | AP70: 27.5725 
UAV_SEQS_37 | mAP50:90: 88.7993 | AP50: 100.0000 | AP70: 93.0795 
UAV_SEQS_45 | mAP50:90: 91.9874 | AP50: 100.0000 | AP70: 94.0153 
UAV_SEQS_47 | mAP50:90: 87.1676 | AP50: 97.8887 | AP70: 90.8316 
UAV_SEQS_55 | mAP50:90: 42.1003 | AP50: 60.4662 | AP70: 46.7947 
UAV_SEQS_59 | mAP50:90: 83.0745 | AP50: 100.0000 | AP70: 90.6739 
UAV_SEQS_6 | mAP50:90: 60.2759 | AP50: 79.2147 | AP70: 65.2138 
UAV_SEQS_63 | mAP50:90: 15.3698 | AP50: 53.0057 | AP70: 9.4205 
UAV_SEQS_65 | mAP50:90: 74.4542 | AP50: 98.8529 | AP70: 84.7510 
UAV_SEQS_7 | mAP50:90: 84.0755 | AP50: 96.0396 | AP70: 95.0358 
UAV_SEQS_71 | mAP50:90: 64.4622 | AP50: 86.3035 | AP70: 72.0534 
UAV_SEQS_73 | mAP50:90: 58.9391 | AP50: 83.3002 | AP70: 60.3837 
UAV_SEQS_74 | mAP50:90: 98.5626 | AP50: 100.0000 | AP70: 100.0000 
UAV_SEQS_77 | mAP50:90: 29.8029 | AP50: 47.9198 | AP70: 33.9162 
UAV_SEQS_8 | mAP50:90: 82.2358 | AP50: 100.0000 | AP70: 94.1485 
Overall            | mAP50:95: 66.9868 | AP50: 85.4650 | AP70: 71.1472 
epoch 14, iter    1: loss: 0.0064 | load time: 0.0046 | back time: 0.3395 | lr: 0.00009388 | best AP50 acc: 0.8547 | best AP70 acc: 0.7115 | best mAP acc: 0.6699 | best mAR acc: 0.7329 | best Score: 0.6699 | best Score epoch: 13 
epoch 14, iter   51: loss: 0.0058 | load time: 0.0002 | back time: 0.7395 | lr: 0.00009381 | best AP50 acc: 0.8547 | best AP70 acc: 0.7115 | best mAP acc: 0.6699 | best mAR acc: 0.7329 | best Score: 0.6699 | best Score epoch: 13 
epoch 14, iter  101: loss: 0.0066 | load time: 0.0003 | back time: 0.7415 | lr: 0.00009375 | best AP50 acc: 0.8547 | best AP70 acc: 0.7115 | best mAP acc: 0.6699 | best mAR acc: 0.7329 | best Score: 0.6699 | best Score epoch: 13 
epoch 14, iter  151: loss: 0.0066 | load time: 0.0002 | back time: 0.7478 | lr: 0.00009368 | best AP50 acc: 0.8547 | best AP70 acc: 0.7115 | best mAP acc: 0.6699 | best mAR acc: 0.7329 | best Score: 0.6699 | best Score epoch: 13 
epoch 14, iter  201: loss: 0.0062 | load time: 0.0004 | back time: 0.7585 | lr: 0.00009361 | best AP50 acc: 0.8547 | best AP70 acc: 0.7115 | best mAP acc: 0.6699 | best mAR acc: 0.7329 | best Score: 0.6699 | best Score epoch: 13 
epoch 14, iter  251: loss: 0.0067 | load time: 0.0003 | back time: 0.7322 | lr: 0.00009355 | best AP50 acc: 0.8547 | best AP70 acc: 0.7115 | best mAP acc: 0.6699 | best mAR acc: 0.7329 | best Score: 0.6699 | best Score epoch: 13 
epoch 14, iter  301: loss: 0.0061 | load time: 0.0002 | back time: 0.7693 | lr: 0.00009348 | best AP50 acc: 0.8547 | best AP70 acc: 0.7115 | best mAP acc: 0.6699 | best mAR acc: 0.7329 | best Score: 0.6699 | best Score epoch: 13 
epoch 14, iter  351: loss: 0.0061 | load time: 0.0002 | back time: 0.7455 | lr: 0.00009341 | best AP50 acc: 0.8547 | best AP70 acc: 0.7115 | best mAP acc: 0.6699 | best mAR acc: 0.7329 | best Score: 0.6699 | best Score epoch: 13 
epoch 14, iter  401: loss: 0.0061 | load time: 0.0003 | back time: 0.7470 | lr: 0.00009335 | best AP50 acc: 0.8547 | best AP70 acc: 0.7115 | best mAP acc: 0.6699 | best mAR acc: 0.7329 | best Score: 0.6699 | best Score epoch: 13 
epoch 14, iter  451: loss: 0.0069 | load time: 0.0002 | back time: 0.7470 | lr: 0.00009328 | best AP50 acc: 0.8547 | best AP70 acc: 0.7115 | best mAP acc: 0.6699 | best mAR acc: 0.7329 | best Score: 0.6699 | best Score epoch: 13 
epoch 14, iter  501: loss: 0.0061 | load time: 0.0002 | back time: 0.7466 | lr: 0.00009321 | best AP50 acc: 0.8547 | best AP70 acc: 0.7115 | best mAP acc: 0.6699 | best mAR acc: 0.7329 | best Score: 0.6699 | best Score epoch: 13 
epoch 14, iter  551: loss: 0.0057 | load time: 0.0002 | back time: 0.7591 | lr: 0.00009314 | best AP50 acc: 0.8547 | best AP70 acc: 0.7115 | best mAP acc: 0.6699 | best mAR acc: 0.7329 | best Score: 0.6699 | best Score epoch: 13 
epoch 14, iter  601: loss: 0.0058 | load time: 0.0003 | back time: 0.7598 | lr: 0.00009307 | best AP50 acc: 0.8547 | best AP70 acc: 0.7115 | best mAP acc: 0.6699 | best mAR acc: 0.7329 | best Score: 0.6699 | best Score epoch: 13 
epoch 14, iter  651: loss: 0.0064 | load time: 0.0002 | back time: 0.7478 | lr: 0.00009300 | best AP50 acc: 0.8547 | best AP70 acc: 0.7115 | best mAP acc: 0.6699 | best mAR acc: 0.7329 | best Score: 0.6699 | best Score epoch: 13 
epoch 14, iter  701: loss: 0.0066 | load time: 0.0002 | back time: 0.7477 | lr: 0.00009293 | best AP50 acc: 0.8547 | best AP70 acc: 0.7115 | best mAP acc: 0.6699 | best mAR acc: 0.7329 | best Score: 0.6699 | best Score epoch: 13 
epoch 14, iter  751: loss: 0.0064 | load time: 0.0002 | back time: 0.7482 | lr: 0.00009286 | best AP50 acc: 0.8547 | best AP70 acc: 0.7115 | best mAP acc: 0.6699 | best mAR acc: 0.7329 | best Score: 0.6699 | best Score epoch: 13 
epoch 14, iter  801: loss: 0.0074 | load time: 0.0002 | back time: 0.7509 | lr: 0.00009279 | best AP50 acc: 0.8547 | best AP70 acc: 0.7115 | best mAP acc: 0.6699 | best mAR acc: 0.7329 | best Score: 0.6699 | best Score epoch: 13 
epoch 14, iter  851: loss: 0.0066 | load time: 0.0003 | back time: 0.7517 | lr: 0.00009272 | best AP50 acc: 0.8547 | best AP70 acc: 0.7115 | best mAP acc: 0.6699 | best mAR acc: 0.7329 | best Score: 0.6699 | best Score epoch: 13 
epoch 14, iter  901: loss: 0.0060 | load time: 0.0002 | back time: 0.7520 | lr: 0.00009265 | best AP50 acc: 0.8547 | best AP70 acc: 0.7115 | best mAP acc: 0.6699 | best mAR acc: 0.7329 | best Score: 0.6699 | best Score epoch: 13 
epoch 14, iter  951: loss: 0.0068 | load time: 0.0001 | back time: 0.7489 | lr: 0.00009258 | best AP50 acc: 0.8547 | best AP70 acc: 0.7115 | best mAP acc: 0.6699 | best mAR acc: 0.7329 | best Score: 0.6699 | best Score epoch: 13 
epoch 14, iter 1001: loss: 0.0058 | load time: 0.0002 | back time: 0.7367 | lr: 0.00009251 | best AP50 acc: 0.8547 | best AP70 acc: 0.7115 | best mAP acc: 0.6699 | best mAR acc: 0.7329 | best Score: 0.6699 | best Score epoch: 13 
epoch 14, iter 1051: loss: 0.0109 | load time: 0.0003 | back time: 0.7478 | lr: 0.00009244 | best AP50 acc: 0.8547 | best AP70 acc: 0.7115 | best mAP acc: 0.6699 | best mAR acc: 0.7329 | best Score: 0.6699 | best Score epoch: 13 
epoch 14, iter 1101: loss: 0.0064 | load time: 0.0001 | back time: 0.7498 | lr: 0.00009237 | best AP50 acc: 0.8547 | best AP70 acc: 0.7115 | best mAP acc: 0.6699 | best mAR acc: 0.7329 | best Score: 0.6699 | best Score epoch: 13 
epoch 14, iter 1151: loss: 0.0061 | load time: 0.0003 | back time: 0.7503 | lr: 0.00009230 | best AP50 acc: 0.8547 | best AP70 acc: 0.7115 | best mAP acc: 0.6699 | best mAR acc: 0.7329 | best Score: 0.6699 | best Score epoch: 13 
UAV_SEQS_2 | mAP50:90: 28.4307 | AP50: 53.2546 | AP70: 25.9701 
UAV_SEQS_37 | mAP50:90: 80.9810 | AP50: 98.8350 | AP70: 79.4720 
UAV_SEQS_45 | mAP50:90: 93.7840 | AP50: 98.0198 | AP70: 98.0131 
UAV_SEQS_47 | mAP50:90: 87.3310 | AP50: 94.9911 | AP70: 90.0663 
UAV_SEQS_55 | mAP50:90: 41.7279 | AP50: 68.7387 | AP70: 43.9409 
UAV_SEQS_59 | mAP50:90: 72.1091 | AP50: 93.4409 | AP70: 78.9861 
UAV_SEQS_6 | mAP50:90: 49.5446 | AP50: 59.2139 | AP70: 53.7598 
UAV_SEQS_63 | mAP50:90: 36.7018 | AP50: 82.1081 | AP70: 34.6253 
UAV_SEQS_65 | mAP50:90: 85.1369 | AP50: 97.4197 | AP70: 90.5106 
UAV_SEQS_7 | mAP50:90: 65.6600 | AP50: 95.0495 | AP70: 78.3525 
UAV_SEQS_71 | mAP50:90: 71.0875 | AP50: 91.0099 | AP70: 77.0659 
UAV_SEQS_73 | mAP50:90: 67.1333 | AP50: 86.4915 | AP70: 72.3686 
UAV_SEQS_74 | mAP50:90: 98.6626 | AP50: 100.0000 | AP70: 100.0000 
UAV_SEQS_77 | mAP50:90: 24.7676 | AP50: 30.4986 | AP70: 30.4986 
UAV_SEQS_8 | mAP50:90: 75.1507 | AP50: 100.0000 | AP70: 90.2549 
Overall            | mAP50:95: 66.7491 | AP50: 84.5210 | AP70: 71.1099 
epoch 15, iter    1: loss: 0.0063 | load time: 0.0052 | back time: 0.4207 | lr: 0.00009229 | best AP50 acc: 0.8547 | best AP70 acc: 0.7115 | best mAP acc: 0.6699 | best mAR acc: 0.7329 | best Score: 0.6699 | best Score epoch: 13 
epoch 15, iter   51: loss: 0.0066 | load time: 0.0003 | back time: 0.7437 | lr: 0.00009222 | best AP50 acc: 0.8547 | best AP70 acc: 0.7115 | best mAP acc: 0.6699 | best mAR acc: 0.7329 | best Score: 0.6699 | best Score epoch: 13 
epoch 15, iter  101: loss: 0.0062 | load time: 0.0002 | back time: 0.7475 | lr: 0.00009215 | best AP50 acc: 0.8547 | best AP70 acc: 0.7115 | best mAP acc: 0.6699 | best mAR acc: 0.7329 | best Score: 0.6699 | best Score epoch: 13 
epoch 15, iter  151: loss: 0.0060 | load time: 0.0002 | back time: 0.7534 | lr: 0.00009207 | best AP50 acc: 0.8547 | best AP70 acc: 0.7115 | best mAP acc: 0.6699 | best mAR acc: 0.7329 | best Score: 0.6699 | best Score epoch: 13 
epoch 15, iter  201: loss: 0.0063 | load time: 0.0002 | back time: 0.7677 | lr: 0.00009200 | best AP50 acc: 0.8547 | best AP70 acc: 0.7115 | best mAP acc: 0.6699 | best mAR acc: 0.7329 | best Score: 0.6699 | best Score epoch: 13 
epoch 15, iter  251: loss: 0.0061 | load time: 0.0004 | back time: 0.7217 | lr: 0.00009193 | best AP50 acc: 0.8547 | best AP70 acc: 0.7115 | best mAP acc: 0.6699 | best mAR acc: 0.7329 | best Score: 0.6699 | best Score epoch: 13 
epoch 15, iter  301: loss: 0.0062 | load time: 0.0002 | back time: 0.7395 | lr: 0.00009185 | best AP50 acc: 0.8547 | best AP70 acc: 0.7115 | best mAP acc: 0.6699 | best mAR acc: 0.7329 | best Score: 0.6699 | best Score epoch: 13 
epoch 15, iter  351: loss: 0.0061 | load time: 0.0002 | back time: 0.7495 | lr: 0.00009178 | best AP50 acc: 0.8547 | best AP70 acc: 0.7115 | best mAP acc: 0.6699 | best mAR acc: 0.7329 | best Score: 0.6699 | best Score epoch: 13 
epoch 15, iter  401: loss: 0.0063 | load time: 0.0002 | back time: 0.7492 | lr: 0.00009170 | best AP50 acc: 0.8547 | best AP70 acc: 0.7115 | best mAP acc: 0.6699 | best mAR acc: 0.7329 | best Score: 0.6699 | best Score epoch: 13 
epoch 15, iter  451: loss: 0.0060 | load time: 0.0002 | back time: 0.7523 | lr: 0.00009163 | best AP50 acc: 0.8547 | best AP70 acc: 0.7115 | best mAP acc: 0.6699 | best mAR acc: 0.7329 | best Score: 0.6699 | best Score epoch: 13 
epoch 15, iter  501: loss: 0.0060 | load time: 0.0002 | back time: 0.7523 | lr: 0.00009155 | best AP50 acc: 0.8547 | best AP70 acc: 0.7115 | best mAP acc: 0.6699 | best mAR acc: 0.7329 | best Score: 0.6699 | best Score epoch: 13 
epoch 15, iter  551: loss: 0.0056 | load time: 0.0002 | back time: 0.7513 | lr: 0.00009148 | best AP50 acc: 0.8547 | best AP70 acc: 0.7115 | best mAP acc: 0.6699 | best mAR acc: 0.7329 | best Score: 0.6699 | best Score epoch: 13 
epoch 15, iter  601: loss: 0.0065 | load time: 0.0002 | back time: 0.7509 | lr: 0.00009140 | best AP50 acc: 0.8547 | best AP70 acc: 0.7115 | best mAP acc: 0.6699 | best mAR acc: 0.7329 | best Score: 0.6699 | best Score epoch: 13 
epoch 15, iter  651: loss: 0.0067 | load time: 0.0002 | back time: 0.7492 | lr: 0.00009133 | best AP50 acc: 0.8547 | best AP70 acc: 0.7115 | best mAP acc: 0.6699 | best mAR acc: 0.7329 | best Score: 0.6699 | best Score epoch: 13 
epoch 15, iter  701: loss: 0.0058 | load time: 0.0002 | back time: 0.7525 | lr: 0.00009125 | best AP50 acc: 0.8547 | best AP70 acc: 0.7115 | best mAP acc: 0.6699 | best mAR acc: 0.7329 | best Score: 0.6699 | best Score epoch: 13 
epoch 15, iter  751: loss: 0.0060 | load time: 0.0002 | back time: 0.7631 | lr: 0.00009117 | best AP50 acc: 0.8547 | best AP70 acc: 0.7115 | best mAP acc: 0.6699 | best mAR acc: 0.7329 | best Score: 0.6699 | best Score epoch: 13 
epoch 15, iter  801: loss: 0.0064 | load time: 0.0001 | back time: 0.7595 | lr: 0.00009110 | best AP50 acc: 0.8547 | best AP70 acc: 0.7115 | best mAP acc: 0.6699 | best mAR acc: 0.7329 | best Score: 0.6699 | best Score epoch: 13 
epoch 15, iter  851: loss: 0.0058 | load time: 0.0006 | back time: 0.7498 | lr: 0.00009102 | best AP50 acc: 0.8547 | best AP70 acc: 0.7115 | best mAP acc: 0.6699 | best mAR acc: 0.7329 | best Score: 0.6699 | best Score epoch: 13 
epoch 15, iter  901: loss: 0.0056 | load time: 0.0004 | back time: 0.7509 | lr: 0.00009094 | best AP50 acc: 0.8547 | best AP70 acc: 0.7115 | best mAP acc: 0.6699 | best mAR acc: 0.7329 | best Score: 0.6699 | best Score epoch: 13 
epoch 15, iter  951: loss: 0.0059 | load time: 0.0003 | back time: 0.7511 | lr: 0.00009086 | best AP50 acc: 0.8547 | best AP70 acc: 0.7115 | best mAP acc: 0.6699 | best mAR acc: 0.7329 | best Score: 0.6699 | best Score epoch: 13 
epoch 15, iter 1001: loss: 0.0066 | load time: 0.0003 | back time: 0.7527 | lr: 0.00009078 | best AP50 acc: 0.8547 | best AP70 acc: 0.7115 | best mAP acc: 0.6699 | best mAR acc: 0.7329 | best Score: 0.6699 | best Score epoch: 13 
epoch 15, iter 1051: loss: 0.0058 | load time: 0.0002 | back time: 0.7530 | lr: 0.00009071 | best AP50 acc: 0.8547 | best AP70 acc: 0.7115 | best mAP acc: 0.6699 | best mAR acc: 0.7329 | best Score: 0.6699 | best Score epoch: 13 
epoch 15, iter 1101: loss: 0.0066 | load time: 0.0002 | back time: 0.7535 | lr: 0.00009063 | best AP50 acc: 0.8547 | best AP70 acc: 0.7115 | best mAP acc: 0.6699 | best mAR acc: 0.7329 | best Score: 0.6699 | best Score epoch: 13 
epoch 15, iter 1151: loss: 0.0062 | load time: 0.0127 | back time: 0.7410 | lr: 0.00009055 | best AP50 acc: 0.8547 | best AP70 acc: 0.7115 | best mAP acc: 0.6699 | best mAR acc: 0.7329 | best Score: 0.6699 | best Score epoch: 13 
UAV_SEQS_2 | mAP50:90: 44.4041 | AP50: 66.1806 | AP70: 45.1463 
UAV_SEQS_37 | mAP50:90: 83.4556 | AP50: 100.0000 | AP70: 86.4220 
UAV_SEQS_45 | mAP50:90: 93.3036 | AP50: 98.0198 | AP70: 98.0198 
UAV_SEQS_47 | mAP50:90: 94.1996 | AP50: 100.0000 | AP70: 96.9000 
UAV_SEQS_55 | mAP50:90: 47.7069 | AP50: 75.0749 | AP70: 51.2064 
UAV_SEQS_59 | mAP50:90: 75.1842 | AP50: 93.6390 | AP70: 81.1705 
UAV_SEQS_6 | mAP50:90: 51.1555 | AP50: 67.8023 | AP70: 50.0860 
UAV_SEQS_63 | mAP50:90: 15.5493 | AP50: 62.6181 | AP70: 2.9836 
UAV_SEQS_65 | mAP50:90: 81.6705 | AP50: 97.6485 | AP70: 88.9725 
UAV_SEQS_7 | mAP50:90: 78.3766 | AP50: 86.1386 | AP70: 86.1158 
UAV_SEQS_71 | mAP50:90: 68.1428 | AP50: 90.7884 | AP70: 80.8283 
UAV_SEQS_73 | mAP50:90: 63.0963 | AP50: 84.2987 | AP70: 69.7032 
UAV_SEQS_74 | mAP50:90: 99.4542 | AP50: 100.0000 | AP70: 100.0000 
UAV_SEQS_77 | mAP50:90: 25.4146 | AP50: 35.9158 | AP70: 28.7906 
UAV_SEQS_8 | mAP50:90: 72.9921 | AP50: 100.0000 | AP70: 91.3196 
Overall            | mAP50:95: 66.8497 | AP50: 84.5589 | AP70: 70.4994 
epoch 16, iter    1: loss: 0.0058 | load time: 0.0085 | back time: 0.3328 | lr: 0.00009054 | best AP50 acc: 0.8547 | best AP70 acc: 0.7115 | best mAP acc: 0.6699 | best mAR acc: 0.7329 | best Score: 0.6699 | best Score epoch: 13 
epoch 16, iter   51: loss: 0.0059 | load time: 0.0003 | back time: 0.7380 | lr: 0.00009047 | best AP50 acc: 0.8547 | best AP70 acc: 0.7115 | best mAP acc: 0.6699 | best mAR acc: 0.7329 | best Score: 0.6699 | best Score epoch: 13 
epoch 16, iter  101: loss: 0.0057 | load time: 0.0002 | back time: 0.7449 | lr: 0.00009039 | best AP50 acc: 0.8547 | best AP70 acc: 0.7115 | best mAP acc: 0.6699 | best mAR acc: 0.7329 | best Score: 0.6699 | best Score epoch: 13 
epoch 16, iter  151: loss: 0.0064 | load time: 0.0002 | back time: 0.7423 | lr: 0.00009031 | best AP50 acc: 0.8547 | best AP70 acc: 0.7115 | best mAP acc: 0.6699 | best mAR acc: 0.7329 | best Score: 0.6699 | best Score epoch: 13 
epoch 16, iter  201: loss: 0.0059 | load time: 0.0002 | back time: 0.7547 | lr: 0.00009022 | best AP50 acc: 0.8547 | best AP70 acc: 0.7115 | best mAP acc: 0.6699 | best mAR acc: 0.7329 | best Score: 0.6699 | best Score epoch: 13 
epoch 16, iter  251: loss: 0.0059 | load time: 0.0002 | back time: 0.7607 | lr: 0.00009014 | best AP50 acc: 0.8547 | best AP70 acc: 0.7115 | best mAP acc: 0.6699 | best mAR acc: 0.7329 | best Score: 0.6699 | best Score epoch: 13 
epoch 16, iter  301: loss: 0.0065 | load time: 0.0004 | back time: 0.7521 | lr: 0.00009006 | best AP50 acc: 0.8547 | best AP70 acc: 0.7115 | best mAP acc: 0.6699 | best mAR acc: 0.7329 | best Score: 0.6699 | best Score epoch: 13 
epoch 16, iter  351: loss: 0.0063 | load time: 0.0002 | back time: 0.7454 | lr: 0.00008998 | best AP50 acc: 0.8547 | best AP70 acc: 0.7115 | best mAP acc: 0.6699 | best mAR acc: 0.7329 | best Score: 0.6699 | best Score epoch: 13 
epoch 16, iter  401: loss: 0.0063 | load time: 0.0003 | back time: 0.7533 | lr: 0.00008990 | best AP50 acc: 0.8547 | best AP70 acc: 0.7115 | best mAP acc: 0.6699 | best mAR acc: 0.7329 | best Score: 0.6699 | best Score epoch: 13 
epoch 16, iter  451: loss: 0.0059 | load time: 0.0002 | back time: 0.7460 | lr: 0.00008982 | best AP50 acc: 0.8547 | best AP70 acc: 0.7115 | best mAP acc: 0.6699 | best mAR acc: 0.7329 | best Score: 0.6699 | best Score epoch: 13 
epoch 16, iter  501: loss: 0.0066 | load time: 0.0003 | back time: 0.7427 | lr: 0.00008974 | best AP50 acc: 0.8547 | best AP70 acc: 0.7115 | best mAP acc: 0.6699 | best mAR acc: 0.7329 | best Score: 0.6699 | best Score epoch: 13 
epoch 16, iter  551: loss: 0.0061 | load time: 0.0002 | back time: 0.7389 | lr: 0.00008965 | best AP50 acc: 0.8547 | best AP70 acc: 0.7115 | best mAP acc: 0.6699 | best mAR acc: 0.7329 | best Score: 0.6699 | best Score epoch: 13 
epoch 16, iter  601: loss: 0.0060 | load time: 0.0002 | back time: 0.7469 | lr: 0.00008957 | best AP50 acc: 0.8547 | best AP70 acc: 0.7115 | best mAP acc: 0.6699 | best mAR acc: 0.7329 | best Score: 0.6699 | best Score epoch: 13 
epoch 16, iter  651: loss: 0.0058 | load time: 0.0002 | back time: 0.7494 | lr: 0.00008949 | best AP50 acc: 0.8547 | best AP70 acc: 0.7115 | best mAP acc: 0.6699 | best mAR acc: 0.7329 | best Score: 0.6699 | best Score epoch: 13 
epoch 16, iter  701: loss: 0.0063 | load time: 0.0002 | back time: 0.7487 | lr: 0.00008940 | best AP50 acc: 0.8547 | best AP70 acc: 0.7115 | best mAP acc: 0.6699 | best mAR acc: 0.7329 | best Score: 0.6699 | best Score epoch: 13 
epoch 16, iter  751: loss: 0.0061 | load time: 0.0001 | back time: 0.7499 | lr: 0.00008932 | best AP50 acc: 0.8547 | best AP70 acc: 0.7115 | best mAP acc: 0.6699 | best mAR acc: 0.7329 | best Score: 0.6699 | best Score epoch: 13 
epoch 16, iter  801: loss: 0.0062 | load time: 0.0003 | back time: 0.7444 | lr: 0.00008924 | best AP50 acc: 0.8547 | best AP70 acc: 0.7115 | best mAP acc: 0.6699 | best mAR acc: 0.7329 | best Score: 0.6699 | best Score epoch: 13 
epoch 16, iter  851: loss: 0.0057 | load time: 0.0002 | back time: 0.7306 | lr: 0.00008915 | best AP50 acc: 0.8547 | best AP70 acc: 0.7115 | best mAP acc: 0.6699 | best mAR acc: 0.7329 | best Score: 0.6699 | best Score epoch: 13 
epoch 16, iter  901: loss: 0.0059 | load time: 0.0002 | back time: 0.7565 | lr: 0.00008907 | best AP50 acc: 0.8547 | best AP70 acc: 0.7115 | best mAP acc: 0.6699 | best mAR acc: 0.7329 | best Score: 0.6699 | best Score epoch: 13 
epoch 16, iter  951: loss: 0.0058 | load time: 0.0002 | back time: 0.7455 | lr: 0.00008898 | best AP50 acc: 0.8547 | best AP70 acc: 0.7115 | best mAP acc: 0.6699 | best mAR acc: 0.7329 | best Score: 0.6699 | best Score epoch: 13 
epoch 16, iter 1001: loss: 0.0058 | load time: 0.0002 | back time: 0.7407 | lr: 0.00008890 | best AP50 acc: 0.8547 | best AP70 acc: 0.7115 | best mAP acc: 0.6699 | best mAR acc: 0.7329 | best Score: 0.6699 | best Score epoch: 13 
epoch 16, iter 1051: loss: 0.0059 | load time: 0.0002 | back time: 0.7444 | lr: 0.00008881 | best AP50 acc: 0.8547 | best AP70 acc: 0.7115 | best mAP acc: 0.6699 | best mAR acc: 0.7329 | best Score: 0.6699 | best Score epoch: 13 
epoch 16, iter 1101: loss: 0.0062 | load time: 0.0002 | back time: 0.7411 | lr: 0.00008873 | best AP50 acc: 0.8547 | best AP70 acc: 0.7115 | best mAP acc: 0.6699 | best mAR acc: 0.7329 | best Score: 0.6699 | best Score epoch: 13 
epoch 16, iter 1151: loss: 0.0056 | load time: 0.0001 | back time: 0.7491 | lr: 0.00008864 | best AP50 acc: 0.8547 | best AP70 acc: 0.7115 | best mAP acc: 0.6699 | best mAR acc: 0.7329 | best Score: 0.6699 | best Score epoch: 13 
UAV_SEQS_2 | mAP50:90: 30.5027 | AP50: 53.0861 | AP70: 30.7226 
UAV_SEQS_37 | mAP50:90: 80.1520 | AP50: 100.0000 | AP70: 84.4218 
UAV_SEQS_45 | mAP50:90: 96.0769 | AP50: 100.0000 | AP70: 98.9703 
UAV_SEQS_47 | mAP50:90: 94.9550 | AP50: 100.0000 | AP70: 100.0000 
UAV_SEQS_55 | mAP50:90: 42.9046 | AP50: 63.6041 | AP70: 45.9439 
UAV_SEQS_59 | mAP50:90: 79.0390 | AP50: 98.9571 | AP70: 91.5987 
UAV_SEQS_6 | mAP50:90: 54.3978 | AP50: 70.3283 | AP70: 58.6587 
UAV_SEQS_63 | mAP50:90: 41.7097 | AP50: 91.5483 | AP70: 35.4718 
UAV_SEQS_65 | mAP50:90: 85.6927 | AP50: 97.6735 | AP70: 89.0607 
UAV_SEQS_7 | mAP50:90: 74.7646 | AP50: 91.0891 | AP70: 85.5810 
UAV_SEQS_71 | mAP50:90: 77.5142 | AP50: 95.0495 | AP70: 85.0663 
UAV_SEQS_73 | mAP50:90: 66.1502 | AP50: 84.6593 | AP70: 73.4186 
UAV_SEQS_74 | mAP50:90: 99.6528 | AP50: 100.0000 | AP70: 100.0000 
UAV_SEQS_77 | mAP50:90: 28.3263 | AP50: 41.5371 | AP70: 28.9339 
UAV_SEQS_8 | mAP50:90: 57.1199 | AP50: 98.3960 | AP70: 64.4257 
Overall            | mAP50:95: 68.9058 | AP50: 86.6285 | AP70: 73.9045 
epoch 17, iter    1: loss: 0.0057 | load time: 0.0048 | back time: 0.2437 | lr: 0.00008864 | best AP50 acc: 0.8663 | best AP70 acc: 0.7390 | best mAP acc: 0.6891 | best mAR acc: 0.7483 | best Score: 0.6891 | best Score epoch: 16 
epoch 17, iter   51: loss: 0.0061 | load time: 0.0002 | back time: 0.7249 | lr: 0.00008855 | best AP50 acc: 0.8663 | best AP70 acc: 0.7390 | best mAP acc: 0.6891 | best mAR acc: 0.7483 | best Score: 0.6891 | best Score epoch: 16 
epoch 17, iter  101: loss: 0.0058 | load time: 0.0002 | back time: 0.7268 | lr: 0.00008847 | best AP50 acc: 0.8663 | best AP70 acc: 0.7390 | best mAP acc: 0.6891 | best mAR acc: 0.7483 | best Score: 0.6891 | best Score epoch: 16 
epoch 17, iter  151: loss: 0.0059 | load time: 0.0003 | back time: 0.7351 | lr: 0.00008838 | best AP50 acc: 0.8663 | best AP70 acc: 0.7390 | best mAP acc: 0.6891 | best mAR acc: 0.7483 | best Score: 0.6891 | best Score epoch: 16 
epoch 17, iter  201: loss: 0.0061 | load time: 0.0003 | back time: 0.7384 | lr: 0.00008829 | best AP50 acc: 0.8663 | best AP70 acc: 0.7390 | best mAP acc: 0.6891 | best mAR acc: 0.7483 | best Score: 0.6891 | best Score epoch: 16 
epoch 17, iter  251: loss: 0.0059 | load time: 0.0002 | back time: 0.7318 | lr: 0.00008820 | best AP50 acc: 0.8663 | best AP70 acc: 0.7390 | best mAP acc: 0.6891 | best mAR acc: 0.7483 | best Score: 0.6891 | best Score epoch: 16 
epoch 17, iter  301: loss: 0.0057 | load time: 0.0002 | back time: 0.7463 | lr: 0.00008812 | best AP50 acc: 0.8663 | best AP70 acc: 0.7390 | best mAP acc: 0.6891 | best mAR acc: 0.7483 | best Score: 0.6891 | best Score epoch: 16 
epoch 17, iter  351: loss: 0.0059 | load time: 0.0002 | back time: 0.7381 | lr: 0.00008803 | best AP50 acc: 0.8663 | best AP70 acc: 0.7390 | best mAP acc: 0.6891 | best mAR acc: 0.7483 | best Score: 0.6891 | best Score epoch: 16 
epoch 17, iter  401: loss: 0.0061 | load time: 0.0004 | back time: 0.7455 | lr: 0.00008794 | best AP50 acc: 0.8663 | best AP70 acc: 0.7390 | best mAP acc: 0.6891 | best mAR acc: 0.7483 | best Score: 0.6891 | best Score epoch: 16 
epoch 17, iter  451: loss: 0.0062 | load time: 0.0002 | back time: 0.7376 | lr: 0.00008785 | best AP50 acc: 0.8663 | best AP70 acc: 0.7390 | best mAP acc: 0.6891 | best mAR acc: 0.7483 | best Score: 0.6891 | best Score epoch: 16 
epoch 17, iter  501: loss: 0.0061 | load time: 0.0001 | back time: 0.7436 | lr: 0.00008776 | best AP50 acc: 0.8663 | best AP70 acc: 0.7390 | best mAP acc: 0.6891 | best mAR acc: 0.7483 | best Score: 0.6891 | best Score epoch: 16 
epoch 17, iter  551: loss: 0.0058 | load time: 0.0002 | back time: 0.7442 | lr: 0.00008768 | best AP50 acc: 0.8663 | best AP70 acc: 0.7390 | best mAP acc: 0.6891 | best mAR acc: 0.7483 | best Score: 0.6891 | best Score epoch: 16 
epoch 17, iter  601: loss: 0.0060 | load time: 0.0002 | back time: 0.7427 | lr: 0.00008759 | best AP50 acc: 0.8663 | best AP70 acc: 0.7390 | best mAP acc: 0.6891 | best mAR acc: 0.7483 | best Score: 0.6891 | best Score epoch: 16 
epoch 17, iter  651: loss: 0.0061 | load time: 0.0001 | back time: 0.7317 | lr: 0.00008750 | best AP50 acc: 0.8663 | best AP70 acc: 0.7390 | best mAP acc: 0.6891 | best mAR acc: 0.7483 | best Score: 0.6891 | best Score epoch: 16 
epoch 17, iter  701: loss: 0.0056 | load time: 0.0002 | back time: 0.7309 | lr: 0.00008741 | best AP50 acc: 0.8663 | best AP70 acc: 0.7390 | best mAP acc: 0.6891 | best mAR acc: 0.7483 | best Score: 0.6891 | best Score epoch: 16 
epoch 17, iter  751: loss: 0.0053 | load time: 0.0003 | back time: 0.7903 | lr: 0.00008732 | best AP50 acc: 0.8663 | best AP70 acc: 0.7390 | best mAP acc: 0.6891 | best mAR acc: 0.7483 | best Score: 0.6891 | best Score epoch: 16 
epoch 17, iter  801: loss: 0.0062 | load time: 0.0002 | back time: 0.7450 | lr: 0.00008723 | best AP50 acc: 0.8663 | best AP70 acc: 0.7390 | best mAP acc: 0.6891 | best mAR acc: 0.7483 | best Score: 0.6891 | best Score epoch: 16 
epoch 17, iter  851: loss: 0.0061 | load time: 0.0003 | back time: 0.7338 | lr: 0.00008714 | best AP50 acc: 0.8663 | best AP70 acc: 0.7390 | best mAP acc: 0.6891 | best mAR acc: 0.7483 | best Score: 0.6891 | best Score epoch: 16 
epoch 17, iter  901: loss: 0.0061 | load time: 0.0003 | back time: 0.7406 | lr: 0.00008704 | best AP50 acc: 0.8663 | best AP70 acc: 0.7390 | best mAP acc: 0.6891 | best mAR acc: 0.7483 | best Score: 0.6891 | best Score epoch: 16 
epoch 17, iter  951: loss: 0.0063 | load time: 0.0002 | back time: 0.7423 | lr: 0.00008695 | best AP50 acc: 0.8663 | best AP70 acc: 0.7390 | best mAP acc: 0.6891 | best mAR acc: 0.7483 | best Score: 0.6891 | best Score epoch: 16 
epoch 17, iter 1001: loss: 0.0058 | load time: 0.0001 | back time: 0.7304 | lr: 0.00008686 | best AP50 acc: 0.8663 | best AP70 acc: 0.7390 | best mAP acc: 0.6891 | best mAR acc: 0.7483 | best Score: 0.6891 | best Score epoch: 16 
epoch 17, iter 1051: loss: 0.0057 | load time: 0.0002 | back time: 0.7535 | lr: 0.00008677 | best AP50 acc: 0.8663 | best AP70 acc: 0.7390 | best mAP acc: 0.6891 | best mAR acc: 0.7483 | best Score: 0.6891 | best Score epoch: 16 
epoch 17, iter 1101: loss: 0.0065 | load time: 0.0003 | back time: 0.8022 | lr: 0.00008668 | best AP50 acc: 0.8663 | best AP70 acc: 0.7390 | best mAP acc: 0.6891 | best mAR acc: 0.7483 | best Score: 0.6891 | best Score epoch: 16 
epoch 17, iter 1151: loss: 0.0059 | load time: 0.0001 | back time: 0.7310 | lr: 0.00008659 | best AP50 acc: 0.8663 | best AP70 acc: 0.7390 | best mAP acc: 0.6891 | best mAR acc: 0.7483 | best Score: 0.6891 | best Score epoch: 16 
UAV_SEQS_2 | mAP50:90: 42.5069 | AP50: 66.3084 | AP70: 45.8999 
UAV_SEQS_37 | mAP50:90: 83.9782 | AP50: 100.0000 | AP70: 83.3147 
UAV_SEQS_45 | mAP50:90: 93.5219 | AP50: 100.0000 | AP70: 97.0062 
UAV_SEQS_47 | mAP50:90: 91.0793 | AP50: 100.0000 | AP70: 94.4067 
UAV_SEQS_55 | mAP50:90: 41.0576 | AP50: 68.3284 | AP70: 43.2111 
UAV_SEQS_59 | mAP50:90: 66.8841 | AP50: 93.1457 | AP70: 76.8355 
UAV_SEQS_6 | mAP50:90: 51.3425 | AP50: 74.2369 | AP70: 56.1204 
UAV_SEQS_63 | mAP50:90: 43.3754 | AP50: 93.8280 | AP70: 43.3901 
UAV_SEQS_65 | mAP50:90: 81.8494 | AP50: 97.2029 | AP70: 91.4066 
UAV_SEQS_7 | mAP50:90: 82.4496 | AP50: 86.0397 | AP70: 85.9728 
UAV_SEQS_71 | mAP50:90: 74.2381 | AP50: 90.4569 | AP70: 76.0440 
UAV_SEQS_73 | mAP50:90: 64.6774 | AP50: 82.7834 | AP70: 72.2447 
UAV_SEQS_74 | mAP50:90: 99.6252 | AP50: 100.0000 | AP70: 100.0000 
UAV_SEQS_77 | mAP50:90: 43.3847 | AP50: 57.8950 | AP70: 49.5973 
UAV_SEQS_8 | mAP50:90: 63.4625 | AP50: 100.0000 | AP70: 66.5743 
Overall            | mAP50:95: 68.8644 | AP50: 87.6050 | AP70: 73.2055 
epoch 18, iter    1: loss: 0.0058 | load time: 0.0049 | back time: 0.4510 | lr: 0.00008658 | best AP50 acc: 0.8663 | best AP70 acc: 0.7390 | best mAP acc: 0.6891 | best mAR acc: 0.7483 | best Score: 0.6891 | best Score epoch: 16 
epoch 18, iter   51: loss: 0.0059 | load time: 0.0001 | back time: 0.7376 | lr: 0.00008649 | best AP50 acc: 0.8663 | best AP70 acc: 0.7390 | best mAP acc: 0.6891 | best mAR acc: 0.7483 | best Score: 0.6891 | best Score epoch: 16 
epoch 18, iter  101: loss: 0.0060 | load time: 0.0002 | back time: 0.7295 | lr: 0.00008640 | best AP50 acc: 0.8663 | best AP70 acc: 0.7390 | best mAP acc: 0.6891 | best mAR acc: 0.7483 | best Score: 0.6891 | best Score epoch: 16 
epoch 18, iter  151: loss: 0.0062 | load time: 0.0001 | back time: 0.7372 | lr: 0.00008630 | best AP50 acc: 0.8663 | best AP70 acc: 0.7390 | best mAP acc: 0.6891 | best mAR acc: 0.7483 | best Score: 0.6891 | best Score epoch: 16 
epoch 18, iter  201: loss: 0.0062 | load time: 0.0001 | back time: 0.7949 | lr: 0.00008621 | best AP50 acc: 0.8663 | best AP70 acc: 0.7390 | best mAP acc: 0.6891 | best mAR acc: 0.7483 | best Score: 0.6891 | best Score epoch: 16 
epoch 18, iter  251: loss: 0.0060 | load time: 0.0002 | back time: 0.7305 | lr: 0.00008612 | best AP50 acc: 0.8663 | best AP70 acc: 0.7390 | best mAP acc: 0.6891 | best mAR acc: 0.7483 | best Score: 0.6891 | best Score epoch: 16 
epoch 18, iter  301: loss: 0.0060 | load time: 0.0002 | back time: 0.7315 | lr: 0.00008602 | best AP50 acc: 0.8663 | best AP70 acc: 0.7390 | best mAP acc: 0.6891 | best mAR acc: 0.7483 | best Score: 0.6891 | best Score epoch: 16 
epoch 18, iter  351: loss: 0.0057 | load time: 0.0001 | back time: 0.7323 | lr: 0.00008593 | best AP50 acc: 0.8663 | best AP70 acc: 0.7390 | best mAP acc: 0.6891 | best mAR acc: 0.7483 | best Score: 0.6891 | best Score epoch: 16 
epoch 18, iter  401: loss: 0.0058 | load time: 0.0002 | back time: 0.7309 | lr: 0.00008583 | best AP50 acc: 0.8663 | best AP70 acc: 0.7390 | best mAP acc: 0.6891 | best mAR acc: 0.7483 | best Score: 0.6891 | best Score epoch: 16 
epoch 18, iter  451: loss: 0.0061 | load time: 0.0002 | back time: 0.7913 | lr: 0.00008574 | best AP50 acc: 0.8663 | best AP70 acc: 0.7390 | best mAP acc: 0.6891 | best mAR acc: 0.7483 | best Score: 0.6891 | best Score epoch: 16 
epoch 18, iter  501: loss: 0.0057 | load time: 0.0003 | back time: 0.7399 | lr: 0.00008564 | best AP50 acc: 0.8663 | best AP70 acc: 0.7390 | best mAP acc: 0.6891 | best mAR acc: 0.7483 | best Score: 0.6891 | best Score epoch: 16 
epoch 18, iter  551: loss: 0.0059 | load time: 0.0003 | back time: 0.7774 | lr: 0.00008555 | best AP50 acc: 0.8663 | best AP70 acc: 0.7390 | best mAP acc: 0.6891 | best mAR acc: 0.7483 | best Score: 0.6891 | best Score epoch: 16 
epoch 18, iter  601: loss: 0.0059 | load time: 0.0002 | back time: 0.7303 | lr: 0.00008545 | best AP50 acc: 0.8663 | best AP70 acc: 0.7390 | best mAP acc: 0.6891 | best mAR acc: 0.7483 | best Score: 0.6891 | best Score epoch: 16 
epoch 18, iter  651: loss: 0.0060 | load time: 0.0001 | back time: 0.7509 | lr: 0.00008536 | best AP50 acc: 0.8663 | best AP70 acc: 0.7390 | best mAP acc: 0.6891 | best mAR acc: 0.7483 | best Score: 0.6891 | best Score epoch: 16 
epoch 18, iter  701: loss: 0.0057 | load time: 0.0003 | back time: 0.7459 | lr: 0.00008526 | best AP50 acc: 0.8663 | best AP70 acc: 0.7390 | best mAP acc: 0.6891 | best mAR acc: 0.7483 | best Score: 0.6891 | best Score epoch: 16 
epoch 18, iter  751: loss: 0.0060 | load time: 0.0002 | back time: 0.7417 | lr: 0.00008517 | best AP50 acc: 0.8663 | best AP70 acc: 0.7390 | best mAP acc: 0.6891 | best mAR acc: 0.7483 | best Score: 0.6891 | best Score epoch: 16 
epoch 18, iter  801: loss: 0.0057 | load time: 0.0001 | back time: 0.7306 | lr: 0.00008507 | best AP50 acc: 0.8663 | best AP70 acc: 0.7390 | best mAP acc: 0.6891 | best mAR acc: 0.7483 | best Score: 0.6891 | best Score epoch: 16 
epoch 18, iter  851: loss: 0.0060 | load time: 0.0001 | back time: 0.7327 | lr: 0.00008497 | best AP50 acc: 0.8663 | best AP70 acc: 0.7390 | best mAP acc: 0.6891 | best mAR acc: 0.7483 | best Score: 0.6891 | best Score epoch: 16 
epoch 18, iter  901: loss: 0.0059 | load time: 0.0003 | back time: 0.7793 | lr: 0.00008488 | best AP50 acc: 0.8663 | best AP70 acc: 0.7390 | best mAP acc: 0.6891 | best mAR acc: 0.7483 | best Score: 0.6891 | best Score epoch: 16 
epoch 18, iter  951: loss: 0.0073 | load time: 0.0003 | back time: 0.7300 | lr: 0.00008478 | best AP50 acc: 0.8663 | best AP70 acc: 0.7390 | best mAP acc: 0.6891 | best mAR acc: 0.7483 | best Score: 0.6891 | best Score epoch: 16 
epoch 18, iter 1001: loss: 0.0055 | load time: 0.0002 | back time: 0.7509 | lr: 0.00008468 | best AP50 acc: 0.8663 | best AP70 acc: 0.7390 | best mAP acc: 0.6891 | best mAR acc: 0.7483 | best Score: 0.6891 | best Score epoch: 16 
epoch 18, iter 1051: loss: 0.0071 | load time: 0.0001 | back time: 0.7318 | lr: 0.00008458 | best AP50 acc: 0.8663 | best AP70 acc: 0.7390 | best mAP acc: 0.6891 | best mAR acc: 0.7483 | best Score: 0.6891 | best Score epoch: 16 
epoch 18, iter 1101: loss: 0.0063 | load time: 0.0002 | back time: 0.7323 | lr: 0.00008449 | best AP50 acc: 0.8663 | best AP70 acc: 0.7390 | best mAP acc: 0.6891 | best mAR acc: 0.7483 | best Score: 0.6891 | best Score epoch: 16 
epoch 18, iter 1151: loss: 0.0062 | load time: 0.0022 | back time: 0.7265 | lr: 0.00008439 | best AP50 acc: 0.8663 | best AP70 acc: 0.7390 | best mAP acc: 0.6891 | best mAR acc: 0.7483 | best Score: 0.6891 | best Score epoch: 16 
UAV_SEQS_2 | mAP50:90: 31.5369 | AP50: 47.8880 | AP70: 31.9539 
UAV_SEQS_37 | mAP50:90: 76.5069 | AP50: 100.0000 | AP70: 79.7885 
UAV_SEQS_45 | mAP50:90: 91.2151 | AP50: 100.0000 | AP70: 96.7972 
UAV_SEQS_47 | mAP50:90: 92.8025 | AP50: 100.0000 | AP70: 97.9453 
UAV_SEQS_55 | mAP50:90: 40.8838 | AP50: 61.4979 | AP70: 42.8299 
UAV_SEQS_59 | mAP50:90: 66.5138 | AP50: 94.8424 | AP70: 75.9334 
UAV_SEQS_6 | mAP50:90: 34.9988 | AP50: 52.1023 | AP70: 39.3419 
UAV_SEQS_63 | mAP50:90: 6.0370 | AP50: 24.7040 | AP70: 0.9264 
UAV_SEQS_65 | mAP50:90: 79.4356 | AP50: 97.5408 | AP70: 91.1409 
UAV_SEQS_7 | mAP50:90: 61.8768 | AP50: 75.3990 | AP70: 65.2828 
UAV_SEQS_71 | mAP50:90: 53.5167 | AP50: 81.8585 | AP70: 57.2224 
UAV_SEQS_73 | mAP50:90: 58.4076 | AP50: 78.0596 | AP70: 67.1095 
UAV_SEQS_74 | mAP50:90: 97.2838 | AP50: 98.0165 | AP70: 98.0131 
UAV_SEQS_77 | mAP50:90: 23.4723 | AP50: 40.4200 | AP70: 27.6666 
UAV_SEQS_8 | mAP50:90: 78.9821 | AP50: 100.0000 | AP70: 85.8723 
Overall            | mAP50:95: 60.0768 | AP50: 78.0875 | AP70: 64.3276 
epoch 19, iter    1: loss: 0.0060 | load time: 0.0049 | back time: 0.2919 | lr: 0.00008438 | best AP50 acc: 0.8663 | best AP70 acc: 0.7390 | best mAP acc: 0.6891 | best mAR acc: 0.7483 | best Score: 0.6891 | best Score epoch: 16 
epoch 19, iter   51: loss: 0.0088 | load time: 0.0002 | back time: 0.7312 | lr: 0.00008428 | best AP50 acc: 0.8663 | best AP70 acc: 0.7390 | best mAP acc: 0.6891 | best mAR acc: 0.7483 | best Score: 0.6891 | best Score epoch: 16 
epoch 19, iter  101: loss: 0.0062 | load time: 0.0002 | back time: 0.7377 | lr: 0.00008419 | best AP50 acc: 0.8663 | best AP70 acc: 0.7390 | best mAP acc: 0.6891 | best mAR acc: 0.7483 | best Score: 0.6891 | best Score epoch: 16 
epoch 19, iter  151: loss: 0.0058 | load time: 0.0002 | back time: 0.7365 | lr: 0.00008409 | best AP50 acc: 0.8663 | best AP70 acc: 0.7390 | best mAP acc: 0.6891 | best mAR acc: 0.7483 | best Score: 0.6891 | best Score epoch: 16 
epoch 19, iter  201: loss: 0.0057 | load time: 0.0004 | back time: 0.7444 | lr: 0.00008399 | best AP50 acc: 0.8663 | best AP70 acc: 0.7390 | best mAP acc: 0.6891 | best mAR acc: 0.7483 | best Score: 0.6891 | best Score epoch: 16 
epoch 19, iter  251: loss: 0.0062 | load time: 0.0002 | back time: 0.7519 | lr: 0.00008389 | best AP50 acc: 0.8663 | best AP70 acc: 0.7390 | best mAP acc: 0.6891 | best mAR acc: 0.7483 | best Score: 0.6891 | best Score epoch: 16 
epoch 19, iter  301: loss: 0.0061 | load time: 0.0002 | back time: 0.7454 | lr: 0.00008379 | best AP50 acc: 0.8663 | best AP70 acc: 0.7390 | best mAP acc: 0.6891 | best mAR acc: 0.7483 | best Score: 0.6891 | best Score epoch: 16 
epoch 19, iter  351: loss: 0.0059 | load time: 0.0002 | back time: 0.7431 | lr: 0.00008369 | best AP50 acc: 0.8663 | best AP70 acc: 0.7390 | best mAP acc: 0.6891 | best mAR acc: 0.7483 | best Score: 0.6891 | best Score epoch: 16 
epoch 19, iter  401: loss: 0.0061 | load time: 0.0002 | back time: 0.7492 | lr: 0.00008359 | best AP50 acc: 0.8663 | best AP70 acc: 0.7390 | best mAP acc: 0.6891 | best mAR acc: 0.7483 | best Score: 0.6891 | best Score epoch: 16 
epoch 19, iter  451: loss: 0.0063 | load time: 0.0002 | back time: 0.7481 | lr: 0.00008349 | best AP50 acc: 0.8663 | best AP70 acc: 0.7390 | best mAP acc: 0.6891 | best mAR acc: 0.7483 | best Score: 0.6891 | best Score epoch: 16 
epoch 19, iter  501: loss: 0.0062 | load time: 0.0002 | back time: 0.7428 | lr: 0.00008339 | best AP50 acc: 0.8663 | best AP70 acc: 0.7390 | best mAP acc: 0.6891 | best mAR acc: 0.7483 | best Score: 0.6891 | best Score epoch: 16 
epoch 19, iter  551: loss: 0.0060 | load time: 0.0002 | back time: 0.7466 | lr: 0.00008329 | best AP50 acc: 0.8663 | best AP70 acc: 0.7390 | best mAP acc: 0.6891 | best mAR acc: 0.7483 | best Score: 0.6891 | best Score epoch: 16 
epoch 19, iter  601: loss: 0.0058 | load time: 0.0001 | back time: 0.7452 | lr: 0.00008318 | best AP50 acc: 0.8663 | best AP70 acc: 0.7390 | best mAP acc: 0.6891 | best mAR acc: 0.7483 | best Score: 0.6891 | best Score epoch: 16 
epoch 19, iter  651: loss: 0.0061 | load time: 0.0002 | back time: 0.7596 | lr: 0.00008308 | best AP50 acc: 0.8663 | best AP70 acc: 0.7390 | best mAP acc: 0.6891 | best mAR acc: 0.7483 | best Score: 0.6891 | best Score epoch: 16 
epoch 19, iter  701: loss: 0.0061 | load time: 0.0001 | back time: 0.7618 | lr: 0.00008298 | best AP50 acc: 0.8663 | best AP70 acc: 0.7390 | best mAP acc: 0.6891 | best mAR acc: 0.7483 | best Score: 0.6891 | best Score epoch: 16 
epoch 19, iter  751: loss: 0.0058 | load time: 0.0003 | back time: 0.7396 | lr: 0.00008288 | best AP50 acc: 0.8663 | best AP70 acc: 0.7390 | best mAP acc: 0.6891 | best mAR acc: 0.7483 | best Score: 0.6891 | best Score epoch: 16 
epoch 19, iter  801: loss: 0.0055 | load time: 0.0002 | back time: 0.7347 | lr: 0.00008278 | best AP50 acc: 0.8663 | best AP70 acc: 0.7390 | best mAP acc: 0.6891 | best mAR acc: 0.7483 | best Score: 0.6891 | best Score epoch: 16 
epoch 19, iter  851: loss: 0.0062 | load time: 0.0003 | back time: 0.7481 | lr: 0.00008267 | best AP50 acc: 0.8663 | best AP70 acc: 0.7390 | best mAP acc: 0.6891 | best mAR acc: 0.7483 | best Score: 0.6891 | best Score epoch: 16 
epoch 19, iter  901: loss: 0.0057 | load time: 0.0002 | back time: 0.7572 | lr: 0.00008257 | best AP50 acc: 0.8663 | best AP70 acc: 0.7390 | best mAP acc: 0.6891 | best mAR acc: 0.7483 | best Score: 0.6891 | best Score epoch: 16 
epoch 19, iter  951: loss: 0.0057 | load time: 0.0003 | back time: 0.7457 | lr: 0.00008247 | best AP50 acc: 0.8663 | best AP70 acc: 0.7390 | best mAP acc: 0.6891 | best mAR acc: 0.7483 | best Score: 0.6891 | best Score epoch: 16 
epoch 19, iter 1001: loss: 0.0059 | load time: 0.0002 | back time: 0.7464 | lr: 0.00008237 | best AP50 acc: 0.8663 | best AP70 acc: 0.7390 | best mAP acc: 0.6891 | best mAR acc: 0.7483 | best Score: 0.6891 | best Score epoch: 16 
epoch 19, iter 1051: loss: 0.0060 | load time: 0.0002 | back time: 0.7462 | lr: 0.00008226 | best AP50 acc: 0.8663 | best AP70 acc: 0.7390 | best mAP acc: 0.6891 | best mAR acc: 0.7483 | best Score: 0.6891 | best Score epoch: 16 
epoch 19, iter 1101: loss: 0.0056 | load time: 0.0002 | back time: 0.7433 | lr: 0.00008216 | best AP50 acc: 0.8663 | best AP70 acc: 0.7390 | best mAP acc: 0.6891 | best mAR acc: 0.7483 | best Score: 0.6891 | best Score epoch: 16 
epoch 19, iter 1151: loss: 0.0061 | load time: 0.0001 | back time: 0.7446 | lr: 0.00008205 | best AP50 acc: 0.8663 | best AP70 acc: 0.7390 | best mAP acc: 0.6891 | best mAR acc: 0.7483 | best Score: 0.6891 | best Score epoch: 16 
UAV_SEQS_2 | mAP50:90: 45.0199 | AP50: 71.0093 | AP70: 45.6813 
UAV_SEQS_37 | mAP50:90: 86.5082 | AP50: 100.0000 | AP70: 90.7189 
UAV_SEQS_45 | mAP50:90: 93.6709 | AP50: 100.0000 | AP70: 96.9758 
UAV_SEQS_47 | mAP50:90: 96.2165 | AP50: 100.0000 | AP70: 100.0000 
UAV_SEQS_55 | mAP50:90: 35.4221 | AP50: 54.6637 | AP70: 39.3579 
UAV_SEQS_59 | mAP50:90: 66.7017 | AP50: 94.6535 | AP70: 72.3755 
UAV_SEQS_6 | mAP50:90: 59.8450 | AP50: 84.8092 | AP70: 64.8193 
UAV_SEQS_63 | mAP50:90: 66.4028 | AP50: 96.4164 | AP70: 71.3443 
UAV_SEQS_65 | mAP50:90: 83.7850 | AP50: 97.4700 | AP70: 90.3053 
UAV_SEQS_7 | mAP50:90: 85.0001 | AP50: 98.0165 | AP70: 93.8795 
UAV_SEQS_71 | mAP50:90: 69.6710 | AP50: 92.4452 | AP70: 75.5544 
UAV_SEQS_73 | mAP50:90: 63.3182 | AP50: 83.6215 | AP70: 68.0491 
UAV_SEQS_74 | mAP50:90: 99.0840 | AP50: 100.0000 | AP70: 100.0000 
UAV_SEQS_77 | mAP50:90: 39.5266 | AP50: 52.0085 | AP70: 46.9114 
UAV_SEQS_8 | mAP50:90: 62.5351 | AP50: 100.0000 | AP70: 68.6395 
Overall            | mAP50:95: 72.4433 | AP50: 90.2309 | AP70: 76.8583 
epoch 20, iter    1: loss: 0.0060 | load time: 0.0065 | back time: 0.2395 | lr: 0.00008205 | best AP50 acc: 0.9023 | best AP70 acc: 0.7686 | best mAP acc: 0.7244 | best mAR acc: 0.7872 | best Score: 0.7244 | best Score epoch: 19 
epoch 20, iter   51: loss: 0.0054 | load time: 0.0001 | back time: 0.7452 | lr: 0.00008195 | best AP50 acc: 0.9023 | best AP70 acc: 0.7686 | best mAP acc: 0.7244 | best mAR acc: 0.7872 | best Score: 0.7244 | best Score epoch: 19 
epoch 20, iter  101: loss: 0.0057 | load time: 0.0003 | back time: 0.7457 | lr: 0.00008184 | best AP50 acc: 0.9023 | best AP70 acc: 0.7686 | best mAP acc: 0.7244 | best mAR acc: 0.7872 | best Score: 0.7244 | best Score epoch: 19 
epoch 20, iter  151: loss: 0.0061 | load time: 0.0003 | back time: 0.7590 | lr: 0.00008174 | best AP50 acc: 0.9023 | best AP70 acc: 0.7686 | best mAP acc: 0.7244 | best mAR acc: 0.7872 | best Score: 0.7244 | best Score epoch: 19 
epoch 20, iter  201: loss: 0.0056 | load time: 0.0002 | back time: 0.7435 | lr: 0.00008163 | best AP50 acc: 0.9023 | best AP70 acc: 0.7686 | best mAP acc: 0.7244 | best mAR acc: 0.7872 | best Score: 0.7244 | best Score epoch: 19 
epoch 20, iter  251: loss: 0.0061 | load time: 0.0002 | back time: 0.7501 | lr: 0.00008153 | best AP50 acc: 0.9023 | best AP70 acc: 0.7686 | best mAP acc: 0.7244 | best mAR acc: 0.7872 | best Score: 0.7244 | best Score epoch: 19 
epoch 20, iter  301: loss: 0.0060 | load time: 0.0001 | back time: 0.7494 | lr: 0.00008142 | best AP50 acc: 0.9023 | best AP70 acc: 0.7686 | best mAP acc: 0.7244 | best mAR acc: 0.7872 | best Score: 0.7244 | best Score epoch: 19 
epoch 20, iter  351: loss: 0.0057 | load time: 0.0003 | back time: 0.7485 | lr: 0.00008132 | best AP50 acc: 0.9023 | best AP70 acc: 0.7686 | best mAP acc: 0.7244 | best mAR acc: 0.7872 | best Score: 0.7244 | best Score epoch: 19 
epoch 20, iter  401: loss: 0.0057 | load time: 0.0002 | back time: 0.6693 | lr: 0.00008121 | best AP50 acc: 0.9023 | best AP70 acc: 0.7686 | best mAP acc: 0.7244 | best mAR acc: 0.7872 | best Score: 0.7244 | best Score epoch: 19 
epoch 20, iter  451: loss: 0.0059 | load time: 0.0002 | back time: 0.7912 | lr: 0.00008110 | best AP50 acc: 0.9023 | best AP70 acc: 0.7686 | best mAP acc: 0.7244 | best mAR acc: 0.7872 | best Score: 0.7244 | best Score epoch: 19 
epoch 20, iter  501: loss: 0.0055 | load time: 0.0004 | back time: 0.7501 | lr: 0.00008100 | best AP50 acc: 0.9023 | best AP70 acc: 0.7686 | best mAP acc: 0.7244 | best mAR acc: 0.7872 | best Score: 0.7244 | best Score epoch: 19 
epoch 20, iter  551: loss: 0.0058 | load time: 0.0002 | back time: 0.7314 | lr: 0.00008089 | best AP50 acc: 0.9023 | best AP70 acc: 0.7686 | best mAP acc: 0.7244 | best mAR acc: 0.7872 | best Score: 0.7244 | best Score epoch: 19 
epoch 20, iter  601: loss: 0.0058 | load time: 0.0002 | back time: 0.7307 | lr: 0.00008079 | best AP50 acc: 0.9023 | best AP70 acc: 0.7686 | best mAP acc: 0.7244 | best mAR acc: 0.7872 | best Score: 0.7244 | best Score epoch: 19 
epoch 20, iter  651: loss: 0.0057 | load time: 0.0002 | back time: 0.7417 | lr: 0.00008068 | best AP50 acc: 0.9023 | best AP70 acc: 0.7686 | best mAP acc: 0.7244 | best mAR acc: 0.7872 | best Score: 0.7244 | best Score epoch: 19 
epoch 20, iter  701: loss: 0.0058 | load time: 0.0003 | back time: 0.7386 | lr: 0.00008057 | best AP50 acc: 0.9023 | best AP70 acc: 0.7686 | best mAP acc: 0.7244 | best mAR acc: 0.7872 | best Score: 0.7244 | best Score epoch: 19 
epoch 20, iter  751: loss: 0.0057 | load time: 0.0001 | back time: 0.6966 | lr: 0.00008046 | best AP50 acc: 0.9023 | best AP70 acc: 0.7686 | best mAP acc: 0.7244 | best mAR acc: 0.7872 | best Score: 0.7244 | best Score epoch: 19 
epoch 20, iter  801: loss: 0.0057 | load time: 0.0003 | back time: 0.7276 | lr: 0.00008036 | best AP50 acc: 0.9023 | best AP70 acc: 0.7686 | best mAP acc: 0.7244 | best mAR acc: 0.7872 | best Score: 0.7244 | best Score epoch: 19 
epoch 20, iter  851: loss: 0.0059 | load time: 0.0001 | back time: 0.7443 | lr: 0.00008025 | best AP50 acc: 0.9023 | best AP70 acc: 0.7686 | best mAP acc: 0.7244 | best mAR acc: 0.7872 | best Score: 0.7244 | best Score epoch: 19 
epoch 20, iter  901: loss: 0.0058 | load time: 0.0001 | back time: 0.7326 | lr: 0.00008014 | best AP50 acc: 0.9023 | best AP70 acc: 0.7686 | best mAP acc: 0.7244 | best mAR acc: 0.7872 | best Score: 0.7244 | best Score epoch: 19 
epoch 20, iter  951: loss: 0.0064 | load time: 0.0002 | back time: 0.7617 | lr: 0.00008003 | best AP50 acc: 0.9023 | best AP70 acc: 0.7686 | best mAP acc: 0.7244 | best mAR acc: 0.7872 | best Score: 0.7244 | best Score epoch: 19 
epoch 20, iter 1001: loss: 0.0060 | load time: 0.0002 | back time: 0.7406 | lr: 0.00007992 | best AP50 acc: 0.9023 | best AP70 acc: 0.7686 | best mAP acc: 0.7244 | best mAR acc: 0.7872 | best Score: 0.7244 | best Score epoch: 19 
epoch 20, iter 1051: loss: 0.0055 | load time: 0.0002 | back time: 0.7491 | lr: 0.00007982 | best AP50 acc: 0.9023 | best AP70 acc: 0.7686 | best mAP acc: 0.7244 | best mAR acc: 0.7872 | best Score: 0.7244 | best Score epoch: 19 
epoch 20, iter 1101: loss: 0.0055 | load time: 0.0002 | back time: 0.7416 | lr: 0.00007971 | best AP50 acc: 0.9023 | best AP70 acc: 0.7686 | best mAP acc: 0.7244 | best mAR acc: 0.7872 | best Score: 0.7244 | best Score epoch: 19 
epoch 20, iter 1151: loss: 0.0057 | load time: 0.0001 | back time: 0.7333 | lr: 0.00007960 | best AP50 acc: 0.9023 | best AP70 acc: 0.7686 | best mAP acc: 0.7244 | best mAR acc: 0.7872 | best Score: 0.7244 | best Score epoch: 19 
UAV_SEQS_2 | mAP50:90: 36.8795 | AP50: 65.7008 | AP70: 37.5401 
UAV_SEQS_37 | mAP50:90: 81.6950 | AP50: 100.0000 | AP70: 83.0819 
UAV_SEQS_45 | mAP50:90: 93.7684 | AP50: 100.0000 | AP70: 96.9927 
UAV_SEQS_47 | mAP50:90: 94.8625 | AP50: 100.0000 | AP70: 100.0000 
UAV_SEQS_55 | mAP50:90: 36.5304 | AP50: 54.9012 | AP70: 38.4326 
UAV_SEQS_59 | mAP50:90: 64.9343 | AP50: 90.3064 | AP70: 68.2181 
UAV_SEQS_6 | mAP50:90: 49.8228 | AP50: 71.8928 | AP70: 51.7169 
UAV_SEQS_63 | mAP50:90: 31.9601 | AP50: 85.9919 | AP70: 15.5523 
UAV_SEQS_65 | mAP50:90: 83.0889 | AP50: 96.3676 | AP70: 91.6038 
UAV_SEQS_7 | mAP50:90: 71.2771 | AP50: 89.7598 | AP70: 79.5380 
UAV_SEQS_71 | mAP50:90: 69.0641 | AP50: 91.0742 | AP70: 74.1798 
UAV_SEQS_73 | mAP50:90: 67.4859 | AP50: 81.1778 | AP70: 70.4963 
UAV_SEQS_74 | mAP50:90: 98.3150 | AP50: 100.0000 | AP70: 100.0000 
UAV_SEQS_77 | mAP50:90: 15.5539 | AP50: 30.3640 | AP70: 17.6824 
UAV_SEQS_8 | mAP50:90: 75.8307 | AP50: 100.0000 | AP70: 86.4164 
Overall            | mAP50:95: 66.8668 | AP50: 85.8567 | AP70: 69.9561 
epoch 21, iter    1: loss: 0.0059 | load time: 0.0124 | back time: 0.4353 | lr: 0.00007959 | best AP50 acc: 0.9023 | best AP70 acc: 0.7686 | best mAP acc: 0.7244 | best mAR acc: 0.7872 | best Score: 0.7244 | best Score epoch: 19 
epoch 21, iter   51: loss: 0.0061 | load time: 0.0002 | back time: 0.7251 | lr: 0.00007948 | best AP50 acc: 0.9023 | best AP70 acc: 0.7686 | best mAP acc: 0.7244 | best mAR acc: 0.7872 | best Score: 0.7244 | best Score epoch: 19 
epoch 21, iter  101: loss: 0.0057 | load time: 0.0003 | back time: 0.7452 | lr: 0.00007937 | best AP50 acc: 0.9023 | best AP70 acc: 0.7686 | best mAP acc: 0.7244 | best mAR acc: 0.7872 | best Score: 0.7244 | best Score epoch: 19 
epoch 21, iter  151: loss: 0.0058 | load time: 0.0001 | back time: 0.7588 | lr: 0.00007926 | best AP50 acc: 0.9023 | best AP70 acc: 0.7686 | best mAP acc: 0.7244 | best mAR acc: 0.7872 | best Score: 0.7244 | best Score epoch: 19 
epoch 21, iter  201: loss: 0.0061 | load time: 0.0005 | back time: 0.7518 | lr: 0.00007915 | best AP50 acc: 0.9023 | best AP70 acc: 0.7686 | best mAP acc: 0.7244 | best mAR acc: 0.7872 | best Score: 0.7244 | best Score epoch: 19 
epoch 21, iter  251: loss: 0.0060 | load time: 0.0003 | back time: 0.7450 | lr: 0.00007904 | best AP50 acc: 0.9023 | best AP70 acc: 0.7686 | best mAP acc: 0.7244 | best mAR acc: 0.7872 | best Score: 0.7244 | best Score epoch: 19 
epoch 21, iter  301: loss: 0.0057 | load time: 0.0002 | back time: 0.7661 | lr: 0.00007893 | best AP50 acc: 0.9023 | best AP70 acc: 0.7686 | best mAP acc: 0.7244 | best mAR acc: 0.7872 | best Score: 0.7244 | best Score epoch: 19 
epoch 21, iter  351: loss: 0.0057 | load time: 0.0002 | back time: 0.7542 | lr: 0.00007882 | best AP50 acc: 0.9023 | best AP70 acc: 0.7686 | best mAP acc: 0.7244 | best mAR acc: 0.7872 | best Score: 0.7244 | best Score epoch: 19 
epoch 21, iter  401: loss: 0.0056 | load time: 0.0001 | back time: 0.7474 | lr: 0.00007871 | best AP50 acc: 0.9023 | best AP70 acc: 0.7686 | best mAP acc: 0.7244 | best mAR acc: 0.7872 | best Score: 0.7244 | best Score epoch: 19 
epoch 21, iter  451: loss: 0.0057 | load time: 0.0002 | back time: 0.7453 | lr: 0.00007860 | best AP50 acc: 0.9023 | best AP70 acc: 0.7686 | best mAP acc: 0.7244 | best mAR acc: 0.7872 | best Score: 0.7244 | best Score epoch: 19 
epoch 21, iter  501: loss: 0.0058 | load time: 0.0002 | back time: 0.7413 | lr: 0.00007849 | best AP50 acc: 0.9023 | best AP70 acc: 0.7686 | best mAP acc: 0.7244 | best mAR acc: 0.7872 | best Score: 0.7244 | best Score epoch: 19 
epoch 21, iter  551: loss: 0.0056 | load time: 0.0004 | back time: 0.7408 | lr: 0.00007838 | best AP50 acc: 0.9023 | best AP70 acc: 0.7686 | best mAP acc: 0.7244 | best mAR acc: 0.7872 | best Score: 0.7244 | best Score epoch: 19 
epoch 21, iter  601: loss: 0.0058 | load time: 0.0002 | back time: 0.7572 | lr: 0.00007827 | best AP50 acc: 0.9023 | best AP70 acc: 0.7686 | best mAP acc: 0.7244 | best mAR acc: 0.7872 | best Score: 0.7244 | best Score epoch: 19 
epoch 21, iter  651: loss: 0.0058 | load time: 0.0002 | back time: 0.7438 | lr: 0.00007816 | best AP50 acc: 0.9023 | best AP70 acc: 0.7686 | best mAP acc: 0.7244 | best mAR acc: 0.7872 | best Score: 0.7244 | best Score epoch: 19 
epoch 21, iter  701: loss: 0.0060 | load time: 0.0001 | back time: 0.7560 | lr: 0.00007804 | best AP50 acc: 0.9023 | best AP70 acc: 0.7686 | best mAP acc: 0.7244 | best mAR acc: 0.7872 | best Score: 0.7244 | best Score epoch: 19 
epoch 21, iter  751: loss: 0.0063 | load time: 0.0002 | back time: 0.7769 | lr: 0.00007793 | best AP50 acc: 0.9023 | best AP70 acc: 0.7686 | best mAP acc: 0.7244 | best mAR acc: 0.7872 | best Score: 0.7244 | best Score epoch: 19 
epoch 21, iter  801: loss: 0.0058 | load time: 0.0002 | back time: 0.7313 | lr: 0.00007782 | best AP50 acc: 0.9023 | best AP70 acc: 0.7686 | best mAP acc: 0.7244 | best mAR acc: 0.7872 | best Score: 0.7244 | best Score epoch: 19 
epoch 21, iter  851: loss: 0.0059 | load time: 0.0003 | back time: 0.7526 | lr: 0.00007771 | best AP50 acc: 0.9023 | best AP70 acc: 0.7686 | best mAP acc: 0.7244 | best mAR acc: 0.7872 | best Score: 0.7244 | best Score epoch: 19 
epoch 21, iter  901: loss: 0.0059 | load time: 0.0003 | back time: 0.7309 | lr: 0.00007759 | best AP50 acc: 0.9023 | best AP70 acc: 0.7686 | best mAP acc: 0.7244 | best mAR acc: 0.7872 | best Score: 0.7244 | best Score epoch: 19 
epoch 21, iter  951: loss: 0.0062 | load time: 0.0003 | back time: 0.7452 | lr: 0.00007748 | best AP50 acc: 0.9023 | best AP70 acc: 0.7686 | best mAP acc: 0.7244 | best mAR acc: 0.7872 | best Score: 0.7244 | best Score epoch: 19 
epoch 21, iter 1001: loss: 0.0063 | load time: 0.0002 | back time: 0.7582 | lr: 0.00007737 | best AP50 acc: 0.9023 | best AP70 acc: 0.7686 | best mAP acc: 0.7244 | best mAR acc: 0.7872 | best Score: 0.7244 | best Score epoch: 19 
epoch 21, iter 1051: loss: 0.0062 | load time: 0.0003 | back time: 0.7494 | lr: 0.00007725 | best AP50 acc: 0.9023 | best AP70 acc: 0.7686 | best mAP acc: 0.7244 | best mAR acc: 0.7872 | best Score: 0.7244 | best Score epoch: 19 
epoch 21, iter 1101: loss: 0.0060 | load time: 0.0003 | back time: 0.7468 | lr: 0.00007714 | best AP50 acc: 0.9023 | best AP70 acc: 0.7686 | best mAP acc: 0.7244 | best mAR acc: 0.7872 | best Score: 0.7244 | best Score epoch: 19 
epoch 21, iter 1151: loss: 0.0057 | load time: 0.0001 | back time: 0.7363 | lr: 0.00007703 | best AP50 acc: 0.9023 | best AP70 acc: 0.7686 | best mAP acc: 0.7244 | best mAR acc: 0.7872 | best Score: 0.7244 | best Score epoch: 19 
UAV_SEQS_2 | mAP50:90: 32.4736 | AP50: 52.2232 | AP70: 35.5248 
UAV_SEQS_37 | mAP50:90: 83.4437 | AP50: 100.0000 | AP70: 87.0394 
UAV_SEQS_45 | mAP50:90: 92.8548 | AP50: 98.0131 | AP70: 96.9996 
UAV_SEQS_47 | mAP50:90: 97.5478 | AP50: 100.0000 | AP70: 100.0000 
UAV_SEQS_55 | mAP50:90: 33.9125 | AP50: 56.0043 | AP70: 34.6961 
UAV_SEQS_59 | mAP50:90: 74.6097 | AP50: 95.0840 | AP70: 82.1312 
UAV_SEQS_6 | mAP50:90: 46.5882 | AP50: 68.6542 | AP70: 43.2700 
UAV_SEQS_63 | mAP50:90: 57.2013 | AP50: 97.4110 | AP70: 62.9264 
UAV_SEQS_65 | mAP50:90: 83.5988 | AP50: 95.9305 | AP70: 91.0626 
UAV_SEQS_7 | mAP50:90: 95.3311 | AP50: 98.0198 | AP70: 98.0165 
UAV_SEQS_71 | mAP50:90: 70.3223 | AP50: 91.5642 | AP70: 82.5751 
UAV_SEQS_73 | mAP50:90: 65.4851 | AP50: 87.5763 | AP70: 71.5602 
UAV_SEQS_74 | mAP50:90: 94.0469 | AP50: 100.0000 | AP70: 100.0000 
UAV_SEQS_77 | mAP50:90: 36.0756 | AP50: 46.9337 | AP70: 41.7609 
UAV_SEQS_8 | mAP50:90: 70.8807 | AP50: 100.0000 | AP70: 81.9677 
Overall            | mAP50:95: 71.0169 | AP50: 86.9503 | AP70: 76.0079 
epoch 22, iter    1: loss: 0.0059 | load time: 0.0077 | back time: 0.3702 | lr: 0.00007702 | best AP50 acc: 0.9023 | best AP70 acc: 0.7686 | best mAP acc: 0.7244 | best mAR acc: 0.7872 | best Score: 0.7244 | best Score epoch: 19 
epoch 22, iter   51: loss: 0.0057 | load time: 0.0002 | back time: 0.7366 | lr: 0.00007691 | best AP50 acc: 0.9023 | best AP70 acc: 0.7686 | best mAP acc: 0.7244 | best mAR acc: 0.7872 | best Score: 0.7244 | best Score epoch: 19 
epoch 22, iter  101: loss: 0.0058 | load time: 0.0004 | back time: 0.7260 | lr: 0.00007679 | best AP50 acc: 0.9023 | best AP70 acc: 0.7686 | best mAP acc: 0.7244 | best mAR acc: 0.7872 | best Score: 0.7244 | best Score epoch: 19 
epoch 22, iter  151: loss: 0.0057 | load time: 0.0002 | back time: 0.7961 | lr: 0.00007668 | best AP50 acc: 0.9023 | best AP70 acc: 0.7686 | best mAP acc: 0.7244 | best mAR acc: 0.7872 | best Score: 0.7244 | best Score epoch: 19 
epoch 22, iter  201: loss: 0.0060 | load time: 0.0002 | back time: 0.7498 | lr: 0.00007656 | best AP50 acc: 0.9023 | best AP70 acc: 0.7686 | best mAP acc: 0.7244 | best mAR acc: 0.7872 | best Score: 0.7244 | best Score epoch: 19 
epoch 22, iter  251: loss: 0.0058 | load time: 0.0002 | back time: 0.7468 | lr: 0.00007645 | best AP50 acc: 0.9023 | best AP70 acc: 0.7686 | best mAP acc: 0.7244 | best mAR acc: 0.7872 | best Score: 0.7244 | best Score epoch: 19 
epoch 22, iter  301: loss: 0.0057 | load time: 0.0003 | back time: 0.7496 | lr: 0.00007633 | best AP50 acc: 0.9023 | best AP70 acc: 0.7686 | best mAP acc: 0.7244 | best mAR acc: 0.7872 | best Score: 0.7244 | best Score epoch: 19 
epoch 22, iter  351: loss: 0.0057 | load time: 0.0002 | back time: 0.7505 | lr: 0.00007622 | best AP50 acc: 0.9023 | best AP70 acc: 0.7686 | best mAP acc: 0.7244 | best mAR acc: 0.7872 | best Score: 0.7244 | best Score epoch: 19 
epoch 22, iter  401: loss: 0.0057 | load time: 0.0002 | back time: 0.7488 | lr: 0.00007610 | best AP50 acc: 0.9023 | best AP70 acc: 0.7686 | best mAP acc: 0.7244 | best mAR acc: 0.7872 | best Score: 0.7244 | best Score epoch: 19 
epoch 22, iter  451: loss: 0.0056 | load time: 0.0001 | back time: 0.7497 | lr: 0.00007599 | best AP50 acc: 0.9023 | best AP70 acc: 0.7686 | best mAP acc: 0.7244 | best mAR acc: 0.7872 | best Score: 0.7244 | best Score epoch: 19 
epoch 22, iter  501: loss: 0.0056 | load time: 0.0002 | back time: 0.7503 | lr: 0.00007587 | best AP50 acc: 0.9023 | best AP70 acc: 0.7686 | best mAP acc: 0.7244 | best mAR acc: 0.7872 | best Score: 0.7244 | best Score epoch: 19 
epoch 22, iter  551: loss: 0.0055 | load time: 0.0002 | back time: 0.7473 | lr: 0.00007576 | best AP50 acc: 0.9023 | best AP70 acc: 0.7686 | best mAP acc: 0.7244 | best mAR acc: 0.7872 | best Score: 0.7244 | best Score epoch: 19 
epoch 22, iter  601: loss: 0.0055 | load time: 0.0002 | back time: 0.7485 | lr: 0.00007564 | best AP50 acc: 0.9023 | best AP70 acc: 0.7686 | best mAP acc: 0.7244 | best mAR acc: 0.7872 | best Score: 0.7244 | best Score epoch: 19 
epoch 22, iter  651: loss: 0.0057 | load time: 0.0001 | back time: 0.7461 | lr: 0.00007552 | best AP50 acc: 0.9023 | best AP70 acc: 0.7686 | best mAP acc: 0.7244 | best mAR acc: 0.7872 | best Score: 0.7244 | best Score epoch: 19 
epoch 22, iter  701: loss: 0.0058 | load time: 0.0002 | back time: 0.7619 | lr: 0.00007541 | best AP50 acc: 0.9023 | best AP70 acc: 0.7686 | best mAP acc: 0.7244 | best mAR acc: 0.7872 | best Score: 0.7244 | best Score epoch: 19 
epoch 22, iter  751: loss: 0.0057 | load time: 0.0002 | back time: 0.7576 | lr: 0.00007529 | best AP50 acc: 0.9023 | best AP70 acc: 0.7686 | best mAP acc: 0.7244 | best mAR acc: 0.7872 | best Score: 0.7244 | best Score epoch: 19 
epoch 22, iter  801: loss: 0.0058 | load time: 0.0003 | back time: 0.7548 | lr: 0.00007517 | best AP50 acc: 0.9023 | best AP70 acc: 0.7686 | best mAP acc: 0.7244 | best mAR acc: 0.7872 | best Score: 0.7244 | best Score epoch: 19 
epoch 22, iter  851: loss: 0.0060 | load time: 0.0002 | back time: 0.7487 | lr: 0.00007506 | best AP50 acc: 0.9023 | best AP70 acc: 0.7686 | best mAP acc: 0.7244 | best mAR acc: 0.7872 | best Score: 0.7244 | best Score epoch: 19 
epoch 22, iter  901: loss: 0.0058 | load time: 0.0002 | back time: 0.7498 | lr: 0.00007494 | best AP50 acc: 0.9023 | best AP70 acc: 0.7686 | best mAP acc: 0.7244 | best mAR acc: 0.7872 | best Score: 0.7244 | best Score epoch: 19 
epoch 22, iter  951: loss: 0.0057 | load time: 0.0002 | back time: 0.7489 | lr: 0.00007482 | best AP50 acc: 0.9023 | best AP70 acc: 0.7686 | best mAP acc: 0.7244 | best mAR acc: 0.7872 | best Score: 0.7244 | best Score epoch: 19 
epoch 22, iter 1001: loss: 0.0057 | load time: 0.0003 | back time: 0.7485 | lr: 0.00007470 | best AP50 acc: 0.9023 | best AP70 acc: 0.7686 | best mAP acc: 0.7244 | best mAR acc: 0.7872 | best Score: 0.7244 | best Score epoch: 19 
epoch 22, iter 1051: loss: 0.0062 | load time: 0.0002 | back time: 0.7489 | lr: 0.00007459 | best AP50 acc: 0.9023 | best AP70 acc: 0.7686 | best mAP acc: 0.7244 | best mAR acc: 0.7872 | best Score: 0.7244 | best Score epoch: 19 
epoch 22, iter 1101: loss: 0.0060 | load time: 0.0002 | back time: 0.7494 | lr: 0.00007447 | best AP50 acc: 0.9023 | best AP70 acc: 0.7686 | best mAP acc: 0.7244 | best mAR acc: 0.7872 | best Score: 0.7244 | best Score epoch: 19 
epoch 22, iter 1151: loss: 0.0057 | load time: 0.0001 | back time: 0.7590 | lr: 0.00007435 | best AP50 acc: 0.9023 | best AP70 acc: 0.7686 | best mAP acc: 0.7244 | best mAR acc: 0.7872 | best Score: 0.7244 | best Score epoch: 19 
UAV_SEQS_2 | mAP50:90: 32.5268 | AP50: 53.0681 | AP70: 33.2236 
UAV_SEQS_37 | mAP50:90: 88.9468 | AP50: 100.0000 | AP70: 94.2986 
UAV_SEQS_45 | mAP50:90: 92.2640 | AP50: 100.0000 | AP70: 96.9960 
UAV_SEQS_47 | mAP50:90: 94.3822 | AP50: 100.0000 | AP70: 100.0000 
UAV_SEQS_55 | mAP50:90: 39.8018 | AP50: 62.8617 | AP70: 41.7428 
UAV_SEQS_59 | mAP50:90: 71.5826 | AP50: 95.3256 | AP70: 80.4120 
UAV_SEQS_6 | mAP50:90: 49.2376 | AP50: 73.2389 | AP70: 46.3283 
UAV_SEQS_63 | mAP50:90: 35.1087 | AP50: 91.4548 | AP70: 20.0230 
UAV_SEQS_65 | mAP50:90: 87.3289 | AP50: 96.0814 | AP70: 92.6873 
UAV_SEQS_7 | mAP50:90: 75.9693 | AP50: 90.0771 | AP70: 90.0771 
UAV_SEQS_71 | mAP50:90: 72.0938 | AP50: 94.9807 | AP70: 78.9651 
UAV_SEQS_73 | mAP50:90: 66.5239 | AP50: 87.8645 | AP70: 74.7411 
UAV_SEQS_74 | mAP50:90: 96.9040 | AP50: 100.0000 | AP70: 100.0000 
UAV_SEQS_77 | mAP50:90: 46.5404 | AP50: 60.4699 | AP70: 50.8734 
UAV_SEQS_8 | mAP50:90: 70.2224 | AP50: 98.9175 | AP70: 83.6634 
Overall            | mAP50:95: 69.8534 | AP50: 88.2570 | AP70: 74.1841 
epoch 23, iter    1: loss: 0.0059 | load time: 0.0049 | back time: 0.3338 | lr: 0.00007434 | best AP50 acc: 0.9023 | best AP70 acc: 0.7686 | best mAP acc: 0.7244 | best mAR acc: 0.7872 | best Score: 0.7244 | best Score epoch: 19 
epoch 23, iter   51: loss: 0.0057 | load time: 0.0002 | back time: 0.7455 | lr: 0.00007423 | best AP50 acc: 0.9023 | best AP70 acc: 0.7686 | best mAP acc: 0.7244 | best mAR acc: 0.7872 | best Score: 0.7244 | best Score epoch: 19 
epoch 23, iter  101: loss: 0.0057 | load time: 0.0002 | back time: 0.7489 | lr: 0.00007411 | best AP50 acc: 0.9023 | best AP70 acc: 0.7686 | best mAP acc: 0.7244 | best mAR acc: 0.7872 | best Score: 0.7244 | best Score epoch: 19 
epoch 23, iter  151: loss: 0.0055 | load time: 0.0001 | back time: 0.7629 | lr: 0.00007399 | best AP50 acc: 0.9023 | best AP70 acc: 0.7686 | best mAP acc: 0.7244 | best mAR acc: 0.7872 | best Score: 0.7244 | best Score epoch: 19 
epoch 23, iter  201: loss: 0.0059 | load time: 0.0002 | back time: 0.7556 | lr: 0.00007387 | best AP50 acc: 0.9023 | best AP70 acc: 0.7686 | best mAP acc: 0.7244 | best mAR acc: 0.7872 | best Score: 0.7244 | best Score epoch: 19 
epoch 23, iter  251: loss: 0.0056 | load time: 0.0002 | back time: 0.7499 | lr: 0.00007375 | best AP50 acc: 0.9023 | best AP70 acc: 0.7686 | best mAP acc: 0.7244 | best mAR acc: 0.7872 | best Score: 0.7244 | best Score epoch: 19 
epoch 23, iter  301: loss: 0.0058 | load time: 0.0002 | back time: 0.7501 | lr: 0.00007363 | best AP50 acc: 0.9023 | best AP70 acc: 0.7686 | best mAP acc: 0.7244 | best mAR acc: 0.7872 | best Score: 0.7244 | best Score epoch: 19 
epoch 23, iter  351: loss: 0.0056 | load time: 0.0003 | back time: 0.7491 | lr: 0.00007351 | best AP50 acc: 0.9023 | best AP70 acc: 0.7686 | best mAP acc: 0.7244 | best mAR acc: 0.7872 | best Score: 0.7244 | best Score epoch: 19 
epoch 23, iter  401: loss: 0.0060 | load time: 0.0002 | back time: 0.7520 | lr: 0.00007339 | best AP50 acc: 0.9023 | best AP70 acc: 0.7686 | best mAP acc: 0.7244 | best mAR acc: 0.7872 | best Score: 0.7244 | best Score epoch: 19 
epoch 23, iter  451: loss: 0.0057 | load time: 0.0001 | back time: 0.7474 | lr: 0.00007327 | best AP50 acc: 0.9023 | best AP70 acc: 0.7686 | best mAP acc: 0.7244 | best mAR acc: 0.7872 | best Score: 0.7244 | best Score epoch: 19 
epoch 23, iter  501: loss: 0.0055 | load time: 0.0002 | back time: 0.7492 | lr: 0.00007315 | best AP50 acc: 0.9023 | best AP70 acc: 0.7686 | best mAP acc: 0.7244 | best mAR acc: 0.7872 | best Score: 0.7244 | best Score epoch: 19 
epoch 23, iter  551: loss: 0.0058 | load time: 0.0003 | back time: 0.7500 | lr: 0.00007303 | best AP50 acc: 0.9023 | best AP70 acc: 0.7686 | best mAP acc: 0.7244 | best mAR acc: 0.7872 | best Score: 0.7244 | best Score epoch: 19 
epoch 23, iter  601: loss: 0.0058 | load time: 0.0002 | back time: 0.7628 | lr: 0.00007291 | best AP50 acc: 0.9023 | best AP70 acc: 0.7686 | best mAP acc: 0.7244 | best mAR acc: 0.7872 | best Score: 0.7244 | best Score epoch: 19 
epoch 23, iter  651: loss: 0.0057 | load time: 0.0001 | back time: 0.7631 | lr: 0.00007279 | best AP50 acc: 0.9023 | best AP70 acc: 0.7686 | best mAP acc: 0.7244 | best mAR acc: 0.7872 | best Score: 0.7244 | best Score epoch: 19 
epoch 23, iter  701: loss: 0.0057 | load time: 0.0003 | back time: 0.7505 | lr: 0.00007267 | best AP50 acc: 0.9023 | best AP70 acc: 0.7686 | best mAP acc: 0.7244 | best mAR acc: 0.7872 | best Score: 0.7244 | best Score epoch: 19 
epoch 23, iter  751: loss: 0.0056 | load time: 0.0003 | back time: 0.7517 | lr: 0.00007255 | best AP50 acc: 0.9023 | best AP70 acc: 0.7686 | best mAP acc: 0.7244 | best mAR acc: 0.7872 | best Score: 0.7244 | best Score epoch: 19 
epoch 23, iter  801: loss: 0.0059 | load time: 0.0003 | back time: 0.7495 | lr: 0.00007243 | best AP50 acc: 0.9023 | best AP70 acc: 0.7686 | best mAP acc: 0.7244 | best mAR acc: 0.7872 | best Score: 0.7244 | best Score epoch: 19 
epoch 23, iter  851: loss: 0.0057 | load time: 0.0003 | back time: 0.7489 | lr: 0.00007231 | best AP50 acc: 0.9023 | best AP70 acc: 0.7686 | best mAP acc: 0.7244 | best mAR acc: 0.7872 | best Score: 0.7244 | best Score epoch: 19 
epoch 23, iter  901: loss: 0.0058 | load time: 0.0002 | back time: 0.7511 | lr: 0.00007219 | best AP50 acc: 0.9023 | best AP70 acc: 0.7686 | best mAP acc: 0.7244 | best mAR acc: 0.7872 | best Score: 0.7244 | best Score epoch: 19 
epoch 23, iter  951: loss: 0.0057 | load time: 0.0002 | back time: 0.7506 | lr: 0.00007207 | best AP50 acc: 0.9023 | best AP70 acc: 0.7686 | best mAP acc: 0.7244 | best mAR acc: 0.7872 | best Score: 0.7244 | best Score epoch: 19 
epoch 23, iter 1001: loss: 0.0056 | load time: 0.0003 | back time: 0.7511 | lr: 0.00007194 | best AP50 acc: 0.9023 | best AP70 acc: 0.7686 | best mAP acc: 0.7244 | best mAR acc: 0.7872 | best Score: 0.7244 | best Score epoch: 19 
epoch 23, iter 1051: loss: 0.0057 | load time: 0.0002 | back time: 0.7506 | lr: 0.00007182 | best AP50 acc: 0.9023 | best AP70 acc: 0.7686 | best mAP acc: 0.7244 | best mAR acc: 0.7872 | best Score: 0.7244 | best Score epoch: 19 
epoch 23, iter 1101: loss: 0.0053 | load time: 0.0002 | back time: 0.7500 | lr: 0.00007170 | best AP50 acc: 0.9023 | best AP70 acc: 0.7686 | best mAP acc: 0.7244 | best mAR acc: 0.7872 | best Score: 0.7244 | best Score epoch: 19 
epoch 23, iter 1151: loss: 0.0057 | load time: 0.0002 | back time: 0.7522 | lr: 0.00007158 | best AP50 acc: 0.9023 | best AP70 acc: 0.7686 | best mAP acc: 0.7244 | best mAR acc: 0.7872 | best Score: 0.7244 | best Score epoch: 19 
UAV_SEQS_2 | mAP50:90: 31.7323 | AP50: 54.6728 | AP70: 32.9881 
UAV_SEQS_37 | mAP50:90: 79.0178 | AP50: 100.0000 | AP70: 78.0118 
UAV_SEQS_45 | mAP50:90: 90.1346 | AP50: 97.0095 | AP70: 94.0525 
UAV_SEQS_47 | mAP50:90: 87.6063 | AP50: 100.0000 | AP70: 96.7807 
UAV_SEQS_55 | mAP50:90: 42.8016 | AP50: 63.8601 | AP70: 42.8542 
UAV_SEQS_59 | mAP50:90: 69.9011 | AP50: 95.1129 | AP70: 76.8020 
UAV_SEQS_6 | mAP50:90: 70.3946 | AP50: 93.3492 | AP70: 74.3600 
UAV_SEQS_63 | mAP50:90: 46.3602 | AP50: 92.0666 | AP70: 50.5247 
UAV_SEQS_65 | mAP50:90: 82.9218 | AP50: 97.1594 | AP70: 90.8390 
UAV_SEQS_7 | mAP50:90: 93.7296 | AP50: 95.0495 | AP70: 95.0495 
UAV_SEQS_71 | mAP50:90: 75.8182 | AP50: 97.9258 | AP70: 80.3180 
UAV_SEQS_73 | mAP50:90: 63.2447 | AP50: 86.6776 | AP70: 73.2626 
UAV_SEQS_74 | mAP50:90: 98.9069 | AP50: 100.0000 | AP70: 100.0000 
UAV_SEQS_77 | mAP50:90: 42.8198 | AP50: 54.9844 | AP70: 48.6360 
UAV_SEQS_8 | mAP50:90: 63.3645 | AP50: 100.0000 | AP70: 74.1987 
Overall            | mAP50:95: 70.3410 | AP50: 89.5324 | AP70: 75.2793 
epoch 24, iter    1: loss: 0.0057 | load time: 0.0070 | back time: 0.3100 | lr: 0.00007157 | best AP50 acc: 0.9023 | best AP70 acc: 0.7686 | best mAP acc: 0.7244 | best mAR acc: 0.7872 | best Score: 0.7244 | best Score epoch: 19 
epoch 24, iter   51: loss: 0.0059 | load time: 0.0001 | back time: 0.7433 | lr: 0.00007145 | best AP50 acc: 0.9023 | best AP70 acc: 0.7686 | best mAP acc: 0.7244 | best mAR acc: 0.7872 | best Score: 0.7244 | best Score epoch: 19 
epoch 24, iter  101: loss: 0.0058 | load time: 0.0001 | back time: 0.7501 | lr: 0.00007133 | best AP50 acc: 0.9023 | best AP70 acc: 0.7686 | best mAP acc: 0.7244 | best mAR acc: 0.7872 | best Score: 0.7244 | best Score epoch: 19 
epoch 24, iter  151: loss: 0.0058 | load time: 0.0003 | back time: 0.7609 | lr: 0.00007121 | best AP50 acc: 0.9023 | best AP70 acc: 0.7686 | best mAP acc: 0.7244 | best mAR acc: 0.7872 | best Score: 0.7244 | best Score epoch: 19 
epoch 24, iter  201: loss: 0.0058 | load time: 0.0003 | back time: 0.7537 | lr: 0.00007108 | best AP50 acc: 0.9023 | best AP70 acc: 0.7686 | best mAP acc: 0.7244 | best mAR acc: 0.7872 | best Score: 0.7244 | best Score epoch: 19 
epoch 24, iter  251: loss: 0.0057 | load time: 0.0002 | back time: 0.7503 | lr: 0.00007096 | best AP50 acc: 0.9023 | best AP70 acc: 0.7686 | best mAP acc: 0.7244 | best mAR acc: 0.7872 | best Score: 0.7244 | best Score epoch: 19 
epoch 24, iter  301: loss: 0.0055 | load time: 0.0003 | back time: 0.7495 | lr: 0.00007084 | best AP50 acc: 0.9023 | best AP70 acc: 0.7686 | best mAP acc: 0.7244 | best mAR acc: 0.7872 | best Score: 0.7244 | best Score epoch: 19 
epoch 24, iter  351: loss: 0.0057 | load time: 0.0003 | back time: 0.7513 | lr: 0.00007071 | best AP50 acc: 0.9023 | best AP70 acc: 0.7686 | best mAP acc: 0.7244 | best mAR acc: 0.7872 | best Score: 0.7244 | best Score epoch: 19 
epoch 24, iter  401: loss: 0.0055 | load time: 0.0001 | back time: 0.7346 | lr: 0.00007059 | best AP50 acc: 0.9023 | best AP70 acc: 0.7686 | best mAP acc: 0.7244 | best mAR acc: 0.7872 | best Score: 0.7244 | best Score epoch: 19 
epoch 24, iter  451: loss: 0.0058 | load time: 0.0001 | back time: 0.7431 | lr: 0.00007047 | best AP50 acc: 0.9023 | best AP70 acc: 0.7686 | best mAP acc: 0.7244 | best mAR acc: 0.7872 | best Score: 0.7244 | best Score epoch: 19 
epoch 24, iter  501: loss: 0.0057 | load time: 0.0001 | back time: 0.7488 | lr: 0.00007034 | best AP50 acc: 0.9023 | best AP70 acc: 0.7686 | best mAP acc: 0.7244 | best mAR acc: 0.7872 | best Score: 0.7244 | best Score epoch: 19 
epoch 24, iter  551: loss: 0.0054 | load time: 0.0001 | back time: 0.7472 | lr: 0.00007022 | best AP50 acc: 0.9023 | best AP70 acc: 0.7686 | best mAP acc: 0.7244 | best mAR acc: 0.7872 | best Score: 0.7244 | best Score epoch: 19 
epoch 24, iter  601: loss: 0.0057 | load time: 0.0002 | back time: 0.7452 | lr: 0.00007010 | best AP50 acc: 0.9023 | best AP70 acc: 0.7686 | best mAP acc: 0.7244 | best mAR acc: 0.7872 | best Score: 0.7244 | best Score epoch: 19 
epoch 24, iter  651: loss: 0.0056 | load time: 0.0002 | back time: 0.7472 | lr: 0.00006997 | best AP50 acc: 0.9023 | best AP70 acc: 0.7686 | best mAP acc: 0.7244 | best mAR acc: 0.7872 | best Score: 0.7244 | best Score epoch: 19 
epoch 24, iter  701: loss: 0.0057 | load time: 0.0002 | back time: 0.7505 | lr: 0.00006985 | best AP50 acc: 0.9023 | best AP70 acc: 0.7686 | best mAP acc: 0.7244 | best mAR acc: 0.7872 | best Score: 0.7244 | best Score epoch: 19 
epoch 24, iter  751: loss: 0.0057 | load time: 0.0002 | back time: 0.7619 | lr: 0.00006972 | best AP50 acc: 0.9023 | best AP70 acc: 0.7686 | best mAP acc: 0.7244 | best mAR acc: 0.7872 | best Score: 0.7244 | best Score epoch: 19 
epoch 24, iter  801: loss: 0.0056 | load time: 0.0002 | back time: 0.7575 | lr: 0.00006960 | best AP50 acc: 0.9023 | best AP70 acc: 0.7686 | best mAP acc: 0.7244 | best mAR acc: 0.7872 | best Score: 0.7244 | best Score epoch: 19 
epoch 24, iter  851: loss: 0.0056 | load time: 0.0002 | back time: 0.7472 | lr: 0.00006948 | best AP50 acc: 0.9023 | best AP70 acc: 0.7686 | best mAP acc: 0.7244 | best mAR acc: 0.7872 | best Score: 0.7244 | best Score epoch: 19 
epoch 24, iter  901: loss: 0.0058 | load time: 0.0002 | back time: 0.7484 | lr: 0.00006935 | best AP50 acc: 0.9023 | best AP70 acc: 0.7686 | best mAP acc: 0.7244 | best mAR acc: 0.7872 | best Score: 0.7244 | best Score epoch: 19 
epoch 24, iter  951: loss: 0.0059 | load time: 0.0001 | back time: 0.7459 | lr: 0.00006923 | best AP50 acc: 0.9023 | best AP70 acc: 0.7686 | best mAP acc: 0.7244 | best mAR acc: 0.7872 | best Score: 0.7244 | best Score epoch: 19 
epoch 24, iter 1001: loss: 0.0056 | load time: 0.0002 | back time: 0.7442 | lr: 0.00006910 | best AP50 acc: 0.9023 | best AP70 acc: 0.7686 | best mAP acc: 0.7244 | best mAR acc: 0.7872 | best Score: 0.7244 | best Score epoch: 19 
epoch 24, iter 1051: loss: 0.0057 | load time: 0.0002 | back time: 0.7462 | lr: 0.00006898 | best AP50 acc: 0.9023 | best AP70 acc: 0.7686 | best mAP acc: 0.7244 | best mAR acc: 0.7872 | best Score: 0.7244 | best Score epoch: 19 
epoch 24, iter 1101: loss: 0.0055 | load time: 0.0002 | back time: 0.7483 | lr: 0.00006885 | best AP50 acc: 0.9023 | best AP70 acc: 0.7686 | best mAP acc: 0.7244 | best mAR acc: 0.7872 | best Score: 0.7244 | best Score epoch: 19 
epoch 24, iter 1151: loss: 0.0055 | load time: 0.0003 | back time: 0.7375 | lr: 0.00006872 | best AP50 acc: 0.9023 | best AP70 acc: 0.7686 | best mAP acc: 0.7244 | best mAR acc: 0.7872 | best Score: 0.7244 | best Score epoch: 19 
UAV_SEQS_2 | mAP50:90: 31.9269 | AP50: 55.3142 | AP70: 33.9641 
UAV_SEQS_37 | mAP50:90: 87.3731 | AP50: 100.0000 | AP70: 94.3816 
UAV_SEQS_45 | mAP50:90: 92.6225 | AP50: 100.0000 | AP70: 96.8086 
UAV_SEQS_47 | mAP50:90: 90.8293 | AP50: 100.0000 | AP70: 97.9360 
UAV_SEQS_55 | mAP50:90: 37.9662 | AP50: 56.9566 | AP70: 41.2745 
UAV_SEQS_59 | mAP50:90: 66.4484 | AP50: 94.8812 | AP70: 76.5474 
UAV_SEQS_6 | mAP50:90: 60.5399 | AP50: 78.6113 | AP70: 65.2774 
UAV_SEQS_63 | mAP50:90: 48.3791 | AP50: 90.5768 | AP70: 47.1548 
UAV_SEQS_65 | mAP50:90: 82.5494 | AP50: 95.8402 | AP70: 89.9833 
UAV_SEQS_7 | mAP50:90: 75.9114 | AP50: 94.0422 | AP70: 89.8879 
UAV_SEQS_71 | mAP50:90: 73.8125 | AP50: 94.0105 | AP70: 79.4344 
UAV_SEQS_73 | mAP50:90: 63.4486 | AP50: 84.1023 | AP70: 74.7729 
UAV_SEQS_74 | mAP50:90: 98.7781 | AP50: 100.0000 | AP70: 100.0000 
UAV_SEQS_77 | mAP50:90: 46.7591 | AP50: 58.1290 | AP70: 54.3994 
UAV_SEQS_8 | mAP50:90: 71.6550 | AP50: 100.0000 | AP70: 86.4914 
Overall            | mAP50:95: 70.4423 | AP50: 87.7676 | AP70: 77.1755 
epoch 25, iter    1: loss: 0.0051 | load time: 0.0071 | back time: 0.3573 | lr: 0.00006872 | best AP50 acc: 0.9023 | best AP70 acc: 0.7686 | best mAP acc: 0.7244 | best mAR acc: 0.7872 | best Score: 0.7244 | best Score epoch: 19 
epoch 25, iter   51: loss: 0.0060 | load time: 0.0002 | back time: 0.7436 | lr: 0.00006859 | best AP50 acc: 0.9023 | best AP70 acc: 0.7686 | best mAP acc: 0.7244 | best mAR acc: 0.7872 | best Score: 0.7244 | best Score epoch: 19 
epoch 25, iter  101: loss: 0.0057 | load time: 0.0001 | back time: 0.7488 | lr: 0.00006847 | best AP50 acc: 0.9023 | best AP70 acc: 0.7686 | best mAP acc: 0.7244 | best mAR acc: 0.7872 | best Score: 0.7244 | best Score epoch: 19 
epoch 25, iter  151: loss: 0.0057 | load time: 0.0002 | back time: 0.7592 | lr: 0.00006834 | best AP50 acc: 0.9023 | best AP70 acc: 0.7686 | best mAP acc: 0.7244 | best mAR acc: 0.7872 | best Score: 0.7244 | best Score epoch: 19 
epoch 25, iter  201: loss: 0.0055 | load time: 0.0002 | back time: 0.7673 | lr: 0.00006822 | best AP50 acc: 0.9023 | best AP70 acc: 0.7686 | best mAP acc: 0.7244 | best mAR acc: 0.7872 | best Score: 0.7244 | best Score epoch: 19 
epoch 25, iter  251: loss: 0.0056 | load time: 0.0004 | back time: 0.7508 | lr: 0.00006809 | best AP50 acc: 0.9023 | best AP70 acc: 0.7686 | best mAP acc: 0.7244 | best mAR acc: 0.7872 | best Score: 0.7244 | best Score epoch: 19 
epoch 25, iter  301: loss: 0.0056 | load time: 0.0003 | back time: 0.7502 | lr: 0.00006796 | best AP50 acc: 0.9023 | best AP70 acc: 0.7686 | best mAP acc: 0.7244 | best mAR acc: 0.7872 | best Score: 0.7244 | best Score epoch: 19 
epoch 25, iter  351: loss: 0.0056 | load time: 0.0002 | back time: 0.7490 | lr: 0.00006784 | best AP50 acc: 0.9023 | best AP70 acc: 0.7686 | best mAP acc: 0.7244 | best mAR acc: 0.7872 | best Score: 0.7244 | best Score epoch: 19 
epoch 25, iter  401: loss: 0.0056 | load time: 0.0001 | back time: 0.7503 | lr: 0.00006771 | best AP50 acc: 0.9023 | best AP70 acc: 0.7686 | best mAP acc: 0.7244 | best mAR acc: 0.7872 | best Score: 0.7244 | best Score epoch: 19 
epoch 25, iter  451: loss: 0.0056 | load time: 0.0003 | back time: 0.7481 | lr: 0.00006758 | best AP50 acc: 0.9023 | best AP70 acc: 0.7686 | best mAP acc: 0.7244 | best mAR acc: 0.7872 | best Score: 0.7244 | best Score epoch: 19 
epoch 25, iter  501: loss: 0.0057 | load time: 0.0001 | back time: 0.7501 | lr: 0.00006746 | best AP50 acc: 0.9023 | best AP70 acc: 0.7686 | best mAP acc: 0.7244 | best mAR acc: 0.7872 | best Score: 0.7244 | best Score epoch: 19 
epoch 25, iter  551: loss: 0.0056 | load time: 0.0002 | back time: 0.7486 | lr: 0.00006733 | best AP50 acc: 0.9023 | best AP70 acc: 0.7686 | best mAP acc: 0.7244 | best mAR acc: 0.7872 | best Score: 0.7244 | best Score epoch: 19 
epoch 25, iter  601: loss: 0.0055 | load time: 0.0002 | back time: 0.7501 | lr: 0.00006720 | best AP50 acc: 0.9023 | best AP70 acc: 0.7686 | best mAP acc: 0.7244 | best mAR acc: 0.7872 | best Score: 0.7244 | best Score epoch: 19 
epoch 25, iter  651: loss: 0.0057 | load time: 0.0003 | back time: 0.7498 | lr: 0.00006708 | best AP50 acc: 0.9023 | best AP70 acc: 0.7686 | best mAP acc: 0.7244 | best mAR acc: 0.7872 | best Score: 0.7244 | best Score epoch: 19 
epoch 25, iter  701: loss: 0.0061 | load time: 0.0002 | back time: 0.7497 | lr: 0.00006695 | best AP50 acc: 0.9023 | best AP70 acc: 0.7686 | best mAP acc: 0.7244 | best mAR acc: 0.7872 | best Score: 0.7244 | best Score epoch: 19 
epoch 25, iter  751: loss: 0.0056 | load time: 0.0002 | back time: 0.7516 | lr: 0.00006682 | best AP50 acc: 0.9023 | best AP70 acc: 0.7686 | best mAP acc: 0.7244 | best mAR acc: 0.7872 | best Score: 0.7244 | best Score epoch: 19 
epoch 25, iter  801: loss: 0.0053 | load time: 0.0003 | back time: 0.7526 | lr: 0.00006669 | best AP50 acc: 0.9023 | best AP70 acc: 0.7686 | best mAP acc: 0.7244 | best mAR acc: 0.7872 | best Score: 0.7244 | best Score epoch: 19 
epoch 25, iter  851: loss: 0.0052 | load time: 0.0002 | back time: 0.7513 | lr: 0.00006657 | best AP50 acc: 0.9023 | best AP70 acc: 0.7686 | best mAP acc: 0.7244 | best mAR acc: 0.7872 | best Score: 0.7244 | best Score epoch: 19 
epoch 25, iter  901: loss: 0.0056 | load time: 0.0002 | back time: 0.7599 | lr: 0.00006644 | best AP50 acc: 0.9023 | best AP70 acc: 0.7686 | best mAP acc: 0.7244 | best mAR acc: 0.7872 | best Score: 0.7244 | best Score epoch: 19 
epoch 25, iter  951: loss: 0.0057 | load time: 0.0001 | back time: 0.7575 | lr: 0.00006631 | best AP50 acc: 0.9023 | best AP70 acc: 0.7686 | best mAP acc: 0.7244 | best mAR acc: 0.7872 | best Score: 0.7244 | best Score epoch: 19 
epoch 25, iter 1001: loss: 0.0057 | load time: 0.0002 | back time: 0.7568 | lr: 0.00006618 | best AP50 acc: 0.9023 | best AP70 acc: 0.7686 | best mAP acc: 0.7244 | best mAR acc: 0.7872 | best Score: 0.7244 | best Score epoch: 19 
epoch 25, iter 1051: loss: 0.0058 | load time: 0.0004 | back time: 0.7488 | lr: 0.00006606 | best AP50 acc: 0.9023 | best AP70 acc: 0.7686 | best mAP acc: 0.7244 | best mAR acc: 0.7872 | best Score: 0.7244 | best Score epoch: 19 
epoch 25, iter 1101: loss: 0.0057 | load time: 0.0003 | back time: 0.7479 | lr: 0.00006593 | best AP50 acc: 0.9023 | best AP70 acc: 0.7686 | best mAP acc: 0.7244 | best mAR acc: 0.7872 | best Score: 0.7244 | best Score epoch: 19 
epoch 25, iter 1151: loss: 0.0058 | load time: 0.0004 | back time: 0.7505 | lr: 0.00006580 | best AP50 acc: 0.9023 | best AP70 acc: 0.7686 | best mAP acc: 0.7244 | best mAR acc: 0.7872 | best Score: 0.7244 | best Score epoch: 19 
UAV_SEQS_2 | mAP50:90: 31.5432 | AP50: 56.9624 | AP70: 31.1399 
UAV_SEQS_37 | mAP50:90: 87.3983 | AP50: 100.0000 | AP70: 88.4311 
UAV_SEQS_45 | mAP50:90: 90.1821 | AP50: 97.9928 | AP70: 95.9389 
UAV_SEQS_47 | mAP50:90: 90.7042 | AP50: 100.0000 | AP70: 100.0000 
UAV_SEQS_55 | mAP50:90: 45.3874 | AP50: 64.1302 | AP70: 46.5105 
UAV_SEQS_59 | mAP50:90: 73.2600 | AP50: 96.8027 | AP70: 79.9678 
UAV_SEQS_6 | mAP50:90: 65.0131 | AP50: 83.5969 | AP70: 69.3540 
UAV_SEQS_63 | mAP50:90: 28.6084 | AP50: 79.6392 | AP70: 14.6947 
UAV_SEQS_65 | mAP50:90: 82.1118 | AP50: 94.9155 | AP70: 89.2882 
UAV_SEQS_7 | mAP50:90: 85.6054 | AP50: 97.0297 | AP70: 93.7367 
UAV_SEQS_71 | mAP50:90: 81.3856 | AP50: 95.0495 | AP70: 88.9145 
UAV_SEQS_73 | mAP50:90: 65.2669 | AP50: 82.3404 | AP70: 73.7876 
UAV_SEQS_74 | mAP50:90: 99.0815 | AP50: 100.0000 | AP70: 100.0000 
UAV_SEQS_77 | mAP50:90: 45.4324 | AP50: 56.5904 | AP70: 53.2706 
UAV_SEQS_8 | mAP50:90: 77.3034 | AP50: 100.0000 | AP70: 89.1000 
Overall            | mAP50:95: 71.0773 | AP50: 88.1167 | AP70: 76.0591 
epoch 26, iter    1: loss: 0.0059 | load time: 0.0057 | back time: 0.3578 | lr: 0.00006579 | best AP50 acc: 0.9023 | best AP70 acc: 0.7686 | best mAP acc: 0.7244 | best mAR acc: 0.7872 | best Score: 0.7244 | best Score epoch: 19 
epoch 26, iter   51: loss: 0.0056 | load time: 0.0003 | back time: 0.7433 | lr: 0.00006567 | best AP50 acc: 0.9023 | best AP70 acc: 0.7686 | best mAP acc: 0.7244 | best mAR acc: 0.7872 | best Score: 0.7244 | best Score epoch: 19 
epoch 26, iter  101: loss: 0.0057 | load time: 0.0003 | back time: 0.7487 | lr: 0.00006554 | best AP50 acc: 0.9023 | best AP70 acc: 0.7686 | best mAP acc: 0.7244 | best mAR acc: 0.7872 | best Score: 0.7244 | best Score epoch: 19 
epoch 26, iter  151: loss: 0.0056 | load time: 0.0003 | back time: 0.7608 | lr: 0.00006541 | best AP50 acc: 0.9023 | best AP70 acc: 0.7686 | best mAP acc: 0.7244 | best mAR acc: 0.7872 | best Score: 0.7244 | best Score epoch: 19 
epoch 26, iter  201: loss: 0.0057 | load time: 0.0002 | back time: 0.7010 | lr: 0.00006528 | best AP50 acc: 0.9023 | best AP70 acc: 0.7686 | best mAP acc: 0.7244 | best mAR acc: 0.7872 | best Score: 0.7244 | best Score epoch: 19 
epoch 26, iter  251: loss: 0.0056 | load time: 0.0001 | back time: 0.7341 | lr: 0.00006515 | best AP50 acc: 0.9023 | best AP70 acc: 0.7686 | best mAP acc: 0.7244 | best mAR acc: 0.7872 | best Score: 0.7244 | best Score epoch: 19 
epoch 26, iter  301: loss: 0.0057 | load time: 0.0003 | back time: 0.7484 | lr: 0.00006502 | best AP50 acc: 0.9023 | best AP70 acc: 0.7686 | best mAP acc: 0.7244 | best mAR acc: 0.7872 | best Score: 0.7244 | best Score epoch: 19 
epoch 26, iter  351: loss: 0.0057 | load time: 0.0001 | back time: 0.7569 | lr: 0.00006489 | best AP50 acc: 0.9023 | best AP70 acc: 0.7686 | best mAP acc: 0.7244 | best mAR acc: 0.7872 | best Score: 0.7244 | best Score epoch: 19 
epoch 26, iter  401: loss: 0.0056 | load time: 0.0002 | back time: 0.7421 | lr: 0.00006476 | best AP50 acc: 0.9023 | best AP70 acc: 0.7686 | best mAP acc: 0.7244 | best mAR acc: 0.7872 | best Score: 0.7244 | best Score epoch: 19 
epoch 26, iter  451: loss: 0.0057 | load time: 0.0002 | back time: 0.7375 | lr: 0.00006463 | best AP50 acc: 0.9023 | best AP70 acc: 0.7686 | best mAP acc: 0.7244 | best mAR acc: 0.7872 | best Score: 0.7244 | best Score epoch: 19 
epoch 26, iter  501: loss: 0.0056 | load time: 0.0001 | back time: 0.7444 | lr: 0.00006450 | best AP50 acc: 0.9023 | best AP70 acc: 0.7686 | best mAP acc: 0.7244 | best mAR acc: 0.7872 | best Score: 0.7244 | best Score epoch: 19 
epoch 26, iter  551: loss: 0.0056 | load time: 0.0002 | back time: 0.7428 | lr: 0.00006437 | best AP50 acc: 0.9023 | best AP70 acc: 0.7686 | best mAP acc: 0.7244 | best mAR acc: 0.7872 | best Score: 0.7244 | best Score epoch: 19 
epoch 26, iter  601: loss: 0.0056 | load time: 0.0001 | back time: 0.7428 | lr: 0.00006425 | best AP50 acc: 0.9023 | best AP70 acc: 0.7686 | best mAP acc: 0.7244 | best mAR acc: 0.7872 | best Score: 0.7244 | best Score epoch: 19 
epoch 26, iter  651: loss: 0.0057 | load time: 0.0002 | back time: 0.7305 | lr: 0.00006412 | best AP50 acc: 0.9023 | best AP70 acc: 0.7686 | best mAP acc: 0.7244 | best mAR acc: 0.7872 | best Score: 0.7244 | best Score epoch: 19 
epoch 26, iter  701: loss: 0.0057 | load time: 0.0003 | back time: 0.7300 | lr: 0.00006399 | best AP50 acc: 0.9023 | best AP70 acc: 0.7686 | best mAP acc: 0.7244 | best mAR acc: 0.7872 | best Score: 0.7244 | best Score epoch: 19 
epoch 26, iter  751: loss: 0.0057 | load time: 0.0002 | back time: 0.7904 | lr: 0.00006386 | best AP50 acc: 0.9023 | best AP70 acc: 0.7686 | best mAP acc: 0.7244 | best mAR acc: 0.7872 | best Score: 0.7244 | best Score epoch: 19 
epoch 26, iter  801: loss: 0.0057 | load time: 0.0002 | back time: 0.7321 | lr: 0.00006373 | best AP50 acc: 0.9023 | best AP70 acc: 0.7686 | best mAP acc: 0.7244 | best mAR acc: 0.7872 | best Score: 0.7244 | best Score epoch: 19 
epoch 26, iter  851: loss: 0.0057 | load time: 0.0002 | back time: 0.7523 | lr: 0.00006360 | best AP50 acc: 0.9023 | best AP70 acc: 0.7686 | best mAP acc: 0.7244 | best mAR acc: 0.7872 | best Score: 0.7244 | best Score epoch: 19 
epoch 26, iter  901: loss: 0.0058 | load time: 0.0003 | back time: 0.7311 | lr: 0.00006347 | best AP50 acc: 0.9023 | best AP70 acc: 0.7686 | best mAP acc: 0.7244 | best mAR acc: 0.7872 | best Score: 0.7244 | best Score epoch: 19 
epoch 26, iter  951: loss: 0.0056 | load time: 0.0004 | back time: 0.7481 | lr: 0.00006334 | best AP50 acc: 0.9023 | best AP70 acc: 0.7686 | best mAP acc: 0.7244 | best mAR acc: 0.7872 | best Score: 0.7244 | best Score epoch: 19 
epoch 26, iter 1001: loss: 0.0054 | load time: 0.0002 | back time: 0.7408 | lr: 0.00006320 | best AP50 acc: 0.9023 | best AP70 acc: 0.7686 | best mAP acc: 0.7244 | best mAR acc: 0.7872 | best Score: 0.7244 | best Score epoch: 19 
epoch 26, iter 1051: loss: 0.0057 | load time: 0.0002 | back time: 0.7511 | lr: 0.00006307 | best AP50 acc: 0.9023 | best AP70 acc: 0.7686 | best mAP acc: 0.7244 | best mAR acc: 0.7872 | best Score: 0.7244 | best Score epoch: 19 
epoch 26, iter 1101: loss: 0.0055 | load time: 0.0002 | back time: 0.7571 | lr: 0.00006294 | best AP50 acc: 0.9023 | best AP70 acc: 0.7686 | best mAP acc: 0.7244 | best mAR acc: 0.7872 | best Score: 0.7244 | best Score epoch: 19 
epoch 26, iter 1151: loss: 0.0057 | load time: 0.0001 | back time: 0.7311 | lr: 0.00006281 | best AP50 acc: 0.9023 | best AP70 acc: 0.7686 | best mAP acc: 0.7244 | best mAR acc: 0.7872 | best Score: 0.7244 | best Score epoch: 19 
UAV_SEQS_2 | mAP50:90: 32.5770 | AP50: 54.1449 | AP70: 32.5196 
UAV_SEQS_37 | mAP50:90: 85.7593 | AP50: 100.0000 | AP70: 88.0261 
UAV_SEQS_45 | mAP50:90: 91.5455 | AP50: 100.0000 | AP70: 96.9368 
UAV_SEQS_47 | mAP50:90: 94.7507 | AP50: 100.0000 | AP70: 100.0000 
UAV_SEQS_55 | mAP50:90: 36.4150 | AP50: 54.1499 | AP70: 40.2533 
UAV_SEQS_59 | mAP50:90: 69.8203 | AP50: 97.2681 | AP70: 80.4063 
UAV_SEQS_6 | mAP50:90: 61.1008 | AP50: 83.4852 | AP70: 66.3552 
UAV_SEQS_63 | mAP50:90: 52.6672 | AP50: 93.1976 | AP70: 52.2792 
UAV_SEQS_65 | mAP50:90: 81.9569 | AP50: 94.6843 | AP70: 88.3879 
UAV_SEQS_7 | mAP50:90: 92.1473 | AP50: 98.0198 | AP70: 97.9997 
UAV_SEQS_71 | mAP50:90: 81.2831 | AP50: 97.0297 | AP70: 89.7735 
UAV_SEQS_73 | mAP50:90: 62.2413 | AP50: 82.8766 | AP70: 69.3048 
UAV_SEQS_74 | mAP50:90: 98.7808 | AP50: 100.0000 | AP70: 100.0000 
UAV_SEQS_77 | mAP50:90: 41.9807 | AP50: 61.6164 | AP70: 47.1280 
UAV_SEQS_8 | mAP50:90: 71.4601 | AP50: 100.0000 | AP70: 83.1552 
Overall            | mAP50:95: 72.1224 | AP50: 89.0336 | AP70: 78.1104 
epoch 27, iter    1: loss: 0.0057 | load time: 0.0047 | back time: 0.2790 | lr: 0.00006281 | best AP50 acc: 0.9023 | best AP70 acc: 0.7686 | best mAP acc: 0.7244 | best mAR acc: 0.7872 | best Score: 0.7244 | best Score epoch: 19 
epoch 27, iter   51: loss: 0.0057 | load time: 0.0002 | back time: 0.7378 | lr: 0.00006268 | best AP50 acc: 0.9023 | best AP70 acc: 0.7686 | best mAP acc: 0.7244 | best mAR acc: 0.7872 | best Score: 0.7244 | best Score epoch: 19 
epoch 27, iter  101: loss: 0.0056 | load time: 0.0002 | back time: 0.7454 | lr: 0.00006255 | best AP50 acc: 0.9023 | best AP70 acc: 0.7686 | best mAP acc: 0.7244 | best mAR acc: 0.7872 | best Score: 0.7244 | best Score epoch: 19 
epoch 27, iter  151: loss: 0.0058 | load time: 0.0002 | back time: 0.7443 | lr: 0.00006241 | best AP50 acc: 0.9023 | best AP70 acc: 0.7686 | best mAP acc: 0.7244 | best mAR acc: 0.7872 | best Score: 0.7244 | best Score epoch: 19 
epoch 27, iter  201: loss: 0.0059 | load time: 0.0003 | back time: 0.7349 | lr: 0.00006228 | best AP50 acc: 0.9023 | best AP70 acc: 0.7686 | best mAP acc: 0.7244 | best mAR acc: 0.7872 | best Score: 0.7244 | best Score epoch: 19 
epoch 27, iter  251: loss: 0.0057 | load time: 0.0002 | back time: 0.7310 | lr: 0.00006215 | best AP50 acc: 0.9023 | best AP70 acc: 0.7686 | best mAP acc: 0.7244 | best mAR acc: 0.7872 | best Score: 0.7244 | best Score epoch: 19 
epoch 27, iter  301: loss: 0.0056 | load time: 0.0001 | back time: 0.7358 | lr: 0.00006202 | best AP50 acc: 0.9023 | best AP70 acc: 0.7686 | best mAP acc: 0.7244 | best mAR acc: 0.7872 | best Score: 0.7244 | best Score epoch: 19 
epoch 27, iter  351: loss: 0.0056 | load time: 0.0002 | back time: 0.7408 | lr: 0.00006189 | best AP50 acc: 0.9023 | best AP70 acc: 0.7686 | best mAP acc: 0.7244 | best mAR acc: 0.7872 | best Score: 0.7244 | best Score epoch: 19 
epoch 27, iter  401: loss: 0.0056 | load time: 0.0002 | back time: 0.7464 | lr: 0.00006176 | best AP50 acc: 0.9023 | best AP70 acc: 0.7686 | best mAP acc: 0.7244 | best mAR acc: 0.7872 | best Score: 0.7244 | best Score epoch: 19 
epoch 27, iter  451: loss: 0.0057 | load time: 0.0003 | back time: 0.7542 | lr: 0.00006163 | best AP50 acc: 0.9023 | best AP70 acc: 0.7686 | best mAP acc: 0.7244 | best mAR acc: 0.7872 | best Score: 0.7244 | best Score epoch: 19 
epoch 27, iter  501: loss: 0.0057 | load time: 0.0002 | back time: 0.7521 | lr: 0.00006150 | best AP50 acc: 0.9023 | best AP70 acc: 0.7686 | best mAP acc: 0.7244 | best mAR acc: 0.7872 | best Score: 0.7244 | best Score epoch: 19 
epoch 27, iter  551: loss: 0.0056 | load time: 0.0002 | back time: 0.7356 | lr: 0.00006136 | best AP50 acc: 0.9023 | best AP70 acc: 0.7686 | best mAP acc: 0.7244 | best mAR acc: 0.7872 | best Score: 0.7244 | best Score epoch: 19 
epoch 27, iter  601: loss: 0.0056 | load time: 0.0002 | back time: 0.7506 | lr: 0.00006123 | best AP50 acc: 0.9023 | best AP70 acc: 0.7686 | best mAP acc: 0.7244 | best mAR acc: 0.7872 | best Score: 0.7244 | best Score epoch: 19 
epoch 27, iter  651: loss: 0.0056 | load time: 0.0002 | back time: 0.7305 | lr: 0.00006110 | best AP50 acc: 0.9023 | best AP70 acc: 0.7686 | best mAP acc: 0.7244 | best mAR acc: 0.7872 | best Score: 0.7244 | best Score epoch: 19 
epoch 27, iter  701: loss: 0.0057 | load time: 0.0004 | back time: 0.7305 | lr: 0.00006097 | best AP50 acc: 0.9023 | best AP70 acc: 0.7686 | best mAP acc: 0.7244 | best mAR acc: 0.7872 | best Score: 0.7244 | best Score epoch: 19 
epoch 27, iter  751: loss: 0.0058 | load time: 0.0001 | back time: 0.7670 | lr: 0.00006084 | best AP50 acc: 0.9023 | best AP70 acc: 0.7686 | best mAP acc: 0.7244 | best mAR acc: 0.7872 | best Score: 0.7244 | best Score epoch: 19 
epoch 27, iter  801: loss: 0.0056 | load time: 0.0002 | back time: 0.7310 | lr: 0.00006070 | best AP50 acc: 0.9023 | best AP70 acc: 0.7686 | best mAP acc: 0.7244 | best mAR acc: 0.7872 | best Score: 0.7244 | best Score epoch: 19 
epoch 27, iter  851: loss: 0.0056 | load time: 0.0002 | back time: 0.7659 | lr: 0.00006057 | best AP50 acc: 0.9023 | best AP70 acc: 0.7686 | best mAP acc: 0.7244 | best mAR acc: 0.7872 | best Score: 0.7244 | best Score epoch: 19 
epoch 27, iter  901: loss: 0.0056 | load time: 0.0001 | back time: 0.7309 | lr: 0.00006044 | best AP50 acc: 0.9023 | best AP70 acc: 0.7686 | best mAP acc: 0.7244 | best mAR acc: 0.7872 | best Score: 0.7244 | best Score epoch: 19 
epoch 27, iter  951: loss: 0.0056 | load time: 0.0002 | back time: 0.7565 | lr: 0.00006031 | best AP50 acc: 0.9023 | best AP70 acc: 0.7686 | best mAP acc: 0.7244 | best mAR acc: 0.7872 | best Score: 0.7244 | best Score epoch: 19 
epoch 27, iter 1001: loss: 0.0058 | load time: 0.0002 | back time: 0.7541 | lr: 0.00006018 | best AP50 acc: 0.9023 | best AP70 acc: 0.7686 | best mAP acc: 0.7244 | best mAR acc: 0.7872 | best Score: 0.7244 | best Score epoch: 19 
epoch 27, iter 1051: loss: 0.0053 | load time: 0.0002 | back time: 0.7441 | lr: 0.00006004 | best AP50 acc: 0.9023 | best AP70 acc: 0.7686 | best mAP acc: 0.7244 | best mAR acc: 0.7872 | best Score: 0.7244 | best Score epoch: 19 
epoch 27, iter 1101: loss: 0.0057 | load time: 0.0002 | back time: 0.7442 | lr: 0.00005991 | best AP50 acc: 0.9023 | best AP70 acc: 0.7686 | best mAP acc: 0.7244 | best mAR acc: 0.7872 | best Score: 0.7244 | best Score epoch: 19 
epoch 27, iter 1151: loss: 0.0056 | load time: 0.0004 | back time: 0.7446 | lr: 0.00005978 | best AP50 acc: 0.9023 | best AP70 acc: 0.7686 | best mAP acc: 0.7244 | best mAR acc: 0.7872 | best Score: 0.7244 | best Score epoch: 19 
UAV_SEQS_2 | mAP50:90: 30.0716 | AP50: 52.8572 | AP70: 31.8804 
UAV_SEQS_37 | mAP50:90: 79.1924 | AP50: 100.0000 | AP70: 81.2357 
UAV_SEQS_45 | mAP50:90: 94.4832 | AP50: 100.0000 | AP70: 100.0000 
UAV_SEQS_47 | mAP50:90: 97.8317 | AP50: 100.0000 | AP70: 100.0000 
UAV_SEQS_55 | mAP50:90: 42.3794 | AP50: 64.8433 | AP70: 47.5416 
UAV_SEQS_59 | mAP50:90: 70.2948 | AP50: 97.3170 | AP70: 78.8987 
UAV_SEQS_6 | mAP50:90: 42.3052 | AP50: 64.1536 | AP70: 40.4199 
UAV_SEQS_63 | mAP50:90: 53.8624 | AP50: 96.8808 | AP70: 53.2108 
UAV_SEQS_65 | mAP50:90: 83.7723 | AP50: 93.0096 | AP70: 90.4764 
UAV_SEQS_7 | mAP50:90: 65.0047 | AP50: 94.7970 | AP70: 79.9883 
UAV_SEQS_71 | mAP50:90: 70.0123 | AP50: 92.3008 | AP70: 74.4116 
UAV_SEQS_73 | mAP50:90: 66.7754 | AP50: 84.0304 | AP70: 76.1786 
UAV_SEQS_74 | mAP50:90: 98.5691 | AP50: 99.9614 | AP70: 99.9614 
UAV_SEQS_77 | mAP50:90: 35.3313 | AP50: 48.6588 | AP70: 43.4082 
UAV_SEQS_8 | mAP50:90: 62.8431 | AP50: 100.0000 | AP70: 70.0542 
Overall            | mAP50:95: 68.4481 | AP50: 87.1047 | AP70: 73.5842 
epoch 28, iter    1: loss: 0.0056 | load time: 0.0055 | back time: 0.4162 | lr: 0.00005977 | best AP50 acc: 0.9023 | best AP70 acc: 0.7686 | best mAP acc: 0.7244 | best mAR acc: 0.7872 | best Score: 0.7244 | best Score epoch: 19 
epoch 28, iter   51: loss: 0.0059 | load time: 0.0002 | back time: 0.7427 | lr: 0.00005964 | best AP50 acc: 0.9023 | best AP70 acc: 0.7686 | best mAP acc: 0.7244 | best mAR acc: 0.7872 | best Score: 0.7244 | best Score epoch: 19 
epoch 28, iter  101: loss: 0.0057 | load time: 0.0002 | back time: 0.7425 | lr: 0.00005951 | best AP50 acc: 0.9023 | best AP70 acc: 0.7686 | best mAP acc: 0.7244 | best mAR acc: 0.7872 | best Score: 0.7244 | best Score epoch: 19 
epoch 28, iter  151: loss: 0.0056 | load time: 0.0002 | back time: 0.7413 | lr: 0.00005937 | best AP50 acc: 0.9023 | best AP70 acc: 0.7686 | best mAP acc: 0.7244 | best mAR acc: 0.7872 | best Score: 0.7244 | best Score epoch: 19 
epoch 28, iter  201: loss: 0.0057 | load time: 0.0001 | back time: 0.7534 | lr: 0.00005924 | best AP50 acc: 0.9023 | best AP70 acc: 0.7686 | best mAP acc: 0.7244 | best mAR acc: 0.7872 | best Score: 0.7244 | best Score epoch: 19 
epoch 28, iter  251: loss: 0.0056 | load time: 0.0002 | back time: 0.7351 | lr: 0.00005911 | best AP50 acc: 0.9023 | best AP70 acc: 0.7686 | best mAP acc: 0.7244 | best mAR acc: 0.7872 | best Score: 0.7244 | best Score epoch: 19 
epoch 28, iter  301: loss: 0.0057 | load time: 0.0002 | back time: 0.7329 | lr: 0.00005898 | best AP50 acc: 0.9023 | best AP70 acc: 0.7686 | best mAP acc: 0.7244 | best mAR acc: 0.7872 | best Score: 0.7244 | best Score epoch: 19 
epoch 28, iter  351: loss: 0.0056 | load time: 0.0002 | back time: 0.7316 | lr: 0.00005884 | best AP50 acc: 0.9023 | best AP70 acc: 0.7686 | best mAP acc: 0.7244 | best mAR acc: 0.7872 | best Score: 0.7244 | best Score epoch: 19 
epoch 28, iter  401: loss: 0.0056 | load time: 0.0001 | back time: 0.7320 | lr: 0.00005871 | best AP50 acc: 0.9023 | best AP70 acc: 0.7686 | best mAP acc: 0.7244 | best mAR acc: 0.7872 | best Score: 0.7244 | best Score epoch: 19 
epoch 28, iter  451: loss: 0.0058 | load time: 0.0002 | back time: 0.7315 | lr: 0.00005858 | best AP50 acc: 0.9023 | best AP70 acc: 0.7686 | best mAP acc: 0.7244 | best mAR acc: 0.7872 | best Score: 0.7244 | best Score epoch: 19 
epoch 28, iter  501: loss: 0.0057 | load time: 0.0003 | back time: 0.7299 | lr: 0.00005844 | best AP50 acc: 0.9023 | best AP70 acc: 0.7686 | best mAP acc: 0.7244 | best mAR acc: 0.7872 | best Score: 0.7244 | best Score epoch: 19 
epoch 28, iter  551: loss: 0.0058 | load time: 0.0001 | back time: 0.7443 | lr: 0.00005831 | best AP50 acc: 0.9023 | best AP70 acc: 0.7686 | best mAP acc: 0.7244 | best mAR acc: 0.7872 | best Score: 0.7244 | best Score epoch: 19 
epoch 28, iter  601: loss: 0.0056 | load time: 0.0001 | back time: 0.7326 | lr: 0.00005818 | best AP50 acc: 0.9023 | best AP70 acc: 0.7686 | best mAP acc: 0.7244 | best mAR acc: 0.7872 | best Score: 0.7244 | best Score epoch: 19 
epoch 28, iter  651: loss: 0.0056 | load time: 0.0002 | back time: 0.7470 | lr: 0.00005804 | best AP50 acc: 0.9023 | best AP70 acc: 0.7686 | best mAP acc: 0.7244 | best mAR acc: 0.7872 | best Score: 0.7244 | best Score epoch: 19 
epoch 28, iter  701: loss: 0.0056 | load time: 0.0002 | back time: 0.7453 | lr: 0.00005791 | best AP50 acc: 0.9023 | best AP70 acc: 0.7686 | best mAP acc: 0.7244 | best mAR acc: 0.7872 | best Score: 0.7244 | best Score epoch: 19 
epoch 28, iter  751: loss: 0.0056 | load time: 0.0003 | back time: 0.7345 | lr: 0.00005778 | best AP50 acc: 0.9023 | best AP70 acc: 0.7686 | best mAP acc: 0.7244 | best mAR acc: 0.7872 | best Score: 0.7244 | best Score epoch: 19 
epoch 28, iter  801: loss: 0.0057 | load time: 0.0002 | back time: 0.7909 | lr: 0.00005764 | best AP50 acc: 0.9023 | best AP70 acc: 0.7686 | best mAP acc: 0.7244 | best mAR acc: 0.7872 | best Score: 0.7244 | best Score epoch: 19 
epoch 28, iter  851: loss: 0.0057 | load time: 0.0002 | back time: 0.7431 | lr: 0.00005751 | best AP50 acc: 0.9023 | best AP70 acc: 0.7686 | best mAP acc: 0.7244 | best mAR acc: 0.7872 | best Score: 0.7244 | best Score epoch: 19 
epoch 28, iter  901: loss: 0.0056 | load time: 0.0005 | back time: 0.7496 | lr: 0.00005738 | best AP50 acc: 0.9023 | best AP70 acc: 0.7686 | best mAP acc: 0.7244 | best mAR acc: 0.7872 | best Score: 0.7244 | best Score epoch: 19 
epoch 28, iter  951: loss: 0.0056 | load time: 0.0002 | back time: 0.7478 | lr: 0.00005724 | best AP50 acc: 0.9023 | best AP70 acc: 0.7686 | best mAP acc: 0.7244 | best mAR acc: 0.7872 | best Score: 0.7244 | best Score epoch: 19 
epoch 28, iter 1001: loss: 0.0056 | load time: 0.0001 | back time: 0.7497 | lr: 0.00005711 | best AP50 acc: 0.9023 | best AP70 acc: 0.7686 | best mAP acc: 0.7244 | best mAR acc: 0.7872 | best Score: 0.7244 | best Score epoch: 19 
epoch 28, iter 1051: loss: 0.0059 | load time: 0.0002 | back time: 0.7504 | lr: 0.00005697 | best AP50 acc: 0.9023 | best AP70 acc: 0.7686 | best mAP acc: 0.7244 | best mAR acc: 0.7872 | best Score: 0.7244 | best Score epoch: 19 
epoch 28, iter 1101: loss: 0.0055 | load time: 0.0002 | back time: 0.7522 | lr: 0.00005684 | best AP50 acc: 0.9023 | best AP70 acc: 0.7686 | best mAP acc: 0.7244 | best mAR acc: 0.7872 | best Score: 0.7244 | best Score epoch: 19 
epoch 28, iter 1151: loss: 0.0056 | load time: 0.0003 | back time: 0.7474 | lr: 0.00005671 | best AP50 acc: 0.9023 | best AP70 acc: 0.7686 | best mAP acc: 0.7244 | best mAR acc: 0.7872 | best Score: 0.7244 | best Score epoch: 19 
UAV_SEQS_2 | mAP50:90: 28.0381 | AP50: 42.0127 | AP70: 28.8619 
UAV_SEQS_37 | mAP50:90: 83.4705 | AP50: 100.0000 | AP70: 82.6322 
UAV_SEQS_45 | mAP50:90: 95.0812 | AP50: 100.0000 | AP70: 98.9769 
UAV_SEQS_47 | mAP50:90: 95.7288 | AP50: 100.0000 | AP70: 100.0000 
UAV_SEQS_55 | mAP50:90: 41.9490 | AP50: 62.3922 | AP70: 44.8402 
UAV_SEQS_59 | mAP50:90: 74.7900 | AP50: 97.3537 | AP70: 84.9420 
UAV_SEQS_6 | mAP50:90: 50.4151 | AP50: 75.5515 | AP70: 49.0407 
UAV_SEQS_63 | mAP50:90: 45.0146 | AP50: 85.8077 | AP70: 47.2049 
UAV_SEQS_65 | mAP50:90: 82.5313 | AP50: 95.4297 | AP70: 91.1436 
UAV_SEQS_7 | mAP50:90: 93.7890 | AP50: 99.0099 | AP70: 99.0099 
UAV_SEQS_71 | mAP50:90: 76.0380 | AP50: 97.9189 | AP70: 78.2555 
UAV_SEQS_73 | mAP50:90: 62.6497 | AP50: 85.8480 | AP70: 69.8256 
UAV_SEQS_74 | mAP50:90: 99.5233 | AP50: 99.8751 | AP70: 99.8751 
UAV_SEQS_77 | mAP50:90: 42.7131 | AP50: 52.9759 | AP70: 48.1975 
UAV_SEQS_8 | mAP50:90: 72.6260 | AP50: 100.0000 | AP70: 87.0124 
Overall            | mAP50:95: 71.3077 | AP50: 87.9388 | AP70: 75.9264 
epoch 29, iter    1: loss: 0.0057 | load time: 0.0060 | back time: 0.3599 | lr: 0.00005670 | best AP50 acc: 0.9023 | best AP70 acc: 0.7686 | best mAP acc: 0.7244 | best mAR acc: 0.7872 | best Score: 0.7244 | best Score epoch: 19 
epoch 29, iter   51: loss: 0.0053 | load time: 0.0001 | back time: 0.7411 | lr: 0.00005657 | best AP50 acc: 0.9023 | best AP70 acc: 0.7686 | best mAP acc: 0.7244 | best mAR acc: 0.7872 | best Score: 0.7244 | best Score epoch: 19 
epoch 29, iter  101: loss: 0.0056 | load time: 0.0001 | back time: 0.7446 | lr: 0.00005643 | best AP50 acc: 0.9023 | best AP70 acc: 0.7686 | best mAP acc: 0.7244 | best mAR acc: 0.7872 | best Score: 0.7244 | best Score epoch: 19 
epoch 29, iter  151: loss: 0.0054 | load time: 0.0003 | back time: 0.7538 | lr: 0.00005630 | best AP50 acc: 0.9023 | best AP70 acc: 0.7686 | best mAP acc: 0.7244 | best mAR acc: 0.7872 | best Score: 0.7244 | best Score epoch: 19 
epoch 29, iter  201: loss: 0.0054 | load time: 0.0002 | back time: 0.7538 | lr: 0.00005617 | best AP50 acc: 0.9023 | best AP70 acc: 0.7686 | best mAP acc: 0.7244 | best mAR acc: 0.7872 | best Score: 0.7244 | best Score epoch: 19 
epoch 29, iter  251: loss: 0.0052 | load time: 0.0003 | back time: 0.7322 | lr: 0.00005603 | best AP50 acc: 0.9023 | best AP70 acc: 0.7686 | best mAP acc: 0.7244 | best mAR acc: 0.7872 | best Score: 0.7244 | best Score epoch: 19 
epoch 29, iter  301: loss: 0.0056 | load time: 0.0002 | back time: 0.7380 | lr: 0.00005590 | best AP50 acc: 0.9023 | best AP70 acc: 0.7686 | best mAP acc: 0.7244 | best mAR acc: 0.7872 | best Score: 0.7244 | best Score epoch: 19 
epoch 29, iter  351: loss: 0.0057 | load time: 0.0002 | back time: 0.7346 | lr: 0.00005576 | best AP50 acc: 0.9023 | best AP70 acc: 0.7686 | best mAP acc: 0.7244 | best mAR acc: 0.7872 | best Score: 0.7244 | best Score epoch: 19 
epoch 29, iter  401: loss: 0.0057 | load time: 0.0001 | back time: 0.7405 | lr: 0.00005563 | best AP50 acc: 0.9023 | best AP70 acc: 0.7686 | best mAP acc: 0.7244 | best mAR acc: 0.7872 | best Score: 0.7244 | best Score epoch: 19 
epoch 29, iter  451: loss: 0.0057 | load time: 0.0001 | back time: 0.7512 | lr: 0.00005549 | best AP50 acc: 0.9023 | best AP70 acc: 0.7686 | best mAP acc: 0.7244 | best mAR acc: 0.7872 | best Score: 0.7244 | best Score epoch: 19 
epoch 29, iter  501: loss: 0.0056 | load time: 0.0002 | back time: 0.7317 | lr: 0.00005536 | best AP50 acc: 0.9023 | best AP70 acc: 0.7686 | best mAP acc: 0.7244 | best mAR acc: 0.7872 | best Score: 0.7244 | best Score epoch: 19 
epoch 29, iter  551: loss: 0.0056 | load time: 0.0002 | back time: 0.7296 | lr: 0.00005523 | best AP50 acc: 0.9023 | best AP70 acc: 0.7686 | best mAP acc: 0.7244 | best mAR acc: 0.7872 | best Score: 0.7244 | best Score epoch: 19 
epoch 29, iter  601: loss: 0.0056 | load time: 0.0002 | back time: 0.7529 | lr: 0.00005509 | best AP50 acc: 0.9023 | best AP70 acc: 0.7686 | best mAP acc: 0.7244 | best mAR acc: 0.7872 | best Score: 0.7244 | best Score epoch: 19 
epoch 29, iter  651: loss: 0.0056 | load time: 0.0002 | back time: 0.7302 | lr: 0.00005496 | best AP50 acc: 0.9023 | best AP70 acc: 0.7686 | best mAP acc: 0.7244 | best mAR acc: 0.7872 | best Score: 0.7244 | best Score epoch: 19 
epoch 29, iter  701: loss: 0.0057 | load time: 0.0003 | back time: 0.7671 | lr: 0.00005482 | best AP50 acc: 0.9023 | best AP70 acc: 0.7686 | best mAP acc: 0.7244 | best mAR acc: 0.7872 | best Score: 0.7244 | best Score epoch: 19 
epoch 29, iter  751: loss: 0.0052 | load time: 0.0001 | back time: 0.7461 | lr: 0.00005469 | best AP50 acc: 0.9023 | best AP70 acc: 0.7686 | best mAP acc: 0.7244 | best mAR acc: 0.7872 | best Score: 0.7244 | best Score epoch: 19 
epoch 29, iter  801: loss: 0.0058 | load time: 0.0002 | back time: 0.7574 | lr: 0.00005455 | best AP50 acc: 0.9023 | best AP70 acc: 0.7686 | best mAP acc: 0.7244 | best mAR acc: 0.7872 | best Score: 0.7244 | best Score epoch: 19 
epoch 29, iter  851: loss: 0.0056 | load time: 0.0002 | back time: 0.7562 | lr: 0.00005442 | best AP50 acc: 0.9023 | best AP70 acc: 0.7686 | best mAP acc: 0.7244 | best mAR acc: 0.7872 | best Score: 0.7244 | best Score epoch: 19 
epoch 29, iter  901: loss: 0.0056 | load time: 0.0002 | back time: 0.7932 | lr: 0.00005428 | best AP50 acc: 0.9023 | best AP70 acc: 0.7686 | best mAP acc: 0.7244 | best mAR acc: 0.7872 | best Score: 0.7244 | best Score epoch: 19 
epoch 29, iter  951: loss: 0.0056 | load time: 0.0001 | back time: 0.7468 | lr: 0.00005415 | best AP50 acc: 0.9023 | best AP70 acc: 0.7686 | best mAP acc: 0.7244 | best mAR acc: 0.7872 | best Score: 0.7244 | best Score epoch: 19 
epoch 29, iter 1001: loss: 0.0057 | load time: 0.0001 | back time: 0.7503 | lr: 0.00005401 | best AP50 acc: 0.9023 | best AP70 acc: 0.7686 | best mAP acc: 0.7244 | best mAR acc: 0.7872 | best Score: 0.7244 | best Score epoch: 19 
epoch 29, iter 1051: loss: 0.0056 | load time: 0.0004 | back time: 0.7520 | lr: 0.00005388 | best AP50 acc: 0.9023 | best AP70 acc: 0.7686 | best mAP acc: 0.7244 | best mAR acc: 0.7872 | best Score: 0.7244 | best Score epoch: 19 
epoch 29, iter 1101: loss: 0.0056 | load time: 0.0003 | back time: 0.7519 | lr: 0.00005375 | best AP50 acc: 0.9023 | best AP70 acc: 0.7686 | best mAP acc: 0.7244 | best mAR acc: 0.7872 | best Score: 0.7244 | best Score epoch: 19 
epoch 29, iter 1151: loss: 0.0053 | load time: 0.0002 | back time: 0.7431 | lr: 0.00005361 | best AP50 acc: 0.9023 | best AP70 acc: 0.7686 | best mAP acc: 0.7244 | best mAR acc: 0.7872 | best Score: 0.7244 | best Score epoch: 19 
UAV_SEQS_2 | mAP50:90: 31.0353 | AP50: 52.7676 | AP70: 32.0211 
UAV_SEQS_37 | mAP50:90: 86.4925 | AP50: 100.0000 | AP70: 90.9716 
UAV_SEQS_45 | mAP50:90: 93.4788 | AP50: 100.0000 | AP70: 96.9070 
UAV_SEQS_47 | mAP50:90: 93.5479 | AP50: 100.0000 | AP70: 98.9769 
UAV_SEQS_55 | mAP50:90: 41.3217 | AP50: 63.1290 | AP70: 42.0598 
UAV_SEQS_59 | mAP50:90: 72.1956 | AP50: 96.4213 | AP70: 82.8131 
UAV_SEQS_6 | mAP50:90: 60.2914 | AP50: 86.9616 | AP70: 63.8161 
UAV_SEQS_63 | mAP50:90: 43.8706 | AP50: 90.7547 | AP70: 42.0260 
UAV_SEQS_65 | mAP50:90: 82.1494 | AP50: 95.1490 | AP70: 89.8804 
UAV_SEQS_7 | mAP50:90: 93.0771 | AP50: 96.0396 | AP70: 96.0362 
UAV_SEQS_71 | mAP50:90: 75.3902 | AP50: 94.6816 | AP70: 80.2049 
UAV_SEQS_73 | mAP50:90: 62.5191 | AP50: 86.7727 | AP70: 70.6484 
UAV_SEQS_74 | mAP50:90: 99.3992 | AP50: 99.9934 | AP70: 99.9934 
UAV_SEQS_77 | mAP50:90: 49.0672 | AP50: 57.9829 | AP70: 57.7569 
UAV_SEQS_8 | mAP50:90: 77.9799 | AP50: 100.0000 | AP70: 90.5648 
Overall            | mAP50:95: 71.9529 | AP50: 88.9825 | AP70: 77.0480 
