epoch  1, iter    1: loss: 0.1382 | load time: 0.0380 | back time: 1.6636 | lr: 0.00000012 | best AP50 acc: 0.0000 | best AP70 acc: 0.0000 | best mAP acc: 0.0000 | best mAR acc: 0.0000 | best Score: 0.0000 | best Score epoch: -1 
epoch  1, iter   51: loss: 0.0735 | load time: 0.0002 | back time: 0.8397 | lr: 0.00000098 | best AP50 acc: 0.0000 | best AP70 acc: 0.0000 | best mAP acc: 0.0000 | best mAR acc: 0.0000 | best Score: 0.0000 | best Score epoch: -1 
epoch  1, iter  101: loss: 0.0364 | load time: 0.0002 | back time: 0.8258 | lr: 0.00000185 | best AP50 acc: 0.0000 | best AP70 acc: 0.0000 | best mAP acc: 0.0000 | best mAR acc: 0.0000 | best Score: 0.0000 | best Score epoch: -1 
epoch  1, iter  151: loss: 0.0119 | load time: 0.0002 | back time: 0.8435 | lr: 0.00000272 | best AP50 acc: 0.0000 | best AP70 acc: 0.0000 | best mAP acc: 0.0000 | best mAR acc: 0.0000 | best Score: 0.0000 | best Score epoch: -1 
epoch  1, iter  201: loss: 0.0056 | load time: 0.0003 | back time: 0.8647 | lr: 0.00000359 | best AP50 acc: 0.0000 | best AP70 acc: 0.0000 | best mAP acc: 0.0000 | best mAR acc: 0.0000 | best Score: 0.0000 | best Score epoch: -1 
epoch  1, iter  251: loss: 0.0050 | load time: 0.0003 | back time: 0.8836 | lr: 0.00000445 | best AP50 acc: 0.0000 | best AP70 acc: 0.0000 | best mAP acc: 0.0000 | best mAR acc: 0.0000 | best Score: 0.0000 | best Score epoch: -1 
epoch  1, iter  301: loss: 0.0030 | load time: 0.0002 | back time: 0.8454 | lr: 0.00000532 | best AP50 acc: 0.0000 | best AP70 acc: 0.0000 | best mAP acc: 0.0000 | best mAR acc: 0.0000 | best Score: 0.0000 | best Score epoch: -1 
epoch  1, iter  351: loss: 0.0035 | load time: 0.0002 | back time: 0.7497 | lr: 0.00000619 | best AP50 acc: 0.0000 | best AP70 acc: 0.0000 | best mAP acc: 0.0000 | best mAR acc: 0.0000 | best Score: 0.0000 | best Score epoch: -1 
epoch  1, iter  401: loss: 0.0022 | load time: 0.0001 | back time: 0.8195 | lr: 0.00000705 | best AP50 acc: 0.0000 | best AP70 acc: 0.0000 | best mAP acc: 0.0000 | best mAR acc: 0.0000 | best Score: 0.0000 | best Score epoch: -1 
epoch  1, iter  451: loss: 0.0020 | load time: 0.0003 | back time: 0.8897 | lr: 0.00000792 | best AP50 acc: 0.0000 | best AP70 acc: 0.0000 | best mAP acc: 0.0000 | best mAR acc: 0.0000 | best Score: 0.0000 | best Score epoch: -1 
epoch  1, iter  501: loss: 0.0019 | load time: 0.0001 | back time: 0.8416 | lr: 0.00000879 | best AP50 acc: 0.0000 | best AP70 acc: 0.0000 | best mAP acc: 0.0000 | best mAR acc: 0.0000 | best Score: 0.0000 | best Score epoch: -1 
epoch  1, iter  551: loss: 0.0021 | load time: 0.0001 | back time: 0.8454 | lr: 0.00000966 | best AP50 acc: 0.0000 | best AP70 acc: 0.0000 | best mAP acc: 0.0000 | best mAR acc: 0.0000 | best Score: 0.0000 | best Score epoch: -1 
epoch  1, iter  601: loss: 0.0019 | load time: 0.0001 | back time: 0.8650 | lr: 0.00001052 | best AP50 acc: 0.0000 | best AP70 acc: 0.0000 | best mAP acc: 0.0000 | best mAR acc: 0.0000 | best Score: 0.0000 | best Score epoch: -1 
epoch  1, iter  651: loss: 0.0019 | load time: 0.0004 | back time: 0.8437 | lr: 0.00001139 | best AP50 acc: 0.0000 | best AP70 acc: 0.0000 | best mAP acc: 0.0000 | best mAR acc: 0.0000 | best Score: 0.0000 | best Score epoch: -1 
epoch  1, iter  701: loss: 0.0017 | load time: 0.0002 | back time: 0.8519 | lr: 0.00001226 | best AP50 acc: 0.0000 | best AP70 acc: 0.0000 | best mAP acc: 0.0000 | best mAR acc: 0.0000 | best Score: 0.0000 | best Score epoch: -1 
epoch  1, iter  751: loss: 0.0017 | load time: 0.0003 | back time: 0.8472 | lr: 0.00001313 | best AP50 acc: 0.0000 | best AP70 acc: 0.0000 | best mAP acc: 0.0000 | best mAR acc: 0.0000 | best Score: 0.0000 | best Score epoch: -1 
epoch  1, iter  801: loss: 0.0015 | load time: 0.0001 | back time: 0.8560 | lr: 0.00001399 | best AP50 acc: 0.0000 | best AP70 acc: 0.0000 | best mAP acc: 0.0000 | best mAR acc: 0.0000 | best Score: 0.0000 | best Score epoch: -1 
epoch  1, iter  851: loss: 0.0017 | load time: 0.0003 | back time: 0.8651 | lr: 0.00001486 | best AP50 acc: 0.0000 | best AP70 acc: 0.0000 | best mAP acc: 0.0000 | best mAR acc: 0.0000 | best Score: 0.0000 | best Score epoch: -1 
epoch  1, iter  901: loss: 0.0016 | load time: 0.0002 | back time: 0.8172 | lr: 0.00001573 | best AP50 acc: 0.0000 | best AP70 acc: 0.0000 | best mAP acc: 0.0000 | best mAR acc: 0.0000 | best Score: 0.0000 | best Score epoch: -1 
epoch  1, iter  951: loss: 0.0016 | load time: 0.0004 | back time: 0.8177 | lr: 0.00001659 | best AP50 acc: 0.0000 | best AP70 acc: 0.0000 | best mAP acc: 0.0000 | best mAR acc: 0.0000 | best Score: 0.0000 | best Score epoch: -1 
epoch  1, iter 1001: loss: 0.0018 | load time: 0.0002 | back time: 0.8597 | lr: 0.00001746 | best AP50 acc: 0.0000 | best AP70 acc: 0.0000 | best mAP acc: 0.0000 | best mAR acc: 0.0000 | best Score: 0.0000 | best Score epoch: -1 
epoch  1, iter 1051: loss: 0.0015 | load time: 0.0003 | back time: 0.8557 | lr: 0.00001833 | best AP50 acc: 0.0000 | best AP70 acc: 0.0000 | best mAP acc: 0.0000 | best mAR acc: 0.0000 | best Score: 0.0000 | best Score epoch: -1 
epoch  1, iter 1101: loss: 0.0013 | load time: 0.0002 | back time: 0.8671 | lr: 0.00001920 | best AP50 acc: 0.0000 | best AP70 acc: 0.0000 | best mAP acc: 0.0000 | best mAR acc: 0.0000 | best Score: 0.0000 | best Score epoch: -1 
epoch  1, iter 1151: loss: 0.0018 | load time: 0.0001 | back time: 0.8561 | lr: 0.00002006 | best AP50 acc: 0.0000 | best AP70 acc: 0.0000 | best mAP acc: 0.0000 | best mAR acc: 0.0000 | best Score: 0.0000 | best Score epoch: -1 
epoch  2, iter    1: loss: 0.0014 | load time: 0.0003 | back time: 0.3685 | lr: 0.00002010 | best AP50 acc: 0.0000 | best AP70 acc: 0.0000 | best mAP acc: 0.0000 | best mAR acc: 0.0000 | best Score: 0.0000 | best Score epoch: -1 
epoch  2, iter   51: loss: 0.0016 | load time: 0.0001 | back time: 0.8504 | lr: 0.00002096 | best AP50 acc: 0.0000 | best AP70 acc: 0.0000 | best mAP acc: 0.0000 | best mAR acc: 0.0000 | best Score: 0.0000 | best Score epoch: -1 
epoch  2, iter  101: loss: 0.0013 | load time: 0.0002 | back time: 0.8537 | lr: 0.00002183 | best AP50 acc: 0.0000 | best AP70 acc: 0.0000 | best mAP acc: 0.0000 | best mAR acc: 0.0000 | best Score: 0.0000 | best Score epoch: -1 
epoch  2, iter  151: loss: 0.0020 | load time: 0.0003 | back time: 0.8529 | lr: 0.00002270 | best AP50 acc: 0.0000 | best AP70 acc: 0.0000 | best mAP acc: 0.0000 | best mAR acc: 0.0000 | best Score: 0.0000 | best Score epoch: -1 
epoch  2, iter  201: loss: 0.0012 | load time: 0.0002 | back time: 0.8569 | lr: 0.00002357 | best AP50 acc: 0.0000 | best AP70 acc: 0.0000 | best mAP acc: 0.0000 | best mAR acc: 0.0000 | best Score: 0.0000 | best Score epoch: -1 
epoch  2, iter  251: loss: 0.0016 | load time: 0.0002 | back time: 0.8583 | lr: 0.00002443 | best AP50 acc: 0.0000 | best AP70 acc: 0.0000 | best mAP acc: 0.0000 | best mAR acc: 0.0000 | best Score: 0.0000 | best Score epoch: -1 
epoch  2, iter  301: loss: 0.0014 | load time: 0.0002 | back time: 0.8568 | lr: 0.00002530 | best AP50 acc: 0.0000 | best AP70 acc: 0.0000 | best mAP acc: 0.0000 | best mAR acc: 0.0000 | best Score: 0.0000 | best Score epoch: -1 
epoch  2, iter  351: loss: 0.0017 | load time: 0.0003 | back time: 0.8520 | lr: 0.00002617 | best AP50 acc: 0.0000 | best AP70 acc: 0.0000 | best mAP acc: 0.0000 | best mAR acc: 0.0000 | best Score: 0.0000 | best Score epoch: -1 
epoch  2, iter  401: loss: 0.0011 | load time: 0.0004 | back time: 0.8542 | lr: 0.00002703 | best AP50 acc: 0.0000 | best AP70 acc: 0.0000 | best mAP acc: 0.0000 | best mAR acc: 0.0000 | best Score: 0.0000 | best Score epoch: -1 
epoch  2, iter  451: loss: 0.0015 | load time: 0.0002 | back time: 0.8545 | lr: 0.00002790 | best AP50 acc: 0.0000 | best AP70 acc: 0.0000 | best mAP acc: 0.0000 | best mAR acc: 0.0000 | best Score: 0.0000 | best Score epoch: -1 
epoch  2, iter  501: loss: 0.0012 | load time: 0.0001 | back time: 0.8052 | lr: 0.00002877 | best AP50 acc: 0.0000 | best AP70 acc: 0.0000 | best mAP acc: 0.0000 | best mAR acc: 0.0000 | best Score: 0.0000 | best Score epoch: -1 
epoch  2, iter  551: loss: 0.0013 | load time: 0.0003 | back time: 0.8867 | lr: 0.00002964 | best AP50 acc: 0.0000 | best AP70 acc: 0.0000 | best mAP acc: 0.0000 | best mAR acc: 0.0000 | best Score: 0.0000 | best Score epoch: -1 
epoch  2, iter  601: loss: 0.0016 | load time: 0.0003 | back time: 0.8871 | lr: 0.00003050 | best AP50 acc: 0.0000 | best AP70 acc: 0.0000 | best mAP acc: 0.0000 | best mAR acc: 0.0000 | best Score: 0.0000 | best Score epoch: -1 
epoch  2, iter  651: loss: 0.0015 | load time: 0.0001 | back time: 0.8874 | lr: 0.00003137 | best AP50 acc: 0.0000 | best AP70 acc: 0.0000 | best mAP acc: 0.0000 | best mAR acc: 0.0000 | best Score: 0.0000 | best Score epoch: -1 
epoch  2, iter  701: loss: 0.0014 | load time: 0.0003 | back time: 0.8476 | lr: 0.00003224 | best AP50 acc: 0.0000 | best AP70 acc: 0.0000 | best mAP acc: 0.0000 | best mAR acc: 0.0000 | best Score: 0.0000 | best Score epoch: -1 
epoch  2, iter  751: loss: 0.0012 | load time: 0.0002 | back time: 0.8640 | lr: 0.00003311 | best AP50 acc: 0.0000 | best AP70 acc: 0.0000 | best mAP acc: 0.0000 | best mAR acc: 0.0000 | best Score: 0.0000 | best Score epoch: -1 
epoch  2, iter  801: loss: 0.0012 | load time: 0.0001 | back time: 0.8496 | lr: 0.00003397 | best AP50 acc: 0.0000 | best AP70 acc: 0.0000 | best mAP acc: 0.0000 | best mAR acc: 0.0000 | best Score: 0.0000 | best Score epoch: -1 
epoch  2, iter  851: loss: 0.0011 | load time: 0.0003 | back time: 0.8501 | lr: 0.00003484 | best AP50 acc: 0.0000 | best AP70 acc: 0.0000 | best mAP acc: 0.0000 | best mAR acc: 0.0000 | best Score: 0.0000 | best Score epoch: -1 
epoch  2, iter  901: loss: 0.0014 | load time: 0.0003 | back time: 0.8665 | lr: 0.00003571 | best AP50 acc: 0.0000 | best AP70 acc: 0.0000 | best mAP acc: 0.0000 | best mAR acc: 0.0000 | best Score: 0.0000 | best Score epoch: -1 
epoch  2, iter  951: loss: 0.0013 | load time: 0.0003 | back time: 0.8380 | lr: 0.00003657 | best AP50 acc: 0.0000 | best AP70 acc: 0.0000 | best mAP acc: 0.0000 | best mAR acc: 0.0000 | best Score: 0.0000 | best Score epoch: -1 
epoch  2, iter 1001: loss: 0.0009 | load time: 0.0003 | back time: 0.8503 | lr: 0.00003744 | best AP50 acc: 0.0000 | best AP70 acc: 0.0000 | best mAP acc: 0.0000 | best mAR acc: 0.0000 | best Score: 0.0000 | best Score epoch: -1 
epoch  2, iter 1051: loss: 0.0013 | load time: 0.0001 | back time: 0.8593 | lr: 0.00003831 | best AP50 acc: 0.0000 | best AP70 acc: 0.0000 | best mAP acc: 0.0000 | best mAR acc: 0.0000 | best Score: 0.0000 | best Score epoch: -1 
epoch  2, iter 1101: loss: 0.0011 | load time: 0.0001 | back time: 0.8447 | lr: 0.00003918 | best AP50 acc: 0.0000 | best AP70 acc: 0.0000 | best mAP acc: 0.0000 | best mAR acc: 0.0000 | best Score: 0.0000 | best Score epoch: -1 
epoch  2, iter 1151: loss: 0.0010 | load time: 0.0001 | back time: 0.8361 | lr: 0.00004004 | best AP50 acc: 0.0000 | best AP70 acc: 0.0000 | best mAP acc: 0.0000 | best mAR acc: 0.0000 | best Score: 0.0000 | best Score epoch: -1 
epoch  3, iter    1: loss: 0.0011 | load time: 0.0004 | back time: 0.3753 | lr: 0.00004008 | best AP50 acc: 0.0000 | best AP70 acc: 0.0000 | best mAP acc: 0.0000 | best mAR acc: 0.0000 | best Score: 0.0000 | best Score epoch: -1 
epoch  3, iter   51: loss: 0.0013 | load time: 0.0002 | back time: 0.8543 | lr: 0.00004094 | best AP50 acc: 0.0000 | best AP70 acc: 0.0000 | best mAP acc: 0.0000 | best mAR acc: 0.0000 | best Score: 0.0000 | best Score epoch: -1 
epoch  3, iter  101: loss: 0.0010 | load time: 0.0002 | back time: 0.8888 | lr: 0.00004181 | best AP50 acc: 0.0000 | best AP70 acc: 0.0000 | best mAP acc: 0.0000 | best mAR acc: 0.0000 | best Score: 0.0000 | best Score epoch: -1 
epoch  3, iter  151: loss: 0.0011 | load time: 0.0001 | back time: 0.8575 | lr: 0.00004268 | best AP50 acc: 0.0000 | best AP70 acc: 0.0000 | best mAP acc: 0.0000 | best mAR acc: 0.0000 | best Score: 0.0000 | best Score epoch: -1 
epoch  3, iter  201: loss: 0.0012 | load time: 0.0002 | back time: 0.8457 | lr: 0.00004355 | best AP50 acc: 0.0000 | best AP70 acc: 0.0000 | best mAP acc: 0.0000 | best mAR acc: 0.0000 | best Score: 0.0000 | best Score epoch: -1 
epoch  3, iter  251: loss: 0.0013 | load time: 0.0003 | back time: 0.8512 | lr: 0.00004441 | best AP50 acc: 0.0000 | best AP70 acc: 0.0000 | best mAP acc: 0.0000 | best mAR acc: 0.0000 | best Score: 0.0000 | best Score epoch: -1 
epoch  3, iter  301: loss: 0.0015 | load time: 0.0003 | back time: 0.8645 | lr: 0.00004528 | best AP50 acc: 0.0000 | best AP70 acc: 0.0000 | best mAP acc: 0.0000 | best mAR acc: 0.0000 | best Score: 0.0000 | best Score epoch: -1 
epoch  3, iter  351: loss: 0.0011 | load time: 0.0002 | back time: 0.8585 | lr: 0.00004615 | best AP50 acc: 0.0000 | best AP70 acc: 0.0000 | best mAP acc: 0.0000 | best mAR acc: 0.0000 | best Score: 0.0000 | best Score epoch: -1 
epoch  3, iter  401: loss: 0.0014 | load time: 0.0001 | back time: 0.8779 | lr: 0.00004701 | best AP50 acc: 0.0000 | best AP70 acc: 0.0000 | best mAP acc: 0.0000 | best mAR acc: 0.0000 | best Score: 0.0000 | best Score epoch: -1 
epoch  3, iter  451: loss: 0.0009 | load time: 0.0002 | back time: 0.8524 | lr: 0.00004788 | best AP50 acc: 0.0000 | best AP70 acc: 0.0000 | best mAP acc: 0.0000 | best mAR acc: 0.0000 | best Score: 0.0000 | best Score epoch: -1 
epoch  3, iter  501: loss: 0.0011 | load time: 0.0005 | back time: 0.8545 | lr: 0.00004875 | best AP50 acc: 0.0000 | best AP70 acc: 0.0000 | best mAP acc: 0.0000 | best mAR acc: 0.0000 | best Score: 0.0000 | best Score epoch: -1 
epoch  3, iter  551: loss: 0.0012 | load time: 0.0002 | back time: 0.8506 | lr: 0.00004962 | best AP50 acc: 0.0000 | best AP70 acc: 0.0000 | best mAP acc: 0.0000 | best mAR acc: 0.0000 | best Score: 0.0000 | best Score epoch: -1 
epoch  3, iter  601: loss: 0.0011 | load time: 0.0001 | back time: 0.8158 | lr: 0.00005048 | best AP50 acc: 0.0000 | best AP70 acc: 0.0000 | best mAP acc: 0.0000 | best mAR acc: 0.0000 | best Score: 0.0000 | best Score epoch: -1 
epoch  3, iter  651: loss: 0.0013 | load time: 0.0003 | back time: 0.8522 | lr: 0.00005135 | best AP50 acc: 0.0000 | best AP70 acc: 0.0000 | best mAP acc: 0.0000 | best mAR acc: 0.0000 | best Score: 0.0000 | best Score epoch: -1 
epoch  3, iter  701: loss: 0.0009 | load time: 0.0002 | back time: 0.8558 | lr: 0.00005222 | best AP50 acc: 0.0000 | best AP70 acc: 0.0000 | best mAP acc: 0.0000 | best mAR acc: 0.0000 | best Score: 0.0000 | best Score epoch: -1 
epoch  3, iter  751: loss: 0.0008 | load time: 0.0001 | back time: 0.8544 | lr: 0.00005309 | best AP50 acc: 0.0000 | best AP70 acc: 0.0000 | best mAP acc: 0.0000 | best mAR acc: 0.0000 | best Score: 0.0000 | best Score epoch: -1 
epoch  3, iter  801: loss: 0.0010 | load time: 0.0001 | back time: 0.8518 | lr: 0.00005395 | best AP50 acc: 0.0000 | best AP70 acc: 0.0000 | best mAP acc: 0.0000 | best mAR acc: 0.0000 | best Score: 0.0000 | best Score epoch: -1 
epoch  3, iter  851: loss: 0.0010 | load time: 0.0002 | back time: 0.8584 | lr: 0.00005482 | best AP50 acc: 0.0000 | best AP70 acc: 0.0000 | best mAP acc: 0.0000 | best mAR acc: 0.0000 | best Score: 0.0000 | best Score epoch: -1 
epoch  3, iter  901: loss: 0.0013 | load time: 0.0002 | back time: 0.8526 | lr: 0.00005569 | best AP50 acc: 0.0000 | best AP70 acc: 0.0000 | best mAP acc: 0.0000 | best mAR acc: 0.0000 | best Score: 0.0000 | best Score epoch: -1 
epoch  3, iter  951: loss: 0.0012 | load time: 0.0002 | back time: 0.8567 | lr: 0.00005655 | best AP50 acc: 0.0000 | best AP70 acc: 0.0000 | best mAP acc: 0.0000 | best mAR acc: 0.0000 | best Score: 0.0000 | best Score epoch: -1 
epoch  3, iter 1001: loss: 0.0008 | load time: 0.0002 | back time: 0.8575 | lr: 0.00005742 | best AP50 acc: 0.0000 | best AP70 acc: 0.0000 | best mAP acc: 0.0000 | best mAR acc: 0.0000 | best Score: 0.0000 | best Score epoch: -1 
epoch  3, iter 1051: loss: 0.0008 | load time: 0.0001 | back time: 0.8547 | lr: 0.00005829 | best AP50 acc: 0.0000 | best AP70 acc: 0.0000 | best mAP acc: 0.0000 | best mAR acc: 0.0000 | best Score: 0.0000 | best Score epoch: -1 
epoch  3, iter 1101: loss: 0.0009 | load time: 0.0002 | back time: 0.9022 | lr: 0.00005916 | best AP50 acc: 0.0000 | best AP70 acc: 0.0000 | best mAP acc: 0.0000 | best mAR acc: 0.0000 | best Score: 0.0000 | best Score epoch: -1 
epoch  3, iter 1151: loss: 0.0015 | load time: 0.0001 | back time: 0.8524 | lr: 0.00006002 | best AP50 acc: 0.0000 | best AP70 acc: 0.0000 | best mAP acc: 0.0000 | best mAR acc: 0.0000 | best Score: 0.0000 | best Score epoch: -1 
epoch  4, iter    1: loss: 0.0010 | load time: 0.0006 | back time: 0.3611 | lr: 0.00006006 | best AP50 acc: 0.0000 | best AP70 acc: 0.0000 | best mAP acc: 0.0000 | best mAR acc: 0.0000 | best Score: 0.0000 | best Score epoch: -1 
epoch  4, iter   51: loss: 0.0013 | load time: 0.0003 | back time: 0.8558 | lr: 0.00006092 | best AP50 acc: 0.0000 | best AP70 acc: 0.0000 | best mAP acc: 0.0000 | best mAR acc: 0.0000 | best Score: 0.0000 | best Score epoch: -1 
epoch  4, iter  101: loss: 0.0010 | load time: 0.0001 | back time: 0.8586 | lr: 0.00006179 | best AP50 acc: 0.0000 | best AP70 acc: 0.0000 | best mAP acc: 0.0000 | best mAR acc: 0.0000 | best Score: 0.0000 | best Score epoch: -1 
epoch  4, iter  151: loss: 0.0014 | load time: 0.0002 | back time: 0.8570 | lr: 0.00006266 | best AP50 acc: 0.0000 | best AP70 acc: 0.0000 | best mAP acc: 0.0000 | best mAR acc: 0.0000 | best Score: 0.0000 | best Score epoch: -1 
epoch  4, iter  201: loss: 0.0009 | load time: 0.0003 | back time: 0.8547 | lr: 0.00006353 | best AP50 acc: 0.0000 | best AP70 acc: 0.0000 | best mAP acc: 0.0000 | best mAR acc: 0.0000 | best Score: 0.0000 | best Score epoch: -1 
epoch  4, iter  251: loss: 0.0008 | load time: 0.0003 | back time: 0.8597 | lr: 0.00006439 | best AP50 acc: 0.0000 | best AP70 acc: 0.0000 | best mAP acc: 0.0000 | best mAR acc: 0.0000 | best Score: 0.0000 | best Score epoch: -1 
epoch  4, iter  301: loss: 0.0009 | load time: 0.0002 | back time: 0.8555 | lr: 0.00006526 | best AP50 acc: 0.0000 | best AP70 acc: 0.0000 | best mAP acc: 0.0000 | best mAR acc: 0.0000 | best Score: 0.0000 | best Score epoch: -1 
epoch  4, iter  351: loss: 0.0008 | load time: 0.0001 | back time: 0.8565 | lr: 0.00006613 | best AP50 acc: 0.0000 | best AP70 acc: 0.0000 | best mAP acc: 0.0000 | best mAR acc: 0.0000 | best Score: 0.0000 | best Score epoch: -1 
epoch  4, iter  401: loss: 0.0012 | load time: 0.0003 | back time: 0.8598 | lr: 0.00006699 | best AP50 acc: 0.0000 | best AP70 acc: 0.0000 | best mAP acc: 0.0000 | best mAR acc: 0.0000 | best Score: 0.0000 | best Score epoch: -1 
epoch  4, iter  451: loss: 0.0009 | load time: 0.0003 | back time: 0.8645 | lr: 0.00006786 | best AP50 acc: 0.0000 | best AP70 acc: 0.0000 | best mAP acc: 0.0000 | best mAR acc: 0.0000 | best Score: 0.0000 | best Score epoch: -1 
epoch  4, iter  501: loss: 0.0010 | load time: 0.0001 | back time: 0.8582 | lr: 0.00006873 | best AP50 acc: 0.0000 | best AP70 acc: 0.0000 | best mAP acc: 0.0000 | best mAR acc: 0.0000 | best Score: 0.0000 | best Score epoch: -1 
epoch  4, iter  551: loss: 0.0009 | load time: 0.0001 | back time: 0.8600 | lr: 0.00006960 | best AP50 acc: 0.0000 | best AP70 acc: 0.0000 | best mAP acc: 0.0000 | best mAR acc: 0.0000 | best Score: 0.0000 | best Score epoch: -1 
epoch  4, iter  601: loss: 0.0008 | load time: 0.0002 | back time: 0.8569 | lr: 0.00007046 | best AP50 acc: 0.0000 | best AP70 acc: 0.0000 | best mAP acc: 0.0000 | best mAR acc: 0.0000 | best Score: 0.0000 | best Score epoch: -1 
epoch  4, iter  651: loss: 0.0011 | load time: 0.0004 | back time: 0.8546 | lr: 0.00007133 | best AP50 acc: 0.0000 | best AP70 acc: 0.0000 | best mAP acc: 0.0000 | best mAR acc: 0.0000 | best Score: 0.0000 | best Score epoch: -1 
epoch  4, iter  701: loss: 0.0009 | load time: 0.0001 | back time: 0.8642 | lr: 0.00007220 | best AP50 acc: 0.0000 | best AP70 acc: 0.0000 | best mAP acc: 0.0000 | best mAR acc: 0.0000 | best Score: 0.0000 | best Score epoch: -1 
epoch  4, iter  751: loss: 0.0012 | load time: 0.0001 | back time: 0.8544 | lr: 0.00007307 | best AP50 acc: 0.0000 | best AP70 acc: 0.0000 | best mAP acc: 0.0000 | best mAR acc: 0.0000 | best Score: 0.0000 | best Score epoch: -1 
epoch  4, iter  801: loss: 0.0011 | load time: 0.0001 | back time: 0.8567 | lr: 0.00007393 | best AP50 acc: 0.0000 | best AP70 acc: 0.0000 | best mAP acc: 0.0000 | best mAR acc: 0.0000 | best Score: 0.0000 | best Score epoch: -1 
epoch  4, iter  851: loss: 0.0011 | load time: 0.0002 | back time: 0.8569 | lr: 0.00007480 | best AP50 acc: 0.0000 | best AP70 acc: 0.0000 | best mAP acc: 0.0000 | best mAR acc: 0.0000 | best Score: 0.0000 | best Score epoch: -1 
epoch  4, iter  901: loss: 0.0008 | load time: 0.0002 | back time: 0.8595 | lr: 0.00007567 | best AP50 acc: 0.0000 | best AP70 acc: 0.0000 | best mAP acc: 0.0000 | best mAR acc: 0.0000 | best Score: 0.0000 | best Score epoch: -1 
epoch  4, iter  951: loss: 0.0011 | load time: 0.0002 | back time: 0.8636 | lr: 0.00007653 | best AP50 acc: 0.0000 | best AP70 acc: 0.0000 | best mAP acc: 0.0000 | best mAR acc: 0.0000 | best Score: 0.0000 | best Score epoch: -1 
epoch  4, iter 1001: loss: 0.0009 | load time: 0.0003 | back time: 0.8580 | lr: 0.00007740 | best AP50 acc: 0.0000 | best AP70 acc: 0.0000 | best mAP acc: 0.0000 | best mAR acc: 0.0000 | best Score: 0.0000 | best Score epoch: -1 
epoch  4, iter 1051: loss: 0.0008 | load time: 0.0003 | back time: 0.8571 | lr: 0.00007827 | best AP50 acc: 0.0000 | best AP70 acc: 0.0000 | best mAP acc: 0.0000 | best mAR acc: 0.0000 | best Score: 0.0000 | best Score epoch: -1 
epoch  4, iter 1101: loss: 0.0010 | load time: 0.0002 | back time: 0.8604 | lr: 0.00007914 | best AP50 acc: 0.0000 | best AP70 acc: 0.0000 | best mAP acc: 0.0000 | best mAR acc: 0.0000 | best Score: 0.0000 | best Score epoch: -1 
epoch  4, iter 1151: loss: 0.0009 | load time: 0.0001 | back time: 0.8621 | lr: 0.00008000 | best AP50 acc: 0.0000 | best AP70 acc: 0.0000 | best mAP acc: 0.0000 | best mAR acc: 0.0000 | best Score: 0.0000 | best Score epoch: -1 
epoch  5, iter    1: loss: 0.0011 | load time: 0.0007 | back time: 0.2849 | lr: 0.00008004 | best AP50 acc: 0.0000 | best AP70 acc: 0.0000 | best mAP acc: 0.0000 | best mAR acc: 0.0000 | best Score: 0.0000 | best Score epoch: -1 
epoch  5, iter   51: loss: 0.0012 | load time: 0.0002 | back time: 0.8589 | lr: 0.00008090 | best AP50 acc: 0.0000 | best AP70 acc: 0.0000 | best mAP acc: 0.0000 | best mAR acc: 0.0000 | best Score: 0.0000 | best Score epoch: -1 
epoch  5, iter  101: loss: 0.0008 | load time: 0.0012 | back time: 0.8575 | lr: 0.00008177 | best AP50 acc: 0.0000 | best AP70 acc: 0.0000 | best mAP acc: 0.0000 | best mAR acc: 0.0000 | best Score: 0.0000 | best Score epoch: -1 
epoch  5, iter  151: loss: 0.0011 | load time: 0.0002 | back time: 0.8584 | lr: 0.00008264 | best AP50 acc: 0.0000 | best AP70 acc: 0.0000 | best mAP acc: 0.0000 | best mAR acc: 0.0000 | best Score: 0.0000 | best Score epoch: -1 
epoch  5, iter  201: loss: 0.0007 | load time: 0.0002 | back time: 0.8605 | lr: 0.00008351 | best AP50 acc: 0.0000 | best AP70 acc: 0.0000 | best mAP acc: 0.0000 | best mAR acc: 0.0000 | best Score: 0.0000 | best Score epoch: -1 
epoch  5, iter  251: loss: 0.0010 | load time: 0.0001 | back time: 0.8634 | lr: 0.00008437 | best AP50 acc: 0.0000 | best AP70 acc: 0.0000 | best mAP acc: 0.0000 | best mAR acc: 0.0000 | best Score: 0.0000 | best Score epoch: -1 
epoch  5, iter  301: loss: 0.0011 | load time: 0.0001 | back time: 0.8602 | lr: 0.00008524 | best AP50 acc: 0.0000 | best AP70 acc: 0.0000 | best mAP acc: 0.0000 | best mAR acc: 0.0000 | best Score: 0.0000 | best Score epoch: -1 
epoch  5, iter  351: loss: 0.0011 | load time: 0.0002 | back time: 0.8589 | lr: 0.00008611 | best AP50 acc: 0.0000 | best AP70 acc: 0.0000 | best mAP acc: 0.0000 | best mAR acc: 0.0000 | best Score: 0.0000 | best Score epoch: -1 
epoch  5, iter  401: loss: 0.0013 | load time: 0.0002 | back time: 0.8598 | lr: 0.00008697 | best AP50 acc: 0.0000 | best AP70 acc: 0.0000 | best mAP acc: 0.0000 | best mAR acc: 0.0000 | best Score: 0.0000 | best Score epoch: -1 
epoch  5, iter  451: loss: 0.0010 | load time: 0.0001 | back time: 0.8588 | lr: 0.00008784 | best AP50 acc: 0.0000 | best AP70 acc: 0.0000 | best mAP acc: 0.0000 | best mAR acc: 0.0000 | best Score: 0.0000 | best Score epoch: -1 
epoch  5, iter  501: loss: 0.0009 | load time: 0.0007 | back time: 0.8562 | lr: 0.00008871 | best AP50 acc: 0.0000 | best AP70 acc: 0.0000 | best mAP acc: 0.0000 | best mAR acc: 0.0000 | best Score: 0.0000 | best Score epoch: -1 
epoch  5, iter  551: loss: 0.0013 | load time: 0.0002 | back time: 0.8605 | lr: 0.00008958 | best AP50 acc: 0.0000 | best AP70 acc: 0.0000 | best mAP acc: 0.0000 | best mAR acc: 0.0000 | best Score: 0.0000 | best Score epoch: -1 
epoch  5, iter  601: loss: 0.0007 | load time: 0.0002 | back time: 0.8576 | lr: 0.00009044 | best AP50 acc: 0.0000 | best AP70 acc: 0.0000 | best mAP acc: 0.0000 | best mAR acc: 0.0000 | best Score: 0.0000 | best Score epoch: -1 
epoch  5, iter  651: loss: 0.0011 | load time: 0.0001 | back time: 0.8770 | lr: 0.00009131 | best AP50 acc: 0.0000 | best AP70 acc: 0.0000 | best mAP acc: 0.0000 | best mAR acc: 0.0000 | best Score: 0.0000 | best Score epoch: -1 
epoch  5, iter  701: loss: 0.0012 | load time: 0.0001 | back time: 0.7562 | lr: 0.00009218 | best AP50 acc: 0.0000 | best AP70 acc: 0.0000 | best mAP acc: 0.0000 | best mAR acc: 0.0000 | best Score: 0.0000 | best Score epoch: -1 
epoch  5, iter  751: loss: 0.0007 | load time: 0.0002 | back time: 0.8716 | lr: 0.00009305 | best AP50 acc: 0.0000 | best AP70 acc: 0.0000 | best mAP acc: 0.0000 | best mAR acc: 0.0000 | best Score: 0.0000 | best Score epoch: -1 
epoch  5, iter  801: loss: 0.0017 | load time: 0.0001 | back time: 0.8164 | lr: 0.00009391 | best AP50 acc: 0.0000 | best AP70 acc: 0.0000 | best mAP acc: 0.0000 | best mAR acc: 0.0000 | best Score: 0.0000 | best Score epoch: -1 
epoch  5, iter  851: loss: 0.0010 | load time: 0.0002 | back time: 0.8548 | lr: 0.00009478 | best AP50 acc: 0.0000 | best AP70 acc: 0.0000 | best mAP acc: 0.0000 | best mAR acc: 0.0000 | best Score: 0.0000 | best Score epoch: -1 
epoch  5, iter  901: loss: 0.0011 | load time: 0.0001 | back time: 0.8184 | lr: 0.00009565 | best AP50 acc: 0.0000 | best AP70 acc: 0.0000 | best mAP acc: 0.0000 | best mAR acc: 0.0000 | best Score: 0.0000 | best Score epoch: -1 
epoch  5, iter  951: loss: 0.0010 | load time: 0.0002 | back time: 0.8389 | lr: 0.00009651 | best AP50 acc: 0.0000 | best AP70 acc: 0.0000 | best mAP acc: 0.0000 | best mAR acc: 0.0000 | best Score: 0.0000 | best Score epoch: -1 
epoch  5, iter 1001: loss: 0.0010 | load time: 0.0002 | back time: 0.8865 | lr: 0.00009738 | best AP50 acc: 0.0000 | best AP70 acc: 0.0000 | best mAP acc: 0.0000 | best mAR acc: 0.0000 | best Score: 0.0000 | best Score epoch: -1 
epoch  5, iter 1051: loss: 0.0009 | load time: 0.0004 | back time: 0.8447 | lr: 0.00009825 | best AP50 acc: 0.0000 | best AP70 acc: 0.0000 | best mAP acc: 0.0000 | best mAR acc: 0.0000 | best Score: 0.0000 | best Score epoch: -1 
epoch  5, iter 1101: loss: 0.0007 | load time: 0.0002 | back time: 0.8425 | lr: 0.00009912 | best AP50 acc: 0.0000 | best AP70 acc: 0.0000 | best mAP acc: 0.0000 | best mAR acc: 0.0000 | best Score: 0.0000 | best Score epoch: -1 
epoch  5, iter 1151: loss: 0.0008 | load time: 0.0109 | back time: 0.8412 | lr: 0.00009998 | best AP50 acc: 0.0000 | best AP70 acc: 0.0000 | best mAP acc: 0.0000 | best mAR acc: 0.0000 | best Score: 0.0000 | best Score epoch: -1 
epoch  6, iter    1: loss: 0.0010 | load time: 0.0003 | back time: 0.3697 | lr: 0.00010000 | best AP50 acc: 0.0000 | best AP70 acc: 0.0000 | best mAP acc: 0.0000 | best mAR acc: 0.0000 | best Score: 0.0000 | best Score epoch: -1 
epoch  6, iter   51: loss: 0.0008 | load time: 0.0002 | back time: 0.8450 | lr: 0.00010000 | best AP50 acc: 0.0000 | best AP70 acc: 0.0000 | best mAP acc: 0.0000 | best mAR acc: 0.0000 | best Score: 0.0000 | best Score epoch: -1 
epoch  6, iter  101: loss: 0.0009 | load time: 0.0002 | back time: 0.8423 | lr: 0.00010000 | best AP50 acc: 0.0000 | best AP70 acc: 0.0000 | best mAP acc: 0.0000 | best mAR acc: 0.0000 | best Score: 0.0000 | best Score epoch: -1 
epoch  6, iter  151: loss: 0.0012 | load time: 0.0002 | back time: 0.8688 | lr: 0.00010000 | best AP50 acc: 0.0000 | best AP70 acc: 0.0000 | best mAP acc: 0.0000 | best mAR acc: 0.0000 | best Score: 0.0000 | best Score epoch: -1 
epoch  6, iter  201: loss: 0.0010 | load time: 0.0002 | back time: 0.8668 | lr: 0.00010000 | best AP50 acc: 0.0000 | best AP70 acc: 0.0000 | best mAP acc: 0.0000 | best mAR acc: 0.0000 | best Score: 0.0000 | best Score epoch: -1 
epoch  6, iter  251: loss: 0.0010 | load time: 0.0002 | back time: 0.8666 | lr: 0.00010000 | best AP50 acc: 0.0000 | best AP70 acc: 0.0000 | best mAP acc: 0.0000 | best mAR acc: 0.0000 | best Score: 0.0000 | best Score epoch: -1 
epoch  6, iter  301: loss: 0.0008 | load time: 0.0002 | back time: 0.8595 | lr: 0.00009999 | best AP50 acc: 0.0000 | best AP70 acc: 0.0000 | best mAP acc: 0.0000 | best mAR acc: 0.0000 | best Score: 0.0000 | best Score epoch: -1 
epoch  6, iter  351: loss: 0.0007 | load time: 0.0001 | back time: 0.8206 | lr: 0.00009999 | best AP50 acc: 0.0000 | best AP70 acc: 0.0000 | best mAP acc: 0.0000 | best mAR acc: 0.0000 | best Score: 0.0000 | best Score epoch: -1 
epoch  6, iter  401: loss: 0.0006 | load time: 0.0003 | back time: 0.8599 | lr: 0.00009999 | best AP50 acc: 0.0000 | best AP70 acc: 0.0000 | best mAP acc: 0.0000 | best mAR acc: 0.0000 | best Score: 0.0000 | best Score epoch: -1 
epoch  6, iter  451: loss: 0.0012 | load time: 0.0002 | back time: 0.8498 | lr: 0.00009999 | best AP50 acc: 0.0000 | best AP70 acc: 0.0000 | best mAP acc: 0.0000 | best mAR acc: 0.0000 | best Score: 0.0000 | best Score epoch: -1 
epoch  6, iter  501: loss: 0.0013 | load time: 0.0002 | back time: 0.8570 | lr: 0.00009998 | best AP50 acc: 0.0000 | best AP70 acc: 0.0000 | best mAP acc: 0.0000 | best mAR acc: 0.0000 | best Score: 0.0000 | best Score epoch: -1 
epoch  6, iter  551: loss: 0.0007 | load time: 0.0001 | back time: 0.8531 | lr: 0.00009998 | best AP50 acc: 0.0000 | best AP70 acc: 0.0000 | best mAP acc: 0.0000 | best mAR acc: 0.0000 | best Score: 0.0000 | best Score epoch: -1 
epoch  6, iter  601: loss: 0.0014 | load time: 0.0002 | back time: 0.8522 | lr: 0.00009997 | best AP50 acc: 0.0000 | best AP70 acc: 0.0000 | best mAP acc: 0.0000 | best mAR acc: 0.0000 | best Score: 0.0000 | best Score epoch: -1 
epoch  6, iter  651: loss: 0.0010 | load time: 0.0002 | back time: 0.9020 | lr: 0.00009997 | best AP50 acc: 0.0000 | best AP70 acc: 0.0000 | best mAP acc: 0.0000 | best mAR acc: 0.0000 | best Score: 0.0000 | best Score epoch: -1 
epoch  6, iter  701: loss: 0.0009 | load time: 0.0002 | back time: 0.8675 | lr: 0.00009996 | best AP50 acc: 0.0000 | best AP70 acc: 0.0000 | best mAP acc: 0.0000 | best mAR acc: 0.0000 | best Score: 0.0000 | best Score epoch: -1 
epoch  6, iter  751: loss: 0.0006 | load time: 0.0002 | back time: 0.8526 | lr: 0.00009996 | best AP50 acc: 0.0000 | best AP70 acc: 0.0000 | best mAP acc: 0.0000 | best mAR acc: 0.0000 | best Score: 0.0000 | best Score epoch: -1 
epoch  6, iter  801: loss: 0.0012 | load time: 0.0002 | back time: 0.8540 | lr: 0.00009995 | best AP50 acc: 0.0000 | best AP70 acc: 0.0000 | best mAP acc: 0.0000 | best mAR acc: 0.0000 | best Score: 0.0000 | best Score epoch: -1 
epoch  6, iter  851: loss: 0.0014 | load time: 0.0002 | back time: 0.8473 | lr: 0.00009995 | best AP50 acc: 0.0000 | best AP70 acc: 0.0000 | best mAP acc: 0.0000 | best mAR acc: 0.0000 | best Score: 0.0000 | best Score epoch: -1 
epoch  6, iter  901: loss: 0.0008 | load time: 0.0002 | back time: 0.8198 | lr: 0.00009994 | best AP50 acc: 0.0000 | best AP70 acc: 0.0000 | best mAP acc: 0.0000 | best mAR acc: 0.0000 | best Score: 0.0000 | best Score epoch: -1 
epoch  6, iter  951: loss: 0.0007 | load time: 0.0001 | back time: 0.8180 | lr: 0.00009993 | best AP50 acc: 0.0000 | best AP70 acc: 0.0000 | best mAP acc: 0.0000 | best mAR acc: 0.0000 | best Score: 0.0000 | best Score epoch: -1 
epoch  6, iter 1001: loss: 0.0010 | load time: 0.0002 | back time: 0.8312 | lr: 0.00009993 | best AP50 acc: 0.0000 | best AP70 acc: 0.0000 | best mAP acc: 0.0000 | best mAR acc: 0.0000 | best Score: 0.0000 | best Score epoch: -1 
epoch  6, iter 1051: loss: 0.0006 | load time: 0.0002 | back time: 0.8214 | lr: 0.00009992 | best AP50 acc: 0.0000 | best AP70 acc: 0.0000 | best mAP acc: 0.0000 | best mAR acc: 0.0000 | best Score: 0.0000 | best Score epoch: -1 
epoch  6, iter 1101: loss: 0.0008 | load time: 0.0002 | back time: 0.8880 | lr: 0.00009991 | best AP50 acc: 0.0000 | best AP70 acc: 0.0000 | best mAP acc: 0.0000 | best mAR acc: 0.0000 | best Score: 0.0000 | best Score epoch: -1 
epoch  6, iter 1151: loss: 0.0007 | load time: 0.0002 | back time: 0.8128 | lr: 0.00009990 | best AP50 acc: 0.0000 | best AP70 acc: 0.0000 | best mAP acc: 0.0000 | best mAR acc: 0.0000 | best Score: 0.0000 | best Score epoch: -1 
UAV_SEQS_2 | mAP50:90: 44.8282 | AP50: 77.8317 | AP70: 43.3970 
UAV_SEQS_37 | mAP50:90: 81.8295 | AP50: 98.0990 | AP70: 89.8711 
UAV_SEQS_45 | mAP50:90: 97.4483 | AP50: 100.0000 | AP70: 100.0000 
UAV_SEQS_47 | mAP50:90: 98.4214 | AP50: 100.0000 | AP70: 100.0000 
UAV_SEQS_55 | mAP50:90: 30.3333 | AP50: 57.2870 | AP70: 26.9003 
UAV_SEQS_59 | mAP50:90: 57.7047 | AP50: 88.7876 | AP70: 64.8982 
UAV_SEQS_6 | mAP50:90: 25.9542 | AP50: 35.0816 | AP70: 25.9205 
UAV_SEQS_63 | mAP50:90: 7.2803 | AP50: 27.6617 | AP70: 1.5436 
UAV_SEQS_65 | mAP50:90: 84.0881 | AP50: 93.9974 | AP70: 88.2987 
UAV_SEQS_7 | mAP50:90: 3.5324 | AP50: 24.4423 | AP70: 0.0000 
UAV_SEQS_71 | mAP50:90: 56.4066 | AP50: 87.8065 | AP70: 56.7484 
UAV_SEQS_73 | mAP50:90: 55.8588 | AP50: 81.0131 | AP70: 65.6911 
UAV_SEQS_74 | mAP50:90: 100.0000 | AP50: 100.0000 | AP70: 100.0000 
UAV_SEQS_77 | mAP50:90: 24.8101 | AP50: 34.6535 | AP70: 30.8350 
UAV_SEQS_8 | mAP50:90: 65.7871 | AP50: 100.0000 | AP70: 76.3828 
Overall            | mAP50:95: 54.0015 | AP50: 73.7883 | AP70: 55.4584 
epoch  7, iter    1: loss: 0.0005 | load time: 0.0057 | back time: 0.3709 | lr: 0.00009990 | best AP50 acc: 0.7379 | best AP70 acc: 0.5546 | best mAP acc: 0.5400 | best mAR acc: 0.6442 | best Score: 0.5400 | best Score epoch:  6 
epoch  7, iter   51: loss: 0.0009 | load time: 0.0002 | back time: 0.8258 | lr: 0.00009989 | best AP50 acc: 0.7379 | best AP70 acc: 0.5546 | best mAP acc: 0.5400 | best mAR acc: 0.6442 | best Score: 0.5400 | best Score epoch:  6 
epoch  7, iter  101: loss: 0.0006 | load time: 0.0002 | back time: 0.8418 | lr: 0.00009988 | best AP50 acc: 0.7379 | best AP70 acc: 0.5546 | best mAP acc: 0.5400 | best mAR acc: 0.6442 | best Score: 0.5400 | best Score epoch:  6 
epoch  7, iter  151: loss: 0.0011 | load time: 0.0002 | back time: 0.8534 | lr: 0.00009988 | best AP50 acc: 0.7379 | best AP70 acc: 0.5546 | best mAP acc: 0.5400 | best mAR acc: 0.6442 | best Score: 0.5400 | best Score epoch:  6 
epoch  7, iter  201: loss: 0.0011 | load time: 0.0002 | back time: 0.7511 | lr: 0.00009987 | best AP50 acc: 0.7379 | best AP70 acc: 0.5546 | best mAP acc: 0.5400 | best mAR acc: 0.6442 | best Score: 0.5400 | best Score epoch:  6 
epoch  7, iter  251: loss: 0.0008 | load time: 0.0001 | back time: 0.8212 | lr: 0.00009986 | best AP50 acc: 0.7379 | best AP70 acc: 0.5546 | best mAP acc: 0.5400 | best mAR acc: 0.6442 | best Score: 0.5400 | best Score epoch:  6 
epoch  7, iter  301: loss: 0.0011 | load time: 0.0002 | back time: 0.8831 | lr: 0.00009984 | best AP50 acc: 0.7379 | best AP70 acc: 0.5546 | best mAP acc: 0.5400 | best mAR acc: 0.6442 | best Score: 0.5400 | best Score epoch:  6 
epoch  7, iter  351: loss: 0.0010 | load time: 0.0002 | back time: 0.8369 | lr: 0.00009983 | best AP50 acc: 0.7379 | best AP70 acc: 0.5546 | best mAP acc: 0.5400 | best mAR acc: 0.6442 | best Score: 0.5400 | best Score epoch:  6 
epoch  7, iter  401: loss: 0.0007 | load time: 0.0002 | back time: 0.8289 | lr: 0.00009982 | best AP50 acc: 0.7379 | best AP70 acc: 0.5546 | best mAP acc: 0.5400 | best mAR acc: 0.6442 | best Score: 0.5400 | best Score epoch:  6 
epoch  7, iter  451: loss: 0.0009 | load time: 0.0001 | back time: 0.8875 | lr: 0.00009981 | best AP50 acc: 0.7379 | best AP70 acc: 0.5546 | best mAP acc: 0.5400 | best mAR acc: 0.6442 | best Score: 0.5400 | best Score epoch:  6 
epoch  7, iter  501: loss: 0.0009 | load time: 0.0003 | back time: 0.8537 | lr: 0.00009980 | best AP50 acc: 0.7379 | best AP70 acc: 0.5546 | best mAP acc: 0.5400 | best mAR acc: 0.6442 | best Score: 0.5400 | best Score epoch:  6 
epoch  7, iter  551: loss: 0.0010 | load time: 0.0003 | back time: 0.8652 | lr: 0.00009979 | best AP50 acc: 0.7379 | best AP70 acc: 0.5546 | best mAP acc: 0.5400 | best mAR acc: 0.6442 | best Score: 0.5400 | best Score epoch:  6 
epoch  7, iter  601: loss: 0.0009 | load time: 0.0001 | back time: 0.8450 | lr: 0.00009977 | best AP50 acc: 0.7379 | best AP70 acc: 0.5546 | best mAP acc: 0.5400 | best mAR acc: 0.6442 | best Score: 0.5400 | best Score epoch:  6 
epoch  7, iter  651: loss: 0.0011 | load time: 0.0003 | back time: 0.8868 | lr: 0.00009976 | best AP50 acc: 0.7379 | best AP70 acc: 0.5546 | best mAP acc: 0.5400 | best mAR acc: 0.6442 | best Score: 0.5400 | best Score epoch:  6 
epoch  7, iter  701: loss: 0.0011 | load time: 0.0002 | back time: 0.8806 | lr: 0.00009975 | best AP50 acc: 0.7379 | best AP70 acc: 0.5546 | best mAP acc: 0.5400 | best mAR acc: 0.6442 | best Score: 0.5400 | best Score epoch:  6 
epoch  7, iter  751: loss: 0.0009 | load time: 0.0002 | back time: 0.8596 | lr: 0.00009973 | best AP50 acc: 0.7379 | best AP70 acc: 0.5546 | best mAP acc: 0.5400 | best mAR acc: 0.6442 | best Score: 0.5400 | best Score epoch:  6 
epoch  7, iter  801: loss: 0.0007 | load time: 0.0001 | back time: 0.8196 | lr: 0.00009972 | best AP50 acc: 0.7379 | best AP70 acc: 0.5546 | best mAP acc: 0.5400 | best mAR acc: 0.6442 | best Score: 0.5400 | best Score epoch:  6 
epoch  7, iter  851: loss: 0.0012 | load time: 0.0002 | back time: 0.8199 | lr: 0.00009970 | best AP50 acc: 0.7379 | best AP70 acc: 0.5546 | best mAP acc: 0.5400 | best mAR acc: 0.6442 | best Score: 0.5400 | best Score epoch:  6 
epoch  7, iter  901: loss: 0.0011 | load time: 0.0001 | back time: 0.8559 | lr: 0.00009969 | best AP50 acc: 0.7379 | best AP70 acc: 0.5546 | best mAP acc: 0.5400 | best mAR acc: 0.6442 | best Score: 0.5400 | best Score epoch:  6 
epoch  7, iter  951: loss: 0.0007 | load time: 0.0003 | back time: 0.8483 | lr: 0.00009967 | best AP50 acc: 0.7379 | best AP70 acc: 0.5546 | best mAP acc: 0.5400 | best mAR acc: 0.6442 | best Score: 0.5400 | best Score epoch:  6 
epoch  7, iter 1001: loss: 0.0012 | load time: 0.0003 | back time: 0.8207 | lr: 0.00009966 | best AP50 acc: 0.7379 | best AP70 acc: 0.5546 | best mAP acc: 0.5400 | best mAR acc: 0.6442 | best Score: 0.5400 | best Score epoch:  6 
epoch  7, iter 1051: loss: 0.0011 | load time: 0.0002 | back time: 0.8191 | lr: 0.00009964 | best AP50 acc: 0.7379 | best AP70 acc: 0.5546 | best mAP acc: 0.5400 | best mAR acc: 0.6442 | best Score: 0.5400 | best Score epoch:  6 
epoch  7, iter 1101: loss: 0.0006 | load time: 0.0003 | back time: 0.8194 | lr: 0.00009963 | best AP50 acc: 0.7379 | best AP70 acc: 0.5546 | best mAP acc: 0.5400 | best mAR acc: 0.6442 | best Score: 0.5400 | best Score epoch:  6 
epoch  7, iter 1151: loss: 0.0011 | load time: 0.0001 | back time: 0.8192 | lr: 0.00009961 | best AP50 acc: 0.7379 | best AP70 acc: 0.5546 | best mAP acc: 0.5400 | best mAR acc: 0.6442 | best Score: 0.5400 | best Score epoch:  6 
UAV_SEQS_2 | mAP50:90: 44.2988 | AP50: 65.9064 | AP70: 48.5235 
UAV_SEQS_37 | mAP50:90: 78.3701 | AP50: 98.2574 | AP70: 86.2009 
UAV_SEQS_45 | mAP50:90: 86.4374 | AP50: 100.0000 | AP70: 100.0000 
UAV_SEQS_47 | mAP50:90: 97.8620 | AP50: 100.0000 | AP70: 100.0000 
UAV_SEQS_55 | mAP50:90: 49.8273 | AP50: 81.5587 | AP70: 49.2894 
UAV_SEQS_59 | mAP50:90: 65.5828 | AP50: 97.9756 | AP70: 72.4548 
UAV_SEQS_6 | mAP50:90: 54.6752 | AP50: 66.9193 | AP70: 62.7527 
UAV_SEQS_63 | mAP50:90: 0.7021 | AP50: 4.1428 | AP70: 0.0039 
UAV_SEQS_65 | mAP50:90: 79.0588 | AP50: 96.7044 | AP70: 83.2623 
UAV_SEQS_7 | mAP50:90: 36.1475 | AP50: 100.0000 | AP70: 18.0420 
UAV_SEQS_71 | mAP50:90: 69.4303 | AP50: 96.4212 | AP70: 71.5313 
UAV_SEQS_73 | mAP50:90: 60.5520 | AP50: 82.5887 | AP70: 68.6039 
UAV_SEQS_74 | mAP50:90: 96.8980 | AP50: 100.0000 | AP70: 100.0000 
UAV_SEQS_77 | mAP50:90: 29.1389 | AP50: 42.9347 | AP70: 36.0849 
UAV_SEQS_8 | mAP50:90: 76.7872 | AP50: 100.0000 | AP70: 92.7080 
Overall            | mAP50:95: 59.5112 | AP50: 82.7170 | AP70: 63.0247 
epoch  8, iter    1: loss: 0.0009 | load time: 0.0048 | back time: 0.5439 | lr: 0.00009961 | best AP50 acc: 0.8272 | best AP70 acc: 0.6302 | best mAP acc: 0.5951 | best mAR acc: 0.6868 | best Score: 0.5951 | best Score epoch:  7 
epoch  8, iter   51: loss: 0.0010 | load time: 0.0002 | back time: 0.8361 | lr: 0.00009959 | best AP50 acc: 0.8272 | best AP70 acc: 0.6302 | best mAP acc: 0.5951 | best mAR acc: 0.6868 | best Score: 0.5951 | best Score epoch:  7 
epoch  8, iter  101: loss: 0.0010 | load time: 0.0003 | back time: 0.8559 | lr: 0.00009957 | best AP50 acc: 0.8272 | best AP70 acc: 0.6302 | best mAP acc: 0.5951 | best mAR acc: 0.6868 | best Score: 0.5951 | best Score epoch:  7 
epoch  8, iter  151: loss: 0.0009 | load time: 0.0003 | back time: 0.8407 | lr: 0.00009956 | best AP50 acc: 0.8272 | best AP70 acc: 0.6302 | best mAP acc: 0.5951 | best mAR acc: 0.6868 | best Score: 0.5951 | best Score epoch:  7 
epoch  8, iter  201: loss: 0.0008 | load time: 0.0002 | back time: 0.8212 | lr: 0.00009954 | best AP50 acc: 0.8272 | best AP70 acc: 0.6302 | best mAP acc: 0.5951 | best mAR acc: 0.6868 | best Score: 0.5951 | best Score epoch:  7 
epoch  8, iter  251: loss: 0.0007 | load time: 0.0001 | back time: 0.8886 | lr: 0.00009952 | best AP50 acc: 0.8272 | best AP70 acc: 0.6302 | best mAP acc: 0.5951 | best mAR acc: 0.6868 | best Score: 0.5951 | best Score epoch:  7 
epoch  8, iter  301: loss: 0.0007 | load time: 0.0002 | back time: 0.8874 | lr: 0.00009950 | best AP50 acc: 0.8272 | best AP70 acc: 0.6302 | best mAP acc: 0.5951 | best mAR acc: 0.6868 | best Score: 0.5951 | best Score epoch:  7 
epoch  8, iter  351: loss: 0.0007 | load time: 0.0002 | back time: 0.8876 | lr: 0.00009948 | best AP50 acc: 0.8272 | best AP70 acc: 0.6302 | best mAP acc: 0.5951 | best mAR acc: 0.6868 | best Score: 0.5951 | best Score epoch:  7 
epoch  8, iter  401: loss: 0.0010 | load time: 0.0003 | back time: 0.8884 | lr: 0.00009946 | best AP50 acc: 0.8272 | best AP70 acc: 0.6302 | best mAP acc: 0.5951 | best mAR acc: 0.6868 | best Score: 0.5951 | best Score epoch:  7 
epoch  8, iter  451: loss: 0.0005 | load time: 0.0003 | back time: 0.8244 | lr: 0.00009944 | best AP50 acc: 0.8272 | best AP70 acc: 0.6302 | best mAP acc: 0.5951 | best mAR acc: 0.6868 | best Score: 0.5951 | best Score epoch:  7 
epoch  8, iter  501: loss: 0.0006 | load time: 0.0002 | back time: 0.8359 | lr: 0.00009942 | best AP50 acc: 0.8272 | best AP70 acc: 0.6302 | best mAP acc: 0.5951 | best mAR acc: 0.6868 | best Score: 0.5951 | best Score epoch:  7 
epoch  8, iter  551: loss: 0.0008 | load time: 0.0003 | back time: 0.8207 | lr: 0.00009940 | best AP50 acc: 0.8272 | best AP70 acc: 0.6302 | best mAP acc: 0.5951 | best mAR acc: 0.6868 | best Score: 0.5951 | best Score epoch:  7 
epoch  8, iter  601: loss: 0.0008 | load time: 0.0001 | back time: 0.8879 | lr: 0.00009938 | best AP50 acc: 0.8272 | best AP70 acc: 0.6302 | best mAP acc: 0.5951 | best mAR acc: 0.6868 | best Score: 0.5951 | best Score epoch:  7 
epoch  8, iter  651: loss: 0.0009 | load time: 0.0003 | back time: 0.8686 | lr: 0.00009936 | best AP50 acc: 0.8272 | best AP70 acc: 0.6302 | best mAP acc: 0.5951 | best mAR acc: 0.6868 | best Score: 0.5951 | best Score epoch:  7 
epoch  8, iter  701: loss: 0.0007 | load time: 0.0003 | back time: 0.8678 | lr: 0.00009934 | best AP50 acc: 0.8272 | best AP70 acc: 0.6302 | best mAP acc: 0.5951 | best mAR acc: 0.6868 | best Score: 0.5951 | best Score epoch:  7 
epoch  8, iter  751: loss: 0.0012 | load time: 0.0002 | back time: 0.8543 | lr: 0.00009931 | best AP50 acc: 0.8272 | best AP70 acc: 0.6302 | best mAP acc: 0.5951 | best mAR acc: 0.6868 | best Score: 0.5951 | best Score epoch:  7 
epoch  8, iter  801: loss: 0.0008 | load time: 0.0002 | back time: 0.8572 | lr: 0.00009929 | best AP50 acc: 0.8272 | best AP70 acc: 0.6302 | best mAP acc: 0.5951 | best mAR acc: 0.6868 | best Score: 0.5951 | best Score epoch:  7 
epoch  8, iter  851: loss: 0.0009 | load time: 0.0002 | back time: 0.8434 | lr: 0.00009927 | best AP50 acc: 0.8272 | best AP70 acc: 0.6302 | best mAP acc: 0.5951 | best mAR acc: 0.6868 | best Score: 0.5951 | best Score epoch:  7 
epoch  8, iter  901: loss: 0.0010 | load time: 0.0001 | back time: 0.8466 | lr: 0.00009925 | best AP50 acc: 0.8272 | best AP70 acc: 0.6302 | best mAP acc: 0.5951 | best mAR acc: 0.6868 | best Score: 0.5951 | best Score epoch:  7 
epoch  8, iter  951: loss: 0.0006 | load time: 0.0002 | back time: 0.8462 | lr: 0.00009922 | best AP50 acc: 0.8272 | best AP70 acc: 0.6302 | best mAP acc: 0.5951 | best mAR acc: 0.6868 | best Score: 0.5951 | best Score epoch:  7 
epoch  8, iter 1001: loss: 0.0007 | load time: 0.0002 | back time: 0.8401 | lr: 0.00009920 | best AP50 acc: 0.8272 | best AP70 acc: 0.6302 | best mAP acc: 0.5951 | best mAR acc: 0.6868 | best Score: 0.5951 | best Score epoch:  7 
epoch  8, iter 1051: loss: 0.0008 | load time: 0.0001 | back time: 0.8479 | lr: 0.00009917 | best AP50 acc: 0.8272 | best AP70 acc: 0.6302 | best mAP acc: 0.5951 | best mAR acc: 0.6868 | best Score: 0.5951 | best Score epoch:  7 
epoch  8, iter 1101: loss: 0.0006 | load time: 0.0003 | back time: 0.8509 | lr: 0.00009915 | best AP50 acc: 0.8272 | best AP70 acc: 0.6302 | best mAP acc: 0.5951 | best mAR acc: 0.6868 | best Score: 0.5951 | best Score epoch:  7 
epoch  8, iter 1151: loss: 0.0007 | load time: 0.0001 | back time: 0.8637 | lr: 0.00009912 | best AP50 acc: 0.8272 | best AP70 acc: 0.6302 | best mAP acc: 0.5951 | best mAR acc: 0.6868 | best Score: 0.5951 | best Score epoch:  7 
UAV_SEQS_2 | mAP50:90: 46.8558 | AP50: 75.4186 | AP70: 49.6380 
UAV_SEQS_37 | mAP50:90: 95.9332 | AP50: 100.0000 | AP70: 97.3435 
UAV_SEQS_45 | mAP50:90: 94.3736 | AP50: 100.0000 | AP70: 96.5207 
UAV_SEQS_47 | mAP50:90: 94.6463 | AP50: 100.0000 | AP70: 100.0000 
UAV_SEQS_55 | mAP50:90: 33.7425 | AP50: 64.0281 | AP70: 30.6779 
UAV_SEQS_59 | mAP50:90: 63.9621 | AP50: 94.2662 | AP70: 71.1098 
UAV_SEQS_6 | mAP50:90: 36.8612 | AP50: 47.5679 | AP70: 39.6214 
UAV_SEQS_63 | mAP50:90: 17.3035 | AP50: 76.2121 | AP70: 0.5004 
UAV_SEQS_65 | mAP50:90: 84.4396 | AP50: 94.8448 | AP70: 89.2288 
UAV_SEQS_7 | mAP50:90: 70.0942 | AP50: 100.0000 | AP70: 88.1716 
UAV_SEQS_71 | mAP50:90: 74.0495 | AP50: 93.8798 | AP70: 74.9195 
UAV_SEQS_73 | mAP50:90: 58.9179 | AP50: 82.5907 | AP70: 67.6632 
UAV_SEQS_74 | mAP50:90: 95.6718 | AP50: 100.0000 | AP70: 100.0000 
UAV_SEQS_77 | mAP50:90: 24.3421 | AP50: 52.4752 | AP70: 35.6337 
UAV_SEQS_8 | mAP50:90: 93.1256 | AP50: 100.0000 | AP70: 98.5479 
Overall            | mAP50:95: 66.1271 | AP50: 86.8221 | AP70: 69.9026 
epoch  9, iter    1: loss: 0.0008 | load time: 0.0032 | back time: 0.4403 | lr: 0.00009912 | best AP50 acc: 0.8682 | best AP70 acc: 0.6990 | best mAP acc: 0.6613 | best mAR acc: 0.7306 | best Score: 0.6613 | best Score epoch:  8 
epoch  9, iter   51: loss: 0.0008 | load time: 0.0004 | back time: 0.8118 | lr: 0.00009910 | best AP50 acc: 0.8682 | best AP70 acc: 0.6990 | best mAP acc: 0.6613 | best mAR acc: 0.7306 | best Score: 0.6613 | best Score epoch:  8 
epoch  9, iter  101: loss: 0.0010 | load time: 0.0003 | back time: 0.8273 | lr: 0.00009907 | best AP50 acc: 0.8682 | best AP70 acc: 0.6990 | best mAP acc: 0.6613 | best mAR acc: 0.7306 | best Score: 0.6613 | best Score epoch:  8 
epoch  9, iter  151: loss: 0.0005 | load time: 0.0001 | back time: 0.8435 | lr: 0.00009905 | best AP50 acc: 0.8682 | best AP70 acc: 0.6990 | best mAP acc: 0.6613 | best mAR acc: 0.7306 | best Score: 0.6613 | best Score epoch:  8 
epoch  9, iter  201: loss: 0.0007 | load time: 0.0002 | back time: 0.8529 | lr: 0.00009902 | best AP50 acc: 0.8682 | best AP70 acc: 0.6990 | best mAP acc: 0.6613 | best mAR acc: 0.7306 | best Score: 0.6613 | best Score epoch:  8 
epoch  9, iter  251: loss: 0.0007 | load time: 0.0002 | back time: 0.8858 | lr: 0.00009899 | best AP50 acc: 0.8682 | best AP70 acc: 0.6990 | best mAP acc: 0.6613 | best mAR acc: 0.7306 | best Score: 0.6613 | best Score epoch:  8 
epoch  9, iter  301: loss: 0.0006 | load time: 0.0001 | back time: 0.8516 | lr: 0.00009896 | best AP50 acc: 0.8682 | best AP70 acc: 0.6990 | best mAP acc: 0.6613 | best mAR acc: 0.7306 | best Score: 0.6613 | best Score epoch:  8 
epoch  9, iter  351: loss: 0.0009 | load time: 0.0001 | back time: 0.8432 | lr: 0.00009894 | best AP50 acc: 0.8682 | best AP70 acc: 0.6990 | best mAP acc: 0.6613 | best mAR acc: 0.7306 | best Score: 0.6613 | best Score epoch:  8 
epoch  9, iter  401: loss: 0.0008 | load time: 0.0002 | back time: 0.8202 | lr: 0.00009891 | best AP50 acc: 0.8682 | best AP70 acc: 0.6990 | best mAP acc: 0.6613 | best mAR acc: 0.7306 | best Score: 0.6613 | best Score epoch:  8 
epoch  9, iter  451: loss: 0.0009 | load time: 0.0002 | back time: 0.8196 | lr: 0.00009888 | best AP50 acc: 0.8682 | best AP70 acc: 0.6990 | best mAP acc: 0.6613 | best mAR acc: 0.7306 | best Score: 0.6613 | best Score epoch:  8 
epoch  9, iter  501: loss: 0.0010 | load time: 0.0003 | back time: 0.8880 | lr: 0.00009885 | best AP50 acc: 0.8682 | best AP70 acc: 0.6990 | best mAP acc: 0.6613 | best mAR acc: 0.7306 | best Score: 0.6613 | best Score epoch:  8 
epoch  9, iter  551: loss: 0.0008 | load time: 0.0003 | back time: 0.8589 | lr: 0.00009882 | best AP50 acc: 0.8682 | best AP70 acc: 0.6990 | best mAP acc: 0.6613 | best mAR acc: 0.7306 | best Score: 0.6613 | best Score epoch:  8 
epoch  9, iter  601: loss: 0.0009 | load time: 0.0002 | back time: 0.8680 | lr: 0.00009879 | best AP50 acc: 0.8682 | best AP70 acc: 0.6990 | best mAP acc: 0.6613 | best mAR acc: 0.7306 | best Score: 0.6613 | best Score epoch:  8 
epoch  9, iter  651: loss: 0.0009 | load time: 0.0001 | back time: 0.8436 | lr: 0.00009876 | best AP50 acc: 0.8682 | best AP70 acc: 0.6990 | best mAP acc: 0.6613 | best mAR acc: 0.7306 | best Score: 0.6613 | best Score epoch:  8 
epoch  9, iter  701: loss: 0.0007 | load time: 0.0002 | back time: 0.8504 | lr: 0.00009873 | best AP50 acc: 0.8682 | best AP70 acc: 0.6990 | best mAP acc: 0.6613 | best mAR acc: 0.7306 | best Score: 0.6613 | best Score epoch:  8 
epoch  9, iter  751: loss: 0.0006 | load time: 0.0003 | back time: 0.8899 | lr: 0.00009870 | best AP50 acc: 0.8682 | best AP70 acc: 0.6990 | best mAP acc: 0.6613 | best mAR acc: 0.7306 | best Score: 0.6613 | best Score epoch:  8 
epoch  9, iter  801: loss: 0.0008 | load time: 0.0002 | back time: 0.8190 | lr: 0.00009867 | best AP50 acc: 0.8682 | best AP70 acc: 0.6990 | best mAP acc: 0.6613 | best mAR acc: 0.7306 | best Score: 0.6613 | best Score epoch:  8 
epoch  9, iter  851: loss: 0.0007 | load time: 0.0002 | back time: 0.8186 | lr: 0.00009864 | best AP50 acc: 0.8682 | best AP70 acc: 0.6990 | best mAP acc: 0.6613 | best mAR acc: 0.7306 | best Score: 0.6613 | best Score epoch:  8 
epoch  9, iter  901: loss: 0.0008 | load time: 0.0003 | back time: 0.8214 | lr: 0.00009861 | best AP50 acc: 0.8682 | best AP70 acc: 0.6990 | best mAP acc: 0.6613 | best mAR acc: 0.7306 | best Score: 0.6613 | best Score epoch:  8 
epoch  9, iter  951: loss: 0.0012 | load time: 0.0002 | back time: 0.8610 | lr: 0.00009858 | best AP50 acc: 0.8682 | best AP70 acc: 0.6990 | best mAP acc: 0.6613 | best mAR acc: 0.7306 | best Score: 0.6613 | best Score epoch:  8 
epoch  9, iter 1001: loss: 0.0008 | load time: 0.0002 | back time: 0.8700 | lr: 0.00009854 | best AP50 acc: 0.8682 | best AP70 acc: 0.6990 | best mAP acc: 0.6613 | best mAR acc: 0.7306 | best Score: 0.6613 | best Score epoch:  8 
epoch  9, iter 1051: loss: 0.0009 | load time: 0.0002 | back time: 0.8672 | lr: 0.00009851 | best AP50 acc: 0.8682 | best AP70 acc: 0.6990 | best mAP acc: 0.6613 | best mAR acc: 0.7306 | best Score: 0.6613 | best Score epoch:  8 
epoch  9, iter 1101: loss: 0.0006 | load time: 0.0002 | back time: 0.8390 | lr: 0.00009848 | best AP50 acc: 0.8682 | best AP70 acc: 0.6990 | best mAP acc: 0.6613 | best mAR acc: 0.7306 | best Score: 0.6613 | best Score epoch:  8 
epoch  9, iter 1151: loss: 0.0010 | load time: 0.0153 | back time: 0.8495 | lr: 0.00009845 | best AP50 acc: 0.8682 | best AP70 acc: 0.6990 | best mAP acc: 0.6613 | best mAR acc: 0.7306 | best Score: 0.6613 | best Score epoch:  8 
UAV_SEQS_2 | mAP50:90: 43.6754 | AP50: 72.4493 | AP70: 40.8498 
UAV_SEQS_37 | mAP50:90: 97.5686 | AP50: 100.0000 | AP70: 100.0000 
UAV_SEQS_45 | mAP50:90: 60.7276 | AP50: 72.8053 | AP70: 63.7049 
UAV_SEQS_47 | mAP50:90: 87.4113 | AP50: 100.0000 | AP70: 92.6660 
UAV_SEQS_55 | mAP50:90: 19.8014 | AP50: 42.0087 | AP70: 17.7088 
UAV_SEQS_59 | mAP50:90: 21.7006 | AP50: 46.4487 | AP70: 15.3661 
UAV_SEQS_6 | mAP50:90: 63.8755 | AP50: 80.0295 | AP70: 70.7221 
UAV_SEQS_63 | mAP50:90: 0.0009 | AP50: 0.0084 | AP70: 0.0000 
UAV_SEQS_65 | mAP50:90: 70.0552 | AP50: 95.6143 | AP70: 77.4777 
UAV_SEQS_7 | mAP50:90: 83.1968 | AP50: 100.0000 | AP70: 97.8557 
UAV_SEQS_71 | mAP50:90: 30.9981 | AP50: 56.9507 | AP70: 26.8231 
UAV_SEQS_73 | mAP50:90: 54.9392 | AP50: 88.3973 | AP70: 61.0872 
UAV_SEQS_74 | mAP50:90: 98.3785 | AP50: 100.0000 | AP70: 100.0000 
UAV_SEQS_77 | mAP50:90: 6.0439 | AP50: 23.6272 | AP70: 0.5658 
UAV_SEQS_8 | mAP50:90: 90.4002 | AP50: 100.0000 | AP70: 100.0000 
Overall            | mAP50:95: 55.3738 | AP50: 71.0381 | AP70: 57.6395 
epoch 10, iter    1: loss: 0.0006 | load time: 0.0035 | back time: 0.4047 | lr: 0.00009844 | best AP50 acc: 0.8682 | best AP70 acc: 0.6990 | best mAP acc: 0.6613 | best mAR acc: 0.7306 | best Score: 0.6613 | best Score epoch:  8 
epoch 10, iter   51: loss: 0.0010 | load time: 0.0003 | back time: 0.8438 | lr: 0.00009841 | best AP50 acc: 0.8682 | best AP70 acc: 0.6990 | best mAP acc: 0.6613 | best mAR acc: 0.7306 | best Score: 0.6613 | best Score epoch:  8 
epoch 10, iter  101: loss: 0.0008 | load time: 0.0002 | back time: 0.8558 | lr: 0.00009838 | best AP50 acc: 0.8682 | best AP70 acc: 0.6990 | best mAP acc: 0.6613 | best mAR acc: 0.7306 | best Score: 0.6613 | best Score epoch:  8 
epoch 10, iter  151: loss: 0.0008 | load time: 0.0002 | back time: 0.8155 | lr: 0.00009834 | best AP50 acc: 0.8682 | best AP70 acc: 0.6990 | best mAP acc: 0.6613 | best mAR acc: 0.7306 | best Score: 0.6613 | best Score epoch:  8 
epoch 10, iter  201: loss: 0.0008 | load time: 0.0003 | back time: 0.8527 | lr: 0.00009831 | best AP50 acc: 0.8682 | best AP70 acc: 0.6990 | best mAP acc: 0.6613 | best mAR acc: 0.7306 | best Score: 0.6613 | best Score epoch:  8 
epoch 10, iter  251: loss: 0.0006 | load time: 0.0003 | back time: 0.9000 | lr: 0.00009827 | best AP50 acc: 0.8682 | best AP70 acc: 0.6990 | best mAP acc: 0.6613 | best mAR acc: 0.7306 | best Score: 0.6613 | best Score epoch:  8 
epoch 10, iter  301: loss: 0.0005 | load time: 0.0003 | back time: 0.8548 | lr: 0.00009824 | best AP50 acc: 0.8682 | best AP70 acc: 0.6990 | best mAP acc: 0.6613 | best mAR acc: 0.7306 | best Score: 0.6613 | best Score epoch:  8 
epoch 10, iter  351: loss: 0.0007 | load time: 0.0002 | back time: 0.8473 | lr: 0.00009820 | best AP50 acc: 0.8682 | best AP70 acc: 0.6990 | best mAP acc: 0.6613 | best mAR acc: 0.7306 | best Score: 0.6613 | best Score epoch:  8 
epoch 10, iter  401: loss: 0.0005 | load time: 0.0003 | back time: 0.8497 | lr: 0.00009816 | best AP50 acc: 0.8682 | best AP70 acc: 0.6990 | best mAP acc: 0.6613 | best mAR acc: 0.7306 | best Score: 0.6613 | best Score epoch:  8 
epoch 10, iter  451: loss: 0.0006 | load time: 0.0002 | back time: 0.9022 | lr: 0.00009813 | best AP50 acc: 0.8682 | best AP70 acc: 0.6990 | best mAP acc: 0.6613 | best mAR acc: 0.7306 | best Score: 0.6613 | best Score epoch:  8 
epoch 10, iter  501: loss: 0.0006 | load time: 0.0002 | back time: 0.8632 | lr: 0.00009809 | best AP50 acc: 0.8682 | best AP70 acc: 0.6990 | best mAP acc: 0.6613 | best mAR acc: 0.7306 | best Score: 0.6613 | best Score epoch:  8 
epoch 10, iter  551: loss: 0.0009 | load time: 0.0002 | back time: 0.8586 | lr: 0.00009805 | best AP50 acc: 0.8682 | best AP70 acc: 0.6990 | best mAP acc: 0.6613 | best mAR acc: 0.7306 | best Score: 0.6613 | best Score epoch:  8 
epoch 10, iter  601: loss: 0.0008 | load time: 0.0002 | back time: 0.8556 | lr: 0.00009802 | best AP50 acc: 0.8682 | best AP70 acc: 0.6990 | best mAP acc: 0.6613 | best mAR acc: 0.7306 | best Score: 0.6613 | best Score epoch:  8 
epoch 10, iter  651: loss: 0.0008 | load time: 0.0002 | back time: 0.8597 | lr: 0.00009798 | best AP50 acc: 0.8682 | best AP70 acc: 0.6990 | best mAP acc: 0.6613 | best mAR acc: 0.7306 | best Score: 0.6613 | best Score epoch:  8 
epoch 10, iter  701: loss: 0.0005 | load time: 0.0002 | back time: 0.8536 | lr: 0.00009794 | best AP50 acc: 0.8682 | best AP70 acc: 0.6990 | best mAP acc: 0.6613 | best mAR acc: 0.7306 | best Score: 0.6613 | best Score epoch:  8 
epoch 10, iter  751: loss: 0.0008 | load time: 0.0003 | back time: 0.9022 | lr: 0.00009790 | best AP50 acc: 0.8682 | best AP70 acc: 0.6990 | best mAP acc: 0.6613 | best mAR acc: 0.7306 | best Score: 0.6613 | best Score epoch:  8 
epoch 10, iter  801: loss: 0.0007 | load time: 0.0002 | back time: 0.8579 | lr: 0.00009786 | best AP50 acc: 0.8682 | best AP70 acc: 0.6990 | best mAP acc: 0.6613 | best mAR acc: 0.7306 | best Score: 0.6613 | best Score epoch:  8 
epoch 10, iter  851: loss: 0.0007 | load time: 0.0003 | back time: 0.8556 | lr: 0.00009782 | best AP50 acc: 0.8682 | best AP70 acc: 0.6990 | best mAP acc: 0.6613 | best mAR acc: 0.7306 | best Score: 0.6613 | best Score epoch:  8 
epoch 10, iter  901: loss: 0.0005 | load time: 0.0003 | back time: 0.8626 | lr: 0.00009778 | best AP50 acc: 0.8682 | best AP70 acc: 0.6990 | best mAP acc: 0.6613 | best mAR acc: 0.7306 | best Score: 0.6613 | best Score epoch:  8 
epoch 10, iter  951: loss: 0.0007 | load time: 0.0002 | back time: 0.8549 | lr: 0.00009774 | best AP50 acc: 0.8682 | best AP70 acc: 0.6990 | best mAP acc: 0.6613 | best mAR acc: 0.7306 | best Score: 0.6613 | best Score epoch:  8 
epoch 10, iter 1001: loss: 0.0007 | load time: 0.0002 | back time: 0.8597 | lr: 0.00009770 | best AP50 acc: 0.8682 | best AP70 acc: 0.6990 | best mAP acc: 0.6613 | best mAR acc: 0.7306 | best Score: 0.6613 | best Score epoch:  8 
epoch 10, iter 1051: loss: 0.0009 | load time: 0.0002 | back time: 0.8655 | lr: 0.00009766 | best AP50 acc: 0.8682 | best AP70 acc: 0.6990 | best mAP acc: 0.6613 | best mAR acc: 0.7306 | best Score: 0.6613 | best Score epoch:  8 
epoch 10, iter 1101: loss: 0.0007 | load time: 0.0002 | back time: 0.8541 | lr: 0.00009762 | best AP50 acc: 0.8682 | best AP70 acc: 0.6990 | best mAP acc: 0.6613 | best mAR acc: 0.7306 | best Score: 0.6613 | best Score epoch:  8 
epoch 10, iter 1151: loss: 0.0006 | load time: 0.0156 | back time: 0.8424 | lr: 0.00009758 | best AP50 acc: 0.8682 | best AP70 acc: 0.6990 | best mAP acc: 0.6613 | best mAR acc: 0.7306 | best Score: 0.6613 | best Score epoch:  8 
UAV_SEQS_2 | mAP50:90: 42.9370 | AP50: 70.0507 | AP70: 44.0204 
UAV_SEQS_37 | mAP50:90: 97.6516 | AP50: 100.0000 | AP70: 100.0000 
UAV_SEQS_45 | mAP50:90: 91.5632 | AP50: 100.0000 | AP70: 100.0000 
UAV_SEQS_47 | mAP50:90: 99.3826 | AP50: 100.0000 | AP70: 100.0000 
UAV_SEQS_55 | mAP50:90: 40.2826 | AP50: 75.6269 | AP70: 41.4946 
UAV_SEQS_59 | mAP50:90: 46.8624 | AP50: 85.4812 | AP70: 44.6711 
UAV_SEQS_6 | mAP50:90: 64.3407 | AP50: 91.7466 | AP70: 63.0448 
UAV_SEQS_63 | mAP50:90: 0.3191 | AP50: 1.5158 | AP70: 0.0110 
UAV_SEQS_65 | mAP50:90: 81.1427 | AP50: 94.9721 | AP70: 89.7732 
UAV_SEQS_7 | mAP50:90: 83.8323 | AP50: 100.0000 | AP70: 96.2690 
UAV_SEQS_71 | mAP50:90: 69.8692 | AP50: 96.1222 | AP70: 78.3247 
UAV_SEQS_73 | mAP50:90: 62.6651 | AP50: 88.9432 | AP70: 68.4813 
UAV_SEQS_74 | mAP50:90: 95.4578 | AP50: 100.0000 | AP70: 100.0000 
UAV_SEQS_77 | mAP50:90: 34.4244 | AP50: 46.2481 | AP70: 46.2126 
UAV_SEQS_8 | mAP50:90: 98.6265 | AP50: 99.9934 | AP70: 99.9934 
Overall            | mAP50:95: 66.8801 | AP50: 82.0101 | AP70: 71.5430 
epoch 11, iter    1: loss: 0.0006 | load time: 0.0028 | back time: 0.3932 | lr: 0.00009758 | best AP50 acc: 0.8201 | best AP70 acc: 0.7154 | best mAP acc: 0.6688 | best mAR acc: 0.7419 | best Score: 0.6688 | best Score epoch: 10 
epoch 11, iter   51: loss: 0.0009 | load time: 0.0002 | back time: 0.8526 | lr: 0.00009753 | best AP50 acc: 0.8201 | best AP70 acc: 0.7154 | best mAP acc: 0.6688 | best mAR acc: 0.7419 | best Score: 0.6688 | best Score epoch: 10 
epoch 11, iter  101: loss: 0.0008 | load time: 0.0002 | back time: 0.8564 | lr: 0.00009749 | best AP50 acc: 0.8201 | best AP70 acc: 0.7154 | best mAP acc: 0.6688 | best mAR acc: 0.7419 | best Score: 0.6688 | best Score epoch: 10 
epoch 11, iter  151: loss: 0.0006 | load time: 0.0003 | back time: 0.8606 | lr: 0.00009745 | best AP50 acc: 0.8201 | best AP70 acc: 0.7154 | best mAP acc: 0.6688 | best mAR acc: 0.7419 | best Score: 0.6688 | best Score epoch: 10 
epoch 11, iter  201: loss: 0.0006 | load time: 0.0002 | back time: 0.8637 | lr: 0.00009741 | best AP50 acc: 0.8201 | best AP70 acc: 0.7154 | best mAP acc: 0.6688 | best mAR acc: 0.7419 | best Score: 0.6688 | best Score epoch: 10 
epoch 11, iter  251: loss: 0.0005 | load time: 0.0002 | back time: 0.8643 | lr: 0.00009736 | best AP50 acc: 0.8201 | best AP70 acc: 0.7154 | best mAP acc: 0.6688 | best mAR acc: 0.7419 | best Score: 0.6688 | best Score epoch: 10 
epoch 11, iter  301: loss: 0.0005 | load time: 0.0001 | back time: 0.8598 | lr: 0.00009732 | best AP50 acc: 0.8201 | best AP70 acc: 0.7154 | best mAP acc: 0.6688 | best mAR acc: 0.7419 | best Score: 0.6688 | best Score epoch: 10 
epoch 11, iter  351: loss: 0.0005 | load time: 0.0003 | back time: 0.7486 | lr: 0.00009728 | best AP50 acc: 0.8201 | best AP70 acc: 0.7154 | best mAP acc: 0.6688 | best mAR acc: 0.7419 | best Score: 0.6688 | best Score epoch: 10 
epoch 11, iter  401: loss: 0.0006 | load time: 0.0002 | back time: 0.8895 | lr: 0.00009723 | best AP50 acc: 0.8201 | best AP70 acc: 0.7154 | best mAP acc: 0.6688 | best mAR acc: 0.7419 | best Score: 0.6688 | best Score epoch: 10 
epoch 11, iter  451: loss: 0.0007 | load time: 0.0002 | back time: 0.8535 | lr: 0.00009719 | best AP50 acc: 0.8201 | best AP70 acc: 0.7154 | best mAP acc: 0.6688 | best mAR acc: 0.7419 | best Score: 0.6688 | best Score epoch: 10 
epoch 11, iter  501: loss: 0.0009 | load time: 0.0001 | back time: 0.8872 | lr: 0.00009714 | best AP50 acc: 0.8201 | best AP70 acc: 0.7154 | best mAP acc: 0.6688 | best mAR acc: 0.7419 | best Score: 0.6688 | best Score epoch: 10 
epoch 11, iter  551: loss: 0.0006 | load time: 0.0003 | back time: 0.8310 | lr: 0.00009710 | best AP50 acc: 0.8201 | best AP70 acc: 0.7154 | best mAP acc: 0.6688 | best mAR acc: 0.7419 | best Score: 0.6688 | best Score epoch: 10 
epoch 11, iter  601: loss: 0.0008 | load time: 0.0002 | back time: 0.8235 | lr: 0.00009705 | best AP50 acc: 0.8201 | best AP70 acc: 0.7154 | best mAP acc: 0.6688 | best mAR acc: 0.7419 | best Score: 0.6688 | best Score epoch: 10 
epoch 11, iter  651: loss: 0.0008 | load time: 0.0002 | back time: 0.8484 | lr: 0.00009700 | best AP50 acc: 0.8201 | best AP70 acc: 0.7154 | best mAP acc: 0.6688 | best mAR acc: 0.7419 | best Score: 0.6688 | best Score epoch: 10 
epoch 11, iter  701: loss: 0.0008 | load time: 0.0002 | back time: 0.8544 | lr: 0.00009696 | best AP50 acc: 0.8201 | best AP70 acc: 0.7154 | best mAP acc: 0.6688 | best mAR acc: 0.7419 | best Score: 0.6688 | best Score epoch: 10 
epoch 11, iter  751: loss: 0.0007 | load time: 0.0001 | back time: 0.8342 | lr: 0.00009691 | best AP50 acc: 0.8201 | best AP70 acc: 0.7154 | best mAP acc: 0.6688 | best mAR acc: 0.7419 | best Score: 0.6688 | best Score epoch: 10 
epoch 11, iter  801: loss: 0.0005 | load time: 0.0004 | back time: 0.8497 | lr: 0.00009686 | best AP50 acc: 0.8201 | best AP70 acc: 0.7154 | best mAP acc: 0.6688 | best mAR acc: 0.7419 | best Score: 0.6688 | best Score epoch: 10 
epoch 11, iter  851: loss: 0.0006 | load time: 0.0002 | back time: 0.8495 | lr: 0.00009682 | best AP50 acc: 0.8201 | best AP70 acc: 0.7154 | best mAP acc: 0.6688 | best mAR acc: 0.7419 | best Score: 0.6688 | best Score epoch: 10 
epoch 11, iter  901: loss: 0.0006 | load time: 0.0002 | back time: 0.8922 | lr: 0.00009677 | best AP50 acc: 0.8201 | best AP70 acc: 0.7154 | best mAP acc: 0.6688 | best mAR acc: 0.7419 | best Score: 0.6688 | best Score epoch: 10 
epoch 11, iter  951: loss: 0.0008 | load time: 0.0002 | back time: 0.8473 | lr: 0.00009672 | best AP50 acc: 0.8201 | best AP70 acc: 0.7154 | best mAP acc: 0.6688 | best mAR acc: 0.7419 | best Score: 0.6688 | best Score epoch: 10 
epoch 11, iter 1001: loss: 0.0007 | load time: 0.0003 | back time: 0.8622 | lr: 0.00009667 | best AP50 acc: 0.8201 | best AP70 acc: 0.7154 | best mAP acc: 0.6688 | best mAR acc: 0.7419 | best Score: 0.6688 | best Score epoch: 10 
epoch 11, iter 1051: loss: 0.0006 | load time: 0.0002 | back time: 0.8428 | lr: 0.00009662 | best AP50 acc: 0.8201 | best AP70 acc: 0.7154 | best mAP acc: 0.6688 | best mAR acc: 0.7419 | best Score: 0.6688 | best Score epoch: 10 
epoch 11, iter 1101: loss: 0.0007 | load time: 0.0002 | back time: 0.8874 | lr: 0.00009657 | best AP50 acc: 0.8201 | best AP70 acc: 0.7154 | best mAP acc: 0.6688 | best mAR acc: 0.7419 | best Score: 0.6688 | best Score epoch: 10 
epoch 11, iter 1151: loss: 0.0008 | load time: 0.0003 | back time: 0.8716 | lr: 0.00009652 | best AP50 acc: 0.8201 | best AP70 acc: 0.7154 | best mAP acc: 0.6688 | best mAR acc: 0.7419 | best Score: 0.6688 | best Score epoch: 10 
UAV_SEQS_2 | mAP50:90: 37.9718 | AP50: 62.0379 | AP70: 37.3145 
UAV_SEQS_37 | mAP50:90: 96.6806 | AP50: 100.0000 | AP70: 98.8251 
UAV_SEQS_45 | mAP50:90: 90.9381 | AP50: 100.0000 | AP70: 100.0000 
UAV_SEQS_47 | mAP50:90: 98.1153 | AP50: 100.0000 | AP70: 100.0000 
UAV_SEQS_55 | mAP50:90: 45.1845 | AP50: 75.5349 | AP70: 47.4736 
UAV_SEQS_59 | mAP50:90: 75.5277 | AP50: 95.4788 | AP70: 85.7315 
UAV_SEQS_6 | mAP50:90: 61.9382 | AP50: 71.2893 | AP70: 63.9668 
UAV_SEQS_63 | mAP50:90: 17.2035 | AP50: 56.8027 | AP70: 2.3489 
UAV_SEQS_65 | mAP50:90: 83.9699 | AP50: 93.8674 | AP70: 91.6907 
UAV_SEQS_7 | mAP50:90: 52.7246 | AP50: 100.0000 | AP70: 26.7723 
UAV_SEQS_71 | mAP50:90: 75.7095 | AP50: 94.4795 | AP70: 82.8569 
UAV_SEQS_73 | mAP50:90: 66.8299 | AP50: 89.8338 | AP70: 72.8572 
UAV_SEQS_74 | mAP50:90: 93.2893 | AP50: 100.0000 | AP70: 100.0000 
UAV_SEQS_77 | mAP50:90: 22.8958 | AP50: 43.5567 | AP70: 29.9016 
UAV_SEQS_8 | mAP50:90: 91.1898 | AP50: 100.0000 | AP70: 100.0000 
Overall            | mAP50:95: 67.1305 | AP50: 86.7591 | AP70: 67.9105 
epoch 12, iter    1: loss: 0.0006 | load time: 0.0052 | back time: 0.5420 | lr: 0.00009652 | best AP50 acc: 0.8676 | best AP70 acc: 0.6791 | best mAP acc: 0.6713 | best mAR acc: 0.7414 | best Score: 0.6713 | best Score epoch: 11 
epoch 12, iter   51: loss: 0.0006 | load time: 0.0003 | back time: 0.8453 | lr: 0.00009647 | best AP50 acc: 0.8676 | best AP70 acc: 0.6791 | best mAP acc: 0.6713 | best mAR acc: 0.7414 | best Score: 0.6713 | best Score epoch: 11 
epoch 12, iter  101: loss: 0.0005 | load time: 0.0002 | back time: 0.8373 | lr: 0.00009642 | best AP50 acc: 0.8676 | best AP70 acc: 0.6791 | best mAP acc: 0.6713 | best mAR acc: 0.7414 | best Score: 0.6713 | best Score epoch: 11 
epoch 12, iter  151: loss: 0.0006 | load time: 0.0002 | back time: 0.8449 | lr: 0.00009637 | best AP50 acc: 0.8676 | best AP70 acc: 0.6791 | best mAP acc: 0.6713 | best mAR acc: 0.7414 | best Score: 0.6713 | best Score epoch: 11 
epoch 12, iter  201: loss: 0.0005 | load time: 0.0002 | back time: 0.8531 | lr: 0.00009632 | best AP50 acc: 0.8676 | best AP70 acc: 0.6791 | best mAP acc: 0.6713 | best mAR acc: 0.7414 | best Score: 0.6713 | best Score epoch: 11 
epoch 12, iter  251: loss: 0.0008 | load time: 0.0001 | back time: 0.8314 | lr: 0.00009627 | best AP50 acc: 0.8676 | best AP70 acc: 0.6791 | best mAP acc: 0.6713 | best mAR acc: 0.7414 | best Score: 0.6713 | best Score epoch: 11 
epoch 12, iter  301: loss: 0.0007 | load time: 0.0002 | back time: 0.8547 | lr: 0.00009622 | best AP50 acc: 0.8676 | best AP70 acc: 0.6791 | best mAP acc: 0.6713 | best mAR acc: 0.7414 | best Score: 0.6713 | best Score epoch: 11 
epoch 12, iter  351: loss: 0.0005 | load time: 0.0003 | back time: 0.8785 | lr: 0.00009617 | best AP50 acc: 0.8676 | best AP70 acc: 0.6791 | best mAP acc: 0.6713 | best mAR acc: 0.7414 | best Score: 0.6713 | best Score epoch: 11 
epoch 12, iter  401: loss: 0.0005 | load time: 0.0002 | back time: 0.8742 | lr: 0.00009611 | best AP50 acc: 0.8676 | best AP70 acc: 0.6791 | best mAP acc: 0.6713 | best mAR acc: 0.7414 | best Score: 0.6713 | best Score epoch: 11 
epoch 12, iter  451: loss: 0.0006 | load time: 0.0002 | back time: 0.8175 | lr: 0.00009606 | best AP50 acc: 0.8676 | best AP70 acc: 0.6791 | best mAP acc: 0.6713 | best mAR acc: 0.7414 | best Score: 0.6713 | best Score epoch: 11 
epoch 12, iter  501: loss: 0.0007 | load time: 0.0001 | back time: 0.8193 | lr: 0.00009601 | best AP50 acc: 0.8676 | best AP70 acc: 0.6791 | best mAP acc: 0.6713 | best mAR acc: 0.7414 | best Score: 0.6713 | best Score epoch: 11 
epoch 12, iter  551: loss: 0.0005 | load time: 0.0002 | back time: 0.8505 | lr: 0.00009596 | best AP50 acc: 0.8676 | best AP70 acc: 0.6791 | best mAP acc: 0.6713 | best mAR acc: 0.7414 | best Score: 0.6713 | best Score epoch: 11 
epoch 12, iter  601: loss: 0.0007 | load time: 0.0003 | back time: 0.8528 | lr: 0.00009590 | best AP50 acc: 0.8676 | best AP70 acc: 0.6791 | best mAP acc: 0.6713 | best mAR acc: 0.7414 | best Score: 0.6713 | best Score epoch: 11 
epoch 12, iter  651: loss: 0.0005 | load time: 0.0002 | back time: 0.9006 | lr: 0.00009585 | best AP50 acc: 0.8676 | best AP70 acc: 0.6791 | best mAP acc: 0.6713 | best mAR acc: 0.7414 | best Score: 0.6713 | best Score epoch: 11 
epoch 12, iter  701: loss: 0.0006 | load time: 0.0002 | back time: 0.8539 | lr: 0.00009579 | best AP50 acc: 0.8676 | best AP70 acc: 0.6791 | best mAP acc: 0.6713 | best mAR acc: 0.7414 | best Score: 0.6713 | best Score epoch: 11 
epoch 12, iter  751: loss: 0.0006 | load time: 0.0002 | back time: 0.8549 | lr: 0.00009574 | best AP50 acc: 0.8676 | best AP70 acc: 0.6791 | best mAP acc: 0.6713 | best mAR acc: 0.7414 | best Score: 0.6713 | best Score epoch: 11 
epoch 12, iter  801: loss: 0.0007 | load time: 0.0002 | back time: 0.8569 | lr: 0.00009568 | best AP50 acc: 0.8676 | best AP70 acc: 0.6791 | best mAP acc: 0.6713 | best mAR acc: 0.7414 | best Score: 0.6713 | best Score epoch: 11 
epoch 12, iter  851: loss: 0.0007 | load time: 0.0001 | back time: 0.8610 | lr: 0.00009563 | best AP50 acc: 0.8676 | best AP70 acc: 0.6791 | best mAP acc: 0.6713 | best mAR acc: 0.7414 | best Score: 0.6713 | best Score epoch: 11 
epoch 12, iter  901: loss: 0.0006 | load time: 0.0002 | back time: 0.8539 | lr: 0.00009557 | best AP50 acc: 0.8676 | best AP70 acc: 0.6791 | best mAP acc: 0.6713 | best mAR acc: 0.7414 | best Score: 0.6713 | best Score epoch: 11 
epoch 12, iter  951: loss: 0.0006 | load time: 0.0002 | back time: 0.8560 | lr: 0.00009552 | best AP50 acc: 0.8676 | best AP70 acc: 0.6791 | best mAP acc: 0.6713 | best mAR acc: 0.7414 | best Score: 0.6713 | best Score epoch: 11 
epoch 12, iter 1001: loss: 0.0006 | load time: 0.0001 | back time: 0.8557 | lr: 0.00009546 | best AP50 acc: 0.8676 | best AP70 acc: 0.6791 | best mAP acc: 0.6713 | best mAR acc: 0.7414 | best Score: 0.6713 | best Score epoch: 11 
epoch 12, iter 1051: loss: 0.0006 | load time: 0.0002 | back time: 0.8570 | lr: 0.00009540 | best AP50 acc: 0.8676 | best AP70 acc: 0.6791 | best mAP acc: 0.6713 | best mAR acc: 0.7414 | best Score: 0.6713 | best Score epoch: 11 
epoch 12, iter 1101: loss: 0.0007 | load time: 0.0001 | back time: 0.8540 | lr: 0.00009535 | best AP50 acc: 0.8676 | best AP70 acc: 0.6791 | best mAP acc: 0.6713 | best mAR acc: 0.7414 | best Score: 0.6713 | best Score epoch: 11 
epoch 12, iter 1151: loss: 0.0007 | load time: 0.0001 | back time: 0.8860 | lr: 0.00009529 | best AP50 acc: 0.8676 | best AP70 acc: 0.6791 | best mAP acc: 0.6713 | best mAR acc: 0.7414 | best Score: 0.6713 | best Score epoch: 11 
UAV_SEQS_2 | mAP50:90: 36.9298 | AP50: 63.8179 | AP70: 34.4234 
UAV_SEQS_37 | mAP50:90: 91.5087 | AP50: 100.0000 | AP70: 95.2369 
UAV_SEQS_45 | mAP50:90: 93.5872 | AP50: 100.0000 | AP70: 98.7763 
UAV_SEQS_47 | mAP50:90: 96.8652 | AP50: 100.0000 | AP70: 100.0000 
UAV_SEQS_55 | mAP50:90: 35.4111 | AP50: 63.6059 | AP70: 34.1795 
UAV_SEQS_59 | mAP50:90: 63.9696 | AP50: 88.7855 | AP70: 64.8845 
UAV_SEQS_6 | mAP50:90: 52.1970 | AP50: 67.3665 | AP70: 54.0637 
UAV_SEQS_63 | mAP50:90: 26.3708 | AP50: 70.1637 | AP70: 13.4901 
UAV_SEQS_65 | mAP50:90: 78.2305 | AP50: 96.3802 | AP70: 89.1022 
UAV_SEQS_7 | mAP50:90: 77.5544 | AP50: 100.0000 | AP70: 89.1271 
UAV_SEQS_71 | mAP50:90: 75.6009 | AP50: 95.2356 | AP70: 84.2000 
UAV_SEQS_73 | mAP50:90: 58.3946 | AP50: 83.2178 | AP70: 66.0033 
UAV_SEQS_74 | mAP50:90: 95.3398 | AP50: 99.7589 | AP70: 99.7589 
UAV_SEQS_77 | mAP50:90: 46.3632 | AP50: 76.9292 | AP70: 53.9803 
UAV_SEQS_8 | mAP50:90: 96.0898 | AP50: 100.0000 | AP70: 100.0000 
Overall            | mAP50:95: 70.0100 | AP50: 88.7414 | AP70: 73.7922 
epoch 13, iter    1: loss: 0.0005 | load time: 0.0046 | back time: 0.4208 | lr: 0.00009529 | best AP50 acc: 0.8874 | best AP70 acc: 0.7379 | best mAP acc: 0.7001 | best mAR acc: 0.7662 | best Score: 0.7001 | best Score epoch: 12 
epoch 13, iter   51: loss: 0.0006 | load time: 0.0002 | back time: 0.8163 | lr: 0.00009523 | best AP50 acc: 0.8874 | best AP70 acc: 0.7379 | best mAP acc: 0.7001 | best mAR acc: 0.7662 | best Score: 0.7001 | best Score epoch: 12 
epoch 13, iter  101: loss: 0.0009 | load time: 0.0003 | back time: 0.8722 | lr: 0.00009517 | best AP50 acc: 0.8874 | best AP70 acc: 0.7379 | best mAP acc: 0.7001 | best mAR acc: 0.7662 | best Score: 0.7001 | best Score epoch: 12 
epoch 13, iter  151: loss: 0.0006 | load time: 0.0002 | back time: 0.8188 | lr: 0.00009511 | best AP50 acc: 0.8874 | best AP70 acc: 0.7379 | best mAP acc: 0.7001 | best mAR acc: 0.7662 | best Score: 0.7001 | best Score epoch: 12 
epoch 13, iter  201: loss: 0.0005 | load time: 0.0003 | back time: 0.8234 | lr: 0.00009506 | best AP50 acc: 0.8874 | best AP70 acc: 0.7379 | best mAP acc: 0.7001 | best mAR acc: 0.7662 | best Score: 0.7001 | best Score epoch: 12 
epoch 13, iter  251: loss: 0.0006 | load time: 0.0003 | back time: 0.8308 | lr: 0.00009500 | best AP50 acc: 0.8874 | best AP70 acc: 0.7379 | best mAP acc: 0.7001 | best mAR acc: 0.7662 | best Score: 0.7001 | best Score epoch: 12 
epoch 13, iter  301: loss: 0.0006 | load time: 0.0003 | back time: 0.8229 | lr: 0.00009494 | best AP50 acc: 0.8874 | best AP70 acc: 0.7379 | best mAP acc: 0.7001 | best mAR acc: 0.7662 | best Score: 0.7001 | best Score epoch: 12 
epoch 13, iter  351: loss: 0.0006 | load time: 0.0003 | back time: 0.8176 | lr: 0.00009488 | best AP50 acc: 0.8874 | best AP70 acc: 0.7379 | best mAP acc: 0.7001 | best mAR acc: 0.7662 | best Score: 0.7001 | best Score epoch: 12 
epoch 13, iter  401: loss: 0.0006 | load time: 0.0003 | back time: 0.8274 | lr: 0.00009482 | best AP50 acc: 0.8874 | best AP70 acc: 0.7379 | best mAP acc: 0.7001 | best mAR acc: 0.7662 | best Score: 0.7001 | best Score epoch: 12 
epoch 13, iter  451: loss: 0.0005 | load time: 0.0002 | back time: 0.8853 | lr: 0.00009476 | best AP50 acc: 0.8874 | best AP70 acc: 0.7379 | best mAP acc: 0.7001 | best mAR acc: 0.7662 | best Score: 0.7001 | best Score epoch: 12 
epoch 13, iter  501: loss: 0.0006 | load time: 0.0003 | back time: 0.8428 | lr: 0.00009470 | best AP50 acc: 0.8874 | best AP70 acc: 0.7379 | best mAP acc: 0.7001 | best mAR acc: 0.7662 | best Score: 0.7001 | best Score epoch: 12 
epoch 13, iter  551: loss: 0.0008 | load time: 0.0002 | back time: 0.8195 | lr: 0.00009464 | best AP50 acc: 0.8874 | best AP70 acc: 0.7379 | best mAP acc: 0.7001 | best mAR acc: 0.7662 | best Score: 0.7001 | best Score epoch: 12 
epoch 13, iter  601: loss: 0.0006 | load time: 0.0003 | back time: 0.8755 | lr: 0.00009457 | best AP50 acc: 0.8874 | best AP70 acc: 0.7379 | best mAP acc: 0.7001 | best mAR acc: 0.7662 | best Score: 0.7001 | best Score epoch: 12 
epoch 13, iter  651: loss: 0.0006 | load time: 0.0003 | back time: 0.8545 | lr: 0.00009451 | best AP50 acc: 0.8874 | best AP70 acc: 0.7379 | best mAP acc: 0.7001 | best mAR acc: 0.7662 | best Score: 0.7001 | best Score epoch: 12 
epoch 13, iter  701: loss: 0.0006 | load time: 0.0002 | back time: 0.8407 | lr: 0.00009445 | best AP50 acc: 0.8874 | best AP70 acc: 0.7379 | best mAP acc: 0.7001 | best mAR acc: 0.7662 | best Score: 0.7001 | best Score epoch: 12 
epoch 13, iter  751: loss: 0.0005 | load time: 0.0002 | back time: 0.8508 | lr: 0.00009439 | best AP50 acc: 0.8874 | best AP70 acc: 0.7379 | best mAP acc: 0.7001 | best mAR acc: 0.7662 | best Score: 0.7001 | best Score epoch: 12 
epoch 13, iter  801: loss: 0.0005 | load time: 0.0002 | back time: 0.8669 | lr: 0.00009433 | best AP50 acc: 0.8874 | best AP70 acc: 0.7379 | best mAP acc: 0.7001 | best mAR acc: 0.7662 | best Score: 0.7001 | best Score epoch: 12 
epoch 13, iter  851: loss: 0.0006 | load time: 0.0002 | back time: 0.8655 | lr: 0.00009426 | best AP50 acc: 0.8874 | best AP70 acc: 0.7379 | best mAP acc: 0.7001 | best mAR acc: 0.7662 | best Score: 0.7001 | best Score epoch: 12 
epoch 13, iter  901: loss: 0.0007 | load time: 0.0002 | back time: 0.8215 | lr: 0.00009420 | best AP50 acc: 0.8874 | best AP70 acc: 0.7379 | best mAP acc: 0.7001 | best mAR acc: 0.7662 | best Score: 0.7001 | best Score epoch: 12 
epoch 13, iter  951: loss: 0.0007 | load time: 0.0003 | back time: 0.8193 | lr: 0.00009414 | best AP50 acc: 0.8874 | best AP70 acc: 0.7379 | best mAP acc: 0.7001 | best mAR acc: 0.7662 | best Score: 0.7001 | best Score epoch: 12 
epoch 13, iter 1001: loss: 0.0008 | load time: 0.0002 | back time: 0.8571 | lr: 0.00009407 | best AP50 acc: 0.8874 | best AP70 acc: 0.7379 | best mAP acc: 0.7001 | best mAR acc: 0.7662 | best Score: 0.7001 | best Score epoch: 12 
epoch 13, iter 1051: loss: 0.0005 | load time: 0.0002 | back time: 0.7527 | lr: 0.00009401 | best AP50 acc: 0.8874 | best AP70 acc: 0.7379 | best mAP acc: 0.7001 | best mAR acc: 0.7662 | best Score: 0.7001 | best Score epoch: 12 
epoch 13, iter 1101: loss: 0.0006 | load time: 0.0003 | back time: 0.8874 | lr: 0.00009394 | best AP50 acc: 0.8874 | best AP70 acc: 0.7379 | best mAP acc: 0.7001 | best mAR acc: 0.7662 | best Score: 0.7001 | best Score epoch: 12 
epoch 13, iter 1151: loss: 0.0008 | load time: 0.0001 | back time: 0.8492 | lr: 0.00009388 | best AP50 acc: 0.8874 | best AP70 acc: 0.7379 | best mAP acc: 0.7001 | best mAR acc: 0.7662 | best Score: 0.7001 | best Score epoch: 12 
UAV_SEQS_2 | mAP50:90: 38.3924 | AP50: 63.7608 | AP70: 36.6142 
UAV_SEQS_37 | mAP50:90: 92.1412 | AP50: 100.0000 | AP70: 96.2895 
UAV_SEQS_45 | mAP50:90: 94.0583 | AP50: 100.0000 | AP70: 100.0000 
UAV_SEQS_47 | mAP50:90: 98.4745 | AP50: 100.0000 | AP70: 100.0000 
UAV_SEQS_55 | mAP50:90: 38.7649 | AP50: 69.9238 | AP70: 42.4403 
UAV_SEQS_59 | mAP50:90: 79.3250 | AP50: 98.9701 | AP70: 84.0521 
UAV_SEQS_6 | mAP50:90: 42.5253 | AP50: 54.0446 | AP70: 45.3482 
UAV_SEQS_63 | mAP50:90: 10.4099 | AP50: 42.5319 | AP70: 1.1038 
UAV_SEQS_65 | mAP50:90: 82.9665 | AP50: 96.5456 | AP70: 90.5788 
UAV_SEQS_7 | mAP50:90: 68.3955 | AP50: 100.0000 | AP70: 68.0867 
UAV_SEQS_71 | mAP50:90: 70.4485 | AP50: 94.1849 | AP70: 74.6698 
UAV_SEQS_73 | mAP50:90: 59.4857 | AP50: 82.5073 | AP70: 67.1850 
UAV_SEQS_74 | mAP50:90: 96.2681 | AP50: 100.0000 | AP70: 100.0000 
UAV_SEQS_77 | mAP50:90: 39.0058 | AP50: 50.7628 | AP70: 46.9802 
UAV_SEQS_8 | mAP50:90: 96.8593 | AP50: 100.0000 | AP70: 97.2734 
Overall            | mAP50:95: 68.6405 | AP50: 86.1893 | AP70: 71.2494 
epoch 14, iter    1: loss: 0.0007 | load time: 0.0036 | back time: 0.3967 | lr: 0.00009388 | best AP50 acc: 0.8874 | best AP70 acc: 0.7379 | best mAP acc: 0.7001 | best mAR acc: 0.7662 | best Score: 0.7001 | best Score epoch: 12 
epoch 14, iter   51: loss: 0.0005 | load time: 0.0001 | back time: 0.8173 | lr: 0.00009381 | best AP50 acc: 0.8874 | best AP70 acc: 0.7379 | best mAP acc: 0.7001 | best mAR acc: 0.7662 | best Score: 0.7001 | best Score epoch: 12 
epoch 14, iter  101: loss: 0.0006 | load time: 0.0003 | back time: 0.8512 | lr: 0.00009375 | best AP50 acc: 0.8874 | best AP70 acc: 0.7379 | best mAP acc: 0.7001 | best mAR acc: 0.7662 | best Score: 0.7001 | best Score epoch: 12 
epoch 14, iter  151: loss: 0.0005 | load time: 0.0003 | back time: 0.8588 | lr: 0.00009368 | best AP50 acc: 0.8874 | best AP70 acc: 0.7379 | best mAP acc: 0.7001 | best mAR acc: 0.7662 | best Score: 0.7001 | best Score epoch: 12 
epoch 14, iter  201: loss: 0.0005 | load time: 0.0002 | back time: 0.8542 | lr: 0.00009361 | best AP50 acc: 0.8874 | best AP70 acc: 0.7379 | best mAP acc: 0.7001 | best mAR acc: 0.7662 | best Score: 0.7001 | best Score epoch: 12 
epoch 14, iter  251: loss: 0.0007 | load time: 0.0004 | back time: 0.8552 | lr: 0.00009355 | best AP50 acc: 0.8874 | best AP70 acc: 0.7379 | best mAP acc: 0.7001 | best mAR acc: 0.7662 | best Score: 0.7001 | best Score epoch: 12 
epoch 14, iter  301: loss: 0.0005 | load time: 0.0003 | back time: 0.8767 | lr: 0.00009348 | best AP50 acc: 0.8874 | best AP70 acc: 0.7379 | best mAP acc: 0.7001 | best mAR acc: 0.7662 | best Score: 0.7001 | best Score epoch: 12 
epoch 14, iter  351: loss: 0.0007 | load time: 0.0002 | back time: 0.8449 | lr: 0.00009341 | best AP50 acc: 0.8874 | best AP70 acc: 0.7379 | best mAP acc: 0.7001 | best mAR acc: 0.7662 | best Score: 0.7001 | best Score epoch: 12 
epoch 14, iter  401: loss: 0.0005 | load time: 0.0002 | back time: 0.8184 | lr: 0.00009335 | best AP50 acc: 0.8874 | best AP70 acc: 0.7379 | best mAP acc: 0.7001 | best mAR acc: 0.7662 | best Score: 0.7001 | best Score epoch: 12 
epoch 14, iter  451: loss: 0.0005 | load time: 0.0002 | back time: 0.7524 | lr: 0.00009328 | best AP50 acc: 0.8874 | best AP70 acc: 0.7379 | best mAP acc: 0.7001 | best mAR acc: 0.7662 | best Score: 0.7001 | best Score epoch: 12 
epoch 14, iter  501: loss: 0.0007 | load time: 0.0001 | back time: 0.8883 | lr: 0.00009321 | best AP50 acc: 0.8874 | best AP70 acc: 0.7379 | best mAP acc: 0.7001 | best mAR acc: 0.7662 | best Score: 0.7001 | best Score epoch: 12 
epoch 14, iter  551: loss: 0.0006 | load time: 0.0003 | back time: 0.8183 | lr: 0.00009314 | best AP50 acc: 0.8874 | best AP70 acc: 0.7379 | best mAP acc: 0.7001 | best mAR acc: 0.7662 | best Score: 0.7001 | best Score epoch: 12 
epoch 14, iter  601: loss: 0.0007 | load time: 0.0003 | back time: 0.8260 | lr: 0.00009307 | best AP50 acc: 0.8874 | best AP70 acc: 0.7379 | best mAP acc: 0.7001 | best mAR acc: 0.7662 | best Score: 0.7001 | best Score epoch: 12 
epoch 14, iter  651: loss: 0.0005 | load time: 0.0003 | back time: 0.8884 | lr: 0.00009300 | best AP50 acc: 0.8874 | best AP70 acc: 0.7379 | best mAP acc: 0.7001 | best mAR acc: 0.7662 | best Score: 0.7001 | best Score epoch: 12 
epoch 14, iter  701: loss: 0.0005 | load time: 0.0002 | back time: 0.8881 | lr: 0.00009293 | best AP50 acc: 0.8874 | best AP70 acc: 0.7379 | best mAP acc: 0.7001 | best mAR acc: 0.7662 | best Score: 0.7001 | best Score epoch: 12 
epoch 14, iter  751: loss: 0.0006 | load time: 0.0001 | back time: 0.8195 | lr: 0.00009286 | best AP50 acc: 0.8874 | best AP70 acc: 0.7379 | best mAP acc: 0.7001 | best mAR acc: 0.7662 | best Score: 0.7001 | best Score epoch: 12 
epoch 14, iter  801: loss: 0.0005 | load time: 0.0002 | back time: 0.8204 | lr: 0.00009279 | best AP50 acc: 0.8874 | best AP70 acc: 0.7379 | best mAP acc: 0.7001 | best mAR acc: 0.7662 | best Score: 0.7001 | best Score epoch: 12 
epoch 14, iter  851: loss: 0.0006 | load time: 0.0002 | back time: 0.8287 | lr: 0.00009272 | best AP50 acc: 0.8874 | best AP70 acc: 0.7379 | best mAP acc: 0.7001 | best mAR acc: 0.7662 | best Score: 0.7001 | best Score epoch: 12 
epoch 14, iter  901: loss: 0.0006 | load time: 0.0002 | back time: 0.8246 | lr: 0.00009265 | best AP50 acc: 0.8874 | best AP70 acc: 0.7379 | best mAP acc: 0.7001 | best mAR acc: 0.7662 | best Score: 0.7001 | best Score epoch: 12 
epoch 14, iter  951: loss: 0.0006 | load time: 0.0003 | back time: 0.8161 | lr: 0.00009258 | best AP50 acc: 0.8874 | best AP70 acc: 0.7379 | best mAP acc: 0.7001 | best mAR acc: 0.7662 | best Score: 0.7001 | best Score epoch: 12 
epoch 14, iter 1001: loss: 0.0007 | load time: 0.0002 | back time: 0.8286 | lr: 0.00009251 | best AP50 acc: 0.8874 | best AP70 acc: 0.7379 | best mAP acc: 0.7001 | best mAR acc: 0.7662 | best Score: 0.7001 | best Score epoch: 12 
epoch 14, iter 1051: loss: 0.0005 | load time: 0.0003 | back time: 0.8443 | lr: 0.00009244 | best AP50 acc: 0.8874 | best AP70 acc: 0.7379 | best mAP acc: 0.7001 | best mAR acc: 0.7662 | best Score: 0.7001 | best Score epoch: 12 
epoch 14, iter 1101: loss: 0.0007 | load time: 0.0002 | back time: 0.8427 | lr: 0.00009237 | best AP50 acc: 0.8874 | best AP70 acc: 0.7379 | best mAP acc: 0.7001 | best mAR acc: 0.7662 | best Score: 0.7001 | best Score epoch: 12 
epoch 14, iter 1151: loss: 0.0005 | load time: 0.0002 | back time: 0.8442 | lr: 0.00009230 | best AP50 acc: 0.8874 | best AP70 acc: 0.7379 | best mAP acc: 0.7001 | best mAR acc: 0.7662 | best Score: 0.7001 | best Score epoch: 12 
UAV_SEQS_2 | mAP50:90: 39.1967 | AP50: 68.1531 | AP70: 34.7172 
UAV_SEQS_37 | mAP50:90: 92.8438 | AP50: 100.0000 | AP70: 97.4079 
UAV_SEQS_45 | mAP50:90: 90.8532 | AP50: 100.0000 | AP70: 96.6149 
UAV_SEQS_47 | mAP50:90: 82.8615 | AP50: 100.0000 | AP70: 91.0784 
UAV_SEQS_55 | mAP50:90: 40.4924 | AP50: 73.0185 | AP70: 38.4152 
UAV_SEQS_59 | mAP50:90: 61.5908 | AP50: 90.6668 | AP70: 64.5002 
UAV_SEQS_6 | mAP50:90: 55.4012 | AP50: 72.0224 | AP70: 60.1661 
UAV_SEQS_63 | mAP50:90: 9.4661 | AP50: 41.6118 | AP70: 0.3576 
UAV_SEQS_65 | mAP50:90: 80.4412 | AP50: 93.5258 | AP70: 88.5522 
UAV_SEQS_7 | mAP50:90: 79.5839 | AP50: 100.0000 | AP70: 87.0351 
UAV_SEQS_71 | mAP50:90: 75.3242 | AP50: 97.4918 | AP70: 84.7022 
UAV_SEQS_73 | mAP50:90: 54.6471 | AP50: 80.2628 | AP70: 62.9253 
UAV_SEQS_74 | mAP50:90: 94.4482 | AP50: 100.0000 | AP70: 100.0000 
UAV_SEQS_77 | mAP50:90: 49.1670 | AP50: 88.8130 | AP70: 46.6520 
UAV_SEQS_8 | mAP50:90: 98.3042 | AP50: 100.0000 | AP70: 98.5076 
Overall            | mAP50:95: 67.4204 | AP50: 88.6074 | AP70: 70.6311 
epoch 15, iter    1: loss: 0.0005 | load time: 0.0047 | back time: 0.4273 | lr: 0.00009229 | best AP50 acc: 0.8874 | best AP70 acc: 0.7379 | best mAP acc: 0.7001 | best mAR acc: 0.7662 | best Score: 0.7001 | best Score epoch: 12 
epoch 15, iter   51: loss: 0.0006 | load time: 0.0003 | back time: 0.8259 | lr: 0.00009222 | best AP50 acc: 0.8874 | best AP70 acc: 0.7379 | best mAP acc: 0.7001 | best mAR acc: 0.7662 | best Score: 0.7001 | best Score epoch: 12 
epoch 15, iter  101: loss: 0.0006 | load time: 0.0001 | back time: 0.8171 | lr: 0.00009215 | best AP50 acc: 0.8874 | best AP70 acc: 0.7379 | best mAP acc: 0.7001 | best mAR acc: 0.7662 | best Score: 0.7001 | best Score epoch: 12 
epoch 15, iter  151: loss: 0.0005 | load time: 0.0001 | back time: 0.8185 | lr: 0.00009207 | best AP50 acc: 0.8874 | best AP70 acc: 0.7379 | best mAP acc: 0.7001 | best mAR acc: 0.7662 | best Score: 0.7001 | best Score epoch: 12 
epoch 15, iter  201: loss: 0.0005 | load time: 0.0001 | back time: 0.8795 | lr: 0.00009200 | best AP50 acc: 0.8874 | best AP70 acc: 0.7379 | best mAP acc: 0.7001 | best mAR acc: 0.7662 | best Score: 0.7001 | best Score epoch: 12 
epoch 15, iter  251: loss: 0.0005 | load time: 0.0003 | back time: 0.8884 | lr: 0.00009193 | best AP50 acc: 0.8874 | best AP70 acc: 0.7379 | best mAP acc: 0.7001 | best mAR acc: 0.7662 | best Score: 0.7001 | best Score epoch: 12 
epoch 15, iter  301: loss: 0.0005 | load time: 0.0002 | back time: 0.8904 | lr: 0.00009185 | best AP50 acc: 0.8874 | best AP70 acc: 0.7379 | best mAP acc: 0.7001 | best mAR acc: 0.7662 | best Score: 0.7001 | best Score epoch: 12 
epoch 15, iter  351: loss: 0.0005 | load time: 0.0002 | back time: 0.8610 | lr: 0.00009178 | best AP50 acc: 0.8874 | best AP70 acc: 0.7379 | best mAP acc: 0.7001 | best mAR acc: 0.7662 | best Score: 0.7001 | best Score epoch: 12 
epoch 15, iter  401: loss: 0.0006 | load time: 0.0001 | back time: 0.8204 | lr: 0.00009170 | best AP50 acc: 0.8874 | best AP70 acc: 0.7379 | best mAP acc: 0.7001 | best mAR acc: 0.7662 | best Score: 0.7001 | best Score epoch: 12 
epoch 15, iter  451: loss: 0.0005 | load time: 0.0002 | back time: 0.8222 | lr: 0.00009163 | best AP50 acc: 0.8874 | best AP70 acc: 0.7379 | best mAP acc: 0.7001 | best mAR acc: 0.7662 | best Score: 0.7001 | best Score epoch: 12 
epoch 15, iter  501: loss: 0.0007 | load time: 0.0003 | back time: 0.8406 | lr: 0.00009155 | best AP50 acc: 0.8874 | best AP70 acc: 0.7379 | best mAP acc: 0.7001 | best mAR acc: 0.7662 | best Score: 0.7001 | best Score epoch: 12 
epoch 15, iter  551: loss: 0.0006 | load time: 0.0002 | back time: 0.8259 | lr: 0.00009148 | best AP50 acc: 0.8874 | best AP70 acc: 0.7379 | best mAP acc: 0.7001 | best mAR acc: 0.7662 | best Score: 0.7001 | best Score epoch: 12 
epoch 15, iter  601: loss: 0.0005 | load time: 0.0003 | back time: 0.8260 | lr: 0.00009140 | best AP50 acc: 0.8874 | best AP70 acc: 0.7379 | best mAP acc: 0.7001 | best mAR acc: 0.7662 | best Score: 0.7001 | best Score epoch: 12 
epoch 15, iter  651: loss: 0.0005 | load time: 0.0003 | back time: 0.8801 | lr: 0.00009133 | best AP50 acc: 0.8874 | best AP70 acc: 0.7379 | best mAP acc: 0.7001 | best mAR acc: 0.7662 | best Score: 0.7001 | best Score epoch: 12 
epoch 15, iter  701: loss: 0.0007 | load time: 0.0002 | back time: 0.8880 | lr: 0.00009125 | best AP50 acc: 0.8874 | best AP70 acc: 0.7379 | best mAP acc: 0.7001 | best mAR acc: 0.7662 | best Score: 0.7001 | best Score epoch: 12 
epoch 15, iter  751: loss: 0.0006 | load time: 0.0002 | back time: 0.8705 | lr: 0.00009117 | best AP50 acc: 0.8874 | best AP70 acc: 0.7379 | best mAP acc: 0.7001 | best mAR acc: 0.7662 | best Score: 0.7001 | best Score epoch: 12 
epoch 15, iter  801: loss: 0.0008 | load time: 0.0002 | back time: 0.8833 | lr: 0.00009110 | best AP50 acc: 0.8874 | best AP70 acc: 0.7379 | best mAP acc: 0.7001 | best mAR acc: 0.7662 | best Score: 0.7001 | best Score epoch: 12 
epoch 15, iter  851: loss: 0.0006 | load time: 0.0003 | back time: 0.8440 | lr: 0.00009102 | best AP50 acc: 0.8874 | best AP70 acc: 0.7379 | best mAP acc: 0.7001 | best mAR acc: 0.7662 | best Score: 0.7001 | best Score epoch: 12 
epoch 15, iter  901: loss: 0.0006 | load time: 0.0002 | back time: 0.8523 | lr: 0.00009094 | best AP50 acc: 0.8874 | best AP70 acc: 0.7379 | best mAP acc: 0.7001 | best mAR acc: 0.7662 | best Score: 0.7001 | best Score epoch: 12 
epoch 15, iter  951: loss: 0.0005 | load time: 0.0002 | back time: 0.8600 | lr: 0.00009086 | best AP50 acc: 0.8874 | best AP70 acc: 0.7379 | best mAP acc: 0.7001 | best mAR acc: 0.7662 | best Score: 0.7001 | best Score epoch: 12 
epoch 15, iter 1001: loss: 0.0005 | load time: 0.0002 | back time: 0.8708 | lr: 0.00009078 | best AP50 acc: 0.8874 | best AP70 acc: 0.7379 | best mAP acc: 0.7001 | best mAR acc: 0.7662 | best Score: 0.7001 | best Score epoch: 12 
epoch 15, iter 1051: loss: 0.0007 | load time: 0.0005 | back time: 0.8722 | lr: 0.00009071 | best AP50 acc: 0.8874 | best AP70 acc: 0.7379 | best mAP acc: 0.7001 | best mAR acc: 0.7662 | best Score: 0.7001 | best Score epoch: 12 
epoch 15, iter 1101: loss: 0.0005 | load time: 0.0002 | back time: 0.8696 | lr: 0.00009063 | best AP50 acc: 0.8874 | best AP70 acc: 0.7379 | best mAP acc: 0.7001 | best mAR acc: 0.7662 | best Score: 0.7001 | best Score epoch: 12 
epoch 15, iter 1151: loss: 0.0006 | load time: 0.0001 | back time: 0.8633 | lr: 0.00009055 | best AP50 acc: 0.8874 | best AP70 acc: 0.7379 | best mAP acc: 0.7001 | best mAR acc: 0.7662 | best Score: 0.7001 | best Score epoch: 12 
UAV_SEQS_2 | mAP50:90: 38.3981 | AP50: 57.1414 | AP70: 39.5358 
UAV_SEQS_37 | mAP50:90: 93.9708 | AP50: 100.0000 | AP70: 97.2477 
UAV_SEQS_45 | mAP50:90: 94.1348 | AP50: 100.0000 | AP70: 98.6246 
UAV_SEQS_47 | mAP50:90: 95.1535 | AP50: 100.0000 | AP70: 100.0000 
UAV_SEQS_55 | mAP50:90: 39.5164 | AP50: 65.6923 | AP70: 46.5319 
UAV_SEQS_59 | mAP50:90: 64.2043 | AP50: 91.6183 | AP70: 68.4350 
UAV_SEQS_6 | mAP50:90: 41.9557 | AP50: 55.5564 | AP70: 43.7903 
UAV_SEQS_63 | mAP50:90: 50.0687 | AP50: 94.8581 | AP70: 48.4172 
UAV_SEQS_65 | mAP50:90: 82.1371 | AP50: 97.0057 | AP70: 92.1606 
UAV_SEQS_7 | mAP50:90: 68.5827 | AP50: 100.0000 | AP70: 64.9104 
UAV_SEQS_71 | mAP50:90: 74.4805 | AP50: 92.9842 | AP70: 84.6646 
UAV_SEQS_73 | mAP50:90: 66.4229 | AP50: 87.3624 | AP70: 76.1728 
UAV_SEQS_74 | mAP50:90: 94.6871 | AP50: 99.2691 | AP70: 99.2691 
UAV_SEQS_77 | mAP50:90: 34.7952 | AP50: 70.8498 | AP70: 31.3288 
UAV_SEQS_8 | mAP50:90: 95.6689 | AP50: 100.0000 | AP70: 97.1728 
Overall            | mAP50:95: 71.0107 | AP50: 89.2370 | AP70: 74.7807 
epoch 16, iter    1: loss: 0.0006 | load time: 0.0037 | back time: 0.5001 | lr: 0.00009054 | best AP50 acc: 0.8924 | best AP70 acc: 0.7478 | best mAP acc: 0.7101 | best mAR acc: 0.7713 | best Score: 0.7101 | best Score epoch: 15 
epoch 16, iter   51: loss: 0.0005 | load time: 0.0002 | back time: 0.8761 | lr: 0.00009047 | best AP50 acc: 0.8924 | best AP70 acc: 0.7478 | best mAP acc: 0.7101 | best mAR acc: 0.7713 | best Score: 0.7101 | best Score epoch: 15 
epoch 16, iter  101: loss: 0.0005 | load time: 0.0002 | back time: 0.8868 | lr: 0.00009039 | best AP50 acc: 0.8924 | best AP70 acc: 0.7478 | best mAP acc: 0.7101 | best mAR acc: 0.7713 | best Score: 0.7101 | best Score epoch: 15 
epoch 16, iter  151: loss: 0.0005 | load time: 0.0002 | back time: 0.8294 | lr: 0.00009031 | best AP50 acc: 0.8924 | best AP70 acc: 0.7478 | best mAP acc: 0.7101 | best mAR acc: 0.7713 | best Score: 0.7101 | best Score epoch: 15 
epoch 16, iter  201: loss: 0.0005 | load time: 0.0003 | back time: 0.8589 | lr: 0.00009022 | best AP50 acc: 0.8924 | best AP70 acc: 0.7478 | best mAP acc: 0.7101 | best mAR acc: 0.7713 | best Score: 0.7101 | best Score epoch: 15 
epoch 16, iter  251: loss: 0.0006 | load time: 0.0002 | back time: 0.8557 | lr: 0.00009014 | best AP50 acc: 0.8924 | best AP70 acc: 0.7478 | best mAP acc: 0.7101 | best mAR acc: 0.7713 | best Score: 0.7101 | best Score epoch: 15 
epoch 16, iter  301: loss: 0.0005 | load time: 0.0001 | back time: 0.8675 | lr: 0.00009006 | best AP50 acc: 0.8924 | best AP70 acc: 0.7478 | best mAP acc: 0.7101 | best mAR acc: 0.7713 | best Score: 0.7101 | best Score epoch: 15 
epoch 16, iter  351: loss: 0.0006 | load time: 0.0002 | back time: 0.8556 | lr: 0.00008998 | best AP50 acc: 0.8924 | best AP70 acc: 0.7478 | best mAP acc: 0.7101 | best mAR acc: 0.7713 | best Score: 0.7101 | best Score epoch: 15 
epoch 16, iter  401: loss: 0.0005 | load time: 0.0002 | back time: 0.8537 | lr: 0.00008990 | best AP50 acc: 0.8924 | best AP70 acc: 0.7478 | best mAP acc: 0.7101 | best mAR acc: 0.7713 | best Score: 0.7101 | best Score epoch: 15 
epoch 16, iter  451: loss: 0.0007 | load time: 0.0002 | back time: 0.8610 | lr: 0.00008982 | best AP50 acc: 0.8924 | best AP70 acc: 0.7478 | best mAP acc: 0.7101 | best mAR acc: 0.7713 | best Score: 0.7101 | best Score epoch: 15 
epoch 16, iter  501: loss: 0.0006 | load time: 0.0002 | back time: 0.8561 | lr: 0.00008974 | best AP50 acc: 0.8924 | best AP70 acc: 0.7478 | best mAP acc: 0.7101 | best mAR acc: 0.7713 | best Score: 0.7101 | best Score epoch: 15 
epoch 16, iter  551: loss: 0.0005 | load time: 0.0002 | back time: 0.8625 | lr: 0.00008965 | best AP50 acc: 0.8924 | best AP70 acc: 0.7478 | best mAP acc: 0.7101 | best mAR acc: 0.7713 | best Score: 0.7101 | best Score epoch: 15 
epoch 16, iter  601: loss: 0.0005 | load time: 0.0005 | back time: 0.8699 | lr: 0.00008957 | best AP50 acc: 0.8924 | best AP70 acc: 0.7478 | best mAP acc: 0.7101 | best mAR acc: 0.7713 | best Score: 0.7101 | best Score epoch: 15 
epoch 16, iter  651: loss: 0.0007 | load time: 0.0003 | back time: 0.8568 | lr: 0.00008949 | best AP50 acc: 0.8924 | best AP70 acc: 0.7478 | best mAP acc: 0.7101 | best mAR acc: 0.7713 | best Score: 0.7101 | best Score epoch: 15 
epoch 16, iter  701: loss: 0.0005 | load time: 0.0002 | back time: 0.8608 | lr: 0.00008940 | best AP50 acc: 0.8924 | best AP70 acc: 0.7478 | best mAP acc: 0.7101 | best mAR acc: 0.7713 | best Score: 0.7101 | best Score epoch: 15 
epoch 16, iter  751: loss: 0.0005 | load time: 0.0002 | back time: 0.8613 | lr: 0.00008932 | best AP50 acc: 0.8924 | best AP70 acc: 0.7478 | best mAP acc: 0.7101 | best mAR acc: 0.7713 | best Score: 0.7101 | best Score epoch: 15 
epoch 16, iter  801: loss: 0.0006 | load time: 0.0002 | back time: 0.8601 | lr: 0.00008924 | best AP50 acc: 0.8924 | best AP70 acc: 0.7478 | best mAP acc: 0.7101 | best mAR acc: 0.7713 | best Score: 0.7101 | best Score epoch: 15 
epoch 16, iter  851: loss: 0.0005 | load time: 0.0002 | back time: 0.8806 | lr: 0.00008915 | best AP50 acc: 0.8924 | best AP70 acc: 0.7478 | best mAP acc: 0.7101 | best mAR acc: 0.7713 | best Score: 0.7101 | best Score epoch: 15 
epoch 16, iter  901: loss: 0.0005 | load time: 0.0002 | back time: 0.8639 | lr: 0.00008907 | best AP50 acc: 0.8924 | best AP70 acc: 0.7478 | best mAP acc: 0.7101 | best mAR acc: 0.7713 | best Score: 0.7101 | best Score epoch: 15 
epoch 16, iter  951: loss: 0.0005 | load time: 0.0004 | back time: 0.8690 | lr: 0.00008898 | best AP50 acc: 0.8924 | best AP70 acc: 0.7478 | best mAP acc: 0.7101 | best mAR acc: 0.7713 | best Score: 0.7101 | best Score epoch: 15 
epoch 16, iter 1001: loss: 0.0007 | load time: 0.0003 | back time: 0.8567 | lr: 0.00008890 | best AP50 acc: 0.8924 | best AP70 acc: 0.7478 | best mAP acc: 0.7101 | best mAR acc: 0.7713 | best Score: 0.7101 | best Score epoch: 15 
epoch 16, iter 1051: loss: 0.0006 | load time: 0.0003 | back time: 0.8613 | lr: 0.00008881 | best AP50 acc: 0.8924 | best AP70 acc: 0.7478 | best mAP acc: 0.7101 | best mAR acc: 0.7713 | best Score: 0.7101 | best Score epoch: 15 
epoch 16, iter 1101: loss: 0.0005 | load time: 0.0002 | back time: 0.8601 | lr: 0.00008873 | best AP50 acc: 0.8924 | best AP70 acc: 0.7478 | best mAP acc: 0.7101 | best mAR acc: 0.7713 | best Score: 0.7101 | best Score epoch: 15 
epoch 16, iter 1151: loss: 0.0006 | load time: 0.0001 | back time: 0.8615 | lr: 0.00008864 | best AP50 acc: 0.8924 | best AP70 acc: 0.7478 | best mAP acc: 0.7101 | best mAR acc: 0.7713 | best Score: 0.7101 | best Score epoch: 15 
UAV_SEQS_2 | mAP50:90: 41.9112 | AP50: 64.6674 | AP70: 41.1961 
UAV_SEQS_37 | mAP50:90: 87.8477 | AP50: 98.9083 | AP70: 91.8221 
UAV_SEQS_45 | mAP50:90: 90.4580 | AP50: 100.0000 | AP70: 98.6597 
UAV_SEQS_47 | mAP50:90: 98.7893 | AP50: 100.0000 | AP70: 100.0000 
UAV_SEQS_55 | mAP50:90: 34.9737 | AP50: 60.6498 | AP70: 38.4440 
UAV_SEQS_59 | mAP50:90: 69.0255 | AP50: 96.9015 | AP70: 80.3542 
UAV_SEQS_6 | mAP50:90: 43.8613 | AP50: 52.3868 | AP70: 46.2636 
UAV_SEQS_63 | mAP50:90: 28.2671 | AP50: 65.3759 | AP70: 19.9688 
UAV_SEQS_65 | mAP50:90: 83.6803 | AP50: 97.5239 | AP70: 92.3075 
UAV_SEQS_7 | mAP50:90: 80.9740 | AP50: 100.0000 | AP70: 88.0977 
UAV_SEQS_71 | mAP50:90: 67.5165 | AP50: 90.7056 | AP70: 77.7504 
UAV_SEQS_73 | mAP50:90: 65.4978 | AP50: 86.2086 | AP70: 76.5129 
UAV_SEQS_74 | mAP50:90: 96.7018 | AP50: 100.0000 | AP70: 100.0000 
UAV_SEQS_77 | mAP50:90: 34.6104 | AP50: 75.6220 | AP70: 25.4893 
UAV_SEQS_8 | mAP50:90: 97.9207 | AP50: 100.0000 | AP70: 97.0902 
Overall            | mAP50:95: 70.4139 | AP50: 88.3496 | AP70: 74.4295 
epoch 17, iter    1: loss: 0.0006 | load time: 0.0040 | back time: 0.5082 | lr: 0.00008864 | best AP50 acc: 0.8924 | best AP70 acc: 0.7478 | best mAP acc: 0.7101 | best mAR acc: 0.7713 | best Score: 0.7101 | best Score epoch: 15 
epoch 17, iter   51: loss: 0.0005 | load time: 0.0002 | back time: 0.8130 | lr: 0.00008855 | best AP50 acc: 0.8924 | best AP70 acc: 0.7478 | best mAP acc: 0.7101 | best mAR acc: 0.7713 | best Score: 0.7101 | best Score epoch: 15 
epoch 17, iter  101: loss: 0.0006 | load time: 0.0004 | back time: 0.8080 | lr: 0.00008847 | best AP50 acc: 0.8924 | best AP70 acc: 0.7478 | best mAP acc: 0.7101 | best mAR acc: 0.7713 | best Score: 0.7101 | best Score epoch: 15 
epoch 17, iter  151: loss: 0.0007 | load time: 0.0003 | back time: 0.8206 | lr: 0.00008838 | best AP50 acc: 0.8924 | best AP70 acc: 0.7478 | best mAP acc: 0.7101 | best mAR acc: 0.7713 | best Score: 0.7101 | best Score epoch: 15 
epoch 17, iter  201: loss: 0.0006 | load time: 0.0004 | back time: 0.8254 | lr: 0.00008829 | best AP50 acc: 0.8924 | best AP70 acc: 0.7478 | best mAP acc: 0.7101 | best mAR acc: 0.7713 | best Score: 0.7101 | best Score epoch: 15 
epoch 17, iter  251: loss: 0.0005 | load time: 0.0002 | back time: 0.8277 | lr: 0.00008820 | best AP50 acc: 0.8924 | best AP70 acc: 0.7478 | best mAP acc: 0.7101 | best mAR acc: 0.7713 | best Score: 0.7101 | best Score epoch: 15 
epoch 17, iter  301: loss: 0.0005 | load time: 0.0002 | back time: 0.8715 | lr: 0.00008812 | best AP50 acc: 0.8924 | best AP70 acc: 0.7478 | best mAP acc: 0.7101 | best mAR acc: 0.7713 | best Score: 0.7101 | best Score epoch: 15 
epoch 17, iter  351: loss: 0.0005 | load time: 0.0002 | back time: 0.8251 | lr: 0.00008803 | best AP50 acc: 0.8924 | best AP70 acc: 0.7478 | best mAP acc: 0.7101 | best mAR acc: 0.7713 | best Score: 0.7101 | best Score epoch: 15 
epoch 17, iter  401: loss: 0.0006 | load time: 0.0002 | back time: 0.8286 | lr: 0.00008794 | best AP50 acc: 0.8924 | best AP70 acc: 0.7478 | best mAP acc: 0.7101 | best mAR acc: 0.7713 | best Score: 0.7101 | best Score epoch: 15 
epoch 17, iter  451: loss: 0.0005 | load time: 0.0002 | back time: 0.8861 | lr: 0.00008785 | best AP50 acc: 0.8924 | best AP70 acc: 0.7478 | best mAP acc: 0.7101 | best mAR acc: 0.7713 | best Score: 0.7101 | best Score epoch: 15 
epoch 17, iter  501: loss: 0.0005 | load time: 0.0002 | back time: 0.8471 | lr: 0.00008776 | best AP50 acc: 0.8924 | best AP70 acc: 0.7478 | best mAP acc: 0.7101 | best mAR acc: 0.7713 | best Score: 0.7101 | best Score epoch: 15 
epoch 17, iter  551: loss: 0.0006 | load time: 0.0001 | back time: 0.8596 | lr: 0.00008768 | best AP50 acc: 0.8924 | best AP70 acc: 0.7478 | best mAP acc: 0.7101 | best mAR acc: 0.7713 | best Score: 0.7101 | best Score epoch: 15 
epoch 17, iter  601: loss: 0.0005 | load time: 0.0002 | back time: 0.8442 | lr: 0.00008759 | best AP50 acc: 0.8924 | best AP70 acc: 0.7478 | best mAP acc: 0.7101 | best mAR acc: 0.7713 | best Score: 0.7101 | best Score epoch: 15 
epoch 17, iter  651: loss: 0.0005 | load time: 0.0002 | back time: 0.8656 | lr: 0.00008750 | best AP50 acc: 0.8924 | best AP70 acc: 0.7478 | best mAP acc: 0.7101 | best mAR acc: 0.7713 | best Score: 0.7101 | best Score epoch: 15 
epoch 17, iter  701: loss: 0.0006 | load time: 0.0003 | back time: 0.8548 | lr: 0.00008741 | best AP50 acc: 0.8924 | best AP70 acc: 0.7478 | best mAP acc: 0.7101 | best mAR acc: 0.7713 | best Score: 0.7101 | best Score epoch: 15 
epoch 17, iter  751: loss: 0.0005 | load time: 0.0002 | back time: 0.8520 | lr: 0.00008732 | best AP50 acc: 0.8924 | best AP70 acc: 0.7478 | best mAP acc: 0.7101 | best mAR acc: 0.7713 | best Score: 0.7101 | best Score epoch: 15 
epoch 17, iter  801: loss: 0.0005 | load time: 0.0002 | back time: 0.8647 | lr: 0.00008723 | best AP50 acc: 0.8924 | best AP70 acc: 0.7478 | best mAP acc: 0.7101 | best mAR acc: 0.7713 | best Score: 0.7101 | best Score epoch: 15 
epoch 17, iter  851: loss: 0.0005 | load time: 0.0002 | back time: 0.8197 | lr: 0.00008714 | best AP50 acc: 0.8924 | best AP70 acc: 0.7478 | best mAP acc: 0.7101 | best mAR acc: 0.7713 | best Score: 0.7101 | best Score epoch: 15 
epoch 17, iter  901: loss: 0.0005 | load time: 0.0003 | back time: 0.8204 | lr: 0.00008704 | best AP50 acc: 0.8924 | best AP70 acc: 0.7478 | best mAP acc: 0.7101 | best mAR acc: 0.7713 | best Score: 0.7101 | best Score epoch: 15 
epoch 17, iter  951: loss: 0.0005 | load time: 0.0002 | back time: 0.8211 | lr: 0.00008695 | best AP50 acc: 0.8924 | best AP70 acc: 0.7478 | best mAP acc: 0.7101 | best mAR acc: 0.7713 | best Score: 0.7101 | best Score epoch: 15 
epoch 17, iter 1001: loss: 0.0005 | load time: 0.0002 | back time: 0.8895 | lr: 0.00008686 | best AP50 acc: 0.8924 | best AP70 acc: 0.7478 | best mAP acc: 0.7101 | best mAR acc: 0.7713 | best Score: 0.7101 | best Score epoch: 15 
epoch 17, iter 1051: loss: 0.0005 | load time: 0.0002 | back time: 0.8303 | lr: 0.00008677 | best AP50 acc: 0.8924 | best AP70 acc: 0.7478 | best mAP acc: 0.7101 | best mAR acc: 0.7713 | best Score: 0.7101 | best Score epoch: 15 
epoch 17, iter 1101: loss: 0.0007 | load time: 0.0002 | back time: 0.8290 | lr: 0.00008668 | best AP50 acc: 0.8924 | best AP70 acc: 0.7478 | best mAP acc: 0.7101 | best mAR acc: 0.7713 | best Score: 0.7101 | best Score epoch: 15 
epoch 17, iter 1151: loss: 0.0005 | load time: 0.0001 | back time: 0.8678 | lr: 0.00008659 | best AP50 acc: 0.8924 | best AP70 acc: 0.7478 | best mAP acc: 0.7101 | best mAR acc: 0.7713 | best Score: 0.7101 | best Score epoch: 15 
UAV_SEQS_2 | mAP50:90: 35.0501 | AP50: 53.8447 | AP70: 35.8049 
UAV_SEQS_37 | mAP50:90: 82.1343 | AP50: 97.7184 | AP70: 86.0087 
UAV_SEQS_45 | mAP50:90: 87.5859 | AP50: 100.0000 | AP70: 98.4752 
UAV_SEQS_47 | mAP50:90: 98.7438 | AP50: 100.0000 | AP70: 100.0000 
UAV_SEQS_55 | mAP50:90: 41.9150 | AP50: 70.5029 | AP70: 44.5981 
UAV_SEQS_59 | mAP50:90: 73.9083 | AP50: 96.4341 | AP70: 88.1458 
UAV_SEQS_6 | mAP50:90: 37.1935 | AP50: 45.1803 | AP70: 40.0833 
UAV_SEQS_63 | mAP50:90: 38.0715 | AP50: 91.9914 | AP70: 24.2404 
UAV_SEQS_65 | mAP50:90: 83.2192 | AP50: 94.4837 | AP70: 90.0972 
UAV_SEQS_7 | mAP50:90: 59.4569 | AP50: 100.0000 | AP70: 51.0577 
UAV_SEQS_71 | mAP50:90: 66.3529 | AP50: 91.9166 | AP70: 72.1696 
UAV_SEQS_73 | mAP50:90: 64.8179 | AP50: 85.4521 | AP70: 74.2367 
UAV_SEQS_74 | mAP50:90: 96.2490 | AP50: 98.3663 | AP70: 98.3663 
UAV_SEQS_77 | mAP50:90: 29.7491 | AP50: 66.5881 | AP70: 22.6315 
UAV_SEQS_8 | mAP50:90: 96.8327 | AP50: 100.0000 | AP70: 96.8449 
Overall            | mAP50:95: 67.1119 | AP50: 87.3930 | AP70: 69.5908 
epoch 18, iter    1: loss: 0.0005 | load time: 0.0040 | back time: 0.3919 | lr: 0.00008658 | best AP50 acc: 0.8924 | best AP70 acc: 0.7478 | best mAP acc: 0.7101 | best mAR acc: 0.7713 | best Score: 0.7101 | best Score epoch: 15 
epoch 18, iter   51: loss: 0.0005 | load time: 0.0002 | back time: 0.8476 | lr: 0.00008649 | best AP50 acc: 0.8924 | best AP70 acc: 0.7478 | best mAP acc: 0.7101 | best mAR acc: 0.7713 | best Score: 0.7101 | best Score epoch: 15 
epoch 18, iter  101: loss: 0.0005 | load time: 0.0002 | back time: 0.8444 | lr: 0.00008640 | best AP50 acc: 0.8924 | best AP70 acc: 0.7478 | best mAP acc: 0.7101 | best mAR acc: 0.7713 | best Score: 0.7101 | best Score epoch: 15 
epoch 18, iter  151: loss: 0.0005 | load time: 0.0003 | back time: 0.8557 | lr: 0.00008630 | best AP50 acc: 0.8924 | best AP70 acc: 0.7478 | best mAP acc: 0.7101 | best mAR acc: 0.7713 | best Score: 0.7101 | best Score epoch: 15 
epoch 18, iter  201: loss: 0.0006 | load time: 0.0002 | back time: 0.8571 | lr: 0.00008621 | best AP50 acc: 0.8924 | best AP70 acc: 0.7478 | best mAP acc: 0.7101 | best mAR acc: 0.7713 | best Score: 0.7101 | best Score epoch: 15 
epoch 18, iter  251: loss: 0.0006 | load time: 0.0002 | back time: 0.8598 | lr: 0.00008612 | best AP50 acc: 0.8924 | best AP70 acc: 0.7478 | best mAP acc: 0.7101 | best mAR acc: 0.7713 | best Score: 0.7101 | best Score epoch: 15 
epoch 18, iter  301: loss: 0.0005 | load time: 0.0002 | back time: 0.8517 | lr: 0.00008602 | best AP50 acc: 0.8924 | best AP70 acc: 0.7478 | best mAP acc: 0.7101 | best mAR acc: 0.7713 | best Score: 0.7101 | best Score epoch: 15 
epoch 18, iter  351: loss: 0.0005 | load time: 0.0002 | back time: 0.8551 | lr: 0.00008593 | best AP50 acc: 0.8924 | best AP70 acc: 0.7478 | best mAP acc: 0.7101 | best mAR acc: 0.7713 | best Score: 0.7101 | best Score epoch: 15 
epoch 18, iter  401: loss: 0.0005 | load time: 0.0002 | back time: 0.8562 | lr: 0.00008583 | best AP50 acc: 0.8924 | best AP70 acc: 0.7478 | best mAP acc: 0.7101 | best mAR acc: 0.7713 | best Score: 0.7101 | best Score epoch: 15 
epoch 18, iter  451: loss: 0.0005 | load time: 0.0003 | back time: 0.8519 | lr: 0.00008574 | best AP50 acc: 0.8924 | best AP70 acc: 0.7478 | best mAP acc: 0.7101 | best mAR acc: 0.7713 | best Score: 0.7101 | best Score epoch: 15 
epoch 18, iter  501: loss: 0.0005 | load time: 0.0002 | back time: 0.8639 | lr: 0.00008564 | best AP50 acc: 0.8924 | best AP70 acc: 0.7478 | best mAP acc: 0.7101 | best mAR acc: 0.7713 | best Score: 0.7101 | best Score epoch: 15 
epoch 18, iter  551: loss: 0.0005 | load time: 0.0002 | back time: 0.8621 | lr: 0.00008555 | best AP50 acc: 0.8924 | best AP70 acc: 0.7478 | best mAP acc: 0.7101 | best mAR acc: 0.7713 | best Score: 0.7101 | best Score epoch: 15 
epoch 18, iter  601: loss: 0.0005 | load time: 0.0002 | back time: 0.8563 | lr: 0.00008545 | best AP50 acc: 0.8924 | best AP70 acc: 0.7478 | best mAP acc: 0.7101 | best mAR acc: 0.7713 | best Score: 0.7101 | best Score epoch: 15 
epoch 18, iter  651: loss: 0.0005 | load time: 0.0002 | back time: 0.8503 | lr: 0.00008536 | best AP50 acc: 0.8924 | best AP70 acc: 0.7478 | best mAP acc: 0.7101 | best mAR acc: 0.7713 | best Score: 0.7101 | best Score epoch: 15 
epoch 18, iter  701: loss: 0.0005 | load time: 0.0001 | back time: 0.8184 | lr: 0.00008526 | best AP50 acc: 0.8924 | best AP70 acc: 0.7478 | best mAP acc: 0.7101 | best mAR acc: 0.7713 | best Score: 0.7101 | best Score epoch: 15 
epoch 18, iter  751: loss: 0.0005 | load time: 0.0002 | back time: 0.8789 | lr: 0.00008517 | best AP50 acc: 0.8924 | best AP70 acc: 0.7478 | best mAP acc: 0.7101 | best mAR acc: 0.7713 | best Score: 0.7101 | best Score epoch: 15 
epoch 18, iter  801: loss: 0.0005 | load time: 0.0002 | back time: 0.8213 | lr: 0.00008507 | best AP50 acc: 0.8924 | best AP70 acc: 0.7478 | best mAP acc: 0.7101 | best mAR acc: 0.7713 | best Score: 0.7101 | best Score epoch: 15 
epoch 18, iter  851: loss: 0.0005 | load time: 0.0002 | back time: 0.8201 | lr: 0.00008497 | best AP50 acc: 0.8924 | best AP70 acc: 0.7478 | best mAP acc: 0.7101 | best mAR acc: 0.7713 | best Score: 0.7101 | best Score epoch: 15 
epoch 18, iter  901: loss: 0.0005 | load time: 0.0002 | back time: 0.8692 | lr: 0.00008488 | best AP50 acc: 0.8924 | best AP70 acc: 0.7478 | best mAP acc: 0.7101 | best mAR acc: 0.7713 | best Score: 0.7101 | best Score epoch: 15 
epoch 18, iter  951: loss: 0.0005 | load time: 0.0002 | back time: 0.8604 | lr: 0.00008478 | best AP50 acc: 0.8924 | best AP70 acc: 0.7478 | best mAP acc: 0.7101 | best mAR acc: 0.7713 | best Score: 0.7101 | best Score epoch: 15 
epoch 18, iter 1001: loss: 0.0006 | load time: 0.0003 | back time: 0.8543 | lr: 0.00008468 | best AP50 acc: 0.8924 | best AP70 acc: 0.7478 | best mAP acc: 0.7101 | best mAR acc: 0.7713 | best Score: 0.7101 | best Score epoch: 15 
epoch 18, iter 1051: loss: 0.0005 | load time: 0.0003 | back time: 0.8717 | lr: 0.00008458 | best AP50 acc: 0.8924 | best AP70 acc: 0.7478 | best mAP acc: 0.7101 | best mAR acc: 0.7713 | best Score: 0.7101 | best Score epoch: 15 
epoch 18, iter 1101: loss: 0.0005 | load time: 0.0001 | back time: 0.8197 | lr: 0.00008449 | best AP50 acc: 0.8924 | best AP70 acc: 0.7478 | best mAP acc: 0.7101 | best mAR acc: 0.7713 | best Score: 0.7101 | best Score epoch: 15 
epoch 18, iter 1151: loss: 0.0005 | load time: 0.0001 | back time: 0.8200 | lr: 0.00008439 | best AP50 acc: 0.8924 | best AP70 acc: 0.7478 | best mAP acc: 0.7101 | best mAR acc: 0.7713 | best Score: 0.7101 | best Score epoch: 15 
UAV_SEQS_2 | mAP50:90: 38.7655 | AP50: 63.4542 | AP70: 38.5598 
UAV_SEQS_37 | mAP50:90: 91.5991 | AP50: 100.0000 | AP70: 96.0701 
UAV_SEQS_45 | mAP50:90: 93.5537 | AP50: 100.0000 | AP70: 100.0000 
UAV_SEQS_47 | mAP50:90: 97.6195 | AP50: 100.0000 | AP70: 100.0000 
UAV_SEQS_55 | mAP50:90: 39.5320 | AP50: 63.5659 | AP70: 43.3156 
UAV_SEQS_59 | mAP50:90: 63.3749 | AP50: 92.0389 | AP70: 71.4638 
UAV_SEQS_6 | mAP50:90: 51.5319 | AP50: 64.0111 | AP70: 56.1206 
UAV_SEQS_63 | mAP50:90: 40.9584 | AP50: 88.3908 | AP70: 32.8804 
UAV_SEQS_65 | mAP50:90: 81.5047 | AP50: 97.3463 | AP70: 91.8592 
UAV_SEQS_7 | mAP50:90: 71.4907 | AP50: 100.0000 | AP70: 72.8483 
UAV_SEQS_71 | mAP50:90: 76.4308 | AP50: 97.5040 | AP70: 79.3733 
UAV_SEQS_73 | mAP50:90: 60.2928 | AP50: 83.1120 | AP70: 69.4290 
UAV_SEQS_74 | mAP50:90: 98.3312 | AP50: 99.9967 | AP70: 99.9967 
UAV_SEQS_77 | mAP50:90: 36.5312 | AP50: 63.9367 | AP70: 34.1463 
UAV_SEQS_8 | mAP50:90: 96.1272 | AP50: 100.0000 | AP70: 96.0594 
Overall            | mAP50:95: 70.9869 | AP50: 89.3460 | AP70: 74.9529 
epoch 19, iter    1: loss: 0.0005 | load time: 0.0036 | back time: 0.5540 | lr: 0.00008438 | best AP50 acc: 0.8924 | best AP70 acc: 0.7478 | best mAP acc: 0.7101 | best mAR acc: 0.7713 | best Score: 0.7101 | best Score epoch: 15 
epoch 19, iter   51: loss: 0.0005 | load time: 0.0001 | back time: 0.8451 | lr: 0.00008428 | best AP50 acc: 0.8924 | best AP70 acc: 0.7478 | best mAP acc: 0.7101 | best mAR acc: 0.7713 | best Score: 0.7101 | best Score epoch: 15 
epoch 19, iter  101: loss: 0.0005 | load time: 0.0001 | back time: 0.8532 | lr: 0.00008419 | best AP50 acc: 0.8924 | best AP70 acc: 0.7478 | best mAP acc: 0.7101 | best mAR acc: 0.7713 | best Score: 0.7101 | best Score epoch: 15 
epoch 19, iter  151: loss: 0.0005 | load time: 0.0002 | back time: 0.8583 | lr: 0.00008409 | best AP50 acc: 0.8924 | best AP70 acc: 0.7478 | best mAP acc: 0.7101 | best mAR acc: 0.7713 | best Score: 0.7101 | best Score epoch: 15 
epoch 19, iter  201: loss: 0.0005 | load time: 0.0002 | back time: 0.8556 | lr: 0.00008399 | best AP50 acc: 0.8924 | best AP70 acc: 0.7478 | best mAP acc: 0.7101 | best mAR acc: 0.7713 | best Score: 0.7101 | best Score epoch: 15 
epoch 19, iter  251: loss: 0.0005 | load time: 0.0002 | back time: 0.8540 | lr: 0.00008389 | best AP50 acc: 0.8924 | best AP70 acc: 0.7478 | best mAP acc: 0.7101 | best mAR acc: 0.7713 | best Score: 0.7101 | best Score epoch: 15 
epoch 19, iter  301: loss: 0.0005 | load time: 0.0002 | back time: 0.8569 | lr: 0.00008379 | best AP50 acc: 0.8924 | best AP70 acc: 0.7478 | best mAP acc: 0.7101 | best mAR acc: 0.7713 | best Score: 0.7101 | best Score epoch: 15 
epoch 19, iter  351: loss: 0.0006 | load time: 0.0002 | back time: 0.8548 | lr: 0.00008369 | best AP50 acc: 0.8924 | best AP70 acc: 0.7478 | best mAP acc: 0.7101 | best mAR acc: 0.7713 | best Score: 0.7101 | best Score epoch: 15 
epoch 19, iter  401: loss: 0.0005 | load time: 0.0003 | back time: 0.8557 | lr: 0.00008359 | best AP50 acc: 0.8924 | best AP70 acc: 0.7478 | best mAP acc: 0.7101 | best mAR acc: 0.7713 | best Score: 0.7101 | best Score epoch: 15 
epoch 19, iter  451: loss: 0.0005 | load time: 0.0002 | back time: 0.8634 | lr: 0.00008349 | best AP50 acc: 0.8924 | best AP70 acc: 0.7478 | best mAP acc: 0.7101 | best mAR acc: 0.7713 | best Score: 0.7101 | best Score epoch: 15 
epoch 19, iter  501: loss: 0.0005 | load time: 0.0003 | back time: 0.8562 | lr: 0.00008339 | best AP50 acc: 0.8924 | best AP70 acc: 0.7478 | best mAP acc: 0.7101 | best mAR acc: 0.7713 | best Score: 0.7101 | best Score epoch: 15 
epoch 19, iter  551: loss: 0.0005 | load time: 0.0002 | back time: 0.8588 | lr: 0.00008329 | best AP50 acc: 0.8924 | best AP70 acc: 0.7478 | best mAP acc: 0.7101 | best mAR acc: 0.7713 | best Score: 0.7101 | best Score epoch: 15 
epoch 19, iter  601: loss: 0.0005 | load time: 0.0002 | back time: 0.8582 | lr: 0.00008318 | best AP50 acc: 0.8924 | best AP70 acc: 0.7478 | best mAP acc: 0.7101 | best mAR acc: 0.7713 | best Score: 0.7101 | best Score epoch: 15 
epoch 19, iter  651: loss: 0.0005 | load time: 0.0003 | back time: 0.8659 | lr: 0.00008308 | best AP50 acc: 0.8924 | best AP70 acc: 0.7478 | best mAP acc: 0.7101 | best mAR acc: 0.7713 | best Score: 0.7101 | best Score epoch: 15 
epoch 19, iter  701: loss: 0.0005 | load time: 0.0003 | back time: 0.8886 | lr: 0.00008298 | best AP50 acc: 0.8924 | best AP70 acc: 0.7478 | best mAP acc: 0.7101 | best mAR acc: 0.7713 | best Score: 0.7101 | best Score epoch: 15 
epoch 19, iter  751: loss: 0.0005 | load time: 0.0002 | back time: 0.8642 | lr: 0.00008288 | best AP50 acc: 0.8924 | best AP70 acc: 0.7478 | best mAP acc: 0.7101 | best mAR acc: 0.7713 | best Score: 0.7101 | best Score epoch: 15 
epoch 19, iter  801: loss: 0.0005 | load time: 0.0002 | back time: 0.8580 | lr: 0.00008278 | best AP50 acc: 0.8924 | best AP70 acc: 0.7478 | best mAP acc: 0.7101 | best mAR acc: 0.7713 | best Score: 0.7101 | best Score epoch: 15 
epoch 19, iter  851: loss: 0.0004 | load time: 0.0002 | back time: 0.8597 | lr: 0.00008267 | best AP50 acc: 0.8924 | best AP70 acc: 0.7478 | best mAP acc: 0.7101 | best mAR acc: 0.7713 | best Score: 0.7101 | best Score epoch: 15 
epoch 19, iter  901: loss: 0.0005 | load time: 0.0002 | back time: 0.8622 | lr: 0.00008257 | best AP50 acc: 0.8924 | best AP70 acc: 0.7478 | best mAP acc: 0.7101 | best mAR acc: 0.7713 | best Score: 0.7101 | best Score epoch: 15 
epoch 19, iter  951: loss: 0.0005 | load time: 0.0001 | back time: 0.8670 | lr: 0.00008247 | best AP50 acc: 0.8924 | best AP70 acc: 0.7478 | best mAP acc: 0.7101 | best mAR acc: 0.7713 | best Score: 0.7101 | best Score epoch: 15 
epoch 19, iter 1001: loss: 0.0005 | load time: 0.0003 | back time: 0.8595 | lr: 0.00008237 | best AP50 acc: 0.8924 | best AP70 acc: 0.7478 | best mAP acc: 0.7101 | best mAR acc: 0.7713 | best Score: 0.7101 | best Score epoch: 15 
epoch 19, iter 1051: loss: 0.0005 | load time: 0.0004 | back time: 0.8602 | lr: 0.00008226 | best AP50 acc: 0.8924 | best AP70 acc: 0.7478 | best mAP acc: 0.7101 | best mAR acc: 0.7713 | best Score: 0.7101 | best Score epoch: 15 
epoch 19, iter 1101: loss: 0.0005 | load time: 0.0003 | back time: 0.8577 | lr: 0.00008216 | best AP50 acc: 0.8924 | best AP70 acc: 0.7478 | best mAP acc: 0.7101 | best mAR acc: 0.7713 | best Score: 0.7101 | best Score epoch: 15 
epoch 19, iter 1151: loss: 0.0004 | load time: 0.0001 | back time: 0.8638 | lr: 0.00008205 | best AP50 acc: 0.8924 | best AP70 acc: 0.7478 | best mAP acc: 0.7101 | best mAR acc: 0.7713 | best Score: 0.7101 | best Score epoch: 15 
UAV_SEQS_2 | mAP50:90: 29.8033 | AP50: 57.1564 | AP70: 27.1979 
UAV_SEQS_37 | mAP50:90: 94.1515 | AP50: 100.0000 | AP70: 97.4341 
UAV_SEQS_45 | mAP50:90: 92.8106 | AP50: 100.0000 | AP70: 98.5928 
UAV_SEQS_47 | mAP50:90: 94.4699 | AP50: 100.0000 | AP70: 98.9529 
UAV_SEQS_55 | mAP50:90: 42.4680 | AP50: 67.7839 | AP70: 46.0464 
UAV_SEQS_59 | mAP50:90: 62.7556 | AP50: 90.5469 | AP70: 67.4086 
UAV_SEQS_6 | mAP50:90: 42.4243 | AP50: 52.7339 | AP70: 46.9559 
UAV_SEQS_63 | mAP50:90: 24.3751 | AP50: 76.6898 | AP70: 13.2825 
UAV_SEQS_65 | mAP50:90: 82.9920 | AP50: 97.5259 | AP70: 93.8975 
UAV_SEQS_7 | mAP50:90: 71.1642 | AP50: 100.0000 | AP70: 71.0326 
UAV_SEQS_71 | mAP50:90: 68.5276 | AP50: 89.5686 | AP70: 72.4614 
UAV_SEQS_73 | mAP50:90: 66.7019 | AP50: 89.2340 | AP70: 72.3002 
UAV_SEQS_74 | mAP50:90: 96.5690 | AP50: 100.0000 | AP70: 100.0000 
UAV_SEQS_77 | mAP50:90: 38.1567 | AP50: 67.3214 | AP70: 40.8681 
UAV_SEQS_8 | mAP50:90: 97.2823 | AP50: 100.0000 | AP70: 96.8185 
Overall            | mAP50:95: 68.4527 | AP50: 87.0763 | AP70: 72.1529 
epoch 20, iter    1: loss: 0.0005 | load time: 0.0040 | back time: 0.4575 | lr: 0.00008205 | best AP50 acc: 0.8924 | best AP70 acc: 0.7478 | best mAP acc: 0.7101 | best mAR acc: 0.7713 | best Score: 0.7101 | best Score epoch: 15 
epoch 20, iter   51: loss: 0.0005 | load time: 0.0003 | back time: 0.8541 | lr: 0.00008195 | best AP50 acc: 0.8924 | best AP70 acc: 0.7478 | best mAP acc: 0.7101 | best mAR acc: 0.7713 | best Score: 0.7101 | best Score epoch: 15 
epoch 20, iter  101: loss: 0.0004 | load time: 0.0005 | back time: 0.8567 | lr: 0.00008184 | best AP50 acc: 0.8924 | best AP70 acc: 0.7478 | best mAP acc: 0.7101 | best mAR acc: 0.7713 | best Score: 0.7101 | best Score epoch: 15 
epoch 20, iter  151: loss: 0.0006 | load time: 0.0002 | back time: 0.8587 | lr: 0.00008174 | best AP50 acc: 0.8924 | best AP70 acc: 0.7478 | best mAP acc: 0.7101 | best mAR acc: 0.7713 | best Score: 0.7101 | best Score epoch: 15 
epoch 20, iter  201: loss: 0.0004 | load time: 0.0003 | back time: 0.8737 | lr: 0.00008163 | best AP50 acc: 0.8924 | best AP70 acc: 0.7478 | best mAP acc: 0.7101 | best mAR acc: 0.7713 | best Score: 0.7101 | best Score epoch: 15 
epoch 20, iter  251: loss: 0.0005 | load time: 0.0002 | back time: 0.8647 | lr: 0.00008153 | best AP50 acc: 0.8924 | best AP70 acc: 0.7478 | best mAP acc: 0.7101 | best mAR acc: 0.7713 | best Score: 0.7101 | best Score epoch: 15 
epoch 20, iter  301: loss: 0.0005 | load time: 0.0003 | back time: 0.8617 | lr: 0.00008142 | best AP50 acc: 0.8924 | best AP70 acc: 0.7478 | best mAP acc: 0.7101 | best mAR acc: 0.7713 | best Score: 0.7101 | best Score epoch: 15 
epoch 20, iter  351: loss: 0.0006 | load time: 0.0003 | back time: 0.8599 | lr: 0.00008132 | best AP50 acc: 0.8924 | best AP70 acc: 0.7478 | best mAP acc: 0.7101 | best mAR acc: 0.7713 | best Score: 0.7101 | best Score epoch: 15 
epoch 20, iter  401: loss: 0.0005 | load time: 0.0003 | back time: 0.8613 | lr: 0.00008121 | best AP50 acc: 0.8924 | best AP70 acc: 0.7478 | best mAP acc: 0.7101 | best mAR acc: 0.7713 | best Score: 0.7101 | best Score epoch: 15 
epoch 20, iter  451: loss: 0.0005 | load time: 0.0003 | back time: 0.8594 | lr: 0.00008110 | best AP50 acc: 0.8924 | best AP70 acc: 0.7478 | best mAP acc: 0.7101 | best mAR acc: 0.7713 | best Score: 0.7101 | best Score epoch: 15 
epoch 20, iter  501: loss: 0.0005 | load time: 0.0002 | back time: 0.8633 | lr: 0.00008100 | best AP50 acc: 0.8924 | best AP70 acc: 0.7478 | best mAP acc: 0.7101 | best mAR acc: 0.7713 | best Score: 0.7101 | best Score epoch: 15 
epoch 20, iter  551: loss: 0.0005 | load time: 0.0002 | back time: 0.8600 | lr: 0.00008089 | best AP50 acc: 0.8924 | best AP70 acc: 0.7478 | best mAP acc: 0.7101 | best mAR acc: 0.7713 | best Score: 0.7101 | best Score epoch: 15 
epoch 20, iter  601: loss: 0.0005 | load time: 0.0003 | back time: 0.8608 | lr: 0.00008079 | best AP50 acc: 0.8924 | best AP70 acc: 0.7478 | best mAP acc: 0.7101 | best mAR acc: 0.7713 | best Score: 0.7101 | best Score epoch: 15 
epoch 20, iter  651: loss: 0.0005 | load time: 0.0002 | back time: 0.8621 | lr: 0.00008068 | best AP50 acc: 0.8924 | best AP70 acc: 0.7478 | best mAP acc: 0.7101 | best mAR acc: 0.7713 | best Score: 0.7101 | best Score epoch: 15 
epoch 20, iter  701: loss: 0.0005 | load time: 0.0002 | back time: 0.8612 | lr: 0.00008057 | best AP50 acc: 0.8924 | best AP70 acc: 0.7478 | best mAP acc: 0.7101 | best mAR acc: 0.7713 | best Score: 0.7101 | best Score epoch: 15 
epoch 20, iter  751: loss: 0.0005 | load time: 0.0002 | back time: 0.8604 | lr: 0.00008046 | best AP50 acc: 0.8924 | best AP70 acc: 0.7478 | best mAP acc: 0.7101 | best mAR acc: 0.7713 | best Score: 0.7101 | best Score epoch: 15 
epoch 20, iter  801: loss: 0.0005 | load time: 0.0002 | back time: 0.8701 | lr: 0.00008036 | best AP50 acc: 0.8924 | best AP70 acc: 0.7478 | best mAP acc: 0.7101 | best mAR acc: 0.7713 | best Score: 0.7101 | best Score epoch: 15 
epoch 20, iter  851: loss: 0.0005 | load time: 0.0002 | back time: 0.8596 | lr: 0.00008025 | best AP50 acc: 0.8924 | best AP70 acc: 0.7478 | best mAP acc: 0.7101 | best mAR acc: 0.7713 | best Score: 0.7101 | best Score epoch: 15 
epoch 20, iter  901: loss: 0.0005 | load time: 0.0001 | back time: 0.8738 | lr: 0.00008014 | best AP50 acc: 0.8924 | best AP70 acc: 0.7478 | best mAP acc: 0.7101 | best mAR acc: 0.7713 | best Score: 0.7101 | best Score epoch: 15 
epoch 20, iter  951: loss: 0.0005 | load time: 0.0002 | back time: 0.8627 | lr: 0.00008003 | best AP50 acc: 0.8924 | best AP70 acc: 0.7478 | best mAP acc: 0.7101 | best mAR acc: 0.7713 | best Score: 0.7101 | best Score epoch: 15 
epoch 20, iter 1001: loss: 0.0005 | load time: 0.0003 | back time: 0.8622 | lr: 0.00007992 | best AP50 acc: 0.8924 | best AP70 acc: 0.7478 | best mAP acc: 0.7101 | best mAR acc: 0.7713 | best Score: 0.7101 | best Score epoch: 15 
epoch 20, iter 1051: loss: 0.0005 | load time: 0.0002 | back time: 0.8768 | lr: 0.00007982 | best AP50 acc: 0.8924 | best AP70 acc: 0.7478 | best mAP acc: 0.7101 | best mAR acc: 0.7713 | best Score: 0.7101 | best Score epoch: 15 
epoch 20, iter 1101: loss: 0.0005 | load time: 0.0002 | back time: 0.8618 | lr: 0.00007971 | best AP50 acc: 0.8924 | best AP70 acc: 0.7478 | best mAP acc: 0.7101 | best mAR acc: 0.7713 | best Score: 0.7101 | best Score epoch: 15 
epoch 20, iter 1151: loss: 0.0004 | load time: 0.0001 | back time: 0.8629 | lr: 0.00007960 | best AP50 acc: 0.8924 | best AP70 acc: 0.7478 | best mAP acc: 0.7101 | best mAR acc: 0.7713 | best Score: 0.7101 | best Score epoch: 15 
UAV_SEQS_2 | mAP50:90: 20.3052 | AP50: 39.1073 | AP70: 17.5667 
UAV_SEQS_37 | mAP50:90: 90.3708 | AP50: 100.0000 | AP70: 92.9854 
UAV_SEQS_45 | mAP50:90: 92.5077 | AP50: 100.0000 | AP70: 100.0000 
UAV_SEQS_47 | mAP50:90: 93.5459 | AP50: 100.0000 | AP70: 99.0033 
UAV_SEQS_55 | mAP50:90: 43.8049 | AP50: 70.2791 | AP70: 48.9582 
UAV_SEQS_59 | mAP50:90: 69.3117 | AP50: 93.7627 | AP70: 78.2344 
UAV_SEQS_6 | mAP50:90: 43.4788 | AP50: 55.6631 | AP70: 49.4795 
UAV_SEQS_63 | mAP50:90: 18.7322 | AP50: 51.5279 | AP70: 9.4427 
UAV_SEQS_65 | mAP50:90: 84.5797 | AP50: 97.4902 | AP70: 91.4958 
UAV_SEQS_7 | mAP50:90: 83.4706 | AP50: 100.0000 | AP70: 91.0881 
UAV_SEQS_71 | mAP50:90: 72.7148 | AP50: 95.0696 | AP70: 72.3837 
UAV_SEQS_73 | mAP50:90: 66.2785 | AP50: 87.3327 | AP70: 74.0075 
UAV_SEQS_74 | mAP50:90: 97.3859 | AP50: 100.0000 | AP70: 100.0000 
UAV_SEQS_77 | mAP50:90: 41.7203 | AP50: 68.5821 | AP70: 42.8899 
UAV_SEQS_8 | mAP50:90: 95.6502 | AP50: 100.0000 | AP70: 96.9096 
Overall            | mAP50:95: 69.4233 | AP50: 86.4090 | AP70: 73.4176 
epoch 21, iter    1: loss: 0.0004 | load time: 0.0040 | back time: 0.3936 | lr: 0.00007959 | best AP50 acc: 0.8924 | best AP70 acc: 0.7478 | best mAP acc: 0.7101 | best mAR acc: 0.7713 | best Score: 0.7101 | best Score epoch: 15 
epoch 21, iter   51: loss: 0.0005 | load time: 0.0003 | back time: 0.8604 | lr: 0.00007948 | best AP50 acc: 0.8924 | best AP70 acc: 0.7478 | best mAP acc: 0.7101 | best mAR acc: 0.7713 | best Score: 0.7101 | best Score epoch: 15 
epoch 21, iter  101: loss: 0.0005 | load time: 0.0002 | back time: 0.8616 | lr: 0.00007937 | best AP50 acc: 0.8924 | best AP70 acc: 0.7478 | best mAP acc: 0.7101 | best mAR acc: 0.7713 | best Score: 0.7101 | best Score epoch: 15 
epoch 21, iter  151: loss: 0.0006 | load time: 0.0003 | back time: 0.8645 | lr: 0.00007926 | best AP50 acc: 0.8924 | best AP70 acc: 0.7478 | best mAP acc: 0.7101 | best mAR acc: 0.7713 | best Score: 0.7101 | best Score epoch: 15 
epoch 21, iter  201: loss: 0.0005 | load time: 0.0003 | back time: 0.8645 | lr: 0.00007915 | best AP50 acc: 0.8924 | best AP70 acc: 0.7478 | best mAP acc: 0.7101 | best mAR acc: 0.7713 | best Score: 0.7101 | best Score epoch: 15 
epoch 21, iter  251: loss: 0.0005 | load time: 0.0002 | back time: 0.8687 | lr: 0.00007904 | best AP50 acc: 0.8924 | best AP70 acc: 0.7478 | best mAP acc: 0.7101 | best mAR acc: 0.7713 | best Score: 0.7101 | best Score epoch: 15 
epoch 21, iter  301: loss: 0.0005 | load time: 0.0001 | back time: 0.8694 | lr: 0.00007893 | best AP50 acc: 0.8924 | best AP70 acc: 0.7478 | best mAP acc: 0.7101 | best mAR acc: 0.7713 | best Score: 0.7101 | best Score epoch: 15 
epoch 21, iter  351: loss: 0.0005 | load time: 0.0001 | back time: 0.8625 | lr: 0.00007882 | best AP50 acc: 0.8924 | best AP70 acc: 0.7478 | best mAP acc: 0.7101 | best mAR acc: 0.7713 | best Score: 0.7101 | best Score epoch: 15 
epoch 21, iter  401: loss: 0.0005 | load time: 0.0001 | back time: 0.8668 | lr: 0.00007871 | best AP50 acc: 0.8924 | best AP70 acc: 0.7478 | best mAP acc: 0.7101 | best mAR acc: 0.7713 | best Score: 0.7101 | best Score epoch: 15 
epoch 21, iter  451: loss: 0.0005 | load time: 0.0002 | back time: 0.8733 | lr: 0.00007860 | best AP50 acc: 0.8924 | best AP70 acc: 0.7478 | best mAP acc: 0.7101 | best mAR acc: 0.7713 | best Score: 0.7101 | best Score epoch: 15 
epoch 21, iter  501: loss: 0.0005 | load time: 0.0005 | back time: 0.8562 | lr: 0.00007849 | best AP50 acc: 0.8924 | best AP70 acc: 0.7478 | best mAP acc: 0.7101 | best mAR acc: 0.7713 | best Score: 0.7101 | best Score epoch: 15 
epoch 21, iter  551: loss: 0.0005 | load time: 0.0001 | back time: 0.8628 | lr: 0.00007838 | best AP50 acc: 0.8924 | best AP70 acc: 0.7478 | best mAP acc: 0.7101 | best mAR acc: 0.7713 | best Score: 0.7101 | best Score epoch: 15 
epoch 21, iter  601: loss: 0.0004 | load time: 0.0002 | back time: 0.8623 | lr: 0.00007827 | best AP50 acc: 0.8924 | best AP70 acc: 0.7478 | best mAP acc: 0.7101 | best mAR acc: 0.7713 | best Score: 0.7101 | best Score epoch: 15 
epoch 21, iter  651: loss: 0.0005 | load time: 0.0002 | back time: 0.8665 | lr: 0.00007816 | best AP50 acc: 0.8924 | best AP70 acc: 0.7478 | best mAP acc: 0.7101 | best mAR acc: 0.7713 | best Score: 0.7101 | best Score epoch: 15 
epoch 21, iter  701: loss: 0.0004 | load time: 0.0002 | back time: 0.8644 | lr: 0.00007804 | best AP50 acc: 0.8924 | best AP70 acc: 0.7478 | best mAP acc: 0.7101 | best mAR acc: 0.7713 | best Score: 0.7101 | best Score epoch: 15 
epoch 21, iter  751: loss: 0.0005 | load time: 0.0002 | back time: 0.8646 | lr: 0.00007793 | best AP50 acc: 0.8924 | best AP70 acc: 0.7478 | best mAP acc: 0.7101 | best mAR acc: 0.7713 | best Score: 0.7101 | best Score epoch: 15 
epoch 21, iter  801: loss: 0.0005 | load time: 0.0003 | back time: 0.8622 | lr: 0.00007782 | best AP50 acc: 0.8924 | best AP70 acc: 0.7478 | best mAP acc: 0.7101 | best mAR acc: 0.7713 | best Score: 0.7101 | best Score epoch: 15 
epoch 21, iter  851: loss: 0.0005 | load time: 0.0001 | back time: 0.8669 | lr: 0.00007771 | best AP50 acc: 0.8924 | best AP70 acc: 0.7478 | best mAP acc: 0.7101 | best mAR acc: 0.7713 | best Score: 0.7101 | best Score epoch: 15 
epoch 21, iter  901: loss: 0.0005 | load time: 0.0002 | back time: 0.8649 | lr: 0.00007759 | best AP50 acc: 0.8924 | best AP70 acc: 0.7478 | best mAP acc: 0.7101 | best mAR acc: 0.7713 | best Score: 0.7101 | best Score epoch: 15 
epoch 21, iter  951: loss: 0.0005 | load time: 0.0002 | back time: 0.8656 | lr: 0.00007748 | best AP50 acc: 0.8924 | best AP70 acc: 0.7478 | best mAP acc: 0.7101 | best mAR acc: 0.7713 | best Score: 0.7101 | best Score epoch: 15 
epoch 21, iter 1001: loss: 0.0005 | load time: 0.0002 | back time: 0.8768 | lr: 0.00007737 | best AP50 acc: 0.8924 | best AP70 acc: 0.7478 | best mAP acc: 0.7101 | best mAR acc: 0.7713 | best Score: 0.7101 | best Score epoch: 15 
epoch 21, iter 1051: loss: 0.0004 | load time: 0.0002 | back time: 0.8764 | lr: 0.00007725 | best AP50 acc: 0.8924 | best AP70 acc: 0.7478 | best mAP acc: 0.7101 | best mAR acc: 0.7713 | best Score: 0.7101 | best Score epoch: 15 
epoch 21, iter 1101: loss: 0.0005 | load time: 0.0002 | back time: 0.8619 | lr: 0.00007714 | best AP50 acc: 0.8924 | best AP70 acc: 0.7478 | best mAP acc: 0.7101 | best mAR acc: 0.7713 | best Score: 0.7101 | best Score epoch: 15 
epoch 21, iter 1151: loss: 0.0004 | load time: 0.0001 | back time: 0.8667 | lr: 0.00007703 | best AP50 acc: 0.8924 | best AP70 acc: 0.7478 | best mAP acc: 0.7101 | best mAR acc: 0.7713 | best Score: 0.7101 | best Score epoch: 15 
UAV_SEQS_2 | mAP50:90: 32.6848 | AP50: 55.7790 | AP70: 32.5714 
UAV_SEQS_37 | mAP50:90: 93.5898 | AP50: 100.0000 | AP70: 98.6281 
UAV_SEQS_45 | mAP50:90: 92.8375 | AP50: 100.0000 | AP70: 98.7547 
UAV_SEQS_47 | mAP50:90: 94.3930 | AP50: 100.0000 | AP70: 98.9865 
UAV_SEQS_55 | mAP50:90: 37.6262 | AP50: 62.6582 | AP70: 38.4265 
UAV_SEQS_59 | mAP50:90: 59.7526 | AP50: 91.6772 | AP70: 62.1511 
UAV_SEQS_6 | mAP50:90: 49.8205 | AP50: 61.6719 | AP70: 53.5626 
UAV_SEQS_63 | mAP50:90: 10.4326 | AP50: 36.1706 | AP70: 4.8283 
UAV_SEQS_65 | mAP50:90: 79.8398 | AP50: 96.0068 | AP70: 88.8325 
UAV_SEQS_7 | mAP50:90: 82.0129 | AP50: 100.0000 | AP70: 89.0915 
UAV_SEQS_71 | mAP50:90: 77.5568 | AP50: 95.3476 | AP70: 78.8261 
UAV_SEQS_73 | mAP50:90: 65.5643 | AP50: 82.8854 | AP70: 74.1008 
UAV_SEQS_74 | mAP50:90: 94.6716 | AP50: 100.0000 | AP70: 100.0000 
UAV_SEQS_77 | mAP50:90: 32.0127 | AP50: 52.8146 | AP70: 31.9812 
UAV_SEQS_8 | mAP50:90: 93.2572 | AP50: 100.0000 | AP70: 96.3835 
Overall            | mAP50:95: 68.0096 | AP50: 84.4623 | AP70: 71.9606 
epoch 22, iter    1: loss: 0.0005 | load time: 0.0035 | back time: 0.3840 | lr: 0.00007702 | best AP50 acc: 0.8924 | best AP70 acc: 0.7478 | best mAP acc: 0.7101 | best mAR acc: 0.7713 | best Score: 0.7101 | best Score epoch: 15 
epoch 22, iter   51: loss: 0.0005 | load time: 0.0002 | back time: 0.8615 | lr: 0.00007691 | best AP50 acc: 0.8924 | best AP70 acc: 0.7478 | best mAP acc: 0.7101 | best mAR acc: 0.7713 | best Score: 0.7101 | best Score epoch: 15 
epoch 22, iter  101: loss: 0.0005 | load time: 0.0003 | back time: 0.8644 | lr: 0.00007679 | best AP50 acc: 0.8924 | best AP70 acc: 0.7478 | best mAP acc: 0.7101 | best mAR acc: 0.7713 | best Score: 0.7101 | best Score epoch: 15 
epoch 22, iter  151: loss: 0.0005 | load time: 0.0002 | back time: 0.8635 | lr: 0.00007668 | best AP50 acc: 0.8924 | best AP70 acc: 0.7478 | best mAP acc: 0.7101 | best mAR acc: 0.7713 | best Score: 0.7101 | best Score epoch: 15 
epoch 22, iter  201: loss: 0.0005 | load time: 0.0001 | back time: 0.8633 | lr: 0.00007656 | best AP50 acc: 0.8924 | best AP70 acc: 0.7478 | best mAP acc: 0.7101 | best mAR acc: 0.7713 | best Score: 0.7101 | best Score epoch: 15 
epoch 22, iter  251: loss: 0.0005 | load time: 0.0002 | back time: 0.8641 | lr: 0.00007645 | best AP50 acc: 0.8924 | best AP70 acc: 0.7478 | best mAP acc: 0.7101 | best mAR acc: 0.7713 | best Score: 0.7101 | best Score epoch: 15 
epoch 22, iter  301: loss: 0.0005 | load time: 0.0002 | back time: 0.8649 | lr: 0.00007633 | best AP50 acc: 0.8924 | best AP70 acc: 0.7478 | best mAP acc: 0.7101 | best mAR acc: 0.7713 | best Score: 0.7101 | best Score epoch: 15 
epoch 22, iter  351: loss: 0.0005 | load time: 0.0003 | back time: 0.8640 | lr: 0.00007622 | best AP50 acc: 0.8924 | best AP70 acc: 0.7478 | best mAP acc: 0.7101 | best mAR acc: 0.7713 | best Score: 0.7101 | best Score epoch: 15 
epoch 22, iter  401: loss: 0.0005 | load time: 0.0002 | back time: 0.8619 | lr: 0.00007610 | best AP50 acc: 0.8924 | best AP70 acc: 0.7478 | best mAP acc: 0.7101 | best mAR acc: 0.7713 | best Score: 0.7101 | best Score epoch: 15 
epoch 22, iter  451: loss: 0.0004 | load time: 0.0002 | back time: 0.8708 | lr: 0.00007599 | best AP50 acc: 0.8924 | best AP70 acc: 0.7478 | best mAP acc: 0.7101 | best mAR acc: 0.7713 | best Score: 0.7101 | best Score epoch: 15 
epoch 22, iter  501: loss: 0.0005 | load time: 0.0005 | back time: 0.8667 | lr: 0.00007587 | best AP50 acc: 0.8924 | best AP70 acc: 0.7478 | best mAP acc: 0.7101 | best mAR acc: 0.7713 | best Score: 0.7101 | best Score epoch: 15 
epoch 22, iter  551: loss: 0.0005 | load time: 0.0002 | back time: 0.8646 | lr: 0.00007576 | best AP50 acc: 0.8924 | best AP70 acc: 0.7478 | best mAP acc: 0.7101 | best mAR acc: 0.7713 | best Score: 0.7101 | best Score epoch: 15 
epoch 22, iter  601: loss: 0.0005 | load time: 0.0003 | back time: 0.8665 | lr: 0.00007564 | best AP50 acc: 0.8924 | best AP70 acc: 0.7478 | best mAP acc: 0.7101 | best mAR acc: 0.7713 | best Score: 0.7101 | best Score epoch: 15 
epoch 22, iter  651: loss: 0.0005 | load time: 0.0002 | back time: 0.8636 | lr: 0.00007552 | best AP50 acc: 0.8924 | best AP70 acc: 0.7478 | best mAP acc: 0.7101 | best mAR acc: 0.7713 | best Score: 0.7101 | best Score epoch: 15 
epoch 22, iter  701: loss: 0.0004 | load time: 0.0001 | back time: 0.8664 | lr: 0.00007541 | best AP50 acc: 0.8924 | best AP70 acc: 0.7478 | best mAP acc: 0.7101 | best mAR acc: 0.7713 | best Score: 0.7101 | best Score epoch: 15 
epoch 22, iter  751: loss: 0.0005 | load time: 0.0001 | back time: 0.8643 | lr: 0.00007529 | best AP50 acc: 0.8924 | best AP70 acc: 0.7478 | best mAP acc: 0.7101 | best mAR acc: 0.7713 | best Score: 0.7101 | best Score epoch: 15 
epoch 22, iter  801: loss: 0.0005 | load time: 0.0003 | back time: 0.8654 | lr: 0.00007517 | best AP50 acc: 0.8924 | best AP70 acc: 0.7478 | best mAP acc: 0.7101 | best mAR acc: 0.7713 | best Score: 0.7101 | best Score epoch: 15 
epoch 22, iter  851: loss: 0.0004 | load time: 0.0001 | back time: 0.8651 | lr: 0.00007506 | best AP50 acc: 0.8924 | best AP70 acc: 0.7478 | best mAP acc: 0.7101 | best mAR acc: 0.7713 | best Score: 0.7101 | best Score epoch: 15 
epoch 22, iter  901: loss: 0.0005 | load time: 0.0002 | back time: 0.8686 | lr: 0.00007494 | best AP50 acc: 0.8924 | best AP70 acc: 0.7478 | best mAP acc: 0.7101 | best mAR acc: 0.7713 | best Score: 0.7101 | best Score epoch: 15 
epoch 22, iter  951: loss: 0.0004 | load time: 0.0002 | back time: 0.8666 | lr: 0.00007482 | best AP50 acc: 0.8924 | best AP70 acc: 0.7478 | best mAP acc: 0.7101 | best mAR acc: 0.7713 | best Score: 0.7101 | best Score epoch: 15 
epoch 22, iter 1001: loss: 0.0005 | load time: 0.0002 | back time: 0.8667 | lr: 0.00007470 | best AP50 acc: 0.8924 | best AP70 acc: 0.7478 | best mAP acc: 0.7101 | best mAR acc: 0.7713 | best Score: 0.7101 | best Score epoch: 15 
epoch 22, iter 1051: loss: 0.0005 | load time: 0.0002 | back time: 0.8706 | lr: 0.00007459 | best AP50 acc: 0.8924 | best AP70 acc: 0.7478 | best mAP acc: 0.7101 | best mAR acc: 0.7713 | best Score: 0.7101 | best Score epoch: 15 
epoch 22, iter 1101: loss: 0.0005 | load time: 0.0004 | back time: 0.8669 | lr: 0.00007447 | best AP50 acc: 0.8924 | best AP70 acc: 0.7478 | best mAP acc: 0.7101 | best mAR acc: 0.7713 | best Score: 0.7101 | best Score epoch: 15 
epoch 22, iter 1151: loss: 0.0005 | load time: 0.0001 | back time: 0.8651 | lr: 0.00007435 | best AP50 acc: 0.8924 | best AP70 acc: 0.7478 | best mAP acc: 0.7101 | best mAR acc: 0.7713 | best Score: 0.7101 | best Score epoch: 15 
UAV_SEQS_2 | mAP50:90: 35.9130 | AP50: 65.6726 | AP70: 35.4727 
UAV_SEQS_37 | mAP50:90: 87.8369 | AP50: 100.0000 | AP70: 93.5351 
UAV_SEQS_45 | mAP50:90: 92.6055 | AP50: 100.0000 | AP70: 100.0000 
UAV_SEQS_47 | mAP50:90: 96.7948 | AP50: 100.0000 | AP70: 100.0000 
UAV_SEQS_55 | mAP50:90: 39.3045 | AP50: 63.9593 | AP70: 41.4700 
UAV_SEQS_59 | mAP50:90: 60.7067 | AP50: 93.5173 | AP70: 63.4820 
UAV_SEQS_6 | mAP50:90: 47.6577 | AP50: 61.4696 | AP70: 49.4840 
UAV_SEQS_63 | mAP50:90: 24.7668 | AP50: 76.0200 | AP70: 10.5293 
UAV_SEQS_65 | mAP50:90: 83.8541 | AP50: 96.5712 | AP70: 94.3711 
UAV_SEQS_7 | mAP50:90: 84.7082 | AP50: 100.0000 | AP70: 92.5112 
UAV_SEQS_71 | mAP50:90: 70.5384 | AP50: 90.9162 | AP70: 69.1585 
UAV_SEQS_73 | mAP50:90: 62.4663 | AP50: 83.0292 | AP70: 71.7001 
UAV_SEQS_74 | mAP50:90: 97.5688 | AP50: 100.0000 | AP70: 100.0000 
UAV_SEQS_77 | mAP50:90: 29.8527 | AP50: 55.7881 | AP70: 28.2778 
UAV_SEQS_8 | mAP50:90: 94.8654 | AP50: 100.0000 | AP70: 96.4521 
Overall            | mAP50:95: 69.1311 | AP50: 87.8395 | AP70: 72.1968 
epoch 23, iter    1: loss: 0.0005 | load time: 0.0043 | back time: 0.4844 | lr: 0.00007434 | best AP50 acc: 0.8924 | best AP70 acc: 0.7478 | best mAP acc: 0.7101 | best mAR acc: 0.7713 | best Score: 0.7101 | best Score epoch: 15 
epoch 23, iter   51: loss: 0.0005 | load time: 0.0002 | back time: 0.8566 | lr: 0.00007423 | best AP50 acc: 0.8924 | best AP70 acc: 0.7478 | best mAP acc: 0.7101 | best mAR acc: 0.7713 | best Score: 0.7101 | best Score epoch: 15 
epoch 23, iter  101: loss: 0.0005 | load time: 0.0002 | back time: 0.8647 | lr: 0.00007411 | best AP50 acc: 0.8924 | best AP70 acc: 0.7478 | best mAP acc: 0.7101 | best mAR acc: 0.7713 | best Score: 0.7101 | best Score epoch: 15 
epoch 23, iter  151: loss: 0.0005 | load time: 0.0002 | back time: 0.8659 | lr: 0.00007399 | best AP50 acc: 0.8924 | best AP70 acc: 0.7478 | best mAP acc: 0.7101 | best mAR acc: 0.7713 | best Score: 0.7101 | best Score epoch: 15 
epoch 23, iter  201: loss: 0.0005 | load time: 0.0002 | back time: 0.8686 | lr: 0.00007387 | best AP50 acc: 0.8924 | best AP70 acc: 0.7478 | best mAP acc: 0.7101 | best mAR acc: 0.7713 | best Score: 0.7101 | best Score epoch: 15 
epoch 23, iter  251: loss: 0.0005 | load time: 0.0002 | back time: 0.8698 | lr: 0.00007375 | best AP50 acc: 0.8924 | best AP70 acc: 0.7478 | best mAP acc: 0.7101 | best mAR acc: 0.7713 | best Score: 0.7101 | best Score epoch: 15 
epoch 23, iter  301: loss: 0.0005 | load time: 0.0004 | back time: 0.8670 | lr: 0.00007363 | best AP50 acc: 0.8924 | best AP70 acc: 0.7478 | best mAP acc: 0.7101 | best mAR acc: 0.7713 | best Score: 0.7101 | best Score epoch: 15 
epoch 23, iter  351: loss: 0.0005 | load time: 0.0004 | back time: 0.8648 | lr: 0.00007351 | best AP50 acc: 0.8924 | best AP70 acc: 0.7478 | best mAP acc: 0.7101 | best mAR acc: 0.7713 | best Score: 0.7101 | best Score epoch: 15 
epoch 23, iter  401: loss: 0.0005 | load time: 0.0002 | back time: 0.8678 | lr: 0.00007339 | best AP50 acc: 0.8924 | best AP70 acc: 0.7478 | best mAP acc: 0.7101 | best mAR acc: 0.7713 | best Score: 0.7101 | best Score epoch: 15 
epoch 23, iter  451: loss: 0.0005 | load time: 0.0002 | back time: 0.8610 | lr: 0.00007327 | best AP50 acc: 0.8924 | best AP70 acc: 0.7478 | best mAP acc: 0.7101 | best mAR acc: 0.7713 | best Score: 0.7101 | best Score epoch: 15 
epoch 23, iter  501: loss: 0.0005 | load time: 0.0002 | back time: 0.8659 | lr: 0.00007315 | best AP50 acc: 0.8924 | best AP70 acc: 0.7478 | best mAP acc: 0.7101 | best mAR acc: 0.7713 | best Score: 0.7101 | best Score epoch: 15 
epoch 23, iter  551: loss: 0.0004 | load time: 0.0002 | back time: 0.8647 | lr: 0.00007303 | best AP50 acc: 0.8924 | best AP70 acc: 0.7478 | best mAP acc: 0.7101 | best mAR acc: 0.7713 | best Score: 0.7101 | best Score epoch: 15 
epoch 23, iter  601: loss: 0.0005 | load time: 0.0002 | back time: 0.8708 | lr: 0.00007291 | best AP50 acc: 0.8924 | best AP70 acc: 0.7478 | best mAP acc: 0.7101 | best mAR acc: 0.7713 | best Score: 0.7101 | best Score epoch: 15 
epoch 23, iter  651: loss: 0.0005 | load time: 0.0001 | back time: 0.8755 | lr: 0.00007279 | best AP50 acc: 0.8924 | best AP70 acc: 0.7478 | best mAP acc: 0.7101 | best mAR acc: 0.7713 | best Score: 0.7101 | best Score epoch: 15 
epoch 23, iter  701: loss: 0.0005 | load time: 0.0002 | back time: 0.8796 | lr: 0.00007267 | best AP50 acc: 0.8924 | best AP70 acc: 0.7478 | best mAP acc: 0.7101 | best mAR acc: 0.7713 | best Score: 0.7101 | best Score epoch: 15 
epoch 23, iter  751: loss: 0.0005 | load time: 0.0002 | back time: 0.8701 | lr: 0.00007255 | best AP50 acc: 0.8924 | best AP70 acc: 0.7478 | best mAP acc: 0.7101 | best mAR acc: 0.7713 | best Score: 0.7101 | best Score epoch: 15 
epoch 23, iter  801: loss: 0.0005 | load time: 0.0003 | back time: 0.8664 | lr: 0.00007243 | best AP50 acc: 0.8924 | best AP70 acc: 0.7478 | best mAP acc: 0.7101 | best mAR acc: 0.7713 | best Score: 0.7101 | best Score epoch: 15 
epoch 23, iter  851: loss: 0.0005 | load time: 0.0002 | back time: 0.8658 | lr: 0.00007231 | best AP50 acc: 0.8924 | best AP70 acc: 0.7478 | best mAP acc: 0.7101 | best mAR acc: 0.7713 | best Score: 0.7101 | best Score epoch: 15 
epoch 23, iter  901: loss: 0.0005 | load time: 0.0001 | back time: 0.8671 | lr: 0.00007219 | best AP50 acc: 0.8924 | best AP70 acc: 0.7478 | best mAP acc: 0.7101 | best mAR acc: 0.7713 | best Score: 0.7101 | best Score epoch: 15 
epoch 23, iter  951: loss: 0.0005 | load time: 0.0002 | back time: 0.8686 | lr: 0.00007207 | best AP50 acc: 0.8924 | best AP70 acc: 0.7478 | best mAP acc: 0.7101 | best mAR acc: 0.7713 | best Score: 0.7101 | best Score epoch: 15 
epoch 23, iter 1001: loss: 0.0005 | load time: 0.0002 | back time: 0.8672 | lr: 0.00007194 | best AP50 acc: 0.8924 | best AP70 acc: 0.7478 | best mAP acc: 0.7101 | best mAR acc: 0.7713 | best Score: 0.7101 | best Score epoch: 15 
epoch 23, iter 1051: loss: 0.0005 | load time: 0.0003 | back time: 0.8646 | lr: 0.00007182 | best AP50 acc: 0.8924 | best AP70 acc: 0.7478 | best mAP acc: 0.7101 | best mAR acc: 0.7713 | best Score: 0.7101 | best Score epoch: 15 
epoch 23, iter 1101: loss: 0.0005 | load time: 0.0002 | back time: 0.8660 | lr: 0.00007170 | best AP50 acc: 0.8924 | best AP70 acc: 0.7478 | best mAP acc: 0.7101 | best mAR acc: 0.7713 | best Score: 0.7101 | best Score epoch: 15 
epoch 23, iter 1151: loss: 0.0005 | load time: 0.0001 | back time: 0.8587 | lr: 0.00007158 | best AP50 acc: 0.8924 | best AP70 acc: 0.7478 | best mAP acc: 0.7101 | best mAR acc: 0.7713 | best Score: 0.7101 | best Score epoch: 15 
UAV_SEQS_2 | mAP50:90: 28.9774 | AP50: 52.7541 | AP70: 26.5842 
UAV_SEQS_37 | mAP50:90: 90.4512 | AP50: 100.0000 | AP70: 93.6878 
UAV_SEQS_45 | mAP50:90: 91.5438 | AP50: 100.0000 | AP70: 97.5026 
UAV_SEQS_47 | mAP50:90: 98.5811 | AP50: 100.0000 | AP70: 100.0000 
UAV_SEQS_55 | mAP50:90: 37.3140 | AP50: 62.0449 | AP70: 41.4541 
UAV_SEQS_59 | mAP50:90: 66.1346 | AP50: 92.7799 | AP70: 72.7592 
UAV_SEQS_6 | mAP50:90: 49.6446 | AP50: 60.5868 | AP70: 55.5137 
UAV_SEQS_63 | mAP50:90: 28.8257 | AP50: 76.4217 | AP70: 18.7529 
UAV_SEQS_65 | mAP50:90: 78.9563 | AP50: 92.9413 | AP70: 85.4044 
UAV_SEQS_7 | mAP50:90: 83.8319 | AP50: 100.0000 | AP70: 91.1336 
UAV_SEQS_71 | mAP50:90: 74.6275 | AP50: 93.2335 | AP70: 74.7687 
UAV_SEQS_73 | mAP50:90: 65.4155 | AP50: 82.5302 | AP70: 74.5158 
UAV_SEQS_74 | mAP50:90: 96.8932 | AP50: 99.9869 | AP70: 99.9869 
UAV_SEQS_77 | mAP50:90: 48.9104 | AP50: 77.0418 | AP70: 53.0836 
UAV_SEQS_8 | mAP50:90: 89.7642 | AP50: 98.7558 | AP70: 94.9879 
Overall            | mAP50:95: 70.0038 | AP50: 87.3747 | AP70: 74.3309 
epoch 24, iter    1: loss: 0.0005 | load time: 0.0040 | back time: 0.4889 | lr: 0.00007157 | best AP50 acc: 0.8924 | best AP70 acc: 0.7478 | best mAP acc: 0.7101 | best mAR acc: 0.7713 | best Score: 0.7101 | best Score epoch: 15 
epoch 24, iter   51: loss: 0.0005 | load time: 0.0002 | back time: 0.8622 | lr: 0.00007145 | best AP50 acc: 0.8924 | best AP70 acc: 0.7478 | best mAP acc: 0.7101 | best mAR acc: 0.7713 | best Score: 0.7101 | best Score epoch: 15 
epoch 24, iter  101: loss: 0.0005 | load time: 0.0003 | back time: 0.8667 | lr: 0.00007133 | best AP50 acc: 0.8924 | best AP70 acc: 0.7478 | best mAP acc: 0.7101 | best mAR acc: 0.7713 | best Score: 0.7101 | best Score epoch: 15 
epoch 24, iter  151: loss: 0.0005 | load time: 0.0002 | back time: 0.8683 | lr: 0.00007121 | best AP50 acc: 0.8924 | best AP70 acc: 0.7478 | best mAP acc: 0.7101 | best mAR acc: 0.7713 | best Score: 0.7101 | best Score epoch: 15 
epoch 24, iter  201: loss: 0.0005 | load time: 0.0001 | back time: 0.8687 | lr: 0.00007108 | best AP50 acc: 0.8924 | best AP70 acc: 0.7478 | best mAP acc: 0.7101 | best mAR acc: 0.7713 | best Score: 0.7101 | best Score epoch: 15 
epoch 24, iter  251: loss: 0.0005 | load time: 0.0003 | back time: 0.8665 | lr: 0.00007096 | best AP50 acc: 0.8924 | best AP70 acc: 0.7478 | best mAP acc: 0.7101 | best mAR acc: 0.7713 | best Score: 0.7101 | best Score epoch: 15 
epoch 24, iter  301: loss: 0.0005 | load time: 0.0002 | back time: 0.8697 | lr: 0.00007084 | best AP50 acc: 0.8924 | best AP70 acc: 0.7478 | best mAP acc: 0.7101 | best mAR acc: 0.7713 | best Score: 0.7101 | best Score epoch: 15 
epoch 24, iter  351: loss: 0.0004 | load time: 0.0002 | back time: 0.8635 | lr: 0.00007071 | best AP50 acc: 0.8924 | best AP70 acc: 0.7478 | best mAP acc: 0.7101 | best mAR acc: 0.7713 | best Score: 0.7101 | best Score epoch: 15 
epoch 24, iter  401: loss: 0.0005 | load time: 0.0003 | back time: 0.8648 | lr: 0.00007059 | best AP50 acc: 0.8924 | best AP70 acc: 0.7478 | best mAP acc: 0.7101 | best mAR acc: 0.7713 | best Score: 0.7101 | best Score epoch: 15 
epoch 24, iter  451: loss: 0.0005 | load time: 0.0002 | back time: 0.8665 | lr: 0.00007047 | best AP50 acc: 0.8924 | best AP70 acc: 0.7478 | best mAP acc: 0.7101 | best mAR acc: 0.7713 | best Score: 0.7101 | best Score epoch: 15 
epoch 24, iter  501: loss: 0.0005 | load time: 0.0002 | back time: 0.8682 | lr: 0.00007034 | best AP50 acc: 0.8924 | best AP70 acc: 0.7478 | best mAP acc: 0.7101 | best mAR acc: 0.7713 | best Score: 0.7101 | best Score epoch: 15 
epoch 24, iter  551: loss: 0.0005 | load time: 0.0003 | back time: 0.8652 | lr: 0.00007022 | best AP50 acc: 0.8924 | best AP70 acc: 0.7478 | best mAP acc: 0.7101 | best mAR acc: 0.7713 | best Score: 0.7101 | best Score epoch: 15 
epoch 24, iter  601: loss: 0.0005 | load time: 0.0002 | back time: 0.8703 | lr: 0.00007010 | best AP50 acc: 0.8924 | best AP70 acc: 0.7478 | best mAP acc: 0.7101 | best mAR acc: 0.7713 | best Score: 0.7101 | best Score epoch: 15 
epoch 24, iter  651: loss: 0.0005 | load time: 0.0002 | back time: 0.8669 | lr: 0.00006997 | best AP50 acc: 0.8924 | best AP70 acc: 0.7478 | best mAP acc: 0.7101 | best mAR acc: 0.7713 | best Score: 0.7101 | best Score epoch: 15 
epoch 24, iter  701: loss: 0.0005 | load time: 0.0002 | back time: 0.8715 | lr: 0.00006985 | best AP50 acc: 0.8924 | best AP70 acc: 0.7478 | best mAP acc: 0.7101 | best mAR acc: 0.7713 | best Score: 0.7101 | best Score epoch: 15 
epoch 24, iter  751: loss: 0.0005 | load time: 0.0002 | back time: 0.8691 | lr: 0.00006972 | best AP50 acc: 0.8924 | best AP70 acc: 0.7478 | best mAP acc: 0.7101 | best mAR acc: 0.7713 | best Score: 0.7101 | best Score epoch: 15 
epoch 24, iter  801: loss: 0.0005 | load time: 0.0002 | back time: 0.8674 | lr: 0.00006960 | best AP50 acc: 0.8924 | best AP70 acc: 0.7478 | best mAP acc: 0.7101 | best mAR acc: 0.7713 | best Score: 0.7101 | best Score epoch: 15 
epoch 24, iter  851: loss: 0.0005 | load time: 0.0003 | back time: 0.8690 | lr: 0.00006948 | best AP50 acc: 0.8924 | best AP70 acc: 0.7478 | best mAP acc: 0.7101 | best mAR acc: 0.7713 | best Score: 0.7101 | best Score epoch: 15 
epoch 24, iter  901: loss: 0.0005 | load time: 0.0002 | back time: 0.8748 | lr: 0.00006935 | best AP50 acc: 0.8924 | best AP70 acc: 0.7478 | best mAP acc: 0.7101 | best mAR acc: 0.7713 | best Score: 0.7101 | best Score epoch: 15 
epoch 24, iter  951: loss: 0.0005 | load time: 0.0002 | back time: 0.8695 | lr: 0.00006923 | best AP50 acc: 0.8924 | best AP70 acc: 0.7478 | best mAP acc: 0.7101 | best mAR acc: 0.7713 | best Score: 0.7101 | best Score epoch: 15 
epoch 24, iter 1001: loss: 0.0004 | load time: 0.0002 | back time: 0.8691 | lr: 0.00006910 | best AP50 acc: 0.8924 | best AP70 acc: 0.7478 | best mAP acc: 0.7101 | best mAR acc: 0.7713 | best Score: 0.7101 | best Score epoch: 15 
epoch 24, iter 1051: loss: 0.0005 | load time: 0.0005 | back time: 0.8664 | lr: 0.00006898 | best AP50 acc: 0.8924 | best AP70 acc: 0.7478 | best mAP acc: 0.7101 | best mAR acc: 0.7713 | best Score: 0.7101 | best Score epoch: 15 
epoch 24, iter 1101: loss: 0.0004 | load time: 0.0003 | back time: 0.8688 | lr: 0.00006885 | best AP50 acc: 0.8924 | best AP70 acc: 0.7478 | best mAP acc: 0.7101 | best mAR acc: 0.7713 | best Score: 0.7101 | best Score epoch: 15 
epoch 24, iter 1151: loss: 0.0005 | load time: 0.0014 | back time: 0.8546 | lr: 0.00006872 | best AP50 acc: 0.8924 | best AP70 acc: 0.7478 | best mAP acc: 0.7101 | best mAR acc: 0.7713 | best Score: 0.7101 | best Score epoch: 15 
UAV_SEQS_2 | mAP50:90: 30.5297 | AP50: 58.0296 | AP70: 29.4957 
UAV_SEQS_37 | mAP50:90: 90.9785 | AP50: 100.0000 | AP70: 98.8046 
UAV_SEQS_45 | mAP50:90: 90.2986 | AP50: 100.0000 | AP70: 96.2617 
UAV_SEQS_47 | mAP50:90: 94.4360 | AP50: 100.0000 | AP70: 97.9042 
UAV_SEQS_55 | mAP50:90: 41.3101 | AP50: 64.3896 | AP70: 46.1073 
UAV_SEQS_59 | mAP50:90: 64.1245 | AP50: 93.3114 | AP70: 70.6123 
UAV_SEQS_6 | mAP50:90: 47.6358 | AP50: 58.4688 | AP70: 52.4141 
UAV_SEQS_63 | mAP50:90: 32.5526 | AP50: 81.5809 | AP70: 22.7292 
UAV_SEQS_65 | mAP50:90: 80.2555 | AP50: 97.4729 | AP70: 89.9620 
UAV_SEQS_7 | mAP50:90: 83.6539 | AP50: 100.0000 | AP70: 92.9735 
UAV_SEQS_71 | mAP50:90: 72.6780 | AP50: 92.7391 | AP70: 80.0639 
UAV_SEQS_73 | mAP50:90: 63.4898 | AP50: 84.0255 | AP70: 74.3239 
UAV_SEQS_74 | mAP50:90: 94.4725 | AP50: 100.0000 | AP70: 98.9175 
UAV_SEQS_77 | mAP50:90: 27.6387 | AP50: 48.0448 | AP70: 29.9096 
UAV_SEQS_8 | mAP50:90: 95.2303 | AP50: 98.9361 | AP70: 96.8371 
Overall            | mAP50:95: 68.6041 | AP50: 86.6055 | AP70: 74.5040 
epoch 25, iter    1: loss: 0.0004 | load time: 0.0050 | back time: 0.4001 | lr: 0.00006872 | best AP50 acc: 0.8924 | best AP70 acc: 0.7478 | best mAP acc: 0.7101 | best mAR acc: 0.7713 | best Score: 0.7101 | best Score epoch: 15 
epoch 25, iter   51: loss: 0.0005 | load time: 0.0003 | back time: 0.8428 | lr: 0.00006859 | best AP50 acc: 0.8924 | best AP70 acc: 0.7478 | best mAP acc: 0.7101 | best mAR acc: 0.7713 | best Score: 0.7101 | best Score epoch: 15 
epoch 25, iter  101: loss: 0.0004 | load time: 0.0003 | back time: 0.8448 | lr: 0.00006847 | best AP50 acc: 0.8924 | best AP70 acc: 0.7478 | best mAP acc: 0.7101 | best mAR acc: 0.7713 | best Score: 0.7101 | best Score epoch: 15 
epoch 25, iter  151: loss: 0.0004 | load time: 0.0002 | back time: 0.8892 | lr: 0.00006834 | best AP50 acc: 0.8924 | best AP70 acc: 0.7478 | best mAP acc: 0.7101 | best mAR acc: 0.7713 | best Score: 0.7101 | best Score epoch: 15 
epoch 25, iter  201: loss: 0.0005 | load time: 0.0002 | back time: 0.8232 | lr: 0.00006822 | best AP50 acc: 0.8924 | best AP70 acc: 0.7478 | best mAP acc: 0.7101 | best mAR acc: 0.7713 | best Score: 0.7101 | best Score epoch: 15 
epoch 25, iter  251: loss: 0.0005 | load time: 0.0005 | back time: 0.8445 | lr: 0.00006809 | best AP50 acc: 0.8924 | best AP70 acc: 0.7478 | best mAP acc: 0.7101 | best mAR acc: 0.7713 | best Score: 0.7101 | best Score epoch: 15 
epoch 25, iter  301: loss: 0.0005 | load time: 0.0002 | back time: 0.8595 | lr: 0.00006796 | best AP50 acc: 0.8924 | best AP70 acc: 0.7478 | best mAP acc: 0.7101 | best mAR acc: 0.7713 | best Score: 0.7101 | best Score epoch: 15 
epoch 25, iter  351: loss: 0.0004 | load time: 0.0002 | back time: 0.8478 | lr: 0.00006784 | best AP50 acc: 0.8924 | best AP70 acc: 0.7478 | best mAP acc: 0.7101 | best mAR acc: 0.7713 | best Score: 0.7101 | best Score epoch: 15 
epoch 25, iter  401: loss: 0.0005 | load time: 0.0002 | back time: 0.8520 | lr: 0.00006771 | best AP50 acc: 0.8924 | best AP70 acc: 0.7478 | best mAP acc: 0.7101 | best mAR acc: 0.7713 | best Score: 0.7101 | best Score epoch: 15 
epoch 25, iter  451: loss: 0.0005 | load time: 0.0002 | back time: 0.8520 | lr: 0.00006758 | best AP50 acc: 0.8924 | best AP70 acc: 0.7478 | best mAP acc: 0.7101 | best mAR acc: 0.7713 | best Score: 0.7101 | best Score epoch: 15 
epoch 25, iter  501: loss: 0.0004 | load time: 0.0002 | back time: 0.8532 | lr: 0.00006746 | best AP50 acc: 0.8924 | best AP70 acc: 0.7478 | best mAP acc: 0.7101 | best mAR acc: 0.7713 | best Score: 0.7101 | best Score epoch: 15 
epoch 25, iter  551: loss: 0.0005 | load time: 0.0003 | back time: 0.8583 | lr: 0.00006733 | best AP50 acc: 0.8924 | best AP70 acc: 0.7478 | best mAP acc: 0.7101 | best mAR acc: 0.7713 | best Score: 0.7101 | best Score epoch: 15 
epoch 25, iter  601: loss: 0.0005 | load time: 0.0002 | back time: 0.8570 | lr: 0.00006720 | best AP50 acc: 0.8924 | best AP70 acc: 0.7478 | best mAP acc: 0.7101 | best mAR acc: 0.7713 | best Score: 0.7101 | best Score epoch: 15 
epoch 25, iter  651: loss: 0.0004 | load time: 0.0002 | back time: 0.8569 | lr: 0.00006708 | best AP50 acc: 0.8924 | best AP70 acc: 0.7478 | best mAP acc: 0.7101 | best mAR acc: 0.7713 | best Score: 0.7101 | best Score epoch: 15 
epoch 25, iter  701: loss: 0.0004 | load time: 0.0002 | back time: 0.8571 | lr: 0.00006695 | best AP50 acc: 0.8924 | best AP70 acc: 0.7478 | best mAP acc: 0.7101 | best mAR acc: 0.7713 | best Score: 0.7101 | best Score epoch: 15 
epoch 25, iter  751: loss: 0.0004 | load time: 0.0002 | back time: 0.8567 | lr: 0.00006682 | best AP50 acc: 0.8924 | best AP70 acc: 0.7478 | best mAP acc: 0.7101 | best mAR acc: 0.7713 | best Score: 0.7101 | best Score epoch: 15 
epoch 25, iter  801: loss: 0.0005 | load time: 0.0003 | back time: 0.8620 | lr: 0.00006669 | best AP50 acc: 0.8924 | best AP70 acc: 0.7478 | best mAP acc: 0.7101 | best mAR acc: 0.7713 | best Score: 0.7101 | best Score epoch: 15 
epoch 25, iter  851: loss: 0.0005 | load time: 0.0002 | back time: 0.8580 | lr: 0.00006657 | best AP50 acc: 0.8924 | best AP70 acc: 0.7478 | best mAP acc: 0.7101 | best mAR acc: 0.7713 | best Score: 0.7101 | best Score epoch: 15 
epoch 25, iter  901: loss: 0.0005 | load time: 0.0002 | back time: 0.8570 | lr: 0.00006644 | best AP50 acc: 0.8924 | best AP70 acc: 0.7478 | best mAP acc: 0.7101 | best mAR acc: 0.7713 | best Score: 0.7101 | best Score epoch: 15 
epoch 25, iter  951: loss: 0.0004 | load time: 0.0002 | back time: 0.8595 | lr: 0.00006631 | best AP50 acc: 0.8924 | best AP70 acc: 0.7478 | best mAP acc: 0.7101 | best mAR acc: 0.7713 | best Score: 0.7101 | best Score epoch: 15 
epoch 25, iter 1001: loss: 0.0005 | load time: 0.0002 | back time: 0.8723 | lr: 0.00006618 | best AP50 acc: 0.8924 | best AP70 acc: 0.7478 | best mAP acc: 0.7101 | best mAR acc: 0.7713 | best Score: 0.7101 | best Score epoch: 15 
epoch 25, iter 1051: loss: 0.0005 | load time: 0.0001 | back time: 0.8963 | lr: 0.00006606 | best AP50 acc: 0.8924 | best AP70 acc: 0.7478 | best mAP acc: 0.7101 | best mAR acc: 0.7713 | best Score: 0.7101 | best Score epoch: 15 
epoch 25, iter 1101: loss: 0.0005 | load time: 0.0002 | back time: 0.8583 | lr: 0.00006593 | best AP50 acc: 0.8924 | best AP70 acc: 0.7478 | best mAP acc: 0.7101 | best mAR acc: 0.7713 | best Score: 0.7101 | best Score epoch: 15 
epoch 25, iter 1151: loss: 0.0005 | load time: 0.0001 | back time: 0.8582 | lr: 0.00006580 | best AP50 acc: 0.8924 | best AP70 acc: 0.7478 | best mAP acc: 0.7101 | best mAR acc: 0.7713 | best Score: 0.7101 | best Score epoch: 15 
UAV_SEQS_2 | mAP50:90: 26.1409 | AP50: 47.5826 | AP70: 23.9518 
UAV_SEQS_37 | mAP50:90: 90.3331 | AP50: 100.0000 | AP70: 95.9117 
UAV_SEQS_45 | mAP50:90: 90.3113 | AP50: 100.0000 | AP70: 100.0000 
UAV_SEQS_47 | mAP50:90: 98.2324 | AP50: 100.0000 | AP70: 100.0000 
UAV_SEQS_55 | mAP50:90: 39.5019 | AP50: 62.4416 | AP70: 40.9566 
UAV_SEQS_59 | mAP50:90: 65.4980 | AP50: 94.4494 | AP70: 72.0215 
UAV_SEQS_6 | mAP50:90: 48.9047 | AP50: 61.2955 | AP70: 53.2205 
UAV_SEQS_63 | mAP50:90: 31.5421 | AP50: 83.1947 | AP70: 20.7854 
UAV_SEQS_65 | mAP50:90: 75.5573 | AP50: 95.0566 | AP70: 81.1254 
UAV_SEQS_7 | mAP50:90: 74.7358 | AP50: 100.0000 | AP70: 88.1855 
UAV_SEQS_71 | mAP50:90: 72.4150 | AP50: 93.5743 | AP70: 74.8727 
UAV_SEQS_73 | mAP50:90: 67.8864 | AP50: 86.2564 | AP70: 74.6869 
UAV_SEQS_74 | mAP50:90: 86.5842 | AP50: 99.5730 | AP70: 85.6584 
UAV_SEQS_77 | mAP50:90: 26.9197 | AP50: 56.8693 | AP70: 23.5536 
UAV_SEQS_8 | mAP50:90: 92.6091 | AP50: 100.0000 | AP70: 96.9505 
Overall            | mAP50:95: 66.6256 | AP50: 86.1244 | AP70: 70.6531 
