epoch  1, iter    1: loss: 0.6886 | load time: 0.1198 | back time: 1.4637 | lr: 0.00000012 | best AP50 acc: 0.0000 | best AP70 acc: 0.0000 | best mAP acc: 0.0000 | best mAR acc: 0.0000 | best Score: 0.0000 | best Score epoch: -1 
epoch  1, iter   51: loss: 0.5060 | load time: 0.0001 | back time: 0.8149 | lr: 0.00000098 | best AP50 acc: 0.0000 | best AP70 acc: 0.0000 | best mAP acc: 0.0000 | best mAR acc: 0.0000 | best Score: 0.0000 | best Score epoch: -1 
epoch  1, iter  101: loss: 0.3237 | load time: 0.0002 | back time: 0.8069 | lr: 0.00000185 | best AP50 acc: 0.0000 | best AP70 acc: 0.0000 | best mAP acc: 0.0000 | best mAR acc: 0.0000 | best Score: 0.0000 | best Score epoch: -1 
epoch  1, iter  151: loss: 0.1407 | load time: 0.0003 | back time: 0.8210 | lr: 0.00000272 | best AP50 acc: 0.0000 | best AP70 acc: 0.0000 | best mAP acc: 0.0000 | best mAR acc: 0.0000 | best Score: 0.0000 | best Score epoch: -1 
epoch  1, iter  201: loss: 0.0850 | load time: 0.0001 | back time: 0.8259 | lr: 0.00000359 | best AP50 acc: 0.0000 | best AP70 acc: 0.0000 | best mAP acc: 0.0000 | best mAR acc: 0.0000 | best Score: 0.0000 | best Score epoch: -1 
epoch  1, iter  251: loss: 0.0685 | load time: 0.0003 | back time: 0.7985 | lr: 0.00000445 | best AP50 acc: 0.0000 | best AP70 acc: 0.0000 | best mAP acc: 0.0000 | best mAR acc: 0.0000 | best Score: 0.0000 | best Score epoch: -1 
epoch  1, iter  301: loss: 0.0510 | load time: 0.0002 | back time: 0.8170 | lr: 0.00000532 | best AP50 acc: 0.0000 | best AP70 acc: 0.0000 | best mAP acc: 0.0000 | best mAR acc: 0.0000 | best Score: 0.0000 | best Score epoch: -1 
epoch  1, iter  351: loss: 0.0499 | load time: 0.0003 | back time: 0.8195 | lr: 0.00000619 | best AP50 acc: 0.0000 | best AP70 acc: 0.0000 | best mAP acc: 0.0000 | best mAR acc: 0.0000 | best Score: 0.0000 | best Score epoch: -1 
epoch  1, iter  401: loss: 0.0418 | load time: 0.0002 | back time: 0.8252 | lr: 0.00000705 | best AP50 acc: 0.0000 | best AP70 acc: 0.0000 | best mAP acc: 0.0000 | best mAR acc: 0.0000 | best Score: 0.0000 | best Score epoch: -1 
epoch  1, iter  451: loss: 0.0371 | load time: 0.0002 | back time: 0.8046 | lr: 0.00000792 | best AP50 acc: 0.0000 | best AP70 acc: 0.0000 | best mAP acc: 0.0000 | best mAR acc: 0.0000 | best Score: 0.0000 | best Score epoch: -1 
epoch  1, iter  501: loss: 0.0325 | load time: 0.0002 | back time: 0.8213 | lr: 0.00000879 | best AP50 acc: 0.0000 | best AP70 acc: 0.0000 | best mAP acc: 0.0000 | best mAR acc: 0.0000 | best Score: 0.0000 | best Score epoch: -1 
epoch  1, iter  551: loss: 0.0331 | load time: 0.0002 | back time: 0.8238 | lr: 0.00000966 | best AP50 acc: 0.0000 | best AP70 acc: 0.0000 | best mAP acc: 0.0000 | best mAR acc: 0.0000 | best Score: 0.0000 | best Score epoch: -1 
epoch  1, iter  601: loss: 0.0296 | load time: 0.0002 | back time: 0.8264 | lr: 0.00001052 | best AP50 acc: 0.0000 | best AP70 acc: 0.0000 | best mAP acc: 0.0000 | best mAR acc: 0.0000 | best Score: 0.0000 | best Score epoch: -1 
epoch  1, iter  651: loss: 0.0302 | load time: 0.0002 | back time: 0.8159 | lr: 0.00001139 | best AP50 acc: 0.0000 | best AP70 acc: 0.0000 | best mAP acc: 0.0000 | best mAR acc: 0.0000 | best Score: 0.0000 | best Score epoch: -1 
epoch  1, iter  701: loss: 0.0285 | load time: 0.0001 | back time: 0.8220 | lr: 0.00001226 | best AP50 acc: 0.0000 | best AP70 acc: 0.0000 | best mAP acc: 0.0000 | best mAR acc: 0.0000 | best Score: 0.0000 | best Score epoch: -1 
epoch  1, iter  751: loss: 0.0223 | load time: 0.0002 | back time: 0.8245 | lr: 0.00001313 | best AP50 acc: 0.0000 | best AP70 acc: 0.0000 | best mAP acc: 0.0000 | best mAR acc: 0.0000 | best Score: 0.0000 | best Score epoch: -1 
epoch  1, iter  801: loss: 0.0234 | load time: 0.0001 | back time: 0.8041 | lr: 0.00001399 | best AP50 acc: 0.0000 | best AP70 acc: 0.0000 | best mAP acc: 0.0000 | best mAR acc: 0.0000 | best Score: 0.0000 | best Score epoch: -1 
epoch  1, iter  851: loss: 0.0224 | load time: 0.0002 | back time: 0.8175 | lr: 0.00001486 | best AP50 acc: 0.0000 | best AP70 acc: 0.0000 | best mAP acc: 0.0000 | best mAR acc: 0.0000 | best Score: 0.0000 | best Score epoch: -1 
epoch  1, iter  901: loss: 0.0259 | load time: 0.0003 | back time: 0.8238 | lr: 0.00001573 | best AP50 acc: 0.0000 | best AP70 acc: 0.0000 | best mAP acc: 0.0000 | best mAR acc: 0.0000 | best Score: 0.0000 | best Score epoch: -1 
epoch  1, iter  951: loss: 0.0210 | load time: 0.0001 | back time: 0.8256 | lr: 0.00001659 | best AP50 acc: 0.0000 | best AP70 acc: 0.0000 | best mAP acc: 0.0000 | best mAR acc: 0.0000 | best Score: 0.0000 | best Score epoch: -1 
epoch  1, iter 1001: loss: 0.0290 | load time: 0.0001 | back time: 0.8092 | lr: 0.00001746 | best AP50 acc: 0.0000 | best AP70 acc: 0.0000 | best mAP acc: 0.0000 | best mAR acc: 0.0000 | best Score: 0.0000 | best Score epoch: -1 
epoch  1, iter 1051: loss: 0.0220 | load time: 0.0002 | back time: 0.8220 | lr: 0.00001833 | best AP50 acc: 0.0000 | best AP70 acc: 0.0000 | best mAP acc: 0.0000 | best mAR acc: 0.0000 | best Score: 0.0000 | best Score epoch: -1 
epoch  1, iter 1101: loss: 0.0176 | load time: 0.0002 | back time: 0.8246 | lr: 0.00001920 | best AP50 acc: 0.0000 | best AP70 acc: 0.0000 | best mAP acc: 0.0000 | best mAR acc: 0.0000 | best Score: 0.0000 | best Score epoch: -1 
epoch  1, iter 1151: loss: 0.0286 | load time: 0.0001 | back time: 0.8114 | lr: 0.00002006 | best AP50 acc: 0.0000 | best AP70 acc: 0.0000 | best mAP acc: 0.0000 | best mAR acc: 0.0000 | best Score: 0.0000 | best Score epoch: -1 
epoch  2, iter    1: loss: 0.0196 | load time: 0.0002 | back time: 0.2648 | lr: 0.00002010 | best AP50 acc: 0.0000 | best AP70 acc: 0.0000 | best mAP acc: 0.0000 | best mAR acc: 0.0000 | best Score: 0.0000 | best Score epoch: -1 
epoch  2, iter   51: loss: 0.0240 | load time: 0.0001 | back time: 0.8247 | lr: 0.00002096 | best AP50 acc: 0.0000 | best AP70 acc: 0.0000 | best mAP acc: 0.0000 | best mAR acc: 0.0000 | best Score: 0.0000 | best Score epoch: -1 
epoch  2, iter  101: loss: 0.0154 | load time: 0.0002 | back time: 0.8371 | lr: 0.00002183 | best AP50 acc: 0.0000 | best AP70 acc: 0.0000 | best mAP acc: 0.0000 | best mAR acc: 0.0000 | best Score: 0.0000 | best Score epoch: -1 
epoch  2, iter  151: loss: 0.0247 | load time: 0.0002 | back time: 0.8302 | lr: 0.00002270 | best AP50 acc: 0.0000 | best AP70 acc: 0.0000 | best mAP acc: 0.0000 | best mAR acc: 0.0000 | best Score: 0.0000 | best Score epoch: -1 
epoch  2, iter  201: loss: 0.0150 | load time: 0.0002 | back time: 0.8266 | lr: 0.00002357 | best AP50 acc: 0.0000 | best AP70 acc: 0.0000 | best mAP acc: 0.0000 | best mAR acc: 0.0000 | best Score: 0.0000 | best Score epoch: -1 
epoch  2, iter  251: loss: 0.0220 | load time: 0.0002 | back time: 0.8085 | lr: 0.00002443 | best AP50 acc: 0.0000 | best AP70 acc: 0.0000 | best mAP acc: 0.0000 | best mAR acc: 0.0000 | best Score: 0.0000 | best Score epoch: -1 
epoch  2, iter  301: loss: 0.0195 | load time: 0.0002 | back time: 0.8218 | lr: 0.00002530 | best AP50 acc: 0.0000 | best AP70 acc: 0.0000 | best mAP acc: 0.0000 | best mAR acc: 0.0000 | best Score: 0.0000 | best Score epoch: -1 
epoch  2, iter  351: loss: 0.0257 | load time: 0.0002 | back time: 0.8238 | lr: 0.00002617 | best AP50 acc: 0.0000 | best AP70 acc: 0.0000 | best mAP acc: 0.0000 | best mAR acc: 0.0000 | best Score: 0.0000 | best Score epoch: -1 
epoch  2, iter  401: loss: 0.0143 | load time: 0.0002 | back time: 0.8267 | lr: 0.00002703 | best AP50 acc: 0.0000 | best AP70 acc: 0.0000 | best mAP acc: 0.0000 | best mAR acc: 0.0000 | best Score: 0.0000 | best Score epoch: -1 
epoch  2, iter  451: loss: 0.0197 | load time: 0.0003 | back time: 0.8268 | lr: 0.00002790 | best AP50 acc: 0.0000 | best AP70 acc: 0.0000 | best mAP acc: 0.0000 | best mAR acc: 0.0000 | best Score: 0.0000 | best Score epoch: -1 
epoch  2, iter  501: loss: 0.0138 | load time: 0.0002 | back time: 0.8009 | lr: 0.00002877 | best AP50 acc: 0.0000 | best AP70 acc: 0.0000 | best mAP acc: 0.0000 | best mAR acc: 0.0000 | best Score: 0.0000 | best Score epoch: -1 
epoch  2, iter  551: loss: 0.0132 | load time: 0.0002 | back time: 0.8177 | lr: 0.00002964 | best AP50 acc: 0.0000 | best AP70 acc: 0.0000 | best mAP acc: 0.0000 | best mAR acc: 0.0000 | best Score: 0.0000 | best Score epoch: -1 
epoch  2, iter  601: loss: 0.0241 | load time: 0.0002 | back time: 0.8243 | lr: 0.00003050 | best AP50 acc: 0.0000 | best AP70 acc: 0.0000 | best mAP acc: 0.0000 | best mAR acc: 0.0000 | best Score: 0.0000 | best Score epoch: -1 
epoch  2, iter  651: loss: 0.0227 | load time: 0.0001 | back time: 0.8255 | lr: 0.00003137 | best AP50 acc: 0.0000 | best AP70 acc: 0.0000 | best mAP acc: 0.0000 | best mAR acc: 0.0000 | best Score: 0.0000 | best Score epoch: -1 
epoch  2, iter  701: loss: 0.0165 | load time: 0.0002 | back time: 0.8168 | lr: 0.00003224 | best AP50 acc: 0.0000 | best AP70 acc: 0.0000 | best mAP acc: 0.0000 | best mAR acc: 0.0000 | best Score: 0.0000 | best Score epoch: -1 
epoch  2, iter  751: loss: 0.0140 | load time: 0.0002 | back time: 0.8272 | lr: 0.00003311 | best AP50 acc: 0.0000 | best AP70 acc: 0.0000 | best mAP acc: 0.0000 | best mAR acc: 0.0000 | best Score: 0.0000 | best Score epoch: -1 
epoch  2, iter  801: loss: 0.0169 | load time: 0.0002 | back time: 0.8274 | lr: 0.00003397 | best AP50 acc: 0.0000 | best AP70 acc: 0.0000 | best mAP acc: 0.0000 | best mAR acc: 0.0000 | best Score: 0.0000 | best Score epoch: -1 
epoch  2, iter  851: loss: 0.0131 | load time: 0.0001 | back time: 0.7993 | lr: 0.00003484 | best AP50 acc: 0.0000 | best AP70 acc: 0.0000 | best mAP acc: 0.0000 | best mAR acc: 0.0000 | best Score: 0.0000 | best Score epoch: -1 
epoch  2, iter  901: loss: 0.0209 | load time: 0.0004 | back time: 0.8171 | lr: 0.00003571 | best AP50 acc: 0.0000 | best AP70 acc: 0.0000 | best mAP acc: 0.0000 | best mAR acc: 0.0000 | best Score: 0.0000 | best Score epoch: -1 
epoch  2, iter  951: loss: 0.0155 | load time: 0.0001 | back time: 0.8247 | lr: 0.00003657 | best AP50 acc: 0.0000 | best AP70 acc: 0.0000 | best mAP acc: 0.0000 | best mAR acc: 0.0000 | best Score: 0.0000 | best Score epoch: -1 
epoch  2, iter 1001: loss: 0.0106 | load time: 0.0001 | back time: 0.8267 | lr: 0.00003744 | best AP50 acc: 0.0000 | best AP70 acc: 0.0000 | best mAP acc: 0.0000 | best mAR acc: 0.0000 | best Score: 0.0000 | best Score epoch: -1 
epoch  2, iter 1051: loss: 0.0153 | load time: 0.0002 | back time: 0.8078 | lr: 0.00003831 | best AP50 acc: 0.0000 | best AP70 acc: 0.0000 | best mAP acc: 0.0000 | best mAR acc: 0.0000 | best Score: 0.0000 | best Score epoch: -1 
epoch  2, iter 1101: loss: 0.0152 | load time: 0.0002 | back time: 0.8211 | lr: 0.00003918 | best AP50 acc: 0.0000 | best AP70 acc: 0.0000 | best mAP acc: 0.0000 | best mAR acc: 0.0000 | best Score: 0.0000 | best Score epoch: -1 
epoch  2, iter 1151: loss: 0.0132 | load time: 0.0003 | back time: 0.8258 | lr: 0.00004004 | best AP50 acc: 0.0000 | best AP70 acc: 0.0000 | best mAP acc: 0.0000 | best mAR acc: 0.0000 | best Score: 0.0000 | best Score epoch: -1 
epoch  3, iter    1: loss: 0.0125 | load time: 0.0005 | back time: 0.2692 | lr: 0.00004008 | best AP50 acc: 0.0000 | best AP70 acc: 0.0000 | best mAP acc: 0.0000 | best mAR acc: 0.0000 | best Score: 0.0000 | best Score epoch: -1 
epoch  3, iter   51: loss: 0.0159 | load time: 0.0001 | back time: 0.8081 | lr: 0.00004094 | best AP50 acc: 0.0000 | best AP70 acc: 0.0000 | best mAP acc: 0.0000 | best mAR acc: 0.0000 | best Score: 0.0000 | best Score epoch: -1 
epoch  3, iter  101: loss: 0.0111 | load time: 0.0003 | back time: 0.8290 | lr: 0.00004181 | best AP50 acc: 0.0000 | best AP70 acc: 0.0000 | best mAP acc: 0.0000 | best mAR acc: 0.0000 | best Score: 0.0000 | best Score epoch: -1 
epoch  3, iter  151: loss: 0.0134 | load time: 0.0002 | back time: 0.8260 | lr: 0.00004268 | best AP50 acc: 0.0000 | best AP70 acc: 0.0000 | best mAP acc: 0.0000 | best mAR acc: 0.0000 | best Score: 0.0000 | best Score epoch: -1 
epoch  3, iter  201: loss: 0.0149 | load time: 0.0002 | back time: 0.8284 | lr: 0.00004355 | best AP50 acc: 0.0000 | best AP70 acc: 0.0000 | best mAP acc: 0.0000 | best mAR acc: 0.0000 | best Score: 0.0000 | best Score epoch: -1 
epoch  3, iter  251: loss: 0.0181 | load time: 0.0002 | back time: 0.8555 | lr: 0.00004441 | best AP50 acc: 0.0000 | best AP70 acc: 0.0000 | best mAP acc: 0.0000 | best mAR acc: 0.0000 | best Score: 0.0000 | best Score epoch: -1 
epoch  3, iter  301: loss: 0.0179 | load time: 0.0002 | back time: 0.8127 | lr: 0.00004528 | best AP50 acc: 0.0000 | best AP70 acc: 0.0000 | best mAP acc: 0.0000 | best mAR acc: 0.0000 | best Score: 0.0000 | best Score epoch: -1 
epoch  3, iter  351: loss: 0.0140 | load time: 0.0001 | back time: 0.8207 | lr: 0.00004615 | best AP50 acc: 0.0000 | best AP70 acc: 0.0000 | best mAP acc: 0.0000 | best mAR acc: 0.0000 | best Score: 0.0000 | best Score epoch: -1 
epoch  3, iter  401: loss: 0.0168 | load time: 0.0002 | back time: 0.8234 | lr: 0.00004701 | best AP50 acc: 0.0000 | best AP70 acc: 0.0000 | best mAP acc: 0.0000 | best mAR acc: 0.0000 | best Score: 0.0000 | best Score epoch: -1 
epoch  3, iter  451: loss: 0.0108 | load time: 0.0001 | back time: 0.8180 | lr: 0.00004788 | best AP50 acc: 0.0000 | best AP70 acc: 0.0000 | best mAP acc: 0.0000 | best mAR acc: 0.0000 | best Score: 0.0000 | best Score epoch: -1 
epoch  3, iter  501: loss: 0.0137 | load time: 0.0002 | back time: 0.8152 | lr: 0.00004875 | best AP50 acc: 0.0000 | best AP70 acc: 0.0000 | best mAP acc: 0.0000 | best mAR acc: 0.0000 | best Score: 0.0000 | best Score epoch: -1 
epoch  3, iter  551: loss: 0.0155 | load time: 0.0002 | back time: 0.8211 | lr: 0.00004962 | best AP50 acc: 0.0000 | best AP70 acc: 0.0000 | best mAP acc: 0.0000 | best mAR acc: 0.0000 | best Score: 0.0000 | best Score epoch: -1 
epoch  3, iter  601: loss: 0.0143 | load time: 0.0002 | back time: 0.8291 | lr: 0.00005048 | best AP50 acc: 0.0000 | best AP70 acc: 0.0000 | best mAP acc: 0.0000 | best mAR acc: 0.0000 | best Score: 0.0000 | best Score epoch: -1 
epoch  3, iter  651: loss: 0.0201 | load time: 0.0002 | back time: 0.8003 | lr: 0.00005135 | best AP50 acc: 0.0000 | best AP70 acc: 0.0000 | best mAP acc: 0.0000 | best mAR acc: 0.0000 | best Score: 0.0000 | best Score epoch: -1 
epoch  3, iter  701: loss: 0.0111 | load time: 0.0002 | back time: 0.8188 | lr: 0.00005222 | best AP50 acc: 0.0000 | best AP70 acc: 0.0000 | best mAP acc: 0.0000 | best mAR acc: 0.0000 | best Score: 0.0000 | best Score epoch: -1 
epoch  3, iter  751: loss: 0.0103 | load time: 0.0002 | back time: 0.8234 | lr: 0.00005309 | best AP50 acc: 0.0000 | best AP70 acc: 0.0000 | best mAP acc: 0.0000 | best mAR acc: 0.0000 | best Score: 0.0000 | best Score epoch: -1 
epoch  3, iter  801: loss: 0.0124 | load time: 0.0001 | back time: 0.8261 | lr: 0.00005395 | best AP50 acc: 0.0000 | best AP70 acc: 0.0000 | best mAP acc: 0.0000 | best mAR acc: 0.0000 | best Score: 0.0000 | best Score epoch: -1 
epoch  3, iter  851: loss: 0.0133 | load time: 0.0002 | back time: 0.7567 | lr: 0.00005482 | best AP50 acc: 0.0000 | best AP70 acc: 0.0000 | best mAP acc: 0.0000 | best mAR acc: 0.0000 | best Score: 0.0000 | best Score epoch: -1 
epoch  3, iter  901: loss: 0.0185 | load time: 0.0001 | back time: 0.8195 | lr: 0.00005569 | best AP50 acc: 0.0000 | best AP70 acc: 0.0000 | best mAP acc: 0.0000 | best mAR acc: 0.0000 | best Score: 0.0000 | best Score epoch: -1 
epoch  3, iter  951: loss: 0.0171 | load time: 0.0001 | back time: 0.8374 | lr: 0.00005655 | best AP50 acc: 0.0000 | best AP70 acc: 0.0000 | best mAP acc: 0.0000 | best mAR acc: 0.0000 | best Score: 0.0000 | best Score epoch: -1 
epoch  3, iter 1001: loss: 0.0108 | load time: 0.0002 | back time: 0.8207 | lr: 0.00005742 | best AP50 acc: 0.0000 | best AP70 acc: 0.0000 | best mAP acc: 0.0000 | best mAR acc: 0.0000 | best Score: 0.0000 | best Score epoch: -1 
epoch  3, iter 1051: loss: 0.0103 | load time: 0.0002 | back time: 0.8107 | lr: 0.00005829 | best AP50 acc: 0.0000 | best AP70 acc: 0.0000 | best mAP acc: 0.0000 | best mAR acc: 0.0000 | best Score: 0.0000 | best Score epoch: -1 
epoch  3, iter 1101: loss: 0.0101 | load time: 0.0002 | back time: 0.8188 | lr: 0.00005916 | best AP50 acc: 0.0000 | best AP70 acc: 0.0000 | best mAP acc: 0.0000 | best mAR acc: 0.0000 | best Score: 0.0000 | best Score epoch: -1 
epoch  3, iter 1151: loss: 0.0192 | load time: 0.0001 | back time: 0.8151 | lr: 0.00006002 | best AP50 acc: 0.0000 | best AP70 acc: 0.0000 | best mAP acc: 0.0000 | best mAR acc: 0.0000 | best Score: 0.0000 | best Score epoch: -1 
epoch  4, iter    1: loss: 0.0121 | load time: 0.0005 | back time: 0.3342 | lr: 0.00006006 | best AP50 acc: 0.0000 | best AP70 acc: 0.0000 | best mAP acc: 0.0000 | best mAR acc: 0.0000 | best Score: 0.0000 | best Score epoch: -1 
epoch  4, iter   51: loss: 0.0180 | load time: 0.0002 | back time: 0.8150 | lr: 0.00006092 | best AP50 acc: 0.0000 | best AP70 acc: 0.0000 | best mAP acc: 0.0000 | best mAR acc: 0.0000 | best Score: 0.0000 | best Score epoch: -1 
epoch  4, iter  101: loss: 0.0099 | load time: 0.0001 | back time: 0.8183 | lr: 0.00006179 | best AP50 acc: 0.0000 | best AP70 acc: 0.0000 | best mAP acc: 0.0000 | best mAR acc: 0.0000 | best Score: 0.0000 | best Score epoch: -1 
epoch  4, iter  151: loss: 0.0218 | load time: 0.0002 | back time: 0.7926 | lr: 0.00006266 | best AP50 acc: 0.0000 | best AP70 acc: 0.0000 | best mAP acc: 0.0000 | best mAR acc: 0.0000 | best Score: 0.0000 | best Score epoch: -1 
epoch  4, iter  201: loss: 0.0109 | load time: 0.0002 | back time: 0.8149 | lr: 0.00006353 | best AP50 acc: 0.0000 | best AP70 acc: 0.0000 | best mAP acc: 0.0000 | best mAR acc: 0.0000 | best Score: 0.0000 | best Score epoch: -1 
epoch  4, iter  251: loss: 0.0105 | load time: 0.0003 | back time: 0.8238 | lr: 0.00006439 | best AP50 acc: 0.0000 | best AP70 acc: 0.0000 | best mAP acc: 0.0000 | best mAR acc: 0.0000 | best Score: 0.0000 | best Score epoch: -1 
epoch  4, iter  301: loss: 0.0107 | load time: 0.0002 | back time: 0.8243 | lr: 0.00006526 | best AP50 acc: 0.0000 | best AP70 acc: 0.0000 | best mAP acc: 0.0000 | best mAR acc: 0.0000 | best Score: 0.0000 | best Score epoch: -1 
epoch  4, iter  351: loss: 0.0106 | load time: 0.0002 | back time: 0.8039 | lr: 0.00006613 | best AP50 acc: 0.0000 | best AP70 acc: 0.0000 | best mAP acc: 0.0000 | best mAR acc: 0.0000 | best Score: 0.0000 | best Score epoch: -1 
epoch  4, iter  401: loss: 0.0146 | load time: 0.0001 | back time: 0.8283 | lr: 0.00006699 | best AP50 acc: 0.0000 | best AP70 acc: 0.0000 | best mAP acc: 0.0000 | best mAR acc: 0.0000 | best Score: 0.0000 | best Score epoch: -1 
epoch  4, iter  451: loss: 0.0112 | load time: 0.0002 | back time: 0.8374 | lr: 0.00006786 | best AP50 acc: 0.0000 | best AP70 acc: 0.0000 | best mAP acc: 0.0000 | best mAR acc: 0.0000 | best Score: 0.0000 | best Score epoch: -1 
epoch  4, iter  501: loss: 0.0131 | load time: 0.0001 | back time: 0.7990 | lr: 0.00006873 | best AP50 acc: 0.0000 | best AP70 acc: 0.0000 | best mAP acc: 0.0000 | best mAR acc: 0.0000 | best Score: 0.0000 | best Score epoch: -1 
epoch  4, iter  551: loss: 0.0111 | load time: 0.0002 | back time: 0.8164 | lr: 0.00006960 | best AP50 acc: 0.0000 | best AP70 acc: 0.0000 | best mAP acc: 0.0000 | best mAR acc: 0.0000 | best Score: 0.0000 | best Score epoch: -1 
epoch  4, iter  601: loss: 0.0093 | load time: 0.0004 | back time: 0.8220 | lr: 0.00007046 | best AP50 acc: 0.0000 | best AP70 acc: 0.0000 | best mAP acc: 0.0000 | best mAR acc: 0.0000 | best Score: 0.0000 | best Score epoch: -1 
epoch  4, iter  651: loss: 0.0159 | load time: 0.0001 | back time: 0.8242 | lr: 0.00007133 | best AP50 acc: 0.0000 | best AP70 acc: 0.0000 | best mAP acc: 0.0000 | best mAR acc: 0.0000 | best Score: 0.0000 | best Score epoch: -1 
epoch  4, iter  701: loss: 0.0108 | load time: 0.0003 | back time: 0.8051 | lr: 0.00007220 | best AP50 acc: 0.0000 | best AP70 acc: 0.0000 | best mAP acc: 0.0000 | best mAR acc: 0.0000 | best Score: 0.0000 | best Score epoch: -1 
epoch  4, iter  751: loss: 0.0162 | load time: 0.0002 | back time: 0.8194 | lr: 0.00007307 | best AP50 acc: 0.0000 | best AP70 acc: 0.0000 | best mAP acc: 0.0000 | best mAR acc: 0.0000 | best Score: 0.0000 | best Score epoch: -1 
epoch  4, iter  801: loss: 0.0164 | load time: 0.0002 | back time: 0.8234 | lr: 0.00007393 | best AP50 acc: 0.0000 | best AP70 acc: 0.0000 | best mAP acc: 0.0000 | best mAR acc: 0.0000 | best Score: 0.0000 | best Score epoch: -1 
epoch  4, iter  851: loss: 0.0148 | load time: 0.0001 | back time: 0.8225 | lr: 0.00007480 | best AP50 acc: 0.0000 | best AP70 acc: 0.0000 | best mAP acc: 0.0000 | best mAR acc: 0.0000 | best Score: 0.0000 | best Score epoch: -1 
epoch  4, iter  901: loss: 0.0105 | load time: 0.0001 | back time: 0.8149 | lr: 0.00007567 | best AP50 acc: 0.0000 | best AP70 acc: 0.0000 | best mAP acc: 0.0000 | best mAR acc: 0.0000 | best Score: 0.0000 | best Score epoch: -1 
epoch  4, iter  951: loss: 0.0130 | load time: 0.0002 | back time: 0.8194 | lr: 0.00007653 | best AP50 acc: 0.0000 | best AP70 acc: 0.0000 | best mAP acc: 0.0000 | best mAR acc: 0.0000 | best Score: 0.0000 | best Score epoch: -1 
epoch  4, iter 1001: loss: 0.0107 | load time: 0.0002 | back time: 0.8253 | lr: 0.00007740 | best AP50 acc: 0.0000 | best AP70 acc: 0.0000 | best mAP acc: 0.0000 | best mAR acc: 0.0000 | best Score: 0.0000 | best Score epoch: -1 
epoch  4, iter 1051: loss: 0.0110 | load time: 0.0002 | back time: 0.7972 | lr: 0.00007827 | best AP50 acc: 0.0000 | best AP70 acc: 0.0000 | best mAP acc: 0.0000 | best mAR acc: 0.0000 | best Score: 0.0000 | best Score epoch: -1 
epoch  4, iter 1101: loss: 0.0141 | load time: 0.0001 | back time: 0.8173 | lr: 0.00007914 | best AP50 acc: 0.0000 | best AP70 acc: 0.0000 | best mAP acc: 0.0000 | best mAR acc: 0.0000 | best Score: 0.0000 | best Score epoch: -1 
epoch  4, iter 1151: loss: 0.0119 | load time: 0.0001 | back time: 0.8307 | lr: 0.00008000 | best AP50 acc: 0.0000 | best AP70 acc: 0.0000 | best mAP acc: 0.0000 | best mAR acc: 0.0000 | best Score: 0.0000 | best Score epoch: -1 
epoch  5, iter    1: loss: 0.0131 | load time: 0.0004 | back time: 0.3486 | lr: 0.00008004 | best AP50 acc: 0.0000 | best AP70 acc: 0.0000 | best mAP acc: 0.0000 | best mAR acc: 0.0000 | best Score: 0.0000 | best Score epoch: -1 
epoch  5, iter   51: loss: 0.0214 | load time: 0.0002 | back time: 0.8143 | lr: 0.00008090 | best AP50 acc: 0.0000 | best AP70 acc: 0.0000 | best mAP acc: 0.0000 | best mAR acc: 0.0000 | best Score: 0.0000 | best Score epoch: -1 
epoch  5, iter  101: loss: 0.0109 | load time: 0.0009 | back time: 0.8249 | lr: 0.00008177 | best AP50 acc: 0.0000 | best AP70 acc: 0.0000 | best mAP acc: 0.0000 | best mAR acc: 0.0000 | best Score: 0.0000 | best Score epoch: -1 
epoch  5, iter  151: loss: 0.0146 | load time: 0.0001 | back time: 0.8255 | lr: 0.00008264 | best AP50 acc: 0.0000 | best AP70 acc: 0.0000 | best mAP acc: 0.0000 | best mAR acc: 0.0000 | best Score: 0.0000 | best Score epoch: -1 
epoch  5, iter  201: loss: 0.0092 | load time: 0.0002 | back time: 0.8247 | lr: 0.00008351 | best AP50 acc: 0.0000 | best AP70 acc: 0.0000 | best mAP acc: 0.0000 | best mAR acc: 0.0000 | best Score: 0.0000 | best Score epoch: -1 
epoch  5, iter  251: loss: 0.0147 | load time: 0.0003 | back time: 0.8116 | lr: 0.00008437 | best AP50 acc: 0.0000 | best AP70 acc: 0.0000 | best mAP acc: 0.0000 | best mAR acc: 0.0000 | best Score: 0.0000 | best Score epoch: -1 
epoch  5, iter  301: loss: 0.0133 | load time: 0.0004 | back time: 0.8219 | lr: 0.00008524 | best AP50 acc: 0.0000 | best AP70 acc: 0.0000 | best mAP acc: 0.0000 | best mAR acc: 0.0000 | best Score: 0.0000 | best Score epoch: -1 
epoch  5, iter  351: loss: 0.0118 | load time: 0.0002 | back time: 0.8219 | lr: 0.00008611 | best AP50 acc: 0.0000 | best AP70 acc: 0.0000 | best mAP acc: 0.0000 | best mAR acc: 0.0000 | best Score: 0.0000 | best Score epoch: -1 
epoch  5, iter  401: loss: 0.0176 | load time: 0.0003 | back time: 0.7999 | lr: 0.00008697 | best AP50 acc: 0.0000 | best AP70 acc: 0.0000 | best mAP acc: 0.0000 | best mAR acc: 0.0000 | best Score: 0.0000 | best Score epoch: -1 
epoch  5, iter  451: loss: 0.0157 | load time: 0.0001 | back time: 0.8174 | lr: 0.00008784 | best AP50 acc: 0.0000 | best AP70 acc: 0.0000 | best mAP acc: 0.0000 | best mAR acc: 0.0000 | best Score: 0.0000 | best Score epoch: -1 
epoch  5, iter  501: loss: 0.0125 | load time: 0.0001 | back time: 0.8208 | lr: 0.00008871 | best AP50 acc: 0.0000 | best AP70 acc: 0.0000 | best mAP acc: 0.0000 | best mAR acc: 0.0000 | best Score: 0.0000 | best Score epoch: -1 
epoch  5, iter  551: loss: 0.0169 | load time: 0.0002 | back time: 0.8249 | lr: 0.00008958 | best AP50 acc: 0.0000 | best AP70 acc: 0.0000 | best mAP acc: 0.0000 | best mAR acc: 0.0000 | best Score: 0.0000 | best Score epoch: -1 
epoch  5, iter  601: loss: 0.0098 | load time: 0.0002 | back time: 0.8073 | lr: 0.00009044 | best AP50 acc: 0.0000 | best AP70 acc: 0.0000 | best mAP acc: 0.0000 | best mAR acc: 0.0000 | best Score: 0.0000 | best Score epoch: -1 
epoch  5, iter  651: loss: 0.0145 | load time: 0.0001 | back time: 0.8251 | lr: 0.00009131 | best AP50 acc: 0.0000 | best AP70 acc: 0.0000 | best mAP acc: 0.0000 | best mAR acc: 0.0000 | best Score: 0.0000 | best Score epoch: -1 
epoch  5, iter  701: loss: 0.0146 | load time: 0.0002 | back time: 0.8332 | lr: 0.00009218 | best AP50 acc: 0.0000 | best AP70 acc: 0.0000 | best mAP acc: 0.0000 | best mAR acc: 0.0000 | best Score: 0.0000 | best Score epoch: -1 
epoch  5, iter  751: loss: 0.0101 | load time: 0.0002 | back time: 0.7993 | lr: 0.00009305 | best AP50 acc: 0.0000 | best AP70 acc: 0.0000 | best mAP acc: 0.0000 | best mAR acc: 0.0000 | best Score: 0.0000 | best Score epoch: -1 
epoch  5, iter  801: loss: 0.0228 | load time: 0.0001 | back time: 0.8193 | lr: 0.00009391 | best AP50 acc: 0.0000 | best AP70 acc: 0.0000 | best mAP acc: 0.0000 | best mAR acc: 0.0000 | best Score: 0.0000 | best Score epoch: -1 
epoch  5, iter  851: loss: 0.0132 | load time: 0.0002 | back time: 0.8244 | lr: 0.00009478 | best AP50 acc: 0.0000 | best AP70 acc: 0.0000 | best mAP acc: 0.0000 | best mAR acc: 0.0000 | best Score: 0.0000 | best Score epoch: -1 
epoch  5, iter  901: loss: 0.0169 | load time: 0.0002 | back time: 0.8250 | lr: 0.00009565 | best AP50 acc: 0.0000 | best AP70 acc: 0.0000 | best mAP acc: 0.0000 | best mAR acc: 0.0000 | best Score: 0.0000 | best Score epoch: -1 
epoch  5, iter  951: loss: 0.0127 | load time: 0.0002 | back time: 0.8123 | lr: 0.00009651 | best AP50 acc: 0.0000 | best AP70 acc: 0.0000 | best mAP acc: 0.0000 | best mAR acc: 0.0000 | best Score: 0.0000 | best Score epoch: -1 
epoch  5, iter 1001: loss: 0.0151 | load time: 0.0002 | back time: 0.8231 | lr: 0.00009738 | best AP50 acc: 0.0000 | best AP70 acc: 0.0000 | best mAP acc: 0.0000 | best mAR acc: 0.0000 | best Score: 0.0000 | best Score epoch: -1 
epoch  5, iter 1051: loss: 0.0112 | load time: 0.0002 | back time: 0.8252 | lr: 0.00009825 | best AP50 acc: 0.0000 | best AP70 acc: 0.0000 | best mAP acc: 0.0000 | best mAR acc: 0.0000 | best Score: 0.0000 | best Score epoch: -1 
epoch  5, iter 1101: loss: 0.0097 | load time: 0.0001 | back time: 0.7989 | lr: 0.00009912 | best AP50 acc: 0.0000 | best AP70 acc: 0.0000 | best mAP acc: 0.0000 | best mAR acc: 0.0000 | best Score: 0.0000 | best Score epoch: -1 
epoch  5, iter 1151: loss: 0.0099 | load time: 0.0012 | back time: 0.8150 | lr: 0.00009998 | best AP50 acc: 0.0000 | best AP70 acc: 0.0000 | best mAP acc: 0.0000 | best mAR acc: 0.0000 | best Score: 0.0000 | best Score epoch: -1 
epoch  6, iter    1: loss: 0.0140 | load time: 0.0004 | back time: 0.3553 | lr: 0.00010000 | best AP50 acc: 0.0000 | best AP70 acc: 0.0000 | best mAP acc: 0.0000 | best mAR acc: 0.0000 | best Score: 0.0000 | best Score epoch: -1 
epoch  6, iter   51: loss: 0.0101 | load time: 0.0001 | back time: 0.8250 | lr: 0.00010000 | best AP50 acc: 0.0000 | best AP70 acc: 0.0000 | best mAP acc: 0.0000 | best mAR acc: 0.0000 | best Score: 0.0000 | best Score epoch: -1 
epoch  6, iter  101: loss: 0.0113 | load time: 0.0002 | back time: 0.8253 | lr: 0.00010000 | best AP50 acc: 0.0000 | best AP70 acc: 0.0000 | best mAP acc: 0.0000 | best mAR acc: 0.0000 | best Score: 0.0000 | best Score epoch: -1 
epoch  6, iter  151: loss: 0.0180 | load time: 0.0001 | back time: 0.8225 | lr: 0.00010000 | best AP50 acc: 0.0000 | best AP70 acc: 0.0000 | best mAP acc: 0.0000 | best mAR acc: 0.0000 | best Score: 0.0000 | best Score epoch: -1 
epoch  6, iter  201: loss: 0.0124 | load time: 0.0003 | back time: 0.8297 | lr: 0.00010000 | best AP50 acc: 0.0000 | best AP70 acc: 0.0000 | best mAP acc: 0.0000 | best mAR acc: 0.0000 | best Score: 0.0000 | best Score epoch: -1 
epoch  6, iter  251: loss: 0.0126 | load time: 0.0002 | back time: 0.8237 | lr: 0.00010000 | best AP50 acc: 0.0000 | best AP70 acc: 0.0000 | best mAP acc: 0.0000 | best mAR acc: 0.0000 | best Score: 0.0000 | best Score epoch: -1 
epoch  6, iter  301: loss: 0.0112 | load time: 0.0002 | back time: 0.8073 | lr: 0.00009999 | best AP50 acc: 0.0000 | best AP70 acc: 0.0000 | best mAP acc: 0.0000 | best mAR acc: 0.0000 | best Score: 0.0000 | best Score epoch: -1 
epoch  6, iter  351: loss: 0.0097 | load time: 0.0001 | back time: 0.8181 | lr: 0.00009999 | best AP50 acc: 0.0000 | best AP70 acc: 0.0000 | best mAP acc: 0.0000 | best mAR acc: 0.0000 | best Score: 0.0000 | best Score epoch: -1 
epoch  6, iter  401: loss: 0.0088 | load time: 0.0003 | back time: 0.8242 | lr: 0.00009999 | best AP50 acc: 0.0000 | best AP70 acc: 0.0000 | best mAP acc: 0.0000 | best mAR acc: 0.0000 | best Score: 0.0000 | best Score epoch: -1 
epoch  6, iter  451: loss: 0.0138 | load time: 0.0003 | back time: 0.8246 | lr: 0.00009999 | best AP50 acc: 0.0000 | best AP70 acc: 0.0000 | best mAP acc: 0.0000 | best mAR acc: 0.0000 | best Score: 0.0000 | best Score epoch: -1 
epoch  6, iter  501: loss: 0.0185 | load time: 0.0002 | back time: 0.8121 | lr: 0.00009998 | best AP50 acc: 0.0000 | best AP70 acc: 0.0000 | best mAP acc: 0.0000 | best mAR acc: 0.0000 | best Score: 0.0000 | best Score epoch: -1 
epoch  6, iter  551: loss: 0.0229 | load time: 0.0002 | back time: 0.8204 | lr: 0.00009998 | best AP50 acc: 0.0000 | best AP70 acc: 0.0000 | best mAP acc: 0.0000 | best mAR acc: 0.0000 | best Score: 0.0000 | best Score epoch: -1 
epoch  6, iter  601: loss: 0.0235 | load time: 0.0002 | back time: 0.8257 | lr: 0.00009997 | best AP50 acc: 0.0000 | best AP70 acc: 0.0000 | best mAP acc: 0.0000 | best mAR acc: 0.0000 | best Score: 0.0000 | best Score epoch: -1 
epoch  6, iter  651: loss: 0.0162 | load time: 0.0002 | back time: 0.7988 | lr: 0.00009997 | best AP50 acc: 0.0000 | best AP70 acc: 0.0000 | best mAP acc: 0.0000 | best mAR acc: 0.0000 | best Score: 0.0000 | best Score epoch: -1 
epoch  6, iter  701: loss: 0.0133 | load time: 0.0001 | back time: 0.8167 | lr: 0.00009996 | best AP50 acc: 0.0000 | best AP70 acc: 0.0000 | best mAP acc: 0.0000 | best mAR acc: 0.0000 | best Score: 0.0000 | best Score epoch: -1 
epoch  6, iter  751: loss: 0.0088 | load time: 0.0002 | back time: 0.8239 | lr: 0.00009996 | best AP50 acc: 0.0000 | best AP70 acc: 0.0000 | best mAP acc: 0.0000 | best mAR acc: 0.0000 | best Score: 0.0000 | best Score epoch: -1 
epoch  6, iter  801: loss: 0.0148 | load time: 0.0003 | back time: 0.8246 | lr: 0.00009995 | best AP50 acc: 0.0000 | best AP70 acc: 0.0000 | best mAP acc: 0.0000 | best mAR acc: 0.0000 | best Score: 0.0000 | best Score epoch: -1 
epoch  6, iter  851: loss: 0.0249 | load time: 0.0001 | back time: 0.8177 | lr: 0.00009995 | best AP50 acc: 0.0000 | best AP70 acc: 0.0000 | best mAP acc: 0.0000 | best mAR acc: 0.0000 | best Score: 0.0000 | best Score epoch: -1 
epoch  6, iter  901: loss: 0.0123 | load time: 0.0002 | back time: 0.8326 | lr: 0.00009994 | best AP50 acc: 0.0000 | best AP70 acc: 0.0000 | best mAP acc: 0.0000 | best mAR acc: 0.0000 | best Score: 0.0000 | best Score epoch: -1 
epoch  6, iter  951: loss: 0.0104 | load time: 0.0003 | back time: 0.8258 | lr: 0.00009993 | best AP50 acc: 0.0000 | best AP70 acc: 0.0000 | best mAP acc: 0.0000 | best mAR acc: 0.0000 | best Score: 0.0000 | best Score epoch: -1 
epoch  6, iter 1001: loss: 0.0158 | load time: 0.0001 | back time: 0.8252 | lr: 0.00009993 | best AP50 acc: 0.0000 | best AP70 acc: 0.0000 | best mAP acc: 0.0000 | best mAR acc: 0.0000 | best Score: 0.0000 | best Score epoch: -1 
epoch  6, iter 1051: loss: 0.0099 | load time: 0.0001 | back time: 0.7959 | lr: 0.00009992 | best AP50 acc: 0.0000 | best AP70 acc: 0.0000 | best mAP acc: 0.0000 | best mAR acc: 0.0000 | best Score: 0.0000 | best Score epoch: -1 
epoch  6, iter 1101: loss: 0.0109 | load time: 0.0001 | back time: 0.8141 | lr: 0.00009991 | best AP50 acc: 0.0000 | best AP70 acc: 0.0000 | best mAP acc: 0.0000 | best mAR acc: 0.0000 | best Score: 0.0000 | best Score epoch: -1 
epoch  6, iter 1151: loss: 0.0092 | load time: 0.0001 | back time: 0.8239 | lr: 0.00009990 | best AP50 acc: 0.0000 | best AP70 acc: 0.0000 | best mAP acc: 0.0000 | best mAR acc: 0.0000 | best Score: 0.0000 | best Score epoch: -1 
UAV_SEQS_2 | mAP50:90: 67.1131 | AP50: 92.4884 | AP70: 71.4440 
UAV_SEQS_37 | mAP50:90: 95.0320 | AP50: 100.0000 | AP70: 98.8119 
UAV_SEQS_45 | mAP50:90: 79.8387 | AP50: 100.0000 | AP70: 91.6957 
UAV_SEQS_47 | mAP50:90: 62.2578 | AP50: 100.0000 | AP70: 79.6377 
UAV_SEQS_55 | mAP50:90: 26.3865 | AP50: 50.3770 | AP70: 25.8270 
UAV_SEQS_59 | mAP50:90: 41.8981 | AP50: 69.1092 | AP70: 43.8176 
UAV_SEQS_6 | mAP50:90: 34.9978 | AP50: 56.4356 | AP70: 33.1155 
UAV_SEQS_63 | mAP50:90: 0.1459 | AP50: 0.7629 | AP70: 0.0103 
UAV_SEQS_65 | mAP50:90: 82.4992 | AP50: 97.5670 | AP70: 94.2330 
UAV_SEQS_7 | mAP50:90: 44.1047 | AP50: 100.0000 | AP70: 7.1041 
UAV_SEQS_71 | mAP50:90: 64.8785 | AP50: 89.5866 | AP70: 74.9166 
UAV_SEQS_73 | mAP50:90: 45.0312 | AP50: 79.2287 | AP70: 45.8172 
UAV_SEQS_74 | mAP50:90: 99.7589 | AP50: 100.0000 | AP70: 100.0000 
UAV_SEQS_77 | mAP50:90: 34.4528 | AP50: 36.0322 | AP70: 36.0322 
UAV_SEQS_8 | mAP50:90: 82.0118 | AP50: 100.0000 | AP70: 92.6620 
Overall            | mAP50:95: 53.5828 | AP50: 78.0278 | AP70: 55.1681 
epoch  7, iter    1: loss: 0.0084 | load time: 0.0017 | back time: 0.4654 | lr: 0.00009990 | best AP50 acc: 0.7803 | best AP70 acc: 0.5517 | best mAP acc: 0.5358 | best mAR acc: 0.6640 | best Score: 0.5358 | best Score epoch:  6 
epoch  7, iter   51: loss: 0.0131 | load time: 0.0002 | back time: 0.7990 | lr: 0.00009989 | best AP50 acc: 0.7803 | best AP70 acc: 0.5517 | best mAP acc: 0.5358 | best mAR acc: 0.6640 | best Score: 0.5358 | best Score epoch:  6 
epoch  7, iter  101: loss: 0.0096 | load time: 0.0003 | back time: 0.8185 | lr: 0.00009988 | best AP50 acc: 0.7803 | best AP70 acc: 0.5517 | best mAP acc: 0.5358 | best mAR acc: 0.6640 | best Score: 0.5358 | best Score epoch:  6 
epoch  7, iter  151: loss: 0.0148 | load time: 0.0002 | back time: 0.8261 | lr: 0.00009988 | best AP50 acc: 0.7803 | best AP70 acc: 0.5517 | best mAP acc: 0.5358 | best mAR acc: 0.6640 | best Score: 0.5358 | best Score epoch:  6 
epoch  7, iter  201: loss: 0.0123 | load time: 0.0003 | back time: 0.7977 | lr: 0.00009987 | best AP50 acc: 0.7803 | best AP70 acc: 0.5517 | best mAP acc: 0.5358 | best mAR acc: 0.6640 | best Score: 0.5358 | best Score epoch:  6 
epoch  7, iter  251: loss: 0.0106 | load time: 0.0002 | back time: 0.8195 | lr: 0.00009986 | best AP50 acc: 0.7803 | best AP70 acc: 0.5517 | best mAP acc: 0.5358 | best mAR acc: 0.6640 | best Score: 0.5358 | best Score epoch:  6 
epoch  7, iter  301: loss: 0.0148 | load time: 0.0003 | back time: 0.8261 | lr: 0.00009984 | best AP50 acc: 0.7803 | best AP70 acc: 0.5517 | best mAP acc: 0.5358 | best mAR acc: 0.6640 | best Score: 0.5358 | best Score epoch:  6 
epoch  7, iter  351: loss: 0.0159 | load time: 0.0002 | back time: 0.8238 | lr: 0.00009983 | best AP50 acc: 0.7803 | best AP70 acc: 0.5517 | best mAP acc: 0.5358 | best mAR acc: 0.6640 | best Score: 0.5358 | best Score epoch:  6 
epoch  7, iter  401: loss: 0.0099 | load time: 0.0003 | back time: 0.8075 | lr: 0.00009982 | best AP50 acc: 0.7803 | best AP70 acc: 0.5517 | best mAP acc: 0.5358 | best mAR acc: 0.6640 | best Score: 0.5358 | best Score epoch:  6 
epoch  7, iter  451: loss: 0.0124 | load time: 0.0002 | back time: 0.8207 | lr: 0.00009981 | best AP50 acc: 0.7803 | best AP70 acc: 0.5517 | best mAP acc: 0.5358 | best mAR acc: 0.6640 | best Score: 0.5358 | best Score epoch:  6 
epoch  7, iter  501: loss: 0.0123 | load time: 0.0003 | back time: 0.8234 | lr: 0.00009980 | best AP50 acc: 0.7803 | best AP70 acc: 0.5517 | best mAP acc: 0.5358 | best mAR acc: 0.6640 | best Score: 0.5358 | best Score epoch:  6 
epoch  7, iter  551: loss: 0.0139 | load time: 0.0002 | back time: 0.7997 | lr: 0.00009979 | best AP50 acc: 0.7803 | best AP70 acc: 0.5517 | best mAP acc: 0.5358 | best mAR acc: 0.6640 | best Score: 0.5358 | best Score epoch:  6 
epoch  7, iter  601: loss: 0.0135 | load time: 0.0002 | back time: 0.8144 | lr: 0.00009977 | best AP50 acc: 0.7803 | best AP70 acc: 0.5517 | best mAP acc: 0.5358 | best mAR acc: 0.6640 | best Score: 0.5358 | best Score epoch:  6 
epoch  7, iter  651: loss: 0.0164 | load time: 0.0001 | back time: 0.8225 | lr: 0.00009976 | best AP50 acc: 0.7803 | best AP70 acc: 0.5517 | best mAP acc: 0.5358 | best mAR acc: 0.6640 | best Score: 0.5358 | best Score epoch:  6 
epoch  7, iter  701: loss: 0.0138 | load time: 0.0002 | back time: 0.8235 | lr: 0.00009975 | best AP50 acc: 0.7803 | best AP70 acc: 0.5517 | best mAP acc: 0.5358 | best mAR acc: 0.6640 | best Score: 0.5358 | best Score epoch:  6 
epoch  7, iter  751: loss: 0.0134 | load time: 0.0002 | back time: 0.8049 | lr: 0.00009973 | best AP50 acc: 0.7803 | best AP70 acc: 0.5517 | best mAP acc: 0.5358 | best mAR acc: 0.6640 | best Score: 0.5358 | best Score epoch:  6 
epoch  7, iter  801: loss: 0.0099 | load time: 0.0002 | back time: 0.8186 | lr: 0.00009972 | best AP50 acc: 0.7803 | best AP70 acc: 0.5517 | best mAP acc: 0.5358 | best mAR acc: 0.6640 | best Score: 0.5358 | best Score epoch:  6 
epoch  7, iter  851: loss: 0.0189 | load time: 0.0002 | back time: 0.8239 | lr: 0.00009970 | best AP50 acc: 0.7803 | best AP70 acc: 0.5517 | best mAP acc: 0.5358 | best mAR acc: 0.6640 | best Score: 0.5358 | best Score epoch:  6 
epoch  7, iter  901: loss: 0.0144 | load time: 0.0002 | back time: 0.8043 | lr: 0.00009969 | best AP50 acc: 0.7803 | best AP70 acc: 0.5517 | best mAP acc: 0.5358 | best mAR acc: 0.6640 | best Score: 0.5358 | best Score epoch:  6 
epoch  7, iter  951: loss: 0.0095 | load time: 0.0001 | back time: 0.8305 | lr: 0.00009967 | best AP50 acc: 0.7803 | best AP70 acc: 0.5517 | best mAP acc: 0.5358 | best mAR acc: 0.6640 | best Score: 0.5358 | best Score epoch:  6 
epoch  7, iter 1001: loss: 0.0148 | load time: 0.0003 | back time: 0.8247 | lr: 0.00009966 | best AP50 acc: 0.7803 | best AP70 acc: 0.5517 | best mAP acc: 0.5358 | best mAR acc: 0.6640 | best Score: 0.5358 | best Score epoch:  6 
epoch  7, iter 1051: loss: 0.0158 | load time: 0.0002 | back time: 0.8269 | lr: 0.00009964 | best AP50 acc: 0.7803 | best AP70 acc: 0.5517 | best mAP acc: 0.5358 | best mAR acc: 0.6640 | best Score: 0.5358 | best Score epoch:  6 
epoch  7, iter 1101: loss: 0.0086 | load time: 0.0002 | back time: 0.8075 | lr: 0.00009963 | best AP50 acc: 0.7803 | best AP70 acc: 0.5517 | best mAP acc: 0.5358 | best mAR acc: 0.6640 | best Score: 0.5358 | best Score epoch:  6 
epoch  7, iter 1151: loss: 0.0116 | load time: 0.0001 | back time: 0.8204 | lr: 0.00009961 | best AP50 acc: 0.7803 | best AP70 acc: 0.5517 | best mAP acc: 0.5358 | best mAR acc: 0.6640 | best Score: 0.5358 | best Score epoch:  6 
UAV_SEQS_2 | mAP50:90: 39.2363 | AP50: 70.8353 | AP70: 36.0584 
UAV_SEQS_37 | mAP50:90: 86.9023 | AP50: 100.0000 | AP70: 93.4746 
UAV_SEQS_45 | mAP50:90: 92.0059 | AP50: 100.0000 | AP70: 100.0000 
UAV_SEQS_47 | mAP50:90: 97.5279 | AP50: 100.0000 | AP70: 100.0000 
UAV_SEQS_55 | mAP50:90: 52.1500 | AP50: 77.6759 | AP70: 57.6393 
UAV_SEQS_59 | mAP50:90: 61.6915 | AP50: 89.8100 | AP70: 66.6842 
UAV_SEQS_6 | mAP50:90: 77.5909 | AP50: 92.3584 | AP70: 82.6174 
UAV_SEQS_63 | mAP50:90: 11.6996 | AP50: 46.6485 | AP70: 1.6812 
UAV_SEQS_65 | mAP50:90: 77.4468 | AP50: 97.2063 | AP70: 91.6491 
UAV_SEQS_7 | mAP50:90: 39.1204 | AP50: 100.0000 | AP70: 14.7824 
UAV_SEQS_71 | mAP50:90: 75.6147 | AP50: 98.9150 | AP70: 81.6437 
UAV_SEQS_73 | mAP50:90: 62.9814 | AP50: 89.8650 | AP70: 73.1361 
UAV_SEQS_74 | mAP50:90: 97.5885 | AP50: 100.0000 | AP70: 100.0000 
UAV_SEQS_77 | mAP50:90: 14.2919 | AP50: 28.3464 | AP70: 18.8849 
UAV_SEQS_8 | mAP50:90: 57.8100 | AP50: 100.0000 | AP70: 62.5828 
Overall            | mAP50:95: 61.1966 | AP50: 87.3693 | AP70: 62.3016 
epoch  8, iter    1: loss: 0.0115 | load time: 0.0034 | back time: 0.4549 | lr: 0.00009961 | best AP50 acc: 0.8737 | best AP70 acc: 0.6230 | best mAP acc: 0.6120 | best mAR acc: 0.7026 | best Score: 0.6120 | best Score epoch:  7 
epoch  8, iter   51: loss: 0.0122 | load time: 0.0004 | back time: 0.8161 | lr: 0.00009959 | best AP50 acc: 0.8737 | best AP70 acc: 0.6230 | best mAP acc: 0.6120 | best mAR acc: 0.7026 | best Score: 0.6120 | best Score epoch:  7 
epoch  8, iter  101: loss: 0.0140 | load time: 0.0002 | back time: 0.8227 | lr: 0.00009957 | best AP50 acc: 0.8737 | best AP70 acc: 0.6230 | best mAP acc: 0.6120 | best mAR acc: 0.7026 | best Score: 0.6120 | best Score epoch:  7 
epoch  8, iter  151: loss: 0.0124 | load time: 0.0001 | back time: 0.8041 | lr: 0.00009956 | best AP50 acc: 0.8737 | best AP70 acc: 0.6230 | best mAP acc: 0.6120 | best mAR acc: 0.7026 | best Score: 0.6120 | best Score epoch:  7 
epoch  8, iter  201: loss: 0.0107 | load time: 0.0002 | back time: 0.8281 | lr: 0.00009954 | best AP50 acc: 0.8737 | best AP70 acc: 0.6230 | best mAP acc: 0.6120 | best mAR acc: 0.7026 | best Score: 0.6120 | best Score epoch:  7 
epoch  8, iter  251: loss: 0.0101 | load time: 0.0002 | back time: 0.8255 | lr: 0.00009952 | best AP50 acc: 0.8737 | best AP70 acc: 0.6230 | best mAP acc: 0.6120 | best mAR acc: 0.7026 | best Score: 0.6120 | best Score epoch:  7 
epoch  8, iter  301: loss: 0.0088 | load time: 0.0002 | back time: 0.8258 | lr: 0.00009950 | best AP50 acc: 0.8737 | best AP70 acc: 0.6230 | best mAP acc: 0.6120 | best mAR acc: 0.7026 | best Score: 0.6120 | best Score epoch:  7 
epoch  8, iter  351: loss: 0.0101 | load time: 0.0001 | back time: 0.8237 | lr: 0.00009948 | best AP50 acc: 0.8737 | best AP70 acc: 0.6230 | best mAP acc: 0.6120 | best mAR acc: 0.7026 | best Score: 0.6120 | best Score epoch:  7 
epoch  8, iter  401: loss: 0.0151 | load time: 0.0001 | back time: 0.8337 | lr: 0.00009946 | best AP50 acc: 0.8737 | best AP70 acc: 0.6230 | best mAP acc: 0.6120 | best mAR acc: 0.7026 | best Score: 0.6120 | best Score epoch:  7 
epoch  8, iter  451: loss: 0.0082 | load time: 0.0002 | back time: 0.8247 | lr: 0.00009944 | best AP50 acc: 0.8737 | best AP70 acc: 0.6230 | best mAP acc: 0.6120 | best mAR acc: 0.7026 | best Score: 0.6120 | best Score epoch:  7 
epoch  8, iter  501: loss: 0.0089 | load time: 0.0001 | back time: 0.8156 | lr: 0.00009942 | best AP50 acc: 0.8737 | best AP70 acc: 0.6230 | best mAP acc: 0.6120 | best mAR acc: 0.7026 | best Score: 0.6120 | best Score epoch:  7 
epoch  8, iter  551: loss: 0.0129 | load time: 0.0002 | back time: 0.8183 | lr: 0.00009940 | best AP50 acc: 0.8737 | best AP70 acc: 0.6230 | best mAP acc: 0.6120 | best mAR acc: 0.7026 | best Score: 0.6120 | best Score epoch:  7 
epoch  8, iter  601: loss: 0.0138 | load time: 0.0001 | back time: 0.8086 | lr: 0.00009938 | best AP50 acc: 0.8737 | best AP70 acc: 0.6230 | best mAP acc: 0.6120 | best mAR acc: 0.7026 | best Score: 0.6120 | best Score epoch:  7 
epoch  8, iter  651: loss: 0.0148 | load time: 0.0001 | back time: 0.8196 | lr: 0.00009936 | best AP50 acc: 0.8737 | best AP70 acc: 0.6230 | best mAP acc: 0.6120 | best mAR acc: 0.7026 | best Score: 0.6120 | best Score epoch:  7 
epoch  8, iter  701: loss: 0.0098 | load time: 0.0001 | back time: 0.8276 | lr: 0.00009934 | best AP50 acc: 0.8737 | best AP70 acc: 0.6230 | best mAP acc: 0.6120 | best mAR acc: 0.7026 | best Score: 0.6120 | best Score epoch:  7 
epoch  8, iter  751: loss: 0.0197 | load time: 0.0002 | back time: 0.8206 | lr: 0.00009931 | best AP50 acc: 0.8737 | best AP70 acc: 0.6230 | best mAP acc: 0.6120 | best mAR acc: 0.7026 | best Score: 0.6120 | best Score epoch:  7 
epoch  8, iter  801: loss: 0.0103 | load time: 0.0002 | back time: 0.8054 | lr: 0.00009929 | best AP50 acc: 0.8737 | best AP70 acc: 0.6230 | best mAP acc: 0.6120 | best mAR acc: 0.7026 | best Score: 0.6120 | best Score epoch:  7 
epoch  8, iter  851: loss: 0.0118 | load time: 0.0003 | back time: 0.8229 | lr: 0.00009927 | best AP50 acc: 0.8737 | best AP70 acc: 0.6230 | best mAP acc: 0.6120 | best mAR acc: 0.7026 | best Score: 0.6120 | best Score epoch:  7 
epoch  8, iter  901: loss: 0.0118 | load time: 0.0002 | back time: 0.8278 | lr: 0.00009925 | best AP50 acc: 0.8737 | best AP70 acc: 0.6230 | best mAP acc: 0.6120 | best mAR acc: 0.7026 | best Score: 0.6120 | best Score epoch:  7 
epoch  8, iter  951: loss: 0.0093 | load time: 0.0002 | back time: 0.8235 | lr: 0.00009922 | best AP50 acc: 0.8737 | best AP70 acc: 0.6230 | best mAP acc: 0.6120 | best mAR acc: 0.7026 | best Score: 0.6120 | best Score epoch:  7 
epoch  8, iter 1001: loss: 0.0099 | load time: 0.0001 | back time: 0.8134 | lr: 0.00009920 | best AP50 acc: 0.8737 | best AP70 acc: 0.6230 | best mAP acc: 0.6120 | best mAR acc: 0.7026 | best Score: 0.6120 | best Score epoch:  7 
epoch  8, iter 1051: loss: 0.0124 | load time: 0.0002 | back time: 0.8247 | lr: 0.00009917 | best AP50 acc: 0.8737 | best AP70 acc: 0.6230 | best mAP acc: 0.6120 | best mAR acc: 0.7026 | best Score: 0.6120 | best Score epoch:  7 
epoch  8, iter 1101: loss: 0.0086 | load time: 0.0002 | back time: 0.8320 | lr: 0.00009915 | best AP50 acc: 0.8737 | best AP70 acc: 0.6230 | best mAP acc: 0.6120 | best mAR acc: 0.7026 | best Score: 0.6120 | best Score epoch:  7 
epoch  8, iter 1151: loss: 0.0099 | load time: 0.0001 | back time: 0.8098 | lr: 0.00009912 | best AP50 acc: 0.8737 | best AP70 acc: 0.6230 | best mAP acc: 0.6120 | best mAR acc: 0.7026 | best Score: 0.6120 | best Score epoch:  7 
UAV_SEQS_2 | mAP50:90: 53.2298 | AP50: 83.3047 | AP70: 56.7708 
UAV_SEQS_37 | mAP50:90: 95.4387 | AP50: 100.0000 | AP70: 98.7074 
UAV_SEQS_45 | mAP50:90: 84.9827 | AP50: 100.0000 | AP70: 91.6176 
UAV_SEQS_47 | mAP50:90: 95.2182 | AP50: 100.0000 | AP70: 100.0000 
UAV_SEQS_55 | mAP50:90: 34.5064 | AP50: 53.6800 | AP70: 36.4635 
UAV_SEQS_59 | mAP50:90: 48.9725 | AP50: 83.9579 | AP70: 48.5149 
UAV_SEQS_6 | mAP50:90: 68.0327 | AP50: 95.8491 | AP70: 73.3365 
UAV_SEQS_63 | mAP50:90: 3.3497 | AP50: 14.0594 | AP70: 0.2242 
UAV_SEQS_65 | mAP50:90: 75.7157 | AP50: 96.6291 | AP70: 88.2309 
UAV_SEQS_7 | mAP50:90: 91.9692 | AP50: 100.0000 | AP70: 97.6917 
UAV_SEQS_71 | mAP50:90: 81.4513 | AP50: 100.0000 | AP70: 90.5967 
UAV_SEQS_73 | mAP50:90: 57.4742 | AP50: 84.6262 | AP70: 66.6555 
UAV_SEQS_74 | mAP50:90: 93.5130 | AP50: 100.0000 | AP70: 100.0000 
UAV_SEQS_77 | mAP50:90: 40.0973 | AP50: 41.0946 | AP70: 41.0946 
UAV_SEQS_8 | mAP50:90: 75.4272 | AP50: 100.0000 | AP70: 88.5202 
Overall            | mAP50:95: 66.9423 | AP50: 84.5339 | AP70: 71.8264 
epoch  9, iter    1: loss: 0.0108 | load time: 0.0052 | back time: 0.4254 | lr: 0.00009912 | best AP50 acc: 0.8453 | best AP70 acc: 0.7183 | best mAP acc: 0.6694 | best mAR acc: 0.7437 | best Score: 0.6694 | best Score epoch:  8 
epoch  9, iter   51: loss: 0.0113 | load time: 0.0001 | back time: 0.8079 | lr: 0.00009910 | best AP50 acc: 0.8453 | best AP70 acc: 0.7183 | best mAP acc: 0.6694 | best mAR acc: 0.7437 | best Score: 0.6694 | best Score epoch:  8 
epoch  9, iter  101: loss: 0.0153 | load time: 0.0003 | back time: 0.8202 | lr: 0.00009907 | best AP50 acc: 0.8453 | best AP70 acc: 0.7183 | best mAP acc: 0.6694 | best mAR acc: 0.7437 | best Score: 0.6694 | best Score epoch:  8 
epoch  9, iter  151: loss: 0.0087 | load time: 0.0002 | back time: 0.8278 | lr: 0.00009905 | best AP50 acc: 0.8453 | best AP70 acc: 0.7183 | best mAP acc: 0.6694 | best mAR acc: 0.7437 | best Score: 0.6694 | best Score epoch:  8 
epoch  9, iter  201: loss: 0.0091 | load time: 0.0001 | back time: 0.8087 | lr: 0.00009902 | best AP50 acc: 0.8453 | best AP70 acc: 0.7183 | best mAP acc: 0.6694 | best mAR acc: 0.7437 | best Score: 0.6694 | best Score epoch:  8 
epoch  9, iter  251: loss: 0.0095 | load time: 0.0003 | back time: 0.8174 | lr: 0.00009899 | best AP50 acc: 0.8453 | best AP70 acc: 0.7183 | best mAP acc: 0.6694 | best mAR acc: 0.7437 | best Score: 0.6694 | best Score epoch:  8 
epoch  9, iter  301: loss: 0.0090 | load time: 0.0003 | back time: 0.8229 | lr: 0.00009896 | best AP50 acc: 0.8453 | best AP70 acc: 0.7183 | best mAP acc: 0.6694 | best mAR acc: 0.7437 | best Score: 0.6694 | best Score epoch:  8 
epoch  9, iter  351: loss: 0.0134 | load time: 0.0002 | back time: 0.8249 | lr: 0.00009894 | best AP50 acc: 0.8453 | best AP70 acc: 0.7183 | best mAP acc: 0.6694 | best mAR acc: 0.7437 | best Score: 0.6694 | best Score epoch:  8 
epoch  9, iter  401: loss: 0.0118 | load time: 0.0003 | back time: 0.8114 | lr: 0.00009891 | best AP50 acc: 0.8453 | best AP70 acc: 0.7183 | best mAP acc: 0.6694 | best mAR acc: 0.7437 | best Score: 0.6694 | best Score epoch:  8 
epoch  9, iter  451: loss: 0.0105 | load time: 0.0001 | back time: 0.8231 | lr: 0.00009888 | best AP50 acc: 0.8453 | best AP70 acc: 0.7183 | best mAP acc: 0.6694 | best mAR acc: 0.7437 | best Score: 0.6694 | best Score epoch:  8 
epoch  9, iter  501: loss: 0.0115 | load time: 0.0002 | back time: 0.8303 | lr: 0.00009885 | best AP50 acc: 0.8453 | best AP70 acc: 0.7183 | best mAP acc: 0.6694 | best mAR acc: 0.7437 | best Score: 0.6694 | best Score epoch:  8 
epoch  9, iter  551: loss: 0.0137 | load time: 0.0002 | back time: 0.8181 | lr: 0.00009882 | best AP50 acc: 0.8453 | best AP70 acc: 0.7183 | best mAP acc: 0.6694 | best mAR acc: 0.7437 | best Score: 0.6694 | best Score epoch:  8 
epoch  9, iter  601: loss: 0.0104 | load time: 0.0003 | back time: 0.8218 | lr: 0.00009879 | best AP50 acc: 0.8453 | best AP70 acc: 0.7183 | best mAP acc: 0.6694 | best mAR acc: 0.7437 | best Score: 0.6694 | best Score epoch:  8 
epoch  9, iter  651: loss: 0.0115 | load time: 0.0002 | back time: 0.8371 | lr: 0.00009876 | best AP50 acc: 0.8453 | best AP70 acc: 0.7183 | best mAP acc: 0.6694 | best mAR acc: 0.7437 | best Score: 0.6694 | best Score epoch:  8 
epoch  9, iter  701: loss: 0.0097 | load time: 0.0002 | back time: 0.7957 | lr: 0.00009873 | best AP50 acc: 0.8453 | best AP70 acc: 0.7183 | best mAP acc: 0.6694 | best mAR acc: 0.7437 | best Score: 0.6694 | best Score epoch:  8 
epoch  9, iter  751: loss: 0.0095 | load time: 0.0002 | back time: 0.8140 | lr: 0.00009870 | best AP50 acc: 0.8453 | best AP70 acc: 0.7183 | best mAP acc: 0.6694 | best mAR acc: 0.7437 | best Score: 0.6694 | best Score epoch:  8 
epoch  9, iter  801: loss: 0.0128 | load time: 0.0002 | back time: 0.8233 | lr: 0.00009867 | best AP50 acc: 0.8453 | best AP70 acc: 0.7183 | best mAP acc: 0.6694 | best mAR acc: 0.7437 | best Score: 0.6694 | best Score epoch:  8 
epoch  9, iter  851: loss: 0.0095 | load time: 0.0003 | back time: 0.8248 | lr: 0.00009864 | best AP50 acc: 0.8453 | best AP70 acc: 0.7183 | best mAP acc: 0.6694 | best mAR acc: 0.7437 | best Score: 0.6694 | best Score epoch:  8 
epoch  9, iter  901: loss: 0.0154 | load time: 0.0002 | back time: 0.8004 | lr: 0.00009861 | best AP50 acc: 0.8453 | best AP70 acc: 0.7183 | best mAP acc: 0.6694 | best mAR acc: 0.7437 | best Score: 0.6694 | best Score epoch:  8 
epoch  9, iter  951: loss: 0.0120 | load time: 0.0003 | back time: 0.8165 | lr: 0.00009858 | best AP50 acc: 0.8453 | best AP70 acc: 0.7183 | best mAP acc: 0.6694 | best mAR acc: 0.7437 | best Score: 0.6694 | best Score epoch:  8 
epoch  9, iter 1001: loss: 0.0105 | load time: 0.0002 | back time: 0.8229 | lr: 0.00009854 | best AP50 acc: 0.8453 | best AP70 acc: 0.7183 | best mAP acc: 0.6694 | best mAR acc: 0.7437 | best Score: 0.6694 | best Score epoch:  8 
epoch  9, iter 1051: loss: 0.0117 | load time: 0.0001 | back time: 0.8251 | lr: 0.00009851 | best AP50 acc: 0.8453 | best AP70 acc: 0.7183 | best mAP acc: 0.6694 | best mAR acc: 0.7437 | best Score: 0.6694 | best Score epoch:  8 
epoch  9, iter 1101: loss: 0.0091 | load time: 0.0002 | back time: 0.8081 | lr: 0.00009848 | best AP50 acc: 0.8453 | best AP70 acc: 0.7183 | best mAP acc: 0.6694 | best mAR acc: 0.7437 | best Score: 0.6694 | best Score epoch:  8 
epoch  9, iter 1151: loss: 0.0121 | load time: 0.0002 | back time: 0.8209 | lr: 0.00009845 | best AP50 acc: 0.8453 | best AP70 acc: 0.7183 | best mAP acc: 0.6694 | best mAR acc: 0.7437 | best Score: 0.6694 | best Score epoch:  8 
UAV_SEQS_2 | mAP50:90: 49.4344 | AP50: 76.4639 | AP70: 52.8083 
UAV_SEQS_37 | mAP50:90: 91.6275 | AP50: 100.0000 | AP70: 94.9953 
UAV_SEQS_45 | mAP50:90: 79.4235 | AP50: 97.5303 | AP70: 81.8413 
UAV_SEQS_47 | mAP50:90: 94.6137 | AP50: 100.0000 | AP70: 100.0000 
UAV_SEQS_55 | mAP50:90: 48.1801 | AP50: 74.5126 | AP70: 49.6082 
UAV_SEQS_59 | mAP50:90: 53.8086 | AP50: 83.8094 | AP70: 52.0335 
UAV_SEQS_6 | mAP50:90: 69.0288 | AP50: 90.5271 | AP70: 71.2389 
UAV_SEQS_63 | mAP50:90: 1.4229 | AP50: 5.6426 | AP70: 0.1589 
UAV_SEQS_65 | mAP50:90: 78.9116 | AP50: 97.5497 | AP70: 90.7665 
UAV_SEQS_7 | mAP50:90: 93.0699 | AP50: 100.0000 | AP70: 100.0000 
UAV_SEQS_71 | mAP50:90: 64.8411 | AP50: 97.0543 | AP70: 71.8498 
UAV_SEQS_73 | mAP50:90: 49.5598 | AP50: 85.9555 | AP70: 48.3802 
UAV_SEQS_74 | mAP50:90: 100.0000 | AP50: 100.0000 | AP70: 100.0000 
UAV_SEQS_77 | mAP50:90: 23.1890 | AP50: 47.5084 | AP70: 22.6368 
UAV_SEQS_8 | mAP50:90: 100.0000 | AP50: 100.0000 | AP70: 100.0000 
Overall            | mAP50:95: 66.4047 | AP50: 83.4434 | AP70: 68.6528 
epoch 10, iter    1: loss: 0.0100 | load time: 0.0111 | back time: 0.5289 | lr: 0.00009844 | best AP50 acc: 0.8453 | best AP70 acc: 0.7183 | best mAP acc: 0.6694 | best mAR acc: 0.7437 | best Score: 0.6694 | best Score epoch:  8 
epoch 10, iter   51: loss: 0.0143 | load time: 0.0002 | back time: 0.8164 | lr: 0.00009841 | best AP50 acc: 0.8453 | best AP70 acc: 0.7183 | best mAP acc: 0.6694 | best mAR acc: 0.7437 | best Score: 0.6694 | best Score epoch:  8 
epoch 10, iter  101: loss: 0.0099 | load time: 0.0002 | back time: 0.8252 | lr: 0.00009838 | best AP50 acc: 0.8453 | best AP70 acc: 0.7183 | best mAP acc: 0.6694 | best mAR acc: 0.7437 | best Score: 0.6694 | best Score epoch:  8 
epoch 10, iter  151: loss: 0.0090 | load time: 0.0002 | back time: 0.8089 | lr: 0.00009834 | best AP50 acc: 0.8453 | best AP70 acc: 0.7183 | best mAP acc: 0.6694 | best mAR acc: 0.7437 | best Score: 0.6694 | best Score epoch:  8 
epoch 10, iter  201: loss: 0.0122 | load time: 0.0002 | back time: 0.8258 | lr: 0.00009831 | best AP50 acc: 0.8453 | best AP70 acc: 0.7183 | best mAP acc: 0.6694 | best mAR acc: 0.7437 | best Score: 0.6694 | best Score epoch:  8 
epoch 10, iter  251: loss: 0.0092 | load time: 0.0002 | back time: 0.8244 | lr: 0.00009827 | best AP50 acc: 0.8453 | best AP70 acc: 0.7183 | best mAP acc: 0.6694 | best mAR acc: 0.7437 | best Score: 0.6694 | best Score epoch:  8 
epoch 10, iter  301: loss: 0.0084 | load time: 0.0001 | back time: 0.7920 | lr: 0.00009824 | best AP50 acc: 0.8453 | best AP70 acc: 0.7183 | best mAP acc: 0.6694 | best mAR acc: 0.7437 | best Score: 0.6694 | best Score epoch:  8 
epoch 10, iter  351: loss: 0.0103 | load time: 0.0002 | back time: 0.8148 | lr: 0.00009820 | best AP50 acc: 0.8453 | best AP70 acc: 0.7183 | best mAP acc: 0.6694 | best mAR acc: 0.7437 | best Score: 0.6694 | best Score epoch:  8 
epoch 10, iter  401: loss: 0.0092 | load time: 0.0002 | back time: 0.8235 | lr: 0.00009816 | best AP50 acc: 0.8453 | best AP70 acc: 0.7183 | best mAP acc: 0.6694 | best mAR acc: 0.7437 | best Score: 0.6694 | best Score epoch:  8 
epoch 10, iter  451: loss: 0.0083 | load time: 0.0002 | back time: 0.8228 | lr: 0.00009813 | best AP50 acc: 0.8453 | best AP70 acc: 0.7183 | best mAP acc: 0.6694 | best mAR acc: 0.7437 | best Score: 0.6694 | best Score epoch:  8 
epoch 10, iter  501: loss: 0.0088 | load time: 0.0005 | back time: 0.7991 | lr: 0.00009809 | best AP50 acc: 0.8453 | best AP70 acc: 0.7183 | best mAP acc: 0.6694 | best mAR acc: 0.7437 | best Score: 0.6694 | best Score epoch:  8 
epoch 10, iter  551: loss: 0.0123 | load time: 0.0001 | back time: 0.8176 | lr: 0.00009805 | best AP50 acc: 0.8453 | best AP70 acc: 0.7183 | best mAP acc: 0.6694 | best mAR acc: 0.7437 | best Score: 0.6694 | best Score epoch:  8 
epoch 10, iter  601: loss: 0.0122 | load time: 0.0002 | back time: 0.8229 | lr: 0.00009802 | best AP50 acc: 0.8453 | best AP70 acc: 0.7183 | best mAP acc: 0.6694 | best mAR acc: 0.7437 | best Score: 0.6694 | best Score epoch:  8 
epoch 10, iter  651: loss: 0.0110 | load time: 0.0003 | back time: 0.8031 | lr: 0.00009798 | best AP50 acc: 0.8453 | best AP70 acc: 0.7183 | best mAP acc: 0.6694 | best mAR acc: 0.7437 | best Score: 0.6694 | best Score epoch:  8 
epoch 10, iter  701: loss: 0.0082 | load time: 0.0003 | back time: 0.8255 | lr: 0.00009794 | best AP50 acc: 0.8453 | best AP70 acc: 0.7183 | best mAP acc: 0.6694 | best mAR acc: 0.7437 | best Score: 0.6694 | best Score epoch:  8 
epoch 10, iter  751: loss: 0.0095 | load time: 0.0003 | back time: 0.8224 | lr: 0.00009790 | best AP50 acc: 0.8453 | best AP70 acc: 0.7183 | best mAP acc: 0.6694 | best mAR acc: 0.7437 | best Score: 0.6694 | best Score epoch:  8 
epoch 10, iter  801: loss: 0.0099 | load time: 0.0001 | back time: 0.8235 | lr: 0.00009786 | best AP50 acc: 0.8453 | best AP70 acc: 0.7183 | best mAP acc: 0.6694 | best mAR acc: 0.7437 | best Score: 0.6694 | best Score epoch:  8 
epoch 10, iter  851: loss: 0.0101 | load time: 0.0002 | back time: 0.8063 | lr: 0.00009782 | best AP50 acc: 0.8453 | best AP70 acc: 0.7183 | best mAP acc: 0.6694 | best mAR acc: 0.7437 | best Score: 0.6694 | best Score epoch:  8 
epoch 10, iter  901: loss: 0.0084 | load time: 0.0002 | back time: 0.8186 | lr: 0.00009778 | best AP50 acc: 0.8453 | best AP70 acc: 0.7183 | best mAP acc: 0.6694 | best mAR acc: 0.7437 | best Score: 0.6694 | best Score epoch:  8 
epoch 10, iter  951: loss: 0.0096 | load time: 0.0002 | back time: 0.8244 | lr: 0.00009774 | best AP50 acc: 0.8453 | best AP70 acc: 0.7183 | best mAP acc: 0.6694 | best mAR acc: 0.7437 | best Score: 0.6694 | best Score epoch:  8 
epoch 10, iter 1001: loss: 0.0101 | load time: 0.0002 | back time: 0.7912 | lr: 0.00009770 | best AP50 acc: 0.8453 | best AP70 acc: 0.7183 | best mAP acc: 0.6694 | best mAR acc: 0.7437 | best Score: 0.6694 | best Score epoch:  8 
epoch 10, iter 1051: loss: 0.0118 | load time: 0.0001 | back time: 0.8153 | lr: 0.00009766 | best AP50 acc: 0.8453 | best AP70 acc: 0.7183 | best mAP acc: 0.6694 | best mAR acc: 0.7437 | best Score: 0.6694 | best Score epoch:  8 
epoch 10, iter 1101: loss: 0.0097 | load time: 0.0002 | back time: 0.8222 | lr: 0.00009762 | best AP50 acc: 0.8453 | best AP70 acc: 0.7183 | best mAP acc: 0.6694 | best mAR acc: 0.7437 | best Score: 0.6694 | best Score epoch:  8 
epoch 10, iter 1151: loss: 0.0097 | load time: 0.0001 | back time: 0.8235 | lr: 0.00009758 | best AP50 acc: 0.8453 | best AP70 acc: 0.7183 | best mAP acc: 0.6694 | best mAR acc: 0.7437 | best Score: 0.6694 | best Score epoch:  8 
UAV_SEQS_2 | mAP50:90: 40.0925 | AP50: 70.8608 | AP70: 41.3237 
UAV_SEQS_37 | mAP50:90: 82.9881 | AP50: 100.0000 | AP70: 93.1547 
UAV_SEQS_45 | mAP50:90: 97.2899 | AP50: 100.0000 | AP70: 100.0000 
UAV_SEQS_47 | mAP50:90: 99.3841 | AP50: 100.0000 | AP70: 100.0000 
UAV_SEQS_55 | mAP50:90: 40.3951 | AP50: 65.7419 | AP70: 42.9286 
UAV_SEQS_59 | mAP50:90: 57.3231 | AP50: 87.8705 | AP70: 62.1165 
UAV_SEQS_6 | mAP50:90: 78.4186 | AP50: 92.0792 | AP70: 82.8367 
UAV_SEQS_63 | mAP50:90: 11.5163 | AP50: 48.3516 | AP70: 0.6016 
UAV_SEQS_65 | mAP50:90: 75.9130 | AP50: 96.1904 | AP70: 89.9745 
UAV_SEQS_7 | mAP50:90: 66.9153 | AP50: 100.0000 | AP70: 79.9527 
UAV_SEQS_71 | mAP50:90: 61.8604 | AP50: 91.7569 | AP70: 68.8333 
UAV_SEQS_73 | mAP50:90: 64.8806 | AP50: 86.1406 | AP70: 76.0409 
UAV_SEQS_74 | mAP50:90: 98.0628 | AP50: 100.0000 | AP70: 100.0000 
UAV_SEQS_77 | mAP50:90: 32.1041 | AP50: 37.5269 | AP70: 37.5269 
UAV_SEQS_8 | mAP50:90: 93.3577 | AP50: 100.0000 | AP70: 94.4422 
Overall            | mAP50:95: 66.9653 | AP50: 85.9583 | AP70: 71.0531 
epoch 11, iter    1: loss: 0.0083 | load time: 0.0034 | back time: 0.4638 | lr: 0.00009758 | best AP50 acc: 0.8596 | best AP70 acc: 0.7105 | best mAP acc: 0.6697 | best mAR acc: 0.7440 | best Score: 0.6697 | best Score epoch: 10 
epoch 11, iter   51: loss: 0.0127 | load time: 0.0002 | back time: 0.7862 | lr: 0.00009753 | best AP50 acc: 0.8596 | best AP70 acc: 0.7105 | best mAP acc: 0.6697 | best mAR acc: 0.7440 | best Score: 0.6697 | best Score epoch: 10 
epoch 11, iter  101: loss: 0.0099 | load time: 0.0001 | back time: 0.8186 | lr: 0.00009749 | best AP50 acc: 0.8596 | best AP70 acc: 0.7105 | best mAP acc: 0.6697 | best mAR acc: 0.7440 | best Score: 0.6697 | best Score epoch: 10 
epoch 11, iter  151: loss: 0.0091 | load time: 0.0001 | back time: 0.8245 | lr: 0.00009745 | best AP50 acc: 0.8596 | best AP70 acc: 0.7105 | best mAP acc: 0.6697 | best mAR acc: 0.7440 | best Score: 0.6697 | best Score epoch: 10 
epoch 11, iter  201: loss: 0.0086 | load time: 0.0002 | back time: 0.7951 | lr: 0.00009741 | best AP50 acc: 0.8596 | best AP70 acc: 0.7105 | best mAP acc: 0.6697 | best mAR acc: 0.7440 | best Score: 0.6697 | best Score epoch: 10 
epoch 11, iter  251: loss: 0.0087 | load time: 0.0003 | back time: 0.8150 | lr: 0.00009736 | best AP50 acc: 0.8596 | best AP70 acc: 0.7105 | best mAP acc: 0.6697 | best mAR acc: 0.7440 | best Score: 0.6697 | best Score epoch: 10 
epoch 11, iter  301: loss: 0.0084 | load time: 0.0003 | back time: 0.8219 | lr: 0.00009732 | best AP50 acc: 0.8596 | best AP70 acc: 0.7105 | best mAP acc: 0.6697 | best mAR acc: 0.7440 | best Score: 0.6697 | best Score epoch: 10 
epoch 11, iter  351: loss: 0.0093 | load time: 0.0001 | back time: 0.8247 | lr: 0.00009728 | best AP50 acc: 0.8596 | best AP70 acc: 0.7105 | best mAP acc: 0.6697 | best mAR acc: 0.7440 | best Score: 0.6697 | best Score epoch: 10 
epoch 11, iter  401: loss: 0.0089 | load time: 0.0001 | back time: 0.8038 | lr: 0.00009723 | best AP50 acc: 0.8596 | best AP70 acc: 0.7105 | best mAP acc: 0.6697 | best mAR acc: 0.7440 | best Score: 0.6697 | best Score epoch: 10 
epoch 11, iter  451: loss: 0.0112 | load time: 0.0002 | back time: 0.8183 | lr: 0.00009719 | best AP50 acc: 0.8596 | best AP70 acc: 0.7105 | best mAP acc: 0.6697 | best mAR acc: 0.7440 | best Score: 0.6697 | best Score epoch: 10 
epoch 11, iter  501: loss: 0.0126 | load time: 0.0002 | back time: 0.8232 | lr: 0.00009714 | best AP50 acc: 0.8596 | best AP70 acc: 0.7105 | best mAP acc: 0.6697 | best mAR acc: 0.7440 | best Score: 0.6697 | best Score epoch: 10 
epoch 11, iter  551: loss: 0.0093 | load time: 0.0002 | back time: 0.8254 | lr: 0.00009710 | best AP50 acc: 0.8596 | best AP70 acc: 0.7105 | best mAP acc: 0.6697 | best mAR acc: 0.7440 | best Score: 0.6697 | best Score epoch: 10 
epoch 11, iter  601: loss: 0.0096 | load time: 0.0002 | back time: 0.8089 | lr: 0.00009705 | best AP50 acc: 0.8596 | best AP70 acc: 0.7105 | best mAP acc: 0.6697 | best mAR acc: 0.7440 | best Score: 0.6697 | best Score epoch: 10 
epoch 11, iter  651: loss: 0.0094 | load time: 0.0002 | back time: 0.8206 | lr: 0.00009700 | best AP50 acc: 0.8596 | best AP70 acc: 0.7105 | best mAP acc: 0.6697 | best mAR acc: 0.7440 | best Score: 0.6697 | best Score epoch: 10 
epoch 11, iter  701: loss: 0.0106 | load time: 0.0003 | back time: 0.8239 | lr: 0.00009696 | best AP50 acc: 0.8596 | best AP70 acc: 0.7105 | best mAP acc: 0.6697 | best mAR acc: 0.7440 | best Score: 0.6697 | best Score epoch: 10 
epoch 11, iter  751: loss: 0.0093 | load time: 0.0002 | back time: 0.7984 | lr: 0.00009691 | best AP50 acc: 0.8596 | best AP70 acc: 0.7105 | best mAP acc: 0.6697 | best mAR acc: 0.7440 | best Score: 0.6697 | best Score epoch: 10 
epoch 11, iter  801: loss: 0.0084 | load time: 0.0003 | back time: 0.8301 | lr: 0.00009686 | best AP50 acc: 0.8596 | best AP70 acc: 0.7105 | best mAP acc: 0.6697 | best mAR acc: 0.7440 | best Score: 0.6697 | best Score epoch: 10 
epoch 11, iter  851: loss: 0.0092 | load time: 0.0002 | back time: 0.8381 | lr: 0.00009682 | best AP50 acc: 0.8596 | best AP70 acc: 0.7105 | best mAP acc: 0.6697 | best mAR acc: 0.7440 | best Score: 0.6697 | best Score epoch: 10 
epoch 11, iter  901: loss: 0.0088 | load time: 0.0002 | back time: 0.7981 | lr: 0.00009677 | best AP50 acc: 0.8596 | best AP70 acc: 0.7105 | best mAP acc: 0.6697 | best mAR acc: 0.7440 | best Score: 0.6697 | best Score epoch: 10 
epoch 11, iter  951: loss: 0.0096 | load time: 0.0002 | back time: 0.8161 | lr: 0.00009672 | best AP50 acc: 0.8596 | best AP70 acc: 0.7105 | best mAP acc: 0.6697 | best mAR acc: 0.7440 | best Score: 0.6697 | best Score epoch: 10 
epoch 11, iter 1001: loss: 0.0098 | load time: 0.0003 | back time: 0.8226 | lr: 0.00009667 | best AP50 acc: 0.8596 | best AP70 acc: 0.7105 | best mAP acc: 0.6697 | best mAR acc: 0.7440 | best Score: 0.6697 | best Score epoch: 10 
epoch 11, iter 1051: loss: 0.0095 | load time: 0.0003 | back time: 0.8233 | lr: 0.00009662 | best AP50 acc: 0.8596 | best AP70 acc: 0.7105 | best mAP acc: 0.6697 | best mAR acc: 0.7440 | best Score: 0.6697 | best Score epoch: 10 
epoch 11, iter 1101: loss: 0.0089 | load time: 0.0002 | back time: 0.8026 | lr: 0.00009657 | best AP50 acc: 0.8596 | best AP70 acc: 0.7105 | best mAP acc: 0.6697 | best mAR acc: 0.7440 | best Score: 0.6697 | best Score epoch: 10 
epoch 11, iter 1151: loss: 0.0107 | load time: 0.0004 | back time: 0.8175 | lr: 0.00009652 | best AP50 acc: 0.8596 | best AP70 acc: 0.7105 | best mAP acc: 0.6697 | best mAR acc: 0.7440 | best Score: 0.6697 | best Score epoch: 10 
UAV_SEQS_2 | mAP50:90: 36.4966 | AP50: 66.4786 | AP70: 31.6451 
UAV_SEQS_37 | mAP50:90: 57.6016 | AP50: 70.7472 | AP70: 57.8398 
UAV_SEQS_45 | mAP50:90: 90.2366 | AP50: 100.0000 | AP70: 100.0000 
UAV_SEQS_47 | mAP50:90: 99.1775 | AP50: 100.0000 | AP70: 100.0000 
UAV_SEQS_55 | mAP50:90: 37.1336 | AP50: 57.6724 | AP70: 43.0869 
UAV_SEQS_59 | mAP50:90: 81.9835 | AP50: 97.5803 | AP70: 89.3768 
UAV_SEQS_6 | mAP50:90: 76.4230 | AP50: 93.7458 | AP70: 81.7516 
UAV_SEQS_63 | mAP50:90: 57.7633 | AP50: 98.8251 | AP70: 55.8547 
UAV_SEQS_65 | mAP50:90: 77.5018 | AP50: 95.2122 | AP70: 86.8611 
UAV_SEQS_7 | mAP50:90: 92.7637 | AP50: 100.0000 | AP70: 100.0000 
UAV_SEQS_71 | mAP50:90: 71.8077 | AP50: 91.0841 | AP70: 79.4345 
UAV_SEQS_73 | mAP50:90: 65.9474 | AP50: 90.5468 | AP70: 71.4499 
UAV_SEQS_74 | mAP50:90: 99.4350 | AP50: 100.0000 | AP70: 100.0000 
UAV_SEQS_77 | mAP50:90: 36.8005 | AP50: 51.8002 | AP70: 39.8115 
UAV_SEQS_8 | mAP50:90: 95.7689 | AP50: 100.0000 | AP70: 98.1935 
Overall            | mAP50:95: 72.6716 | AP50: 87.4585 | AP70: 76.9680 
epoch 12, iter    1: loss: 0.0088 | load time: 0.0048 | back time: 0.5372 | lr: 0.00009652 | best AP50 acc: 0.8746 | best AP70 acc: 0.7697 | best mAP acc: 0.7267 | best mAR acc: 0.7930 | best Score: 0.7267 | best Score epoch: 11 
epoch 12, iter   51: loss: 0.0090 | load time: 0.0003 | back time: 0.8162 | lr: 0.00009647 | best AP50 acc: 0.8746 | best AP70 acc: 0.7697 | best mAP acc: 0.7267 | best mAR acc: 0.7930 | best Score: 0.7267 | best Score epoch: 11 
epoch 12, iter  101: loss: 0.0084 | load time: 0.0001 | back time: 0.8232 | lr: 0.00009642 | best AP50 acc: 0.8746 | best AP70 acc: 0.7697 | best mAP acc: 0.7267 | best mAR acc: 0.7930 | best Score: 0.7267 | best Score epoch: 11 
epoch 12, iter  151: loss: 0.0091 | load time: 0.0002 | back time: 0.8068 | lr: 0.00009637 | best AP50 acc: 0.8746 | best AP70 acc: 0.7697 | best mAP acc: 0.7267 | best mAR acc: 0.7930 | best Score: 0.7267 | best Score epoch: 11 
epoch 12, iter  201: loss: 0.0088 | load time: 0.0002 | back time: 0.8244 | lr: 0.00009632 | best AP50 acc: 0.8746 | best AP70 acc: 0.7697 | best mAP acc: 0.7267 | best mAR acc: 0.7930 | best Score: 0.7267 | best Score epoch: 11 
epoch 12, iter  251: loss: 0.0099 | load time: 0.0002 | back time: 0.8294 | lr: 0.00009627 | best AP50 acc: 0.8746 | best AP70 acc: 0.7697 | best mAP acc: 0.7267 | best mAR acc: 0.7930 | best Score: 0.7267 | best Score epoch: 11 
epoch 12, iter  301: loss: 0.0095 | load time: 0.0002 | back time: 0.8100 | lr: 0.00009622 | best AP50 acc: 0.8746 | best AP70 acc: 0.7697 | best mAP acc: 0.7267 | best mAR acc: 0.7930 | best Score: 0.7267 | best Score epoch: 11 
epoch 12, iter  351: loss: 0.0085 | load time: 0.0002 | back time: 0.8178 | lr: 0.00009617 | best AP50 acc: 0.8746 | best AP70 acc: 0.7697 | best mAP acc: 0.7267 | best mAR acc: 0.7930 | best Score: 0.7267 | best Score epoch: 11 
epoch 12, iter  401: loss: 0.0084 | load time: 0.0003 | back time: 0.8234 | lr: 0.00009611 | best AP50 acc: 0.8746 | best AP70 acc: 0.7697 | best mAP acc: 0.7267 | best mAR acc: 0.7930 | best Score: 0.7267 | best Score epoch: 11 
epoch 12, iter  451: loss: 0.0089 | load time: 0.0002 | back time: 0.8250 | lr: 0.00009606 | best AP50 acc: 0.8746 | best AP70 acc: 0.7697 | best mAP acc: 0.7267 | best mAR acc: 0.7930 | best Score: 0.7267 | best Score epoch: 11 
epoch 12, iter  501: loss: 0.0105 | load time: 0.0002 | back time: 0.8088 | lr: 0.00009601 | best AP50 acc: 0.8746 | best AP70 acc: 0.7697 | best mAP acc: 0.7267 | best mAR acc: 0.7930 | best Score: 0.7267 | best Score epoch: 11 
epoch 12, iter  551: loss: 0.0085 | load time: 0.0001 | back time: 0.8203 | lr: 0.00009596 | best AP50 acc: 0.8746 | best AP70 acc: 0.7697 | best mAP acc: 0.7267 | best mAR acc: 0.7930 | best Score: 0.7267 | best Score epoch: 11 
epoch 12, iter  601: loss: 0.0111 | load time: 0.0003 | back time: 0.8231 | lr: 0.00009590 | best AP50 acc: 0.8746 | best AP70 acc: 0.7697 | best mAP acc: 0.7267 | best mAR acc: 0.7930 | best Score: 0.7267 | best Score epoch: 11 
epoch 12, iter  651: loss: 0.0085 | load time: 0.0002 | back time: 0.7932 | lr: 0.00009585 | best AP50 acc: 0.8746 | best AP70 acc: 0.7697 | best mAP acc: 0.7267 | best mAR acc: 0.7930 | best Score: 0.7267 | best Score epoch: 11 
epoch 12, iter  701: loss: 0.0096 | load time: 0.0002 | back time: 0.8149 | lr: 0.00009579 | best AP50 acc: 0.8746 | best AP70 acc: 0.7697 | best mAP acc: 0.7267 | best mAR acc: 0.7930 | best Score: 0.7267 | best Score epoch: 11 
epoch 12, iter  751: loss: 0.0088 | load time: 0.0002 | back time: 0.8203 | lr: 0.00009574 | best AP50 acc: 0.8746 | best AP70 acc: 0.7697 | best mAP acc: 0.7267 | best mAR acc: 0.7930 | best Score: 0.7267 | best Score epoch: 11 
epoch 12, iter  801: loss: 0.0093 | load time: 0.0002 | back time: 0.8242 | lr: 0.00009568 | best AP50 acc: 0.8746 | best AP70 acc: 0.7697 | best mAP acc: 0.7267 | best mAR acc: 0.7930 | best Score: 0.7267 | best Score epoch: 11 
epoch 12, iter  851: loss: 0.0085 | load time: 0.0003 | back time: 0.8033 | lr: 0.00009563 | best AP50 acc: 0.8746 | best AP70 acc: 0.7697 | best mAP acc: 0.7267 | best mAR acc: 0.7930 | best Score: 0.7267 | best Score epoch: 11 
epoch 12, iter  901: loss: 0.0091 | load time: 0.0002 | back time: 0.8162 | lr: 0.00009557 | best AP50 acc: 0.8746 | best AP70 acc: 0.7697 | best mAP acc: 0.7267 | best mAR acc: 0.7930 | best Score: 0.7267 | best Score epoch: 11 
epoch 12, iter  951: loss: 0.0088 | load time: 0.0001 | back time: 0.8287 | lr: 0.00009552 | best AP50 acc: 0.8746 | best AP70 acc: 0.7697 | best mAP acc: 0.7267 | best mAR acc: 0.7930 | best Score: 0.7267 | best Score epoch: 11 
epoch 12, iter 1001: loss: 0.0086 | load time: 0.0002 | back time: 0.8114 | lr: 0.00009546 | best AP50 acc: 0.8746 | best AP70 acc: 0.7697 | best mAP acc: 0.7267 | best mAR acc: 0.7930 | best Score: 0.7267 | best Score epoch: 11 
epoch 12, iter 1051: loss: 0.0105 | load time: 0.0002 | back time: 0.8173 | lr: 0.00009540 | best AP50 acc: 0.8746 | best AP70 acc: 0.7697 | best mAP acc: 0.7267 | best mAR acc: 0.7930 | best Score: 0.7267 | best Score epoch: 11 
epoch 12, iter 1101: loss: 0.0106 | load time: 0.0002 | back time: 0.8225 | lr: 0.00009535 | best AP50 acc: 0.8746 | best AP70 acc: 0.7697 | best mAP acc: 0.7267 | best mAR acc: 0.7930 | best Score: 0.7267 | best Score epoch: 11 
epoch 12, iter 1151: loss: 0.0098 | load time: 0.0002 | back time: 0.8305 | lr: 0.00009529 | best AP50 acc: 0.8746 | best AP70 acc: 0.7697 | best mAP acc: 0.7267 | best mAR acc: 0.7930 | best Score: 0.7267 | best Score epoch: 11 
UAV_SEQS_2 | mAP50:90: 49.0049 | AP50: 80.2395 | AP70: 46.6797 
UAV_SEQS_37 | mAP50:90: 92.6360 | AP50: 100.0000 | AP70: 100.0000 
UAV_SEQS_45 | mAP50:90: 89.3645 | AP50: 100.0000 | AP70: 97.5501 
UAV_SEQS_47 | mAP50:90: 91.8421 | AP50: 100.0000 | AP70: 100.0000 
UAV_SEQS_55 | mAP50:90: 43.7448 | AP50: 70.0765 | AP70: 48.6227 
UAV_SEQS_59 | mAP50:90: 61.7601 | AP50: 91.1648 | AP70: 63.1794 
UAV_SEQS_6 | mAP50:90: 61.8576 | AP50: 86.1040 | AP70: 61.4496 
UAV_SEQS_63 | mAP50:90: 20.4687 | AP50: 68.7875 | AP70: 1.6860 
UAV_SEQS_65 | mAP50:90: 76.6947 | AP50: 97.6986 | AP70: 90.7671 
UAV_SEQS_7 | mAP50:90: 84.9806 | AP50: 100.0000 | AP70: 100.0000 
UAV_SEQS_71 | mAP50:90: 69.1604 | AP50: 98.1182 | AP70: 78.7081 
UAV_SEQS_73 | mAP50:90: 64.3819 | AP50: 87.9915 | AP70: 72.7272 
UAV_SEQS_74 | mAP50:90: 94.8203 | AP50: 100.0000 | AP70: 100.0000 
UAV_SEQS_77 | mAP50:90: 43.4263 | AP50: 54.3424 | AP70: 50.6717 
UAV_SEQS_8 | mAP50:90: 97.9330 | AP50: 100.0000 | AP70: 100.0000 
Overall            | mAP50:95: 70.0350 | AP50: 89.2083 | AP70: 74.7332 
epoch 13, iter    1: loss: 0.0089 | load time: 0.0032 | back time: 0.4096 | lr: 0.00009529 | best AP50 acc: 0.8746 | best AP70 acc: 0.7697 | best mAP acc: 0.7267 | best mAR acc: 0.7930 | best Score: 0.7267 | best Score epoch: 11 
epoch 13, iter   51: loss: 0.0088 | load time: 0.0003 | back time: 0.8161 | lr: 0.00009523 | best AP50 acc: 0.8746 | best AP70 acc: 0.7697 | best mAP acc: 0.7267 | best mAR acc: 0.7930 | best Score: 0.7267 | best Score epoch: 11 
epoch 13, iter  101: loss: 0.0099 | load time: 0.0002 | back time: 0.8232 | lr: 0.00009517 | best AP50 acc: 0.8746 | best AP70 acc: 0.7697 | best mAP acc: 0.7267 | best mAR acc: 0.7930 | best Score: 0.7267 | best Score epoch: 11 
epoch 13, iter  151: loss: 0.0082 | load time: 0.0003 | back time: 0.8030 | lr: 0.00009511 | best AP50 acc: 0.8746 | best AP70 acc: 0.7697 | best mAP acc: 0.7267 | best mAR acc: 0.7930 | best Score: 0.7267 | best Score epoch: 11 
epoch 13, iter  201: loss: 0.0088 | load time: 0.0002 | back time: 0.8261 | lr: 0.00009506 | best AP50 acc: 0.8746 | best AP70 acc: 0.7697 | best mAP acc: 0.7267 | best mAR acc: 0.7930 | best Score: 0.7267 | best Score epoch: 11 
epoch 13, iter  251: loss: 0.0088 | load time: 0.0001 | back time: 0.8264 | lr: 0.00009500 | best AP50 acc: 0.8746 | best AP70 acc: 0.7697 | best mAP acc: 0.7267 | best mAR acc: 0.7930 | best Score: 0.7267 | best Score epoch: 11 
epoch 13, iter  301: loss: 0.0087 | load time: 0.0003 | back time: 0.8254 | lr: 0.00009494 | best AP50 acc: 0.8746 | best AP70 acc: 0.7697 | best mAP acc: 0.7267 | best mAR acc: 0.7930 | best Score: 0.7267 | best Score epoch: 11 
epoch 13, iter  351: loss: 0.0100 | load time: 0.0003 | back time: 0.8108 | lr: 0.00009488 | best AP50 acc: 0.8746 | best AP70 acc: 0.7697 | best mAP acc: 0.7267 | best mAR acc: 0.7930 | best Score: 0.7267 | best Score epoch: 11 
epoch 13, iter  401: loss: 0.0093 | load time: 0.0001 | back time: 0.8293 | lr: 0.00009482 | best AP50 acc: 0.8746 | best AP70 acc: 0.7697 | best mAP acc: 0.7267 | best mAR acc: 0.7930 | best Score: 0.7267 | best Score epoch: 11 
epoch 13, iter  451: loss: 0.0087 | load time: 0.0002 | back time: 0.8352 | lr: 0.00009476 | best AP50 acc: 0.8746 | best AP70 acc: 0.7697 | best mAP acc: 0.7267 | best mAR acc: 0.7930 | best Score: 0.7267 | best Score epoch: 11 
epoch 13, iter  501: loss: 0.0089 | load time: 0.0003 | back time: 0.8116 | lr: 0.00009470 | best AP50 acc: 0.8746 | best AP70 acc: 0.7697 | best mAP acc: 0.7267 | best mAR acc: 0.7930 | best Score: 0.7267 | best Score epoch: 11 
epoch 13, iter  551: loss: 0.0088 | load time: 0.0002 | back time: 0.8192 | lr: 0.00009464 | best AP50 acc: 0.8746 | best AP70 acc: 0.7697 | best mAP acc: 0.7267 | best mAR acc: 0.7930 | best Score: 0.7267 | best Score epoch: 11 
epoch 13, iter  601: loss: 0.0085 | load time: 0.0001 | back time: 0.8255 | lr: 0.00009457 | best AP50 acc: 0.8746 | best AP70 acc: 0.7697 | best mAP acc: 0.7267 | best mAR acc: 0.7930 | best Score: 0.7267 | best Score epoch: 11 
epoch 13, iter  651: loss: 0.0094 | load time: 0.0002 | back time: 0.7938 | lr: 0.00009451 | best AP50 acc: 0.8746 | best AP70 acc: 0.7697 | best mAP acc: 0.7267 | best mAR acc: 0.7930 | best Score: 0.7267 | best Score epoch: 11 
epoch 13, iter  701: loss: 0.0091 | load time: 0.0001 | back time: 0.8148 | lr: 0.00009445 | best AP50 acc: 0.8746 | best AP70 acc: 0.7697 | best mAP acc: 0.7267 | best mAR acc: 0.7930 | best Score: 0.7267 | best Score epoch: 11 
epoch 13, iter  751: loss: 0.0083 | load time: 0.0003 | back time: 0.8229 | lr: 0.00009439 | best AP50 acc: 0.8746 | best AP70 acc: 0.7697 | best mAP acc: 0.7267 | best mAR acc: 0.7930 | best Score: 0.7267 | best Score epoch: 11 
epoch 13, iter  801: loss: 0.0089 | load time: 0.0002 | back time: 0.8225 | lr: 0.00009433 | best AP50 acc: 0.8746 | best AP70 acc: 0.7697 | best mAP acc: 0.7267 | best mAR acc: 0.7930 | best Score: 0.7267 | best Score epoch: 11 
epoch 13, iter  851: loss: 0.0100 | load time: 0.0001 | back time: 0.8055 | lr: 0.00009426 | best AP50 acc: 0.8746 | best AP70 acc: 0.7697 | best mAP acc: 0.7267 | best mAR acc: 0.7930 | best Score: 0.7267 | best Score epoch: 11 
epoch 13, iter  901: loss: 0.0093 | load time: 0.0002 | back time: 0.8161 | lr: 0.00009420 | best AP50 acc: 0.8746 | best AP70 acc: 0.7697 | best mAP acc: 0.7267 | best mAR acc: 0.7930 | best Score: 0.7267 | best Score epoch: 11 
epoch 13, iter  951: loss: 0.0116 | load time: 0.0002 | back time: 0.8276 | lr: 0.00009414 | best AP50 acc: 0.8746 | best AP70 acc: 0.7697 | best mAP acc: 0.7267 | best mAR acc: 0.7930 | best Score: 0.7267 | best Score epoch: 11 
epoch 13, iter 1001: loss: 0.0156 | load time: 0.0002 | back time: 0.8247 | lr: 0.00009407 | best AP50 acc: 0.8746 | best AP70 acc: 0.7697 | best mAP acc: 0.7267 | best mAR acc: 0.7930 | best Score: 0.7267 | best Score epoch: 11 
epoch 13, iter 1051: loss: 0.0092 | load time: 0.0003 | back time: 0.8115 | lr: 0.00009401 | best AP50 acc: 0.8746 | best AP70 acc: 0.7697 | best mAP acc: 0.7267 | best mAR acc: 0.7930 | best Score: 0.7267 | best Score epoch: 11 
epoch 13, iter 1101: loss: 0.0094 | load time: 0.0002 | back time: 0.8323 | lr: 0.00009394 | best AP50 acc: 0.8746 | best AP70 acc: 0.7697 | best mAP acc: 0.7267 | best mAR acc: 0.7930 | best Score: 0.7267 | best Score epoch: 11 
epoch 13, iter 1151: loss: 0.0116 | load time: 0.0001 | back time: 0.8337 | lr: 0.00009388 | best AP50 acc: 0.8746 | best AP70 acc: 0.7697 | best mAP acc: 0.7267 | best mAR acc: 0.7930 | best Score: 0.7267 | best Score epoch: 11 
UAV_SEQS_2 | mAP50:90: 40.8072 | AP50: 71.5945 | AP70: 40.0632 
UAV_SEQS_37 | mAP50:90: 73.9505 | AP50: 97.4515 | AP70: 81.6312 
UAV_SEQS_45 | mAP50:90: 95.2671 | AP50: 100.0000 | AP70: 100.0000 
UAV_SEQS_47 | mAP50:90: 98.5084 | AP50: 100.0000 | AP70: 100.0000 
UAV_SEQS_55 | mAP50:90: 51.1599 | AP50: 72.5804 | AP70: 52.5402 
UAV_SEQS_59 | mAP50:90: 70.0964 | AP50: 96.2408 | AP70: 83.4862 
UAV_SEQS_6 | mAP50:90: 55.1070 | AP50: 74.7640 | AP70: 54.2581 
UAV_SEQS_63 | mAP50:90: 39.7506 | AP50: 95.0105 | AP70: 27.4620 
UAV_SEQS_65 | mAP50:90: 77.2401 | AP50: 97.4095 | AP70: 92.7706 
UAV_SEQS_7 | mAP50:90: 83.5812 | AP50: 98.0098 | AP70: 92.7181 
UAV_SEQS_71 | mAP50:90: 74.3341 | AP50: 98.9043 | AP70: 81.8936 
UAV_SEQS_73 | mAP50:90: 67.1542 | AP50: 85.3343 | AP70: 72.7082 
UAV_SEQS_74 | mAP50:90: 95.9148 | AP50: 100.0000 | AP70: 100.0000 
UAV_SEQS_77 | mAP50:90: 34.4453 | AP50: 38.0682 | AP70: 38.0682 
UAV_SEQS_8 | mAP50:90: 94.5111 | AP50: 100.0000 | AP70: 98.4999 
Overall            | mAP50:95: 70.9385 | AP50: 89.7814 | AP70: 75.8854 
epoch 14, iter    1: loss: 0.0098 | load time: 0.0042 | back time: 0.4686 | lr: 0.00009388 | best AP50 acc: 0.8746 | best AP70 acc: 0.7697 | best mAP acc: 0.7267 | best mAR acc: 0.7930 | best Score: 0.7267 | best Score epoch: 11 
epoch 14, iter   51: loss: 0.0082 | load time: 0.0002 | back time: 0.7980 | lr: 0.00009381 | best AP50 acc: 0.8746 | best AP70 acc: 0.7697 | best mAP acc: 0.7267 | best mAR acc: 0.7930 | best Score: 0.7267 | best Score epoch: 11 
epoch 14, iter  101: loss: 0.0088 | load time: 0.0004 | back time: 0.8163 | lr: 0.00009375 | best AP50 acc: 0.8746 | best AP70 acc: 0.7697 | best mAP acc: 0.7267 | best mAR acc: 0.7930 | best Score: 0.7267 | best Score epoch: 11 
epoch 14, iter  151: loss: 0.0084 | load time: 0.0001 | back time: 0.7956 | lr: 0.00009368 | best AP50 acc: 0.8746 | best AP70 acc: 0.7697 | best mAP acc: 0.7267 | best mAR acc: 0.7930 | best Score: 0.7267 | best Score epoch: 11 
epoch 14, iter  201: loss: 0.0082 | load time: 0.0002 | back time: 0.8228 | lr: 0.00009361 | best AP50 acc: 0.8746 | best AP70 acc: 0.7697 | best mAP acc: 0.7267 | best mAR acc: 0.7930 | best Score: 0.7267 | best Score epoch: 11 
epoch 14, iter  251: loss: 0.0102 | load time: 0.0003 | back time: 0.8314 | lr: 0.00009355 | best AP50 acc: 0.8746 | best AP70 acc: 0.7697 | best mAP acc: 0.7267 | best mAR acc: 0.7930 | best Score: 0.7267 | best Score epoch: 11 
epoch 14, iter  301: loss: 0.0085 | load time: 0.0002 | back time: 0.8017 | lr: 0.00009348 | best AP50 acc: 0.8746 | best AP70 acc: 0.7697 | best mAP acc: 0.7267 | best mAR acc: 0.7930 | best Score: 0.7267 | best Score epoch: 11 
epoch 14, iter  351: loss: 0.0101 | load time: 0.0002 | back time: 0.8253 | lr: 0.00009341 | best AP50 acc: 0.8746 | best AP70 acc: 0.7697 | best mAP acc: 0.7267 | best mAR acc: 0.7930 | best Score: 0.7267 | best Score epoch: 11 
epoch 14, iter  401: loss: 0.0083 | load time: 0.0002 | back time: 0.8411 | lr: 0.00009335 | best AP50 acc: 0.8746 | best AP70 acc: 0.7697 | best mAP acc: 0.7267 | best mAR acc: 0.7930 | best Score: 0.7267 | best Score epoch: 11 
epoch 14, iter  451: loss: 0.0085 | load time: 0.0002 | back time: 0.8226 | lr: 0.00009328 | best AP50 acc: 0.8746 | best AP70 acc: 0.7697 | best mAP acc: 0.7267 | best mAR acc: 0.7930 | best Score: 0.7267 | best Score epoch: 11 
epoch 14, iter  501: loss: 0.0164 | load time: 0.0002 | back time: 0.8124 | lr: 0.00009321 | best AP50 acc: 0.8746 | best AP70 acc: 0.7697 | best mAP acc: 0.7267 | best mAR acc: 0.7930 | best Score: 0.7267 | best Score epoch: 11 
epoch 14, iter  551: loss: 0.0090 | load time: 0.0002 | back time: 0.8275 | lr: 0.00009314 | best AP50 acc: 0.8746 | best AP70 acc: 0.7697 | best mAP acc: 0.7267 | best mAR acc: 0.7930 | best Score: 0.7267 | best Score epoch: 11 
epoch 14, iter  601: loss: 0.0107 | load time: 0.0002 | back time: 0.8365 | lr: 0.00009307 | best AP50 acc: 0.8746 | best AP70 acc: 0.7697 | best mAP acc: 0.7267 | best mAR acc: 0.7930 | best Score: 0.7267 | best Score epoch: 11 
epoch 14, iter  651: loss: 0.0085 | load time: 0.0002 | back time: 0.8223 | lr: 0.00009300 | best AP50 acc: 0.8746 | best AP70 acc: 0.7697 | best mAP acc: 0.7267 | best mAR acc: 0.7930 | best Score: 0.7267 | best Score epoch: 11 
epoch 14, iter  701: loss: 0.0087 | load time: 0.0002 | back time: 0.8282 | lr: 0.00009293 | best AP50 acc: 0.8746 | best AP70 acc: 0.7697 | best mAP acc: 0.7267 | best mAR acc: 0.7930 | best Score: 0.7267 | best Score epoch: 11 
epoch 14, iter  751: loss: 0.0089 | load time: 0.0003 | back time: 0.8228 | lr: 0.00009286 | best AP50 acc: 0.8746 | best AP70 acc: 0.7697 | best mAP acc: 0.7267 | best mAR acc: 0.7930 | best Score: 0.7267 | best Score epoch: 11 
epoch 14, iter  801: loss: 0.0086 | load time: 0.0002 | back time: 0.8044 | lr: 0.00009279 | best AP50 acc: 0.8746 | best AP70 acc: 0.7697 | best mAP acc: 0.7267 | best mAR acc: 0.7930 | best Score: 0.7267 | best Score epoch: 11 
epoch 14, iter  851: loss: 0.0094 | load time: 0.0002 | back time: 0.8194 | lr: 0.00009272 | best AP50 acc: 0.8746 | best AP70 acc: 0.7697 | best mAP acc: 0.7267 | best mAR acc: 0.7930 | best Score: 0.7267 | best Score epoch: 11 
epoch 14, iter  901: loss: 0.0092 | load time: 0.0001 | back time: 0.8240 | lr: 0.00009265 | best AP50 acc: 0.8746 | best AP70 acc: 0.7697 | best mAP acc: 0.7267 | best mAR acc: 0.7930 | best Score: 0.7267 | best Score epoch: 11 
epoch 14, iter  951: loss: 0.0090 | load time: 0.0001 | back time: 0.8317 | lr: 0.00009258 | best AP50 acc: 0.8746 | best AP70 acc: 0.7697 | best mAP acc: 0.7267 | best mAR acc: 0.7930 | best Score: 0.7267 | best Score epoch: 11 
epoch 14, iter 1001: loss: 0.0106 | load time: 0.0002 | back time: 0.8228 | lr: 0.00009251 | best AP50 acc: 0.8746 | best AP70 acc: 0.7697 | best mAP acc: 0.7267 | best mAR acc: 0.7930 | best Score: 0.7267 | best Score epoch: 11 
epoch 14, iter 1051: loss: 0.0082 | load time: 0.0001 | back time: 0.8137 | lr: 0.00009244 | best AP50 acc: 0.8746 | best AP70 acc: 0.7697 | best mAP acc: 0.7267 | best mAR acc: 0.7930 | best Score: 0.7267 | best Score epoch: 11 
epoch 14, iter 1101: loss: 0.0097 | load time: 0.0005 | back time: 0.8182 | lr: 0.00009237 | best AP50 acc: 0.8746 | best AP70 acc: 0.7697 | best mAP acc: 0.7267 | best mAR acc: 0.7930 | best Score: 0.7267 | best Score epoch: 11 
epoch 14, iter 1151: loss: 0.0086 | load time: 0.0004 | back time: 0.8231 | lr: 0.00009230 | best AP50 acc: 0.8746 | best AP70 acc: 0.7697 | best mAP acc: 0.7267 | best mAR acc: 0.7930 | best Score: 0.7267 | best Score epoch: 11 
UAV_SEQS_2 | mAP50:90: 60.2925 | AP50: 86.6088 | AP70: 66.0645 
UAV_SEQS_37 | mAP50:90: 86.4051 | AP50: 100.0000 | AP70: 92.6270 
UAV_SEQS_45 | mAP50:90: 96.2320 | AP50: 100.0000 | AP70: 100.0000 
UAV_SEQS_47 | mAP50:90: 95.4007 | AP50: 100.0000 | AP70: 100.0000 
UAV_SEQS_55 | mAP50:90: 37.9117 | AP50: 65.2456 | AP70: 37.5939 
UAV_SEQS_59 | mAP50:90: 72.1158 | AP50: 96.0610 | AP70: 75.0456 
UAV_SEQS_6 | mAP50:90: 65.3922 | AP50: 89.9053 | AP70: 69.9227 
UAV_SEQS_63 | mAP50:90: 9.2590 | AP50: 34.5993 | AP70: 0.2407 
UAV_SEQS_65 | mAP50:90: 71.9271 | AP50: 97.3622 | AP70: 88.0902 
UAV_SEQS_7 | mAP50:90: 74.2954 | AP50: 100.0000 | AP70: 89.3069 
UAV_SEQS_71 | mAP50:90: 77.0514 | AP50: 98.7294 | AP70: 87.0015 
UAV_SEQS_73 | mAP50:90: 63.0604 | AP50: 86.5372 | AP70: 71.2911 
UAV_SEQS_74 | mAP50:90: 100.0000 | AP50: 100.0000 | AP70: 100.0000 
UAV_SEQS_77 | mAP50:90: 43.8795 | AP50: 50.4843 | AP70: 47.3291 
UAV_SEQS_8 | mAP50:90: 94.0011 | AP50: 100.0000 | AP70: 96.8581 
Overall            | mAP50:95: 68.7661 | AP50: 87.1449 | AP70: 73.0566 
epoch 15, iter    1: loss: 0.0080 | load time: 0.0031 | back time: 0.4658 | lr: 0.00009229 | best AP50 acc: 0.8746 | best AP70 acc: 0.7697 | best mAP acc: 0.7267 | best mAR acc: 0.7930 | best Score: 0.7267 | best Score epoch: 11 
epoch 15, iter   51: loss: 0.0094 | load time: 0.0002 | back time: 0.8158 | lr: 0.00009222 | best AP50 acc: 0.8746 | best AP70 acc: 0.7697 | best mAP acc: 0.7267 | best mAR acc: 0.7930 | best Score: 0.7267 | best Score epoch: 11 
epoch 15, iter  101: loss: 0.0098 | load time: 0.0002 | back time: 0.7970 | lr: 0.00009215 | best AP50 acc: 0.8746 | best AP70 acc: 0.7697 | best mAP acc: 0.7267 | best mAR acc: 0.7930 | best Score: 0.7267 | best Score epoch: 11 
epoch 15, iter  151: loss: 0.0088 | load time: 0.0001 | back time: 0.8212 | lr: 0.00009207 | best AP50 acc: 0.8746 | best AP70 acc: 0.7697 | best mAP acc: 0.7267 | best mAR acc: 0.7930 | best Score: 0.7267 | best Score epoch: 11 
epoch 15, iter  201: loss: 0.0084 | load time: 0.0001 | back time: 0.8284 | lr: 0.00009200 | best AP50 acc: 0.8746 | best AP70 acc: 0.7697 | best mAP acc: 0.7267 | best mAR acc: 0.7930 | best Score: 0.7267 | best Score epoch: 11 
epoch 15, iter  251: loss: 0.0085 | load time: 0.0003 | back time: 0.8290 | lr: 0.00009193 | best AP50 acc: 0.8746 | best AP70 acc: 0.7697 | best mAP acc: 0.7267 | best mAR acc: 0.7930 | best Score: 0.7267 | best Score epoch: 11 
epoch 15, iter  301: loss: 0.0086 | load time: 0.0003 | back time: 0.8272 | lr: 0.00009185 | best AP50 acc: 0.8746 | best AP70 acc: 0.7697 | best mAP acc: 0.7267 | best mAR acc: 0.7930 | best Score: 0.7267 | best Score epoch: 11 
epoch 15, iter  351: loss: 0.0086 | load time: 0.0002 | back time: 0.8271 | lr: 0.00009178 | best AP50 acc: 0.8746 | best AP70 acc: 0.7697 | best mAP acc: 0.7267 | best mAR acc: 0.7930 | best Score: 0.7267 | best Score epoch: 11 
epoch 15, iter  401: loss: 0.0083 | load time: 0.0002 | back time: 0.8290 | lr: 0.00009170 | best AP50 acc: 0.8746 | best AP70 acc: 0.7697 | best mAP acc: 0.7267 | best mAR acc: 0.7930 | best Score: 0.7267 | best Score epoch: 11 
epoch 15, iter  451: loss: 0.0081 | load time: 0.0002 | back time: 0.8284 | lr: 0.00009163 | best AP50 acc: 0.8746 | best AP70 acc: 0.7697 | best mAP acc: 0.7267 | best mAR acc: 0.7930 | best Score: 0.7267 | best Score epoch: 11 
epoch 15, iter  501: loss: 0.0095 | load time: 0.0002 | back time: 0.8278 | lr: 0.00009155 | best AP50 acc: 0.8746 | best AP70 acc: 0.7697 | best mAP acc: 0.7267 | best mAR acc: 0.7930 | best Score: 0.7267 | best Score epoch: 11 
epoch 15, iter  551: loss: 0.0084 | load time: 0.0002 | back time: 0.8288 | lr: 0.00009148 | best AP50 acc: 0.8746 | best AP70 acc: 0.7697 | best mAP acc: 0.7267 | best mAR acc: 0.7930 | best Score: 0.7267 | best Score epoch: 11 
epoch 15, iter  601: loss: 0.0083 | load time: 0.0002 | back time: 0.8296 | lr: 0.00009140 | best AP50 acc: 0.8746 | best AP70 acc: 0.7697 | best mAP acc: 0.7267 | best mAR acc: 0.7930 | best Score: 0.7267 | best Score epoch: 11 
epoch 15, iter  651: loss: 0.0084 | load time: 0.0002 | back time: 0.8284 | lr: 0.00009133 | best AP50 acc: 0.8746 | best AP70 acc: 0.7697 | best mAP acc: 0.7267 | best mAR acc: 0.7930 | best Score: 0.7267 | best Score epoch: 11 
epoch 15, iter  701: loss: 0.0105 | load time: 0.0002 | back time: 0.8400 | lr: 0.00009125 | best AP50 acc: 0.8746 | best AP70 acc: 0.7697 | best mAP acc: 0.7267 | best mAR acc: 0.7930 | best Score: 0.7267 | best Score epoch: 11 
epoch 15, iter  751: loss: 0.0095 | load time: 0.0002 | back time: 0.8361 | lr: 0.00009117 | best AP50 acc: 0.8746 | best AP70 acc: 0.7697 | best mAP acc: 0.7267 | best mAR acc: 0.7930 | best Score: 0.7267 | best Score epoch: 11 
epoch 15, iter  801: loss: 0.0098 | load time: 0.0001 | back time: 0.8283 | lr: 0.00009110 | best AP50 acc: 0.8746 | best AP70 acc: 0.7697 | best mAP acc: 0.7267 | best mAR acc: 0.7930 | best Score: 0.7267 | best Score epoch: 11 
epoch 15, iter  851: loss: 0.0088 | load time: 0.0002 | back time: 0.8235 | lr: 0.00009102 | best AP50 acc: 0.8746 | best AP70 acc: 0.7697 | best mAP acc: 0.7267 | best mAR acc: 0.7930 | best Score: 0.7267 | best Score epoch: 11 
epoch 15, iter  901: loss: 0.0087 | load time: 0.0001 | back time: 0.8288 | lr: 0.00009094 | best AP50 acc: 0.8746 | best AP70 acc: 0.7697 | best mAP acc: 0.7267 | best mAR acc: 0.7930 | best Score: 0.7267 | best Score epoch: 11 
epoch 15, iter  951: loss: 0.0084 | load time: 0.0002 | back time: 0.8291 | lr: 0.00009086 | best AP50 acc: 0.8746 | best AP70 acc: 0.7697 | best mAP acc: 0.7267 | best mAR acc: 0.7930 | best Score: 0.7267 | best Score epoch: 11 
epoch 15, iter 1001: loss: 0.0084 | load time: 0.0002 | back time: 0.8285 | lr: 0.00009078 | best AP50 acc: 0.8746 | best AP70 acc: 0.7697 | best mAP acc: 0.7267 | best mAR acc: 0.7930 | best Score: 0.7267 | best Score epoch: 11 
epoch 15, iter 1051: loss: 0.0092 | load time: 0.0001 | back time: 0.8312 | lr: 0.00009071 | best AP50 acc: 0.8746 | best AP70 acc: 0.7697 | best mAP acc: 0.7267 | best mAR acc: 0.7930 | best Score: 0.7267 | best Score epoch: 11 
epoch 15, iter 1101: loss: 0.0079 | load time: 0.0003 | back time: 0.8291 | lr: 0.00009063 | best AP50 acc: 0.8746 | best AP70 acc: 0.7697 | best mAP acc: 0.7267 | best mAR acc: 0.7930 | best Score: 0.7267 | best Score epoch: 11 
epoch 15, iter 1151: loss: 0.0095 | load time: 0.0003 | back time: 0.8113 | lr: 0.00009055 | best AP50 acc: 0.8746 | best AP70 acc: 0.7697 | best mAP acc: 0.7267 | best mAR acc: 0.7930 | best Score: 0.7267 | best Score epoch: 11 
UAV_SEQS_2 | mAP50:90: 46.9155 | AP50: 77.6749 | AP70: 52.9627 
UAV_SEQS_37 | mAP50:90: 84.0243 | AP50: 100.0000 | AP70: 89.5582 
UAV_SEQS_45 | mAP50:90: 93.6043 | AP50: 100.0000 | AP70: 100.0000 
UAV_SEQS_47 | mAP50:90: 90.9471 | AP50: 100.0000 | AP70: 100.0000 
UAV_SEQS_55 | mAP50:90: 37.3223 | AP50: 60.5746 | AP70: 36.6467 
UAV_SEQS_59 | mAP50:90: 68.3607 | AP50: 97.5383 | AP70: 70.8685 
UAV_SEQS_6 | mAP50:90: 74.1440 | AP50: 91.2475 | AP70: 77.9321 
UAV_SEQS_63 | mAP50:90: 43.3086 | AP50: 98.9043 | AP70: 22.0922 
UAV_SEQS_65 | mAP50:90: 74.2408 | AP50: 97.4549 | AP70: 87.1059 
UAV_SEQS_7 | mAP50:90: 87.6475 | AP50: 100.0000 | AP70: 96.1782 
UAV_SEQS_71 | mAP50:90: 76.5110 | AP50: 100.0000 | AP70: 84.2878 
UAV_SEQS_73 | mAP50:90: 65.7258 | AP50: 85.2416 | AP70: 71.1955 
UAV_SEQS_74 | mAP50:90: 95.4762 | AP50: 100.0000 | AP70: 100.0000 
UAV_SEQS_77 | mAP50:90: 46.9941 | AP50: 57.5364 | AP70: 55.2242 
UAV_SEQS_8 | mAP50:90: 88.9238 | AP50: 100.0000 | AP70: 94.2357 
Overall            | mAP50:95: 72.1338 | AP50: 91.8557 | AP70: 77.0761 
epoch 16, iter    1: loss: 0.0095 | load time: 0.0040 | back time: 0.5262 | lr: 0.00009054 | best AP50 acc: 0.8746 | best AP70 acc: 0.7697 | best mAP acc: 0.7267 | best mAR acc: 0.7930 | best Score: 0.7267 | best Score epoch: 11 
epoch 16, iter   51: loss: 0.0092 | load time: 0.0002 | back time: 0.8204 | lr: 0.00009047 | best AP50 acc: 0.8746 | best AP70 acc: 0.7697 | best mAP acc: 0.7267 | best mAR acc: 0.7930 | best Score: 0.7267 | best Score epoch: 11 
epoch 16, iter  101: loss: 0.0098 | load time: 0.0003 | back time: 0.8270 | lr: 0.00009039 | best AP50 acc: 0.8746 | best AP70 acc: 0.7697 | best mAP acc: 0.7267 | best mAR acc: 0.7930 | best Score: 0.7267 | best Score epoch: 11 
epoch 16, iter  151: loss: 0.0081 | load time: 0.0003 | back time: 0.8266 | lr: 0.00009031 | best AP50 acc: 0.8746 | best AP70 acc: 0.7697 | best mAP acc: 0.7267 | best mAR acc: 0.7930 | best Score: 0.7267 | best Score epoch: 11 
epoch 16, iter  201: loss: 0.0086 | load time: 0.0001 | back time: 0.8399 | lr: 0.00009022 | best AP50 acc: 0.8746 | best AP70 acc: 0.7697 | best mAP acc: 0.7267 | best mAR acc: 0.7930 | best Score: 0.7267 | best Score epoch: 11 
epoch 16, iter  251: loss: 0.0203 | load time: 0.0001 | back time: 0.8300 | lr: 0.00009014 | best AP50 acc: 0.8746 | best AP70 acc: 0.7697 | best mAP acc: 0.7267 | best mAR acc: 0.7930 | best Score: 0.7267 | best Score epoch: 11 
epoch 16, iter  301: loss: 0.0086 | load time: 0.0002 | back time: 0.8184 | lr: 0.00009006 | best AP50 acc: 0.8746 | best AP70 acc: 0.7697 | best mAP acc: 0.7267 | best mAR acc: 0.7930 | best Score: 0.7267 | best Score epoch: 11 
epoch 16, iter  351: loss: 0.0092 | load time: 0.0002 | back time: 0.8267 | lr: 0.00008998 | best AP50 acc: 0.8746 | best AP70 acc: 0.7697 | best mAP acc: 0.7267 | best mAR acc: 0.7930 | best Score: 0.7267 | best Score epoch: 11 
epoch 16, iter  401: loss: 0.0084 | load time: 0.0002 | back time: 0.8202 | lr: 0.00008990 | best AP50 acc: 0.8746 | best AP70 acc: 0.7697 | best mAP acc: 0.7267 | best mAR acc: 0.7930 | best Score: 0.7267 | best Score epoch: 11 
epoch 16, iter  451: loss: 0.0110 | load time: 0.0002 | back time: 0.8100 | lr: 0.00008982 | best AP50 acc: 0.8746 | best AP70 acc: 0.7697 | best mAP acc: 0.7267 | best mAR acc: 0.7930 | best Score: 0.7267 | best Score epoch: 11 
epoch 16, iter  501: loss: 0.0101 | load time: 0.0001 | back time: 0.8298 | lr: 0.00008974 | best AP50 acc: 0.8746 | best AP70 acc: 0.7697 | best mAP acc: 0.7267 | best mAR acc: 0.7930 | best Score: 0.7267 | best Score epoch: 11 
epoch 16, iter  551: loss: 0.0085 | load time: 0.0002 | back time: 0.8197 | lr: 0.00008965 | best AP50 acc: 0.8746 | best AP70 acc: 0.7697 | best mAP acc: 0.7267 | best mAR acc: 0.7930 | best Score: 0.7267 | best Score epoch: 11 
epoch 16, iter  601: loss: 0.0164 | load time: 0.0001 | back time: 0.8073 | lr: 0.00008957 | best AP50 acc: 0.8746 | best AP70 acc: 0.7697 | best mAP acc: 0.7267 | best mAR acc: 0.7930 | best Score: 0.7267 | best Score epoch: 11 
epoch 16, iter  651: loss: 0.0097 | load time: 0.0002 | back time: 0.8130 | lr: 0.00008949 | best AP50 acc: 0.8746 | best AP70 acc: 0.7697 | best mAP acc: 0.7267 | best mAR acc: 0.7930 | best Score: 0.7267 | best Score epoch: 11 
epoch 16, iter  701: loss: 0.0082 | load time: 0.0002 | back time: 0.8150 | lr: 0.00008940 | best AP50 acc: 0.8746 | best AP70 acc: 0.7697 | best mAP acc: 0.7267 | best mAR acc: 0.7930 | best Score: 0.7267 | best Score epoch: 11 
epoch 16, iter  751: loss: 0.0091 | load time: 0.0001 | back time: 0.7917 | lr: 0.00008932 | best AP50 acc: 0.8746 | best AP70 acc: 0.7697 | best mAP acc: 0.7267 | best mAR acc: 0.7930 | best Score: 0.7267 | best Score epoch: 11 
epoch 16, iter  801: loss: 0.0087 | load time: 0.0002 | back time: 0.8100 | lr: 0.00008924 | best AP50 acc: 0.8746 | best AP70 acc: 0.7697 | best mAP acc: 0.7267 | best mAR acc: 0.7930 | best Score: 0.7267 | best Score epoch: 11 
epoch 16, iter  851: loss: 0.0085 | load time: 0.0002 | back time: 0.8218 | lr: 0.00008915 | best AP50 acc: 0.8746 | best AP70 acc: 0.7697 | best mAP acc: 0.7267 | best mAR acc: 0.7930 | best Score: 0.7267 | best Score epoch: 11 
epoch 16, iter  901: loss: 0.0083 | load time: 0.0002 | back time: 0.8237 | lr: 0.00008907 | best AP50 acc: 0.8746 | best AP70 acc: 0.7697 | best mAP acc: 0.7267 | best mAR acc: 0.7930 | best Score: 0.7267 | best Score epoch: 11 
epoch 16, iter  951: loss: 0.0085 | load time: 0.0002 | back time: 0.8225 | lr: 0.00008898 | best AP50 acc: 0.8746 | best AP70 acc: 0.7697 | best mAP acc: 0.7267 | best mAR acc: 0.7930 | best Score: 0.7267 | best Score epoch: 11 
epoch 16, iter 1001: loss: 0.0092 | load time: 0.0002 | back time: 0.8237 | lr: 0.00008890 | best AP50 acc: 0.8746 | best AP70 acc: 0.7697 | best mAP acc: 0.7267 | best mAR acc: 0.7930 | best Score: 0.7267 | best Score epoch: 11 
epoch 16, iter 1051: loss: 0.0085 | load time: 0.0001 | back time: 0.8233 | lr: 0.00008881 | best AP50 acc: 0.8746 | best AP70 acc: 0.7697 | best mAP acc: 0.7267 | best mAR acc: 0.7930 | best Score: 0.7267 | best Score epoch: 11 
epoch 16, iter 1101: loss: 0.0085 | load time: 0.0002 | back time: 0.8022 | lr: 0.00008873 | best AP50 acc: 0.8746 | best AP70 acc: 0.7697 | best mAP acc: 0.7267 | best mAR acc: 0.7930 | best Score: 0.7267 | best Score epoch: 11 
epoch 16, iter 1151: loss: 0.0089 | load time: 0.0001 | back time: 0.8216 | lr: 0.00008864 | best AP50 acc: 0.8746 | best AP70 acc: 0.7697 | best mAP acc: 0.7267 | best mAR acc: 0.7930 | best Score: 0.7267 | best Score epoch: 11 
UAV_SEQS_2 | mAP50:90: 39.2294 | AP50: 71.6408 | AP70: 38.6694 
UAV_SEQS_37 | mAP50:90: 93.7025 | AP50: 100.0000 | AP70: 100.0000 
UAV_SEQS_45 | mAP50:90: 96.0640 | AP50: 100.0000 | AP70: 100.0000 
UAV_SEQS_47 | mAP50:90: 95.2760 | AP50: 100.0000 | AP70: 98.8710 
UAV_SEQS_55 | mAP50:90: 41.4799 | AP50: 60.4725 | AP70: 41.3898 
UAV_SEQS_59 | mAP50:90: 63.6059 | AP50: 92.4410 | AP70: 75.3711 
UAV_SEQS_6 | mAP50:90: 64.3609 | AP50: 84.9699 | AP70: 71.3889 
UAV_SEQS_63 | mAP50:90: 36.5329 | AP50: 93.7217 | AP70: 14.4275 
UAV_SEQS_65 | mAP50:90: 74.0172 | AP50: 95.3448 | AP70: 87.4817 
UAV_SEQS_7 | mAP50:90: 97.3928 | AP50: 100.0000 | AP70: 100.0000 
UAV_SEQS_71 | mAP50:90: 69.1684 | AP50: 95.0689 | AP70: 79.0412 
UAV_SEQS_73 | mAP50:90: 63.3793 | AP50: 84.9667 | AP70: 72.5045 
UAV_SEQS_74 | mAP50:90: 99.3673 | AP50: 100.0000 | AP70: 100.0000 
UAV_SEQS_77 | mAP50:90: 24.0613 | AP50: 41.5296 | AP70: 27.7163 
UAV_SEQS_8 | mAP50:90: 98.0638 | AP50: 100.0000 | AP70: 100.0000 
Overall            | mAP50:95: 71.6984 | AP50: 89.7178 | AP70: 76.2392 
epoch 17, iter    1: loss: 0.0094 | load time: 0.0044 | back time: 0.4166 | lr: 0.00008864 | best AP50 acc: 0.8746 | best AP70 acc: 0.7697 | best mAP acc: 0.7267 | best mAR acc: 0.7930 | best Score: 0.7267 | best Score epoch: 11 
epoch 17, iter   51: loss: 0.0085 | load time: 0.0003 | back time: 0.8132 | lr: 0.00008855 | best AP50 acc: 0.8746 | best AP70 acc: 0.7697 | best mAP acc: 0.7267 | best mAR acc: 0.7930 | best Score: 0.7267 | best Score epoch: 11 
epoch 17, iter  101: loss: 0.0087 | load time: 0.0001 | back time: 0.8230 | lr: 0.00008847 | best AP50 acc: 0.8746 | best AP70 acc: 0.7697 | best mAP acc: 0.7267 | best mAR acc: 0.7930 | best Score: 0.7267 | best Score epoch: 11 
epoch 17, iter  151: loss: 0.0093 | load time: 0.0002 | back time: 0.7928 | lr: 0.00008838 | best AP50 acc: 0.8746 | best AP70 acc: 0.7697 | best mAP acc: 0.7267 | best mAR acc: 0.7930 | best Score: 0.7267 | best Score epoch: 11 
epoch 17, iter  201: loss: 0.0090 | load time: 0.0001 | back time: 0.8179 | lr: 0.00008829 | best AP50 acc: 0.8746 | best AP70 acc: 0.7697 | best mAP acc: 0.7267 | best mAR acc: 0.7930 | best Score: 0.7267 | best Score epoch: 11 
epoch 17, iter  251: loss: 0.0088 | load time: 0.0002 | back time: 0.8270 | lr: 0.00008820 | best AP50 acc: 0.8746 | best AP70 acc: 0.7697 | best mAP acc: 0.7267 | best mAR acc: 0.7930 | best Score: 0.7267 | best Score epoch: 11 
epoch 17, iter  301: loss: 0.0081 | load time: 0.0002 | back time: 0.8249 | lr: 0.00008812 | best AP50 acc: 0.8746 | best AP70 acc: 0.7697 | best mAP acc: 0.7267 | best mAR acc: 0.7930 | best Score: 0.7267 | best Score epoch: 11 
epoch 17, iter  351: loss: 0.0088 | load time: 0.0001 | back time: 0.8203 | lr: 0.00008803 | best AP50 acc: 0.8746 | best AP70 acc: 0.7697 | best mAP acc: 0.7267 | best mAR acc: 0.7930 | best Score: 0.7267 | best Score epoch: 11 
epoch 17, iter  401: loss: 0.0088 | load time: 0.0002 | back time: 0.8327 | lr: 0.00008794 | best AP50 acc: 0.8746 | best AP70 acc: 0.7697 | best mAP acc: 0.7267 | best mAR acc: 0.7930 | best Score: 0.7267 | best Score epoch: 11 
epoch 17, iter  451: loss: 0.0086 | load time: 0.0003 | back time: 0.8242 | lr: 0.00008785 | best AP50 acc: 0.8746 | best AP70 acc: 0.7697 | best mAP acc: 0.7267 | best mAR acc: 0.7930 | best Score: 0.7267 | best Score epoch: 11 
epoch 17, iter  501: loss: 0.0080 | load time: 0.0002 | back time: 0.7976 | lr: 0.00008776 | best AP50 acc: 0.8746 | best AP70 acc: 0.7697 | best mAP acc: 0.7267 | best mAR acc: 0.7930 | best Score: 0.7267 | best Score epoch: 11 
epoch 17, iter  551: loss: 0.0094 | load time: 0.0002 | back time: 0.8156 | lr: 0.00008768 | best AP50 acc: 0.8746 | best AP70 acc: 0.7697 | best mAP acc: 0.7267 | best mAR acc: 0.7930 | best Score: 0.7267 | best Score epoch: 11 
epoch 17, iter  601: loss: 0.0087 | load time: 0.0002 | back time: 0.8217 | lr: 0.00008759 | best AP50 acc: 0.8746 | best AP70 acc: 0.7697 | best mAP acc: 0.7267 | best mAR acc: 0.7930 | best Score: 0.7267 | best Score epoch: 11 
epoch 17, iter  651: loss: 0.0085 | load time: 0.0001 | back time: 0.8234 | lr: 0.00008750 | best AP50 acc: 0.8746 | best AP70 acc: 0.7697 | best mAP acc: 0.7267 | best mAR acc: 0.7930 | best Score: 0.7267 | best Score epoch: 11 
epoch 17, iter  701: loss: 0.0094 | load time: 0.0001 | back time: 0.8060 | lr: 0.00008741 | best AP50 acc: 0.8746 | best AP70 acc: 0.7697 | best mAP acc: 0.7267 | best mAR acc: 0.7930 | best Score: 0.7267 | best Score epoch: 11 
epoch 17, iter  751: loss: 0.0087 | load time: 0.0002 | back time: 0.8184 | lr: 0.00008732 | best AP50 acc: 0.8746 | best AP70 acc: 0.7697 | best mAP acc: 0.7267 | best mAR acc: 0.7930 | best Score: 0.7267 | best Score epoch: 11 
epoch 17, iter  801: loss: 0.0087 | load time: 0.0001 | back time: 0.8233 | lr: 0.00008723 | best AP50 acc: 0.8746 | best AP70 acc: 0.7697 | best mAP acc: 0.7267 | best mAR acc: 0.7930 | best Score: 0.7267 | best Score epoch: 11 
epoch 17, iter  851: loss: 0.0089 | load time: 0.0001 | back time: 0.8256 | lr: 0.00008714 | best AP50 acc: 0.8746 | best AP70 acc: 0.7697 | best mAP acc: 0.7267 | best mAR acc: 0.7930 | best Score: 0.7267 | best Score epoch: 11 
epoch 17, iter  901: loss: 0.0083 | load time: 0.0001 | back time: 0.8119 | lr: 0.00008704 | best AP50 acc: 0.8746 | best AP70 acc: 0.7697 | best mAP acc: 0.7267 | best mAR acc: 0.7930 | best Score: 0.7267 | best Score epoch: 11 
epoch 17, iter  951: loss: 0.0090 | load time: 0.0002 | back time: 0.8208 | lr: 0.00008695 | best AP50 acc: 0.8746 | best AP70 acc: 0.7697 | best mAP acc: 0.7267 | best mAR acc: 0.7930 | best Score: 0.7267 | best Score epoch: 11 
epoch 17, iter 1001: loss: 0.0092 | load time: 0.0004 | back time: 0.8257 | lr: 0.00008686 | best AP50 acc: 0.8746 | best AP70 acc: 0.7697 | best mAP acc: 0.7267 | best mAR acc: 0.7930 | best Score: 0.7267 | best Score epoch: 11 
epoch 17, iter 1051: loss: 0.0087 | load time: 0.0002 | back time: 0.8230 | lr: 0.00008677 | best AP50 acc: 0.8746 | best AP70 acc: 0.7697 | best mAP acc: 0.7267 | best mAR acc: 0.7930 | best Score: 0.7267 | best Score epoch: 11 
epoch 17, iter 1101: loss: 0.0091 | load time: 0.0002 | back time: 0.8326 | lr: 0.00008668 | best AP50 acc: 0.8746 | best AP70 acc: 0.7697 | best mAP acc: 0.7267 | best mAR acc: 0.7930 | best Score: 0.7267 | best Score epoch: 11 
epoch 17, iter 1151: loss: 0.0084 | load time: 0.0001 | back time: 0.8274 | lr: 0.00008659 | best AP50 acc: 0.8746 | best AP70 acc: 0.7697 | best mAP acc: 0.7267 | best mAR acc: 0.7930 | best Score: 0.7267 | best Score epoch: 11 
UAV_SEQS_2 | mAP50:90: 47.9035 | AP50: 77.4308 | AP70: 46.5648 
UAV_SEQS_37 | mAP50:90: 72.1889 | AP50: 96.6890 | AP70: 76.9671 
UAV_SEQS_45 | mAP50:90: 96.3727 | AP50: 100.0000 | AP70: 100.0000 
UAV_SEQS_47 | mAP50:90: 98.6424 | AP50: 100.0000 | AP70: 100.0000 
UAV_SEQS_55 | mAP50:90: 42.1287 | AP50: 62.3472 | AP70: 45.4266 
UAV_SEQS_59 | mAP50:90: 70.3314 | AP50: 96.5681 | AP70: 81.9333 
UAV_SEQS_6 | mAP50:90: 49.4178 | AP50: 67.2937 | AP70: 52.5563 
UAV_SEQS_63 | mAP50:90: 64.7997 | AP50: 100.0000 | AP70: 73.4219 
UAV_SEQS_65 | mAP50:90: 71.4445 | AP50: 97.4035 | AP70: 81.4171 
UAV_SEQS_7 | mAP50:90: 77.1767 | AP50: 100.0000 | AP70: 91.1452 
UAV_SEQS_71 | mAP50:90: 69.6021 | AP50: 96.1137 | AP70: 74.9889 
UAV_SEQS_73 | mAP50:90: 66.8224 | AP50: 84.6317 | AP70: 74.3689 
UAV_SEQS_74 | mAP50:90: 100.0000 | AP50: 100.0000 | AP70: 100.0000 
UAV_SEQS_77 | mAP50:90: 24.0516 | AP50: 41.1050 | AP70: 31.3175 
UAV_SEQS_8 | mAP50:90: 98.8102 | AP50: 100.0000 | AP70: 100.0000 
Overall            | mAP50:95: 71.9060 | AP50: 88.8262 | AP70: 77.5655 
epoch 18, iter    1: loss: 0.0083 | load time: 0.0055 | back time: 0.5167 | lr: 0.00008658 | best AP50 acc: 0.8746 | best AP70 acc: 0.7697 | best mAP acc: 0.7267 | best mAR acc: 0.7930 | best Score: 0.7267 | best Score epoch: 11 
epoch 18, iter   51: loss: 0.0084 | load time: 0.0002 | back time: 0.8173 | lr: 0.00008649 | best AP50 acc: 0.8746 | best AP70 acc: 0.7697 | best mAP acc: 0.7267 | best mAR acc: 0.7930 | best Score: 0.7267 | best Score epoch: 11 
epoch 18, iter  101: loss: 0.0084 | load time: 0.0002 | back time: 0.7976 | lr: 0.00008640 | best AP50 acc: 0.8746 | best AP70 acc: 0.7697 | best mAP acc: 0.7267 | best mAR acc: 0.7930 | best Score: 0.7267 | best Score epoch: 11 
epoch 18, iter  151: loss: 0.0084 | load time: 0.0001 | back time: 0.8207 | lr: 0.00008630 | best AP50 acc: 0.8746 | best AP70 acc: 0.7697 | best mAP acc: 0.7267 | best mAR acc: 0.7930 | best Score: 0.7267 | best Score epoch: 11 
epoch 18, iter  201: loss: 0.0089 | load time: 0.0002 | back time: 0.8265 | lr: 0.00008621 | best AP50 acc: 0.8746 | best AP70 acc: 0.7697 | best mAP acc: 0.7267 | best mAR acc: 0.7930 | best Score: 0.7267 | best Score epoch: 11 
epoch 18, iter  251: loss: 0.0091 | load time: 0.0002 | back time: 0.8268 | lr: 0.00008612 | best AP50 acc: 0.8746 | best AP70 acc: 0.7697 | best mAP acc: 0.7267 | best mAR acc: 0.7930 | best Score: 0.7267 | best Score epoch: 11 
epoch 18, iter  301: loss: 0.0086 | load time: 0.0003 | back time: 0.8100 | lr: 0.00008602 | best AP50 acc: 0.8746 | best AP70 acc: 0.7697 | best mAP acc: 0.7267 | best mAR acc: 0.7930 | best Score: 0.7267 | best Score epoch: 11 
epoch 18, iter  351: loss: 0.0080 | load time: 0.0001 | back time: 0.8210 | lr: 0.00008593 | best AP50 acc: 0.8746 | best AP70 acc: 0.7697 | best mAP acc: 0.7267 | best mAR acc: 0.7930 | best Score: 0.7267 | best Score epoch: 11 
epoch 18, iter  401: loss: 0.0085 | load time: 0.0003 | back time: 0.8247 | lr: 0.00008583 | best AP50 acc: 0.8746 | best AP70 acc: 0.7697 | best mAP acc: 0.7267 | best mAR acc: 0.7930 | best Score: 0.7267 | best Score epoch: 11 
epoch 18, iter  451: loss: 0.0082 | load time: 0.0002 | back time: 0.8238 | lr: 0.00008574 | best AP50 acc: 0.8746 | best AP70 acc: 0.7697 | best mAP acc: 0.7267 | best mAR acc: 0.7930 | best Score: 0.7267 | best Score epoch: 11 
epoch 18, iter  501: loss: 0.0082 | load time: 0.0002 | back time: 0.8315 | lr: 0.00008564 | best AP50 acc: 0.8746 | best AP70 acc: 0.7697 | best mAP acc: 0.7267 | best mAR acc: 0.7930 | best Score: 0.7267 | best Score epoch: 11 
epoch 18, iter  551: loss: 0.0088 | load time: 0.0002 | back time: 0.8241 | lr: 0.00008555 | best AP50 acc: 0.8746 | best AP70 acc: 0.7697 | best mAP acc: 0.7267 | best mAR acc: 0.7930 | best Score: 0.7267 | best Score epoch: 11 
epoch 18, iter  601: loss: 0.0085 | load time: 0.0002 | back time: 0.8221 | lr: 0.00008545 | best AP50 acc: 0.8746 | best AP70 acc: 0.7697 | best mAP acc: 0.7267 | best mAR acc: 0.7930 | best Score: 0.7267 | best Score epoch: 11 
epoch 18, iter  651: loss: 0.0087 | load time: 0.0003 | back time: 0.8241 | lr: 0.00008536 | best AP50 acc: 0.8746 | best AP70 acc: 0.7697 | best mAP acc: 0.7267 | best mAR acc: 0.7930 | best Score: 0.7267 | best Score epoch: 11 
epoch 18, iter  701: loss: 0.0085 | load time: 0.0001 | back time: 0.7979 | lr: 0.00008526 | best AP50 acc: 0.8746 | best AP70 acc: 0.7697 | best mAP acc: 0.7267 | best mAR acc: 0.7930 | best Score: 0.7267 | best Score epoch: 11 
epoch 18, iter  751: loss: 0.0086 | load time: 0.0002 | back time: 0.8161 | lr: 0.00008517 | best AP50 acc: 0.8746 | best AP70 acc: 0.7697 | best mAP acc: 0.7267 | best mAR acc: 0.7930 | best Score: 0.7267 | best Score epoch: 11 
epoch 18, iter  801: loss: 0.0082 | load time: 0.0002 | back time: 0.8206 | lr: 0.00008507 | best AP50 acc: 0.8746 | best AP70 acc: 0.7697 | best mAP acc: 0.7267 | best mAR acc: 0.7930 | best Score: 0.7267 | best Score epoch: 11 
epoch 18, iter  851: loss: 0.0087 | load time: 0.0001 | back time: 0.8239 | lr: 0.00008497 | best AP50 acc: 0.8746 | best AP70 acc: 0.7697 | best mAP acc: 0.7267 | best mAR acc: 0.7930 | best Score: 0.7267 | best Score epoch: 11 
epoch 18, iter  901: loss: 0.0087 | load time: 0.0002 | back time: 0.8046 | lr: 0.00008488 | best AP50 acc: 0.8746 | best AP70 acc: 0.7697 | best mAP acc: 0.7267 | best mAR acc: 0.7930 | best Score: 0.7267 | best Score epoch: 11 
epoch 18, iter  951: loss: 0.0085 | load time: 0.0002 | back time: 0.8206 | lr: 0.00008478 | best AP50 acc: 0.8746 | best AP70 acc: 0.7697 | best mAP acc: 0.7267 | best mAR acc: 0.7930 | best Score: 0.7267 | best Score epoch: 11 
epoch 18, iter 1001: loss: 0.0089 | load time: 0.0001 | back time: 0.8226 | lr: 0.00008468 | best AP50 acc: 0.8746 | best AP70 acc: 0.7697 | best mAP acc: 0.7267 | best mAR acc: 0.7930 | best Score: 0.7267 | best Score epoch: 11 
epoch 18, iter 1051: loss: 0.0078 | load time: 0.0002 | back time: 0.8266 | lr: 0.00008458 | best AP50 acc: 0.8746 | best AP70 acc: 0.7697 | best mAP acc: 0.7267 | best mAR acc: 0.7930 | best Score: 0.7267 | best Score epoch: 11 
epoch 18, iter 1101: loss: 0.0088 | load time: 0.0002 | back time: 0.8146 | lr: 0.00008449 | best AP50 acc: 0.8746 | best AP70 acc: 0.7697 | best mAP acc: 0.7267 | best mAR acc: 0.7930 | best Score: 0.7267 | best Score epoch: 11 
epoch 18, iter 1151: loss: 0.0086 | load time: 0.0003 | back time: 0.8205 | lr: 0.00008439 | best AP50 acc: 0.8746 | best AP70 acc: 0.7697 | best mAP acc: 0.7267 | best mAR acc: 0.7930 | best Score: 0.7267 | best Score epoch: 11 
UAV_SEQS_2 | mAP50:90: 53.6728 | AP50: 83.1823 | AP70: 59.5995 
UAV_SEQS_37 | mAP50:90: 90.9986 | AP50: 100.0000 | AP70: 98.9769 
UAV_SEQS_45 | mAP50:90: 96.7452 | AP50: 100.0000 | AP70: 100.0000 
UAV_SEQS_47 | mAP50:90: 97.2412 | AP50: 100.0000 | AP70: 100.0000 
UAV_SEQS_55 | mAP50:90: 37.6574 | AP50: 53.9518 | AP70: 44.2078 
UAV_SEQS_59 | mAP50:90: 68.3836 | AP50: 97.3841 | AP70: 74.5218 
UAV_SEQS_6 | mAP50:90: 57.2577 | AP50: 80.8388 | AP70: 60.9220 
UAV_SEQS_63 | mAP50:90: 34.8916 | AP50: 98.8379 | AP70: 19.0231 
UAV_SEQS_65 | mAP50:90: 70.8870 | AP50: 96.2087 | AP70: 87.8917 
UAV_SEQS_7 | mAP50:90: 92.6490 | AP50: 100.0000 | AP70: 100.0000 
UAV_SEQS_71 | mAP50:90: 78.4823 | AP50: 98.5933 | AP70: 86.5183 
UAV_SEQS_73 | mAP50:90: 66.7488 | AP50: 84.8138 | AP70: 72.3200 
UAV_SEQS_74 | mAP50:90: 95.3280 | AP50: 100.0000 | AP70: 100.0000 
UAV_SEQS_77 | mAP50:90: 52.8340 | AP50: 63.3364 | AP70: 60.6959 
UAV_SEQS_8 | mAP50:90: 90.6754 | AP50: 100.0000 | AP70: 95.7657 
Overall            | mAP50:95: 72.3196 | AP50: 91.7596 | AP70: 77.4377 
epoch 19, iter    1: loss: 0.0083 | load time: 0.0041 | back time: 0.3755 | lr: 0.00008438 | best AP50 acc: 0.8746 | best AP70 acc: 0.7697 | best mAP acc: 0.7267 | best mAR acc: 0.7930 | best Score: 0.7267 | best Score epoch: 11 
epoch 19, iter   51: loss: 0.0086 | load time: 0.0004 | back time: 0.8032 | lr: 0.00008428 | best AP50 acc: 0.8746 | best AP70 acc: 0.7697 | best mAP acc: 0.7267 | best mAR acc: 0.7930 | best Score: 0.7267 | best Score epoch: 11 
epoch 19, iter  101: loss: 0.0081 | load time: 0.0002 | back time: 0.8180 | lr: 0.00008419 | best AP50 acc: 0.8746 | best AP70 acc: 0.7697 | best mAP acc: 0.7267 | best mAR acc: 0.7930 | best Score: 0.7267 | best Score epoch: 11 
epoch 19, iter  151: loss: 0.0084 | load time: 0.0002 | back time: 0.8268 | lr: 0.00008409 | best AP50 acc: 0.8746 | best AP70 acc: 0.7697 | best mAP acc: 0.7267 | best mAR acc: 0.7930 | best Score: 0.7267 | best Score epoch: 11 
epoch 19, iter  201: loss: 0.0087 | load time: 0.0002 | back time: 0.8288 | lr: 0.00008399 | best AP50 acc: 0.8746 | best AP70 acc: 0.7697 | best mAP acc: 0.7267 | best mAR acc: 0.7930 | best Score: 0.7267 | best Score epoch: 11 
epoch 19, iter  251: loss: 0.0080 | load time: 0.0001 | back time: 0.8298 | lr: 0.00008389 | best AP50 acc: 0.8746 | best AP70 acc: 0.7697 | best mAP acc: 0.7267 | best mAR acc: 0.7930 | best Score: 0.7267 | best Score epoch: 11 
epoch 19, iter  301: loss: 0.0087 | load time: 0.0002 | back time: 0.8139 | lr: 0.00008379 | best AP50 acc: 0.8746 | best AP70 acc: 0.7697 | best mAP acc: 0.7267 | best mAR acc: 0.7930 | best Score: 0.7267 | best Score epoch: 11 
epoch 19, iter  351: loss: 0.0089 | load time: 0.0001 | back time: 0.8240 | lr: 0.00008369 | best AP50 acc: 0.8746 | best AP70 acc: 0.7697 | best mAP acc: 0.7267 | best mAR acc: 0.7930 | best Score: 0.7267 | best Score epoch: 11 
epoch 19, iter  401: loss: 0.0084 | load time: 0.0002 | back time: 0.8270 | lr: 0.00008359 | best AP50 acc: 0.8746 | best AP70 acc: 0.7697 | best mAP acc: 0.7267 | best mAR acc: 0.7930 | best Score: 0.7267 | best Score epoch: 11 
epoch 19, iter  451: loss: 0.0086 | load time: 0.0002 | back time: 0.7894 | lr: 0.00008349 | best AP50 acc: 0.8746 | best AP70 acc: 0.7697 | best mAP acc: 0.7267 | best mAR acc: 0.7930 | best Score: 0.7267 | best Score epoch: 11 
epoch 19, iter  501: loss: 0.0084 | load time: 0.0002 | back time: 0.8271 | lr: 0.00008339 | best AP50 acc: 0.8746 | best AP70 acc: 0.7697 | best mAP acc: 0.7267 | best mAR acc: 0.7930 | best Score: 0.7267 | best Score epoch: 11 
epoch 19, iter  551: loss: 0.0086 | load time: 0.0002 | back time: 0.8285 | lr: 0.00008329 | best AP50 acc: 0.8746 | best AP70 acc: 0.7697 | best mAP acc: 0.7267 | best mAR acc: 0.7930 | best Score: 0.7267 | best Score epoch: 11 
epoch 19, iter  601: loss: 0.0081 | load time: 0.0001 | back time: 0.8274 | lr: 0.00008318 | best AP50 acc: 0.8746 | best AP70 acc: 0.7697 | best mAP acc: 0.7267 | best mAR acc: 0.7930 | best Score: 0.7267 | best Score epoch: 11 
epoch 19, iter  651: loss: 0.0082 | load time: 0.0003 | back time: 0.8364 | lr: 0.00008308 | best AP50 acc: 0.8746 | best AP70 acc: 0.7697 | best mAP acc: 0.7267 | best mAR acc: 0.7930 | best Score: 0.7267 | best Score epoch: 11 
epoch 19, iter  701: loss: 0.0084 | load time: 0.0002 | back time: 0.8390 | lr: 0.00008298 | best AP50 acc: 0.8746 | best AP70 acc: 0.7697 | best mAP acc: 0.7267 | best mAR acc: 0.7930 | best Score: 0.7267 | best Score epoch: 11 
epoch 19, iter  751: loss: 0.0087 | load time: 0.0002 | back time: 0.8304 | lr: 0.00008288 | best AP50 acc: 0.8746 | best AP70 acc: 0.7697 | best mAP acc: 0.7267 | best mAR acc: 0.7930 | best Score: 0.7267 | best Score epoch: 11 
epoch 19, iter  801: loss: 0.0089 | load time: 0.0002 | back time: 0.8282 | lr: 0.00008278 | best AP50 acc: 0.8746 | best AP70 acc: 0.7697 | best mAP acc: 0.7267 | best mAR acc: 0.7930 | best Score: 0.7267 | best Score epoch: 11 
epoch 19, iter  851: loss: 0.0081 | load time: 0.0002 | back time: 0.8276 | lr: 0.00008267 | best AP50 acc: 0.8746 | best AP70 acc: 0.7697 | best mAP acc: 0.7267 | best mAR acc: 0.7930 | best Score: 0.7267 | best Score epoch: 11 
epoch 19, iter  901: loss: 0.0087 | load time: 0.0002 | back time: 0.8285 | lr: 0.00008257 | best AP50 acc: 0.8746 | best AP70 acc: 0.7697 | best mAP acc: 0.7267 | best mAR acc: 0.7930 | best Score: 0.7267 | best Score epoch: 11 
epoch 19, iter  951: loss: 0.0084 | load time: 0.0001 | back time: 0.8308 | lr: 0.00008247 | best AP50 acc: 0.8746 | best AP70 acc: 0.7697 | best mAP acc: 0.7267 | best mAR acc: 0.7930 | best Score: 0.7267 | best Score epoch: 11 
epoch 19, iter 1001: loss: 0.0093 | load time: 0.0002 | back time: 0.8286 | lr: 0.00008237 | best AP50 acc: 0.8746 | best AP70 acc: 0.7697 | best mAP acc: 0.7267 | best mAR acc: 0.7930 | best Score: 0.7267 | best Score epoch: 11 
epoch 19, iter 1051: loss: 0.0085 | load time: 0.0002 | back time: 0.8213 | lr: 0.00008226 | best AP50 acc: 0.8746 | best AP70 acc: 0.7697 | best mAP acc: 0.7267 | best mAR acc: 0.7930 | best Score: 0.7267 | best Score epoch: 11 
epoch 19, iter 1101: loss: 0.0084 | load time: 0.0002 | back time: 0.8336 | lr: 0.00008216 | best AP50 acc: 0.8746 | best AP70 acc: 0.7697 | best mAP acc: 0.7267 | best mAR acc: 0.7930 | best Score: 0.7267 | best Score epoch: 11 
epoch 19, iter 1151: loss: 0.0080 | load time: 0.0001 | back time: 0.8279 | lr: 0.00008205 | best AP50 acc: 0.8746 | best AP70 acc: 0.7697 | best mAP acc: 0.7267 | best mAR acc: 0.7930 | best Score: 0.7267 | best Score epoch: 11 
UAV_SEQS_2 | mAP50:90: 39.8377 | AP50: 63.9285 | AP70: 43.3234 
UAV_SEQS_37 | mAP50:90: 84.8407 | AP50: 100.0000 | AP70: 91.4830 
UAV_SEQS_45 | mAP50:90: 96.7665 | AP50: 100.0000 | AP70: 100.0000 
UAV_SEQS_47 | mAP50:90: 99.4342 | AP50: 100.0000 | AP70: 100.0000 
UAV_SEQS_55 | mAP50:90: 36.5747 | AP50: 57.5090 | AP70: 37.7428 
UAV_SEQS_59 | mAP50:90: 71.8716 | AP50: 97.7607 | AP70: 80.2342 
UAV_SEQS_6 | mAP50:90: 63.5771 | AP50: 86.3283 | AP70: 69.9224 
UAV_SEQS_63 | mAP50:90: 63.0267 | AP50: 100.0000 | AP70: 74.2665 
UAV_SEQS_65 | mAP50:90: 74.3328 | AP50: 96.4797 | AP70: 86.4448 
UAV_SEQS_7 | mAP50:90: 83.4006 | AP50: 100.0000 | AP70: 97.6073 
UAV_SEQS_71 | mAP50:90: 65.7762 | AP50: 97.7156 | AP70: 72.5383 
UAV_SEQS_73 | mAP50:90: 65.2752 | AP50: 86.0876 | AP70: 72.6501 
UAV_SEQS_74 | mAP50:90: 98.5556 | AP50: 100.0000 | AP70: 100.0000 
UAV_SEQS_77 | mAP50:90: 41.2722 | AP50: 45.9092 | AP70: 45.9092 
UAV_SEQS_8 | mAP50:90: 90.4397 | AP50: 100.0000 | AP70: 100.0000 
Overall            | mAP50:95: 73.0511 | AP50: 89.7450 | AP70: 79.8199 
epoch 20, iter    1: loss: 0.0089 | load time: 0.0042 | back time: 0.3699 | lr: 0.00008205 | best AP50 acc: 0.8974 | best AP70 acc: 0.7982 | best mAP acc: 0.7305 | best mAR acc: 0.7926 | best Score: 0.7305 | best Score epoch: 19 
epoch 20, iter   51: loss: 0.0082 | load time: 0.0001 | back time: 0.8213 | lr: 0.00008195 | best AP50 acc: 0.8974 | best AP70 acc: 0.7982 | best mAP acc: 0.7305 | best mAR acc: 0.7926 | best Score: 0.7305 | best Score epoch: 19 
epoch 20, iter  101: loss: 0.0081 | load time: 0.0001 | back time: 0.8252 | lr: 0.00008184 | best AP50 acc: 0.8974 | best AP70 acc: 0.7982 | best mAP acc: 0.7305 | best mAR acc: 0.7926 | best Score: 0.7305 | best Score epoch: 19 
epoch 20, iter  151: loss: 0.0095 | load time: 0.0002 | back time: 0.8300 | lr: 0.00008174 | best AP50 acc: 0.8974 | best AP70 acc: 0.7982 | best mAP acc: 0.7305 | best mAR acc: 0.7926 | best Score: 0.7305 | best Score epoch: 19 
epoch 20, iter  201: loss: 0.0080 | load time: 0.0002 | back time: 0.8351 | lr: 0.00008163 | best AP50 acc: 0.8974 | best AP70 acc: 0.7982 | best mAP acc: 0.7305 | best mAR acc: 0.7926 | best Score: 0.7305 | best Score epoch: 19 
epoch 20, iter  251: loss: 0.0082 | load time: 0.0001 | back time: 0.8356 | lr: 0.00008153 | best AP50 acc: 0.8974 | best AP70 acc: 0.7982 | best mAP acc: 0.7305 | best mAR acc: 0.7926 | best Score: 0.7305 | best Score epoch: 19 
epoch 20, iter  301: loss: 0.0090 | load time: 0.0002 | back time: 0.8263 | lr: 0.00008142 | best AP50 acc: 0.8974 | best AP70 acc: 0.7982 | best mAP acc: 0.7305 | best mAR acc: 0.7926 | best Score: 0.7305 | best Score epoch: 19 
epoch 20, iter  351: loss: 0.0084 | load time: 0.0002 | back time: 0.8272 | lr: 0.00008132 | best AP50 acc: 0.8974 | best AP70 acc: 0.7982 | best mAP acc: 0.7305 | best mAR acc: 0.7926 | best Score: 0.7305 | best Score epoch: 19 
epoch 20, iter  401: loss: 0.0083 | load time: 0.0002 | back time: 0.8269 | lr: 0.00008121 | best AP50 acc: 0.8974 | best AP70 acc: 0.7982 | best mAP acc: 0.7305 | best mAR acc: 0.7926 | best Score: 0.7305 | best Score epoch: 19 
epoch 20, iter  451: loss: 0.0082 | load time: 0.0002 | back time: 0.8272 | lr: 0.00008110 | best AP50 acc: 0.8974 | best AP70 acc: 0.7982 | best mAP acc: 0.7305 | best mAR acc: 0.7926 | best Score: 0.7305 | best Score epoch: 19 
epoch 20, iter  501: loss: 0.0084 | load time: 0.0002 | back time: 0.8275 | lr: 0.00008100 | best AP50 acc: 0.8974 | best AP70 acc: 0.7982 | best mAP acc: 0.7305 | best mAR acc: 0.7926 | best Score: 0.7305 | best Score epoch: 19 
epoch 20, iter  551: loss: 0.0092 | load time: 0.0002 | back time: 0.8275 | lr: 0.00008089 | best AP50 acc: 0.8974 | best AP70 acc: 0.7982 | best mAP acc: 0.7305 | best mAR acc: 0.7926 | best Score: 0.7305 | best Score epoch: 19 
epoch 20, iter  601: loss: 0.0084 | load time: 0.0002 | back time: 0.8286 | lr: 0.00008079 | best AP50 acc: 0.8974 | best AP70 acc: 0.7982 | best mAP acc: 0.7305 | best mAR acc: 0.7926 | best Score: 0.7305 | best Score epoch: 19 
epoch 20, iter  651: loss: 0.0083 | load time: 0.0001 | back time: 0.8272 | lr: 0.00008068 | best AP50 acc: 0.8974 | best AP70 acc: 0.7982 | best mAP acc: 0.7305 | best mAR acc: 0.7926 | best Score: 0.7305 | best Score epoch: 19 
epoch 20, iter  701: loss: 0.0085 | load time: 0.0003 | back time: 0.8214 | lr: 0.00008057 | best AP50 acc: 0.8974 | best AP70 acc: 0.7982 | best mAP acc: 0.7305 | best mAR acc: 0.7926 | best Score: 0.7305 | best Score epoch: 19 
epoch 20, iter  751: loss: 0.0082 | load time: 0.0002 | back time: 0.8300 | lr: 0.00008046 | best AP50 acc: 0.8974 | best AP70 acc: 0.7982 | best mAP acc: 0.7305 | best mAR acc: 0.7926 | best Score: 0.7305 | best Score epoch: 19 
epoch 20, iter  801: loss: 0.0081 | load time: 0.0002 | back time: 0.8291 | lr: 0.00008036 | best AP50 acc: 0.8974 | best AP70 acc: 0.7982 | best mAP acc: 0.7305 | best mAR acc: 0.7926 | best Score: 0.7305 | best Score epoch: 19 
epoch 20, iter  851: loss: 0.0086 | load time: 0.0002 | back time: 0.8160 | lr: 0.00008025 | best AP50 acc: 0.8974 | best AP70 acc: 0.7982 | best mAP acc: 0.7305 | best mAR acc: 0.7926 | best Score: 0.7305 | best Score epoch: 19 
epoch 20, iter  901: loss: 0.0083 | load time: 0.0001 | back time: 0.8299 | lr: 0.00008014 | best AP50 acc: 0.8974 | best AP70 acc: 0.7982 | best mAP acc: 0.7305 | best mAR acc: 0.7926 | best Score: 0.7305 | best Score epoch: 19 
epoch 20, iter  951: loss: 0.0084 | load time: 0.0003 | back time: 0.8055 | lr: 0.00008003 | best AP50 acc: 0.8974 | best AP70 acc: 0.7982 | best mAP acc: 0.7305 | best mAR acc: 0.7926 | best Score: 0.7305 | best Score epoch: 19 
epoch 20, iter 1001: loss: 0.0095 | load time: 0.0002 | back time: 0.8220 | lr: 0.00007992 | best AP50 acc: 0.8974 | best AP70 acc: 0.7982 | best mAP acc: 0.7305 | best mAR acc: 0.7926 | best Score: 0.7305 | best Score epoch: 19 
epoch 20, iter 1051: loss: 0.0084 | load time: 0.0002 | back time: 0.8235 | lr: 0.00007982 | best AP50 acc: 0.8974 | best AP70 acc: 0.7982 | best mAP acc: 0.7305 | best mAR acc: 0.7926 | best Score: 0.7305 | best Score epoch: 19 
epoch 20, iter 1101: loss: 0.0086 | load time: 0.0001 | back time: 0.7871 | lr: 0.00007971 | best AP50 acc: 0.8974 | best AP70 acc: 0.7982 | best mAP acc: 0.7305 | best mAR acc: 0.7926 | best Score: 0.7305 | best Score epoch: 19 
epoch 20, iter 1151: loss: 0.0080 | load time: 0.0001 | back time: 0.8174 | lr: 0.00007960 | best AP50 acc: 0.8974 | best AP70 acc: 0.7982 | best mAP acc: 0.7305 | best mAR acc: 0.7926 | best Score: 0.7305 | best Score epoch: 19 
UAV_SEQS_2 | mAP50:90: 45.3452 | AP50: 73.6368 | AP70: 49.6781 
UAV_SEQS_37 | mAP50:90: 86.7891 | AP50: 100.0000 | AP70: 93.5748 
UAV_SEQS_45 | mAP50:90: 94.7450 | AP50: 100.0000 | AP70: 100.0000 
UAV_SEQS_47 | mAP50:90: 94.8710 | AP50: 100.0000 | AP70: 100.0000 
UAV_SEQS_55 | mAP50:90: 44.3701 | AP50: 64.5871 | AP70: 50.0963 
UAV_SEQS_59 | mAP50:90: 64.1917 | AP50: 93.1532 | AP70: 67.7013 
UAV_SEQS_6 | mAP50:90: 47.6889 | AP50: 71.7538 | AP70: 47.1957 
UAV_SEQS_63 | mAP50:90: 45.1786 | AP50: 98.8878 | AP70: 31.9967 
UAV_SEQS_65 | mAP50:90: 71.9593 | AP50: 96.0418 | AP70: 87.9060 
UAV_SEQS_7 | mAP50:90: 75.1471 | AP50: 100.0000 | AP70: 93.5188 
UAV_SEQS_71 | mAP50:90: 72.0714 | AP50: 94.6692 | AP70: 80.9285 
UAV_SEQS_73 | mAP50:90: 61.4837 | AP50: 82.2772 | AP70: 70.2183 
UAV_SEQS_74 | mAP50:90: 97.2872 | AP50: 100.0000 | AP70: 100.0000 
UAV_SEQS_77 | mAP50:90: 21.2519 | AP50: 37.7177 | AP70: 24.7362 
UAV_SEQS_8 | mAP50:90: 98.4297 | AP50: 100.0000 | AP70: 100.0000 
Overall            | mAP50:95: 69.1160 | AP50: 88.6693 | AP70: 74.7384 
epoch 21, iter    1: loss: 0.0081 | load time: 0.0045 | back time: 0.4570 | lr: 0.00007959 | best AP50 acc: 0.8974 | best AP70 acc: 0.7982 | best mAP acc: 0.7305 | best mAR acc: 0.7926 | best Score: 0.7305 | best Score epoch: 19 
epoch 21, iter   51: loss: 0.0087 | load time: 0.0002 | back time: 0.8149 | lr: 0.00007948 | best AP50 acc: 0.8974 | best AP70 acc: 0.7982 | best mAP acc: 0.7305 | best mAR acc: 0.7926 | best Score: 0.7305 | best Score epoch: 19 
epoch 21, iter  101: loss: 0.0084 | load time: 0.0002 | back time: 0.8199 | lr: 0.00007937 | best AP50 acc: 0.8974 | best AP70 acc: 0.7982 | best mAP acc: 0.7305 | best mAR acc: 0.7926 | best Score: 0.7305 | best Score epoch: 19 
epoch 21, iter  151: loss: 0.0091 | load time: 0.0001 | back time: 0.8117 | lr: 0.00007926 | best AP50 acc: 0.8974 | best AP70 acc: 0.7982 | best mAP acc: 0.7305 | best mAR acc: 0.7926 | best Score: 0.7305 | best Score epoch: 19 
epoch 21, iter  201: loss: 0.0081 | load time: 0.0002 | back time: 0.8246 | lr: 0.00007915 | best AP50 acc: 0.8974 | best AP70 acc: 0.7982 | best mAP acc: 0.7305 | best mAR acc: 0.7926 | best Score: 0.7305 | best Score epoch: 19 
epoch 21, iter  251: loss: 0.0085 | load time: 0.0002 | back time: 0.8251 | lr: 0.00007904 | best AP50 acc: 0.8974 | best AP70 acc: 0.7982 | best mAP acc: 0.7305 | best mAR acc: 0.7926 | best Score: 0.7305 | best Score epoch: 19 
epoch 21, iter  301: loss: 0.0084 | load time: 0.0002 | back time: 0.8292 | lr: 0.00007893 | best AP50 acc: 0.8974 | best AP70 acc: 0.7982 | best mAP acc: 0.7305 | best mAR acc: 0.7926 | best Score: 0.7305 | best Score epoch: 19 
epoch 21, iter  351: loss: 0.0085 | load time: 0.0002 | back time: 0.8114 | lr: 0.00007882 | best AP50 acc: 0.8974 | best AP70 acc: 0.7982 | best mAP acc: 0.7305 | best mAR acc: 0.7926 | best Score: 0.7305 | best Score epoch: 19 
epoch 21, iter  401: loss: 0.0082 | load time: 0.0002 | back time: 0.8112 | lr: 0.00007871 | best AP50 acc: 0.8974 | best AP70 acc: 0.7982 | best mAP acc: 0.7305 | best mAR acc: 0.7926 | best Score: 0.7305 | best Score epoch: 19 
epoch 21, iter  451: loss: 0.0082 | load time: 0.0002 | back time: 0.8268 | lr: 0.00007860 | best AP50 acc: 0.8974 | best AP70 acc: 0.7982 | best mAP acc: 0.7305 | best mAR acc: 0.7926 | best Score: 0.7305 | best Score epoch: 19 
epoch 21, iter  501: loss: 0.0083 | load time: 0.0002 | back time: 0.8239 | lr: 0.00007849 | best AP50 acc: 0.8974 | best AP70 acc: 0.7982 | best mAP acc: 0.7305 | best mAR acc: 0.7926 | best Score: 0.7305 | best Score epoch: 19 
epoch 21, iter  551: loss: 0.0085 | load time: 0.0002 | back time: 0.8015 | lr: 0.00007838 | best AP50 acc: 0.8974 | best AP70 acc: 0.7982 | best mAP acc: 0.7305 | best mAR acc: 0.7926 | best Score: 0.7305 | best Score epoch: 19 
epoch 21, iter  601: loss: 0.0081 | load time: 0.0002 | back time: 0.8174 | lr: 0.00007827 | best AP50 acc: 0.8974 | best AP70 acc: 0.7982 | best mAP acc: 0.7305 | best mAR acc: 0.7926 | best Score: 0.7305 | best Score epoch: 19 
epoch 21, iter  651: loss: 0.0081 | load time: 0.0002 | back time: 0.8249 | lr: 0.00007816 | best AP50 acc: 0.8974 | best AP70 acc: 0.7982 | best mAP acc: 0.7305 | best mAR acc: 0.7926 | best Score: 0.7305 | best Score epoch: 19 
epoch 21, iter  701: loss: 0.0080 | load time: 0.0002 | back time: 0.8255 | lr: 0.00007804 | best AP50 acc: 0.8974 | best AP70 acc: 0.7982 | best mAP acc: 0.7305 | best mAR acc: 0.7926 | best Score: 0.7305 | best Score epoch: 19 
epoch 21, iter  751: loss: 0.0083 | load time: 0.0002 | back time: 0.8254 | lr: 0.00007793 | best AP50 acc: 0.8974 | best AP70 acc: 0.7982 | best mAP acc: 0.7305 | best mAR acc: 0.7926 | best Score: 0.7305 | best Score epoch: 19 
epoch 21, iter  801: loss: 0.0084 | load time: 0.0001 | back time: 0.7930 | lr: 0.00007782 | best AP50 acc: 0.8974 | best AP70 acc: 0.7982 | best mAP acc: 0.7305 | best mAR acc: 0.7926 | best Score: 0.7305 | best Score epoch: 19 
epoch 21, iter  851: loss: 0.0083 | load time: 0.0001 | back time: 0.8147 | lr: 0.00007771 | best AP50 acc: 0.8974 | best AP70 acc: 0.7982 | best mAP acc: 0.7305 | best mAR acc: 0.7926 | best Score: 0.7305 | best Score epoch: 19 
epoch 21, iter  901: loss: 0.0082 | load time: 0.0002 | back time: 0.8241 | lr: 0.00007759 | best AP50 acc: 0.8974 | best AP70 acc: 0.7982 | best mAP acc: 0.7305 | best mAR acc: 0.7926 | best Score: 0.7305 | best Score epoch: 19 
epoch 21, iter  951: loss: 0.0084 | load time: 0.0003 | back time: 0.8238 | lr: 0.00007748 | best AP50 acc: 0.8974 | best AP70 acc: 0.7982 | best mAP acc: 0.7305 | best mAR acc: 0.7926 | best Score: 0.7305 | best Score epoch: 19 
epoch 21, iter 1001: loss: 0.0082 | load time: 0.0002 | back time: 0.8056 | lr: 0.00007737 | best AP50 acc: 0.8974 | best AP70 acc: 0.7982 | best mAP acc: 0.7305 | best mAR acc: 0.7926 | best Score: 0.7305 | best Score epoch: 19 
epoch 21, iter 1051: loss: 0.0080 | load time: 0.0002 | back time: 0.8318 | lr: 0.00007725 | best AP50 acc: 0.8974 | best AP70 acc: 0.7982 | best mAP acc: 0.7305 | best mAR acc: 0.7926 | best Score: 0.7305 | best Score epoch: 19 
epoch 21, iter 1101: loss: 0.0081 | load time: 0.0003 | back time: 0.8391 | lr: 0.00007714 | best AP50 acc: 0.8974 | best AP70 acc: 0.7982 | best mAP acc: 0.7305 | best mAR acc: 0.7926 | best Score: 0.7305 | best Score epoch: 19 
epoch 21, iter 1151: loss: 0.0081 | load time: 0.0004 | back time: 0.7979 | lr: 0.00007703 | best AP50 acc: 0.8974 | best AP70 acc: 0.7982 | best mAP acc: 0.7305 | best mAR acc: 0.7926 | best Score: 0.7305 | best Score epoch: 19 
UAV_SEQS_2 | mAP50:90: 45.9284 | AP50: 75.4440 | AP70: 48.8496 
UAV_SEQS_37 | mAP50:90: 86.6172 | AP50: 100.0000 | AP70: 90.2290 
UAV_SEQS_45 | mAP50:90: 92.3914 | AP50: 100.0000 | AP70: 98.4955 
UAV_SEQS_47 | mAP50:90: 88.3389 | AP50: 100.0000 | AP70: 100.0000 
UAV_SEQS_55 | mAP50:90: 39.7752 | AP50: 58.4677 | AP70: 43.7036 
UAV_SEQS_59 | mAP50:90: 72.8388 | AP50: 96.3135 | AP70: 75.6579 
UAV_SEQS_6 | mAP50:90: 63.8782 | AP50: 87.5664 | AP70: 67.0124 
UAV_SEQS_63 | mAP50:90: 52.3938 | AP50: 100.0000 | AP70: 47.4117 
UAV_SEQS_65 | mAP50:90: 76.5370 | AP50: 97.2750 | AP70: 87.4209 
UAV_SEQS_7 | mAP50:90: 90.1312 | AP50: 100.0000 | AP70: 100.0000 
UAV_SEQS_71 | mAP50:90: 76.7272 | AP50: 100.0000 | AP70: 84.6565 
UAV_SEQS_73 | mAP50:90: 64.7979 | AP50: 81.9199 | AP70: 73.3072 
UAV_SEQS_74 | mAP50:90: 91.0888 | AP50: 100.0000 | AP70: 100.0000 
UAV_SEQS_77 | mAP50:90: 37.1618 | AP50: 52.6702 | AP70: 42.8079 
UAV_SEQS_8 | mAP50:90: 96.5898 | AP50: 100.0000 | AP70: 100.0000 
Overall            | mAP50:95: 72.8491 | AP50: 90.9797 | AP70: 79.5268 
epoch 22, iter    1: loss: 0.0082 | load time: 0.0032 | back time: 0.4454 | lr: 0.00007702 | best AP50 acc: 0.8974 | best AP70 acc: 0.7982 | best mAP acc: 0.7305 | best mAR acc: 0.7926 | best Score: 0.7305 | best Score epoch: 19 
epoch 22, iter   51: loss: 0.0081 | load time: 0.0003 | back time: 0.8183 | lr: 0.00007691 | best AP50 acc: 0.8974 | best AP70 acc: 0.7982 | best mAP acc: 0.7305 | best mAR acc: 0.7926 | best Score: 0.7305 | best Score epoch: 19 
epoch 22, iter  101: loss: 0.0084 | load time: 0.0003 | back time: 0.8215 | lr: 0.00007679 | best AP50 acc: 0.8974 | best AP70 acc: 0.7982 | best mAP acc: 0.7305 | best mAR acc: 0.7926 | best Score: 0.7305 | best Score epoch: 19 
epoch 22, iter  151: loss: 0.0083 | load time: 0.0003 | back time: 0.8259 | lr: 0.00007668 | best AP50 acc: 0.8974 | best AP70 acc: 0.7982 | best mAP acc: 0.7305 | best mAR acc: 0.7926 | best Score: 0.7305 | best Score epoch: 19 
epoch 22, iter  201: loss: 0.0082 | load time: 0.0002 | back time: 0.8068 | lr: 0.00007656 | best AP50 acc: 0.8974 | best AP70 acc: 0.7982 | best mAP acc: 0.7305 | best mAR acc: 0.7926 | best Score: 0.7305 | best Score epoch: 19 
epoch 22, iter  251: loss: 0.0084 | load time: 0.0001 | back time: 0.8205 | lr: 0.00007645 | best AP50 acc: 0.8974 | best AP70 acc: 0.7982 | best mAP acc: 0.7305 | best mAR acc: 0.7926 | best Score: 0.7305 | best Score epoch: 19 
epoch 22, iter  301: loss: 0.0086 | load time: 0.0003 | back time: 0.8269 | lr: 0.00007633 | best AP50 acc: 0.8974 | best AP70 acc: 0.7982 | best mAP acc: 0.7305 | best mAR acc: 0.7926 | best Score: 0.7305 | best Score epoch: 19 
epoch 22, iter  351: loss: 0.0086 | load time: 0.0003 | back time: 0.7906 | lr: 0.00007622 | best AP50 acc: 0.8974 | best AP70 acc: 0.7982 | best mAP acc: 0.7305 | best mAR acc: 0.7926 | best Score: 0.7305 | best Score epoch: 19 
epoch 22, iter  401: loss: 0.0080 | load time: 0.0001 | back time: 0.8269 | lr: 0.00007610 | best AP50 acc: 0.8974 | best AP70 acc: 0.7982 | best mAP acc: 0.7305 | best mAR acc: 0.7926 | best Score: 0.7305 | best Score epoch: 19 
epoch 22, iter  451: loss: 0.0081 | load time: 0.0001 | back time: 0.8033 | lr: 0.00007599 | best AP50 acc: 0.8974 | best AP70 acc: 0.7982 | best mAP acc: 0.7305 | best mAR acc: 0.7926 | best Score: 0.7305 | best Score epoch: 19 
epoch 22, iter  501: loss: 0.0081 | load time: 0.0003 | back time: 0.8238 | lr: 0.00007587 | best AP50 acc: 0.8974 | best AP70 acc: 0.7982 | best mAP acc: 0.7305 | best mAR acc: 0.7926 | best Score: 0.7305 | best Score epoch: 19 
epoch 22, iter  551: loss: 0.0087 | load time: 0.0003 | back time: 0.8170 | lr: 0.00007576 | best AP50 acc: 0.8974 | best AP70 acc: 0.7982 | best mAP acc: 0.7305 | best mAR acc: 0.7926 | best Score: 0.7305 | best Score epoch: 19 
epoch 22, iter  601: loss: 0.0083 | load time: 0.0002 | back time: 0.8120 | lr: 0.00007564 | best AP50 acc: 0.8974 | best AP70 acc: 0.7982 | best mAP acc: 0.7305 | best mAR acc: 0.7926 | best Score: 0.7305 | best Score epoch: 19 
epoch 22, iter  651: loss: 0.0083 | load time: 0.0002 | back time: 0.8256 | lr: 0.00007552 | best AP50 acc: 0.8974 | best AP70 acc: 0.7982 | best mAP acc: 0.7305 | best mAR acc: 0.7926 | best Score: 0.7305 | best Score epoch: 19 
epoch 22, iter  701: loss: 0.0081 | load time: 0.0002 | back time: 0.8014 | lr: 0.00007541 | best AP50 acc: 0.8974 | best AP70 acc: 0.7982 | best mAP acc: 0.7305 | best mAR acc: 0.7926 | best Score: 0.7305 | best Score epoch: 19 
epoch 22, iter  751: loss: 0.0085 | load time: 0.0002 | back time: 0.8107 | lr: 0.00007529 | best AP50 acc: 0.8974 | best AP70 acc: 0.7982 | best mAP acc: 0.7305 | best mAR acc: 0.7926 | best Score: 0.7305 | best Score epoch: 19 
epoch 22, iter  801: loss: 0.0084 | load time: 0.0002 | back time: 0.8223 | lr: 0.00007517 | best AP50 acc: 0.8974 | best AP70 acc: 0.7982 | best mAP acc: 0.7305 | best mAR acc: 0.7926 | best Score: 0.7305 | best Score epoch: 19 
epoch 22, iter  851: loss: 0.0080 | load time: 0.0001 | back time: 0.8259 | lr: 0.00007506 | best AP50 acc: 0.8974 | best AP70 acc: 0.7982 | best mAP acc: 0.7305 | best mAR acc: 0.7926 | best Score: 0.7305 | best Score epoch: 19 
epoch 22, iter  901: loss: 0.0084 | load time: 0.0001 | back time: 0.8094 | lr: 0.00007494 | best AP50 acc: 0.8974 | best AP70 acc: 0.7982 | best mAP acc: 0.7305 | best mAR acc: 0.7926 | best Score: 0.7305 | best Score epoch: 19 
epoch 22, iter  951: loss: 0.0081 | load time: 0.0002 | back time: 0.8188 | lr: 0.00007482 | best AP50 acc: 0.8974 | best AP70 acc: 0.7982 | best mAP acc: 0.7305 | best mAR acc: 0.7926 | best Score: 0.7305 | best Score epoch: 19 
epoch 22, iter 1001: loss: 0.0085 | load time: 0.0002 | back time: 0.8235 | lr: 0.00007470 | best AP50 acc: 0.8974 | best AP70 acc: 0.7982 | best mAP acc: 0.7305 | best mAR acc: 0.7926 | best Score: 0.7305 | best Score epoch: 19 
epoch 22, iter 1051: loss: 0.0081 | load time: 0.0003 | back time: 0.7929 | lr: 0.00007459 | best AP50 acc: 0.8974 | best AP70 acc: 0.7982 | best mAP acc: 0.7305 | best mAR acc: 0.7926 | best Score: 0.7305 | best Score epoch: 19 
epoch 22, iter 1101: loss: 0.0084 | load time: 0.0002 | back time: 0.8123 | lr: 0.00007447 | best AP50 acc: 0.8974 | best AP70 acc: 0.7982 | best mAP acc: 0.7305 | best mAR acc: 0.7926 | best Score: 0.7305 | best Score epoch: 19 
epoch 22, iter 1151: loss: 0.0082 | load time: 0.0001 | back time: 0.8216 | lr: 0.00007435 | best AP50 acc: 0.8974 | best AP70 acc: 0.7982 | best mAP acc: 0.7305 | best mAR acc: 0.7926 | best Score: 0.7305 | best Score epoch: 19 
UAV_SEQS_2 | mAP50:90: 51.1915 | AP50: 78.5982 | AP70: 55.3591 
UAV_SEQS_37 | mAP50:90: 87.0608 | AP50: 100.0000 | AP70: 90.6536 
UAV_SEQS_45 | mAP50:90: 96.9412 | AP50: 100.0000 | AP70: 100.0000 
UAV_SEQS_47 | mAP50:90: 92.9087 | AP50: 100.0000 | AP70: 100.0000 
UAV_SEQS_55 | mAP50:90: 38.8685 | AP50: 63.4088 | AP70: 40.8968 
UAV_SEQS_59 | mAP50:90: 69.5125 | AP50: 96.0742 | AP70: 74.6473 
UAV_SEQS_6 | mAP50:90: 60.8840 | AP50: 87.2561 | AP70: 61.5862 
UAV_SEQS_63 | mAP50:90: 51.2545 | AP50: 100.0000 | AP70: 49.3166 
UAV_SEQS_65 | mAP50:90: 70.2487 | AP50: 96.0430 | AP70: 86.2043 
UAV_SEQS_7 | mAP50:90: 78.4288 | AP50: 100.0000 | AP70: 92.1790 
UAV_SEQS_71 | mAP50:90: 71.2625 | AP50: 93.9738 | AP70: 83.3137 
UAV_SEQS_73 | mAP50:90: 63.1509 | AP50: 83.7411 | AP70: 74.5534 
UAV_SEQS_74 | mAP50:90: 99.1750 | AP50: 100.0000 | AP70: 100.0000 
UAV_SEQS_77 | mAP50:90: 27.9234 | AP50: 46.1029 | AP70: 32.2380 
UAV_SEQS_8 | mAP50:90: 94.8753 | AP50: 100.0000 | AP70: 97.5851 
Overall            | mAP50:95: 71.6379 | AP50: 90.8909 | AP70: 77.5641 
epoch 23, iter    1: loss: 0.0087 | load time: 0.0031 | back time: 0.3431 | lr: 0.00007434 | best AP50 acc: 0.8974 | best AP70 acc: 0.7982 | best mAP acc: 0.7305 | best mAR acc: 0.7926 | best Score: 0.7305 | best Score epoch: 19 
epoch 23, iter   51: loss: 0.0086 | load time: 0.0001 | back time: 0.8083 | lr: 0.00007423 | best AP50 acc: 0.8974 | best AP70 acc: 0.7982 | best mAP acc: 0.7305 | best mAR acc: 0.7926 | best Score: 0.7305 | best Score epoch: 19 
epoch 23, iter  101: loss: 0.0082 | load time: 0.0002 | back time: 0.8197 | lr: 0.00007411 | best AP50 acc: 0.8974 | best AP70 acc: 0.7982 | best mAP acc: 0.7305 | best mAR acc: 0.7926 | best Score: 0.7305 | best Score epoch: 19 
epoch 23, iter  151: loss: 0.0082 | load time: 0.0002 | back time: 0.8238 | lr: 0.00007399 | best AP50 acc: 0.8974 | best AP70 acc: 0.7982 | best mAP acc: 0.7305 | best mAR acc: 0.7926 | best Score: 0.7305 | best Score epoch: 19 
epoch 23, iter  201: loss: 0.0083 | load time: 0.0002 | back time: 0.8099 | lr: 0.00007387 | best AP50 acc: 0.8974 | best AP70 acc: 0.7982 | best mAP acc: 0.7305 | best mAR acc: 0.7926 | best Score: 0.7305 | best Score epoch: 19 
epoch 23, iter  251: loss: 0.0082 | load time: 0.0001 | back time: 0.8187 | lr: 0.00007375 | best AP50 acc: 0.8974 | best AP70 acc: 0.7982 | best mAP acc: 0.7305 | best mAR acc: 0.7926 | best Score: 0.7305 | best Score epoch: 19 
epoch 23, iter  301: loss: 0.0081 | load time: 0.0001 | back time: 0.8251 | lr: 0.00007363 | best AP50 acc: 0.8974 | best AP70 acc: 0.7982 | best mAP acc: 0.7305 | best mAR acc: 0.7926 | best Score: 0.7305 | best Score epoch: 19 
epoch 23, iter  351: loss: 0.0080 | load time: 0.0002 | back time: 0.8247 | lr: 0.00007351 | best AP50 acc: 0.8974 | best AP70 acc: 0.7982 | best mAP acc: 0.7305 | best mAR acc: 0.7926 | best Score: 0.7305 | best Score epoch: 19 
epoch 23, iter  401: loss: 0.0083 | load time: 0.0002 | back time: 0.8253 | lr: 0.00007339 | best AP50 acc: 0.8974 | best AP70 acc: 0.7982 | best mAP acc: 0.7305 | best mAR acc: 0.7926 | best Score: 0.7305 | best Score epoch: 19 
epoch 23, iter  451: loss: 0.0084 | load time: 0.0001 | back time: 0.7898 | lr: 0.00007327 | best AP50 acc: 0.8974 | best AP70 acc: 0.7982 | best mAP acc: 0.7305 | best mAR acc: 0.7926 | best Score: 0.7305 | best Score epoch: 19 
epoch 23, iter  501: loss: 0.0083 | load time: 0.0002 | back time: 0.8234 | lr: 0.00007315 | best AP50 acc: 0.8974 | best AP70 acc: 0.7982 | best mAP acc: 0.7305 | best mAR acc: 0.7926 | best Score: 0.7305 | best Score epoch: 19 
epoch 23, iter  551: loss: 0.0081 | load time: 0.0001 | back time: 0.8258 | lr: 0.00007303 | best AP50 acc: 0.8974 | best AP70 acc: 0.7982 | best mAP acc: 0.7305 | best mAR acc: 0.7926 | best Score: 0.7305 | best Score epoch: 19 
epoch 23, iter  601: loss: 0.0083 | load time: 0.0002 | back time: 0.8231 | lr: 0.00007291 | best AP50 acc: 0.8974 | best AP70 acc: 0.7982 | best mAP acc: 0.7305 | best mAR acc: 0.7926 | best Score: 0.7305 | best Score epoch: 19 
epoch 23, iter  651: loss: 0.0082 | load time: 0.0001 | back time: 0.8246 | lr: 0.00007279 | best AP50 acc: 0.8974 | best AP70 acc: 0.7982 | best mAP acc: 0.7305 | best mAR acc: 0.7926 | best Score: 0.7305 | best Score epoch: 19 
epoch 23, iter  701: loss: 0.0083 | load time: 0.0001 | back time: 0.8411 | lr: 0.00007267 | best AP50 acc: 0.8974 | best AP70 acc: 0.7982 | best mAP acc: 0.7305 | best mAR acc: 0.7926 | best Score: 0.7305 | best Score epoch: 19 
epoch 23, iter  751: loss: 0.0083 | load time: 0.0003 | back time: 0.8289 | lr: 0.00007255 | best AP50 acc: 0.8974 | best AP70 acc: 0.7982 | best mAP acc: 0.7305 | best mAR acc: 0.7926 | best Score: 0.7305 | best Score epoch: 19 
epoch 23, iter  801: loss: 0.0081 | load time: 0.0002 | back time: 0.7952 | lr: 0.00007243 | best AP50 acc: 0.8974 | best AP70 acc: 0.7982 | best mAP acc: 0.7305 | best mAR acc: 0.7926 | best Score: 0.7305 | best Score epoch: 19 
epoch 23, iter  851: loss: 0.0084 | load time: 0.0002 | back time: 0.8236 | lr: 0.00007231 | best AP50 acc: 0.8974 | best AP70 acc: 0.7982 | best mAP acc: 0.7305 | best mAR acc: 0.7926 | best Score: 0.7305 | best Score epoch: 19 
epoch 23, iter  901: loss: 0.0080 | load time: 0.0003 | back time: 0.8179 | lr: 0.00007219 | best AP50 acc: 0.8974 | best AP70 acc: 0.7982 | best mAP acc: 0.7305 | best mAR acc: 0.7926 | best Score: 0.7305 | best Score epoch: 19 
epoch 23, iter  951: loss: 0.0082 | load time: 0.0002 | back time: 0.8194 | lr: 0.00007207 | best AP50 acc: 0.8974 | best AP70 acc: 0.7982 | best mAP acc: 0.7305 | best mAR acc: 0.7926 | best Score: 0.7305 | best Score epoch: 19 
epoch 23, iter 1001: loss: 0.0082 | load time: 0.0003 | back time: 0.7998 | lr: 0.00007194 | best AP50 acc: 0.8974 | best AP70 acc: 0.7982 | best mAP acc: 0.7305 | best mAR acc: 0.7926 | best Score: 0.7305 | best Score epoch: 19 
epoch 23, iter 1051: loss: 0.0081 | load time: 0.0003 | back time: 0.8142 | lr: 0.00007182 | best AP50 acc: 0.8974 | best AP70 acc: 0.7982 | best mAP acc: 0.7305 | best mAR acc: 0.7926 | best Score: 0.7305 | best Score epoch: 19 
epoch 23, iter 1101: loss: 0.0082 | load time: 0.0002 | back time: 0.8254 | lr: 0.00007170 | best AP50 acc: 0.8974 | best AP70 acc: 0.7982 | best mAP acc: 0.7305 | best mAR acc: 0.7926 | best Score: 0.7305 | best Score epoch: 19 
epoch 23, iter 1151: loss: 0.0081 | load time: 0.0004 | back time: 0.8243 | lr: 0.00007158 | best AP50 acc: 0.8974 | best AP70 acc: 0.7982 | best mAP acc: 0.7305 | best mAR acc: 0.7926 | best Score: 0.7305 | best Score epoch: 19 
UAV_SEQS_2 | mAP50:90: 48.4130 | AP50: 81.8587 | AP70: 49.9546 
UAV_SEQS_37 | mAP50:90: 82.4827 | AP50: 100.0000 | AP70: 85.9682 
UAV_SEQS_45 | mAP50:90: 94.9421 | AP50: 100.0000 | AP70: 100.0000 
UAV_SEQS_47 | mAP50:90: 93.2439 | AP50: 100.0000 | AP70: 100.0000 
UAV_SEQS_55 | mAP50:90: 40.5451 | AP50: 60.7577 | AP70: 48.2402 
UAV_SEQS_59 | mAP50:90: 68.7792 | AP50: 96.6981 | AP70: 74.6316 
UAV_SEQS_6 | mAP50:90: 62.0854 | AP50: 80.6094 | AP70: 65.6440 
UAV_SEQS_63 | mAP50:90: 53.8239 | AP50: 100.0000 | AP70: 52.9358 
UAV_SEQS_65 | mAP50:90: 79.3008 | AP50: 96.1910 | AP70: 90.3103 
UAV_SEQS_7 | mAP50:90: 69.6366 | AP50: 100.0000 | AP70: 87.7831 
UAV_SEQS_71 | mAP50:90: 75.7867 | AP50: 98.4349 | AP70: 83.5373 
UAV_SEQS_73 | mAP50:90: 69.5628 | AP50: 86.1818 | AP70: 75.0950 
UAV_SEQS_74 | mAP50:90: 99.8852 | AP50: 100.0000 | AP70: 100.0000 
UAV_SEQS_77 | mAP50:90: 20.4700 | AP50: 33.6868 | AP70: 23.2478 
UAV_SEQS_8 | mAP50:90: 97.3293 | AP50: 100.0000 | AP70: 100.0000 
Overall            | mAP50:95: 71.8935 | AP50: 90.0446 | AP70: 78.0801 
epoch 24, iter    1: loss: 0.0084 | load time: 0.0035 | back time: 0.3744 | lr: 0.00007157 | best AP50 acc: 0.8974 | best AP70 acc: 0.7982 | best mAP acc: 0.7305 | best mAR acc: 0.7926 | best Score: 0.7305 | best Score epoch: 19 
epoch 24, iter   51: loss: 0.0083 | load time: 0.0002 | back time: 0.7906 | lr: 0.00007145 | best AP50 acc: 0.8974 | best AP70 acc: 0.7982 | best mAP acc: 0.7305 | best mAR acc: 0.7926 | best Score: 0.7305 | best Score epoch: 19 
epoch 24, iter  101: loss: 0.0082 | load time: 0.0001 | back time: 0.8183 | lr: 0.00007133 | best AP50 acc: 0.8974 | best AP70 acc: 0.7982 | best mAP acc: 0.7305 | best mAR acc: 0.7926 | best Score: 0.7305 | best Score epoch: 19 
epoch 24, iter  151: loss: 0.0081 | load time: 0.0002 | back time: 0.8266 | lr: 0.00007121 | best AP50 acc: 0.8974 | best AP70 acc: 0.7982 | best mAP acc: 0.7305 | best mAR acc: 0.7926 | best Score: 0.7305 | best Score epoch: 19 
epoch 24, iter  201: loss: 0.0081 | load time: 0.0001 | back time: 0.8047 | lr: 0.00007108 | best AP50 acc: 0.8974 | best AP70 acc: 0.7982 | best mAP acc: 0.7305 | best mAR acc: 0.7926 | best Score: 0.7305 | best Score epoch: 19 
epoch 24, iter  251: loss: 0.0084 | load time: 0.0001 | back time: 0.8175 | lr: 0.00007096 | best AP50 acc: 0.8974 | best AP70 acc: 0.7982 | best mAP acc: 0.7305 | best mAR acc: 0.7926 | best Score: 0.7305 | best Score epoch: 19 
epoch 24, iter  301: loss: 0.0082 | load time: 0.0002 | back time: 0.8218 | lr: 0.00007084 | best AP50 acc: 0.8974 | best AP70 acc: 0.7982 | best mAP acc: 0.7305 | best mAR acc: 0.7926 | best Score: 0.7305 | best Score epoch: 19 
epoch 24, iter  351: loss: 0.0081 | load time: 0.0001 | back time: 0.8243 | lr: 0.00007071 | best AP50 acc: 0.8974 | best AP70 acc: 0.7982 | best mAP acc: 0.7305 | best mAR acc: 0.7926 | best Score: 0.7305 | best Score epoch: 19 
epoch 24, iter  401: loss: 0.0083 | load time: 0.0001 | back time: 0.8006 | lr: 0.00007059 | best AP50 acc: 0.8974 | best AP70 acc: 0.7982 | best mAP acc: 0.7305 | best mAR acc: 0.7926 | best Score: 0.7305 | best Score epoch: 19 
epoch 24, iter  451: loss: 0.0083 | load time: 0.0002 | back time: 0.8177 | lr: 0.00007047 | best AP50 acc: 0.8974 | best AP70 acc: 0.7982 | best mAP acc: 0.7305 | best mAR acc: 0.7926 | best Score: 0.7305 | best Score epoch: 19 
epoch 24, iter  501: loss: 0.0086 | load time: 0.0001 | back time: 0.8254 | lr: 0.00007034 | best AP50 acc: 0.8974 | best AP70 acc: 0.7982 | best mAP acc: 0.7305 | best mAR acc: 0.7926 | best Score: 0.7305 | best Score epoch: 19 
epoch 24, iter  551: loss: 0.0083 | load time: 0.0002 | back time: 0.8254 | lr: 0.00007022 | best AP50 acc: 0.8974 | best AP70 acc: 0.7982 | best mAP acc: 0.7305 | best mAR acc: 0.7926 | best Score: 0.7305 | best Score epoch: 19 
epoch 24, iter  601: loss: 0.0082 | load time: 0.0002 | back time: 0.8064 | lr: 0.00007010 | best AP50 acc: 0.8974 | best AP70 acc: 0.7982 | best mAP acc: 0.7305 | best mAR acc: 0.7926 | best Score: 0.7305 | best Score epoch: 19 
epoch 24, iter  651: loss: 0.0084 | load time: 0.0002 | back time: 0.8200 | lr: 0.00006997 | best AP50 acc: 0.8974 | best AP70 acc: 0.7982 | best mAP acc: 0.7305 | best mAR acc: 0.7926 | best Score: 0.7305 | best Score epoch: 19 
epoch 24, iter  701: loss: 0.0083 | load time: 0.0003 | back time: 0.8230 | lr: 0.00006985 | best AP50 acc: 0.8974 | best AP70 acc: 0.7982 | best mAP acc: 0.7305 | best mAR acc: 0.7926 | best Score: 0.7305 | best Score epoch: 19 
epoch 24, iter  751: loss: 0.0081 | load time: 0.0002 | back time: 0.7925 | lr: 0.00006972 | best AP50 acc: 0.8974 | best AP70 acc: 0.7982 | best mAP acc: 0.7305 | best mAR acc: 0.7926 | best Score: 0.7305 | best Score epoch: 19 
epoch 24, iter  801: loss: 0.0084 | load time: 0.0002 | back time: 0.8197 | lr: 0.00006960 | best AP50 acc: 0.8974 | best AP70 acc: 0.7982 | best mAP acc: 0.7305 | best mAR acc: 0.7926 | best Score: 0.7305 | best Score epoch: 19 
epoch 24, iter  851: loss: 0.0083 | load time: 0.0001 | back time: 0.8354 | lr: 0.00006948 | best AP50 acc: 0.8974 | best AP70 acc: 0.7982 | best mAP acc: 0.7305 | best mAR acc: 0.7926 | best Score: 0.7305 | best Score epoch: 19 
epoch 24, iter  901: loss: 0.0084 | load time: 0.0002 | back time: 0.8262 | lr: 0.00006935 | best AP50 acc: 0.8974 | best AP70 acc: 0.7982 | best mAP acc: 0.7305 | best mAR acc: 0.7926 | best Score: 0.7305 | best Score epoch: 19 
epoch 24, iter  951: loss: 0.0084 | load time: 0.0001 | back time: 0.8116 | lr: 0.00006923 | best AP50 acc: 0.8974 | best AP70 acc: 0.7982 | best mAP acc: 0.7305 | best mAR acc: 0.7926 | best Score: 0.7305 | best Score epoch: 19 
epoch 24, iter 1001: loss: 0.0097 | load time: 0.0002 | back time: 0.8243 | lr: 0.00006910 | best AP50 acc: 0.8974 | best AP70 acc: 0.7982 | best mAP acc: 0.7305 | best mAR acc: 0.7926 | best Score: 0.7305 | best Score epoch: 19 
epoch 24, iter 1051: loss: 0.0084 | load time: 0.0003 | back time: 0.8180 | lr: 0.00006898 | best AP50 acc: 0.8974 | best AP70 acc: 0.7982 | best mAP acc: 0.7305 | best mAR acc: 0.7926 | best Score: 0.7305 | best Score epoch: 19 
epoch 24, iter 1101: loss: 0.0083 | load time: 0.0003 | back time: 0.8229 | lr: 0.00006885 | best AP50 acc: 0.8974 | best AP70 acc: 0.7982 | best mAP acc: 0.7305 | best mAR acc: 0.7926 | best Score: 0.7305 | best Score epoch: 19 
epoch 24, iter 1151: loss: 0.0085 | load time: 0.0001 | back time: 0.8231 | lr: 0.00006872 | best AP50 acc: 0.8974 | best AP70 acc: 0.7982 | best mAP acc: 0.7305 | best mAR acc: 0.7926 | best Score: 0.7305 | best Score epoch: 19 
UAV_SEQS_2 | mAP50:90: 37.0077 | AP50: 63.5505 | AP70: 34.7675 
UAV_SEQS_37 | mAP50:90: 86.1338 | AP50: 100.0000 | AP70: 92.0213 
UAV_SEQS_45 | mAP50:90: 95.0505 | AP50: 100.0000 | AP70: 100.0000 
UAV_SEQS_47 | mAP50:90: 94.8623 | AP50: 100.0000 | AP70: 100.0000 
UAV_SEQS_55 | mAP50:90: 41.7851 | AP50: 67.4507 | AP70: 45.8918 
UAV_SEQS_59 | mAP50:90: 70.7334 | AP50: 95.1615 | AP70: 80.2361 
UAV_SEQS_6 | mAP50:90: 62.7833 | AP50: 82.7459 | AP70: 66.8878 
UAV_SEQS_63 | mAP50:90: 33.2965 | AP50: 93.1093 | AP70: 12.1287 
UAV_SEQS_65 | mAP50:90: 75.4838 | AP50: 93.2477 | AP70: 90.4700 
UAV_SEQS_7 | mAP50:90: 77.8687 | AP50: 100.0000 | AP70: 89.3911 
UAV_SEQS_71 | mAP50:90: 76.4415 | AP50: 97.7455 | AP70: 81.9043 
UAV_SEQS_73 | mAP50:90: 63.3516 | AP50: 86.2919 | AP70: 69.5985 
UAV_SEQS_74 | mAP50:90: 99.6158 | AP50: 100.0000 | AP70: 100.0000 
UAV_SEQS_77 | mAP50:90: 27.3503 | AP50: 45.8672 | AP70: 33.8238 
UAV_SEQS_8 | mAP50:90: 93.1439 | AP50: 100.0000 | AP70: 97.1446 
Overall            | mAP50:95: 70.7301 | AP50: 89.8898 | AP70: 75.5805 
epoch 25, iter    1: loss: 0.0080 | load time: 0.0050 | back time: 0.5644 | lr: 0.00006872 | best AP50 acc: 0.8974 | best AP70 acc: 0.7982 | best mAP acc: 0.7305 | best mAR acc: 0.7926 | best Score: 0.7305 | best Score epoch: 19 
epoch 25, iter   51: loss: 0.0084 | load time: 0.0002 | back time: 0.8174 | lr: 0.00006859 | best AP50 acc: 0.8974 | best AP70 acc: 0.7982 | best mAP acc: 0.7305 | best mAR acc: 0.7926 | best Score: 0.7305 | best Score epoch: 19 
epoch 25, iter  101: loss: 0.0080 | load time: 0.0001 | back time: 0.8189 | lr: 0.00006847 | best AP50 acc: 0.8974 | best AP70 acc: 0.7982 | best mAP acc: 0.7305 | best mAR acc: 0.7926 | best Score: 0.7305 | best Score epoch: 19 
epoch 25, iter  151: loss: 0.0080 | load time: 0.0001 | back time: 0.8270 | lr: 0.00006834 | best AP50 acc: 0.8974 | best AP70 acc: 0.7982 | best mAP acc: 0.7305 | best mAR acc: 0.7926 | best Score: 0.7305 | best Score epoch: 19 
epoch 25, iter  201: loss: 0.0085 | load time: 0.0001 | back time: 0.7954 | lr: 0.00006822 | best AP50 acc: 0.8974 | best AP70 acc: 0.7982 | best mAP acc: 0.7305 | best mAR acc: 0.7926 | best Score: 0.7305 | best Score epoch: 19 
epoch 25, iter  251: loss: 0.0083 | load time: 0.0001 | back time: 0.8272 | lr: 0.00006809 | best AP50 acc: 0.8974 | best AP70 acc: 0.7982 | best mAP acc: 0.7305 | best mAR acc: 0.7926 | best Score: 0.7305 | best Score epoch: 19 
epoch 25, iter  301: loss: 0.0082 | load time: 0.0001 | back time: 0.8245 | lr: 0.00006796 | best AP50 acc: 0.8974 | best AP70 acc: 0.7982 | best mAP acc: 0.7305 | best mAR acc: 0.7926 | best Score: 0.7305 | best Score epoch: 19 
epoch 25, iter  351: loss: 0.0078 | load time: 0.0001 | back time: 0.8252 | lr: 0.00006784 | best AP50 acc: 0.8974 | best AP70 acc: 0.7982 | best mAP acc: 0.7305 | best mAR acc: 0.7926 | best Score: 0.7305 | best Score epoch: 19 
epoch 25, iter  401: loss: 0.0082 | load time: 0.0002 | back time: 0.8102 | lr: 0.00006771 | best AP50 acc: 0.8974 | best AP70 acc: 0.7982 | best mAP acc: 0.7305 | best mAR acc: 0.7926 | best Score: 0.7305 | best Score epoch: 19 
epoch 25, iter  451: loss: 0.0084 | load time: 0.0003 | back time: 0.8210 | lr: 0.00006758 | best AP50 acc: 0.8974 | best AP70 acc: 0.7982 | best mAP acc: 0.7305 | best mAR acc: 0.7926 | best Score: 0.7305 | best Score epoch: 19 
epoch 25, iter  501: loss: 0.0080 | load time: 0.0002 | back time: 0.8270 | lr: 0.00006746 | best AP50 acc: 0.8974 | best AP70 acc: 0.7982 | best mAP acc: 0.7305 | best mAR acc: 0.7926 | best Score: 0.7305 | best Score epoch: 19 
epoch 25, iter  551: loss: 0.0081 | load time: 0.0002 | back time: 0.8191 | lr: 0.00006733 | best AP50 acc: 0.8974 | best AP70 acc: 0.7982 | best mAP acc: 0.7305 | best mAR acc: 0.7926 | best Score: 0.7305 | best Score epoch: 19 
epoch 25, iter  601: loss: 0.0083 | load time: 0.0003 | back time: 0.8270 | lr: 0.00006720 | best AP50 acc: 0.8974 | best AP70 acc: 0.7982 | best mAP acc: 0.7305 | best mAR acc: 0.7926 | best Score: 0.7305 | best Score epoch: 19 
epoch 25, iter  651: loss: 0.0081 | load time: 0.0002 | back time: 0.8291 | lr: 0.00006708 | best AP50 acc: 0.8974 | best AP70 acc: 0.7982 | best mAP acc: 0.7305 | best mAR acc: 0.7926 | best Score: 0.7305 | best Score epoch: 19 
epoch 25, iter  701: loss: 0.0081 | load time: 0.0002 | back time: 0.8395 | lr: 0.00006695 | best AP50 acc: 0.8974 | best AP70 acc: 0.7982 | best mAP acc: 0.7305 | best mAR acc: 0.7926 | best Score: 0.7305 | best Score epoch: 19 
epoch 25, iter  751: loss: 0.0080 | load time: 0.0002 | back time: 0.8252 | lr: 0.00006682 | best AP50 acc: 0.8974 | best AP70 acc: 0.7982 | best mAP acc: 0.7305 | best mAR acc: 0.7926 | best Score: 0.7305 | best Score epoch: 19 
epoch 25, iter  801: loss: 0.0082 | load time: 0.0003 | back time: 0.8256 | lr: 0.00006669 | best AP50 acc: 0.8974 | best AP70 acc: 0.7982 | best mAP acc: 0.7305 | best mAR acc: 0.7926 | best Score: 0.7305 | best Score epoch: 19 
epoch 25, iter  851: loss: 0.0081 | load time: 0.0002 | back time: 0.8288 | lr: 0.00006657 | best AP50 acc: 0.8974 | best AP70 acc: 0.7982 | best mAP acc: 0.7305 | best mAR acc: 0.7926 | best Score: 0.7305 | best Score epoch: 19 
epoch 25, iter  901: loss: 0.0083 | load time: 0.0002 | back time: 0.8293 | lr: 0.00006644 | best AP50 acc: 0.8974 | best AP70 acc: 0.7982 | best mAP acc: 0.7305 | best mAR acc: 0.7926 | best Score: 0.7305 | best Score epoch: 19 
epoch 25, iter  951: loss: 0.0080 | load time: 0.0002 | back time: 0.8361 | lr: 0.00006631 | best AP50 acc: 0.8974 | best AP70 acc: 0.7982 | best mAP acc: 0.7305 | best mAR acc: 0.7926 | best Score: 0.7305 | best Score epoch: 19 
epoch 25, iter 1001: loss: 0.0082 | load time: 0.0002 | back time: 0.8403 | lr: 0.00006618 | best AP50 acc: 0.8974 | best AP70 acc: 0.7982 | best mAP acc: 0.7305 | best mAR acc: 0.7926 | best Score: 0.7305 | best Score epoch: 19 
epoch 25, iter 1051: loss: 0.0081 | load time: 0.0002 | back time: 0.8271 | lr: 0.00006606 | best AP50 acc: 0.8974 | best AP70 acc: 0.7982 | best mAP acc: 0.7305 | best mAR acc: 0.7926 | best Score: 0.7305 | best Score epoch: 19 
epoch 25, iter 1101: loss: 0.0081 | load time: 0.0002 | back time: 0.8276 | lr: 0.00006593 | best AP50 acc: 0.8974 | best AP70 acc: 0.7982 | best mAP acc: 0.7305 | best mAR acc: 0.7926 | best Score: 0.7305 | best Score epoch: 19 
epoch 25, iter 1151: loss: 0.0083 | load time: 0.0001 | back time: 0.8191 | lr: 0.00006580 | best AP50 acc: 0.8974 | best AP70 acc: 0.7982 | best mAP acc: 0.7305 | best mAR acc: 0.7926 | best Score: 0.7305 | best Score epoch: 19 
UAV_SEQS_2 | mAP50:90: 43.0205 | AP50: 68.6112 | AP70: 43.9805 
UAV_SEQS_37 | mAP50:90: 88.4437 | AP50: 100.0000 | AP70: 93.0096 
UAV_SEQS_45 | mAP50:90: 93.9925 | AP50: 100.0000 | AP70: 100.0000 
UAV_SEQS_47 | mAP50:90: 90.9502 | AP50: 100.0000 | AP70: 100.0000 
UAV_SEQS_55 | mAP50:90: 41.0926 | AP50: 61.8029 | AP70: 45.7372 
UAV_SEQS_59 | mAP50:90: 66.2660 | AP50: 96.2050 | AP70: 76.9474 
UAV_SEQS_6 | mAP50:90: 58.4723 | AP50: 79.4660 | AP70: 58.7966 
UAV_SEQS_63 | mAP50:90: 68.2107 | AP50: 100.0000 | AP70: 86.0101 
UAV_SEQS_65 | mAP50:90: 74.8517 | AP50: 96.3358 | AP70: 91.4655 
UAV_SEQS_7 | mAP50:90: 62.7442 | AP50: 98.0198 | AP70: 69.9360 
UAV_SEQS_71 | mAP50:90: 70.6280 | AP50: 95.7401 | AP70: 77.3624 
UAV_SEQS_73 | mAP50:90: 65.5009 | AP50: 88.5972 | AP70: 78.4248 
UAV_SEQS_74 | mAP50:90: 91.7565 | AP50: 100.0000 | AP70: 100.0000 
UAV_SEQS_77 | mAP50:90: 19.4456 | AP50: 38.0140 | AP70: 20.3127 
UAV_SEQS_8 | mAP50:90: 81.9438 | AP50: 100.0000 | AP70: 90.0914 
Overall            | mAP50:95: 69.5633 | AP50: 88.9885 | AP70: 78.1799 
epoch 26, iter    1: loss: 0.0083 | load time: 0.0074 | back time: 0.4897 | lr: 0.00006579 | best AP50 acc: 0.8974 | best AP70 acc: 0.7982 | best mAP acc: 0.7305 | best mAR acc: 0.7926 | best Score: 0.7305 | best Score epoch: 19 
epoch 26, iter   51: loss: 0.0081 | load time: 0.0003 | back time: 0.8144 | lr: 0.00006567 | best AP50 acc: 0.8974 | best AP70 acc: 0.7982 | best mAP acc: 0.7305 | best mAR acc: 0.7926 | best Score: 0.7305 | best Score epoch: 19 
epoch 26, iter  101: loss: 0.0080 | load time: 0.0002 | back time: 0.8292 | lr: 0.00006554 | best AP50 acc: 0.8974 | best AP70 acc: 0.7982 | best mAP acc: 0.7305 | best mAR acc: 0.7926 | best Score: 0.7305 | best Score epoch: 19 
epoch 26, iter  151: loss: 0.0080 | load time: 0.0001 | back time: 0.8301 | lr: 0.00006541 | best AP50 acc: 0.8974 | best AP70 acc: 0.7982 | best mAP acc: 0.7305 | best mAR acc: 0.7926 | best Score: 0.7305 | best Score epoch: 19 
epoch 26, iter  201: loss: 0.0082 | load time: 0.0003 | back time: 0.8338 | lr: 0.00006528 | best AP50 acc: 0.8974 | best AP70 acc: 0.7982 | best mAP acc: 0.7305 | best mAR acc: 0.7926 | best Score: 0.7305 | best Score epoch: 19 
epoch 26, iter  251: loss: 0.0079 | load time: 0.0002 | back time: 0.8278 | lr: 0.00006515 | best AP50 acc: 0.8974 | best AP70 acc: 0.7982 | best mAP acc: 0.7305 | best mAR acc: 0.7926 | best Score: 0.7305 | best Score epoch: 19 
epoch 26, iter  301: loss: 0.0083 | load time: 0.0002 | back time: 0.8278 | lr: 0.00006502 | best AP50 acc: 0.8974 | best AP70 acc: 0.7982 | best mAP acc: 0.7305 | best mAR acc: 0.7926 | best Score: 0.7305 | best Score epoch: 19 
epoch 26, iter  351: loss: 0.0082 | load time: 0.0002 | back time: 0.8292 | lr: 0.00006489 | best AP50 acc: 0.8974 | best AP70 acc: 0.7982 | best mAP acc: 0.7305 | best mAR acc: 0.7926 | best Score: 0.7305 | best Score epoch: 19 
epoch 26, iter  401: loss: 0.0081 | load time: 0.0002 | back time: 0.8344 | lr: 0.00006476 | best AP50 acc: 0.8974 | best AP70 acc: 0.7982 | best mAP acc: 0.7305 | best mAR acc: 0.7926 | best Score: 0.7305 | best Score epoch: 19 
epoch 26, iter  451: loss: 0.0081 | load time: 0.0003 | back time: 0.8375 | lr: 0.00006463 | best AP50 acc: 0.8974 | best AP70 acc: 0.7982 | best mAP acc: 0.7305 | best mAR acc: 0.7926 | best Score: 0.7305 | best Score epoch: 19 
epoch 26, iter  501: loss: 0.0080 | load time: 0.0001 | back time: 0.8305 | lr: 0.00006450 | best AP50 acc: 0.8974 | best AP70 acc: 0.7982 | best mAP acc: 0.7305 | best mAR acc: 0.7926 | best Score: 0.7305 | best Score epoch: 19 
epoch 26, iter  551: loss: 0.0080 | load time: 0.0002 | back time: 0.8311 | lr: 0.00006437 | best AP50 acc: 0.8974 | best AP70 acc: 0.7982 | best mAP acc: 0.7305 | best mAR acc: 0.7926 | best Score: 0.7305 | best Score epoch: 19 
epoch 26, iter  601: loss: 0.0082 | load time: 0.0002 | back time: 0.8276 | lr: 0.00006425 | best AP50 acc: 0.8974 | best AP70 acc: 0.7982 | best mAP acc: 0.7305 | best mAR acc: 0.7926 | best Score: 0.7305 | best Score epoch: 19 
epoch 26, iter  651: loss: 0.0085 | load time: 0.0002 | back time: 0.8296 | lr: 0.00006412 | best AP50 acc: 0.8974 | best AP70 acc: 0.7982 | best mAP acc: 0.7305 | best mAR acc: 0.7926 | best Score: 0.7305 | best Score epoch: 19 
epoch 26, iter  701: loss: 0.0081 | load time: 0.0002 | back time: 0.8288 | lr: 0.00006399 | best AP50 acc: 0.8974 | best AP70 acc: 0.7982 | best mAP acc: 0.7305 | best mAR acc: 0.7926 | best Score: 0.7305 | best Score epoch: 19 
epoch 26, iter  751: loss: 0.0081 | load time: 0.0004 | back time: 0.8278 | lr: 0.00006386 | best AP50 acc: 0.8974 | best AP70 acc: 0.7982 | best mAP acc: 0.7305 | best mAR acc: 0.7926 | best Score: 0.7305 | best Score epoch: 19 
epoch 26, iter  801: loss: 0.0080 | load time: 0.0002 | back time: 0.8286 | lr: 0.00006373 | best AP50 acc: 0.8974 | best AP70 acc: 0.7982 | best mAP acc: 0.7305 | best mAR acc: 0.7926 | best Score: 0.7305 | best Score epoch: 19 
epoch 26, iter  851: loss: 0.0083 | load time: 0.0002 | back time: 0.8279 | lr: 0.00006360 | best AP50 acc: 0.8974 | best AP70 acc: 0.7982 | best mAP acc: 0.7305 | best mAR acc: 0.7926 | best Score: 0.7305 | best Score epoch: 19 
epoch 26, iter  901: loss: 0.0082 | load time: 0.0002 | back time: 0.8294 | lr: 0.00006347 | best AP50 acc: 0.8974 | best AP70 acc: 0.7982 | best mAP acc: 0.7305 | best mAR acc: 0.7926 | best Score: 0.7305 | best Score epoch: 19 
epoch 26, iter  951: loss: 0.0081 | load time: 0.0003 | back time: 0.8312 | lr: 0.00006334 | best AP50 acc: 0.8974 | best AP70 acc: 0.7982 | best mAP acc: 0.7305 | best mAR acc: 0.7926 | best Score: 0.7305 | best Score epoch: 19 
epoch 26, iter 1001: loss: 0.0082 | load time: 0.0002 | back time: 0.8296 | lr: 0.00006320 | best AP50 acc: 0.8974 | best AP70 acc: 0.7982 | best mAP acc: 0.7305 | best mAR acc: 0.7926 | best Score: 0.7305 | best Score epoch: 19 
epoch 26, iter 1051: loss: 0.0081 | load time: 0.0002 | back time: 0.8298 | lr: 0.00006307 | best AP50 acc: 0.8974 | best AP70 acc: 0.7982 | best mAP acc: 0.7305 | best mAR acc: 0.7926 | best Score: 0.7305 | best Score epoch: 19 
epoch 26, iter 1101: loss: 0.0085 | load time: 0.0003 | back time: 0.8339 | lr: 0.00006294 | best AP50 acc: 0.8974 | best AP70 acc: 0.7982 | best mAP acc: 0.7305 | best mAR acc: 0.7926 | best Score: 0.7305 | best Score epoch: 19 
epoch 26, iter 1151: loss: 0.0082 | load time: 0.0001 | back time: 0.8416 | lr: 0.00006281 | best AP50 acc: 0.8974 | best AP70 acc: 0.7982 | best mAP acc: 0.7305 | best mAR acc: 0.7926 | best Score: 0.7305 | best Score epoch: 19 
UAV_SEQS_2 | mAP50:90: 39.4662 | AP50: 70.8149 | AP70: 37.0317 
UAV_SEQS_37 | mAP50:90: 81.8900 | AP50: 100.0000 | AP70: 83.3707 
UAV_SEQS_45 | mAP50:90: 92.8721 | AP50: 100.0000 | AP70: 98.8647 
UAV_SEQS_47 | mAP50:90: 91.0274 | AP50: 100.0000 | AP70: 100.0000 
UAV_SEQS_55 | mAP50:90: 41.1714 | AP50: 60.8538 | AP70: 44.2688 
UAV_SEQS_59 | mAP50:90: 70.2722 | AP50: 96.4813 | AP70: 76.2314 
UAV_SEQS_6 | mAP50:90: 69.0935 | AP50: 90.3842 | AP70: 72.6472 
UAV_SEQS_63 | mAP50:90: 70.5735 | AP50: 100.0000 | AP70: 80.4572 
UAV_SEQS_65 | mAP50:90: 74.7619 | AP50: 97.4152 | AP70: 89.0631 
UAV_SEQS_7 | mAP50:90: 88.1240 | AP50: 100.0000 | AP70: 96.4094 
UAV_SEQS_71 | mAP50:90: 75.6732 | AP50: 97.1781 | AP70: 81.6204 
UAV_SEQS_73 | mAP50:90: 68.7505 | AP50: 86.4936 | AP70: 78.4078 
UAV_SEQS_74 | mAP50:90: 97.0211 | AP50: 100.0000 | AP70: 100.0000 
UAV_SEQS_77 | mAP50:90: 30.9504 | AP50: 51.1466 | AP70: 35.3120 
UAV_SEQS_8 | mAP50:90: 92.5019 | AP50: 100.0000 | AP70: 97.7047 
Overall            | mAP50:95: 73.5503 | AP50: 90.8925 | AP70: 80.0400 
epoch 27, iter    1: loss: 0.0082 | load time: 0.0040 | back time: 0.3552 | lr: 0.00006281 | best AP50 acc: 0.9089 | best AP70 acc: 0.8004 | best mAP acc: 0.7355 | best mAR acc: 0.7975 | best Score: 0.7355 | best Score epoch: 26 
epoch 27, iter   51: loss: 0.0082 | load time: 0.0002 | back time: 0.8072 | lr: 0.00006268 | best AP50 acc: 0.9089 | best AP70 acc: 0.8004 | best mAP acc: 0.7355 | best mAR acc: 0.7975 | best Score: 0.7355 | best Score epoch: 26 
epoch 27, iter  101: loss: 0.0081 | load time: 0.0002 | back time: 0.8147 | lr: 0.00006255 | best AP50 acc: 0.9089 | best AP70 acc: 0.8004 | best mAP acc: 0.7355 | best mAR acc: 0.7975 | best Score: 0.7355 | best Score epoch: 26 
epoch 27, iter  151: loss: 0.0080 | load time: 0.0002 | back time: 0.8111 | lr: 0.00006241 | best AP50 acc: 0.9089 | best AP70 acc: 0.8004 | best mAP acc: 0.7355 | best mAR acc: 0.7975 | best Score: 0.7355 | best Score epoch: 26 
epoch 27, iter  201: loss: 0.0080 | load time: 0.0003 | back time: 0.8259 | lr: 0.00006228 | best AP50 acc: 0.9089 | best AP70 acc: 0.8004 | best mAP acc: 0.7355 | best mAR acc: 0.7975 | best Score: 0.7355 | best Score epoch: 26 
epoch 27, iter  251: loss: 0.0081 | load time: 0.0002 | back time: 0.8286 | lr: 0.00006215 | best AP50 acc: 0.9089 | best AP70 acc: 0.8004 | best mAP acc: 0.7355 | best mAR acc: 0.7975 | best Score: 0.7355 | best Score epoch: 26 
epoch 27, iter  301: loss: 0.0082 | load time: 0.0002 | back time: 0.8020 | lr: 0.00006202 | best AP50 acc: 0.9089 | best AP70 acc: 0.8004 | best mAP acc: 0.7355 | best mAR acc: 0.7975 | best Score: 0.7355 | best Score epoch: 26 
epoch 27, iter  351: loss: 0.0082 | load time: 0.0001 | back time: 0.8170 | lr: 0.00006189 | best AP50 acc: 0.9089 | best AP70 acc: 0.8004 | best mAP acc: 0.7355 | best mAR acc: 0.7975 | best Score: 0.7355 | best Score epoch: 26 
epoch 27, iter  401: loss: 0.0081 | load time: 0.0002 | back time: 0.8235 | lr: 0.00006176 | best AP50 acc: 0.9089 | best AP70 acc: 0.8004 | best mAP acc: 0.7355 | best mAR acc: 0.7975 | best Score: 0.7355 | best Score epoch: 26 
epoch 27, iter  451: loss: 0.0080 | load time: 0.0002 | back time: 0.8196 | lr: 0.00006163 | best AP50 acc: 0.9089 | best AP70 acc: 0.8004 | best mAP acc: 0.7355 | best mAR acc: 0.7975 | best Score: 0.7355 | best Score epoch: 26 
epoch 27, iter  501: loss: 0.0080 | load time: 0.0002 | back time: 0.8231 | lr: 0.00006150 | best AP50 acc: 0.9089 | best AP70 acc: 0.8004 | best mAP acc: 0.7355 | best mAR acc: 0.7975 | best Score: 0.7355 | best Score epoch: 26 
epoch 27, iter  551: loss: 0.0084 | load time: 0.0002 | back time: 0.8052 | lr: 0.00006136 | best AP50 acc: 0.9089 | best AP70 acc: 0.8004 | best mAP acc: 0.7355 | best mAR acc: 0.7975 | best Score: 0.7355 | best Score epoch: 26 
epoch 27, iter  601: loss: 0.0080 | load time: 0.0002 | back time: 0.8249 | lr: 0.00006123 | best AP50 acc: 0.9089 | best AP70 acc: 0.8004 | best mAP acc: 0.7355 | best mAR acc: 0.7975 | best Score: 0.7355 | best Score epoch: 26 
epoch 27, iter  651: loss: 0.0080 | load time: 0.0001 | back time: 0.8241 | lr: 0.00006110 | best AP50 acc: 0.9089 | best AP70 acc: 0.8004 | best mAP acc: 0.7355 | best mAR acc: 0.7975 | best Score: 0.7355 | best Score epoch: 26 
epoch 27, iter  701: loss: 0.0081 | load time: 0.0002 | back time: 0.8268 | lr: 0.00006097 | best AP50 acc: 0.9089 | best AP70 acc: 0.8004 | best mAP acc: 0.7355 | best mAR acc: 0.7975 | best Score: 0.7355 | best Score epoch: 26 
epoch 27, iter  751: loss: 0.0082 | load time: 0.0003 | back time: 0.8082 | lr: 0.00006084 | best AP50 acc: 0.9089 | best AP70 acc: 0.8004 | best mAP acc: 0.7355 | best mAR acc: 0.7975 | best Score: 0.7355 | best Score epoch: 26 
epoch 27, iter  801: loss: 0.0081 | load time: 0.0001 | back time: 0.8189 | lr: 0.00006070 | best AP50 acc: 0.9089 | best AP70 acc: 0.8004 | best mAP acc: 0.7355 | best mAR acc: 0.7975 | best Score: 0.7355 | best Score epoch: 26 
epoch 27, iter  851: loss: 0.0084 | load time: 0.0002 | back time: 0.8240 | lr: 0.00006057 | best AP50 acc: 0.9089 | best AP70 acc: 0.8004 | best mAP acc: 0.7355 | best mAR acc: 0.7975 | best Score: 0.7355 | best Score epoch: 26 
epoch 27, iter  901: loss: 0.0081 | load time: 0.0002 | back time: 0.7908 | lr: 0.00006044 | best AP50 acc: 0.9089 | best AP70 acc: 0.8004 | best mAP acc: 0.7355 | best mAR acc: 0.7975 | best Score: 0.7355 | best Score epoch: 26 
epoch 27, iter  951: loss: 0.0081 | load time: 0.0002 | back time: 0.8145 | lr: 0.00006031 | best AP50 acc: 0.9089 | best AP70 acc: 0.8004 | best mAP acc: 0.7355 | best mAR acc: 0.7975 | best Score: 0.7355 | best Score epoch: 26 
epoch 27, iter 1001: loss: 0.0083 | load time: 0.0002 | back time: 0.7893 | lr: 0.00006018 | best AP50 acc: 0.9089 | best AP70 acc: 0.8004 | best mAP acc: 0.7355 | best mAR acc: 0.7975 | best Score: 0.7355 | best Score epoch: 26 
epoch 27, iter 1051: loss: 0.0082 | load time: 0.0003 | back time: 0.8302 | lr: 0.00006004 | best AP50 acc: 0.9089 | best AP70 acc: 0.8004 | best mAP acc: 0.7355 | best mAR acc: 0.7975 | best Score: 0.7355 | best Score epoch: 26 
epoch 27, iter 1101: loss: 0.0083 | load time: 0.0002 | back time: 0.7965 | lr: 0.00005991 | best AP50 acc: 0.9089 | best AP70 acc: 0.8004 | best mAP acc: 0.7355 | best mAR acc: 0.7975 | best Score: 0.7355 | best Score epoch: 26 
epoch 27, iter 1151: loss: 0.0080 | load time: 0.0008 | back time: 0.8178 | lr: 0.00005978 | best AP50 acc: 0.9089 | best AP70 acc: 0.8004 | best mAP acc: 0.7355 | best mAR acc: 0.7975 | best Score: 0.7355 | best Score epoch: 26 
UAV_SEQS_2 | mAP50:90: 46.5330 | AP50: 76.0806 | AP70: 48.0678 
UAV_SEQS_37 | mAP50:90: 89.6026 | AP50: 100.0000 | AP70: 94.3034 
UAV_SEQS_45 | mAP50:90: 94.4913 | AP50: 100.0000 | AP70: 100.0000 
UAV_SEQS_47 | mAP50:90: 94.1431 | AP50: 100.0000 | AP70: 98.9868 
UAV_SEQS_55 | mAP50:90: 41.3628 | AP50: 64.4278 | AP70: 45.5893 
UAV_SEQS_59 | mAP50:90: 71.1637 | AP50: 94.1606 | AP70: 80.3298 
UAV_SEQS_6 | mAP50:90: 57.4518 | AP50: 76.8227 | AP70: 62.2803 
UAV_SEQS_63 | mAP50:90: 52.4546 | AP50: 98.9637 | AP70: 56.8795 
UAV_SEQS_65 | mAP50:90: 73.6604 | AP50: 97.1107 | AP70: 90.3846 
UAV_SEQS_7 | mAP50:90: 75.3472 | AP50: 100.0000 | AP70: 91.4475 
UAV_SEQS_71 | mAP50:90: 71.1867 | AP50: 95.9063 | AP70: 79.1008 
UAV_SEQS_73 | mAP50:90: 67.7508 | AP50: 84.3361 | AP70: 77.2751 
UAV_SEQS_74 | mAP50:90: 97.1478 | AP50: 100.0000 | AP70: 100.0000 
UAV_SEQS_77 | mAP50:90: 26.6966 | AP50: 43.8707 | AP70: 27.9899 
UAV_SEQS_8 | mAP50:90: 94.0047 | AP50: 100.0000 | AP70: 97.5923 
Overall            | mAP50:95: 72.1501 | AP50: 89.6534 | AP70: 79.3652 
epoch 28, iter    1: loss: 0.0080 | load time: 0.0034 | back time: 0.4673 | lr: 0.00005977 | best AP50 acc: 0.9089 | best AP70 acc: 0.8004 | best mAP acc: 0.7355 | best mAR acc: 0.7975 | best Score: 0.7355 | best Score epoch: 26 
epoch 28, iter   51: loss: 0.0080 | load time: 0.0001 | back time: 0.8204 | lr: 0.00005964 | best AP50 acc: 0.9089 | best AP70 acc: 0.8004 | best mAP acc: 0.7355 | best mAR acc: 0.7975 | best Score: 0.7355 | best Score epoch: 26 
epoch 28, iter  101: loss: 0.0080 | load time: 0.0002 | back time: 0.8236 | lr: 0.00005951 | best AP50 acc: 0.9089 | best AP70 acc: 0.8004 | best mAP acc: 0.7355 | best mAR acc: 0.7975 | best Score: 0.7355 | best Score epoch: 26 
epoch 28, iter  151: loss: 0.0081 | load time: 0.0003 | back time: 0.8286 | lr: 0.00005937 | best AP50 acc: 0.9089 | best AP70 acc: 0.8004 | best mAP acc: 0.7355 | best mAR acc: 0.7975 | best Score: 0.7355 | best Score epoch: 26 
epoch 28, iter  201: loss: 0.0081 | load time: 0.0002 | back time: 0.8130 | lr: 0.00005924 | best AP50 acc: 0.9089 | best AP70 acc: 0.8004 | best mAP acc: 0.7355 | best mAR acc: 0.7975 | best Score: 0.7355 | best Score epoch: 26 
epoch 28, iter  251: loss: 0.0079 | load time: 0.0002 | back time: 0.8194 | lr: 0.00005911 | best AP50 acc: 0.9089 | best AP70 acc: 0.8004 | best mAP acc: 0.7355 | best mAR acc: 0.7975 | best Score: 0.7355 | best Score epoch: 26 
epoch 28, iter  301: loss: 0.0081 | load time: 0.0002 | back time: 0.8246 | lr: 0.00005898 | best AP50 acc: 0.9089 | best AP70 acc: 0.8004 | best mAP acc: 0.7355 | best mAR acc: 0.7975 | best Score: 0.7355 | best Score epoch: 26 
epoch 28, iter  351: loss: 0.0082 | load time: 0.0002 | back time: 0.8336 | lr: 0.00005884 | best AP50 acc: 0.9089 | best AP70 acc: 0.8004 | best mAP acc: 0.7355 | best mAR acc: 0.7975 | best Score: 0.7355 | best Score epoch: 26 
epoch 28, iter  401: loss: 0.0082 | load time: 0.0003 | back time: 0.8253 | lr: 0.00005871 | best AP50 acc: 0.9089 | best AP70 acc: 0.8004 | best mAP acc: 0.7355 | best mAR acc: 0.7975 | best Score: 0.7355 | best Score epoch: 26 
epoch 28, iter  451: loss: 0.0080 | load time: 0.0002 | back time: 0.8006 | lr: 0.00005858 | best AP50 acc: 0.9089 | best AP70 acc: 0.8004 | best mAP acc: 0.7355 | best mAR acc: 0.7975 | best Score: 0.7355 | best Score epoch: 26 
epoch 28, iter  501: loss: 0.0082 | load time: 0.0001 | back time: 0.8195 | lr: 0.00005844 | best AP50 acc: 0.9089 | best AP70 acc: 0.8004 | best mAP acc: 0.7355 | best mAR acc: 0.7975 | best Score: 0.7355 | best Score epoch: 26 
epoch 28, iter  551: loss: 0.0080 | load time: 0.0002 | back time: 0.8240 | lr: 0.00005831 | best AP50 acc: 0.9089 | best AP70 acc: 0.8004 | best mAP acc: 0.7355 | best mAR acc: 0.7975 | best Score: 0.7355 | best Score epoch: 26 
epoch 28, iter  601: loss: 0.0074 | load time: 0.0002 | back time: 0.8261 | lr: 0.00005818 | best AP50 acc: 0.9089 | best AP70 acc: 0.8004 | best mAP acc: 0.7355 | best mAR acc: 0.7975 | best Score: 0.7355 | best Score epoch: 26 
epoch 28, iter  651: loss: 0.0079 | load time: 0.0003 | back time: 0.8236 | lr: 0.00005804 | best AP50 acc: 0.9089 | best AP70 acc: 0.8004 | best mAP acc: 0.7355 | best mAR acc: 0.7975 | best Score: 0.7355 | best Score epoch: 26 
epoch 28, iter  701: loss: 0.0081 | load time: 0.0002 | back time: 0.8081 | lr: 0.00005791 | best AP50 acc: 0.9089 | best AP70 acc: 0.8004 | best mAP acc: 0.7355 | best mAR acc: 0.7975 | best Score: 0.7355 | best Score epoch: 26 
epoch 28, iter  751: loss: 0.0081 | load time: 0.0001 | back time: 0.8311 | lr: 0.00005778 | best AP50 acc: 0.9089 | best AP70 acc: 0.8004 | best mAP acc: 0.7355 | best mAR acc: 0.7975 | best Score: 0.7355 | best Score epoch: 26 
epoch 28, iter  801: loss: 0.0082 | load time: 0.0003 | back time: 0.8245 | lr: 0.00005764 | best AP50 acc: 0.9089 | best AP70 acc: 0.8004 | best mAP acc: 0.7355 | best mAR acc: 0.7975 | best Score: 0.7355 | best Score epoch: 26 
epoch 28, iter  851: loss: 0.0082 | load time: 0.0003 | back time: 0.8254 | lr: 0.00005751 | best AP50 acc: 0.9089 | best AP70 acc: 0.8004 | best mAP acc: 0.7355 | best mAR acc: 0.7975 | best Score: 0.7355 | best Score epoch: 26 
epoch 28, iter  901: loss: 0.0081 | load time: 0.0002 | back time: 0.8259 | lr: 0.00005738 | best AP50 acc: 0.9089 | best AP70 acc: 0.8004 | best mAP acc: 0.7355 | best mAR acc: 0.7975 | best Score: 0.7355 | best Score epoch: 26 
epoch 28, iter  951: loss: 0.0080 | load time: 0.0002 | back time: 0.7963 | lr: 0.00005724 | best AP50 acc: 0.9089 | best AP70 acc: 0.8004 | best mAP acc: 0.7355 | best mAR acc: 0.7975 | best Score: 0.7355 | best Score epoch: 26 
epoch 28, iter 1001: loss: 0.0081 | load time: 0.0002 | back time: 0.8158 | lr: 0.00005711 | best AP50 acc: 0.9089 | best AP70 acc: 0.8004 | best mAP acc: 0.7355 | best mAR acc: 0.7975 | best Score: 0.7355 | best Score epoch: 26 
epoch 28, iter 1051: loss: 0.0078 | load time: 0.0002 | back time: 0.8237 | lr: 0.00005697 | best AP50 acc: 0.9089 | best AP70 acc: 0.8004 | best mAP acc: 0.7355 | best mAR acc: 0.7975 | best Score: 0.7355 | best Score epoch: 26 
epoch 28, iter 1101: loss: 0.0081 | load time: 0.0001 | back time: 0.8251 | lr: 0.00005684 | best AP50 acc: 0.9089 | best AP70 acc: 0.8004 | best mAP acc: 0.7355 | best mAR acc: 0.7975 | best Score: 0.7355 | best Score epoch: 26 
epoch 28, iter 1151: loss: 0.0079 | load time: 0.0001 | back time: 0.8226 | lr: 0.00005671 | best AP50 acc: 0.9089 | best AP70 acc: 0.8004 | best mAP acc: 0.7355 | best mAR acc: 0.7975 | best Score: 0.7355 | best Score epoch: 26 
UAV_SEQS_2 | mAP50:90: 35.1868 | AP50: 63.0938 | AP70: 34.4207 
UAV_SEQS_37 | mAP50:90: 86.6615 | AP50: 100.0000 | AP70: 93.6077 
UAV_SEQS_45 | mAP50:90: 94.5974 | AP50: 100.0000 | AP70: 100.0000 
UAV_SEQS_47 | mAP50:90: 94.8973 | AP50: 100.0000 | AP70: 100.0000 
UAV_SEQS_55 | mAP50:90: 42.1978 | AP50: 70.3565 | AP70: 45.5651 
UAV_SEQS_59 | mAP50:90: 71.2249 | AP50: 93.5618 | AP70: 78.1527 
UAV_SEQS_6 | mAP50:90: 57.0737 | AP50: 78.0357 | AP70: 59.7784 
UAV_SEQS_63 | mAP50:90: 63.7520 | AP50: 100.0000 | AP70: 79.4236 
UAV_SEQS_65 | mAP50:90: 68.7739 | AP50: 97.6350 | AP70: 84.5197 
UAV_SEQS_7 | mAP50:90: 73.3208 | AP50: 100.0000 | AP70: 82.0258 
UAV_SEQS_71 | mAP50:90: 71.5555 | AP50: 95.5507 | AP70: 79.7468 
UAV_SEQS_73 | mAP50:90: 66.7225 | AP50: 88.2134 | AP70: 77.7303 
UAV_SEQS_74 | mAP50:90: 91.7073 | AP50: 100.0000 | AP70: 100.0000 
UAV_SEQS_77 | mAP50:90: 26.4219 | AP50: 39.5773 | AP70: 32.8307 
UAV_SEQS_8 | mAP50:90: 89.9280 | AP50: 97.7430 | AP70: 96.6252 
Overall            | mAP50:95: 70.8216 | AP50: 89.7465 | AP70: 78.2491 
epoch 29, iter    1: loss: 0.0081 | load time: 0.0047 | back time: 0.4754 | lr: 0.00005670 | best AP50 acc: 0.9089 | best AP70 acc: 0.8004 | best mAP acc: 0.7355 | best mAR acc: 0.7975 | best Score: 0.7355 | best Score epoch: 26 
epoch 29, iter   51: loss: 0.0083 | load time: 0.0003 | back time: 0.8001 | lr: 0.00005657 | best AP50 acc: 0.9089 | best AP70 acc: 0.8004 | best mAP acc: 0.7355 | best mAR acc: 0.7975 | best Score: 0.7355 | best Score epoch: 26 
epoch 29, iter  101: loss: 0.0080 | load time: 0.0003 | back time: 0.8251 | lr: 0.00005643 | best AP50 acc: 0.9089 | best AP70 acc: 0.8004 | best mAP acc: 0.7355 | best mAR acc: 0.7975 | best Score: 0.7355 | best Score epoch: 26 
epoch 29, iter  151: loss: 0.0084 | load time: 0.0003 | back time: 0.8233 | lr: 0.00005630 | best AP50 acc: 0.9089 | best AP70 acc: 0.8004 | best mAP acc: 0.7355 | best mAR acc: 0.7975 | best Score: 0.7355 | best Score epoch: 26 
epoch 29, iter  201: loss: 0.0082 | load time: 0.0003 | back time: 0.8248 | lr: 0.00005617 | best AP50 acc: 0.9089 | best AP70 acc: 0.8004 | best mAP acc: 0.7355 | best mAR acc: 0.7975 | best Score: 0.7355 | best Score epoch: 26 
epoch 29, iter  251: loss: 0.0080 | load time: 0.0003 | back time: 0.8286 | lr: 0.00005603 | best AP50 acc: 0.9089 | best AP70 acc: 0.8004 | best mAP acc: 0.7355 | best mAR acc: 0.7975 | best Score: 0.7355 | best Score epoch: 26 
epoch 29, iter  301: loss: 0.0080 | load time: 0.0003 | back time: 0.8122 | lr: 0.00005590 | best AP50 acc: 0.9089 | best AP70 acc: 0.8004 | best mAP acc: 0.7355 | best mAR acc: 0.7975 | best Score: 0.7355 | best Score epoch: 26 
epoch 29, iter  351: loss: 0.0080 | load time: 0.0002 | back time: 0.8222 | lr: 0.00005576 | best AP50 acc: 0.9089 | best AP70 acc: 0.8004 | best mAP acc: 0.7355 | best mAR acc: 0.7975 | best Score: 0.7355 | best Score epoch: 26 
epoch 29, iter  401: loss: 0.0084 | load time: 0.0003 | back time: 0.8257 | lr: 0.00005563 | best AP50 acc: 0.9089 | best AP70 acc: 0.8004 | best mAP acc: 0.7355 | best mAR acc: 0.7975 | best Score: 0.7355 | best Score epoch: 26 
epoch 29, iter  451: loss: 0.0079 | load time: 0.0001 | back time: 0.7967 | lr: 0.00005549 | best AP50 acc: 0.9089 | best AP70 acc: 0.8004 | best mAP acc: 0.7355 | best mAR acc: 0.7975 | best Score: 0.7355 | best Score epoch: 26 
epoch 29, iter  501: loss: 0.0081 | load time: 0.0001 | back time: 0.8160 | lr: 0.00005536 | best AP50 acc: 0.9089 | best AP70 acc: 0.8004 | best mAP acc: 0.7355 | best mAR acc: 0.7975 | best Score: 0.7355 | best Score epoch: 26 
epoch 29, iter  551: loss: 0.0080 | load time: 0.0002 | back time: 0.8239 | lr: 0.00005523 | best AP50 acc: 0.9089 | best AP70 acc: 0.8004 | best mAP acc: 0.7355 | best mAR acc: 0.7975 | best Score: 0.7355 | best Score epoch: 26 
epoch 29, iter  601: loss: 0.0081 | load time: 0.0002 | back time: 0.8356 | lr: 0.00005509 | best AP50 acc: 0.9089 | best AP70 acc: 0.8004 | best mAP acc: 0.7355 | best mAR acc: 0.7975 | best Score: 0.7355 | best Score epoch: 26 
epoch 29, iter  651: loss: 0.0081 | load time: 0.0002 | back time: 0.8317 | lr: 0.00005496 | best AP50 acc: 0.9089 | best AP70 acc: 0.8004 | best mAP acc: 0.7355 | best mAR acc: 0.7975 | best Score: 0.7355 | best Score epoch: 26 
epoch 29, iter  701: loss: 0.0081 | load time: 0.0002 | back time: 0.8242 | lr: 0.00005482 | best AP50 acc: 0.9089 | best AP70 acc: 0.8004 | best mAP acc: 0.7355 | best mAR acc: 0.7975 | best Score: 0.7355 | best Score epoch: 26 
epoch 29, iter  751: loss: 0.0082 | load time: 0.0002 | back time: 0.8264 | lr: 0.00005469 | best AP50 acc: 0.9089 | best AP70 acc: 0.8004 | best mAP acc: 0.7355 | best mAR acc: 0.7975 | best Score: 0.7355 | best Score epoch: 26 
epoch 29, iter  801: loss: 0.0081 | load time: 0.0002 | back time: 0.8259 | lr: 0.00005455 | best AP50 acc: 0.9089 | best AP70 acc: 0.8004 | best mAP acc: 0.7355 | best mAR acc: 0.7975 | best Score: 0.7355 | best Score epoch: 26 
epoch 29, iter  851: loss: 0.0081 | load time: 0.0004 | back time: 0.8309 | lr: 0.00005442 | best AP50 acc: 0.9089 | best AP70 acc: 0.8004 | best mAP acc: 0.7355 | best mAR acc: 0.7975 | best Score: 0.7355 | best Score epoch: 26 
epoch 29, iter  901: loss: 0.0080 | load time: 0.0002 | back time: 0.8537 | lr: 0.00005428 | best AP50 acc: 0.9089 | best AP70 acc: 0.8004 | best mAP acc: 0.7355 | best mAR acc: 0.7975 | best Score: 0.7355 | best Score epoch: 26 
epoch 29, iter  951: loss: 0.0079 | load time: 0.0002 | back time: 0.8361 | lr: 0.00005415 | best AP50 acc: 0.9089 | best AP70 acc: 0.8004 | best mAP acc: 0.7355 | best mAR acc: 0.7975 | best Score: 0.7355 | best Score epoch: 26 
epoch 29, iter 1001: loss: 0.0080 | load time: 0.0002 | back time: 0.7945 | lr: 0.00005401 | best AP50 acc: 0.9089 | best AP70 acc: 0.8004 | best mAP acc: 0.7355 | best mAR acc: 0.7975 | best Score: 0.7355 | best Score epoch: 26 
epoch 29, iter 1051: loss: 0.0081 | load time: 0.0002 | back time: 0.8177 | lr: 0.00005388 | best AP50 acc: 0.9089 | best AP70 acc: 0.8004 | best mAP acc: 0.7355 | best mAR acc: 0.7975 | best Score: 0.7355 | best Score epoch: 26 
epoch 29, iter 1101: loss: 0.0080 | load time: 0.0001 | back time: 0.8232 | lr: 0.00005375 | best AP50 acc: 0.9089 | best AP70 acc: 0.8004 | best mAP acc: 0.7355 | best mAR acc: 0.7975 | best Score: 0.7355 | best Score epoch: 26 
epoch 29, iter 1151: loss: 0.0083 | load time: 0.0001 | back time: 0.8251 | lr: 0.00005361 | best AP50 acc: 0.9089 | best AP70 acc: 0.8004 | best mAP acc: 0.7355 | best mAR acc: 0.7975 | best Score: 0.7355 | best Score epoch: 26 
UAV_SEQS_2 | mAP50:90: 31.0302 | AP50: 57.7451 | AP70: 32.9460 
UAV_SEQS_37 | mAP50:90: 76.8810 | AP50: 96.0502 | AP70: 78.4163 
UAV_SEQS_45 | mAP50:90: 95.5141 | AP50: 100.0000 | AP70: 100.0000 
UAV_SEQS_47 | mAP50:90: 95.8039 | AP50: 100.0000 | AP70: 100.0000 
UAV_SEQS_55 | mAP50:90: 39.1601 | AP50: 63.3236 | AP70: 39.8542 
UAV_SEQS_59 | mAP50:90: 71.5249 | AP50: 96.2073 | AP70: 79.3772 
UAV_SEQS_6 | mAP50:90: 56.2295 | AP50: 83.5014 | AP70: 60.6818 
UAV_SEQS_63 | mAP50:90: 63.9354 | AP50: 97.9962 | AP70: 81.5913 
UAV_SEQS_65 | mAP50:90: 76.8902 | AP50: 96.2981 | AP70: 92.6125 
UAV_SEQS_7 | mAP50:90: 70.2890 | AP50: 100.0000 | AP70: 77.5524 
UAV_SEQS_71 | mAP50:90: 70.7907 | AP50: 95.7695 | AP70: 78.5837 
UAV_SEQS_73 | mAP50:90: 70.0759 | AP50: 89.6302 | AP70: 77.7404 
UAV_SEQS_74 | mAP50:90: 96.7177 | AP50: 100.0000 | AP70: 100.0000 
UAV_SEQS_77 | mAP50:90: 35.8620 | AP50: 53.6558 | AP70: 41.4433 
UAV_SEQS_8 | mAP50:90: 85.6556 | AP50: 97.6666 | AP70: 94.7510 
Overall            | mAP50:95: 70.5908 | AP50: 89.1337 | AP70: 77.0399 
epoch 30, iter    1: loss: 0.0080 | load time: 0.0061 | back time: 0.4689 | lr: 0.00005361 | best AP50 acc: 0.9089 | best AP70 acc: 0.8004 | best mAP acc: 0.7355 | best mAR acc: 0.7975 | best Score: 0.7355 | best Score epoch: 26 
epoch 30, iter   51: loss: 0.0081 | load time: 0.0002 | back time: 0.8222 | lr: 0.00005347 | best AP50 acc: 0.9089 | best AP70 acc: 0.8004 | best mAP acc: 0.7355 | best mAR acc: 0.7975 | best Score: 0.7355 | best Score epoch: 26 
epoch 30, iter  101: loss: 0.0077 | load time: 0.0001 | back time: 0.8212 | lr: 0.00005334 | best AP50 acc: 0.9089 | best AP70 acc: 0.8004 | best mAP acc: 0.7355 | best mAR acc: 0.7975 | best Score: 0.7355 | best Score epoch: 26 
epoch 30, iter  151: loss: 0.0081 | load time: 0.0002 | back time: 0.8240 | lr: 0.00005320 | best AP50 acc: 0.9089 | best AP70 acc: 0.8004 | best mAP acc: 0.7355 | best mAR acc: 0.7975 | best Score: 0.7355 | best Score epoch: 26 
epoch 30, iter  201: loss: 0.0081 | load time: 0.0002 | back time: 0.8115 | lr: 0.00005307 | best AP50 acc: 0.9089 | best AP70 acc: 0.8004 | best mAP acc: 0.7355 | best mAR acc: 0.7975 | best Score: 0.7355 | best Score epoch: 26 
epoch 30, iter  251: loss: 0.0080 | load time: 0.0002 | back time: 0.8227 | lr: 0.00005293 | best AP50 acc: 0.9089 | best AP70 acc: 0.8004 | best mAP acc: 0.7355 | best mAR acc: 0.7975 | best Score: 0.7355 | best Score epoch: 26 
epoch 30, iter  301: loss: 0.0078 | load time: 0.0003 | back time: 0.8201 | lr: 0.00005280 | best AP50 acc: 0.9089 | best AP70 acc: 0.8004 | best mAP acc: 0.7355 | best mAR acc: 0.7975 | best Score: 0.7355 | best Score epoch: 26 
epoch 30, iter  351: loss: 0.0080 | load time: 0.0002 | back time: 0.7984 | lr: 0.00005266 | best AP50 acc: 0.9089 | best AP70 acc: 0.8004 | best mAP acc: 0.7355 | best mAR acc: 0.7975 | best Score: 0.7355 | best Score epoch: 26 
epoch 30, iter  401: loss: 0.0080 | load time: 0.0001 | back time: 0.8220 | lr: 0.00005253 | best AP50 acc: 0.9089 | best AP70 acc: 0.8004 | best mAP acc: 0.7355 | best mAR acc: 0.7975 | best Score: 0.7355 | best Score epoch: 26 
epoch 30, iter  451: loss: 0.0080 | load time: 0.0003 | back time: 0.8249 | lr: 0.00005239 | best AP50 acc: 0.9089 | best AP70 acc: 0.8004 | best mAP acc: 0.7355 | best mAR acc: 0.7975 | best Score: 0.7355 | best Score epoch: 26 
epoch 30, iter  501: loss: 0.0080 | load time: 0.0003 | back time: 0.8376 | lr: 0.00005226 | best AP50 acc: 0.9089 | best AP70 acc: 0.8004 | best mAP acc: 0.7355 | best mAR acc: 0.7975 | best Score: 0.7355 | best Score epoch: 26 
epoch 30, iter  551: loss: 0.0081 | load time: 0.0003 | back time: 0.8145 | lr: 0.00005212 | best AP50 acc: 0.9089 | best AP70 acc: 0.8004 | best mAP acc: 0.7355 | best mAR acc: 0.7975 | best Score: 0.7355 | best Score epoch: 26 
epoch 30, iter  601: loss: 0.0080 | load time: 0.0002 | back time: 0.7964 | lr: 0.00005199 | best AP50 acc: 0.9089 | best AP70 acc: 0.8004 | best mAP acc: 0.7355 | best mAR acc: 0.7975 | best Score: 0.7355 | best Score epoch: 26 
epoch 30, iter  651: loss: 0.0079 | load time: 0.0002 | back time: 0.8085 | lr: 0.00005185 | best AP50 acc: 0.9089 | best AP70 acc: 0.8004 | best mAP acc: 0.7355 | best mAR acc: 0.7975 | best Score: 0.7355 | best Score epoch: 26 
epoch 30, iter  701: loss: 0.0076 | load time: 0.0003 | back time: 0.8014 | lr: 0.00005172 | best AP50 acc: 0.9089 | best AP70 acc: 0.8004 | best mAP acc: 0.7355 | best mAR acc: 0.7975 | best Score: 0.7355 | best Score epoch: 26 
epoch 30, iter  751: loss: 0.0082 | load time: 0.0001 | back time: 0.8169 | lr: 0.00005158 | best AP50 acc: 0.9089 | best AP70 acc: 0.8004 | best mAP acc: 0.7355 | best mAR acc: 0.7975 | best Score: 0.7355 | best Score epoch: 26 
epoch 30, iter  801: loss: 0.0082 | load time: 0.0003 | back time: 0.8273 | lr: 0.00005145 | best AP50 acc: 0.9089 | best AP70 acc: 0.8004 | best mAP acc: 0.7355 | best mAR acc: 0.7975 | best Score: 0.7355 | best Score epoch: 26 
epoch 30, iter  851: loss: 0.0085 | load time: 0.0002 | back time: 0.8223 | lr: 0.00005131 | best AP50 acc: 0.9089 | best AP70 acc: 0.8004 | best mAP acc: 0.7355 | best mAR acc: 0.7975 | best Score: 0.7355 | best Score epoch: 26 
epoch 30, iter  901: loss: 0.0081 | load time: 0.0002 | back time: 0.8112 | lr: 0.00005118 | best AP50 acc: 0.9089 | best AP70 acc: 0.8004 | best mAP acc: 0.7355 | best mAR acc: 0.7975 | best Score: 0.7355 | best Score epoch: 26 
epoch 30, iter  951: loss: 0.0080 | load time: 0.0002 | back time: 0.8197 | lr: 0.00005104 | best AP50 acc: 0.9089 | best AP70 acc: 0.8004 | best mAP acc: 0.7355 | best mAR acc: 0.7975 | best Score: 0.7355 | best Score epoch: 26 
epoch 30, iter 1001: loss: 0.0080 | load time: 0.0002 | back time: 0.8209 | lr: 0.00005091 | best AP50 acc: 0.9089 | best AP70 acc: 0.8004 | best mAP acc: 0.7355 | best mAR acc: 0.7975 | best Score: 0.7355 | best Score epoch: 26 
epoch 30, iter 1051: loss: 0.0078 | load time: 0.0001 | back time: 0.8161 | lr: 0.00005077 | best AP50 acc: 0.9089 | best AP70 acc: 0.8004 | best mAP acc: 0.7355 | best mAR acc: 0.7975 | best Score: 0.7355 | best Score epoch: 26 
epoch 30, iter 1101: loss: 0.0083 | load time: 0.0002 | back time: 0.8281 | lr: 0.00005064 | best AP50 acc: 0.9089 | best AP70 acc: 0.8004 | best mAP acc: 0.7355 | best mAR acc: 0.7975 | best Score: 0.7355 | best Score epoch: 26 
epoch 30, iter 1151: loss: 0.0078 | load time: 0.0001 | back time: 0.8270 | lr: 0.00005050 | best AP50 acc: 0.9089 | best AP70 acc: 0.8004 | best mAP acc: 0.7355 | best mAR acc: 0.7975 | best Score: 0.7355 | best Score epoch: 26 
UAV_SEQS_2 | mAP50:90: 38.0625 | AP50: 66.5150 | AP70: 37.7175 
UAV_SEQS_37 | mAP50:90: 88.8773 | AP50: 100.0000 | AP70: 91.7113 
UAV_SEQS_45 | mAP50:90: 91.3680 | AP50: 100.0000 | AP70: 98.9241 
UAV_SEQS_47 | mAP50:90: 87.7956 | AP50: 100.0000 | AP70: 94.8911 
UAV_SEQS_55 | mAP50:90: 36.9499 | AP50: 65.1846 | AP70: 38.0010 
UAV_SEQS_59 | mAP50:90: 67.4739 | AP50: 95.7073 | AP70: 72.1908 
UAV_SEQS_6 | mAP50:90: 67.6814 | AP50: 89.0985 | AP70: 71.3843 
UAV_SEQS_63 | mAP50:90: 57.5290 | AP50: 94.0954 | AP70: 59.7158 
UAV_SEQS_65 | mAP50:90: 75.9600 | AP50: 96.3237 | AP70: 90.2299 
UAV_SEQS_7 | mAP50:90: 78.3000 | AP50: 99.9870 | AP70: 90.8400 
UAV_SEQS_71 | mAP50:90: 72.1515 | AP50: 97.0033 | AP70: 79.4372 
UAV_SEQS_73 | mAP50:90: 68.7239 | AP50: 85.3857 | AP70: 78.1000 
UAV_SEQS_74 | mAP50:90: 94.8453 | AP50: 100.0000 | AP70: 100.0000 
UAV_SEQS_77 | mAP50:90: 39.9313 | AP50: 59.8693 | AP70: 47.8640 
UAV_SEQS_8 | mAP50:90: 92.7759 | AP50: 100.0000 | AP70: 97.4800 
Overall            | mAP50:95: 71.7719 | AP50: 90.5114 | AP70: 78.6031 
epoch 31, iter    1: loss: 0.0082 | load time: 0.0036 | back time: 0.4729 | lr: 0.00005050 | best AP50 acc: 0.9089 | best AP70 acc: 0.8004 | best mAP acc: 0.7355 | best mAR acc: 0.7975 | best Score: 0.7355 | best Score epoch: 26 
epoch 31, iter   51: loss: 0.0081 | load time: 0.0003 | back time: 0.8135 | lr: 0.00005036 | best AP50 acc: 0.9089 | best AP70 acc: 0.8004 | best mAP acc: 0.7355 | best mAR acc: 0.7975 | best Score: 0.7355 | best Score epoch: 26 
epoch 31, iter  101: loss: 0.0080 | load time: 0.0002 | back time: 0.8243 | lr: 0.00005023 | best AP50 acc: 0.9089 | best AP70 acc: 0.8004 | best mAP acc: 0.7355 | best mAR acc: 0.7975 | best Score: 0.7355 | best Score epoch: 26 
epoch 31, iter  151: loss: 0.0080 | load time: 0.0001 | back time: 0.7921 | lr: 0.00005009 | best AP50 acc: 0.9089 | best AP70 acc: 0.8004 | best mAP acc: 0.7355 | best mAR acc: 0.7975 | best Score: 0.7355 | best Score epoch: 26 
epoch 31, iter  201: loss: 0.0081 | load time: 0.0002 | back time: 0.8182 | lr: 0.00004996 | best AP50 acc: 0.9089 | best AP70 acc: 0.8004 | best mAP acc: 0.7355 | best mAR acc: 0.7975 | best Score: 0.7355 | best Score epoch: 26 
epoch 31, iter  251: loss: 0.0078 | load time: 0.0002 | back time: 0.8281 | lr: 0.00004982 | best AP50 acc: 0.9089 | best AP70 acc: 0.8004 | best mAP acc: 0.7355 | best mAR acc: 0.7975 | best Score: 0.7355 | best Score epoch: 26 
epoch 31, iter  301: loss: 0.0080 | load time: 0.0002 | back time: 0.8259 | lr: 0.00004969 | best AP50 acc: 0.9089 | best AP70 acc: 0.8004 | best mAP acc: 0.7355 | best mAR acc: 0.7975 | best Score: 0.7355 | best Score epoch: 26 
epoch 31, iter  351: loss: 0.0081 | load time: 0.0002 | back time: 0.8232 | lr: 0.00004955 | best AP50 acc: 0.9089 | best AP70 acc: 0.8004 | best mAP acc: 0.7355 | best mAR acc: 0.7975 | best Score: 0.7355 | best Score epoch: 26 
epoch 31, iter  401: loss: 0.0081 | load time: 0.0002 | back time: 0.8262 | lr: 0.00004942 | best AP50 acc: 0.9089 | best AP70 acc: 0.8004 | best mAP acc: 0.7355 | best mAR acc: 0.7975 | best Score: 0.7355 | best Score epoch: 26 
epoch 31, iter  451: loss: 0.0081 | load time: 0.0002 | back time: 0.8220 | lr: 0.00004928 | best AP50 acc: 0.9089 | best AP70 acc: 0.8004 | best mAP acc: 0.7355 | best mAR acc: 0.7975 | best Score: 0.7355 | best Score epoch: 26 
epoch 31, iter  501: loss: 0.0079 | load time: 0.0003 | back time: 0.8210 | lr: 0.00004915 | best AP50 acc: 0.9089 | best AP70 acc: 0.8004 | best mAP acc: 0.7355 | best mAR acc: 0.7975 | best Score: 0.7355 | best Score epoch: 26 
epoch 31, iter  551: loss: 0.0079 | load time: 0.0001 | back time: 0.8160 | lr: 0.00004901 | best AP50 acc: 0.9089 | best AP70 acc: 0.8004 | best mAP acc: 0.7355 | best mAR acc: 0.7975 | best Score: 0.7355 | best Score epoch: 26 
epoch 31, iter  601: loss: 0.0080 | load time: 0.0001 | back time: 0.7905 | lr: 0.00004888 | best AP50 acc: 0.9089 | best AP70 acc: 0.8004 | best mAP acc: 0.7355 | best mAR acc: 0.7975 | best Score: 0.7355 | best Score epoch: 26 
epoch 31, iter  651: loss: 0.0080 | load time: 0.0002 | back time: 0.8194 | lr: 0.00004874 | best AP50 acc: 0.9089 | best AP70 acc: 0.8004 | best mAP acc: 0.7355 | best mAR acc: 0.7975 | best Score: 0.7355 | best Score epoch: 26 
epoch 31, iter  701: loss: 0.0081 | load time: 0.0002 | back time: 0.8228 | lr: 0.00004861 | best AP50 acc: 0.9089 | best AP70 acc: 0.8004 | best mAP acc: 0.7355 | best mAR acc: 0.7975 | best Score: 0.7355 | best Score epoch: 26 
epoch 31, iter  751: loss: 0.0081 | load time: 0.0002 | back time: 0.8207 | lr: 0.00004847 | best AP50 acc: 0.9089 | best AP70 acc: 0.8004 | best mAP acc: 0.7355 | best mAR acc: 0.7975 | best Score: 0.7355 | best Score epoch: 26 
epoch 31, iter  801: loss: 0.0080 | load time: 0.0002 | back time: 0.8050 | lr: 0.00004834 | best AP50 acc: 0.9089 | best AP70 acc: 0.8004 | best mAP acc: 0.7355 | best mAR acc: 0.7975 | best Score: 0.7355 | best Score epoch: 26 
epoch 31, iter  851: loss: 0.0080 | load time: 0.0002 | back time: 0.8187 | lr: 0.00004820 | best AP50 acc: 0.9089 | best AP70 acc: 0.8004 | best mAP acc: 0.7355 | best mAR acc: 0.7975 | best Score: 0.7355 | best Score epoch: 26 
epoch 31, iter  901: loss: 0.0081 | load time: 0.0002 | back time: 0.8244 | lr: 0.00004807 | best AP50 acc: 0.9089 | best AP70 acc: 0.8004 | best mAP acc: 0.7355 | best mAR acc: 0.7975 | best Score: 0.7355 | best Score epoch: 26 
epoch 31, iter  951: loss: 0.0083 | load time: 0.0003 | back time: 0.7864 | lr: 0.00004793 | best AP50 acc: 0.9089 | best AP70 acc: 0.8004 | best mAP acc: 0.7355 | best mAR acc: 0.7975 | best Score: 0.7355 | best Score epoch: 26 
epoch 31, iter 1001: loss: 0.0081 | load time: 0.0002 | back time: 0.8137 | lr: 0.00004780 | best AP50 acc: 0.9089 | best AP70 acc: 0.8004 | best mAP acc: 0.7355 | best mAR acc: 0.7975 | best Score: 0.7355 | best Score epoch: 26 
epoch 31, iter 1051: loss: 0.0081 | load time: 0.0002 | back time: 0.8231 | lr: 0.00004766 | best AP50 acc: 0.9089 | best AP70 acc: 0.8004 | best mAP acc: 0.7355 | best mAR acc: 0.7975 | best Score: 0.7355 | best Score epoch: 26 
epoch 31, iter 1101: loss: 0.0087 | load time: 0.0003 | back time: 0.8254 | lr: 0.00004753 | best AP50 acc: 0.9089 | best AP70 acc: 0.8004 | best mAP acc: 0.7355 | best mAR acc: 0.7975 | best Score: 0.7355 | best Score epoch: 26 
epoch 31, iter 1151: loss: 0.0081 | load time: 0.0008 | back time: 0.7954 | lr: 0.00004739 | best AP50 acc: 0.9089 | best AP70 acc: 0.8004 | best mAP acc: 0.7355 | best mAR acc: 0.7975 | best Score: 0.7355 | best Score epoch: 26 
UAV_SEQS_2 | mAP50:90: 33.3049 | AP50: 59.5221 | AP70: 34.2008 
UAV_SEQS_37 | mAP50:90: 90.5182 | AP50: 100.0000 | AP70: 93.9793 
UAV_SEQS_45 | mAP50:90: 87.1222 | AP50: 100.0000 | AP70: 95.0806 
UAV_SEQS_47 | mAP50:90: 81.2766 | AP50: 100.0000 | AP70: 88.3537 
UAV_SEQS_55 | mAP50:90: 38.0128 | AP50: 60.7818 | AP70: 41.4018 
UAV_SEQS_59 | mAP50:90: 65.4752 | AP50: 92.7815 | AP70: 70.8305 
UAV_SEQS_6 | mAP50:90: 57.4637 | AP50: 87.1318 | AP70: 60.0051 
UAV_SEQS_63 | mAP50:90: 46.8708 | AP50: 100.0000 | AP70: 33.2263 
UAV_SEQS_65 | mAP50:90: 74.1538 | AP50: 97.3583 | AP70: 88.0125 
UAV_SEQS_7 | mAP50:90: 75.6719 | AP50: 100.0000 | AP70: 82.5117 
UAV_SEQS_71 | mAP50:90: 73.0540 | AP50: 98.6667 | AP70: 80.9335 
UAV_SEQS_73 | mAP50:90: 69.4162 | AP50: 87.7946 | AP70: 77.9780 
UAV_SEQS_74 | mAP50:90: 83.1917 | AP50: 100.0000 | AP70: 98.8846 
UAV_SEQS_77 | mAP50:90: 29.8050 | AP50: 42.8320 | AP70: 33.7639 
UAV_SEQS_8 | mAP50:90: 95.7379 | AP50: 100.0000 | AP70: 98.7248 
Overall            | mAP50:95: 67.7797 | AP50: 89.5959 | AP70: 74.4812 
epoch 32, iter    1: loss: 0.0081 | load time: 0.0049 | back time: 0.4481 | lr: 0.00004739 | best AP50 acc: 0.9089 | best AP70 acc: 0.8004 | best mAP acc: 0.7355 | best mAR acc: 0.7975 | best Score: 0.7355 | best Score epoch: 26 
epoch 32, iter   51: loss: 0.0079 | load time: 0.0001 | back time: 0.8183 | lr: 0.00004725 | best AP50 acc: 0.9089 | best AP70 acc: 0.8004 | best mAP acc: 0.7355 | best mAR acc: 0.7975 | best Score: 0.7355 | best Score epoch: 26 
epoch 32, iter  101: loss: 0.0082 | load time: 0.0002 | back time: 0.8094 | lr: 0.00004712 | best AP50 acc: 0.9089 | best AP70 acc: 0.8004 | best mAP acc: 0.7355 | best mAR acc: 0.7975 | best Score: 0.7355 | best Score epoch: 26 
epoch 32, iter  151: loss: 0.0080 | load time: 0.0003 | back time: 0.8245 | lr: 0.00004699 | best AP50 acc: 0.9089 | best AP70 acc: 0.8004 | best mAP acc: 0.7355 | best mAR acc: 0.7975 | best Score: 0.7355 | best Score epoch: 26 
epoch 32, iter  201: loss: 0.0081 | load time: 0.0002 | back time: 0.8308 | lr: 0.00004685 | best AP50 acc: 0.9089 | best AP70 acc: 0.8004 | best mAP acc: 0.7355 | best mAR acc: 0.7975 | best Score: 0.7355 | best Score epoch: 26 
epoch 32, iter  251: loss: 0.0080 | load time: 0.0002 | back time: 0.8014 | lr: 0.00004672 | best AP50 acc: 0.9089 | best AP70 acc: 0.8004 | best mAP acc: 0.7355 | best mAR acc: 0.7975 | best Score: 0.7355 | best Score epoch: 26 
epoch 32, iter  301: loss: 0.0081 | load time: 0.0003 | back time: 0.8176 | lr: 0.00004658 | best AP50 acc: 0.9089 | best AP70 acc: 0.8004 | best mAP acc: 0.7355 | best mAR acc: 0.7975 | best Score: 0.7355 | best Score epoch: 26 
epoch 32, iter  351: loss: 0.0081 | load time: 0.0002 | back time: 0.8236 | lr: 0.00004645 | best AP50 acc: 0.9089 | best AP70 acc: 0.8004 | best mAP acc: 0.7355 | best mAR acc: 0.7975 | best Score: 0.7355 | best Score epoch: 26 
epoch 32, iter  401: loss: 0.0080 | load time: 0.0003 | back time: 0.8242 | lr: 0.00004631 | best AP50 acc: 0.9089 | best AP70 acc: 0.8004 | best mAP acc: 0.7355 | best mAR acc: 0.7975 | best Score: 0.7355 | best Score epoch: 26 
epoch 32, iter  451: loss: 0.0080 | load time: 0.0002 | back time: 0.8239 | lr: 0.00004618 | best AP50 acc: 0.9089 | best AP70 acc: 0.8004 | best mAP acc: 0.7355 | best mAR acc: 0.7975 | best Score: 0.7355 | best Score epoch: 26 
epoch 32, iter  501: loss: 0.0077 | load time: 0.0002 | back time: 0.8251 | lr: 0.00004604 | best AP50 acc: 0.9089 | best AP70 acc: 0.8004 | best mAP acc: 0.7355 | best mAR acc: 0.7975 | best Score: 0.7355 | best Score epoch: 26 
epoch 32, iter  551: loss: 0.0080 | load time: 0.0001 | back time: 0.8291 | lr: 0.00004591 | best AP50 acc: 0.9089 | best AP70 acc: 0.8004 | best mAP acc: 0.7355 | best mAR acc: 0.7975 | best Score: 0.7355 | best Score epoch: 26 
epoch 32, iter  601: loss: 0.0080 | load time: 0.0001 | back time: 0.8289 | lr: 0.00004577 | best AP50 acc: 0.9089 | best AP70 acc: 0.8004 | best mAP acc: 0.7355 | best mAR acc: 0.7975 | best Score: 0.7355 | best Score epoch: 26 
epoch 32, iter  651: loss: 0.0081 | load time: 0.0001 | back time: 0.8314 | lr: 0.00004564 | best AP50 acc: 0.9089 | best AP70 acc: 0.8004 | best mAP acc: 0.7355 | best mAR acc: 0.7975 | best Score: 0.7355 | best Score epoch: 26 
epoch 32, iter  701: loss: 0.0080 | load time: 0.0003 | back time: 0.8360 | lr: 0.00004551 | best AP50 acc: 0.9089 | best AP70 acc: 0.8004 | best mAP acc: 0.7355 | best mAR acc: 0.7975 | best Score: 0.7355 | best Score epoch: 26 
epoch 32, iter  751: loss: 0.0080 | load time: 0.0001 | back time: 0.8283 | lr: 0.00004537 | best AP50 acc: 0.9089 | best AP70 acc: 0.8004 | best mAP acc: 0.7355 | best mAR acc: 0.7975 | best Score: 0.7355 | best Score epoch: 26 
epoch 32, iter  801: loss: 0.0081 | load time: 0.0002 | back time: 0.8299 | lr: 0.00004524 | best AP50 acc: 0.9089 | best AP70 acc: 0.8004 | best mAP acc: 0.7355 | best mAR acc: 0.7975 | best Score: 0.7355 | best Score epoch: 26 
epoch 32, iter  851: loss: 0.0080 | load time: 0.0002 | back time: 0.8288 | lr: 0.00004510 | best AP50 acc: 0.9089 | best AP70 acc: 0.8004 | best mAP acc: 0.7355 | best mAR acc: 0.7975 | best Score: 0.7355 | best Score epoch: 26 
epoch 32, iter  901: loss: 0.0082 | load time: 0.0001 | back time: 0.8291 | lr: 0.00004497 | best AP50 acc: 0.9089 | best AP70 acc: 0.8004 | best mAP acc: 0.7355 | best mAR acc: 0.7975 | best Score: 0.7355 | best Score epoch: 26 
epoch 32, iter  951: loss: 0.0081 | load time: 0.0002 | back time: 0.8288 | lr: 0.00004483 | best AP50 acc: 0.9089 | best AP70 acc: 0.8004 | best mAP acc: 0.7355 | best mAR acc: 0.7975 | best Score: 0.7355 | best Score epoch: 26 
epoch 32, iter 1001: loss: 0.0080 | load time: 0.0002 | back time: 0.8288 | lr: 0.00004470 | best AP50 acc: 0.9089 | best AP70 acc: 0.8004 | best mAP acc: 0.7355 | best mAR acc: 0.7975 | best Score: 0.7355 | best Score epoch: 26 
epoch 32, iter 1051: loss: 0.0080 | load time: 0.0005 | back time: 0.8295 | lr: 0.00004457 | best AP50 acc: 0.9089 | best AP70 acc: 0.8004 | best mAP acc: 0.7355 | best mAR acc: 0.7975 | best Score: 0.7355 | best Score epoch: 26 
epoch 32, iter 1101: loss: 0.0081 | load time: 0.0002 | back time: 0.8250 | lr: 0.00004443 | best AP50 acc: 0.9089 | best AP70 acc: 0.8004 | best mAP acc: 0.7355 | best mAR acc: 0.7975 | best Score: 0.7355 | best Score epoch: 26 
epoch 32, iter 1151: loss: 0.0080 | load time: 0.0001 | back time: 0.8293 | lr: 0.00004430 | best AP50 acc: 0.9089 | best AP70 acc: 0.8004 | best mAP acc: 0.7355 | best mAR acc: 0.7975 | best Score: 0.7355 | best Score epoch: 26 
UAV_SEQS_2 | mAP50:90: 34.1059 | AP50: 60.4610 | AP70: 34.4905 
UAV_SEQS_37 | mAP50:90: 85.7781 | AP50: 100.0000 | AP70: 89.2696 
UAV_SEQS_45 | mAP50:90: 93.6814 | AP50: 100.0000 | AP70: 100.0000 
UAV_SEQS_47 | mAP50:90: 92.5585 | AP50: 100.0000 | AP70: 100.0000 
UAV_SEQS_55 | mAP50:90: 41.5330 | AP50: 67.1535 | AP70: 40.2247 
UAV_SEQS_59 | mAP50:90: 72.1471 | AP50: 95.8022 | AP70: 79.6126 
UAV_SEQS_6 | mAP50:90: 63.9650 | AP50: 85.9215 | AP70: 70.7189 
UAV_SEQS_63 | mAP50:90: 64.9778 | AP50: 99.0033 | AP70: 76.3538 
UAV_SEQS_65 | mAP50:90: 74.7001 | AP50: 96.5344 | AP70: 92.4330 
UAV_SEQS_7 | mAP50:90: 74.8410 | AP50: 100.0000 | AP70: 81.5463 
UAV_SEQS_71 | mAP50:90: 71.5323 | AP50: 97.4671 | AP70: 82.8574 
UAV_SEQS_73 | mAP50:90: 66.5942 | AP50: 85.3046 | AP70: 76.2179 
UAV_SEQS_74 | mAP50:90: 97.3419 | AP50: 100.0000 | AP70: 100.0000 
UAV_SEQS_77 | mAP50:90: 36.3785 | AP50: 56.2416 | AP70: 43.2476 
UAV_SEQS_8 | mAP50:90: 87.9220 | AP50: 100.0000 | AP70: 97.3062 
Overall            | mAP50:95: 71.9727 | AP50: 90.3153 | AP70: 79.4642 
epoch 33, iter    1: loss: 0.0080 | load time: 0.0048 | back time: 0.4582 | lr: 0.00004429 | best AP50 acc: 0.9089 | best AP70 acc: 0.8004 | best mAP acc: 0.7355 | best mAR acc: 0.7975 | best Score: 0.7355 | best Score epoch: 26 
epoch 33, iter   51: loss: 0.0078 | load time: 0.0002 | back time: 0.8195 | lr: 0.00004416 | best AP50 acc: 0.9089 | best AP70 acc: 0.8004 | best mAP acc: 0.7355 | best mAR acc: 0.7975 | best Score: 0.7355 | best Score epoch: 26 
epoch 33, iter  101: loss: 0.0080 | load time: 0.0002 | back time: 0.8311 | lr: 0.00004403 | best AP50 acc: 0.9089 | best AP70 acc: 0.8004 | best mAP acc: 0.7355 | best mAR acc: 0.7975 | best Score: 0.7355 | best Score epoch: 26 
epoch 33, iter  151: loss: 0.0080 | load time: 0.0002 | back time: 0.8283 | lr: 0.00004389 | best AP50 acc: 0.9089 | best AP70 acc: 0.8004 | best mAP acc: 0.7355 | best mAR acc: 0.7975 | best Score: 0.7355 | best Score epoch: 26 
epoch 33, iter  201: loss: 0.0081 | load time: 0.0003 | back time: 0.8325 | lr: 0.00004376 | best AP50 acc: 0.9089 | best AP70 acc: 0.8004 | best mAP acc: 0.7355 | best mAR acc: 0.7975 | best Score: 0.7355 | best Score epoch: 26 
epoch 33, iter  251: loss: 0.0081 | load time: 0.0002 | back time: 0.8430 | lr: 0.00004362 | best AP50 acc: 0.9089 | best AP70 acc: 0.8004 | best mAP acc: 0.7355 | best mAR acc: 0.7975 | best Score: 0.7355 | best Score epoch: 26 
epoch 33, iter  301: loss: 0.0082 | load time: 0.0003 | back time: 0.8303 | lr: 0.00004349 | best AP50 acc: 0.9089 | best AP70 acc: 0.8004 | best mAP acc: 0.7355 | best mAR acc: 0.7975 | best Score: 0.7355 | best Score epoch: 26 
epoch 33, iter  351: loss: 0.0080 | load time: 0.0002 | back time: 0.8284 | lr: 0.00004336 | best AP50 acc: 0.9089 | best AP70 acc: 0.8004 | best mAP acc: 0.7355 | best mAR acc: 0.7975 | best Score: 0.7355 | best Score epoch: 26 
epoch 33, iter  401: loss: 0.0081 | load time: 0.0001 | back time: 0.8293 | lr: 0.00004322 | best AP50 acc: 0.9089 | best AP70 acc: 0.8004 | best mAP acc: 0.7355 | best mAR acc: 0.7975 | best Score: 0.7355 | best Score epoch: 26 
epoch 33, iter  451: loss: 0.0082 | load time: 0.0002 | back time: 0.8299 | lr: 0.00004309 | best AP50 acc: 0.9089 | best AP70 acc: 0.8004 | best mAP acc: 0.7355 | best mAR acc: 0.7975 | best Score: 0.7355 | best Score epoch: 26 
epoch 33, iter  501: loss: 0.0079 | load time: 0.0001 | back time: 0.8313 | lr: 0.00004296 | best AP50 acc: 0.9089 | best AP70 acc: 0.8004 | best mAP acc: 0.7355 | best mAR acc: 0.7975 | best Score: 0.7355 | best Score epoch: 26 
epoch 33, iter  551: loss: 0.0080 | load time: 0.0002 | back time: 0.8318 | lr: 0.00004282 | best AP50 acc: 0.9089 | best AP70 acc: 0.8004 | best mAP acc: 0.7355 | best mAR acc: 0.7975 | best Score: 0.7355 | best Score epoch: 26 
epoch 33, iter  601: loss: 0.0083 | load time: 0.0002 | back time: 0.8281 | lr: 0.00004269 | best AP50 acc: 0.9089 | best AP70 acc: 0.8004 | best mAP acc: 0.7355 | best mAR acc: 0.7975 | best Score: 0.7355 | best Score epoch: 26 
epoch 33, iter  651: loss: 0.0081 | load time: 0.0002 | back time: 0.8307 | lr: 0.00004256 | best AP50 acc: 0.9089 | best AP70 acc: 0.8004 | best mAP acc: 0.7355 | best mAR acc: 0.7975 | best Score: 0.7355 | best Score epoch: 26 
epoch 33, iter  701: loss: 0.0077 | load time: 0.0001 | back time: 0.8297 | lr: 0.00004242 | best AP50 acc: 0.9089 | best AP70 acc: 0.8004 | best mAP acc: 0.7355 | best mAR acc: 0.7975 | best Score: 0.7355 | best Score epoch: 26 
epoch 33, iter  751: loss: 0.0080 | load time: 0.0003 | back time: 0.8307 | lr: 0.00004229 | best AP50 acc: 0.9089 | best AP70 acc: 0.8004 | best mAP acc: 0.7355 | best mAR acc: 0.7975 | best Score: 0.7355 | best Score epoch: 26 
epoch 33, iter  801: loss: 0.0080 | load time: 0.0002 | back time: 0.8277 | lr: 0.00004216 | best AP50 acc: 0.9089 | best AP70 acc: 0.8004 | best mAP acc: 0.7355 | best mAR acc: 0.7975 | best Score: 0.7355 | best Score epoch: 26 
epoch 33, iter  851: loss: 0.0080 | load time: 0.0003 | back time: 0.8425 | lr: 0.00004202 | best AP50 acc: 0.9089 | best AP70 acc: 0.8004 | best mAP acc: 0.7355 | best mAR acc: 0.7975 | best Score: 0.7355 | best Score epoch: 26 
epoch 33, iter  901: loss: 0.0080 | load time: 0.0003 | back time: 0.8396 | lr: 0.00004189 | best AP50 acc: 0.9089 | best AP70 acc: 0.8004 | best mAP acc: 0.7355 | best mAR acc: 0.7975 | best Score: 0.7355 | best Score epoch: 26 
epoch 33, iter  951: loss: 0.0080 | load time: 0.0002 | back time: 0.8327 | lr: 0.00004176 | best AP50 acc: 0.9089 | best AP70 acc: 0.8004 | best mAP acc: 0.7355 | best mAR acc: 0.7975 | best Score: 0.7355 | best Score epoch: 26 
epoch 33, iter 1001: loss: 0.0080 | load time: 0.0002 | back time: 0.8348 | lr: 0.00004163 | best AP50 acc: 0.9089 | best AP70 acc: 0.8004 | best mAP acc: 0.7355 | best mAR acc: 0.7975 | best Score: 0.7355 | best Score epoch: 26 
epoch 33, iter 1051: loss: 0.0080 | load time: 0.0002 | back time: 0.8321 | lr: 0.00004149 | best AP50 acc: 0.9089 | best AP70 acc: 0.8004 | best mAP acc: 0.7355 | best mAR acc: 0.7975 | best Score: 0.7355 | best Score epoch: 26 
epoch 33, iter 1101: loss: 0.0080 | load time: 0.0001 | back time: 0.8134 | lr: 0.00004136 | best AP50 acc: 0.9089 | best AP70 acc: 0.8004 | best mAP acc: 0.7355 | best mAR acc: 0.7975 | best Score: 0.7355 | best Score epoch: 26 
epoch 33, iter 1151: loss: 0.0078 | load time: 0.0005 | back time: 0.8367 | lr: 0.00004123 | best AP50 acc: 0.9089 | best AP70 acc: 0.8004 | best mAP acc: 0.7355 | best mAR acc: 0.7975 | best Score: 0.7355 | best Score epoch: 26 
UAV_SEQS_2 | mAP50:90: 37.2910 | AP50: 63.5473 | AP70: 39.7830 
UAV_SEQS_37 | mAP50:90: 86.6886 | AP50: 100.0000 | AP70: 90.0771 
UAV_SEQS_45 | mAP50:90: 93.0091 | AP50: 100.0000 | AP70: 100.0000 
UAV_SEQS_47 | mAP50:90: 91.2861 | AP50: 100.0000 | AP70: 98.9670 
UAV_SEQS_55 | mAP50:90: 38.4032 | AP50: 60.1568 | AP70: 37.9239 
UAV_SEQS_59 | mAP50:90: 70.9956 | AP50: 96.2058 | AP70: 78.7693 
UAV_SEQS_6 | mAP50:90: 55.5063 | AP50: 77.3408 | AP70: 62.2129 
UAV_SEQS_63 | mAP50:90: 59.2762 | AP50: 96.6545 | AP70: 67.4217 
UAV_SEQS_65 | mAP50:90: 75.9269 | AP50: 96.4353 | AP70: 92.3205 
UAV_SEQS_7 | mAP50:90: 73.8089 | AP50: 99.0099 | AP70: 86.6417 
UAV_SEQS_71 | mAP50:90: 72.3376 | AP50: 98.5547 | AP70: 79.8035 
UAV_SEQS_73 | mAP50:90: 68.0118 | AP50: 86.4414 | AP70: 79.0864 
UAV_SEQS_74 | mAP50:90: 96.9394 | AP50: 100.0000 | AP70: 100.0000 
UAV_SEQS_77 | mAP50:90: 29.8548 | AP50: 44.6694 | AP70: 34.6722 
UAV_SEQS_8 | mAP50:90: 93.5253 | AP50: 100.0000 | AP70: 97.3985 
Overall            | mAP50:95: 71.2423 | AP50: 89.4035 | AP70: 78.6938 
epoch 34, iter    1: loss: 0.0080 | load time: 0.0042 | back time: 0.4416 | lr: 0.00004122 | best AP50 acc: 0.9089 | best AP70 acc: 0.8004 | best mAP acc: 0.7355 | best mAR acc: 0.7975 | best Score: 0.7355 | best Score epoch: 26 
epoch 34, iter   51: loss: 0.0080 | load time: 0.0003 | back time: 0.8314 | lr: 0.00004109 | best AP50 acc: 0.9089 | best AP70 acc: 0.8004 | best mAP acc: 0.7355 | best mAR acc: 0.7975 | best Score: 0.7355 | best Score epoch: 26 
epoch 34, iter  101: loss: 0.0080 | load time: 0.0001 | back time: 0.8308 | lr: 0.00004096 | best AP50 acc: 0.9089 | best AP70 acc: 0.8004 | best mAP acc: 0.7355 | best mAR acc: 0.7975 | best Score: 0.7355 | best Score epoch: 26 
epoch 34, iter  151: loss: 0.0077 | load time: 0.0003 | back time: 0.8324 | lr: 0.00004082 | best AP50 acc: 0.9089 | best AP70 acc: 0.8004 | best mAP acc: 0.7355 | best mAR acc: 0.7975 | best Score: 0.7355 | best Score epoch: 26 
epoch 34, iter  201: loss: 0.0080 | load time: 0.0002 | back time: 0.8329 | lr: 0.00004069 | best AP50 acc: 0.9089 | best AP70 acc: 0.8004 | best mAP acc: 0.7355 | best mAR acc: 0.7975 | best Score: 0.7355 | best Score epoch: 26 
epoch 34, iter  251: loss: 0.0080 | load time: 0.0002 | back time: 0.8333 | lr: 0.00004056 | best AP50 acc: 0.9089 | best AP70 acc: 0.8004 | best mAP acc: 0.7355 | best mAR acc: 0.7975 | best Score: 0.7355 | best Score epoch: 26 
epoch 34, iter  301: loss: 0.0080 | load time: 0.0001 | back time: 0.8320 | lr: 0.00004043 | best AP50 acc: 0.9089 | best AP70 acc: 0.8004 | best mAP acc: 0.7355 | best mAR acc: 0.7975 | best Score: 0.7355 | best Score epoch: 26 
epoch 34, iter  351: loss: 0.0081 | load time: 0.0003 | back time: 0.8321 | lr: 0.00004030 | best AP50 acc: 0.9089 | best AP70 acc: 0.8004 | best mAP acc: 0.7355 | best mAR acc: 0.7975 | best Score: 0.7355 | best Score epoch: 26 
epoch 34, iter  401: loss: 0.0080 | load time: 0.0002 | back time: 0.8320 | lr: 0.00004016 | best AP50 acc: 0.9089 | best AP70 acc: 0.8004 | best mAP acc: 0.7355 | best mAR acc: 0.7975 | best Score: 0.7355 | best Score epoch: 26 
epoch 34, iter  451: loss: 0.0078 | load time: 0.0003 | back time: 0.8307 | lr: 0.00004003 | best AP50 acc: 0.9089 | best AP70 acc: 0.8004 | best mAP acc: 0.7355 | best mAR acc: 0.7975 | best Score: 0.7355 | best Score epoch: 26 
epoch 34, iter  501: loss: 0.0081 | load time: 0.0002 | back time: 0.8322 | lr: 0.00003990 | best AP50 acc: 0.9089 | best AP70 acc: 0.8004 | best mAP acc: 0.7355 | best mAR acc: 0.7975 | best Score: 0.7355 | best Score epoch: 26 
epoch 34, iter  551: loss: 0.0080 | load time: 0.0003 | back time: 0.8346 | lr: 0.00003977 | best AP50 acc: 0.9089 | best AP70 acc: 0.8004 | best mAP acc: 0.7355 | best mAR acc: 0.7975 | best Score: 0.7355 | best Score epoch: 26 
epoch 34, iter  601: loss: 0.0081 | load time: 0.0003 | back time: 0.8314 | lr: 0.00003964 | best AP50 acc: 0.9089 | best AP70 acc: 0.8004 | best mAP acc: 0.7355 | best mAR acc: 0.7975 | best Score: 0.7355 | best Score epoch: 26 
epoch 34, iter  651: loss: 0.0080 | load time: 0.0001 | back time: 0.8305 | lr: 0.00003950 | best AP50 acc: 0.9089 | best AP70 acc: 0.8004 | best mAP acc: 0.7355 | best mAR acc: 0.7975 | best Score: 0.7355 | best Score epoch: 26 
epoch 34, iter  701: loss: 0.0080 | load time: 0.0002 | back time: 0.8310 | lr: 0.00003937 | best AP50 acc: 0.9089 | best AP70 acc: 0.8004 | best mAP acc: 0.7355 | best mAR acc: 0.7975 | best Score: 0.7355 | best Score epoch: 26 
epoch 34, iter  751: loss: 0.0080 | load time: 0.0001 | back time: 0.8324 | lr: 0.00003924 | best AP50 acc: 0.9089 | best AP70 acc: 0.8004 | best mAP acc: 0.7355 | best mAR acc: 0.7975 | best Score: 0.7355 | best Score epoch: 26 
epoch 34, iter  801: loss: 0.0080 | load time: 0.0002 | back time: 0.8341 | lr: 0.00003911 | best AP50 acc: 0.9089 | best AP70 acc: 0.8004 | best mAP acc: 0.7355 | best mAR acc: 0.7975 | best Score: 0.7355 | best Score epoch: 26 
epoch 34, iter  851: loss: 0.0077 | load time: 0.0003 | back time: 0.8290 | lr: 0.00003898 | best AP50 acc: 0.9089 | best AP70 acc: 0.8004 | best mAP acc: 0.7355 | best mAR acc: 0.7975 | best Score: 0.7355 | best Score epoch: 26 
epoch 34, iter  901: loss: 0.0081 | load time: 0.0001 | back time: 0.8297 | lr: 0.00003885 | best AP50 acc: 0.9089 | best AP70 acc: 0.8004 | best mAP acc: 0.7355 | best mAR acc: 0.7975 | best Score: 0.7355 | best Score epoch: 26 
epoch 34, iter  951: loss: 0.0077 | load time: 0.0002 | back time: 0.8380 | lr: 0.00003872 | best AP50 acc: 0.9089 | best AP70 acc: 0.8004 | best mAP acc: 0.7355 | best mAR acc: 0.7975 | best Score: 0.7355 | best Score epoch: 26 
epoch 34, iter 1001: loss: 0.0081 | load time: 0.0002 | back time: 0.8297 | lr: 0.00003859 | best AP50 acc: 0.9089 | best AP70 acc: 0.8004 | best mAP acc: 0.7355 | best mAR acc: 0.7975 | best Score: 0.7355 | best Score epoch: 26 
epoch 34, iter 1051: loss: 0.0080 | load time: 0.0002 | back time: 0.8157 | lr: 0.00003845 | best AP50 acc: 0.9089 | best AP70 acc: 0.8004 | best mAP acc: 0.7355 | best mAR acc: 0.7975 | best Score: 0.7355 | best Score epoch: 26 
epoch 34, iter 1101: loss: 0.0080 | load time: 0.0001 | back time: 0.8346 | lr: 0.00003832 | best AP50 acc: 0.9089 | best AP70 acc: 0.8004 | best mAP acc: 0.7355 | best mAR acc: 0.7975 | best Score: 0.7355 | best Score epoch: 26 
epoch 34, iter 1151: loss: 0.0080 | load time: 0.0001 | back time: 0.8357 | lr: 0.00003819 | best AP50 acc: 0.9089 | best AP70 acc: 0.8004 | best mAP acc: 0.7355 | best mAR acc: 0.7975 | best Score: 0.7355 | best Score epoch: 26 
UAV_SEQS_2 | mAP50:90: 35.6174 | AP50: 64.7913 | AP70: 34.4871 
UAV_SEQS_37 | mAP50:90: 88.4318 | AP50: 100.0000 | AP70: 94.8754 
UAV_SEQS_45 | mAP50:90: 93.9876 | AP50: 100.0000 | AP70: 100.0000 
UAV_SEQS_47 | mAP50:90: 89.8966 | AP50: 100.0000 | AP70: 97.8234 
UAV_SEQS_55 | mAP50:90: 37.2829 | AP50: 60.9109 | AP70: 39.9304 
UAV_SEQS_59 | mAP50:90: 65.8099 | AP50: 96.0013 | AP70: 73.5961 
UAV_SEQS_6 | mAP50:90: 56.3782 | AP50: 83.3652 | AP70: 62.2420 
UAV_SEQS_63 | mAP50:90: 55.0893 | AP50: 99.0099 | AP70: 61.2889 
UAV_SEQS_65 | mAP50:90: 72.2533 | AP50: 96.6041 | AP70: 89.8547 
UAV_SEQS_7 | mAP50:90: 62.0726 | AP50: 99.0099 | AP70: 70.0143 
UAV_SEQS_71 | mAP50:90: 68.5682 | AP50: 97.2254 | AP70: 79.2000 
UAV_SEQS_73 | mAP50:90: 65.0387 | AP50: 84.6459 | AP70: 76.1855 
UAV_SEQS_74 | mAP50:90: 88.6714 | AP50: 100.0000 | AP70: 100.0000 
UAV_SEQS_77 | mAP50:90: 26.6587 | AP50: 47.1794 | AP70: 29.3646 
UAV_SEQS_8 | mAP50:90: 89.7518 | AP50: 100.0000 | AP70: 100.0000 
Overall            | mAP50:95: 67.7109 | AP50: 89.5911 | AP70: 76.5068 
epoch 35, iter    1: loss: 0.0081 | load time: 0.0037 | back time: 0.4333 | lr: 0.00003819 | best AP50 acc: 0.9089 | best AP70 acc: 0.8004 | best mAP acc: 0.7355 | best mAR acc: 0.7975 | best Score: 0.7355 | best Score epoch: 26 
epoch 35, iter   51: loss: 0.0080 | load time: 0.0001 | back time: 0.8223 | lr: 0.00003806 | best AP50 acc: 0.9089 | best AP70 acc: 0.8004 | best mAP acc: 0.7355 | best mAR acc: 0.7975 | best Score: 0.7355 | best Score epoch: 26 
epoch 35, iter  101: loss: 0.0080 | load time: 0.0001 | back time: 0.8282 | lr: 0.00003793 | best AP50 acc: 0.9089 | best AP70 acc: 0.8004 | best mAP acc: 0.7355 | best mAR acc: 0.7975 | best Score: 0.7355 | best Score epoch: 26 
epoch 35, iter  151: loss: 0.0080 | load time: 0.0002 | back time: 0.8307 | lr: 0.00003780 | best AP50 acc: 0.9089 | best AP70 acc: 0.8004 | best mAP acc: 0.7355 | best mAR acc: 0.7975 | best Score: 0.7355 | best Score epoch: 26 
epoch 35, iter  201: loss: 0.0080 | load time: 0.0002 | back time: 0.8374 | lr: 0.00003766 | best AP50 acc: 0.9089 | best AP70 acc: 0.8004 | best mAP acc: 0.7355 | best mAR acc: 0.7975 | best Score: 0.7355 | best Score epoch: 26 
epoch 35, iter  251: loss: 0.0079 | load time: 0.0002 | back time: 0.8328 | lr: 0.00003753 | best AP50 acc: 0.9089 | best AP70 acc: 0.8004 | best mAP acc: 0.7355 | best mAR acc: 0.7975 | best Score: 0.7355 | best Score epoch: 26 
epoch 35, iter  301: loss: 0.0081 | load time: 0.0003 | back time: 0.8329 | lr: 0.00003740 | best AP50 acc: 0.9089 | best AP70 acc: 0.8004 | best mAP acc: 0.7355 | best mAR acc: 0.7975 | best Score: 0.7355 | best Score epoch: 26 
epoch 35, iter  351: loss: 0.0080 | load time: 0.0002 | back time: 0.8325 | lr: 0.00003727 | best AP50 acc: 0.9089 | best AP70 acc: 0.8004 | best mAP acc: 0.7355 | best mAR acc: 0.7975 | best Score: 0.7355 | best Score epoch: 26 
epoch 35, iter  401: loss: 0.0080 | load time: 0.0001 | back time: 0.8329 | lr: 0.00003714 | best AP50 acc: 0.9089 | best AP70 acc: 0.8004 | best mAP acc: 0.7355 | best mAR acc: 0.7975 | best Score: 0.7355 | best Score epoch: 26 
epoch 35, iter  451: loss: 0.0081 | load time: 0.0001 | back time: 0.8293 | lr: 0.00003701 | best AP50 acc: 0.9089 | best AP70 acc: 0.8004 | best mAP acc: 0.7355 | best mAR acc: 0.7975 | best Score: 0.7355 | best Score epoch: 26 
epoch 35, iter  501: loss: 0.0080 | load time: 0.0002 | back time: 0.8318 | lr: 0.00003688 | best AP50 acc: 0.9089 | best AP70 acc: 0.8004 | best mAP acc: 0.7355 | best mAR acc: 0.7975 | best Score: 0.7355 | best Score epoch: 26 
epoch 35, iter  551: loss: 0.0080 | load time: 0.0002 | back time: 0.8343 | lr: 0.00003675 | best AP50 acc: 0.9089 | best AP70 acc: 0.8004 | best mAP acc: 0.7355 | best mAR acc: 0.7975 | best Score: 0.7355 | best Score epoch: 26 
epoch 35, iter  601: loss: 0.0081 | load time: 0.0002 | back time: 0.8324 | lr: 0.00003663 | best AP50 acc: 0.9089 | best AP70 acc: 0.8004 | best mAP acc: 0.7355 | best mAR acc: 0.7975 | best Score: 0.7355 | best Score epoch: 26 
epoch 35, iter  651: loss: 0.0080 | load time: 0.0001 | back time: 0.8308 | lr: 0.00003650 | best AP50 acc: 0.9089 | best AP70 acc: 0.8004 | best mAP acc: 0.7355 | best mAR acc: 0.7975 | best Score: 0.7355 | best Score epoch: 26 
epoch 35, iter  701: loss: 0.0078 | load time: 0.0001 | back time: 0.8372 | lr: 0.00003637 | best AP50 acc: 0.9089 | best AP70 acc: 0.8004 | best mAP acc: 0.7355 | best mAR acc: 0.7975 | best Score: 0.7355 | best Score epoch: 26 
epoch 35, iter  751: loss: 0.0080 | load time: 0.0002 | back time: 0.8278 | lr: 0.00003624 | best AP50 acc: 0.9089 | best AP70 acc: 0.8004 | best mAP acc: 0.7355 | best mAR acc: 0.7975 | best Score: 0.7355 | best Score epoch: 26 
epoch 35, iter  801: loss: 0.0080 | load time: 0.0003 | back time: 0.8114 | lr: 0.00003611 | best AP50 acc: 0.9089 | best AP70 acc: 0.8004 | best mAP acc: 0.7355 | best mAR acc: 0.7975 | best Score: 0.7355 | best Score epoch: 26 
epoch 35, iter  851: loss: 0.0080 | load time: 0.0002 | back time: 0.8350 | lr: 0.00003598 | best AP50 acc: 0.9089 | best AP70 acc: 0.8004 | best mAP acc: 0.7355 | best mAR acc: 0.7975 | best Score: 0.7355 | best Score epoch: 26 
epoch 35, iter  901: loss: 0.0080 | load time: 0.0002 | back time: 0.8308 | lr: 0.00003585 | best AP50 acc: 0.9089 | best AP70 acc: 0.8004 | best mAP acc: 0.7355 | best mAR acc: 0.7975 | best Score: 0.7355 | best Score epoch: 26 
epoch 35, iter  951: loss: 0.0080 | load time: 0.0004 | back time: 0.8301 | lr: 0.00003572 | best AP50 acc: 0.9089 | best AP70 acc: 0.8004 | best mAP acc: 0.7355 | best mAR acc: 0.7975 | best Score: 0.7355 | best Score epoch: 26 
epoch 35, iter 1001: loss: 0.0080 | load time: 0.0003 | back time: 0.8296 | lr: 0.00003559 | best AP50 acc: 0.9089 | best AP70 acc: 0.8004 | best mAP acc: 0.7355 | best mAR acc: 0.7975 | best Score: 0.7355 | best Score epoch: 26 
epoch 35, iter 1051: loss: 0.0081 | load time: 0.0002 | back time: 0.8300 | lr: 0.00003546 | best AP50 acc: 0.9089 | best AP70 acc: 0.8004 | best mAP acc: 0.7355 | best mAR acc: 0.7975 | best Score: 0.7355 | best Score epoch: 26 
epoch 35, iter 1101: loss: 0.0080 | load time: 0.0003 | back time: 0.8307 | lr: 0.00003533 | best AP50 acc: 0.9089 | best AP70 acc: 0.8004 | best mAP acc: 0.7355 | best mAR acc: 0.7975 | best Score: 0.7355 | best Score epoch: 26 
epoch 35, iter 1151: loss: 0.0081 | load time: 0.0004 | back time: 0.8297 | lr: 0.00003521 | best AP50 acc: 0.9089 | best AP70 acc: 0.8004 | best mAP acc: 0.7355 | best mAR acc: 0.7975 | best Score: 0.7355 | best Score epoch: 26 
UAV_SEQS_2 | mAP50:90: 33.7169 | AP50: 62.4531 | AP70: 32.9205 
UAV_SEQS_37 | mAP50:90: 86.0908 | AP50: 100.0000 | AP70: 87.3778 
UAV_SEQS_45 | mAP50:90: 91.6505 | AP50: 100.0000 | AP70: 100.0000 
UAV_SEQS_47 | mAP50:90: 85.6800 | AP50: 100.0000 | AP70: 95.8254 
UAV_SEQS_55 | mAP50:90: 37.0460 | AP50: 61.1721 | AP70: 38.9582 
UAV_SEQS_59 | mAP50:90: 65.8419 | AP50: 96.2392 | AP70: 69.6582 
UAV_SEQS_6 | mAP50:90: 63.4943 | AP50: 86.3723 | AP70: 67.5545 
UAV_SEQS_63 | mAP50:90: 57.8432 | AP50: 96.9167 | AP70: 67.5146 
UAV_SEQS_65 | mAP50:90: 74.6917 | AP50: 97.2749 | AP70: 90.8526 
UAV_SEQS_7 | mAP50:90: 67.7948 | AP50: 100.0000 | AP70: 75.8825 
UAV_SEQS_71 | mAP50:90: 72.1490 | AP50: 98.1782 | AP70: 79.5978 
UAV_SEQS_73 | mAP50:90: 66.9185 | AP50: 86.1938 | AP70: 75.2772 
UAV_SEQS_74 | mAP50:90: 92.7599 | AP50: 100.0000 | AP70: 100.0000 
UAV_SEQS_77 | mAP50:90: 35.5962 | AP50: 53.8615 | AP70: 42.4552 
UAV_SEQS_8 | mAP50:90: 91.1762 | AP50: 100.0000 | AP70: 100.0000 
Overall            | mAP50:95: 69.2683 | AP50: 90.3646 | AP70: 76.7082 
epoch 36, iter    1: loss: 0.0081 | load time: 0.0042 | back time: 0.4755 | lr: 0.00003520 | best AP50 acc: 0.9089 | best AP70 acc: 0.8004 | best mAP acc: 0.7355 | best mAR acc: 0.7975 | best Score: 0.7355 | best Score epoch: 26 
epoch 36, iter   51: loss: 0.0081 | load time: 0.0002 | back time: 0.8234 | lr: 0.00003507 | best AP50 acc: 0.9089 | best AP70 acc: 0.8004 | best mAP acc: 0.7355 | best mAR acc: 0.7975 | best Score: 0.7355 | best Score epoch: 26 
epoch 36, iter  101: loss: 0.0081 | load time: 0.0002 | back time: 0.8277 | lr: 0.00003494 | best AP50 acc: 0.9089 | best AP70 acc: 0.8004 | best mAP acc: 0.7355 | best mAR acc: 0.7975 | best Score: 0.7355 | best Score epoch: 26 
epoch 36, iter  151: loss: 0.0079 | load time: 0.0003 | back time: 0.8304 | lr: 0.00003482 | best AP50 acc: 0.9089 | best AP70 acc: 0.8004 | best mAP acc: 0.7355 | best mAR acc: 0.7975 | best Score: 0.7355 | best Score epoch: 26 
epoch 36, iter  201: loss: 0.0080 | load time: 0.0002 | back time: 0.8404 | lr: 0.00003469 | best AP50 acc: 0.9089 | best AP70 acc: 0.8004 | best mAP acc: 0.7355 | best mAR acc: 0.7975 | best Score: 0.7355 | best Score epoch: 26 
epoch 36, iter  251: loss: 0.0080 | load time: 0.0002 | back time: 0.8192 | lr: 0.00003456 | best AP50 acc: 0.9089 | best AP70 acc: 0.8004 | best mAP acc: 0.7355 | best mAR acc: 0.7975 | best Score: 0.7355 | best Score epoch: 26 
epoch 36, iter  301: loss: 0.0080 | load time: 0.0002 | back time: 0.8357 | lr: 0.00003443 | best AP50 acc: 0.9089 | best AP70 acc: 0.8004 | best mAP acc: 0.7355 | best mAR acc: 0.7975 | best Score: 0.7355 | best Score epoch: 26 
epoch 36, iter  351: loss: 0.0080 | load time: 0.0002 | back time: 0.8307 | lr: 0.00003431 | best AP50 acc: 0.9089 | best AP70 acc: 0.8004 | best mAP acc: 0.7355 | best mAR acc: 0.7975 | best Score: 0.7355 | best Score epoch: 26 
epoch 36, iter  401: loss: 0.0080 | load time: 0.0002 | back time: 0.8303 | lr: 0.00003418 | best AP50 acc: 0.9089 | best AP70 acc: 0.8004 | best mAP acc: 0.7355 | best mAR acc: 0.7975 | best Score: 0.7355 | best Score epoch: 26 
epoch 36, iter  451: loss: 0.0079 | load time: 0.0003 | back time: 0.8291 | lr: 0.00003405 | best AP50 acc: 0.9089 | best AP70 acc: 0.8004 | best mAP acc: 0.7355 | best mAR acc: 0.7975 | best Score: 0.7355 | best Score epoch: 26 
epoch 36, iter  501: loss: 0.0080 | load time: 0.0003 | back time: 0.8335 | lr: 0.00003392 | best AP50 acc: 0.9089 | best AP70 acc: 0.8004 | best mAP acc: 0.7355 | best mAR acc: 0.7975 | best Score: 0.7355 | best Score epoch: 26 
epoch 36, iter  551: loss: 0.0080 | load time: 0.0002 | back time: 0.8277 | lr: 0.00003380 | best AP50 acc: 0.9089 | best AP70 acc: 0.8004 | best mAP acc: 0.7355 | best mAR acc: 0.7975 | best Score: 0.7355 | best Score epoch: 26 
epoch 36, iter  601: loss: 0.0077 | load time: 0.0001 | back time: 0.8148 | lr: 0.00003367 | best AP50 acc: 0.9089 | best AP70 acc: 0.8004 | best mAP acc: 0.7355 | best mAR acc: 0.7975 | best Score: 0.7355 | best Score epoch: 26 
epoch 36, iter  651: loss: 0.0080 | load time: 0.0002 | back time: 0.8366 | lr: 0.00003354 | best AP50 acc: 0.9089 | best AP70 acc: 0.8004 | best mAP acc: 0.7355 | best mAR acc: 0.7975 | best Score: 0.7355 | best Score epoch: 26 
epoch 36, iter  701: loss: 0.0078 | load time: 0.0001 | back time: 0.8432 | lr: 0.00003342 | best AP50 acc: 0.9089 | best AP70 acc: 0.8004 | best mAP acc: 0.7355 | best mAR acc: 0.7975 | best Score: 0.7355 | best Score epoch: 26 
epoch 36, iter  751: loss: 0.0080 | load time: 0.0002 | back time: 0.8322 | lr: 0.00003329 | best AP50 acc: 0.9089 | best AP70 acc: 0.8004 | best mAP acc: 0.7355 | best mAR acc: 0.7975 | best Score: 0.7355 | best Score epoch: 26 
epoch 36, iter  801: loss: 0.0080 | load time: 0.0002 | back time: 0.8301 | lr: 0.00003316 | best AP50 acc: 0.9089 | best AP70 acc: 0.8004 | best mAP acc: 0.7355 | best mAR acc: 0.7975 | best Score: 0.7355 | best Score epoch: 26 
epoch 36, iter  851: loss: 0.0080 | load time: 0.0002 | back time: 0.8297 | lr: 0.00003304 | best AP50 acc: 0.9089 | best AP70 acc: 0.8004 | best mAP acc: 0.7355 | best mAR acc: 0.7975 | best Score: 0.7355 | best Score epoch: 26 
epoch 36, iter  901: loss: 0.0080 | load time: 0.0001 | back time: 0.8299 | lr: 0.00003291 | best AP50 acc: 0.9089 | best AP70 acc: 0.8004 | best mAP acc: 0.7355 | best mAR acc: 0.7975 | best Score: 0.7355 | best Score epoch: 26 
epoch 36, iter  951: loss: 0.0080 | load time: 0.0003 | back time: 0.8311 | lr: 0.00003278 | best AP50 acc: 0.9089 | best AP70 acc: 0.8004 | best mAP acc: 0.7355 | best mAR acc: 0.7975 | best Score: 0.7355 | best Score epoch: 26 
epoch 36, iter 1001: loss: 0.0079 | load time: 0.0001 | back time: 0.8297 | lr: 0.00003266 | best AP50 acc: 0.9089 | best AP70 acc: 0.8004 | best mAP acc: 0.7355 | best mAR acc: 0.7975 | best Score: 0.7355 | best Score epoch: 26 
epoch 36, iter 1051: loss: 0.0080 | load time: 0.0001 | back time: 0.8307 | lr: 0.00003253 | best AP50 acc: 0.9089 | best AP70 acc: 0.8004 | best mAP acc: 0.7355 | best mAR acc: 0.7975 | best Score: 0.7355 | best Score epoch: 26 
epoch 36, iter 1101: loss: 0.0080 | load time: 0.0001 | back time: 0.8306 | lr: 0.00003241 | best AP50 acc: 0.9089 | best AP70 acc: 0.8004 | best mAP acc: 0.7355 | best mAR acc: 0.7975 | best Score: 0.7355 | best Score epoch: 26 
epoch 36, iter 1151: loss: 0.0079 | load time: 0.0001 | back time: 0.8294 | lr: 0.00003228 | best AP50 acc: 0.9089 | best AP70 acc: 0.8004 | best mAP acc: 0.7355 | best mAR acc: 0.7975 | best Score: 0.7355 | best Score epoch: 26 
UAV_SEQS_2 | mAP50:90: 33.5000 | AP50: 63.0172 | AP70: 30.3738 
UAV_SEQS_37 | mAP50:90: 85.8046 | AP50: 100.0000 | AP70: 90.0212 
UAV_SEQS_45 | mAP50:90: 93.4011 | AP50: 100.0000 | AP70: 100.0000 
UAV_SEQS_47 | mAP50:90: 89.3205 | AP50: 100.0000 | AP70: 97.8693 
UAV_SEQS_55 | mAP50:90: 39.2766 | AP50: 68.1628 | AP70: 40.5875 
UAV_SEQS_59 | mAP50:90: 68.9326 | AP50: 96.2908 | AP70: 76.4291 
UAV_SEQS_6 | mAP50:90: 61.2659 | AP50: 84.5817 | AP70: 64.7191 
UAV_SEQS_63 | mAP50:90: 52.6725 | AP50: 97.9354 | AP70: 55.6087 
UAV_SEQS_65 | mAP50:90: 73.0290 | AP50: 96.3031 | AP70: 91.1814 
UAV_SEQS_7 | mAP50:90: 65.2383 | AP50: 98.9085 | AP70: 64.6162 
UAV_SEQS_71 | mAP50:90: 71.5055 | AP50: 97.3292 | AP70: 78.4425 
UAV_SEQS_73 | mAP50:90: 65.0017 | AP50: 85.6851 | AP70: 75.0851 
UAV_SEQS_74 | mAP50:90: 88.3131 | AP50: 100.0000 | AP70: 100.0000 
UAV_SEQS_77 | mAP50:90: 26.9930 | AP50: 44.3952 | AP70: 33.6360 
UAV_SEQS_8 | mAP50:90: 90.8668 | AP50: 100.0000 | AP70: 97.1347 
Overall            | mAP50:95: 68.1943 | AP50: 89.5872 | AP70: 75.9542 
