epoch  1, iter    1: loss: 0.1341 | load time: 0.1222 | back time: 2.5124 | lr: 0.00000012 | best AP50 acc: 0.0000 | best AP70 acc: 0.0000 | best mAP acc: 0.0000 | best mAR acc: 0.0000 | best Score: 0.0000 | best Score epoch: -1 
epoch  1, iter   51: loss: 0.0968 | load time: 0.0002 | back time: 1.1976 | lr: 0.00000098 | best AP50 acc: 0.0000 | best AP70 acc: 0.0000 | best mAP acc: 0.0000 | best mAR acc: 0.0000 | best Score: 0.0000 | best Score epoch: -1 
epoch  1, iter  101: loss: 0.0537 | load time: 0.0002 | back time: 1.1842 | lr: 0.00000185 | best AP50 acc: 0.0000 | best AP70 acc: 0.0000 | best mAP acc: 0.0000 | best mAR acc: 0.0000 | best Score: 0.0000 | best Score epoch: -1 
epoch  1, iter  151: loss: 0.0256 | load time: 0.0002 | back time: 1.2137 | lr: 0.00000272 | best AP50 acc: 0.0000 | best AP70 acc: 0.0000 | best mAP acc: 0.0000 | best mAR acc: 0.0000 | best Score: 0.0000 | best Score epoch: -1 
epoch  1, iter  201: loss: 0.0121 | load time: 0.0003 | back time: 1.2221 | lr: 0.00000359 | best AP50 acc: 0.0000 | best AP70 acc: 0.0000 | best mAP acc: 0.0000 | best mAR acc: 0.0000 | best Score: 0.0000 | best Score epoch: -1 
epoch  1, iter  251: loss: 0.0091 | load time: 0.0001 | back time: 1.2144 | lr: 0.00000445 | best AP50 acc: 0.0000 | best AP70 acc: 0.0000 | best mAP acc: 0.0000 | best mAR acc: 0.0000 | best Score: 0.0000 | best Score epoch: -1 
epoch  1, iter  301: loss: 0.0063 | load time: 0.0003 | back time: 1.2115 | lr: 0.00000532 | best AP50 acc: 0.0000 | best AP70 acc: 0.0000 | best mAP acc: 0.0000 | best mAR acc: 0.0000 | best Score: 0.0000 | best Score epoch: -1 
epoch  1, iter  351: loss: 0.0052 | load time: 0.0002 | back time: 1.2147 | lr: 0.00000619 | best AP50 acc: 0.0000 | best AP70 acc: 0.0000 | best mAP acc: 0.0000 | best mAR acc: 0.0000 | best Score: 0.0000 | best Score epoch: -1 
epoch  1, iter  401: loss: 0.0038 | load time: 0.0002 | back time: 1.1873 | lr: 0.00000705 | best AP50 acc: 0.0000 | best AP70 acc: 0.0000 | best mAP acc: 0.0000 | best mAR acc: 0.0000 | best Score: 0.0000 | best Score epoch: -1 
epoch  1, iter  451: loss: 0.0033 | load time: 0.0002 | back time: 1.2389 | lr: 0.00000792 | best AP50 acc: 0.0000 | best AP70 acc: 0.0000 | best mAP acc: 0.0000 | best mAR acc: 0.0000 | best Score: 0.0000 | best Score epoch: -1 
epoch  1, iter  501: loss: 0.0030 | load time: 0.0002 | back time: 1.2233 | lr: 0.00000879 | best AP50 acc: 0.0000 | best AP70 acc: 0.0000 | best mAP acc: 0.0000 | best mAR acc: 0.0000 | best Score: 0.0000 | best Score epoch: -1 
epoch  1, iter  551: loss: 0.0025 | load time: 0.0002 | back time: 1.2279 | lr: 0.00000966 | best AP50 acc: 0.0000 | best AP70 acc: 0.0000 | best mAP acc: 0.0000 | best mAR acc: 0.0000 | best Score: 0.0000 | best Score epoch: -1 
epoch  1, iter  601: loss: 0.0024 | load time: 0.0002 | back time: 1.2063 | lr: 0.00001052 | best AP50 acc: 0.0000 | best AP70 acc: 0.0000 | best mAP acc: 0.0000 | best mAR acc: 0.0000 | best Score: 0.0000 | best Score epoch: -1 
epoch  1, iter  651: loss: 0.0023 | load time: 0.0002 | back time: 1.1827 | lr: 0.00001139 | best AP50 acc: 0.0000 | best AP70 acc: 0.0000 | best mAP acc: 0.0000 | best mAR acc: 0.0000 | best Score: 0.0000 | best Score epoch: -1 
epoch  1, iter  701: loss: 0.0020 | load time: 0.0002 | back time: 1.1835 | lr: 0.00001226 | best AP50 acc: 0.0000 | best AP70 acc: 0.0000 | best mAP acc: 0.0000 | best mAR acc: 0.0000 | best Score: 0.0000 | best Score epoch: -1 
epoch  1, iter  751: loss: 0.0019 | load time: 0.0001 | back time: 1.2783 | lr: 0.00001313 | best AP50 acc: 0.0000 | best AP70 acc: 0.0000 | best mAP acc: 0.0000 | best mAR acc: 0.0000 | best Score: 0.0000 | best Score epoch: -1 
epoch  1, iter  801: loss: 0.0020 | load time: 0.0002 | back time: 1.2447 | lr: 0.00001399 | best AP50 acc: 0.0000 | best AP70 acc: 0.0000 | best mAP acc: 0.0000 | best mAR acc: 0.0000 | best Score: 0.0000 | best Score epoch: -1 
epoch  1, iter  851: loss: 0.0018 | load time: 0.0002 | back time: 1.2506 | lr: 0.00001486 | best AP50 acc: 0.0000 | best AP70 acc: 0.0000 | best mAP acc: 0.0000 | best mAR acc: 0.0000 | best Score: 0.0000 | best Score epoch: -1 
epoch  1, iter  901: loss: 0.0017 | load time: 0.0002 | back time: 1.2110 | lr: 0.00001573 | best AP50 acc: 0.0000 | best AP70 acc: 0.0000 | best mAP acc: 0.0000 | best mAR acc: 0.0000 | best Score: 0.0000 | best Score epoch: -1 
epoch  1, iter  951: loss: 0.0017 | load time: 0.0002 | back time: 1.1920 | lr: 0.00001659 | best AP50 acc: 0.0000 | best AP70 acc: 0.0000 | best mAP acc: 0.0000 | best mAR acc: 0.0000 | best Score: 0.0000 | best Score epoch: -1 
epoch  1, iter 1001: loss: 0.0016 | load time: 0.0002 | back time: 1.1886 | lr: 0.00001746 | best AP50 acc: 0.0000 | best AP70 acc: 0.0000 | best mAP acc: 0.0000 | best mAR acc: 0.0000 | best Score: 0.0000 | best Score epoch: -1 
epoch  1, iter 1051: loss: 0.0016 | load time: 0.0002 | back time: 1.2200 | lr: 0.00001833 | best AP50 acc: 0.0000 | best AP70 acc: 0.0000 | best mAP acc: 0.0000 | best mAR acc: 0.0000 | best Score: 0.0000 | best Score epoch: -1 
epoch  1, iter 1101: loss: 0.0015 | load time: 0.0002 | back time: 1.2342 | lr: 0.00001920 | best AP50 acc: 0.0000 | best AP70 acc: 0.0000 | best mAP acc: 0.0000 | best mAR acc: 0.0000 | best Score: 0.0000 | best Score epoch: -1 
epoch  1, iter 1151: loss: 0.0015 | load time: 0.0001 | back time: 1.2245 | lr: 0.00002006 | best AP50 acc: 0.0000 | best AP70 acc: 0.0000 | best mAP acc: 0.0000 | best mAR acc: 0.0000 | best Score: 0.0000 | best Score epoch: -1 
epoch  2, iter    1: loss: 0.0015 | load time: 0.0005 | back time: 0.6899 | lr: 0.00002010 | best AP50 acc: 0.0000 | best AP70 acc: 0.0000 | best mAP acc: 0.0000 | best mAR acc: 0.0000 | best Score: 0.0000 | best Score epoch: -1 
epoch  2, iter   51: loss: 0.0015 | load time: 0.0003 | back time: 1.2704 | lr: 0.00002096 | best AP50 acc: 0.0000 | best AP70 acc: 0.0000 | best mAP acc: 0.0000 | best mAR acc: 0.0000 | best Score: 0.0000 | best Score epoch: -1 
epoch  2, iter  101: loss: 0.0014 | load time: 0.0002 | back time: 1.2374 | lr: 0.00002183 | best AP50 acc: 0.0000 | best AP70 acc: 0.0000 | best mAP acc: 0.0000 | best mAR acc: 0.0000 | best Score: 0.0000 | best Score epoch: -1 
epoch  2, iter  151: loss: 0.0015 | load time: 0.0002 | back time: 1.2236 | lr: 0.00002270 | best AP50 acc: 0.0000 | best AP70 acc: 0.0000 | best mAP acc: 0.0000 | best mAR acc: 0.0000 | best Score: 0.0000 | best Score epoch: -1 
epoch  2, iter  201: loss: 0.0015 | load time: 0.0003 | back time: 1.2299 | lr: 0.00002357 | best AP50 acc: 0.0000 | best AP70 acc: 0.0000 | best mAP acc: 0.0000 | best mAR acc: 0.0000 | best Score: 0.0000 | best Score epoch: -1 
epoch  2, iter  251: loss: 0.0013 | load time: 0.0002 | back time: 1.2250 | lr: 0.00002443 | best AP50 acc: 0.0000 | best AP70 acc: 0.0000 | best mAP acc: 0.0000 | best mAR acc: 0.0000 | best Score: 0.0000 | best Score epoch: -1 
epoch  2, iter  301: loss: 0.0012 | load time: 0.0002 | back time: 1.2271 | lr: 0.00002530 | best AP50 acc: 0.0000 | best AP70 acc: 0.0000 | best mAP acc: 0.0000 | best mAR acc: 0.0000 | best Score: 0.0000 | best Score epoch: -1 
epoch  2, iter  351: loss: 0.0013 | load time: 0.0002 | back time: 1.2104 | lr: 0.00002617 | best AP50 acc: 0.0000 | best AP70 acc: 0.0000 | best mAP acc: 0.0000 | best mAR acc: 0.0000 | best Score: 0.0000 | best Score epoch: -1 
epoch  2, iter  401: loss: 0.0012 | load time: 0.0002 | back time: 1.2321 | lr: 0.00002703 | best AP50 acc: 0.0000 | best AP70 acc: 0.0000 | best mAP acc: 0.0000 | best mAR acc: 0.0000 | best Score: 0.0000 | best Score epoch: -1 
epoch  2, iter  451: loss: 0.0012 | load time: 0.0002 | back time: 1.2210 | lr: 0.00002790 | best AP50 acc: 0.0000 | best AP70 acc: 0.0000 | best mAP acc: 0.0000 | best mAR acc: 0.0000 | best Score: 0.0000 | best Score epoch: -1 
epoch  2, iter  501: loss: 0.0014 | load time: 0.0001 | back time: 1.2208 | lr: 0.00002877 | best AP50 acc: 0.0000 | best AP70 acc: 0.0000 | best mAP acc: 0.0000 | best mAR acc: 0.0000 | best Score: 0.0000 | best Score epoch: -1 
epoch  2, iter  551: loss: 0.0012 | load time: 0.0002 | back time: 1.2294 | lr: 0.00002964 | best AP50 acc: 0.0000 | best AP70 acc: 0.0000 | best mAP acc: 0.0000 | best mAR acc: 0.0000 | best Score: 0.0000 | best Score epoch: -1 
epoch  2, iter  601: loss: 0.0013 | load time: 0.0003 | back time: 1.2224 | lr: 0.00003050 | best AP50 acc: 0.0000 | best AP70 acc: 0.0000 | best mAP acc: 0.0000 | best mAR acc: 0.0000 | best Score: 0.0000 | best Score epoch: -1 
epoch  2, iter  651: loss: 0.0013 | load time: 0.0002 | back time: 1.2267 | lr: 0.00003137 | best AP50 acc: 0.0000 | best AP70 acc: 0.0000 | best mAP acc: 0.0000 | best mAR acc: 0.0000 | best Score: 0.0000 | best Score epoch: -1 
epoch  2, iter  701: loss: 0.0011 | load time: 0.0001 | back time: 1.2332 | lr: 0.00003224 | best AP50 acc: 0.0000 | best AP70 acc: 0.0000 | best mAP acc: 0.0000 | best mAR acc: 0.0000 | best Score: 0.0000 | best Score epoch: -1 
epoch  2, iter  751: loss: 0.0011 | load time: 0.0002 | back time: 1.2311 | lr: 0.00003311 | best AP50 acc: 0.0000 | best AP70 acc: 0.0000 | best mAP acc: 0.0000 | best mAR acc: 0.0000 | best Score: 0.0000 | best Score epoch: -1 
epoch  2, iter  801: loss: 0.0012 | load time: 0.0002 | back time: 1.2398 | lr: 0.00003397 | best AP50 acc: 0.0000 | best AP70 acc: 0.0000 | best mAP acc: 0.0000 | best mAR acc: 0.0000 | best Score: 0.0000 | best Score epoch: -1 
epoch  2, iter  851: loss: 0.0011 | load time: 0.0002 | back time: 1.2497 | lr: 0.00003484 | best AP50 acc: 0.0000 | best AP70 acc: 0.0000 | best mAP acc: 0.0000 | best mAR acc: 0.0000 | best Score: 0.0000 | best Score epoch: -1 
epoch  2, iter  901: loss: 0.0011 | load time: 0.0002 | back time: 1.2221 | lr: 0.00003571 | best AP50 acc: 0.0000 | best AP70 acc: 0.0000 | best mAP acc: 0.0000 | best mAR acc: 0.0000 | best Score: 0.0000 | best Score epoch: -1 
epoch  2, iter  951: loss: 0.0008 | load time: 0.0002 | back time: 1.2315 | lr: 0.00003657 | best AP50 acc: 0.0000 | best AP70 acc: 0.0000 | best mAP acc: 0.0000 | best mAR acc: 0.0000 | best Score: 0.0000 | best Score epoch: -1 
epoch  2, iter 1001: loss: 0.0009 | load time: 0.0002 | back time: 1.2244 | lr: 0.00003744 | best AP50 acc: 0.0000 | best AP70 acc: 0.0000 | best mAP acc: 0.0000 | best mAR acc: 0.0000 | best Score: 0.0000 | best Score epoch: -1 
epoch  2, iter 1051: loss: 0.0013 | load time: 0.0002 | back time: 1.2316 | lr: 0.00003831 | best AP50 acc: 0.0000 | best AP70 acc: 0.0000 | best mAP acc: 0.0000 | best mAR acc: 0.0000 | best Score: 0.0000 | best Score epoch: -1 
epoch  2, iter 1101: loss: 0.0012 | load time: 0.0002 | back time: 1.2256 | lr: 0.00003918 | best AP50 acc: 0.0000 | best AP70 acc: 0.0000 | best mAP acc: 0.0000 | best mAR acc: 0.0000 | best Score: 0.0000 | best Score epoch: -1 
epoch  2, iter 1151: loss: 0.0009 | load time: 0.0001 | back time: 1.2240 | lr: 0.00004004 | best AP50 acc: 0.0000 | best AP70 acc: 0.0000 | best mAP acc: 0.0000 | best mAR acc: 0.0000 | best Score: 0.0000 | best Score epoch: -1 
epoch  3, iter    1: loss: 0.0008 | load time: 0.0005 | back time: 0.6904 | lr: 0.00004008 | best AP50 acc: 0.0000 | best AP70 acc: 0.0000 | best mAP acc: 0.0000 | best mAR acc: 0.0000 | best Score: 0.0000 | best Score epoch: -1 
epoch  3, iter   51: loss: 0.0009 | load time: 0.0003 | back time: 1.2942 | lr: 0.00004094 | best AP50 acc: 0.0000 | best AP70 acc: 0.0000 | best mAP acc: 0.0000 | best mAR acc: 0.0000 | best Score: 0.0000 | best Score epoch: -1 
epoch  3, iter  101: loss: 0.0010 | load time: 0.0002 | back time: 1.2457 | lr: 0.00004181 | best AP50 acc: 0.0000 | best AP70 acc: 0.0000 | best mAP acc: 0.0000 | best mAR acc: 0.0000 | best Score: 0.0000 | best Score epoch: -1 
epoch  3, iter  151: loss: 0.0010 | load time: 0.0003 | back time: 1.2166 | lr: 0.00004268 | best AP50 acc: 0.0000 | best AP70 acc: 0.0000 | best mAP acc: 0.0000 | best mAR acc: 0.0000 | best Score: 0.0000 | best Score epoch: -1 
epoch  3, iter  201: loss: 0.0007 | load time: 0.0003 | back time: 1.2267 | lr: 0.00004355 | best AP50 acc: 0.0000 | best AP70 acc: 0.0000 | best mAP acc: 0.0000 | best mAR acc: 0.0000 | best Score: 0.0000 | best Score epoch: -1 
epoch  3, iter  251: loss: 0.0006 | load time: 0.0001 | back time: 1.2289 | lr: 0.00004441 | best AP50 acc: 0.0000 | best AP70 acc: 0.0000 | best mAP acc: 0.0000 | best mAR acc: 0.0000 | best Score: 0.0000 | best Score epoch: -1 
epoch  3, iter  301: loss: 0.0012 | load time: 0.0001 | back time: 1.2379 | lr: 0.00004528 | best AP50 acc: 0.0000 | best AP70 acc: 0.0000 | best mAP acc: 0.0000 | best mAR acc: 0.0000 | best Score: 0.0000 | best Score epoch: -1 
epoch  3, iter  351: loss: 0.0012 | load time: 0.0002 | back time: 1.1865 | lr: 0.00004615 | best AP50 acc: 0.0000 | best AP70 acc: 0.0000 | best mAP acc: 0.0000 | best mAR acc: 0.0000 | best Score: 0.0000 | best Score epoch: -1 
epoch  3, iter  401: loss: 0.0008 | load time: 0.0002 | back time: 1.2406 | lr: 0.00004701 | best AP50 acc: 0.0000 | best AP70 acc: 0.0000 | best mAP acc: 0.0000 | best mAR acc: 0.0000 | best Score: 0.0000 | best Score epoch: -1 
epoch  3, iter  451: loss: 0.0010 | load time: 0.0003 | back time: 1.2282 | lr: 0.00004788 | best AP50 acc: 0.0000 | best AP70 acc: 0.0000 | best mAP acc: 0.0000 | best mAR acc: 0.0000 | best Score: 0.0000 | best Score epoch: -1 
epoch  3, iter  501: loss: 0.0008 | load time: 0.0002 | back time: 1.2231 | lr: 0.00004875 | best AP50 acc: 0.0000 | best AP70 acc: 0.0000 | best mAP acc: 0.0000 | best mAR acc: 0.0000 | best Score: 0.0000 | best Score epoch: -1 
epoch  3, iter  551: loss: 0.0011 | load time: 0.0002 | back time: 1.2356 | lr: 0.00004962 | best AP50 acc: 0.0000 | best AP70 acc: 0.0000 | best mAP acc: 0.0000 | best mAR acc: 0.0000 | best Score: 0.0000 | best Score epoch: -1 
epoch  3, iter  601: loss: 0.0010 | load time: 0.0002 | back time: 1.2333 | lr: 0.00005048 | best AP50 acc: 0.0000 | best AP70 acc: 0.0000 | best mAP acc: 0.0000 | best mAR acc: 0.0000 | best Score: 0.0000 | best Score epoch: -1 
epoch  3, iter  651: loss: 0.0006 | load time: 0.0003 | back time: 1.2290 | lr: 0.00005135 | best AP50 acc: 0.0000 | best AP70 acc: 0.0000 | best mAP acc: 0.0000 | best mAR acc: 0.0000 | best Score: 0.0000 | best Score epoch: -1 
epoch  3, iter  701: loss: 0.0012 | load time: 0.0002 | back time: 1.2343 | lr: 0.00005222 | best AP50 acc: 0.0000 | best AP70 acc: 0.0000 | best mAP acc: 0.0000 | best mAR acc: 0.0000 | best Score: 0.0000 | best Score epoch: -1 
epoch  3, iter  751: loss: 0.0006 | load time: 0.0001 | back time: 1.2315 | lr: 0.00005309 | best AP50 acc: 0.0000 | best AP70 acc: 0.0000 | best mAP acc: 0.0000 | best mAR acc: 0.0000 | best Score: 0.0000 | best Score epoch: -1 
epoch  3, iter  801: loss: 0.0005 | load time: 0.0001 | back time: 1.0894 | lr: 0.00005395 | best AP50 acc: 0.0000 | best AP70 acc: 0.0000 | best mAP acc: 0.0000 | best mAR acc: 0.0000 | best Score: 0.0000 | best Score epoch: -1 
epoch  3, iter  851: loss: 0.0007 | load time: 0.0003 | back time: 1.1615 | lr: 0.00005482 | best AP50 acc: 0.0000 | best AP70 acc: 0.0000 | best mAP acc: 0.0000 | best mAR acc: 0.0000 | best Score: 0.0000 | best Score epoch: -1 
epoch  3, iter  901: loss: 0.0010 | load time: 0.0001 | back time: 1.1933 | lr: 0.00005569 | best AP50 acc: 0.0000 | best AP70 acc: 0.0000 | best mAP acc: 0.0000 | best mAR acc: 0.0000 | best Score: 0.0000 | best Score epoch: -1 
epoch  3, iter  951: loss: 0.0010 | load time: 0.0004 | back time: 1.1977 | lr: 0.00005655 | best AP50 acc: 0.0000 | best AP70 acc: 0.0000 | best mAP acc: 0.0000 | best mAR acc: 0.0000 | best Score: 0.0000 | best Score epoch: -1 
epoch  3, iter 1001: loss: 0.0007 | load time: 0.0002 | back time: 1.2170 | lr: 0.00005742 | best AP50 acc: 0.0000 | best AP70 acc: 0.0000 | best mAP acc: 0.0000 | best mAR acc: 0.0000 | best Score: 0.0000 | best Score epoch: -1 
epoch  3, iter 1051: loss: 0.0007 | load time: 0.0001 | back time: 1.2158 | lr: 0.00005829 | best AP50 acc: 0.0000 | best AP70 acc: 0.0000 | best mAP acc: 0.0000 | best mAR acc: 0.0000 | best Score: 0.0000 | best Score epoch: -1 
epoch  3, iter 1101: loss: 0.0009 | load time: 0.0002 | back time: 1.2109 | lr: 0.00005916 | best AP50 acc: 0.0000 | best AP70 acc: 0.0000 | best mAP acc: 0.0000 | best mAR acc: 0.0000 | best Score: 0.0000 | best Score epoch: -1 
epoch  3, iter 1151: loss: 0.0009 | load time: 0.0001 | back time: 1.2155 | lr: 0.00006002 | best AP50 acc: 0.0000 | best AP70 acc: 0.0000 | best mAP acc: 0.0000 | best mAR acc: 0.0000 | best Score: 0.0000 | best Score epoch: -1 
epoch  4, iter    1: loss: 0.0006 | load time: 0.0003 | back time: 0.5885 | lr: 0.00006006 | best AP50 acc: 0.0000 | best AP70 acc: 0.0000 | best mAP acc: 0.0000 | best mAR acc: 0.0000 | best Score: 0.0000 | best Score epoch: -1 
epoch  4, iter   51: loss: 0.0004 | load time: 0.0002 | back time: 1.2134 | lr: 0.00006092 | best AP50 acc: 0.0000 | best AP70 acc: 0.0000 | best mAP acc: 0.0000 | best mAR acc: 0.0000 | best Score: 0.0000 | best Score epoch: -1 
epoch  4, iter  101: loss: 0.0009 | load time: 0.0002 | back time: 1.1863 | lr: 0.00006179 | best AP50 acc: 0.0000 | best AP70 acc: 0.0000 | best mAP acc: 0.0000 | best mAR acc: 0.0000 | best Score: 0.0000 | best Score epoch: -1 
epoch  4, iter  151: loss: 0.0011 | load time: 0.0002 | back time: 1.2907 | lr: 0.00006266 | best AP50 acc: 0.0000 | best AP70 acc: 0.0000 | best mAP acc: 0.0000 | best mAR acc: 0.0000 | best Score: 0.0000 | best Score epoch: -1 
epoch  4, iter  201: loss: 0.0012 | load time: 0.0003 | back time: 1.2291 | lr: 0.00006353 | best AP50 acc: 0.0000 | best AP70 acc: 0.0000 | best mAP acc: 0.0000 | best mAR acc: 0.0000 | best Score: 0.0000 | best Score epoch: -1 
epoch  4, iter  251: loss: 0.0006 | load time: 0.0001 | back time: 1.2169 | lr: 0.00006439 | best AP50 acc: 0.0000 | best AP70 acc: 0.0000 | best mAP acc: 0.0000 | best mAR acc: 0.0000 | best Score: 0.0000 | best Score epoch: -1 
epoch  4, iter  301: loss: 0.0010 | load time: 0.0002 | back time: 1.2176 | lr: 0.00006526 | best AP50 acc: 0.0000 | best AP70 acc: 0.0000 | best mAP acc: 0.0000 | best mAR acc: 0.0000 | best Score: 0.0000 | best Score epoch: -1 
epoch  4, iter  351: loss: 0.0005 | load time: 0.0001 | back time: 1.2190 | lr: 0.00006613 | best AP50 acc: 0.0000 | best AP70 acc: 0.0000 | best mAP acc: 0.0000 | best mAR acc: 0.0000 | best Score: 0.0000 | best Score epoch: -1 
epoch  4, iter  401: loss: 0.0005 | load time: 0.0003 | back time: 1.2193 | lr: 0.00006699 | best AP50 acc: 0.0000 | best AP70 acc: 0.0000 | best mAP acc: 0.0000 | best mAR acc: 0.0000 | best Score: 0.0000 | best Score epoch: -1 
epoch  4, iter  451: loss: 0.0009 | load time: 0.0002 | back time: 1.1889 | lr: 0.00006786 | best AP50 acc: 0.0000 | best AP70 acc: 0.0000 | best mAP acc: 0.0000 | best mAR acc: 0.0000 | best Score: 0.0000 | best Score epoch: -1 
epoch  4, iter  501: loss: 0.0007 | load time: 0.0002 | back time: 1.2132 | lr: 0.00006873 | best AP50 acc: 0.0000 | best AP70 acc: 0.0000 | best mAP acc: 0.0000 | best mAR acc: 0.0000 | best Score: 0.0000 | best Score epoch: -1 
epoch  4, iter  551: loss: 0.0009 | load time: 0.0002 | back time: 1.2105 | lr: 0.00006960 | best AP50 acc: 0.0000 | best AP70 acc: 0.0000 | best mAP acc: 0.0000 | best mAR acc: 0.0000 | best Score: 0.0000 | best Score epoch: -1 
epoch  4, iter  601: loss: 0.0007 | load time: 0.0001 | back time: 1.2117 | lr: 0.00007046 | best AP50 acc: 0.0000 | best AP70 acc: 0.0000 | best mAP acc: 0.0000 | best mAR acc: 0.0000 | best Score: 0.0000 | best Score epoch: -1 
epoch  4, iter  651: loss: 0.0005 | load time: 0.0002 | back time: 1.2152 | lr: 0.00007133 | best AP50 acc: 0.0000 | best AP70 acc: 0.0000 | best mAP acc: 0.0000 | best mAR acc: 0.0000 | best Score: 0.0000 | best Score epoch: -1 
epoch  4, iter  701: loss: 0.0006 | load time: 0.0002 | back time: 1.2076 | lr: 0.00007220 | best AP50 acc: 0.0000 | best AP70 acc: 0.0000 | best mAP acc: 0.0000 | best mAR acc: 0.0000 | best Score: 0.0000 | best Score epoch: -1 
epoch  4, iter  751: loss: 0.0005 | load time: 0.0002 | back time: 1.1870 | lr: 0.00007307 | best AP50 acc: 0.0000 | best AP70 acc: 0.0000 | best mAP acc: 0.0000 | best mAR acc: 0.0000 | best Score: 0.0000 | best Score epoch: -1 
epoch  4, iter  801: loss: 0.0008 | load time: 0.0002 | back time: 1.2754 | lr: 0.00007393 | best AP50 acc: 0.0000 | best AP70 acc: 0.0000 | best mAP acc: 0.0000 | best mAR acc: 0.0000 | best Score: 0.0000 | best Score epoch: -1 
epoch  4, iter  851: loss: 0.0009 | load time: 0.0002 | back time: 1.1818 | lr: 0.00007480 | best AP50 acc: 0.0000 | best AP70 acc: 0.0000 | best mAP acc: 0.0000 | best mAR acc: 0.0000 | best Score: 0.0000 | best Score epoch: -1 
epoch  4, iter  901: loss: 0.0010 | load time: 0.0002 | back time: 1.1753 | lr: 0.00007567 | best AP50 acc: 0.0000 | best AP70 acc: 0.0000 | best mAP acc: 0.0000 | best mAR acc: 0.0000 | best Score: 0.0000 | best Score epoch: -1 
epoch  4, iter  951: loss: 0.0006 | load time: 0.0002 | back time: 1.1779 | lr: 0.00007653 | best AP50 acc: 0.0000 | best AP70 acc: 0.0000 | best mAP acc: 0.0000 | best mAR acc: 0.0000 | best Score: 0.0000 | best Score epoch: -1 
epoch  4, iter 1001: loss: 0.0009 | load time: 0.0002 | back time: 1.2022 | lr: 0.00007740 | best AP50 acc: 0.0000 | best AP70 acc: 0.0000 | best mAP acc: 0.0000 | best mAR acc: 0.0000 | best Score: 0.0000 | best Score epoch: -1 
epoch  4, iter 1051: loss: 0.0009 | load time: 0.0002 | back time: 1.2455 | lr: 0.00007827 | best AP50 acc: 0.0000 | best AP70 acc: 0.0000 | best mAP acc: 0.0000 | best mAR acc: 0.0000 | best Score: 0.0000 | best Score epoch: -1 
epoch  4, iter 1101: loss: 0.0003 | load time: 0.0002 | back time: 1.2082 | lr: 0.00007914 | best AP50 acc: 0.0000 | best AP70 acc: 0.0000 | best mAP acc: 0.0000 | best mAR acc: 0.0000 | best Score: 0.0000 | best Score epoch: -1 
epoch  4, iter 1151: loss: 0.0005 | load time: 0.0001 | back time: 1.2000 | lr: 0.00008000 | best AP50 acc: 0.0000 | best AP70 acc: 0.0000 | best mAP acc: 0.0000 | best mAR acc: 0.0000 | best Score: 0.0000 | best Score epoch: -1 
epoch  5, iter    1: loss: 0.0009 | load time: 0.0008 | back time: 0.6557 | lr: 0.00008004 | best AP50 acc: 0.0000 | best AP70 acc: 0.0000 | best mAP acc: 0.0000 | best mAR acc: 0.0000 | best Score: 0.0000 | best Score epoch: -1 
epoch  5, iter   51: loss: 0.0005 | load time: 0.0002 | back time: 1.1950 | lr: 0.00008090 | best AP50 acc: 0.0000 | best AP70 acc: 0.0000 | best mAP acc: 0.0000 | best mAR acc: 0.0000 | best Score: 0.0000 | best Score epoch: -1 
epoch  5, iter  101: loss: 0.0002 | load time: 0.0002 | back time: 1.2840 | lr: 0.00008177 | best AP50 acc: 0.0000 | best AP70 acc: 0.0000 | best mAP acc: 0.0000 | best mAR acc: 0.0000 | best Score: 0.0000 | best Score epoch: -1 
epoch  5, iter  151: loss: 0.0005 | load time: 0.0002 | back time: 1.1867 | lr: 0.00008264 | best AP50 acc: 0.0000 | best AP70 acc: 0.0000 | best mAP acc: 0.0000 | best mAR acc: 0.0000 | best Score: 0.0000 | best Score epoch: -1 
epoch  5, iter  201: loss: 0.0003 | load time: 0.0002 | back time: 1.2192 | lr: 0.00008351 | best AP50 acc: 0.0000 | best AP70 acc: 0.0000 | best mAP acc: 0.0000 | best mAR acc: 0.0000 | best Score: 0.0000 | best Score epoch: -1 
epoch  5, iter  251: loss: 0.0008 | load time: 0.0003 | back time: 1.2235 | lr: 0.00008437 | best AP50 acc: 0.0000 | best AP70 acc: 0.0000 | best mAP acc: 0.0000 | best mAR acc: 0.0000 | best Score: 0.0000 | best Score epoch: -1 
epoch  5, iter  301: loss: 0.0007 | load time: 0.0003 | back time: 1.2063 | lr: 0.00008524 | best AP50 acc: 0.0000 | best AP70 acc: 0.0000 | best mAP acc: 0.0000 | best mAR acc: 0.0000 | best Score: 0.0000 | best Score epoch: -1 
epoch  5, iter  351: loss: 0.0007 | load time: 0.0002 | back time: 1.2061 | lr: 0.00008611 | best AP50 acc: 0.0000 | best AP70 acc: 0.0000 | best mAP acc: 0.0000 | best mAR acc: 0.0000 | best Score: 0.0000 | best Score epoch: -1 
epoch  5, iter  401: loss: 0.0006 | load time: 0.0002 | back time: 1.1986 | lr: 0.00008697 | best AP50 acc: 0.0000 | best AP70 acc: 0.0000 | best mAP acc: 0.0000 | best mAR acc: 0.0000 | best Score: 0.0000 | best Score epoch: -1 
epoch  5, iter  451: loss: 0.0005 | load time: 0.0002 | back time: 1.1941 | lr: 0.00008784 | best AP50 acc: 0.0000 | best AP70 acc: 0.0000 | best mAP acc: 0.0000 | best mAR acc: 0.0000 | best Score: 0.0000 | best Score epoch: -1 
epoch  5, iter  501: loss: 0.0008 | load time: 0.0002 | back time: 1.2262 | lr: 0.00008871 | best AP50 acc: 0.0000 | best AP70 acc: 0.0000 | best mAP acc: 0.0000 | best mAR acc: 0.0000 | best Score: 0.0000 | best Score epoch: -1 
epoch  5, iter  551: loss: 0.0008 | load time: 0.0002 | back time: 1.2066 | lr: 0.00008958 | best AP50 acc: 0.0000 | best AP70 acc: 0.0000 | best mAP acc: 0.0000 | best mAR acc: 0.0000 | best Score: 0.0000 | best Score epoch: -1 
epoch  5, iter  601: loss: 0.0003 | load time: 0.0002 | back time: 1.2138 | lr: 0.00009044 | best AP50 acc: 0.0000 | best AP70 acc: 0.0000 | best mAP acc: 0.0000 | best mAR acc: 0.0000 | best Score: 0.0000 | best Score epoch: -1 
epoch  5, iter  651: loss: 0.0003 | load time: 0.0002 | back time: 1.2244 | lr: 0.00009131 | best AP50 acc: 0.0000 | best AP70 acc: 0.0000 | best mAP acc: 0.0000 | best mAR acc: 0.0000 | best Score: 0.0000 | best Score epoch: -1 
epoch  5, iter  701: loss: 0.0005 | load time: 0.0002 | back time: 1.2413 | lr: 0.00009218 | best AP50 acc: 0.0000 | best AP70 acc: 0.0000 | best mAP acc: 0.0000 | best mAR acc: 0.0000 | best Score: 0.0000 | best Score epoch: -1 
epoch  5, iter  751: loss: 0.0006 | load time: 0.0002 | back time: 1.2199 | lr: 0.00009305 | best AP50 acc: 0.0000 | best AP70 acc: 0.0000 | best mAP acc: 0.0000 | best mAR acc: 0.0000 | best Score: 0.0000 | best Score epoch: -1 
epoch  5, iter  801: loss: 0.0006 | load time: 0.0002 | back time: 1.2165 | lr: 0.00009391 | best AP50 acc: 0.0000 | best AP70 acc: 0.0000 | best mAP acc: 0.0000 | best mAR acc: 0.0000 | best Score: 0.0000 | best Score epoch: -1 
epoch  5, iter  851: loss: 0.0006 | load time: 0.0002 | back time: 1.2205 | lr: 0.00009478 | best AP50 acc: 0.0000 | best AP70 acc: 0.0000 | best mAP acc: 0.0000 | best mAR acc: 0.0000 | best Score: 0.0000 | best Score epoch: -1 
epoch  5, iter  901: loss: 0.0004 | load time: 0.0002 | back time: 1.2198 | lr: 0.00009565 | best AP50 acc: 0.0000 | best AP70 acc: 0.0000 | best mAP acc: 0.0000 | best mAR acc: 0.0000 | best Score: 0.0000 | best Score epoch: -1 
epoch  5, iter  951: loss: 0.0004 | load time: 0.0002 | back time: 1.2334 | lr: 0.00009651 | best AP50 acc: 0.0000 | best AP70 acc: 0.0000 | best mAP acc: 0.0000 | best mAR acc: 0.0000 | best Score: 0.0000 | best Score epoch: -1 
epoch  5, iter 1001: loss: 0.0005 | load time: 0.0002 | back time: 1.2204 | lr: 0.00009738 | best AP50 acc: 0.0000 | best AP70 acc: 0.0000 | best mAP acc: 0.0000 | best mAR acc: 0.0000 | best Score: 0.0000 | best Score epoch: -1 
epoch  5, iter 1051: loss: 0.0001 | load time: 0.0002 | back time: 1.2179 | lr: 0.00009825 | best AP50 acc: 0.0000 | best AP70 acc: 0.0000 | best mAP acc: 0.0000 | best mAR acc: 0.0000 | best Score: 0.0000 | best Score epoch: -1 
epoch  5, iter 1101: loss: 0.0007 | load time: 0.0003 | back time: 1.2175 | lr: 0.00009912 | best AP50 acc: 0.0000 | best AP70 acc: 0.0000 | best mAP acc: 0.0000 | best mAR acc: 0.0000 | best Score: 0.0000 | best Score epoch: -1 
epoch  5, iter 1151: loss: 0.0006 | load time: 0.0001 | back time: 1.2014 | lr: 0.00009998 | best AP50 acc: 0.0000 | best AP70 acc: 0.0000 | best mAP acc: 0.0000 | best mAR acc: 0.0000 | best Score: 0.0000 | best Score epoch: -1 
epoch  6, iter    1: loss: 0.0010 | load time: 0.0005 | back time: 0.6593 | lr: 0.00010000 | best AP50 acc: 0.0000 | best AP70 acc: 0.0000 | best mAP acc: 0.0000 | best mAR acc: 0.0000 | best Score: 0.0000 | best Score epoch: -1 
epoch  6, iter   51: loss: 0.0004 | load time: 0.0002 | back time: 1.2127 | lr: 0.00010000 | best AP50 acc: 0.0000 | best AP70 acc: 0.0000 | best mAP acc: 0.0000 | best mAR acc: 0.0000 | best Score: 0.0000 | best Score epoch: -1 
epoch  6, iter  101: loss: 0.0006 | load time: 0.0002 | back time: 1.2886 | lr: 0.00010000 | best AP50 acc: 0.0000 | best AP70 acc: 0.0000 | best mAP acc: 0.0000 | best mAR acc: 0.0000 | best Score: 0.0000 | best Score epoch: -1 
epoch  6, iter  151: loss: 0.0005 | load time: 0.0002 | back time: 1.1944 | lr: 0.00010000 | best AP50 acc: 0.0000 | best AP70 acc: 0.0000 | best mAP acc: 0.0000 | best mAR acc: 0.0000 | best Score: 0.0000 | best Score epoch: -1 
epoch  6, iter  201: loss: 0.0006 | load time: 0.0002 | back time: 1.1777 | lr: 0.00010000 | best AP50 acc: 0.0000 | best AP70 acc: 0.0000 | best mAP acc: 0.0000 | best mAR acc: 0.0000 | best Score: 0.0000 | best Score epoch: -1 
epoch  6, iter  251: loss: 0.0007 | load time: 0.0004 | back time: 1.1833 | lr: 0.00010000 | best AP50 acc: 0.0000 | best AP70 acc: 0.0000 | best mAP acc: 0.0000 | best mAR acc: 0.0000 | best Score: 0.0000 | best Score epoch: -1 
epoch  6, iter  301: loss: 0.0007 | load time: 0.0002 | back time: 1.1791 | lr: 0.00009999 | best AP50 acc: 0.0000 | best AP70 acc: 0.0000 | best mAP acc: 0.0000 | best mAR acc: 0.0000 | best Score: 0.0000 | best Score epoch: -1 
epoch  6, iter  351: loss: 0.0004 | load time: 0.0001 | back time: 1.1829 | lr: 0.00009999 | best AP50 acc: 0.0000 | best AP70 acc: 0.0000 | best mAP acc: 0.0000 | best mAR acc: 0.0000 | best Score: 0.0000 | best Score epoch: -1 
epoch  6, iter  401: loss: 0.0009 | load time: 0.0002 | back time: 1.2130 | lr: 0.00009999 | best AP50 acc: 0.0000 | best AP70 acc: 0.0000 | best mAP acc: 0.0000 | best mAR acc: 0.0000 | best Score: 0.0000 | best Score epoch: -1 
epoch  6, iter  451: loss: 0.0003 | load time: 0.0002 | back time: 1.1788 | lr: 0.00009999 | best AP50 acc: 0.0000 | best AP70 acc: 0.0000 | best mAP acc: 0.0000 | best mAR acc: 0.0000 | best Score: 0.0000 | best Score epoch: -1 
epoch  6, iter  501: loss: 0.0004 | load time: 0.0002 | back time: 1.2719 | lr: 0.00009998 | best AP50 acc: 0.0000 | best AP70 acc: 0.0000 | best mAP acc: 0.0000 | best mAR acc: 0.0000 | best Score: 0.0000 | best Score epoch: -1 
epoch  6, iter  551: loss: 0.0001 | load time: 0.0002 | back time: 1.2389 | lr: 0.00009998 | best AP50 acc: 0.0000 | best AP70 acc: 0.0000 | best mAP acc: 0.0000 | best mAR acc: 0.0000 | best Score: 0.0000 | best Score epoch: -1 
epoch  6, iter  601: loss: 0.0003 | load time: 0.0003 | back time: 1.1803 | lr: 0.00009997 | best AP50 acc: 0.0000 | best AP70 acc: 0.0000 | best mAP acc: 0.0000 | best mAR acc: 0.0000 | best Score: 0.0000 | best Score epoch: -1 
epoch  6, iter  651: loss: 0.0002 | load time: 0.0003 | back time: 1.2529 | lr: 0.00009997 | best AP50 acc: 0.0000 | best AP70 acc: 0.0000 | best mAP acc: 0.0000 | best mAR acc: 0.0000 | best Score: 0.0000 | best Score epoch: -1 
epoch  6, iter  701: loss: 0.0007 | load time: 0.0003 | back time: 1.2184 | lr: 0.00009996 | best AP50 acc: 0.0000 | best AP70 acc: 0.0000 | best mAP acc: 0.0000 | best mAR acc: 0.0000 | best Score: 0.0000 | best Score epoch: -1 
epoch  6, iter  751: loss: 0.0007 | load time: 0.0001 | back time: 1.2056 | lr: 0.00009996 | best AP50 acc: 0.0000 | best AP70 acc: 0.0000 | best mAP acc: 0.0000 | best mAR acc: 0.0000 | best Score: 0.0000 | best Score epoch: -1 
epoch  6, iter  801: loss: 0.0005 | load time: 0.0002 | back time: 1.1858 | lr: 0.00009995 | best AP50 acc: 0.0000 | best AP70 acc: 0.0000 | best mAP acc: 0.0000 | best mAR acc: 0.0000 | best Score: 0.0000 | best Score epoch: -1 
epoch  6, iter  851: loss: 0.0001 | load time: 0.0002 | back time: 1.2258 | lr: 0.00009995 | best AP50 acc: 0.0000 | best AP70 acc: 0.0000 | best mAP acc: 0.0000 | best mAR acc: 0.0000 | best Score: 0.0000 | best Score epoch: -1 
epoch  6, iter  901: loss: 0.0008 | load time: 0.0002 | back time: 1.1255 | lr: 0.00009994 | best AP50 acc: 0.0000 | best AP70 acc: 0.0000 | best mAP acc: 0.0000 | best mAR acc: 0.0000 | best Score: 0.0000 | best Score epoch: -1 
epoch  6, iter  951: loss: 0.0003 | load time: 0.0002 | back time: 1.1853 | lr: 0.00009993 | best AP50 acc: 0.0000 | best AP70 acc: 0.0000 | best mAP acc: 0.0000 | best mAR acc: 0.0000 | best Score: 0.0000 | best Score epoch: -1 
epoch  6, iter 1001: loss: 0.0008 | load time: 0.0001 | back time: 1.1767 | lr: 0.00009993 | best AP50 acc: 0.0000 | best AP70 acc: 0.0000 | best mAP acc: 0.0000 | best mAR acc: 0.0000 | best Score: 0.0000 | best Score epoch: -1 
epoch  6, iter 1051: loss: 0.0009 | load time: 0.0002 | back time: 1.1735 | lr: 0.00009992 | best AP50 acc: 0.0000 | best AP70 acc: 0.0000 | best mAP acc: 0.0000 | best mAR acc: 0.0000 | best Score: 0.0000 | best Score epoch: -1 
epoch  6, iter 1101: loss: 0.0006 | load time: 0.0002 | back time: 1.2713 | lr: 0.00009991 | best AP50 acc: 0.0000 | best AP70 acc: 0.0000 | best mAP acc: 0.0000 | best mAR acc: 0.0000 | best Score: 0.0000 | best Score epoch: -1 
epoch  6, iter 1151: loss: 0.0009 | load time: 0.0001 | back time: 1.2071 | lr: 0.00009990 | best AP50 acc: 0.0000 | best AP70 acc: 0.0000 | best mAP acc: 0.0000 | best mAR acc: 0.0000 | best Score: 0.0000 | best Score epoch: -1 
UAV_SEQS_2 | mAP50:90: 15.0497 | AP50: 37.2096 | AP70: 11.9823 
UAV_SEQS_37 | mAP50:90: 82.9228 | AP50: 98.7581 | AP70: 84.8322 
UAV_SEQS_45 | mAP50:90: 93.4249 | AP50: 98.0066 | AP70: 98.0066 
UAV_SEQS_47 | mAP50:90: 99.2843 | AP50: 100.0000 | AP70: 100.0000 
UAV_SEQS_55 | mAP50:90: 32.6998 | AP50: 62.0888 | AP70: 29.4464 
UAV_SEQS_59 | mAP50:90: 50.2047 | AP50: 78.9923 | AP70: 52.6780 
UAV_SEQS_6 | mAP50:90: 35.0483 | AP50: 53.5826 | AP70: 37.5715 
UAV_SEQS_63 | mAP50:90: 46.9865 | AP50: 91.5524 | AP70: 38.3567 
UAV_SEQS_65 | mAP50:90: 85.1999 | AP50: 97.7503 | AP70: 94.9770 
UAV_SEQS_7 | mAP50:90: 38.0331 | AP50: 74.9811 | AP70: 43.3102 
UAV_SEQS_71 | mAP50:90: 74.8459 | AP50: 97.0229 | AP70: 83.1422 
UAV_SEQS_73 | mAP50:90: 52.3051 | AP50: 75.7331 | AP70: 56.8287 
UAV_SEQS_74 | mAP50:90: 90.9433 | AP50: 97.3824 | AP70: 96.2924 
UAV_SEQS_77 | mAP50:90: 24.9873 | AP50: 48.5429 | AP70: 27.6712 
UAV_SEQS_8 | mAP50:90: 51.9597 | AP50: 81.8879 | AP70: 62.4474 
Overall            | mAP50:95: 58.8858 | AP50: 79.9328 | AP70: 62.0712 
epoch  7, iter    1: loss: 0.0002 | load time: 0.0033 | back time: 0.7123 | lr: 0.00009990 | best AP50 acc: 0.7993 | best AP70 acc: 0.6207 | best mAP acc: 0.5889 | best mAR acc: 0.6827 | best Score: 0.5889 | best Score epoch:  6 
epoch  7, iter   51: loss: 0.0001 | load time: 0.0005 | back time: 1.1683 | lr: 0.00009989 | best AP50 acc: 0.7993 | best AP70 acc: 0.6207 | best mAP acc: 0.5889 | best mAR acc: 0.6827 | best Score: 0.5889 | best Score epoch:  6 
epoch  7, iter  101: loss: 0.0007 | load time: 0.0002 | back time: 1.1812 | lr: 0.00009988 | best AP50 acc: 0.7993 | best AP70 acc: 0.6207 | best mAP acc: 0.5889 | best mAR acc: 0.6827 | best Score: 0.5889 | best Score epoch:  6 
epoch  7, iter  151: loss: 0.0002 | load time: 0.0002 | back time: 1.2011 | lr: 0.00009988 | best AP50 acc: 0.7993 | best AP70 acc: 0.6207 | best mAP acc: 0.5889 | best mAR acc: 0.6827 | best Score: 0.5889 | best Score epoch:  6 
epoch  7, iter  201: loss: 0.0002 | load time: 0.0002 | back time: 1.2111 | lr: 0.00009987 | best AP50 acc: 0.7993 | best AP70 acc: 0.6207 | best mAP acc: 0.5889 | best mAR acc: 0.6827 | best Score: 0.5889 | best Score epoch:  6 
epoch  7, iter  251: loss: 0.0005 | load time: 0.0002 | back time: 1.2396 | lr: 0.00009986 | best AP50 acc: 0.7993 | best AP70 acc: 0.6207 | best mAP acc: 0.5889 | best mAR acc: 0.6827 | best Score: 0.5889 | best Score epoch:  6 
epoch  7, iter  301: loss: 0.0002 | load time: 0.0002 | back time: 1.1859 | lr: 0.00009984 | best AP50 acc: 0.7993 | best AP70 acc: 0.6207 | best mAP acc: 0.5889 | best mAR acc: 0.6827 | best Score: 0.5889 | best Score epoch:  6 
epoch  7, iter  351: loss: 0.0002 | load time: 0.0002 | back time: 1.2819 | lr: 0.00009983 | best AP50 acc: 0.7993 | best AP70 acc: 0.6207 | best mAP acc: 0.5889 | best mAR acc: 0.6827 | best Score: 0.5889 | best Score epoch:  6 
epoch  7, iter  401: loss: 0.0005 | load time: 0.0002 | back time: 1.1794 | lr: 0.00009982 | best AP50 acc: 0.7993 | best AP70 acc: 0.6207 | best mAP acc: 0.5889 | best mAR acc: 0.6827 | best Score: 0.5889 | best Score epoch:  6 
epoch  7, iter  451: loss: 0.0006 | load time: 0.0002 | back time: 1.1683 | lr: 0.00009981 | best AP50 acc: 0.7993 | best AP70 acc: 0.6207 | best mAP acc: 0.5889 | best mAR acc: 0.6827 | best Score: 0.5889 | best Score epoch:  6 
epoch  7, iter  501: loss: 0.0004 | load time: 0.0001 | back time: 1.2111 | lr: 0.00009980 | best AP50 acc: 0.7993 | best AP70 acc: 0.6207 | best mAP acc: 0.5889 | best mAR acc: 0.6827 | best Score: 0.5889 | best Score epoch:  6 
epoch  7, iter  551: loss: 0.0005 | load time: 0.0002 | back time: 1.2114 | lr: 0.00009979 | best AP50 acc: 0.7993 | best AP70 acc: 0.6207 | best mAP acc: 0.5889 | best mAR acc: 0.6827 | best Score: 0.5889 | best Score epoch:  6 
epoch  7, iter  601: loss: 0.0006 | load time: 0.0002 | back time: 1.2417 | lr: 0.00009977 | best AP50 acc: 0.7993 | best AP70 acc: 0.6207 | best mAP acc: 0.5889 | best mAR acc: 0.6827 | best Score: 0.5889 | best Score epoch:  6 
epoch  7, iter  651: loss: 0.0004 | load time: 0.0002 | back time: 1.1827 | lr: 0.00009976 | best AP50 acc: 0.7993 | best AP70 acc: 0.6207 | best mAP acc: 0.5889 | best mAR acc: 0.6827 | best Score: 0.5889 | best Score epoch:  6 
epoch  7, iter  701: loss: 0.0001 | load time: 0.0002 | back time: 1.2167 | lr: 0.00009975 | best AP50 acc: 0.7993 | best AP70 acc: 0.6207 | best mAP acc: 0.5889 | best mAR acc: 0.6827 | best Score: 0.5889 | best Score epoch:  6 
epoch  7, iter  751: loss: 0.0001 | load time: 0.0003 | back time: 1.1872 | lr: 0.00009973 | best AP50 acc: 0.7993 | best AP70 acc: 0.6207 | best mAP acc: 0.5889 | best mAR acc: 0.6827 | best Score: 0.5889 | best Score epoch:  6 
epoch  7, iter  801: loss: 0.0004 | load time: 0.0002 | back time: 1.1453 | lr: 0.00009972 | best AP50 acc: 0.7993 | best AP70 acc: 0.6207 | best mAP acc: 0.5889 | best mAR acc: 0.6827 | best Score: 0.5889 | best Score epoch:  6 
epoch  7, iter  851: loss: 0.0004 | load time: 0.0002 | back time: 1.2732 | lr: 0.00009970 | best AP50 acc: 0.7993 | best AP70 acc: 0.6207 | best mAP acc: 0.5889 | best mAR acc: 0.6827 | best Score: 0.5889 | best Score epoch:  6 
epoch  7, iter  901: loss: 0.0001 | load time: 0.0002 | back time: 1.1836 | lr: 0.00009969 | best AP50 acc: 0.7993 | best AP70 acc: 0.6207 | best mAP acc: 0.5889 | best mAR acc: 0.6827 | best Score: 0.5889 | best Score epoch:  6 
epoch  7, iter  951: loss: 0.0009 | load time: 0.0003 | back time: 1.2800 | lr: 0.00009967 | best AP50 acc: 0.7993 | best AP70 acc: 0.6207 | best mAP acc: 0.5889 | best mAR acc: 0.6827 | best Score: 0.5889 | best Score epoch:  6 
epoch  7, iter 1001: loss: 0.0004 | load time: 0.0002 | back time: 1.1801 | lr: 0.00009966 | best AP50 acc: 0.7993 | best AP70 acc: 0.6207 | best mAP acc: 0.5889 | best mAR acc: 0.6827 | best Score: 0.5889 | best Score epoch:  6 
epoch  7, iter 1051: loss: 0.0008 | load time: 0.0002 | back time: 1.2241 | lr: 0.00009964 | best AP50 acc: 0.7993 | best AP70 acc: 0.6207 | best mAP acc: 0.5889 | best mAR acc: 0.6827 | best Score: 0.5889 | best Score epoch:  6 
epoch  7, iter 1101: loss: 0.0001 | load time: 0.0002 | back time: 1.1821 | lr: 0.00009963 | best AP50 acc: 0.7993 | best AP70 acc: 0.6207 | best mAP acc: 0.5889 | best mAR acc: 0.6827 | best Score: 0.5889 | best Score epoch:  6 
epoch  7, iter 1151: loss: 0.0007 | load time: 0.0001 | back time: 1.2544 | lr: 0.00009961 | best AP50 acc: 0.7993 | best AP70 acc: 0.6207 | best mAP acc: 0.5889 | best mAR acc: 0.6827 | best Score: 0.5889 | best Score epoch:  6 
UAV_SEQS_2 | mAP50:90: 8.0546 | AP50: 24.8572 | AP70: 5.3792 
UAV_SEQS_37 | mAP50:90: 71.6882 | AP50: 89.7747 | AP70: 73.9910 
UAV_SEQS_45 | mAP50:90: 78.9680 | AP50: 98.0198 | AP70: 96.2095 
UAV_SEQS_47 | mAP50:90: 92.0059 | AP50: 100.0000 | AP70: 91.3918 
UAV_SEQS_55 | mAP50:90: 29.7282 | AP50: 56.4038 | AP70: 28.3321 
UAV_SEQS_59 | mAP50:90: 48.9968 | AP50: 74.8692 | AP70: 49.7959 
UAV_SEQS_6 | mAP50:90: 48.3510 | AP50: 73.2863 | AP70: 50.8194 
UAV_SEQS_63 | mAP50:90: 70.0637 | AP50: 98.4884 | AP70: 76.2178 
UAV_SEQS_65 | mAP50:90: 83.5593 | AP50: 96.6886 | AP70: 92.1315 
UAV_SEQS_7 | mAP50:90: 52.5036 | AP50: 92.7919 | AP70: 64.1751 
UAV_SEQS_71 | mAP50:90: 56.7493 | AP50: 88.5848 | AP70: 61.1323 
UAV_SEQS_73 | mAP50:90: 58.9465 | AP50: 75.4163 | AP70: 64.6970 
UAV_SEQS_74 | mAP50:90: 93.7120 | AP50: 100.0000 | AP70: 97.9764 
UAV_SEQS_77 | mAP50:90: 26.7516 | AP50: 28.7129 | AP70: 28.7129 
UAV_SEQS_8 | mAP50:90: 34.5223 | AP50: 77.5840 | AP70: 28.8793 
Overall            | mAP50:95: 56.7688 | AP50: 78.9076 | AP70: 60.9848 
epoch  8, iter    1: loss: 0.0002 | load time: 0.0028 | back time: 0.6770 | lr: 0.00009961 | best AP50 acc: 0.7993 | best AP70 acc: 0.6207 | best mAP acc: 0.5889 | best mAR acc: 0.6827 | best Score: 0.5889 | best Score epoch:  6 
epoch  8, iter   51: loss: 0.0001 | load time: 0.0002 | back time: 1.1881 | lr: 0.00009959 | best AP50 acc: 0.7993 | best AP70 acc: 0.6207 | best mAP acc: 0.5889 | best mAR acc: 0.6827 | best Score: 0.5889 | best Score epoch:  6 
epoch  8, iter  101: loss: 0.0004 | load time: 0.0002 | back time: 1.2212 | lr: 0.00009957 | best AP50 acc: 0.7993 | best AP70 acc: 0.6207 | best mAP acc: 0.5889 | best mAR acc: 0.6827 | best Score: 0.5889 | best Score epoch:  6 
epoch  8, iter  151: loss: 0.0007 | load time: 0.0003 | back time: 1.2240 | lr: 0.00009956 | best AP50 acc: 0.7993 | best AP70 acc: 0.6207 | best mAP acc: 0.5889 | best mAR acc: 0.6827 | best Score: 0.5889 | best Score epoch:  6 
epoch  8, iter  201: loss: 0.0004 | load time: 0.0001 | back time: 1.2295 | lr: 0.00009954 | best AP50 acc: 0.7993 | best AP70 acc: 0.6207 | best mAP acc: 0.5889 | best mAR acc: 0.6827 | best Score: 0.5889 | best Score epoch:  6 
epoch  8, iter  251: loss: 0.0005 | load time: 0.0002 | back time: 1.2175 | lr: 0.00009952 | best AP50 acc: 0.7993 | best AP70 acc: 0.6207 | best mAP acc: 0.5889 | best mAR acc: 0.6827 | best Score: 0.5889 | best Score epoch:  6 
epoch  8, iter  301: loss: 0.0005 | load time: 0.0002 | back time: 1.2071 | lr: 0.00009950 | best AP50 acc: 0.7993 | best AP70 acc: 0.6207 | best mAP acc: 0.5889 | best mAR acc: 0.6827 | best Score: 0.5889 | best Score epoch:  6 
epoch  8, iter  351: loss: 0.0002 | load time: 0.0002 | back time: 1.2296 | lr: 0.00009948 | best AP50 acc: 0.7993 | best AP70 acc: 0.6207 | best mAP acc: 0.5889 | best mAR acc: 0.6827 | best Score: 0.5889 | best Score epoch:  6 
epoch  8, iter  401: loss: 0.0005 | load time: 0.0002 | back time: 1.2215 | lr: 0.00009946 | best AP50 acc: 0.7993 | best AP70 acc: 0.6207 | best mAP acc: 0.5889 | best mAR acc: 0.6827 | best Score: 0.5889 | best Score epoch:  6 
epoch  8, iter  451: loss: 0.0002 | load time: 0.0001 | back time: 1.2123 | lr: 0.00009944 | best AP50 acc: 0.7993 | best AP70 acc: 0.6207 | best mAP acc: 0.5889 | best mAR acc: 0.6827 | best Score: 0.5889 | best Score epoch:  6 
epoch  8, iter  501: loss: 0.0002 | load time: 0.0002 | back time: 1.2088 | lr: 0.00009942 | best AP50 acc: 0.7993 | best AP70 acc: 0.6207 | best mAP acc: 0.5889 | best mAR acc: 0.6827 | best Score: 0.5889 | best Score epoch:  6 
epoch  8, iter  551: loss: 0.0003 | load time: 0.0002 | back time: 1.2083 | lr: 0.00009940 | best AP50 acc: 0.7993 | best AP70 acc: 0.6207 | best mAP acc: 0.5889 | best mAR acc: 0.6827 | best Score: 0.5889 | best Score epoch:  6 
epoch  8, iter  601: loss: 0.0006 | load time: 0.0002 | back time: 1.2103 | lr: 0.00009938 | best AP50 acc: 0.7993 | best AP70 acc: 0.6207 | best mAP acc: 0.5889 | best mAR acc: 0.6827 | best Score: 0.5889 | best Score epoch:  6 
epoch  8, iter  651: loss: 0.0001 | load time: 0.0002 | back time: 1.2079 | lr: 0.00009936 | best AP50 acc: 0.7993 | best AP70 acc: 0.6207 | best mAP acc: 0.5889 | best mAR acc: 0.6827 | best Score: 0.5889 | best Score epoch:  6 
epoch  8, iter  701: loss: 0.0003 | load time: 0.0002 | back time: 1.2171 | lr: 0.00009934 | best AP50 acc: 0.7993 | best AP70 acc: 0.6207 | best mAP acc: 0.5889 | best mAR acc: 0.6827 | best Score: 0.5889 | best Score epoch:  6 
epoch  8, iter  751: loss: 0.0005 | load time: 0.0003 | back time: 1.2218 | lr: 0.00009931 | best AP50 acc: 0.7993 | best AP70 acc: 0.6207 | best mAP acc: 0.5889 | best mAR acc: 0.6827 | best Score: 0.5889 | best Score epoch:  6 
epoch  8, iter  801: loss: 0.0004 | load time: 0.0002 | back time: 1.2232 | lr: 0.00009929 | best AP50 acc: 0.7993 | best AP70 acc: 0.6207 | best mAP acc: 0.5889 | best mAR acc: 0.6827 | best Score: 0.5889 | best Score epoch:  6 
epoch  8, iter  851: loss: 0.0006 | load time: 0.0002 | back time: 1.2166 | lr: 0.00009927 | best AP50 acc: 0.7993 | best AP70 acc: 0.6207 | best mAP acc: 0.5889 | best mAR acc: 0.6827 | best Score: 0.5889 | best Score epoch:  6 
epoch  8, iter  901: loss: 0.0001 | load time: 0.0002 | back time: 1.2161 | lr: 0.00009925 | best AP50 acc: 0.7993 | best AP70 acc: 0.6207 | best mAP acc: 0.5889 | best mAR acc: 0.6827 | best Score: 0.5889 | best Score epoch:  6 
epoch  8, iter  951: loss: 0.0003 | load time: 0.0002 | back time: 1.2246 | lr: 0.00009922 | best AP50 acc: 0.7993 | best AP70 acc: 0.6207 | best mAP acc: 0.5889 | best mAR acc: 0.6827 | best Score: 0.5889 | best Score epoch:  6 
epoch  8, iter 1001: loss: 0.0001 | load time: 0.0002 | back time: 1.2228 | lr: 0.00009920 | best AP50 acc: 0.7993 | best AP70 acc: 0.6207 | best mAP acc: 0.5889 | best mAR acc: 0.6827 | best Score: 0.5889 | best Score epoch:  6 
epoch  8, iter 1051: loss: 0.0007 | load time: 0.0003 | back time: 1.2315 | lr: 0.00009917 | best AP50 acc: 0.7993 | best AP70 acc: 0.6207 | best mAP acc: 0.5889 | best mAR acc: 0.6827 | best Score: 0.5889 | best Score epoch:  6 
epoch  8, iter 1101: loss: 0.0007 | load time: 0.0002 | back time: 1.2376 | lr: 0.00009915 | best AP50 acc: 0.7993 | best AP70 acc: 0.6207 | best mAP acc: 0.5889 | best mAR acc: 0.6827 | best Score: 0.5889 | best Score epoch:  6 
epoch  8, iter 1151: loss: 0.0004 | load time: 0.0001 | back time: 1.2211 | lr: 0.00009912 | best AP50 acc: 0.7993 | best AP70 acc: 0.6207 | best mAP acc: 0.5889 | best mAR acc: 0.6827 | best Score: 0.5889 | best Score epoch:  6 
UAV_SEQS_2 | mAP50:90: 23.9210 | AP50: 50.9532 | AP70: 22.1487 
UAV_SEQS_37 | mAP50:90: 81.5123 | AP50: 96.1912 | AP70: 83.7039 
UAV_SEQS_45 | mAP50:90: 93.4254 | AP50: 98.0198 | AP70: 98.0198 
UAV_SEQS_47 | mAP50:90: 98.8420 | AP50: 100.0000 | AP70: 100.0000 
UAV_SEQS_55 | mAP50:90: 26.6217 | AP50: 50.2177 | AP70: 30.3924 
UAV_SEQS_59 | mAP50:90: 62.2614 | AP50: 90.6991 | AP70: 71.1942 
UAV_SEQS_6 | mAP50:90: 47.5125 | AP50: 56.7387 | AP70: 50.6430 
UAV_SEQS_63 | mAP50:90: 53.7148 | AP50: 97.4699 | AP70: 52.7415 
UAV_SEQS_65 | mAP50:90: 85.7678 | AP50: 97.9058 | AP70: 96.6000 
UAV_SEQS_7 | mAP50:90: 32.8426 | AP50: 61.5402 | AP70: 44.5690 
UAV_SEQS_71 | mAP50:90: 70.9329 | AP50: 91.0036 | AP70: 76.6373 
UAV_SEQS_73 | mAP50:90: 44.5867 | AP50: 74.7741 | AP70: 43.8503 
UAV_SEQS_74 | mAP50:90: 98.1429 | AP50: 100.0000 | AP70: 100.0000 
UAV_SEQS_77 | mAP50:90: 34.3794 | AP50: 40.1277 | AP70: 40.0896 
UAV_SEQS_8 | mAP50:90: 64.9926 | AP50: 90.0929 | AP70: 68.5473 
Overall            | mAP50:95: 61.6332 | AP50: 80.8106 | AP70: 66.1514 
epoch  9, iter    1: loss: 0.0005 | load time: 0.0027 | back time: 0.7751 | lr: 0.00009912 | best AP50 acc: 0.8081 | best AP70 acc: 0.6615 | best mAP acc: 0.6163 | best mAR acc: 0.7036 | best Score: 0.6163 | best Score epoch:  8 
epoch  9, iter   51: loss: 0.0002 | load time: 0.0003 | back time: 1.2105 | lr: 0.00009910 | best AP50 acc: 0.8081 | best AP70 acc: 0.6615 | best mAP acc: 0.6163 | best mAR acc: 0.7036 | best Score: 0.6163 | best Score epoch:  8 
epoch  9, iter  101: loss: 0.0004 | load time: 0.0002 | back time: 1.2177 | lr: 0.00009907 | best AP50 acc: 0.8081 | best AP70 acc: 0.6615 | best mAP acc: 0.6163 | best mAR acc: 0.7036 | best Score: 0.6163 | best Score epoch:  8 
epoch  9, iter  151: loss: 0.0002 | load time: 0.0002 | back time: 1.2168 | lr: 0.00009905 | best AP50 acc: 0.8081 | best AP70 acc: 0.6615 | best mAP acc: 0.6163 | best mAR acc: 0.7036 | best Score: 0.6163 | best Score epoch:  8 
epoch  9, iter  201: loss: 0.0001 | load time: 0.0008 | back time: 1.2090 | lr: 0.00009902 | best AP50 acc: 0.8081 | best AP70 acc: 0.6615 | best mAP acc: 0.6163 | best mAR acc: 0.7036 | best Score: 0.6163 | best Score epoch:  8 
epoch  9, iter  251: loss: 0.0004 | load time: 0.0003 | back time: 1.2073 | lr: 0.00009899 | best AP50 acc: 0.8081 | best AP70 acc: 0.6615 | best mAP acc: 0.6163 | best mAR acc: 0.7036 | best Score: 0.6163 | best Score epoch:  8 
epoch  9, iter  301: loss: 0.0007 | load time: 0.0002 | back time: 1.2183 | lr: 0.00009896 | best AP50 acc: 0.8081 | best AP70 acc: 0.6615 | best mAP acc: 0.6163 | best mAR acc: 0.7036 | best Score: 0.6163 | best Score epoch:  8 
epoch  9, iter  351: loss: 0.0001 | load time: 0.0002 | back time: 1.1999 | lr: 0.00009894 | best AP50 acc: 0.8081 | best AP70 acc: 0.6615 | best mAP acc: 0.6163 | best mAR acc: 0.7036 | best Score: 0.6163 | best Score epoch:  8 
epoch  9, iter  401: loss: 0.0004 | load time: 0.0001 | back time: 1.0782 | lr: 0.00009891 | best AP50 acc: 0.8081 | best AP70 acc: 0.6615 | best mAP acc: 0.6163 | best mAR acc: 0.7036 | best Score: 0.6163 | best Score epoch:  8 
epoch  9, iter  451: loss: 0.0007 | load time: 0.0002 | back time: 1.1735 | lr: 0.00009888 | best AP50 acc: 0.8081 | best AP70 acc: 0.6615 | best mAP acc: 0.6163 | best mAR acc: 0.7036 | best Score: 0.6163 | best Score epoch:  8 
epoch  9, iter  501: loss: 0.0002 | load time: 0.0002 | back time: 1.1937 | lr: 0.00009885 | best AP50 acc: 0.8081 | best AP70 acc: 0.6615 | best mAP acc: 0.6163 | best mAR acc: 0.7036 | best Score: 0.6163 | best Score epoch:  8 
epoch  9, iter  551: loss: 0.0003 | load time: 0.0001 | back time: 1.2099 | lr: 0.00009882 | best AP50 acc: 0.8081 | best AP70 acc: 0.6615 | best mAP acc: 0.6163 | best mAR acc: 0.7036 | best Score: 0.6163 | best Score epoch:  8 
epoch  9, iter  601: loss: 0.0003 | load time: 0.0002 | back time: 1.2488 | lr: 0.00009879 | best AP50 acc: 0.8081 | best AP70 acc: 0.6615 | best mAP acc: 0.6163 | best mAR acc: 0.7036 | best Score: 0.6163 | best Score epoch:  8 
epoch  9, iter  651: loss: 0.0009 | load time: 0.0002 | back time: 1.1816 | lr: 0.00009876 | best AP50 acc: 0.8081 | best AP70 acc: 0.6615 | best mAP acc: 0.6163 | best mAR acc: 0.7036 | best Score: 0.6163 | best Score epoch:  8 
epoch  9, iter  701: loss: 0.0004 | load time: 0.0002 | back time: 1.1939 | lr: 0.00009873 | best AP50 acc: 0.8081 | best AP70 acc: 0.6615 | best mAP acc: 0.6163 | best mAR acc: 0.7036 | best Score: 0.6163 | best Score epoch:  8 
epoch  9, iter  751: loss: 0.0004 | load time: 0.0003 | back time: 1.2728 | lr: 0.00009870 | best AP50 acc: 0.8081 | best AP70 acc: 0.6615 | best mAP acc: 0.6163 | best mAR acc: 0.7036 | best Score: 0.6163 | best Score epoch:  8 
epoch  9, iter  801: loss: 0.0008 | load time: 0.0002 | back time: 1.1723 | lr: 0.00009867 | best AP50 acc: 0.8081 | best AP70 acc: 0.6615 | best mAP acc: 0.6163 | best mAR acc: 0.7036 | best Score: 0.6163 | best Score epoch:  8 
epoch  9, iter  851: loss: 0.0007 | load time: 0.0002 | back time: 1.1900 | lr: 0.00009864 | best AP50 acc: 0.8081 | best AP70 acc: 0.6615 | best mAP acc: 0.6163 | best mAR acc: 0.7036 | best Score: 0.6163 | best Score epoch:  8 
epoch  9, iter  901: loss: 0.0003 | load time: 0.0003 | back time: 1.1943 | lr: 0.00009861 | best AP50 acc: 0.8081 | best AP70 acc: 0.6615 | best mAP acc: 0.6163 | best mAR acc: 0.7036 | best Score: 0.6163 | best Score epoch:  8 
epoch  9, iter  951: loss: 0.0002 | load time: 0.0002 | back time: 1.1754 | lr: 0.00009858 | best AP50 acc: 0.8081 | best AP70 acc: 0.6615 | best mAP acc: 0.6163 | best mAR acc: 0.7036 | best Score: 0.6163 | best Score epoch:  8 
epoch  9, iter 1001: loss: 0.0005 | load time: 0.0001 | back time: 1.1079 | lr: 0.00009854 | best AP50 acc: 0.8081 | best AP70 acc: 0.6615 | best mAP acc: 0.6163 | best mAR acc: 0.7036 | best Score: 0.6163 | best Score epoch:  8 
epoch  9, iter 1051: loss: 0.0002 | load time: 0.0002 | back time: 1.2029 | lr: 0.00009851 | best AP50 acc: 0.8081 | best AP70 acc: 0.6615 | best mAP acc: 0.6163 | best mAR acc: 0.7036 | best Score: 0.6163 | best Score epoch:  8 
epoch  9, iter 1101: loss: 0.0001 | load time: 0.0003 | back time: 1.2193 | lr: 0.00009848 | best AP50 acc: 0.8081 | best AP70 acc: 0.6615 | best mAP acc: 0.6163 | best mAR acc: 0.7036 | best Score: 0.6163 | best Score epoch:  8 
epoch  9, iter 1151: loss: 0.0004 | load time: 0.0121 | back time: 1.2414 | lr: 0.00009845 | best AP50 acc: 0.8081 | best AP70 acc: 0.6615 | best mAP acc: 0.6163 | best mAR acc: 0.7036 | best Score: 0.6163 | best Score epoch:  8 
UAV_SEQS_2 | mAP50:90: 44.1801 | AP50: 72.6888 | AP70: 45.4054 
UAV_SEQS_37 | mAP50:90: 78.1738 | AP50: 96.9794 | AP70: 79.4220 
UAV_SEQS_45 | mAP50:90: 87.7082 | AP50: 98.0198 | AP70: 94.2576 
UAV_SEQS_47 | mAP50:90: 83.4008 | AP50: 91.7806 | AP70: 85.8938 
UAV_SEQS_55 | mAP50:90: 25.5416 | AP50: 50.6270 | AP70: 23.4859 
UAV_SEQS_59 | mAP50:90: 62.2355 | AP50: 92.3642 | AP70: 69.2527 
UAV_SEQS_6 | mAP50:90: 48.4815 | AP50: 79.3301 | AP70: 48.4680 
UAV_SEQS_63 | mAP50:90: 33.5907 | AP50: 75.3250 | AP70: 23.4983 
UAV_SEQS_65 | mAP50:90: 83.7645 | AP50: 97.7927 | AP70: 95.1223 
UAV_SEQS_7 | mAP50:90: 33.4956 | AP50: 70.1753 | AP70: 36.2688 
UAV_SEQS_71 | mAP50:90: 74.2678 | AP50: 97.9261 | AP70: 82.4730 
UAV_SEQS_73 | mAP50:90: 52.2488 | AP50: 81.3046 | AP70: 58.8057 
UAV_SEQS_74 | mAP50:90: 96.3145 | AP50: 99.8395 | AP70: 97.9770 
UAV_SEQS_77 | mAP50:90: 58.5441 | AP50: 64.1706 | AP70: 63.2392 
UAV_SEQS_8 | mAP50:90: 72.1950 | AP50: 96.9756 | AP70: 83.9788 
Overall            | mAP50:95: 60.4334 | AP50: 84.4860 | AP70: 64.8652 
epoch 10, iter    1: loss: 0.0004 | load time: 0.0027 | back time: 0.7141 | lr: 0.00009844 | best AP50 acc: 0.8081 | best AP70 acc: 0.6615 | best mAP acc: 0.6163 | best mAR acc: 0.7036 | best Score: 0.6163 | best Score epoch:  8 
epoch 10, iter   51: loss: 0.0003 | load time: 0.0001 | back time: 1.2042 | lr: 0.00009841 | best AP50 acc: 0.8081 | best AP70 acc: 0.6615 | best mAP acc: 0.6163 | best mAR acc: 0.7036 | best Score: 0.6163 | best Score epoch:  8 
epoch 10, iter  101: loss: 0.0001 | load time: 0.0003 | back time: 1.2268 | lr: 0.00009838 | best AP50 acc: 0.8081 | best AP70 acc: 0.6615 | best mAP acc: 0.6163 | best mAR acc: 0.7036 | best Score: 0.6163 | best Score epoch:  8 
epoch 10, iter  151: loss: 0.0003 | load time: 0.0002 | back time: 1.1779 | lr: 0.00009834 | best AP50 acc: 0.8081 | best AP70 acc: 0.6615 | best mAP acc: 0.6163 | best mAR acc: 0.7036 | best Score: 0.6163 | best Score epoch:  8 
epoch 10, iter  201: loss: 0.0003 | load time: 0.0002 | back time: 1.1760 | lr: 0.00009831 | best AP50 acc: 0.8081 | best AP70 acc: 0.6615 | best mAP acc: 0.6163 | best mAR acc: 0.7036 | best Score: 0.6163 | best Score epoch:  8 
epoch 10, iter  251: loss: 0.0004 | load time: 0.0002 | back time: 1.1767 | lr: 0.00009827 | best AP50 acc: 0.8081 | best AP70 acc: 0.6615 | best mAP acc: 0.6163 | best mAR acc: 0.7036 | best Score: 0.6163 | best Score epoch:  8 
epoch 10, iter  301: loss: 0.0002 | load time: 0.0002 | back time: 1.1839 | lr: 0.00009824 | best AP50 acc: 0.8081 | best AP70 acc: 0.6615 | best mAP acc: 0.6163 | best mAR acc: 0.7036 | best Score: 0.6163 | best Score epoch:  8 
epoch 10, iter  351: loss: 0.0000 | load time: 0.0002 | back time: 1.1815 | lr: 0.00009820 | best AP50 acc: 0.8081 | best AP70 acc: 0.6615 | best mAP acc: 0.6163 | best mAR acc: 0.7036 | best Score: 0.6163 | best Score epoch:  8 
epoch 10, iter  401: loss: 0.0004 | load time: 0.0003 | back time: 1.1984 | lr: 0.00009816 | best AP50 acc: 0.8081 | best AP70 acc: 0.6615 | best mAP acc: 0.6163 | best mAR acc: 0.7036 | best Score: 0.6163 | best Score epoch:  8 
epoch 10, iter  451: loss: 0.0006 | load time: 0.0002 | back time: 1.1793 | lr: 0.00009813 | best AP50 acc: 0.8081 | best AP70 acc: 0.6615 | best mAP acc: 0.6163 | best mAR acc: 0.7036 | best Score: 0.6163 | best Score epoch:  8 
epoch 10, iter  501: loss: 0.0003 | load time: 0.0003 | back time: 1.2066 | lr: 0.00009809 | best AP50 acc: 0.8081 | best AP70 acc: 0.6615 | best mAP acc: 0.6163 | best mAR acc: 0.7036 | best Score: 0.6163 | best Score epoch:  8 
epoch 10, iter  551: loss: 0.0010 | load time: 0.0001 | back time: 1.1990 | lr: 0.00009805 | best AP50 acc: 0.8081 | best AP70 acc: 0.6615 | best mAP acc: 0.6163 | best mAR acc: 0.7036 | best Score: 0.6163 | best Score epoch:  8 
epoch 10, iter  601: loss: 0.0002 | load time: 0.0002 | back time: 1.2048 | lr: 0.00009802 | best AP50 acc: 0.8081 | best AP70 acc: 0.6615 | best mAP acc: 0.6163 | best mAR acc: 0.7036 | best Score: 0.6163 | best Score epoch:  8 
epoch 10, iter  651: loss: 0.0002 | load time: 0.0002 | back time: 1.1990 | lr: 0.00009798 | best AP50 acc: 0.8081 | best AP70 acc: 0.6615 | best mAP acc: 0.6163 | best mAR acc: 0.7036 | best Score: 0.6163 | best Score epoch:  8 
epoch 10, iter  701: loss: 0.0003 | load time: 0.0002 | back time: 1.1953 | lr: 0.00009794 | best AP50 acc: 0.8081 | best AP70 acc: 0.6615 | best mAP acc: 0.6163 | best mAR acc: 0.7036 | best Score: 0.6163 | best Score epoch:  8 
epoch 10, iter  751: loss: 0.0001 | load time: 0.0002 | back time: 1.1892 | lr: 0.00009790 | best AP50 acc: 0.8081 | best AP70 acc: 0.6615 | best mAP acc: 0.6163 | best mAR acc: 0.7036 | best Score: 0.6163 | best Score epoch:  8 
epoch 10, iter  801: loss: 0.0005 | load time: 0.0002 | back time: 1.2004 | lr: 0.00009786 | best AP50 acc: 0.8081 | best AP70 acc: 0.6615 | best mAP acc: 0.6163 | best mAR acc: 0.7036 | best Score: 0.6163 | best Score epoch:  8 
epoch 10, iter  851: loss: 0.0005 | load time: 0.0003 | back time: 1.2001 | lr: 0.00009782 | best AP50 acc: 0.8081 | best AP70 acc: 0.6615 | best mAP acc: 0.6163 | best mAR acc: 0.7036 | best Score: 0.6163 | best Score epoch:  8 
epoch 10, iter  901: loss: 0.0004 | load time: 0.0002 | back time: 1.1944 | lr: 0.00009778 | best AP50 acc: 0.8081 | best AP70 acc: 0.6615 | best mAP acc: 0.6163 | best mAR acc: 0.7036 | best Score: 0.6163 | best Score epoch:  8 
epoch 10, iter  951: loss: 0.0001 | load time: 0.0002 | back time: 1.1801 | lr: 0.00009774 | best AP50 acc: 0.8081 | best AP70 acc: 0.6615 | best mAP acc: 0.6163 | best mAR acc: 0.7036 | best Score: 0.6163 | best Score epoch:  8 
epoch 10, iter 1001: loss: 0.0002 | load time: 0.0002 | back time: 1.1828 | lr: 0.00009770 | best AP50 acc: 0.8081 | best AP70 acc: 0.6615 | best mAP acc: 0.6163 | best mAR acc: 0.7036 | best Score: 0.6163 | best Score epoch:  8 
epoch 10, iter 1051: loss: 0.0003 | load time: 0.0001 | back time: 1.2043 | lr: 0.00009766 | best AP50 acc: 0.8081 | best AP70 acc: 0.6615 | best mAP acc: 0.6163 | best mAR acc: 0.7036 | best Score: 0.6163 | best Score epoch:  8 
epoch 10, iter 1101: loss: 0.0003 | load time: 0.0002 | back time: 1.2065 | lr: 0.00009762 | best AP50 acc: 0.8081 | best AP70 acc: 0.6615 | best mAP acc: 0.6163 | best mAR acc: 0.7036 | best Score: 0.6163 | best Score epoch:  8 
epoch 10, iter 1151: loss: 0.0004 | load time: 0.0001 | back time: 1.1815 | lr: 0.00009758 | best AP50 acc: 0.8081 | best AP70 acc: 0.6615 | best mAP acc: 0.6163 | best mAR acc: 0.7036 | best Score: 0.6163 | best Score epoch:  8 
UAV_SEQS_2 | mAP50:90: 41.4464 | AP50: 66.8615 | AP70: 44.1873 
UAV_SEQS_37 | mAP50:90: 75.9886 | AP50: 98.0198 | AP70: 78.2335 
UAV_SEQS_45 | mAP50:90: 92.6012 | AP50: 98.0198 | AP70: 95.6047 
UAV_SEQS_47 | mAP50:90: 92.6355 | AP50: 100.0000 | AP70: 95.9292 
UAV_SEQS_55 | mAP50:90: 28.1232 | AP50: 59.0262 | AP70: 25.7217 
UAV_SEQS_59 | mAP50:90: 63.1526 | AP50: 93.4150 | AP70: 64.6529 
UAV_SEQS_6 | mAP50:90: 35.2411 | AP50: 58.8138 | AP70: 39.1415 
UAV_SEQS_63 | mAP50:90: 26.8106 | AP50: 77.6020 | AP70: 11.5473 
UAV_SEQS_65 | mAP50:90: 90.5802 | AP50: 97.8887 | AP70: 95.4439 
UAV_SEQS_7 | mAP50:90: 59.7806 | AP50: 96.9856 | AP70: 85.8947 
UAV_SEQS_71 | mAP50:90: 72.8324 | AP50: 94.7102 | AP70: 80.0991 
UAV_SEQS_73 | mAP50:90: 57.1791 | AP50: 82.2622 | AP70: 58.3542 
UAV_SEQS_74 | mAP50:90: 98.4884 | AP50: 99.9707 | AP70: 99.9707 
UAV_SEQS_77 | mAP50:90: 38.8114 | AP50: 44.6138 | AP70: 43.5791 
UAV_SEQS_8 | mAP50:90: 60.1469 | AP50: 79.1423 | AP70: 62.2449 
Overall            | mAP50:95: 62.1700 | AP50: 84.3613 | AP70: 66.1085 
epoch 11, iter    1: loss: 0.0002 | load time: 0.0036 | back time: 0.8406 | lr: 0.00009758 | best AP50 acc: 0.8436 | best AP70 acc: 0.6611 | best mAP acc: 0.6217 | best mAR acc: 0.7101 | best Score: 0.6217 | best Score epoch: 10 
epoch 11, iter   51: loss: 0.0003 | load time: 0.0002 | back time: 1.1820 | lr: 0.00009753 | best AP50 acc: 0.8436 | best AP70 acc: 0.6611 | best mAP acc: 0.6217 | best mAR acc: 0.7101 | best Score: 0.6217 | best Score epoch: 10 
epoch 11, iter  101: loss: 0.0003 | load time: 0.0003 | back time: 1.2192 | lr: 0.00009749 | best AP50 acc: 0.8436 | best AP70 acc: 0.6611 | best mAP acc: 0.6217 | best mAR acc: 0.7101 | best Score: 0.6217 | best Score epoch: 10 
epoch 11, iter  151: loss: 0.0002 | load time: 0.0002 | back time: 1.2035 | lr: 0.00009745 | best AP50 acc: 0.8436 | best AP70 acc: 0.6611 | best mAP acc: 0.6217 | best mAR acc: 0.7101 | best Score: 0.6217 | best Score epoch: 10 
epoch 11, iter  201: loss: 0.0001 | load time: 0.0002 | back time: 1.1796 | lr: 0.00009741 | best AP50 acc: 0.8436 | best AP70 acc: 0.6611 | best mAP acc: 0.6217 | best mAR acc: 0.7101 | best Score: 0.6217 | best Score epoch: 10 
epoch 11, iter  251: loss: 0.0006 | load time: 0.0001 | back time: 1.1782 | lr: 0.00009736 | best AP50 acc: 0.8436 | best AP70 acc: 0.6611 | best mAP acc: 0.6217 | best mAR acc: 0.7101 | best Score: 0.6217 | best Score epoch: 10 
epoch 11, iter  301: loss: 0.0001 | load time: 0.0002 | back time: 1.1906 | lr: 0.00009732 | best AP50 acc: 0.8436 | best AP70 acc: 0.6611 | best mAP acc: 0.6217 | best mAR acc: 0.7101 | best Score: 0.6217 | best Score epoch: 10 
epoch 11, iter  351: loss: 0.0001 | load time: 0.0002 | back time: 1.1774 | lr: 0.00009728 | best AP50 acc: 0.8436 | best AP70 acc: 0.6611 | best mAP acc: 0.6217 | best mAR acc: 0.7101 | best Score: 0.6217 | best Score epoch: 10 
epoch 11, iter  401: loss: 0.0001 | load time: 0.0002 | back time: 1.2056 | lr: 0.00009723 | best AP50 acc: 0.8436 | best AP70 acc: 0.6611 | best mAP acc: 0.6217 | best mAR acc: 0.7101 | best Score: 0.6217 | best Score epoch: 10 
epoch 11, iter  451: loss: 0.0001 | load time: 0.0002 | back time: 1.1967 | lr: 0.00009719 | best AP50 acc: 0.8436 | best AP70 acc: 0.6611 | best mAP acc: 0.6217 | best mAR acc: 0.7101 | best Score: 0.6217 | best Score epoch: 10 
epoch 11, iter  501: loss: 0.0002 | load time: 0.0002 | back time: 1.2094 | lr: 0.00009714 | best AP50 acc: 0.8436 | best AP70 acc: 0.6611 | best mAP acc: 0.6217 | best mAR acc: 0.7101 | best Score: 0.6217 | best Score epoch: 10 
epoch 11, iter  551: loss: 0.0001 | load time: 0.0003 | back time: 1.1783 | lr: 0.00009710 | best AP50 acc: 0.8436 | best AP70 acc: 0.6611 | best mAP acc: 0.6217 | best mAR acc: 0.7101 | best Score: 0.6217 | best Score epoch: 10 
epoch 11, iter  601: loss: 0.0002 | load time: 0.0001 | back time: 1.2056 | lr: 0.00009705 | best AP50 acc: 0.8436 | best AP70 acc: 0.6611 | best mAP acc: 0.6217 | best mAR acc: 0.7101 | best Score: 0.6217 | best Score epoch: 10 
epoch 11, iter  651: loss: 0.0000 | load time: 0.0001 | back time: 1.2107 | lr: 0.00009700 | best AP50 acc: 0.8436 | best AP70 acc: 0.6611 | best mAP acc: 0.6217 | best mAR acc: 0.7101 | best Score: 0.6217 | best Score epoch: 10 
epoch 11, iter  701: loss: 0.0003 | load time: 0.0002 | back time: 1.1756 | lr: 0.00009696 | best AP50 acc: 0.8436 | best AP70 acc: 0.6611 | best mAP acc: 0.6217 | best mAR acc: 0.7101 | best Score: 0.6217 | best Score epoch: 10 
epoch 11, iter  751: loss: 0.0001 | load time: 0.0003 | back time: 1.2124 | lr: 0.00009691 | best AP50 acc: 0.8436 | best AP70 acc: 0.6611 | best mAP acc: 0.6217 | best mAR acc: 0.7101 | best Score: 0.6217 | best Score epoch: 10 
epoch 11, iter  801: loss: 0.0002 | load time: 0.0001 | back time: 1.2044 | lr: 0.00009686 | best AP50 acc: 0.8436 | best AP70 acc: 0.6611 | best mAP acc: 0.6217 | best mAR acc: 0.7101 | best Score: 0.6217 | best Score epoch: 10 
epoch 11, iter  851: loss: 0.0005 | load time: 0.0002 | back time: 1.2228 | lr: 0.00009682 | best AP50 acc: 0.8436 | best AP70 acc: 0.6611 | best mAP acc: 0.6217 | best mAR acc: 0.7101 | best Score: 0.6217 | best Score epoch: 10 
epoch 11, iter  901: loss: 0.0003 | load time: 0.0003 | back time: 1.2270 | lr: 0.00009677 | best AP50 acc: 0.8436 | best AP70 acc: 0.6611 | best mAP acc: 0.6217 | best mAR acc: 0.7101 | best Score: 0.6217 | best Score epoch: 10 
epoch 11, iter  951: loss: 0.0001 | load time: 0.0002 | back time: 1.2071 | lr: 0.00009672 | best AP50 acc: 0.8436 | best AP70 acc: 0.6611 | best mAP acc: 0.6217 | best mAR acc: 0.7101 | best Score: 0.6217 | best Score epoch: 10 
epoch 11, iter 1001: loss: 0.0001 | load time: 0.0002 | back time: 1.2064 | lr: 0.00009667 | best AP50 acc: 0.8436 | best AP70 acc: 0.6611 | best mAP acc: 0.6217 | best mAR acc: 0.7101 | best Score: 0.6217 | best Score epoch: 10 
epoch 11, iter 1051: loss: 0.0006 | load time: 0.0001 | back time: 1.1070 | lr: 0.00009662 | best AP50 acc: 0.8436 | best AP70 acc: 0.6611 | best mAP acc: 0.6217 | best mAR acc: 0.7101 | best Score: 0.6217 | best Score epoch: 10 
epoch 11, iter 1101: loss: 0.0004 | load time: 0.0002 | back time: 1.2036 | lr: 0.00009657 | best AP50 acc: 0.8436 | best AP70 acc: 0.6611 | best mAP acc: 0.6217 | best mAR acc: 0.7101 | best Score: 0.6217 | best Score epoch: 10 
epoch 11, iter 1151: loss: 0.0001 | load time: 0.0001 | back time: 1.2181 | lr: 0.00009652 | best AP50 acc: 0.8436 | best AP70 acc: 0.6611 | best mAP acc: 0.6217 | best mAR acc: 0.7101 | best Score: 0.6217 | best Score epoch: 10 
UAV_SEQS_2 | mAP50:90: 32.7545 | AP50: 65.8646 | AP70: 30.7226 
UAV_SEQS_37 | mAP50:90: 77.5410 | AP50: 100.0000 | AP70: 91.5248 
UAV_SEQS_45 | mAP50:90: 87.4830 | AP50: 98.0198 | AP70: 91.5191 
UAV_SEQS_47 | mAP50:90: 81.0622 | AP50: 97.7354 | AP70: 83.2510 
UAV_SEQS_55 | mAP50:90: 31.6474 | AP50: 52.3934 | AP70: 36.1784 
UAV_SEQS_59 | mAP50:90: 57.6717 | AP50: 92.6785 | AP70: 64.2988 
UAV_SEQS_6 | mAP50:90: 45.3091 | AP50: 61.0772 | AP70: 48.4964 
UAV_SEQS_63 | mAP50:90: 21.5789 | AP50: 66.0132 | AP70: 3.6866 
UAV_SEQS_65 | mAP50:90: 89.4037 | AP50: 96.6976 | AP70: 93.4540 
UAV_SEQS_7 | mAP50:90: 29.0480 | AP50: 55.6816 | AP70: 27.1411 
UAV_SEQS_71 | mAP50:90: 71.0303 | AP50: 94.1051 | AP70: 79.6035 
UAV_SEQS_73 | mAP50:90: 62.2962 | AP50: 85.3778 | AP70: 66.5225 
UAV_SEQS_74 | mAP50:90: 98.5462 | AP50: 100.0000 | AP70: 100.0000 
UAV_SEQS_77 | mAP50:90: 53.1407 | AP50: 58.0775 | AP70: 57.1943 
UAV_SEQS_8 | mAP50:90: 81.2063 | AP50: 98.0165 | AP70: 94.1978 
Overall            | mAP50:95: 59.6171 | AP50: 82.1976 | AP70: 61.7639 
epoch 12, iter    1: loss: 0.0001 | load time: 0.0024 | back time: 0.6022 | lr: 0.00009652 | best AP50 acc: 0.8436 | best AP70 acc: 0.6611 | best mAP acc: 0.6217 | best mAR acc: 0.7101 | best Score: 0.6217 | best Score epoch: 10 
epoch 12, iter   51: loss: 0.0005 | load time: 0.0003 | back time: 1.2037 | lr: 0.00009647 | best AP50 acc: 0.8436 | best AP70 acc: 0.6611 | best mAP acc: 0.6217 | best mAR acc: 0.7101 | best Score: 0.6217 | best Score epoch: 10 
epoch 12, iter  101: loss: 0.0005 | load time: 0.0003 | back time: 1.2126 | lr: 0.00009642 | best AP50 acc: 0.8436 | best AP70 acc: 0.6611 | best mAP acc: 0.6217 | best mAR acc: 0.7101 | best Score: 0.6217 | best Score epoch: 10 
epoch 12, iter  151: loss: 0.0001 | load time: 0.0002 | back time: 1.2153 | lr: 0.00009637 | best AP50 acc: 0.8436 | best AP70 acc: 0.6611 | best mAP acc: 0.6217 | best mAR acc: 0.7101 | best Score: 0.6217 | best Score epoch: 10 
epoch 12, iter  201: loss: 0.0004 | load time: 0.0002 | back time: 1.2215 | lr: 0.00009632 | best AP50 acc: 0.8436 | best AP70 acc: 0.6611 | best mAP acc: 0.6217 | best mAR acc: 0.7101 | best Score: 0.6217 | best Score epoch: 10 
epoch 12, iter  251: loss: 0.0002 | load time: 0.0002 | back time: 1.2215 | lr: 0.00009627 | best AP50 acc: 0.8436 | best AP70 acc: 0.6611 | best mAP acc: 0.6217 | best mAR acc: 0.7101 | best Score: 0.6217 | best Score epoch: 10 
epoch 12, iter  301: loss: 0.0003 | load time: 0.0003 | back time: 1.2195 | lr: 0.00009622 | best AP50 acc: 0.8436 | best AP70 acc: 0.6611 | best mAP acc: 0.6217 | best mAR acc: 0.7101 | best Score: 0.6217 | best Score epoch: 10 
epoch 12, iter  351: loss: 0.0006 | load time: 0.0002 | back time: 1.2183 | lr: 0.00009617 | best AP50 acc: 0.8436 | best AP70 acc: 0.6611 | best mAP acc: 0.6217 | best mAR acc: 0.7101 | best Score: 0.6217 | best Score epoch: 10 
epoch 12, iter  401: loss: 0.0002 | load time: 0.0001 | back time: 1.0794 | lr: 0.00009611 | best AP50 acc: 0.8436 | best AP70 acc: 0.6611 | best mAP acc: 0.6217 | best mAR acc: 0.7101 | best Score: 0.6217 | best Score epoch: 10 
epoch 12, iter  451: loss: 0.0003 | load time: 0.0001 | back time: 1.1818 | lr: 0.00009606 | best AP50 acc: 0.8436 | best AP70 acc: 0.6611 | best mAP acc: 0.6217 | best mAR acc: 0.7101 | best Score: 0.6217 | best Score epoch: 10 
epoch 12, iter  501: loss: 0.0001 | load time: 0.0003 | back time: 1.1800 | lr: 0.00009601 | best AP50 acc: 0.8436 | best AP70 acc: 0.6611 | best mAP acc: 0.6217 | best mAR acc: 0.7101 | best Score: 0.6217 | best Score epoch: 10 
epoch 12, iter  551: loss: 0.0001 | load time: 0.0004 | back time: 1.2469 | lr: 0.00009596 | best AP50 acc: 0.8436 | best AP70 acc: 0.6611 | best mAP acc: 0.6217 | best mAR acc: 0.7101 | best Score: 0.6217 | best Score epoch: 10 
epoch 12, iter  601: loss: 0.0005 | load time: 0.0002 | back time: 1.1994 | lr: 0.00009590 | best AP50 acc: 0.8436 | best AP70 acc: 0.6611 | best mAP acc: 0.6217 | best mAR acc: 0.7101 | best Score: 0.6217 | best Score epoch: 10 
epoch 12, iter  651: loss: 0.0003 | load time: 0.0002 | back time: 1.1819 | lr: 0.00009585 | best AP50 acc: 0.8436 | best AP70 acc: 0.6611 | best mAP acc: 0.6217 | best mAR acc: 0.7101 | best Score: 0.6217 | best Score epoch: 10 
epoch 12, iter  701: loss: 0.0000 | load time: 0.0001 | back time: 1.1888 | lr: 0.00009579 | best AP50 acc: 0.8436 | best AP70 acc: 0.6611 | best mAP acc: 0.6217 | best mAR acc: 0.7101 | best Score: 0.6217 | best Score epoch: 10 
epoch 12, iter  751: loss: 0.0006 | load time: 0.0002 | back time: 1.2453 | lr: 0.00009574 | best AP50 acc: 0.8436 | best AP70 acc: 0.6611 | best mAP acc: 0.6217 | best mAR acc: 0.7101 | best Score: 0.6217 | best Score epoch: 10 
epoch 12, iter  801: loss: 0.0004 | load time: 0.0002 | back time: 1.1759 | lr: 0.00009568 | best AP50 acc: 0.8436 | best AP70 acc: 0.6611 | best mAP acc: 0.6217 | best mAR acc: 0.7101 | best Score: 0.6217 | best Score epoch: 10 
epoch 12, iter  851: loss: 0.0002 | load time: 0.0003 | back time: 1.1837 | lr: 0.00009563 | best AP50 acc: 0.8436 | best AP70 acc: 0.6611 | best mAP acc: 0.6217 | best mAR acc: 0.7101 | best Score: 0.6217 | best Score epoch: 10 
epoch 12, iter  901: loss: 0.0007 | load time: 0.0003 | back time: 1.2032 | lr: 0.00009557 | best AP50 acc: 0.8436 | best AP70 acc: 0.6611 | best mAP acc: 0.6217 | best mAR acc: 0.7101 | best Score: 0.6217 | best Score epoch: 10 
epoch 12, iter  951: loss: 0.0006 | load time: 0.0002 | back time: 1.2135 | lr: 0.00009552 | best AP50 acc: 0.8436 | best AP70 acc: 0.6611 | best mAP acc: 0.6217 | best mAR acc: 0.7101 | best Score: 0.6217 | best Score epoch: 10 
epoch 12, iter 1001: loss: 0.0007 | load time: 0.0003 | back time: 1.2205 | lr: 0.00009546 | best AP50 acc: 0.8436 | best AP70 acc: 0.6611 | best mAP acc: 0.6217 | best mAR acc: 0.7101 | best Score: 0.6217 | best Score epoch: 10 
epoch 12, iter 1051: loss: 0.0003 | load time: 0.0002 | back time: 1.2146 | lr: 0.00009540 | best AP50 acc: 0.8436 | best AP70 acc: 0.6611 | best mAP acc: 0.6217 | best mAR acc: 0.7101 | best Score: 0.6217 | best Score epoch: 10 
epoch 12, iter 1101: loss: 0.0004 | load time: 0.0002 | back time: 1.2180 | lr: 0.00009535 | best AP50 acc: 0.8436 | best AP70 acc: 0.6611 | best mAP acc: 0.6217 | best mAR acc: 0.7101 | best Score: 0.6217 | best Score epoch: 10 
epoch 12, iter 1151: loss: 0.0000 | load time: 0.0001 | back time: 1.2153 | lr: 0.00009529 | best AP50 acc: 0.8436 | best AP70 acc: 0.6611 | best mAP acc: 0.6217 | best mAR acc: 0.7101 | best Score: 0.6217 | best Score epoch: 10 
UAV_SEQS_2 | mAP50:90: 31.4967 | AP50: 63.9460 | AP70: 30.3471 
UAV_SEQS_37 | mAP50:90: 80.1870 | AP50: 97.9997 | AP70: 88.9407 
UAV_SEQS_45 | mAP50:90: 87.9517 | AP50: 98.0165 | AP70: 93.0978 
UAV_SEQS_47 | mAP50:90: 83.1969 | AP50: 100.0000 | AP70: 91.4730 
UAV_SEQS_55 | mAP50:90: 31.9510 | AP50: 65.4386 | AP70: 30.9990 
UAV_SEQS_59 | mAP50:90: 54.7481 | AP50: 85.8176 | AP70: 62.0627 
UAV_SEQS_6 | mAP50:90: 38.3126 | AP50: 64.5580 | AP70: 36.3713 
UAV_SEQS_63 | mAP50:90: 3.9125 | AP50: 23.7640 | AP70: 0.1118 
UAV_SEQS_65 | mAP50:90: 91.6806 | AP50: 97.9142 | AP70: 96.7856 
UAV_SEQS_7 | mAP50:90: 45.6835 | AP50: 87.1474 | AP70: 54.5129 
UAV_SEQS_71 | mAP50:90: 52.1006 | AP50: 84.2320 | AP70: 55.2831 
UAV_SEQS_73 | mAP50:90: 52.5638 | AP50: 80.9581 | AP70: 54.2075 
UAV_SEQS_74 | mAP50:90: 98.5085 | AP50: 100.0000 | AP70: 100.0000 
UAV_SEQS_77 | mAP50:90: 16.9585 | AP50: 24.2404 | AP70: 19.7919 
UAV_SEQS_8 | mAP50:90: 52.7692 | AP50: 72.5100 | AP70: 53.6019 
Overall            | mAP50:95: 52.6813 | AP50: 76.0376 | AP70: 55.5998 
epoch 13, iter    1: loss: 0.0003 | load time: 0.0043 | back time: 0.6594 | lr: 0.00009529 | best AP50 acc: 0.8436 | best AP70 acc: 0.6611 | best mAP acc: 0.6217 | best mAR acc: 0.7101 | best Score: 0.6217 | best Score epoch: 10 
epoch 13, iter   51: loss: 0.0001 | load time: 0.0002 | back time: 1.2128 | lr: 0.00009523 | best AP50 acc: 0.8436 | best AP70 acc: 0.6611 | best mAP acc: 0.6217 | best mAR acc: 0.7101 | best Score: 0.6217 | best Score epoch: 10 
epoch 13, iter  101: loss: 0.0001 | load time: 0.0002 | back time: 1.2179 | lr: 0.00009517 | best AP50 acc: 0.8436 | best AP70 acc: 0.6611 | best mAP acc: 0.6217 | best mAR acc: 0.7101 | best Score: 0.6217 | best Score epoch: 10 
epoch 13, iter  151: loss: 0.0001 | load time: 0.0003 | back time: 1.2168 | lr: 0.00009511 | best AP50 acc: 0.8436 | best AP70 acc: 0.6611 | best mAP acc: 0.6217 | best mAR acc: 0.7101 | best Score: 0.6217 | best Score epoch: 10 
epoch 13, iter  201: loss: 0.0003 | load time: 0.0002 | back time: 1.2191 | lr: 0.00009506 | best AP50 acc: 0.8436 | best AP70 acc: 0.6611 | best mAP acc: 0.6217 | best mAR acc: 0.7101 | best Score: 0.6217 | best Score epoch: 10 
epoch 13, iter  251: loss: 0.0001 | load time: 0.0002 | back time: 1.2124 | lr: 0.00009500 | best AP50 acc: 0.8436 | best AP70 acc: 0.6611 | best mAP acc: 0.6217 | best mAR acc: 0.7101 | best Score: 0.6217 | best Score epoch: 10 
epoch 13, iter  301: loss: 0.0001 | load time: 0.0001 | back time: 1.2182 | lr: 0.00009494 | best AP50 acc: 0.8436 | best AP70 acc: 0.6611 | best mAP acc: 0.6217 | best mAR acc: 0.7101 | best Score: 0.6217 | best Score epoch: 10 
epoch 13, iter  351: loss: 0.0004 | load time: 0.0002 | back time: 1.1586 | lr: 0.00009488 | best AP50 acc: 0.8436 | best AP70 acc: 0.6611 | best mAP acc: 0.6217 | best mAR acc: 0.7101 | best Score: 0.6217 | best Score epoch: 10 
epoch 13, iter  401: loss: 0.0002 | load time: 0.0002 | back time: 1.1750 | lr: 0.00009482 | best AP50 acc: 0.8436 | best AP70 acc: 0.6611 | best mAP acc: 0.6217 | best mAR acc: 0.7101 | best Score: 0.6217 | best Score epoch: 10 
epoch 13, iter  451: loss: 0.0001 | load time: 0.0001 | back time: 1.2200 | lr: 0.00009476 | best AP50 acc: 0.8436 | best AP70 acc: 0.6611 | best mAP acc: 0.6217 | best mAR acc: 0.7101 | best Score: 0.6217 | best Score epoch: 10 
epoch 13, iter  501: loss: 0.0001 | load time: 0.0001 | back time: 1.2196 | lr: 0.00009470 | best AP50 acc: 0.8436 | best AP70 acc: 0.6611 | best mAP acc: 0.6217 | best mAR acc: 0.7101 | best Score: 0.6217 | best Score epoch: 10 
epoch 13, iter  551: loss: 0.0001 | load time: 0.0002 | back time: 1.2297 | lr: 0.00009464 | best AP50 acc: 0.8436 | best AP70 acc: 0.6611 | best mAP acc: 0.6217 | best mAR acc: 0.7101 | best Score: 0.6217 | best Score epoch: 10 
epoch 13, iter  601: loss: 0.0001 | load time: 0.0003 | back time: 1.2194 | lr: 0.00009457 | best AP50 acc: 0.8436 | best AP70 acc: 0.6611 | best mAP acc: 0.6217 | best mAR acc: 0.7101 | best Score: 0.6217 | best Score epoch: 10 
epoch 13, iter  651: loss: 0.0004 | load time: 0.0003 | back time: 1.2041 | lr: 0.00009451 | best AP50 acc: 0.8436 | best AP70 acc: 0.6611 | best mAP acc: 0.6217 | best mAR acc: 0.7101 | best Score: 0.6217 | best Score epoch: 10 
epoch 13, iter  701: loss: 0.0001 | load time: 0.0002 | back time: 1.1782 | lr: 0.00009445 | best AP50 acc: 0.8436 | best AP70 acc: 0.6611 | best mAP acc: 0.6217 | best mAR acc: 0.7101 | best Score: 0.6217 | best Score epoch: 10 
epoch 13, iter  751: loss: 0.0001 | load time: 0.0001 | back time: 1.1806 | lr: 0.00009439 | best AP50 acc: 0.8436 | best AP70 acc: 0.6611 | best mAP acc: 0.6217 | best mAR acc: 0.7101 | best Score: 0.6217 | best Score epoch: 10 
epoch 13, iter  801: loss: 0.0007 | load time: 0.0001 | back time: 1.2000 | lr: 0.00009433 | best AP50 acc: 0.8436 | best AP70 acc: 0.6611 | best mAP acc: 0.6217 | best mAR acc: 0.7101 | best Score: 0.6217 | best Score epoch: 10 
epoch 13, iter  851: loss: 0.0006 | load time: 0.0003 | back time: 1.2124 | lr: 0.00009426 | best AP50 acc: 0.8436 | best AP70 acc: 0.6611 | best mAP acc: 0.6217 | best mAR acc: 0.7101 | best Score: 0.6217 | best Score epoch: 10 
epoch 13, iter  901: loss: 0.0009 | load time: 0.0002 | back time: 1.2158 | lr: 0.00009420 | best AP50 acc: 0.8436 | best AP70 acc: 0.6611 | best mAP acc: 0.6217 | best mAR acc: 0.7101 | best Score: 0.6217 | best Score epoch: 10 
epoch 13, iter  951: loss: 0.0001 | load time: 0.0003 | back time: 1.2030 | lr: 0.00009414 | best AP50 acc: 0.8436 | best AP70 acc: 0.6611 | best mAP acc: 0.6217 | best mAR acc: 0.7101 | best Score: 0.6217 | best Score epoch: 10 
epoch 13, iter 1001: loss: 0.0002 | load time: 0.0002 | back time: 1.2122 | lr: 0.00009407 | best AP50 acc: 0.8436 | best AP70 acc: 0.6611 | best mAP acc: 0.6217 | best mAR acc: 0.7101 | best Score: 0.6217 | best Score epoch: 10 
epoch 13, iter 1051: loss: 0.0001 | load time: 0.0002 | back time: 1.1869 | lr: 0.00009401 | best AP50 acc: 0.8436 | best AP70 acc: 0.6611 | best mAP acc: 0.6217 | best mAR acc: 0.7101 | best Score: 0.6217 | best Score epoch: 10 
epoch 13, iter 1101: loss: 0.0002 | load time: 0.0002 | back time: 1.2047 | lr: 0.00009394 | best AP50 acc: 0.8436 | best AP70 acc: 0.6611 | best mAP acc: 0.6217 | best mAR acc: 0.7101 | best Score: 0.6217 | best Score epoch: 10 
epoch 13, iter 1151: loss: 0.0005 | load time: 0.0001 | back time: 1.2116 | lr: 0.00009388 | best AP50 acc: 0.8436 | best AP70 acc: 0.6611 | best mAP acc: 0.6217 | best mAR acc: 0.7101 | best Score: 0.6217 | best Score epoch: 10 
UAV_SEQS_2 | mAP50:90: 40.3394 | AP50: 66.8009 | AP70: 41.5064 
UAV_SEQS_37 | mAP50:90: 86.9811 | AP50: 100.0000 | AP70: 96.7261 
UAV_SEQS_45 | mAP50:90: 83.1929 | AP50: 98.0198 | AP70: 90.7096 
UAV_SEQS_47 | mAP50:90: 87.9911 | AP50: 100.0000 | AP70: 97.6916 
UAV_SEQS_55 | mAP50:90: 30.2336 | AP50: 66.8975 | AP70: 24.6466 
UAV_SEQS_59 | mAP50:90: 54.7608 | AP50: 87.0851 | AP70: 57.4257 
UAV_SEQS_6 | mAP50:90: 65.7022 | AP50: 85.8820 | AP70: 75.6985 
UAV_SEQS_63 | mAP50:90: 40.9084 | AP50: 84.9531 | AP70: 24.0769 
UAV_SEQS_65 | mAP50:90: 87.0790 | AP50: 97.8311 | AP70: 96.7733 
UAV_SEQS_7 | mAP50:90: 65.7913 | AP50: 95.7141 | AP70: 77.6144 
UAV_SEQS_71 | mAP50:90: 47.1330 | AP50: 76.3564 | AP70: 51.3865 
UAV_SEQS_73 | mAP50:90: 54.7770 | AP50: 79.2451 | AP70: 60.9547 
UAV_SEQS_74 | mAP50:90: 96.5497 | AP50: 99.7295 | AP70: 99.7295 
UAV_SEQS_77 | mAP50:90: 40.4032 | AP50: 49.0142 | AP70: 48.9655 
UAV_SEQS_8 | mAP50:90: 62.9499 | AP50: 91.7756 | AP70: 69.0259 
Overall            | mAP50:95: 63.0770 | AP50: 85.7713 | AP70: 68.1053 
epoch 14, iter    1: loss: 0.0004 | load time: 0.0020 | back time: 0.7271 | lr: 0.00009388 | best AP50 acc: 0.8577 | best AP70 acc: 0.6811 | best mAP acc: 0.6308 | best mAR acc: 0.7216 | best Score: 0.6308 | best Score epoch: 13 
epoch 14, iter   51: loss: 0.0002 | load time: 0.0002 | back time: 1.2091 | lr: 0.00009381 | best AP50 acc: 0.8577 | best AP70 acc: 0.6811 | best mAP acc: 0.6308 | best mAR acc: 0.7216 | best Score: 0.6308 | best Score epoch: 13 
epoch 14, iter  101: loss: 0.0003 | load time: 0.0002 | back time: 1.2164 | lr: 0.00009375 | best AP50 acc: 0.8577 | best AP70 acc: 0.6811 | best mAP acc: 0.6308 | best mAR acc: 0.7216 | best Score: 0.6308 | best Score epoch: 13 
epoch 14, iter  151: loss: 0.0004 | load time: 0.0002 | back time: 1.1847 | lr: 0.00009368 | best AP50 acc: 0.8577 | best AP70 acc: 0.6811 | best mAP acc: 0.6308 | best mAR acc: 0.7216 | best Score: 0.6308 | best Score epoch: 13 
epoch 14, iter  201: loss: 0.0005 | load time: 0.0002 | back time: 1.1867 | lr: 0.00009361 | best AP50 acc: 0.8577 | best AP70 acc: 0.6811 | best mAP acc: 0.6308 | best mAR acc: 0.7216 | best Score: 0.6308 | best Score epoch: 13 
epoch 14, iter  251: loss: 0.0005 | load time: 0.0002 | back time: 1.2232 | lr: 0.00009355 | best AP50 acc: 0.8577 | best AP70 acc: 0.6811 | best mAP acc: 0.6308 | best mAR acc: 0.7216 | best Score: 0.6308 | best Score epoch: 13 
epoch 14, iter  301: loss: 0.0003 | load time: 0.0002 | back time: 1.2211 | lr: 0.00009348 | best AP50 acc: 0.8577 | best AP70 acc: 0.6811 | best mAP acc: 0.6308 | best mAR acc: 0.7216 | best Score: 0.6308 | best Score epoch: 13 
epoch 14, iter  351: loss: 0.0000 | load time: 0.0002 | back time: 1.2488 | lr: 0.00009341 | best AP50 acc: 0.8577 | best AP70 acc: 0.6811 | best mAP acc: 0.6308 | best mAR acc: 0.7216 | best Score: 0.6308 | best Score epoch: 13 
epoch 14, iter  401: loss: 0.0003 | load time: 0.0002 | back time: 1.2084 | lr: 0.00009335 | best AP50 acc: 0.8577 | best AP70 acc: 0.6811 | best mAP acc: 0.6308 | best mAR acc: 0.7216 | best Score: 0.6308 | best Score epoch: 13 
epoch 14, iter  451: loss: 0.0001 | load time: 0.0003 | back time: 1.2069 | lr: 0.00009328 | best AP50 acc: 0.8577 | best AP70 acc: 0.6811 | best mAP acc: 0.6308 | best mAR acc: 0.7216 | best Score: 0.6308 | best Score epoch: 13 
epoch 14, iter  501: loss: 0.0004 | load time: 0.0003 | back time: 1.2088 | lr: 0.00009321 | best AP50 acc: 0.8577 | best AP70 acc: 0.6811 | best mAP acc: 0.6308 | best mAR acc: 0.7216 | best Score: 0.6308 | best Score epoch: 13 
epoch 14, iter  551: loss: 0.0000 | load time: 0.0002 | back time: 1.2097 | lr: 0.00009314 | best AP50 acc: 0.8577 | best AP70 acc: 0.6811 | best mAP acc: 0.6308 | best mAR acc: 0.7216 | best Score: 0.6308 | best Score epoch: 13 
epoch 14, iter  601: loss: 0.0003 | load time: 0.0002 | back time: 1.2056 | lr: 0.00009307 | best AP50 acc: 0.8577 | best AP70 acc: 0.6811 | best mAP acc: 0.6308 | best mAR acc: 0.7216 | best Score: 0.6308 | best Score epoch: 13 
epoch 14, iter  651: loss: 0.0004 | load time: 0.0003 | back time: 1.1872 | lr: 0.00009300 | best AP50 acc: 0.8577 | best AP70 acc: 0.6811 | best mAP acc: 0.6308 | best mAR acc: 0.7216 | best Score: 0.6308 | best Score epoch: 13 
epoch 14, iter  701: loss: 0.0001 | load time: 0.0003 | back time: 1.2508 | lr: 0.00009293 | best AP50 acc: 0.8577 | best AP70 acc: 0.6811 | best mAP acc: 0.6308 | best mAR acc: 0.7216 | best Score: 0.6308 | best Score epoch: 13 
epoch 14, iter  751: loss: 0.0002 | load time: 0.0002 | back time: 1.2111 | lr: 0.00009286 | best AP50 acc: 0.8577 | best AP70 acc: 0.6811 | best mAP acc: 0.6308 | best mAR acc: 0.7216 | best Score: 0.6308 | best Score epoch: 13 
epoch 14, iter  801: loss: 0.0003 | load time: 0.0002 | back time: 1.2125 | lr: 0.00009279 | best AP50 acc: 0.8577 | best AP70 acc: 0.6811 | best mAP acc: 0.6308 | best mAR acc: 0.7216 | best Score: 0.6308 | best Score epoch: 13 
epoch 14, iter  851: loss: 0.0004 | load time: 0.0002 | back time: 1.2096 | lr: 0.00009272 | best AP50 acc: 0.8577 | best AP70 acc: 0.6811 | best mAP acc: 0.6308 | best mAR acc: 0.7216 | best Score: 0.6308 | best Score epoch: 13 
epoch 14, iter  901: loss: 0.0004 | load time: 0.0002 | back time: 1.2129 | lr: 0.00009265 | best AP50 acc: 0.8577 | best AP70 acc: 0.6811 | best mAP acc: 0.6308 | best mAR acc: 0.7216 | best Score: 0.6308 | best Score epoch: 13 
epoch 14, iter  951: loss: 0.0002 | load time: 0.0002 | back time: 1.2162 | lr: 0.00009258 | best AP50 acc: 0.8577 | best AP70 acc: 0.6811 | best mAP acc: 0.6308 | best mAR acc: 0.7216 | best Score: 0.6308 | best Score epoch: 13 
epoch 14, iter 1001: loss: 0.0002 | load time: 0.0002 | back time: 1.2147 | lr: 0.00009251 | best AP50 acc: 0.8577 | best AP70 acc: 0.6811 | best mAP acc: 0.6308 | best mAR acc: 0.7216 | best Score: 0.6308 | best Score epoch: 13 
epoch 14, iter 1051: loss: 0.0001 | load time: 0.0002 | back time: 1.1789 | lr: 0.00009244 | best AP50 acc: 0.8577 | best AP70 acc: 0.6811 | best mAP acc: 0.6308 | best mAR acc: 0.7216 | best Score: 0.6308 | best Score epoch: 13 
epoch 14, iter 1101: loss: 0.0006 | load time: 0.0003 | back time: 1.2390 | lr: 0.00009237 | best AP50 acc: 0.8577 | best AP70 acc: 0.6811 | best mAP acc: 0.6308 | best mAR acc: 0.7216 | best Score: 0.6308 | best Score epoch: 13 
epoch 14, iter 1151: loss: 0.0004 | load time: 0.0001 | back time: 1.2582 | lr: 0.00009230 | best AP50 acc: 0.8577 | best AP70 acc: 0.6811 | best mAP acc: 0.6308 | best mAR acc: 0.7216 | best Score: 0.6308 | best Score epoch: 13 
UAV_SEQS_2 | mAP50:90: 30.2697 | AP50: 55.7485 | AP70: 31.0758 
UAV_SEQS_37 | mAP50:90: 78.7333 | AP50: 98.0198 | AP70: 81.6761 
UAV_SEQS_45 | mAP50:90: 92.6590 | AP50: 98.0198 | AP70: 95.7319 
UAV_SEQS_47 | mAP50:90: 91.7072 | AP50: 100.0000 | AP70: 97.0301 
UAV_SEQS_55 | mAP50:90: 33.4451 | AP50: 67.9966 | AP70: 32.1698 
UAV_SEQS_59 | mAP50:90: 65.0896 | AP50: 93.0056 | AP70: 75.2887 
UAV_SEQS_6 | mAP50:90: 61.2386 | AP50: 91.0348 | AP70: 72.8687 
UAV_SEQS_63 | mAP50:90: 56.7405 | AP50: 98.2885 | AP70: 60.4752 
UAV_SEQS_65 | mAP50:90: 86.4678 | AP50: 97.8565 | AP70: 95.4894 
UAV_SEQS_7 | mAP50:90: 30.8905 | AP50: 68.2930 | AP70: 33.7580 
UAV_SEQS_71 | mAP50:90: 59.2552 | AP50: 89.5855 | AP70: 64.4463 
UAV_SEQS_73 | mAP50:90: 64.7848 | AP50: 83.3455 | AP70: 70.1360 
UAV_SEQS_74 | mAP50:90: 98.5924 | AP50: 100.0000 | AP70: 100.0000 
UAV_SEQS_77 | mAP50:90: 20.9955 | AP50: 33.1710 | AP70: 21.4244 
UAV_SEQS_8 | mAP50:90: 69.1714 | AP50: 91.9592 | AP70: 79.4475 
Overall            | mAP50:95: 63.4617 | AP50: 85.8410 | AP70: 68.8405 
epoch 15, iter    1: loss: 0.0006 | load time: 0.0046 | back time: 0.8074 | lr: 0.00009229 | best AP50 acc: 0.8584 | best AP70 acc: 0.6884 | best mAP acc: 0.6346 | best mAR acc: 0.7190 | best Score: 0.6346 | best Score epoch: 14 
epoch 15, iter   51: loss: 0.0001 | load time: 0.0002 | back time: 1.2008 | lr: 0.00009222 | best AP50 acc: 0.8584 | best AP70 acc: 0.6884 | best mAP acc: 0.6346 | best mAR acc: 0.7190 | best Score: 0.6346 | best Score epoch: 14 
epoch 15, iter  101: loss: 0.0001 | load time: 0.0002 | back time: 1.2060 | lr: 0.00009215 | best AP50 acc: 0.8584 | best AP70 acc: 0.6884 | best mAP acc: 0.6346 | best mAR acc: 0.7190 | best Score: 0.6346 | best Score epoch: 14 
epoch 15, iter  151: loss: 0.0001 | load time: 0.0002 | back time: 1.1907 | lr: 0.00009207 | best AP50 acc: 0.8584 | best AP70 acc: 0.6884 | best mAP acc: 0.6346 | best mAR acc: 0.7190 | best Score: 0.6346 | best Score epoch: 14 
epoch 15, iter  201: loss: 0.0001 | load time: 0.0002 | back time: 1.2185 | lr: 0.00009200 | best AP50 acc: 0.8584 | best AP70 acc: 0.6884 | best mAP acc: 0.6346 | best mAR acc: 0.7190 | best Score: 0.6346 | best Score epoch: 14 
epoch 15, iter  251: loss: 0.0003 | load time: 0.0002 | back time: 1.1844 | lr: 0.00009193 | best AP50 acc: 0.8584 | best AP70 acc: 0.6884 | best mAP acc: 0.6346 | best mAR acc: 0.7190 | best Score: 0.6346 | best Score epoch: 14 
epoch 15, iter  301: loss: 0.0001 | load time: 0.0003 | back time: 1.2758 | lr: 0.00009185 | best AP50 acc: 0.8584 | best AP70 acc: 0.6884 | best mAP acc: 0.6346 | best mAR acc: 0.7190 | best Score: 0.6346 | best Score epoch: 14 
epoch 15, iter  351: loss: 0.0001 | load time: 0.0002 | back time: 1.2147 | lr: 0.00009178 | best AP50 acc: 0.8584 | best AP70 acc: 0.6884 | best mAP acc: 0.6346 | best mAR acc: 0.7190 | best Score: 0.6346 | best Score epoch: 14 
epoch 15, iter  401: loss: 0.0000 | load time: 0.0003 | back time: 1.2245 | lr: 0.00009170 | best AP50 acc: 0.8584 | best AP70 acc: 0.6884 | best mAP acc: 0.6346 | best mAR acc: 0.7190 | best Score: 0.6346 | best Score epoch: 14 
epoch 15, iter  451: loss: 0.0004 | load time: 0.0003 | back time: 1.2144 | lr: 0.00009163 | best AP50 acc: 0.8584 | best AP70 acc: 0.6884 | best mAP acc: 0.6346 | best mAR acc: 0.7190 | best Score: 0.6346 | best Score epoch: 14 
epoch 15, iter  501: loss: 0.0005 | load time: 0.0002 | back time: 1.2213 | lr: 0.00009155 | best AP50 acc: 0.8584 | best AP70 acc: 0.6884 | best mAP acc: 0.6346 | best mAR acc: 0.7190 | best Score: 0.6346 | best Score epoch: 14 
epoch 15, iter  551: loss: 0.0000 | load time: 0.0002 | back time: 1.2135 | lr: 0.00009148 | best AP50 acc: 0.8584 | best AP70 acc: 0.6884 | best mAP acc: 0.6346 | best mAR acc: 0.7190 | best Score: 0.6346 | best Score epoch: 14 
epoch 15, iter  601: loss: 0.0000 | load time: 0.0002 | back time: 1.2523 | lr: 0.00009140 | best AP50 acc: 0.8584 | best AP70 acc: 0.6884 | best mAP acc: 0.6346 | best mAR acc: 0.7190 | best Score: 0.6346 | best Score epoch: 14 
epoch 15, iter  651: loss: 0.0001 | load time: 0.0002 | back time: 1.2430 | lr: 0.00009133 | best AP50 acc: 0.8584 | best AP70 acc: 0.6884 | best mAP acc: 0.6346 | best mAR acc: 0.7190 | best Score: 0.6346 | best Score epoch: 14 
epoch 15, iter  701: loss: 0.0001 | load time: 0.0003 | back time: 1.2171 | lr: 0.00009125 | best AP50 acc: 0.8584 | best AP70 acc: 0.6884 | best mAP acc: 0.6346 | best mAR acc: 0.7190 | best Score: 0.6346 | best Score epoch: 14 
epoch 15, iter  751: loss: 0.0001 | load time: 0.0003 | back time: 1.2201 | lr: 0.00009117 | best AP50 acc: 0.8584 | best AP70 acc: 0.6884 | best mAP acc: 0.6346 | best mAR acc: 0.7190 | best Score: 0.6346 | best Score epoch: 14 
epoch 15, iter  801: loss: 0.0001 | load time: 0.0003 | back time: 1.2096 | lr: 0.00009110 | best AP50 acc: 0.8584 | best AP70 acc: 0.6884 | best mAP acc: 0.6346 | best mAR acc: 0.7190 | best Score: 0.6346 | best Score epoch: 14 
epoch 15, iter  851: loss: 0.0003 | load time: 0.0002 | back time: 1.2138 | lr: 0.00009102 | best AP50 acc: 0.8584 | best AP70 acc: 0.6884 | best mAP acc: 0.6346 | best mAR acc: 0.7190 | best Score: 0.6346 | best Score epoch: 14 
epoch 15, iter  901: loss: 0.0005 | load time: 0.0003 | back time: 1.2143 | lr: 0.00009094 | best AP50 acc: 0.8584 | best AP70 acc: 0.6884 | best mAP acc: 0.6346 | best mAR acc: 0.7190 | best Score: 0.6346 | best Score epoch: 14 
epoch 15, iter  951: loss: 0.0004 | load time: 0.0002 | back time: 1.2161 | lr: 0.00009086 | best AP50 acc: 0.8584 | best AP70 acc: 0.6884 | best mAP acc: 0.6346 | best mAR acc: 0.7190 | best Score: 0.6346 | best Score epoch: 14 
epoch 15, iter 1001: loss: 0.0004 | load time: 0.0002 | back time: 1.2311 | lr: 0.00009078 | best AP50 acc: 0.8584 | best AP70 acc: 0.6884 | best mAP acc: 0.6346 | best mAR acc: 0.7190 | best Score: 0.6346 | best Score epoch: 14 
epoch 15, iter 1051: loss: 0.0007 | load time: 0.0002 | back time: 1.2115 | lr: 0.00009071 | best AP50 acc: 0.8584 | best AP70 acc: 0.6884 | best mAP acc: 0.6346 | best mAR acc: 0.7190 | best Score: 0.6346 | best Score epoch: 14 
epoch 15, iter 1101: loss: 0.0002 | load time: 0.0002 | back time: 1.2149 | lr: 0.00009063 | best AP50 acc: 0.8584 | best AP70 acc: 0.6884 | best mAP acc: 0.6346 | best mAR acc: 0.7190 | best Score: 0.6346 | best Score epoch: 14 
epoch 15, iter 1151: loss: 0.0005 | load time: 0.0001 | back time: 1.2220 | lr: 0.00009055 | best AP50 acc: 0.8584 | best AP70 acc: 0.6884 | best mAP acc: 0.6346 | best mAR acc: 0.7190 | best Score: 0.6346 | best Score epoch: 14 
UAV_SEQS_2 | mAP50:90: 26.3941 | AP50: 50.6763 | AP70: 28.7243 
UAV_SEQS_37 | mAP50:90: 78.4491 | AP50: 100.0000 | AP70: 87.7490 
UAV_SEQS_45 | mAP50:90: 90.9315 | AP50: 98.0198 | AP70: 97.6887 
UAV_SEQS_47 | mAP50:90: 90.5945 | AP50: 100.0000 | AP70: 91.4806 
UAV_SEQS_55 | mAP50:90: 28.6133 | AP50: 62.3371 | AP70: 24.0702 
UAV_SEQS_59 | mAP50:90: 53.7838 | AP50: 83.8921 | AP70: 51.2085 
UAV_SEQS_6 | mAP50:90: 48.5826 | AP50: 70.0174 | AP70: 49.0588 
UAV_SEQS_63 | mAP50:90: 36.8972 | AP50: 69.7459 | AP70: 32.8569 
UAV_SEQS_65 | mAP50:90: 82.1461 | AP50: 97.8405 | AP70: 89.2114 
UAV_SEQS_7 | mAP50:90: 26.1274 | AP50: 50.5854 | AP70: 26.7862 
UAV_SEQS_71 | mAP50:90: 73.3773 | AP50: 96.8496 | AP70: 81.7891 
UAV_SEQS_73 | mAP50:90: 61.3369 | AP50: 81.8103 | AP70: 65.3663 
UAV_SEQS_74 | mAP50:90: 96.2416 | AP50: 99.8497 | AP70: 99.8497 
UAV_SEQS_77 | mAP50:90: 53.6361 | AP50: 65.8285 | AP70: 59.3435 
UAV_SEQS_8 | mAP50:90: 65.7723 | AP50: 87.3465 | AP70: 69.8820 
Overall            | mAP50:95: 60.9396 | AP50: 82.2899 | AP70: 63.6258 
epoch 16, iter    1: loss: 0.0001 | load time: 0.0038 | back time: 0.7741 | lr: 0.00009054 | best AP50 acc: 0.8584 | best AP70 acc: 0.6884 | best mAP acc: 0.6346 | best mAR acc: 0.7190 | best Score: 0.6346 | best Score epoch: 14 
epoch 16, iter   51: loss: 0.0001 | load time: 0.0002 | back time: 1.2156 | lr: 0.00009047 | best AP50 acc: 0.8584 | best AP70 acc: 0.6884 | best mAP acc: 0.6346 | best mAR acc: 0.7190 | best Score: 0.6346 | best Score epoch: 14 
epoch 16, iter  101: loss: 0.0001 | load time: 0.0002 | back time: 1.2335 | lr: 0.00009039 | best AP50 acc: 0.8584 | best AP70 acc: 0.6884 | best mAP acc: 0.6346 | best mAR acc: 0.7190 | best Score: 0.6346 | best Score epoch: 14 
epoch 16, iter  151: loss: 0.0002 | load time: 0.0002 | back time: 1.2209 | lr: 0.00009031 | best AP50 acc: 0.8584 | best AP70 acc: 0.6884 | best mAP acc: 0.6346 | best mAR acc: 0.7190 | best Score: 0.6346 | best Score epoch: 14 
epoch 16, iter  201: loss: 0.0001 | load time: 0.0003 | back time: 1.2268 | lr: 0.00009022 | best AP50 acc: 0.8584 | best AP70 acc: 0.6884 | best mAP acc: 0.6346 | best mAR acc: 0.7190 | best Score: 0.6346 | best Score epoch: 14 
epoch 16, iter  251: loss: 0.0006 | load time: 0.0003 | back time: 1.2288 | lr: 0.00009014 | best AP50 acc: 0.8584 | best AP70 acc: 0.6884 | best mAP acc: 0.6346 | best mAR acc: 0.7190 | best Score: 0.6346 | best Score epoch: 14 
epoch 16, iter  301: loss: 0.0001 | load time: 0.0002 | back time: 1.2318 | lr: 0.00009006 | best AP50 acc: 0.8584 | best AP70 acc: 0.6884 | best mAP acc: 0.6346 | best mAR acc: 0.7190 | best Score: 0.6346 | best Score epoch: 14 
epoch 16, iter  351: loss: 0.0001 | load time: 0.0004 | back time: 1.2203 | lr: 0.00008998 | best AP50 acc: 0.8584 | best AP70 acc: 0.6884 | best mAP acc: 0.6346 | best mAR acc: 0.7190 | best Score: 0.6346 | best Score epoch: 14 
epoch 16, iter  401: loss: 0.0003 | load time: 0.0002 | back time: 1.2203 | lr: 0.00008990 | best AP50 acc: 0.8584 | best AP70 acc: 0.6884 | best mAP acc: 0.6346 | best mAR acc: 0.7190 | best Score: 0.6346 | best Score epoch: 14 
epoch 16, iter  451: loss: 0.0001 | load time: 0.0003 | back time: 1.2192 | lr: 0.00008982 | best AP50 acc: 0.8584 | best AP70 acc: 0.6884 | best mAP acc: 0.6346 | best mAR acc: 0.7190 | best Score: 0.6346 | best Score epoch: 14 
epoch 16, iter  501: loss: 0.0003 | load time: 0.0002 | back time: 1.2158 | lr: 0.00008974 | best AP50 acc: 0.8584 | best AP70 acc: 0.6884 | best mAP acc: 0.6346 | best mAR acc: 0.7190 | best Score: 0.6346 | best Score epoch: 14 
epoch 16, iter  551: loss: 0.0002 | load time: 0.0001 | back time: 1.2214 | lr: 0.00008965 | best AP50 acc: 0.8584 | best AP70 acc: 0.6884 | best mAP acc: 0.6346 | best mAR acc: 0.7190 | best Score: 0.6346 | best Score epoch: 14 
epoch 16, iter  601: loss: 0.0001 | load time: 0.0002 | back time: 1.2209 | lr: 0.00008957 | best AP50 acc: 0.8584 | best AP70 acc: 0.6884 | best mAP acc: 0.6346 | best mAR acc: 0.7190 | best Score: 0.6346 | best Score epoch: 14 
epoch 16, iter  651: loss: 0.0001 | load time: 0.0002 | back time: 1.2182 | lr: 0.00008949 | best AP50 acc: 0.8584 | best AP70 acc: 0.6884 | best mAP acc: 0.6346 | best mAR acc: 0.7190 | best Score: 0.6346 | best Score epoch: 14 
epoch 16, iter  701: loss: 0.0001 | load time: 0.0003 | back time: 1.2106 | lr: 0.00008940 | best AP50 acc: 0.8584 | best AP70 acc: 0.6884 | best mAP acc: 0.6346 | best mAR acc: 0.7190 | best Score: 0.6346 | best Score epoch: 14 
epoch 16, iter  751: loss: 0.0003 | load time: 0.0002 | back time: 1.2227 | lr: 0.00008932 | best AP50 acc: 0.8584 | best AP70 acc: 0.6884 | best mAP acc: 0.6346 | best mAR acc: 0.7190 | best Score: 0.6346 | best Score epoch: 14 
epoch 16, iter  801: loss: 0.0003 | load time: 0.0001 | back time: 1.2148 | lr: 0.00008924 | best AP50 acc: 0.8584 | best AP70 acc: 0.6884 | best mAP acc: 0.6346 | best mAR acc: 0.7190 | best Score: 0.6346 | best Score epoch: 14 
epoch 16, iter  851: loss: 0.0001 | load time: 0.0002 | back time: 1.1788 | lr: 0.00008915 | best AP50 acc: 0.8584 | best AP70 acc: 0.6884 | best mAP acc: 0.6346 | best mAR acc: 0.7190 | best Score: 0.6346 | best Score epoch: 14 
epoch 16, iter  901: loss: 0.0001 | load time: 0.0001 | back time: 1.1868 | lr: 0.00008907 | best AP50 acc: 0.8584 | best AP70 acc: 0.6884 | best mAP acc: 0.6346 | best mAR acc: 0.7190 | best Score: 0.6346 | best Score epoch: 14 
epoch 16, iter  951: loss: 0.0004 | load time: 0.0002 | back time: 1.2180 | lr: 0.00008898 | best AP50 acc: 0.8584 | best AP70 acc: 0.6884 | best mAP acc: 0.6346 | best mAR acc: 0.7190 | best Score: 0.6346 | best Score epoch: 14 
epoch 16, iter 1001: loss: 0.0001 | load time: 0.0002 | back time: 1.2075 | lr: 0.00008890 | best AP50 acc: 0.8584 | best AP70 acc: 0.6884 | best mAP acc: 0.6346 | best mAR acc: 0.7190 | best Score: 0.6346 | best Score epoch: 14 
epoch 16, iter 1051: loss: 0.0001 | load time: 0.0002 | back time: 1.2134 | lr: 0.00008881 | best AP50 acc: 0.8584 | best AP70 acc: 0.6884 | best mAP acc: 0.6346 | best mAR acc: 0.7190 | best Score: 0.6346 | best Score epoch: 14 
epoch 16, iter 1101: loss: 0.0001 | load time: 0.0003 | back time: 1.2063 | lr: 0.00008873 | best AP50 acc: 0.8584 | best AP70 acc: 0.6884 | best mAP acc: 0.6346 | best mAR acc: 0.7190 | best Score: 0.6346 | best Score epoch: 14 
epoch 16, iter 1151: loss: 0.0001 | load time: 0.0001 | back time: 1.2089 | lr: 0.00008864 | best AP50 acc: 0.8584 | best AP70 acc: 0.6884 | best mAP acc: 0.6346 | best mAR acc: 0.7190 | best Score: 0.6346 | best Score epoch: 14 
UAV_SEQS_2 | mAP50:90: 20.2366 | AP50: 42.9708 | AP70: 20.7241 
UAV_SEQS_37 | mAP50:90: 72.5502 | AP50: 94.0947 | AP70: 76.3126 
UAV_SEQS_45 | mAP50:90: 94.9182 | AP50: 98.0198 | AP70: 98.0198 
UAV_SEQS_47 | mAP50:90: 92.3674 | AP50: 100.0000 | AP70: 95.3533 
UAV_SEQS_55 | mAP50:90: 29.2323 | AP50: 65.4720 | AP70: 22.7041 
UAV_SEQS_59 | mAP50:90: 59.3102 | AP50: 90.5349 | AP70: 63.3687 
UAV_SEQS_6 | mAP50:90: 48.7768 | AP50: 76.9259 | AP70: 48.8194 
UAV_SEQS_63 | mAP50:90: 51.9452 | AP50: 84.7921 | AP70: 50.3947 
UAV_SEQS_65 | mAP50:90: 89.3904 | AP50: 97.8566 | AP70: 94.6448 
UAV_SEQS_7 | mAP50:90: 50.8428 | AP50: 87.4044 | AP70: 67.1021 
UAV_SEQS_71 | mAP50:90: 60.5554 | AP50: 89.0525 | AP70: 66.0671 
UAV_SEQS_73 | mAP50:90: 62.3449 | AP50: 79.2221 | AP70: 65.7863 
UAV_SEQS_74 | mAP50:90: 97.6624 | AP50: 100.0000 | AP70: 100.0000 
UAV_SEQS_77 | mAP50:90: 22.0151 | AP50: 34.9308 | AP70: 28.8767 
UAV_SEQS_8 | mAP50:90: 58.1873 | AP50: 80.0376 | AP70: 61.7901 
Overall            | mAP50:95: 62.0606 | AP50: 82.9687 | AP70: 65.6490 
epoch 17, iter    1: loss: 0.0001 | load time: 0.0022 | back time: 0.7294 | lr: 0.00008864 | best AP50 acc: 0.8584 | best AP70 acc: 0.6884 | best mAP acc: 0.6346 | best mAR acc: 0.7190 | best Score: 0.6346 | best Score epoch: 14 
epoch 17, iter   51: loss: 0.0000 | load time: 0.0002 | back time: 1.2008 | lr: 0.00008855 | best AP50 acc: 0.8584 | best AP70 acc: 0.6884 | best mAP acc: 0.6346 | best mAR acc: 0.7190 | best Score: 0.6346 | best Score epoch: 14 
epoch 17, iter  101: loss: 0.0001 | load time: 0.0003 | back time: 1.2055 | lr: 0.00008847 | best AP50 acc: 0.8584 | best AP70 acc: 0.6884 | best mAP acc: 0.6346 | best mAR acc: 0.7190 | best Score: 0.6346 | best Score epoch: 14 
epoch 17, iter  151: loss: 0.0004 | load time: 0.0001 | back time: 1.1994 | lr: 0.00008838 | best AP50 acc: 0.8584 | best AP70 acc: 0.6884 | best mAP acc: 0.6346 | best mAR acc: 0.7190 | best Score: 0.6346 | best Score epoch: 14 
epoch 17, iter  201: loss: 0.0005 | load time: 0.0002 | back time: 1.1760 | lr: 0.00008829 | best AP50 acc: 0.8584 | best AP70 acc: 0.6884 | best mAP acc: 0.6346 | best mAR acc: 0.7190 | best Score: 0.6346 | best Score epoch: 14 
epoch 17, iter  251: loss: 0.0001 | load time: 0.0002 | back time: 1.2123 | lr: 0.00008820 | best AP50 acc: 0.8584 | best AP70 acc: 0.6884 | best mAP acc: 0.6346 | best mAR acc: 0.7190 | best Score: 0.6346 | best Score epoch: 14 
epoch 17, iter  301: loss: 0.0002 | load time: 0.0002 | back time: 1.2134 | lr: 0.00008812 | best AP50 acc: 0.8584 | best AP70 acc: 0.6884 | best mAP acc: 0.6346 | best mAR acc: 0.7190 | best Score: 0.6346 | best Score epoch: 14 
epoch 17, iter  351: loss: 0.0001 | load time: 0.0002 | back time: 1.2509 | lr: 0.00008803 | best AP50 acc: 0.8584 | best AP70 acc: 0.6884 | best mAP acc: 0.6346 | best mAR acc: 0.7190 | best Score: 0.6346 | best Score epoch: 14 
epoch 17, iter  401: loss: 0.0004 | load time: 0.0002 | back time: 1.2215 | lr: 0.00008794 | best AP50 acc: 0.8584 | best AP70 acc: 0.6884 | best mAP acc: 0.6346 | best mAR acc: 0.7190 | best Score: 0.6346 | best Score epoch: 14 
epoch 17, iter  451: loss: 0.0001 | load time: 0.0002 | back time: 1.2272 | lr: 0.00008785 | best AP50 acc: 0.8584 | best AP70 acc: 0.6884 | best mAP acc: 0.6346 | best mAR acc: 0.7190 | best Score: 0.6346 | best Score epoch: 14 
epoch 17, iter  501: loss: 0.0001 | load time: 0.0002 | back time: 1.2711 | lr: 0.00008776 | best AP50 acc: 0.8584 | best AP70 acc: 0.6884 | best mAP acc: 0.6346 | best mAR acc: 0.7190 | best Score: 0.6346 | best Score epoch: 14 
epoch 17, iter  551: loss: 0.0001 | load time: 0.0002 | back time: 1.2155 | lr: 0.00008768 | best AP50 acc: 0.8584 | best AP70 acc: 0.6884 | best mAP acc: 0.6346 | best mAR acc: 0.7190 | best Score: 0.6346 | best Score epoch: 14 
epoch 17, iter  601: loss: 0.0004 | load time: 0.0002 | back time: 1.2154 | lr: 0.00008759 | best AP50 acc: 0.8584 | best AP70 acc: 0.6884 | best mAP acc: 0.6346 | best mAR acc: 0.7190 | best Score: 0.6346 | best Score epoch: 14 
epoch 17, iter  651: loss: 0.0002 | load time: 0.0002 | back time: 1.2126 | lr: 0.00008750 | best AP50 acc: 0.8584 | best AP70 acc: 0.6884 | best mAP acc: 0.6346 | best mAR acc: 0.7190 | best Score: 0.6346 | best Score epoch: 14 
epoch 17, iter  701: loss: 0.0000 | load time: 0.0002 | back time: 1.2080 | lr: 0.00008741 | best AP50 acc: 0.8584 | best AP70 acc: 0.6884 | best mAP acc: 0.6346 | best mAR acc: 0.7190 | best Score: 0.6346 | best Score epoch: 14 
epoch 17, iter  751: loss: 0.0004 | load time: 0.0002 | back time: 1.2091 | lr: 0.00008732 | best AP50 acc: 0.8584 | best AP70 acc: 0.6884 | best mAP acc: 0.6346 | best mAR acc: 0.7190 | best Score: 0.6346 | best Score epoch: 14 
epoch 17, iter  801: loss: 0.0001 | load time: 0.0003 | back time: 1.2086 | lr: 0.00008723 | best AP50 acc: 0.8584 | best AP70 acc: 0.6884 | best mAP acc: 0.6346 | best mAR acc: 0.7190 | best Score: 0.6346 | best Score epoch: 14 
epoch 17, iter  851: loss: 0.0005 | load time: 0.0002 | back time: 1.2204 | lr: 0.00008714 | best AP50 acc: 0.8584 | best AP70 acc: 0.6884 | best mAP acc: 0.6346 | best mAR acc: 0.7190 | best Score: 0.6346 | best Score epoch: 14 
epoch 17, iter  901: loss: 0.0002 | load time: 0.0002 | back time: 1.2004 | lr: 0.00008704 | best AP50 acc: 0.8584 | best AP70 acc: 0.6884 | best mAP acc: 0.6346 | best mAR acc: 0.7190 | best Score: 0.6346 | best Score epoch: 14 
epoch 17, iter  951: loss: 0.0001 | load time: 0.0003 | back time: 1.1769 | lr: 0.00008695 | best AP50 acc: 0.8584 | best AP70 acc: 0.6884 | best mAP acc: 0.6346 | best mAR acc: 0.7190 | best Score: 0.6346 | best Score epoch: 14 
epoch 17, iter 1001: loss: 0.0001 | load time: 0.0002 | back time: 1.2318 | lr: 0.00008686 | best AP50 acc: 0.8584 | best AP70 acc: 0.6884 | best mAP acc: 0.6346 | best mAR acc: 0.7190 | best Score: 0.6346 | best Score epoch: 14 
epoch 17, iter 1051: loss: 0.0000 | load time: 0.0002 | back time: 1.1768 | lr: 0.00008677 | best AP50 acc: 0.8584 | best AP70 acc: 0.6884 | best mAP acc: 0.6346 | best mAR acc: 0.7190 | best Score: 0.6346 | best Score epoch: 14 
epoch 17, iter 1101: loss: 0.0000 | load time: 0.0002 | back time: 1.2431 | lr: 0.00008668 | best AP50 acc: 0.8584 | best AP70 acc: 0.6884 | best mAP acc: 0.6346 | best mAR acc: 0.7190 | best Score: 0.6346 | best Score epoch: 14 
epoch 17, iter 1151: loss: 0.0005 | load time: 0.0001 | back time: 1.1908 | lr: 0.00008659 | best AP50 acc: 0.8584 | best AP70 acc: 0.6884 | best mAP acc: 0.6346 | best mAR acc: 0.7190 | best Score: 0.6346 | best Score epoch: 14 
UAV_SEQS_2 | mAP50:90: 20.3799 | AP50: 44.1388 | AP70: 19.1792 
UAV_SEQS_37 | mAP50:90: 69.9639 | AP50: 90.7208 | AP70: 77.3111 
UAV_SEQS_45 | mAP50:90: 86.5078 | AP50: 98.0198 | AP70: 91.2928 
UAV_SEQS_47 | mAP50:90: 87.9479 | AP50: 100.0000 | AP70: 90.6501 
UAV_SEQS_55 | mAP50:90: 28.3546 | AP50: 62.9368 | AP70: 26.9045 
UAV_SEQS_59 | mAP50:90: 57.5887 | AP50: 89.4353 | AP70: 61.6577 
UAV_SEQS_6 | mAP50:90: 35.3890 | AP50: 60.7252 | AP70: 45.5571 
UAV_SEQS_63 | mAP50:90: 32.6657 | AP50: 69.1086 | AP70: 26.7470 
UAV_SEQS_65 | mAP50:90: 91.7135 | AP50: 96.6548 | AP70: 96.6126 
UAV_SEQS_7 | mAP50:90: 43.8593 | AP50: 83.1942 | AP70: 55.7488 
UAV_SEQS_71 | mAP50:90: 56.4258 | AP50: 91.9747 | AP70: 62.2502 
UAV_SEQS_73 | mAP50:90: 58.8237 | AP50: 80.2895 | AP70: 66.7571 
UAV_SEQS_74 | mAP50:90: 99.6037 | AP50: 100.0000 | AP70: 100.0000 
UAV_SEQS_77 | mAP50:90: 8.6695 | AP50: 20.5271 | AP70: 3.9168 
UAV_SEQS_8 | mAP50:90: 61.6594 | AP50: 81.0609 | AP70: 65.5305 
Overall            | mAP50:95: 56.7393 | AP50: 78.7463 | AP70: 60.7524 
epoch 18, iter    1: loss: 0.0001 | load time: 0.0027 | back time: 0.6576 | lr: 0.00008658 | best AP50 acc: 0.8584 | best AP70 acc: 0.6884 | best mAP acc: 0.6346 | best mAR acc: 0.7190 | best Score: 0.6346 | best Score epoch: 14 
epoch 18, iter   51: loss: 0.0001 | load time: 0.0001 | back time: 1.1706 | lr: 0.00008649 | best AP50 acc: 0.8584 | best AP70 acc: 0.6884 | best mAP acc: 0.6346 | best mAR acc: 0.7190 | best Score: 0.6346 | best Score epoch: 14 
epoch 18, iter  101: loss: 0.0001 | load time: 0.0002 | back time: 1.1774 | lr: 0.00008640 | best AP50 acc: 0.8584 | best AP70 acc: 0.6884 | best mAP acc: 0.6346 | best mAR acc: 0.7190 | best Score: 0.6346 | best Score epoch: 14 
epoch 18, iter  151: loss: 0.0004 | load time: 0.0002 | back time: 1.1999 | lr: 0.00008630 | best AP50 acc: 0.8584 | best AP70 acc: 0.6884 | best mAP acc: 0.6346 | best mAR acc: 0.7190 | best Score: 0.6346 | best Score epoch: 14 
epoch 18, iter  201: loss: 0.0000 | load time: 0.0003 | back time: 1.2137 | lr: 0.00008621 | best AP50 acc: 0.8584 | best AP70 acc: 0.6884 | best mAP acc: 0.6346 | best mAR acc: 0.7190 | best Score: 0.6346 | best Score epoch: 14 
epoch 18, iter  251: loss: 0.0000 | load time: 0.0003 | back time: 1.1969 | lr: 0.00008612 | best AP50 acc: 0.8584 | best AP70 acc: 0.6884 | best mAP acc: 0.6346 | best mAR acc: 0.7190 | best Score: 0.6346 | best Score epoch: 14 
epoch 18, iter  301: loss: 0.0001 | load time: 0.0001 | back time: 1.1774 | lr: 0.00008602 | best AP50 acc: 0.8584 | best AP70 acc: 0.6884 | best mAP acc: 0.6346 | best mAR acc: 0.7190 | best Score: 0.6346 | best Score epoch: 14 
epoch 18, iter  351: loss: 0.0002 | load time: 0.0001 | back time: 1.1754 | lr: 0.00008593 | best AP50 acc: 0.8584 | best AP70 acc: 0.6884 | best mAP acc: 0.6346 | best mAR acc: 0.7190 | best Score: 0.6346 | best Score epoch: 14 
epoch 18, iter  401: loss: 0.0002 | load time: 0.0003 | back time: 1.2454 | lr: 0.00008583 | best AP50 acc: 0.8584 | best AP70 acc: 0.6884 | best mAP acc: 0.6346 | best mAR acc: 0.7190 | best Score: 0.6346 | best Score epoch: 14 
epoch 18, iter  451: loss: 0.0000 | load time: 0.0002 | back time: 1.1886 | lr: 0.00008574 | best AP50 acc: 0.8584 | best AP70 acc: 0.6884 | best mAP acc: 0.6346 | best mAR acc: 0.7190 | best Score: 0.6346 | best Score epoch: 14 
epoch 18, iter  501: loss: 0.0001 | load time: 0.0002 | back time: 1.1956 | lr: 0.00008564 | best AP50 acc: 0.8584 | best AP70 acc: 0.6884 | best mAP acc: 0.6346 | best mAR acc: 0.7190 | best Score: 0.6346 | best Score epoch: 14 
epoch 18, iter  551: loss: 0.0001 | load time: 0.0001 | back time: 1.2122 | lr: 0.00008555 | best AP50 acc: 0.8584 | best AP70 acc: 0.6884 | best mAP acc: 0.6346 | best mAR acc: 0.7190 | best Score: 0.6346 | best Score epoch: 14 
epoch 18, iter  601: loss: 0.0001 | load time: 0.0002 | back time: 1.2843 | lr: 0.00008545 | best AP50 acc: 0.8584 | best AP70 acc: 0.6884 | best mAP acc: 0.6346 | best mAR acc: 0.7190 | best Score: 0.6346 | best Score epoch: 14 
epoch 18, iter  651: loss: 0.0001 | load time: 0.0002 | back time: 1.2122 | lr: 0.00008536 | best AP50 acc: 0.8584 | best AP70 acc: 0.6884 | best mAP acc: 0.6346 | best mAR acc: 0.7190 | best Score: 0.6346 | best Score epoch: 14 
epoch 18, iter  701: loss: 0.0000 | load time: 0.0002 | back time: 1.2034 | lr: 0.00008526 | best AP50 acc: 0.8584 | best AP70 acc: 0.6884 | best mAP acc: 0.6346 | best mAR acc: 0.7190 | best Score: 0.6346 | best Score epoch: 14 
epoch 18, iter  751: loss: 0.0000 | load time: 0.0002 | back time: 1.2112 | lr: 0.00008517 | best AP50 acc: 0.8584 | best AP70 acc: 0.6884 | best mAP acc: 0.6346 | best mAR acc: 0.7190 | best Score: 0.6346 | best Score epoch: 14 
epoch 18, iter  801: loss: 0.0001 | load time: 0.0002 | back time: 1.2018 | lr: 0.00008507 | best AP50 acc: 0.8584 | best AP70 acc: 0.6884 | best mAP acc: 0.6346 | best mAR acc: 0.7190 | best Score: 0.6346 | best Score epoch: 14 
epoch 18, iter  851: loss: 0.0003 | load time: 0.0003 | back time: 1.2280 | lr: 0.00008497 | best AP50 acc: 0.8584 | best AP70 acc: 0.6884 | best mAP acc: 0.6346 | best mAR acc: 0.7190 | best Score: 0.6346 | best Score epoch: 14 
epoch 18, iter  901: loss: 0.0001 | load time: 0.0003 | back time: 1.1780 | lr: 0.00008488 | best AP50 acc: 0.8584 | best AP70 acc: 0.6884 | best mAP acc: 0.6346 | best mAR acc: 0.7190 | best Score: 0.6346 | best Score epoch: 14 
epoch 18, iter  951: loss: 0.0001 | load time: 0.0004 | back time: 1.2938 | lr: 0.00008478 | best AP50 acc: 0.8584 | best AP70 acc: 0.6884 | best mAP acc: 0.6346 | best mAR acc: 0.7190 | best Score: 0.6346 | best Score epoch: 14 
epoch 18, iter 1001: loss: 0.0001 | load time: 0.0002 | back time: 1.1792 | lr: 0.00008468 | best AP50 acc: 0.8584 | best AP70 acc: 0.6884 | best mAP acc: 0.6346 | best mAR acc: 0.7190 | best Score: 0.6346 | best Score epoch: 14 
epoch 18, iter 1051: loss: 0.0001 | load time: 0.0001 | back time: 1.1784 | lr: 0.00008458 | best AP50 acc: 0.8584 | best AP70 acc: 0.6884 | best mAP acc: 0.6346 | best mAR acc: 0.7190 | best Score: 0.6346 | best Score epoch: 14 
epoch 18, iter 1101: loss: 0.0000 | load time: 0.0001 | back time: 1.1888 | lr: 0.00008449 | best AP50 acc: 0.8584 | best AP70 acc: 0.6884 | best mAP acc: 0.6346 | best mAR acc: 0.7190 | best Score: 0.6346 | best Score epoch: 14 
epoch 18, iter 1151: loss: 0.0001 | load time: 0.0001 | back time: 1.2083 | lr: 0.00008439 | best AP50 acc: 0.8584 | best AP70 acc: 0.6884 | best mAP acc: 0.6346 | best mAR acc: 0.7190 | best Score: 0.6346 | best Score epoch: 14 
UAV_SEQS_2 | mAP50:90: 26.4933 | AP50: 53.5383 | AP70: 28.2655 
UAV_SEQS_37 | mAP50:90: 69.3508 | AP50: 100.0000 | AP70: 75.2357 
UAV_SEQS_45 | mAP50:90: 90.5418 | AP50: 98.0198 | AP70: 92.4008 
UAV_SEQS_47 | mAP50:90: 93.7721 | AP50: 100.0000 | AP70: 98.9250 
UAV_SEQS_55 | mAP50:90: 27.9177 | AP50: 61.0622 | AP70: 28.5026 
UAV_SEQS_59 | mAP50:90: 65.4769 | AP50: 91.0951 | AP70: 69.4864 
UAV_SEQS_6 | mAP50:90: 40.3851 | AP50: 72.8295 | AP70: 41.0756 
UAV_SEQS_63 | mAP50:90: 36.8061 | AP50: 75.9307 | AP70: 33.0616 
UAV_SEQS_65 | mAP50:90: 86.9030 | AP50: 97.7644 | AP70: 92.3168 
UAV_SEQS_7 | mAP50:90: 57.5473 | AP50: 88.1633 | AP70: 73.1654 
UAV_SEQS_71 | mAP50:90: 74.3853 | AP50: 96.0109 | AP70: 85.8001 
UAV_SEQS_73 | mAP50:90: 57.4383 | AP50: 81.9593 | AP70: 62.6381 
UAV_SEQS_74 | mAP50:90: 99.3990 | AP50: 100.0000 | AP70: 100.0000 
UAV_SEQS_77 | mAP50:90: 14.8438 | AP50: 21.0287 | AP70: 17.7109 
UAV_SEQS_8 | mAP50:90: 50.1631 | AP50: 66.0189 | AP70: 50.5112 
Overall            | mAP50:95: 60.4748 | AP50: 81.9244 | AP70: 65.0484 
epoch 19, iter    1: loss: 0.0002 | load time: 0.0027 | back time: 0.6230 | lr: 0.00008438 | best AP50 acc: 0.8584 | best AP70 acc: 0.6884 | best mAP acc: 0.6346 | best mAR acc: 0.7190 | best Score: 0.6346 | best Score epoch: 14 
epoch 19, iter   51: loss: 0.0001 | load time: 0.0002 | back time: 1.1773 | lr: 0.00008428 | best AP50 acc: 0.8584 | best AP70 acc: 0.6884 | best mAP acc: 0.6346 | best mAR acc: 0.7190 | best Score: 0.6346 | best Score epoch: 14 
epoch 19, iter  101: loss: 0.0000 | load time: 0.0003 | back time: 1.2050 | lr: 0.00008419 | best AP50 acc: 0.8584 | best AP70 acc: 0.6884 | best mAP acc: 0.6346 | best mAR acc: 0.7190 | best Score: 0.6346 | best Score epoch: 14 
epoch 19, iter  151: loss: 0.0001 | load time: 0.0002 | back time: 1.2094 | lr: 0.00008409 | best AP50 acc: 0.8584 | best AP70 acc: 0.6884 | best mAP acc: 0.6346 | best mAR acc: 0.7190 | best Score: 0.6346 | best Score epoch: 14 
epoch 19, iter  201: loss: 0.0003 | load time: 0.0002 | back time: 1.2117 | lr: 0.00008399 | best AP50 acc: 0.8584 | best AP70 acc: 0.6884 | best mAP acc: 0.6346 | best mAR acc: 0.7190 | best Score: 0.6346 | best Score epoch: 14 
epoch 19, iter  251: loss: 0.0000 | load time: 0.0002 | back time: 1.2260 | lr: 0.00008389 | best AP50 acc: 0.8584 | best AP70 acc: 0.6884 | best mAP acc: 0.6346 | best mAR acc: 0.7190 | best Score: 0.6346 | best Score epoch: 14 
epoch 19, iter  301: loss: 0.0006 | load time: 0.0002 | back time: 1.2239 | lr: 0.00008379 | best AP50 acc: 0.8584 | best AP70 acc: 0.6884 | best mAP acc: 0.6346 | best mAR acc: 0.7190 | best Score: 0.6346 | best Score epoch: 14 
epoch 19, iter  351: loss: 0.0001 | load time: 0.0002 | back time: 1.1833 | lr: 0.00008369 | best AP50 acc: 0.8584 | best AP70 acc: 0.6884 | best mAP acc: 0.6346 | best mAR acc: 0.7190 | best Score: 0.6346 | best Score epoch: 14 
epoch 19, iter  401: loss: 0.0002 | load time: 0.0003 | back time: 1.2182 | lr: 0.00008359 | best AP50 acc: 0.8584 | best AP70 acc: 0.6884 | best mAP acc: 0.6346 | best mAR acc: 0.7190 | best Score: 0.6346 | best Score epoch: 14 
epoch 19, iter  451: loss: 0.0001 | load time: 0.0002 | back time: 1.2340 | lr: 0.00008349 | best AP50 acc: 0.8584 | best AP70 acc: 0.6884 | best mAP acc: 0.6346 | best mAR acc: 0.7190 | best Score: 0.6346 | best Score epoch: 14 
epoch 19, iter  501: loss: 0.0002 | load time: 0.0003 | back time: 1.2182 | lr: 0.00008339 | best AP50 acc: 0.8584 | best AP70 acc: 0.6884 | best mAP acc: 0.6346 | best mAR acc: 0.7190 | best Score: 0.6346 | best Score epoch: 14 
epoch 19, iter  551: loss: 0.0001 | load time: 0.0002 | back time: 1.2084 | lr: 0.00008329 | best AP50 acc: 0.8584 | best AP70 acc: 0.6884 | best mAP acc: 0.6346 | best mAR acc: 0.7190 | best Score: 0.6346 | best Score epoch: 14 
epoch 19, iter  601: loss: 0.0002 | load time: 0.0002 | back time: 1.2083 | lr: 0.00008318 | best AP50 acc: 0.8584 | best AP70 acc: 0.6884 | best mAP acc: 0.6346 | best mAR acc: 0.7190 | best Score: 0.6346 | best Score epoch: 14 
epoch 19, iter  651: loss: 0.0001 | load time: 0.0006 | back time: 1.1772 | lr: 0.00008308 | best AP50 acc: 0.8584 | best AP70 acc: 0.6884 | best mAP acc: 0.6346 | best mAR acc: 0.7190 | best Score: 0.6346 | best Score epoch: 14 
epoch 19, iter  701: loss: 0.0001 | load time: 0.0002 | back time: 1.2161 | lr: 0.00008298 | best AP50 acc: 0.8584 | best AP70 acc: 0.6884 | best mAP acc: 0.6346 | best mAR acc: 0.7190 | best Score: 0.6346 | best Score epoch: 14 
epoch 19, iter  751: loss: 0.0001 | load time: 0.0002 | back time: 1.2218 | lr: 0.00008288 | best AP50 acc: 0.8584 | best AP70 acc: 0.6884 | best mAP acc: 0.6346 | best mAR acc: 0.7190 | best Score: 0.6346 | best Score epoch: 14 
epoch 19, iter  801: loss: 0.0001 | load time: 0.0002 | back time: 1.2246 | lr: 0.00008278 | best AP50 acc: 0.8584 | best AP70 acc: 0.6884 | best mAP acc: 0.6346 | best mAR acc: 0.7190 | best Score: 0.6346 | best Score epoch: 14 
epoch 19, iter  851: loss: 0.0001 | load time: 0.0002 | back time: 1.2202 | lr: 0.00008267 | best AP50 acc: 0.8584 | best AP70 acc: 0.6884 | best mAP acc: 0.6346 | best mAR acc: 0.7190 | best Score: 0.6346 | best Score epoch: 14 
epoch 19, iter  901: loss: 0.0001 | load time: 0.0002 | back time: 1.2100 | lr: 0.00008257 | best AP50 acc: 0.8584 | best AP70 acc: 0.6884 | best mAP acc: 0.6346 | best mAR acc: 0.7190 | best Score: 0.6346 | best Score epoch: 14 
epoch 19, iter  951: loss: 0.0003 | load time: 0.0002 | back time: 1.2195 | lr: 0.00008247 | best AP50 acc: 0.8584 | best AP70 acc: 0.6884 | best mAP acc: 0.6346 | best mAR acc: 0.7190 | best Score: 0.6346 | best Score epoch: 14 
epoch 19, iter 1001: loss: 0.0001 | load time: 0.0002 | back time: 1.2196 | lr: 0.00008237 | best AP50 acc: 0.8584 | best AP70 acc: 0.6884 | best mAP acc: 0.6346 | best mAR acc: 0.7190 | best Score: 0.6346 | best Score epoch: 14 
epoch 19, iter 1051: loss: 0.0000 | load time: 0.0002 | back time: 1.2285 | lr: 0.00008226 | best AP50 acc: 0.8584 | best AP70 acc: 0.6884 | best mAP acc: 0.6346 | best mAR acc: 0.7190 | best Score: 0.6346 | best Score epoch: 14 
epoch 19, iter 1101: loss: 0.0001 | load time: 0.0002 | back time: 1.2103 | lr: 0.00008216 | best AP50 acc: 0.8584 | best AP70 acc: 0.6884 | best mAP acc: 0.6346 | best mAR acc: 0.7190 | best Score: 0.6346 | best Score epoch: 14 
epoch 19, iter 1151: loss: 0.0003 | load time: 0.0001 | back time: 1.2186 | lr: 0.00008205 | best AP50 acc: 0.8584 | best AP70 acc: 0.6884 | best mAP acc: 0.6346 | best mAR acc: 0.7190 | best Score: 0.6346 | best Score epoch: 14 
UAV_SEQS_2 | mAP50:90: 26.5842 | AP50: 51.2415 | AP70: 26.0540 
UAV_SEQS_37 | mAP50:90: 65.4607 | AP50: 92.2861 | AP70: 69.8794 
UAV_SEQS_45 | mAP50:90: 89.3711 | AP50: 98.0198 | AP70: 96.9825 
UAV_SEQS_47 | mAP50:90: 95.5013 | AP50: 100.0000 | AP70: 98.9561 
UAV_SEQS_55 | mAP50:90: 27.7556 | AP50: 58.0061 | AP70: 27.8048 
UAV_SEQS_59 | mAP50:90: 62.9207 | AP50: 85.8139 | AP70: 70.8648 
UAV_SEQS_6 | mAP50:90: 37.9782 | AP50: 67.0135 | AP70: 44.0971 
UAV_SEQS_63 | mAP50:90: 27.7750 | AP50: 77.2603 | AP70: 13.9069 
UAV_SEQS_65 | mAP50:90: 71.7125 | AP50: 95.3046 | AP70: 79.7894 
UAV_SEQS_7 | mAP50:90: 51.7782 | AP50: 86.8098 | AP70: 74.8478 
UAV_SEQS_71 | mAP50:90: 70.6861 | AP50: 94.1570 | AP70: 80.1926 
UAV_SEQS_73 | mAP50:90: 56.7037 | AP50: 79.1524 | AP70: 62.2828 
UAV_SEQS_74 | mAP50:90: 97.4230 | AP50: 100.0000 | AP70: 98.9736 
UAV_SEQS_77 | mAP50:90: 12.3062 | AP50: 16.7394 | AP70: 14.4658 
UAV_SEQS_8 | mAP50:90: 47.9647 | AP50: 66.8842 | AP70: 49.4609 
Overall            | mAP50:95: 56.8341 | AP50: 80.1520 | AP70: 61.5214 
epoch 20, iter    1: loss: 0.0001 | load time: 0.0030 | back time: 0.7117 | lr: 0.00008205 | best AP50 acc: 0.8584 | best AP70 acc: 0.6884 | best mAP acc: 0.6346 | best mAR acc: 0.7190 | best Score: 0.6346 | best Score epoch: 14 
epoch 20, iter   51: loss: 0.0001 | load time: 0.0003 | back time: 1.1709 | lr: 0.00008195 | best AP50 acc: 0.8584 | best AP70 acc: 0.6884 | best mAP acc: 0.6346 | best mAR acc: 0.7190 | best Score: 0.6346 | best Score epoch: 14 
epoch 20, iter  101: loss: 0.0004 | load time: 0.0003 | back time: 1.2103 | lr: 0.00008184 | best AP50 acc: 0.8584 | best AP70 acc: 0.6884 | best mAP acc: 0.6346 | best mAR acc: 0.7190 | best Score: 0.6346 | best Score epoch: 14 
epoch 20, iter  151: loss: 0.0000 | load time: 0.0003 | back time: 1.1933 | lr: 0.00008174 | best AP50 acc: 0.8584 | best AP70 acc: 0.6884 | best mAP acc: 0.6346 | best mAR acc: 0.7190 | best Score: 0.6346 | best Score epoch: 14 
epoch 20, iter  201: loss: 0.0000 | load time: 0.0001 | back time: 1.1831 | lr: 0.00008163 | best AP50 acc: 0.8584 | best AP70 acc: 0.6884 | best mAP acc: 0.6346 | best mAR acc: 0.7190 | best Score: 0.6346 | best Score epoch: 14 
epoch 20, iter  251: loss: 0.0001 | load time: 0.0002 | back time: 1.1807 | lr: 0.00008153 | best AP50 acc: 0.8584 | best AP70 acc: 0.6884 | best mAP acc: 0.6346 | best mAR acc: 0.7190 | best Score: 0.6346 | best Score epoch: 14 
epoch 20, iter  301: loss: 0.0001 | load time: 0.0002 | back time: 1.2789 | lr: 0.00008142 | best AP50 acc: 0.8584 | best AP70 acc: 0.6884 | best mAP acc: 0.6346 | best mAR acc: 0.7190 | best Score: 0.6346 | best Score epoch: 14 
epoch 20, iter  351: loss: 0.0001 | load time: 0.0002 | back time: 1.2135 | lr: 0.00008132 | best AP50 acc: 0.8584 | best AP70 acc: 0.6884 | best mAP acc: 0.6346 | best mAR acc: 0.7190 | best Score: 0.6346 | best Score epoch: 14 
epoch 20, iter  401: loss: 0.0001 | load time: 0.0003 | back time: 1.1988 | lr: 0.00008121 | best AP50 acc: 0.8584 | best AP70 acc: 0.6884 | best mAP acc: 0.6346 | best mAR acc: 0.7190 | best Score: 0.6346 | best Score epoch: 14 
epoch 20, iter  451: loss: 0.0001 | load time: 0.0002 | back time: 1.2626 | lr: 0.00008110 | best AP50 acc: 0.8584 | best AP70 acc: 0.6884 | best mAP acc: 0.6346 | best mAR acc: 0.7190 | best Score: 0.6346 | best Score epoch: 14 
epoch 20, iter  501: loss: 0.0001 | load time: 0.0002 | back time: 1.1759 | lr: 0.00008100 | best AP50 acc: 0.8584 | best AP70 acc: 0.6884 | best mAP acc: 0.6346 | best mAR acc: 0.7190 | best Score: 0.6346 | best Score epoch: 14 
epoch 20, iter  551: loss: 0.0000 | load time: 0.0002 | back time: 1.1768 | lr: 0.00008089 | best AP50 acc: 0.8584 | best AP70 acc: 0.6884 | best mAP acc: 0.6346 | best mAR acc: 0.7190 | best Score: 0.6346 | best Score epoch: 14 
epoch 20, iter  601: loss: 0.0000 | load time: 0.0002 | back time: 1.1739 | lr: 0.00008079 | best AP50 acc: 0.8584 | best AP70 acc: 0.6884 | best mAP acc: 0.6346 | best mAR acc: 0.7190 | best Score: 0.6346 | best Score epoch: 14 
epoch 20, iter  651: loss: 0.0001 | load time: 0.0002 | back time: 1.1915 | lr: 0.00008068 | best AP50 acc: 0.8584 | best AP70 acc: 0.6884 | best mAP acc: 0.6346 | best mAR acc: 0.7190 | best Score: 0.6346 | best Score epoch: 14 
epoch 20, iter  701: loss: 0.0001 | load time: 0.0002 | back time: 1.2126 | lr: 0.00008057 | best AP50 acc: 0.8584 | best AP70 acc: 0.6884 | best mAP acc: 0.6346 | best mAR acc: 0.7190 | best Score: 0.6346 | best Score epoch: 14 
epoch 20, iter  751: loss: 0.0000 | load time: 0.0002 | back time: 1.1774 | lr: 0.00008046 | best AP50 acc: 0.8584 | best AP70 acc: 0.6884 | best mAP acc: 0.6346 | best mAR acc: 0.7190 | best Score: 0.6346 | best Score epoch: 14 
epoch 20, iter  801: loss: 0.0001 | load time: 0.0002 | back time: 1.1707 | lr: 0.00008036 | best AP50 acc: 0.8584 | best AP70 acc: 0.6884 | best mAP acc: 0.6346 | best mAR acc: 0.7190 | best Score: 0.6346 | best Score epoch: 14 
epoch 20, iter  851: loss: 0.0001 | load time: 0.0002 | back time: 1.1816 | lr: 0.00008025 | best AP50 acc: 0.8584 | best AP70 acc: 0.6884 | best mAP acc: 0.6346 | best mAR acc: 0.7190 | best Score: 0.6346 | best Score epoch: 14 
epoch 20, iter  901: loss: 0.0001 | load time: 0.0003 | back time: 1.2163 | lr: 0.00008014 | best AP50 acc: 0.8584 | best AP70 acc: 0.6884 | best mAP acc: 0.6346 | best mAR acc: 0.7190 | best Score: 0.6346 | best Score epoch: 14 
epoch 20, iter  951: loss: 0.0001 | load time: 0.0002 | back time: 1.0841 | lr: 0.00008003 | best AP50 acc: 0.8584 | best AP70 acc: 0.6884 | best mAP acc: 0.6346 | best mAR acc: 0.7190 | best Score: 0.6346 | best Score epoch: 14 
epoch 20, iter 1001: loss: 0.0001 | load time: 0.0002 | back time: 1.1785 | lr: 0.00007992 | best AP50 acc: 0.8584 | best AP70 acc: 0.6884 | best mAP acc: 0.6346 | best mAR acc: 0.7190 | best Score: 0.6346 | best Score epoch: 14 
epoch 20, iter 1051: loss: 0.0000 | load time: 0.0003 | back time: 1.1813 | lr: 0.00007982 | best AP50 acc: 0.8584 | best AP70 acc: 0.6884 | best mAP acc: 0.6346 | best mAR acc: 0.7190 | best Score: 0.6346 | best Score epoch: 14 
epoch 20, iter 1101: loss: 0.0001 | load time: 0.0002 | back time: 1.2062 | lr: 0.00007971 | best AP50 acc: 0.8584 | best AP70 acc: 0.6884 | best mAP acc: 0.6346 | best mAR acc: 0.7190 | best Score: 0.6346 | best Score epoch: 14 
epoch 20, iter 1151: loss: 0.0001 | load time: 0.0001 | back time: 1.2120 | lr: 0.00007960 | best AP50 acc: 0.8584 | best AP70 acc: 0.6884 | best mAP acc: 0.6346 | best mAR acc: 0.7190 | best Score: 0.6346 | best Score epoch: 14 
UAV_SEQS_2 | mAP50:90: 30.1960 | AP50: 49.0838 | AP70: 30.2046 
UAV_SEQS_37 | mAP50:90: 68.6183 | AP50: 97.5677 | AP70: 72.1408 
UAV_SEQS_45 | mAP50:90: 88.5954 | AP50: 98.0198 | AP70: 95.3699 
UAV_SEQS_47 | mAP50:90: 85.6633 | AP50: 100.0000 | AP70: 91.0272 
UAV_SEQS_55 | mAP50:90: 26.0306 | AP50: 63.6025 | AP70: 23.1151 
UAV_SEQS_59 | mAP50:90: 47.3580 | AP50: 86.6931 | AP70: 46.7723 
UAV_SEQS_6 | mAP50:90: 51.3629 | AP50: 79.0160 | AP70: 54.7077 
UAV_SEQS_63 | mAP50:90: 44.6958 | AP50: 73.0980 | AP70: 50.3754 
UAV_SEQS_65 | mAP50:90: 85.4665 | AP50: 96.8358 | AP70: 89.5409 
UAV_SEQS_7 | mAP50:90: 48.2807 | AP50: 74.2536 | AP70: 57.7822 
UAV_SEQS_71 | mAP50:90: 63.6473 | AP50: 96.2191 | AP70: 67.9946 
UAV_SEQS_73 | mAP50:90: 64.6176 | AP50: 87.2748 | AP70: 68.9938 
UAV_SEQS_74 | mAP50:90: 98.6030 | AP50: 99.9339 | AP70: 99.9339 
UAV_SEQS_77 | mAP50:90: 31.8932 | AP50: 45.1063 | AP70: 40.8083 
UAV_SEQS_8 | mAP50:90: 49.5337 | AP50: 64.0698 | AP70: 48.2029 
Overall            | mAP50:95: 58.8959 | AP50: 81.7142 | AP70: 62.6233 
epoch 21, iter    1: loss: 0.0001 | load time: 0.0022 | back time: 0.6454 | lr: 0.00007959 | best AP50 acc: 0.8584 | best AP70 acc: 0.6884 | best mAP acc: 0.6346 | best mAR acc: 0.7190 | best Score: 0.6346 | best Score epoch: 14 
epoch 21, iter   51: loss: 0.0001 | load time: 0.0001 | back time: 1.2092 | lr: 0.00007948 | best AP50 acc: 0.8584 | best AP70 acc: 0.6884 | best mAP acc: 0.6346 | best mAR acc: 0.7190 | best Score: 0.6346 | best Score epoch: 14 
epoch 21, iter  101: loss: 0.0001 | load time: 0.0001 | back time: 1.2189 | lr: 0.00007937 | best AP50 acc: 0.8584 | best AP70 acc: 0.6884 | best mAP acc: 0.6346 | best mAR acc: 0.7190 | best Score: 0.6346 | best Score epoch: 14 
epoch 21, iter  151: loss: 0.0000 | load time: 0.0002 | back time: 1.2049 | lr: 0.00007926 | best AP50 acc: 0.8584 | best AP70 acc: 0.6884 | best mAP acc: 0.6346 | best mAR acc: 0.7190 | best Score: 0.6346 | best Score epoch: 14 
epoch 21, iter  201: loss: 0.0001 | load time: 0.0002 | back time: 1.2042 | lr: 0.00007915 | best AP50 acc: 0.8584 | best AP70 acc: 0.6884 | best mAP acc: 0.6346 | best mAR acc: 0.7190 | best Score: 0.6346 | best Score epoch: 14 
epoch 21, iter  251: loss: 0.0001 | load time: 0.0002 | back time: 1.2027 | lr: 0.00007904 | best AP50 acc: 0.8584 | best AP70 acc: 0.6884 | best mAP acc: 0.6346 | best mAR acc: 0.7190 | best Score: 0.6346 | best Score epoch: 14 
epoch 21, iter  301: loss: 0.0001 | load time: 0.0002 | back time: 1.1941 | lr: 0.00007893 | best AP50 acc: 0.8584 | best AP70 acc: 0.6884 | best mAP acc: 0.6346 | best mAR acc: 0.7190 | best Score: 0.6346 | best Score epoch: 14 
epoch 21, iter  351: loss: 0.0001 | load time: 0.0002 | back time: 1.1976 | lr: 0.00007882 | best AP50 acc: 0.8584 | best AP70 acc: 0.6884 | best mAP acc: 0.6346 | best mAR acc: 0.7190 | best Score: 0.6346 | best Score epoch: 14 
epoch 21, iter  401: loss: 0.0000 | load time: 0.0002 | back time: 1.2088 | lr: 0.00007871 | best AP50 acc: 0.8584 | best AP70 acc: 0.6884 | best mAP acc: 0.6346 | best mAR acc: 0.7190 | best Score: 0.6346 | best Score epoch: 14 
epoch 21, iter  451: loss: 0.0001 | load time: 0.0002 | back time: 1.2163 | lr: 0.00007860 | best AP50 acc: 0.8584 | best AP70 acc: 0.6884 | best mAP acc: 0.6346 | best mAR acc: 0.7190 | best Score: 0.6346 | best Score epoch: 14 
epoch 21, iter  501: loss: 0.0000 | load time: 0.0004 | back time: 1.2124 | lr: 0.00007849 | best AP50 acc: 0.8584 | best AP70 acc: 0.6884 | best mAP acc: 0.6346 | best mAR acc: 0.7190 | best Score: 0.6346 | best Score epoch: 14 
epoch 21, iter  551: loss: 0.0001 | load time: 0.0001 | back time: 1.2243 | lr: 0.00007838 | best AP50 acc: 0.8584 | best AP70 acc: 0.6884 | best mAP acc: 0.6346 | best mAR acc: 0.7190 | best Score: 0.6346 | best Score epoch: 14 
epoch 21, iter  601: loss: 0.0000 | load time: 0.0002 | back time: 1.2287 | lr: 0.00007827 | best AP50 acc: 0.8584 | best AP70 acc: 0.6884 | best mAP acc: 0.6346 | best mAR acc: 0.7190 | best Score: 0.6346 | best Score epoch: 14 
epoch 21, iter  651: loss: 0.0001 | load time: 0.0002 | back time: 1.2115 | lr: 0.00007816 | best AP50 acc: 0.8584 | best AP70 acc: 0.6884 | best mAP acc: 0.6346 | best mAR acc: 0.7190 | best Score: 0.6346 | best Score epoch: 14 
epoch 21, iter  701: loss: 0.0001 | load time: 0.0001 | back time: 1.2139 | lr: 0.00007804 | best AP50 acc: 0.8584 | best AP70 acc: 0.6884 | best mAP acc: 0.6346 | best mAR acc: 0.7190 | best Score: 0.6346 | best Score epoch: 14 
epoch 21, iter  751: loss: 0.0001 | load time: 0.0002 | back time: 1.2188 | lr: 0.00007793 | best AP50 acc: 0.8584 | best AP70 acc: 0.6884 | best mAP acc: 0.6346 | best mAR acc: 0.7190 | best Score: 0.6346 | best Score epoch: 14 
epoch 21, iter  801: loss: 0.0000 | load time: 0.0002 | back time: 1.2163 | lr: 0.00007782 | best AP50 acc: 0.8584 | best AP70 acc: 0.6884 | best mAP acc: 0.6346 | best mAR acc: 0.7190 | best Score: 0.6346 | best Score epoch: 14 
epoch 21, iter  851: loss: 0.0001 | load time: 0.0002 | back time: 1.2407 | lr: 0.00007771 | best AP50 acc: 0.8584 | best AP70 acc: 0.6884 | best mAP acc: 0.6346 | best mAR acc: 0.7190 | best Score: 0.6346 | best Score epoch: 14 
epoch 21, iter  901: loss: 0.0000 | load time: 0.0001 | back time: 1.2246 | lr: 0.00007759 | best AP50 acc: 0.8584 | best AP70 acc: 0.6884 | best mAP acc: 0.6346 | best mAR acc: 0.7190 | best Score: 0.6346 | best Score epoch: 14 
epoch 21, iter  951: loss: 0.0001 | load time: 0.0002 | back time: 1.2177 | lr: 0.00007748 | best AP50 acc: 0.8584 | best AP70 acc: 0.6884 | best mAP acc: 0.6346 | best mAR acc: 0.7190 | best Score: 0.6346 | best Score epoch: 14 
epoch 21, iter 1001: loss: 0.0000 | load time: 0.0002 | back time: 1.2190 | lr: 0.00007737 | best AP50 acc: 0.8584 | best AP70 acc: 0.6884 | best mAP acc: 0.6346 | best mAR acc: 0.7190 | best Score: 0.6346 | best Score epoch: 14 
epoch 21, iter 1051: loss: 0.0000 | load time: 0.0003 | back time: 1.2201 | lr: 0.00007725 | best AP50 acc: 0.8584 | best AP70 acc: 0.6884 | best mAP acc: 0.6346 | best mAR acc: 0.7190 | best Score: 0.6346 | best Score epoch: 14 
epoch 21, iter 1101: loss: 0.0000 | load time: 0.0004 | back time: 1.2181 | lr: 0.00007714 | best AP50 acc: 0.8584 | best AP70 acc: 0.6884 | best mAP acc: 0.6346 | best mAR acc: 0.7190 | best Score: 0.6346 | best Score epoch: 14 
epoch 21, iter 1151: loss: 0.0001 | load time: 0.0001 | back time: 1.2325 | lr: 0.00007703 | best AP50 acc: 0.8584 | best AP70 acc: 0.6884 | best mAP acc: 0.6346 | best mAR acc: 0.7190 | best Score: 0.6346 | best Score epoch: 14 
UAV_SEQS_2 | mAP50:90: 21.5936 | AP50: 48.6158 | AP70: 19.0696 
UAV_SEQS_37 | mAP50:90: 64.1658 | AP50: 93.1722 | AP70: 71.3081 
UAV_SEQS_45 | mAP50:90: 92.4480 | AP50: 98.0198 | AP70: 98.0198 
UAV_SEQS_47 | mAP50:90: 94.1219 | AP50: 100.0000 | AP70: 98.9868 
UAV_SEQS_55 | mAP50:90: 31.1180 | AP50: 62.6079 | AP70: 32.1541 
UAV_SEQS_59 | mAP50:90: 63.0532 | AP50: 90.0122 | AP70: 68.1991 
UAV_SEQS_6 | mAP50:90: 33.6542 | AP50: 71.2588 | AP70: 32.6276 
UAV_SEQS_63 | mAP50:90: 35.6896 | AP50: 70.7900 | AP70: 26.8408 
UAV_SEQS_65 | mAP50:90: 84.1713 | AP50: 96.7899 | AP70: 91.2466 
UAV_SEQS_7 | mAP50:90: 61.4309 | AP50: 89.7064 | AP70: 78.3147 
UAV_SEQS_71 | mAP50:90: 73.1680 | AP50: 98.0165 | AP70: 82.8119 
UAV_SEQS_73 | mAP50:90: 54.5195 | AP50: 80.1476 | AP70: 55.5122 
UAV_SEQS_74 | mAP50:90: 97.8431 | AP50: 100.0000 | AP70: 98.9571 
UAV_SEQS_77 | mAP50:90: 18.6672 | AP50: 26.6500 | AP70: 24.7325 
UAV_SEQS_8 | mAP50:90: 48.2078 | AP50: 67.3259 | AP70: 52.2351 
Overall            | mAP50:95: 58.9325 | AP50: 80.7110 | AP70: 63.1159 
epoch 22, iter    1: loss: 0.0000 | load time: 0.0031 | back time: 0.8163 | lr: 0.00007702 | best AP50 acc: 0.8584 | best AP70 acc: 0.6884 | best mAP acc: 0.6346 | best mAR acc: 0.7190 | best Score: 0.6346 | best Score epoch: 14 
epoch 22, iter   51: loss: 0.0000 | load time: 0.0005 | back time: 1.2257 | lr: 0.00007691 | best AP50 acc: 0.8584 | best AP70 acc: 0.6884 | best mAP acc: 0.6346 | best mAR acc: 0.7190 | best Score: 0.6346 | best Score epoch: 14 
epoch 22, iter  101: loss: 0.0002 | load time: 0.0003 | back time: 1.2500 | lr: 0.00007679 | best AP50 acc: 0.8584 | best AP70 acc: 0.6884 | best mAP acc: 0.6346 | best mAR acc: 0.7190 | best Score: 0.6346 | best Score epoch: 14 
epoch 22, iter  151: loss: 0.0001 | load time: 0.0002 | back time: 1.2097 | lr: 0.00007668 | best AP50 acc: 0.8584 | best AP70 acc: 0.6884 | best mAP acc: 0.6346 | best mAR acc: 0.7190 | best Score: 0.6346 | best Score epoch: 14 
epoch 22, iter  201: loss: 0.0001 | load time: 0.0003 | back time: 1.2426 | lr: 0.00007656 | best AP50 acc: 0.8584 | best AP70 acc: 0.6884 | best mAP acc: 0.6346 | best mAR acc: 0.7190 | best Score: 0.6346 | best Score epoch: 14 
epoch 22, iter  251: loss: 0.0001 | load time: 0.0003 | back time: 1.2161 | lr: 0.00007645 | best AP50 acc: 0.8584 | best AP70 acc: 0.6884 | best mAP acc: 0.6346 | best mAR acc: 0.7190 | best Score: 0.6346 | best Score epoch: 14 
epoch 22, iter  301: loss: 0.0000 | load time: 0.0002 | back time: 1.2527 | lr: 0.00007633 | best AP50 acc: 0.8584 | best AP70 acc: 0.6884 | best mAP acc: 0.6346 | best mAR acc: 0.7190 | best Score: 0.6346 | best Score epoch: 14 
epoch 22, iter  351: loss: 0.0001 | load time: 0.0003 | back time: 1.2141 | lr: 0.00007622 | best AP50 acc: 0.8584 | best AP70 acc: 0.6884 | best mAP acc: 0.6346 | best mAR acc: 0.7190 | best Score: 0.6346 | best Score epoch: 14 
epoch 22, iter  401: loss: 0.0001 | load time: 0.0002 | back time: 1.1779 | lr: 0.00007610 | best AP50 acc: 0.8584 | best AP70 acc: 0.6884 | best mAP acc: 0.6346 | best mAR acc: 0.7190 | best Score: 0.6346 | best Score epoch: 14 
epoch 22, iter  451: loss: 0.0001 | load time: 0.0002 | back time: 1.1462 | lr: 0.00007599 | best AP50 acc: 0.8584 | best AP70 acc: 0.6884 | best mAP acc: 0.6346 | best mAR acc: 0.7190 | best Score: 0.6346 | best Score epoch: 14 
epoch 22, iter  501: loss: 0.0001 | load time: 0.0002 | back time: 1.1913 | lr: 0.00007587 | best AP50 acc: 0.8584 | best AP70 acc: 0.6884 | best mAP acc: 0.6346 | best mAR acc: 0.7190 | best Score: 0.6346 | best Score epoch: 14 
epoch 22, iter  551: loss: 0.0000 | load time: 0.0002 | back time: 1.1940 | lr: 0.00007576 | best AP50 acc: 0.8584 | best AP70 acc: 0.6884 | best mAP acc: 0.6346 | best mAR acc: 0.7190 | best Score: 0.6346 | best Score epoch: 14 
epoch 22, iter  601: loss: 0.0002 | load time: 0.0002 | back time: 1.1910 | lr: 0.00007564 | best AP50 acc: 0.8584 | best AP70 acc: 0.6884 | best mAP acc: 0.6346 | best mAR acc: 0.7190 | best Score: 0.6346 | best Score epoch: 14 
epoch 22, iter  651: loss: 0.0001 | load time: 0.0002 | back time: 1.1873 | lr: 0.00007552 | best AP50 acc: 0.8584 | best AP70 acc: 0.6884 | best mAP acc: 0.6346 | best mAR acc: 0.7190 | best Score: 0.6346 | best Score epoch: 14 
epoch 22, iter  701: loss: 0.0000 | load time: 0.0002 | back time: 1.2316 | lr: 0.00007541 | best AP50 acc: 0.8584 | best AP70 acc: 0.6884 | best mAP acc: 0.6346 | best mAR acc: 0.7190 | best Score: 0.6346 | best Score epoch: 14 
epoch 22, iter  751: loss: 0.0001 | load time: 0.0002 | back time: 1.1817 | lr: 0.00007529 | best AP50 acc: 0.8584 | best AP70 acc: 0.6884 | best mAP acc: 0.6346 | best mAR acc: 0.7190 | best Score: 0.6346 | best Score epoch: 14 
epoch 22, iter  801: loss: 0.0001 | load time: 0.0002 | back time: 1.2061 | lr: 0.00007517 | best AP50 acc: 0.8584 | best AP70 acc: 0.6884 | best mAP acc: 0.6346 | best mAR acc: 0.7190 | best Score: 0.6346 | best Score epoch: 14 
epoch 22, iter  851: loss: 0.0000 | load time: 0.0003 | back time: 1.1879 | lr: 0.00007506 | best AP50 acc: 0.8584 | best AP70 acc: 0.6884 | best mAP acc: 0.6346 | best mAR acc: 0.7190 | best Score: 0.6346 | best Score epoch: 14 
epoch 22, iter  901: loss: 0.0001 | load time: 0.0002 | back time: 1.2167 | lr: 0.00007494 | best AP50 acc: 0.8584 | best AP70 acc: 0.6884 | best mAP acc: 0.6346 | best mAR acc: 0.7190 | best Score: 0.6346 | best Score epoch: 14 
epoch 22, iter  951: loss: 0.0001 | load time: 0.0003 | back time: 1.2174 | lr: 0.00007482 | best AP50 acc: 0.8584 | best AP70 acc: 0.6884 | best mAP acc: 0.6346 | best mAR acc: 0.7190 | best Score: 0.6346 | best Score epoch: 14 
epoch 22, iter 1001: loss: 0.0001 | load time: 0.0002 | back time: 1.1766 | lr: 0.00007470 | best AP50 acc: 0.8584 | best AP70 acc: 0.6884 | best mAP acc: 0.6346 | best mAR acc: 0.7190 | best Score: 0.6346 | best Score epoch: 14 
epoch 22, iter 1051: loss: 0.0001 | load time: 0.0002 | back time: 1.2418 | lr: 0.00007459 | best AP50 acc: 0.8584 | best AP70 acc: 0.6884 | best mAP acc: 0.6346 | best mAR acc: 0.7190 | best Score: 0.6346 | best Score epoch: 14 
epoch 22, iter 1101: loss: 0.0003 | load time: 0.0003 | back time: 1.1780 | lr: 0.00007447 | best AP50 acc: 0.8584 | best AP70 acc: 0.6884 | best mAP acc: 0.6346 | best mAR acc: 0.7190 | best Score: 0.6346 | best Score epoch: 14 
epoch 22, iter 1151: loss: 0.0001 | load time: 0.0001 | back time: 1.1855 | lr: 0.00007435 | best AP50 acc: 0.8584 | best AP70 acc: 0.6884 | best mAP acc: 0.6346 | best mAR acc: 0.7190 | best Score: 0.6346 | best Score epoch: 14 
UAV_SEQS_2 | mAP50:90: 19.8369 | AP50: 44.1093 | AP70: 16.2245 
UAV_SEQS_37 | mAP50:90: 60.5583 | AP50: 91.2027 | AP70: 64.5665 
UAV_SEQS_45 | mAP50:90: 91.1157 | AP50: 98.0198 | AP70: 92.8388 
UAV_SEQS_47 | mAP50:90: 94.4745 | AP50: 100.0000 | AP70: 97.9223 
UAV_SEQS_55 | mAP50:90: 27.3353 | AP50: 64.0225 | AP70: 21.0206 
UAV_SEQS_59 | mAP50:90: 57.8167 | AP50: 89.6600 | AP70: 60.4180 
UAV_SEQS_6 | mAP50:90: 37.0073 | AP50: 73.7804 | AP70: 33.3415 
UAV_SEQS_63 | mAP50:90: 51.9495 | AP50: 91.4396 | AP70: 49.1662 
UAV_SEQS_65 | mAP50:90: 85.1928 | AP50: 96.8403 | AP70: 91.4166 
UAV_SEQS_7 | mAP50:90: 56.0725 | AP50: 83.7976 | AP70: 57.6133 
UAV_SEQS_71 | mAP50:90: 63.6855 | AP50: 83.3118 | AP70: 73.7708 
UAV_SEQS_73 | mAP50:90: 60.2680 | AP50: 80.2824 | AP70: 63.7361 
UAV_SEQS_74 | mAP50:90: 99.3944 | AP50: 100.0000 | AP70: 100.0000 
UAV_SEQS_77 | mAP50:90: 36.0702 | AP50: 48.4050 | AP70: 39.1662 
UAV_SEQS_8 | mAP50:90: 47.5609 | AP50: 71.4787 | AP70: 51.5493 
Overall            | mAP50:95: 59.7928 | AP50: 81.9880 | AP70: 62.2296 
epoch 23, iter    1: loss: 0.0001 | load time: 0.0022 | back time: 0.7293 | lr: 0.00007434 | best AP50 acc: 0.8584 | best AP70 acc: 0.6884 | best mAP acc: 0.6346 | best mAR acc: 0.7190 | best Score: 0.6346 | best Score epoch: 14 
epoch 23, iter   51: loss: 0.0003 | load time: 0.0002 | back time: 1.2182 | lr: 0.00007423 | best AP50 acc: 0.8584 | best AP70 acc: 0.6884 | best mAP acc: 0.6346 | best mAR acc: 0.7190 | best Score: 0.6346 | best Score epoch: 14 
epoch 23, iter  101: loss: 0.0000 | load time: 0.0002 | back time: 1.1812 | lr: 0.00007411 | best AP50 acc: 0.8584 | best AP70 acc: 0.6884 | best mAP acc: 0.6346 | best mAR acc: 0.7190 | best Score: 0.6346 | best Score epoch: 14 
epoch 23, iter  151: loss: 0.0000 | load time: 0.0003 | back time: 1.2081 | lr: 0.00007399 | best AP50 acc: 0.8584 | best AP70 acc: 0.6884 | best mAP acc: 0.6346 | best mAR acc: 0.7190 | best Score: 0.6346 | best Score epoch: 14 
epoch 23, iter  201: loss: 0.0000 | load time: 0.0002 | back time: 1.2199 | lr: 0.00007387 | best AP50 acc: 0.8584 | best AP70 acc: 0.6884 | best mAP acc: 0.6346 | best mAR acc: 0.7190 | best Score: 0.6346 | best Score epoch: 14 
epoch 23, iter  251: loss: 0.0000 | load time: 0.0002 | back time: 1.2194 | lr: 0.00007375 | best AP50 acc: 0.8584 | best AP70 acc: 0.6884 | best mAP acc: 0.6346 | best mAR acc: 0.7190 | best Score: 0.6346 | best Score epoch: 14 
epoch 23, iter  301: loss: 0.0000 | load time: 0.0002 | back time: 1.1834 | lr: 0.00007363 | best AP50 acc: 0.8584 | best AP70 acc: 0.6884 | best mAP acc: 0.6346 | best mAR acc: 0.7190 | best Score: 0.6346 | best Score epoch: 14 
epoch 23, iter  351: loss: 0.0001 | load time: 0.0003 | back time: 1.2297 | lr: 0.00007351 | best AP50 acc: 0.8584 | best AP70 acc: 0.6884 | best mAP acc: 0.6346 | best mAR acc: 0.7190 | best Score: 0.6346 | best Score epoch: 14 
epoch 23, iter  401: loss: 0.0001 | load time: 0.0001 | back time: 1.2082 | lr: 0.00007339 | best AP50 acc: 0.8584 | best AP70 acc: 0.6884 | best mAP acc: 0.6346 | best mAR acc: 0.7190 | best Score: 0.6346 | best Score epoch: 14 
epoch 23, iter  451: loss: 0.0001 | load time: 0.0002 | back time: 1.2176 | lr: 0.00007327 | best AP50 acc: 0.8584 | best AP70 acc: 0.6884 | best mAP acc: 0.6346 | best mAR acc: 0.7190 | best Score: 0.6346 | best Score epoch: 14 
epoch 23, iter  501: loss: 0.0001 | load time: 0.0003 | back time: 1.2026 | lr: 0.00007315 | best AP50 acc: 0.8584 | best AP70 acc: 0.6884 | best mAP acc: 0.6346 | best mAR acc: 0.7190 | best Score: 0.6346 | best Score epoch: 14 
epoch 23, iter  551: loss: 0.0001 | load time: 0.0002 | back time: 1.2054 | lr: 0.00007303 | best AP50 acc: 0.8584 | best AP70 acc: 0.6884 | best mAP acc: 0.6346 | best mAR acc: 0.7190 | best Score: 0.6346 | best Score epoch: 14 
epoch 23, iter  601: loss: 0.0002 | load time: 0.0002 | back time: 1.2054 | lr: 0.00007291 | best AP50 acc: 0.8584 | best AP70 acc: 0.6884 | best mAP acc: 0.6346 | best mAR acc: 0.7190 | best Score: 0.6346 | best Score epoch: 14 
epoch 23, iter  651: loss: 0.0000 | load time: 0.0002 | back time: 1.2118 | lr: 0.00007279 | best AP50 acc: 0.8584 | best AP70 acc: 0.6884 | best mAP acc: 0.6346 | best mAR acc: 0.7190 | best Score: 0.6346 | best Score epoch: 14 
epoch 23, iter  701: loss: 0.0001 | load time: 0.0002 | back time: 1.2088 | lr: 0.00007267 | best AP50 acc: 0.8584 | best AP70 acc: 0.6884 | best mAP acc: 0.6346 | best mAR acc: 0.7190 | best Score: 0.6346 | best Score epoch: 14 
epoch 23, iter  751: loss: 0.0001 | load time: 0.0002 | back time: 1.2127 | lr: 0.00007255 | best AP50 acc: 0.8584 | best AP70 acc: 0.6884 | best mAP acc: 0.6346 | best mAR acc: 0.7190 | best Score: 0.6346 | best Score epoch: 14 
epoch 23, iter  801: loss: 0.0001 | load time: 0.0002 | back time: 1.2234 | lr: 0.00007243 | best AP50 acc: 0.8584 | best AP70 acc: 0.6884 | best mAP acc: 0.6346 | best mAR acc: 0.7190 | best Score: 0.6346 | best Score epoch: 14 
epoch 23, iter  851: loss: 0.0003 | load time: 0.0004 | back time: 1.2774 | lr: 0.00007231 | best AP50 acc: 0.8584 | best AP70 acc: 0.6884 | best mAP acc: 0.6346 | best mAR acc: 0.7190 | best Score: 0.6346 | best Score epoch: 14 
epoch 23, iter  901: loss: 0.0000 | load time: 0.0003 | back time: 1.2736 | lr: 0.00007219 | best AP50 acc: 0.8584 | best AP70 acc: 0.6884 | best mAP acc: 0.6346 | best mAR acc: 0.7190 | best Score: 0.6346 | best Score epoch: 14 
epoch 23, iter  951: loss: 0.0002 | load time: 0.0002 | back time: 1.1980 | lr: 0.00007207 | best AP50 acc: 0.8584 | best AP70 acc: 0.6884 | best mAP acc: 0.6346 | best mAR acc: 0.7190 | best Score: 0.6346 | best Score epoch: 14 
epoch 23, iter 1001: loss: 0.0000 | load time: 0.0002 | back time: 1.1858 | lr: 0.00007194 | best AP50 acc: 0.8584 | best AP70 acc: 0.6884 | best mAP acc: 0.6346 | best mAR acc: 0.7190 | best Score: 0.6346 | best Score epoch: 14 
epoch 23, iter 1051: loss: 0.0000 | load time: 0.0002 | back time: 1.1785 | lr: 0.00007182 | best AP50 acc: 0.8584 | best AP70 acc: 0.6884 | best mAP acc: 0.6346 | best mAR acc: 0.7190 | best Score: 0.6346 | best Score epoch: 14 
epoch 23, iter 1101: loss: 0.0001 | load time: 0.0002 | back time: 1.1819 | lr: 0.00007170 | best AP50 acc: 0.8584 | best AP70 acc: 0.6884 | best mAP acc: 0.6346 | best mAR acc: 0.7190 | best Score: 0.6346 | best Score epoch: 14 
epoch 23, iter 1151: loss: 0.0000 | load time: 0.0045 | back time: 1.2027 | lr: 0.00007158 | best AP50 acc: 0.8584 | best AP70 acc: 0.6884 | best mAP acc: 0.6346 | best mAR acc: 0.7190 | best Score: 0.6346 | best Score epoch: 14 
UAV_SEQS_2 | mAP50:90: 23.1135 | AP50: 52.1270 | AP70: 22.2507 
UAV_SEQS_37 | mAP50:90: 65.9298 | AP50: 90.5548 | AP70: 75.2514 
UAV_SEQS_45 | mAP50:90: 88.4340 | AP50: 98.0198 | AP70: 90.5360 
UAV_SEQS_47 | mAP50:90: 87.4677 | AP50: 100.0000 | AP70: 85.5653 
UAV_SEQS_55 | mAP50:90: 30.1054 | AP50: 68.9210 | AP70: 21.0545 
UAV_SEQS_59 | mAP50:90: 65.7793 | AP50: 91.7992 | AP70: 70.2728 
UAV_SEQS_6 | mAP50:90: 39.4940 | AP50: 70.9144 | AP70: 39.1844 
UAV_SEQS_63 | mAP50:90: 35.9467 | AP50: 75.4693 | AP70: 31.5872 
UAV_SEQS_65 | mAP50:90: 86.1866 | AP50: 97.7897 | AP70: 91.6581 
UAV_SEQS_7 | mAP50:90: 49.8005 | AP50: 90.3399 | AP70: 58.5351 
UAV_SEQS_71 | mAP50:90: 67.4504 | AP50: 96.3500 | AP70: 74.3196 
UAV_SEQS_73 | mAP50:90: 61.7190 | AP50: 80.3072 | AP70: 65.9817 
UAV_SEQS_74 | mAP50:90: 98.5861 | AP50: 99.9870 | AP70: 99.9870 
UAV_SEQS_77 | mAP50:90: 31.6595 | AP50: 44.0690 | AP70: 37.8333 
UAV_SEQS_8 | mAP50:90: 61.5327 | AP50: 79.9294 | AP70: 63.8152 
Overall            | mAP50:95: 59.0281 | AP50: 82.4112 | AP70: 61.4748 
epoch 24, iter    1: loss: 0.0000 | load time: 0.0026 | back time: 0.6552 | lr: 0.00007157 | best AP50 acc: 0.8584 | best AP70 acc: 0.6884 | best mAP acc: 0.6346 | best mAR acc: 0.7190 | best Score: 0.6346 | best Score epoch: 14 
epoch 24, iter   51: loss: 0.0001 | load time: 0.0002 | back time: 1.1815 | lr: 0.00007145 | best AP50 acc: 0.8584 | best AP70 acc: 0.6884 | best mAP acc: 0.6346 | best mAR acc: 0.7190 | best Score: 0.6346 | best Score epoch: 14 
epoch 24, iter  101: loss: 0.0000 | load time: 0.0002 | back time: 1.1997 | lr: 0.00007133 | best AP50 acc: 0.8584 | best AP70 acc: 0.6884 | best mAP acc: 0.6346 | best mAR acc: 0.7190 | best Score: 0.6346 | best Score epoch: 14 
epoch 24, iter  151: loss: 0.0000 | load time: 0.0002 | back time: 1.2044 | lr: 0.00007121 | best AP50 acc: 0.8584 | best AP70 acc: 0.6884 | best mAP acc: 0.6346 | best mAR acc: 0.7190 | best Score: 0.6346 | best Score epoch: 14 
epoch 24, iter  201: loss: 0.0000 | load time: 0.0003 | back time: 1.2238 | lr: 0.00007108 | best AP50 acc: 0.8584 | best AP70 acc: 0.6884 | best mAP acc: 0.6346 | best mAR acc: 0.7190 | best Score: 0.6346 | best Score epoch: 14 
epoch 24, iter  251: loss: 0.0001 | load time: 0.0002 | back time: 1.1979 | lr: 0.00007096 | best AP50 acc: 0.8584 | best AP70 acc: 0.6884 | best mAP acc: 0.6346 | best mAR acc: 0.7190 | best Score: 0.6346 | best Score epoch: 14 
epoch 24, iter  301: loss: 0.0002 | load time: 0.0002 | back time: 1.2665 | lr: 0.00007084 | best AP50 acc: 0.8584 | best AP70 acc: 0.6884 | best mAP acc: 0.6346 | best mAR acc: 0.7190 | best Score: 0.6346 | best Score epoch: 14 
epoch 24, iter  351: loss: 0.0001 | load time: 0.0002 | back time: 1.1837 | lr: 0.00007071 | best AP50 acc: 0.8584 | best AP70 acc: 0.6884 | best mAP acc: 0.6346 | best mAR acc: 0.7190 | best Score: 0.6346 | best Score epoch: 14 
epoch 24, iter  401: loss: 0.0000 | load time: 0.0002 | back time: 1.2191 | lr: 0.00007059 | best AP50 acc: 0.8584 | best AP70 acc: 0.6884 | best mAP acc: 0.6346 | best mAR acc: 0.7190 | best Score: 0.6346 | best Score epoch: 14 
epoch 24, iter  451: loss: 0.0001 | load time: 0.0001 | back time: 1.2139 | lr: 0.00007047 | best AP50 acc: 0.8584 | best AP70 acc: 0.6884 | best mAP acc: 0.6346 | best mAR acc: 0.7190 | best Score: 0.6346 | best Score epoch: 14 
epoch 24, iter  501: loss: 0.0000 | load time: 0.0002 | back time: 1.0828 | lr: 0.00007034 | best AP50 acc: 0.8584 | best AP70 acc: 0.6884 | best mAP acc: 0.6346 | best mAR acc: 0.7190 | best Score: 0.6346 | best Score epoch: 14 
epoch 24, iter  551: loss: 0.0000 | load time: 0.0003 | back time: 1.1590 | lr: 0.00007022 | best AP50 acc: 0.8584 | best AP70 acc: 0.6884 | best mAP acc: 0.6346 | best mAR acc: 0.7190 | best Score: 0.6346 | best Score epoch: 14 
epoch 24, iter  601: loss: 0.0001 | load time: 0.0002 | back time: 1.1757 | lr: 0.00007010 | best AP50 acc: 0.8584 | best AP70 acc: 0.6884 | best mAP acc: 0.6346 | best mAR acc: 0.7190 | best Score: 0.6346 | best Score epoch: 14 
epoch 24, iter  651: loss: 0.0000 | load time: 0.0002 | back time: 1.1997 | lr: 0.00006997 | best AP50 acc: 0.8584 | best AP70 acc: 0.6884 | best mAP acc: 0.6346 | best mAR acc: 0.7190 | best Score: 0.6346 | best Score epoch: 14 
epoch 24, iter  701: loss: 0.0000 | load time: 0.0003 | back time: 1.2186 | lr: 0.00006985 | best AP50 acc: 0.8584 | best AP70 acc: 0.6884 | best mAP acc: 0.6346 | best mAR acc: 0.7190 | best Score: 0.6346 | best Score epoch: 14 
epoch 24, iter  751: loss: 0.0001 | load time: 0.0002 | back time: 1.1963 | lr: 0.00006972 | best AP50 acc: 0.8584 | best AP70 acc: 0.6884 | best mAP acc: 0.6346 | best mAR acc: 0.7190 | best Score: 0.6346 | best Score epoch: 14 
epoch 24, iter  801: loss: 0.0001 | load time: 0.0002 | back time: 1.2031 | lr: 0.00006960 | best AP50 acc: 0.8584 | best AP70 acc: 0.6884 | best mAP acc: 0.6346 | best mAR acc: 0.7190 | best Score: 0.6346 | best Score epoch: 14 
epoch 24, iter  851: loss: 0.0000 | load time: 0.0002 | back time: 1.1751 | lr: 0.00006948 | best AP50 acc: 0.8584 | best AP70 acc: 0.6884 | best mAP acc: 0.6346 | best mAR acc: 0.7190 | best Score: 0.6346 | best Score epoch: 14 
epoch 24, iter  901: loss: 0.0001 | load time: 0.0002 | back time: 1.2481 | lr: 0.00006935 | best AP50 acc: 0.8584 | best AP70 acc: 0.6884 | best mAP acc: 0.6346 | best mAR acc: 0.7190 | best Score: 0.6346 | best Score epoch: 14 
epoch 24, iter  951: loss: 0.0001 | load time: 0.0003 | back time: 1.2140 | lr: 0.00006923 | best AP50 acc: 0.8584 | best AP70 acc: 0.6884 | best mAP acc: 0.6346 | best mAR acc: 0.7190 | best Score: 0.6346 | best Score epoch: 14 
epoch 24, iter 1001: loss: 0.0000 | load time: 0.0002 | back time: 1.2166 | lr: 0.00006910 | best AP50 acc: 0.8584 | best AP70 acc: 0.6884 | best mAP acc: 0.6346 | best mAR acc: 0.7190 | best Score: 0.6346 | best Score epoch: 14 
epoch 24, iter 1051: loss: 0.0000 | load time: 0.0003 | back time: 1.2075 | lr: 0.00006898 | best AP50 acc: 0.8584 | best AP70 acc: 0.6884 | best mAP acc: 0.6346 | best mAR acc: 0.7190 | best Score: 0.6346 | best Score epoch: 14 
epoch 24, iter 1101: loss: 0.0000 | load time: 0.0003 | back time: 1.2131 | lr: 0.00006885 | best AP50 acc: 0.8584 | best AP70 acc: 0.6884 | best mAP acc: 0.6346 | best mAR acc: 0.7190 | best Score: 0.6346 | best Score epoch: 14 
epoch 24, iter 1151: loss: 0.0001 | load time: 0.0001 | back time: 1.2143 | lr: 0.00006872 | best AP50 acc: 0.8584 | best AP70 acc: 0.6884 | best mAP acc: 0.6346 | best mAR acc: 0.7190 | best Score: 0.6346 | best Score epoch: 14 
UAV_SEQS_2 | mAP50:90: 32.2339 | AP50: 57.1737 | AP70: 33.9749 
UAV_SEQS_37 | mAP50:90: 71.5769 | AP50: 96.1158 | AP70: 78.8763 
UAV_SEQS_45 | mAP50:90: 87.0118 | AP50: 98.0198 | AP70: 90.4685 
UAV_SEQS_47 | mAP50:90: 87.9024 | AP50: 100.0000 | AP70: 90.3505 
UAV_SEQS_55 | mAP50:90: 30.8450 | AP50: 66.1197 | AP70: 26.7749 
UAV_SEQS_59 | mAP50:90: 60.4649 | AP50: 89.7991 | AP70: 65.4704 
UAV_SEQS_6 | mAP50:90: 41.1024 | AP50: 75.0156 | AP70: 40.2768 
UAV_SEQS_63 | mAP50:90: 46.1859 | AP50: 81.5615 | AP70: 41.5039 
UAV_SEQS_65 | mAP50:90: 88.2634 | AP50: 96.8518 | AP70: 94.0977 
UAV_SEQS_7 | mAP50:90: 37.4011 | AP50: 75.3181 | AP70: 41.4736 
UAV_SEQS_71 | mAP50:90: 66.1625 | AP50: 97.6934 | AP70: 74.1446 
UAV_SEQS_73 | mAP50:90: 60.9938 | AP50: 79.9440 | AP70: 66.3837 
UAV_SEQS_74 | mAP50:90: 99.5681 | AP50: 100.0000 | AP70: 100.0000 
UAV_SEQS_77 | mAP50:90: 19.6429 | AP50: 29.9572 | AP70: 24.3868 
UAV_SEQS_8 | mAP50:90: 63.7251 | AP50: 84.1391 | AP70: 64.8996 
Overall            | mAP50:95: 59.4330 | AP50: 83.0400 | AP70: 62.7547 
