epoch  1, iter    1: loss: 0.7825 | load time: 0.1358 | back time: 1.7329 | lr: 0.00000012 | best AP50 acc: 0.0000 | best AP70 acc: 0.0000 | best mAP acc: 0.0000 | best mAR acc: 0.0000 | best Score: 0.0000 | best Score epoch: -1 
epoch  1, iter   51: loss: 0.6451 | load time: 0.0002 | back time: 0.8252 | lr: 0.00000098 | best AP50 acc: 0.0000 | best AP70 acc: 0.0000 | best mAP acc: 0.0000 | best mAR acc: 0.0000 | best Score: 0.0000 | best Score epoch: -1 
epoch  1, iter  101: loss: 0.4180 | load time: 0.0002 | back time: 0.8317 | lr: 0.00000185 | best AP50 acc: 0.0000 | best AP70 acc: 0.0000 | best mAP acc: 0.0000 | best mAR acc: 0.0000 | best Score: 0.0000 | best Score epoch: -1 
epoch  1, iter  151: loss: 0.1634 | load time: 0.0002 | back time: 0.8361 | lr: 0.00000272 | best AP50 acc: 0.0000 | best AP70 acc: 0.0000 | best mAP acc: 0.0000 | best mAR acc: 0.0000 | best Score: 0.0000 | best Score epoch: -1 
epoch  1, iter  201: loss: 0.1109 | load time: 0.0003 | back time: 0.7789 | lr: 0.00000359 | best AP50 acc: 0.0000 | best AP70 acc: 0.0000 | best mAP acc: 0.0000 | best mAR acc: 0.0000 | best Score: 0.0000 | best Score epoch: -1 
epoch  1, iter  251: loss: 0.0811 | load time: 0.0001 | back time: 0.8240 | lr: 0.00000445 | best AP50 acc: 0.0000 | best AP70 acc: 0.0000 | best mAP acc: 0.0000 | best mAR acc: 0.0000 | best Score: 0.0000 | best Score epoch: -1 
epoch  1, iter  301: loss: 0.0538 | load time: 0.0002 | back time: 0.8346 | lr: 0.00000532 | best AP50 acc: 0.0000 | best AP70 acc: 0.0000 | best mAP acc: 0.0000 | best mAR acc: 0.0000 | best Score: 0.0000 | best Score epoch: -1 
epoch  1, iter  351: loss: 0.0449 | load time: 0.0002 | back time: 0.8144 | lr: 0.00000619 | best AP50 acc: 0.0000 | best AP70 acc: 0.0000 | best mAP acc: 0.0000 | best mAR acc: 0.0000 | best Score: 0.0000 | best Score epoch: -1 
epoch  1, iter  401: loss: 0.0355 | load time: 0.0003 | back time: 0.8842 | lr: 0.00000705 | best AP50 acc: 0.0000 | best AP70 acc: 0.0000 | best mAP acc: 0.0000 | best mAR acc: 0.0000 | best Score: 0.0000 | best Score epoch: -1 
epoch  1, iter  451: loss: 0.0322 | load time: 0.0001 | back time: 0.8134 | lr: 0.00000792 | best AP50 acc: 0.0000 | best AP70 acc: 0.0000 | best mAP acc: 0.0000 | best mAR acc: 0.0000 | best Score: 0.0000 | best Score epoch: -1 
epoch  1, iter  501: loss: 0.0273 | load time: 0.0002 | back time: 0.8186 | lr: 0.00000879 | best AP50 acc: 0.0000 | best AP70 acc: 0.0000 | best mAP acc: 0.0000 | best mAR acc: 0.0000 | best Score: 0.0000 | best Score epoch: -1 
epoch  1, iter  551: loss: 0.0239 | load time: 0.0002 | back time: 0.8568 | lr: 0.00000966 | best AP50 acc: 0.0000 | best AP70 acc: 0.0000 | best mAP acc: 0.0000 | best mAR acc: 0.0000 | best Score: 0.0000 | best Score epoch: -1 
epoch  1, iter  601: loss: 0.0238 | load time: 0.0001 | back time: 0.8162 | lr: 0.00001052 | best AP50 acc: 0.0000 | best AP70 acc: 0.0000 | best mAP acc: 0.0000 | best mAR acc: 0.0000 | best Score: 0.0000 | best Score epoch: -1 
epoch  1, iter  651: loss: 0.0210 | load time: 0.0001 | back time: 0.8272 | lr: 0.00001139 | best AP50 acc: 0.0000 | best AP70 acc: 0.0000 | best mAP acc: 0.0000 | best mAR acc: 0.0000 | best Score: 0.0000 | best Score epoch: -1 
epoch  1, iter  701: loss: 0.0182 | load time: 0.0002 | back time: 0.8249 | lr: 0.00001226 | best AP50 acc: 0.0000 | best AP70 acc: 0.0000 | best mAP acc: 0.0000 | best mAR acc: 0.0000 | best Score: 0.0000 | best Score epoch: -1 
epoch  1, iter  751: loss: 0.0196 | load time: 0.0002 | back time: 0.8331 | lr: 0.00001313 | best AP50 acc: 0.0000 | best AP70 acc: 0.0000 | best mAP acc: 0.0000 | best mAR acc: 0.0000 | best Score: 0.0000 | best Score epoch: -1 
epoch  1, iter  801: loss: 0.0169 | load time: 0.0003 | back time: 0.8335 | lr: 0.00001399 | best AP50 acc: 0.0000 | best AP70 acc: 0.0000 | best mAP acc: 0.0000 | best mAR acc: 0.0000 | best Score: 0.0000 | best Score epoch: -1 
epoch  1, iter  851: loss: 0.0157 | load time: 0.0002 | back time: 0.8225 | lr: 0.00001486 | best AP50 acc: 0.0000 | best AP70 acc: 0.0000 | best mAP acc: 0.0000 | best mAR acc: 0.0000 | best Score: 0.0000 | best Score epoch: -1 
epoch  1, iter  901: loss: 0.0173 | load time: 0.0003 | back time: 0.8134 | lr: 0.00001573 | best AP50 acc: 0.0000 | best AP70 acc: 0.0000 | best mAP acc: 0.0000 | best mAR acc: 0.0000 | best Score: 0.0000 | best Score epoch: -1 
epoch  1, iter  951: loss: 0.0170 | load time: 0.0002 | back time: 0.8415 | lr: 0.00001659 | best AP50 acc: 0.0000 | best AP70 acc: 0.0000 | best mAP acc: 0.0000 | best mAR acc: 0.0000 | best Score: 0.0000 | best Score epoch: -1 
epoch  1, iter 1001: loss: 0.0158 | load time: 0.0002 | back time: 0.8280 | lr: 0.00001746 | best AP50 acc: 0.0000 | best AP70 acc: 0.0000 | best mAP acc: 0.0000 | best mAR acc: 0.0000 | best Score: 0.0000 | best Score epoch: -1 
epoch  1, iter 1051: loss: 0.0118 | load time: 0.0001 | back time: 0.8298 | lr: 0.00001833 | best AP50 acc: 0.0000 | best AP70 acc: 0.0000 | best mAP acc: 0.0000 | best mAR acc: 0.0000 | best Score: 0.0000 | best Score epoch: -1 
epoch  1, iter 1101: loss: 0.0122 | load time: 0.0001 | back time: 0.8311 | lr: 0.00001920 | best AP50 acc: 0.0000 | best AP70 acc: 0.0000 | best mAP acc: 0.0000 | best mAR acc: 0.0000 | best Score: 0.0000 | best Score epoch: -1 
epoch  1, iter 1151: loss: 0.0136 | load time: 0.0001 | back time: 0.8311 | lr: 0.00002006 | best AP50 acc: 0.0000 | best AP70 acc: 0.0000 | best mAP acc: 0.0000 | best mAR acc: 0.0000 | best Score: 0.0000 | best Score epoch: -1 
epoch  2, iter    1: loss: 0.0162 | load time: 0.0004 | back time: 0.2532 | lr: 0.00002010 | best AP50 acc: 0.0000 | best AP70 acc: 0.0000 | best mAP acc: 0.0000 | best mAR acc: 0.0000 | best Score: 0.0000 | best Score epoch: -1 
epoch  2, iter   51: loss: 0.0152 | load time: 0.0001 | back time: 0.8447 | lr: 0.00002096 | best AP50 acc: 0.0000 | best AP70 acc: 0.0000 | best mAP acc: 0.0000 | best mAR acc: 0.0000 | best Score: 0.0000 | best Score epoch: -1 
epoch  2, iter  101: loss: 0.0135 | load time: 0.0001 | back time: 0.8479 | lr: 0.00002183 | best AP50 acc: 0.0000 | best AP70 acc: 0.0000 | best mAP acc: 0.0000 | best mAR acc: 0.0000 | best Score: 0.0000 | best Score epoch: -1 
epoch  2, iter  151: loss: 0.0122 | load time: 0.0002 | back time: 0.8346 | lr: 0.00002270 | best AP50 acc: 0.0000 | best AP70 acc: 0.0000 | best mAP acc: 0.0000 | best mAR acc: 0.0000 | best Score: 0.0000 | best Score epoch: -1 
epoch  2, iter  201: loss: 0.0130 | load time: 0.0002 | back time: 0.8351 | lr: 0.00002357 | best AP50 acc: 0.0000 | best AP70 acc: 0.0000 | best mAP acc: 0.0000 | best mAR acc: 0.0000 | best Score: 0.0000 | best Score epoch: -1 
epoch  2, iter  251: loss: 0.0110 | load time: 0.0002 | back time: 0.8328 | lr: 0.00002443 | best AP50 acc: 0.0000 | best AP70 acc: 0.0000 | best mAP acc: 0.0000 | best mAR acc: 0.0000 | best Score: 0.0000 | best Score epoch: -1 
epoch  2, iter  301: loss: 0.0142 | load time: 0.0002 | back time: 0.8320 | lr: 0.00002530 | best AP50 acc: 0.0000 | best AP70 acc: 0.0000 | best mAP acc: 0.0000 | best mAR acc: 0.0000 | best Score: 0.0000 | best Score epoch: -1 
epoch  2, iter  351: loss: 0.0155 | load time: 0.0001 | back time: 0.8260 | lr: 0.00002617 | best AP50 acc: 0.0000 | best AP70 acc: 0.0000 | best mAP acc: 0.0000 | best mAR acc: 0.0000 | best Score: 0.0000 | best Score epoch: -1 
epoch  2, iter  401: loss: 0.0130 | load time: 0.0003 | back time: 0.8320 | lr: 0.00002703 | best AP50 acc: 0.0000 | best AP70 acc: 0.0000 | best mAP acc: 0.0000 | best mAR acc: 0.0000 | best Score: 0.0000 | best Score epoch: -1 
epoch  2, iter  451: loss: 0.0125 | load time: 0.0001 | back time: 0.8328 | lr: 0.00002790 | best AP50 acc: 0.0000 | best AP70 acc: 0.0000 | best mAP acc: 0.0000 | best mAR acc: 0.0000 | best Score: 0.0000 | best Score epoch: -1 
epoch  2, iter  501: loss: 0.0094 | load time: 0.0002 | back time: 0.8320 | lr: 0.00002877 | best AP50 acc: 0.0000 | best AP70 acc: 0.0000 | best mAP acc: 0.0000 | best mAR acc: 0.0000 | best Score: 0.0000 | best Score epoch: -1 
epoch  2, iter  551: loss: 0.0122 | load time: 0.0002 | back time: 0.8337 | lr: 0.00002964 | best AP50 acc: 0.0000 | best AP70 acc: 0.0000 | best mAP acc: 0.0000 | best mAR acc: 0.0000 | best Score: 0.0000 | best Score epoch: -1 
epoch  2, iter  601: loss: 0.0119 | load time: 0.0003 | back time: 0.8339 | lr: 0.00003050 | best AP50 acc: 0.0000 | best AP70 acc: 0.0000 | best mAP acc: 0.0000 | best mAR acc: 0.0000 | best Score: 0.0000 | best Score epoch: -1 
epoch  2, iter  651: loss: 0.0118 | load time: 0.0002 | back time: 0.7622 | lr: 0.00003137 | best AP50 acc: 0.0000 | best AP70 acc: 0.0000 | best mAP acc: 0.0000 | best mAR acc: 0.0000 | best Score: 0.0000 | best Score epoch: -1 
epoch  2, iter  701: loss: 0.0125 | load time: 0.0003 | back time: 0.8928 | lr: 0.00003224 | best AP50 acc: 0.0000 | best AP70 acc: 0.0000 | best mAP acc: 0.0000 | best mAR acc: 0.0000 | best Score: 0.0000 | best Score epoch: -1 
epoch  2, iter  751: loss: 0.0105 | load time: 0.0003 | back time: 0.8400 | lr: 0.00003311 | best AP50 acc: 0.0000 | best AP70 acc: 0.0000 | best mAP acc: 0.0000 | best mAR acc: 0.0000 | best Score: 0.0000 | best Score epoch: -1 
epoch  2, iter  801: loss: 0.0115 | load time: 0.0004 | back time: 0.8360 | lr: 0.00003397 | best AP50 acc: 0.0000 | best AP70 acc: 0.0000 | best mAP acc: 0.0000 | best mAR acc: 0.0000 | best Score: 0.0000 | best Score epoch: -1 
epoch  2, iter  851: loss: 0.0086 | load time: 0.0002 | back time: 0.8189 | lr: 0.00003484 | best AP50 acc: 0.0000 | best AP70 acc: 0.0000 | best mAP acc: 0.0000 | best mAR acc: 0.0000 | best Score: 0.0000 | best Score epoch: -1 
epoch  2, iter  901: loss: 0.0119 | load time: 0.0002 | back time: 0.8142 | lr: 0.00003571 | best AP50 acc: 0.0000 | best AP70 acc: 0.0000 | best mAP acc: 0.0000 | best mAR acc: 0.0000 | best Score: 0.0000 | best Score epoch: -1 
epoch  2, iter  951: loss: 0.0105 | load time: 0.0002 | back time: 0.8126 | lr: 0.00003657 | best AP50 acc: 0.0000 | best AP70 acc: 0.0000 | best mAP acc: 0.0000 | best mAR acc: 0.0000 | best Score: 0.0000 | best Score epoch: -1 
epoch  2, iter 1001: loss: 0.0127 | load time: 0.0001 | back time: 0.8154 | lr: 0.00003744 | best AP50 acc: 0.0000 | best AP70 acc: 0.0000 | best mAP acc: 0.0000 | best mAR acc: 0.0000 | best Score: 0.0000 | best Score epoch: -1 
epoch  2, iter 1051: loss: 0.0107 | load time: 0.0001 | back time: 0.8120 | lr: 0.00003831 | best AP50 acc: 0.0000 | best AP70 acc: 0.0000 | best mAP acc: 0.0000 | best mAR acc: 0.0000 | best Score: 0.0000 | best Score epoch: -1 
epoch  2, iter 1101: loss: 0.0075 | load time: 0.0002 | back time: 0.8290 | lr: 0.00003918 | best AP50 acc: 0.0000 | best AP70 acc: 0.0000 | best mAP acc: 0.0000 | best mAR acc: 0.0000 | best Score: 0.0000 | best Score epoch: -1 
epoch  2, iter 1151: loss: 0.0100 | load time: 0.0002 | back time: 0.8327 | lr: 0.00004004 | best AP50 acc: 0.0000 | best AP70 acc: 0.0000 | best mAP acc: 0.0000 | best mAR acc: 0.0000 | best Score: 0.0000 | best Score epoch: -1 
epoch  3, iter    1: loss: 0.0107 | load time: 0.0005 | back time: 0.3477 | lr: 0.00004008 | best AP50 acc: 0.0000 | best AP70 acc: 0.0000 | best mAP acc: 0.0000 | best mAR acc: 0.0000 | best Score: 0.0000 | best Score epoch: -1 
epoch  3, iter   51: loss: 0.0108 | load time: 0.0002 | back time: 0.8280 | lr: 0.00004094 | best AP50 acc: 0.0000 | best AP70 acc: 0.0000 | best mAP acc: 0.0000 | best mAR acc: 0.0000 | best Score: 0.0000 | best Score epoch: -1 
epoch  3, iter  101: loss: 0.0096 | load time: 0.0002 | back time: 0.8435 | lr: 0.00004181 | best AP50 acc: 0.0000 | best AP70 acc: 0.0000 | best mAP acc: 0.0000 | best mAR acc: 0.0000 | best Score: 0.0000 | best Score epoch: -1 
epoch  3, iter  151: loss: 0.0099 | load time: 0.0002 | back time: 0.8207 | lr: 0.00004268 | best AP50 acc: 0.0000 | best AP70 acc: 0.0000 | best mAP acc: 0.0000 | best mAR acc: 0.0000 | best Score: 0.0000 | best Score epoch: -1 
epoch  3, iter  201: loss: 0.0114 | load time: 0.0002 | back time: 0.8459 | lr: 0.00004355 | best AP50 acc: 0.0000 | best AP70 acc: 0.0000 | best mAP acc: 0.0000 | best mAR acc: 0.0000 | best Score: 0.0000 | best Score epoch: -1 
epoch  3, iter  251: loss: 0.0099 | load time: 0.0002 | back time: 0.8247 | lr: 0.00004441 | best AP50 acc: 0.0000 | best AP70 acc: 0.0000 | best mAP acc: 0.0000 | best mAR acc: 0.0000 | best Score: 0.0000 | best Score epoch: -1 
epoch  3, iter  301: loss: 0.0113 | load time: 0.0002 | back time: 0.8180 | lr: 0.00004528 | best AP50 acc: 0.0000 | best AP70 acc: 0.0000 | best mAP acc: 0.0000 | best mAR acc: 0.0000 | best Score: 0.0000 | best Score epoch: -1 
epoch  3, iter  351: loss: 0.0101 | load time: 0.0002 | back time: 0.8156 | lr: 0.00004615 | best AP50 acc: 0.0000 | best AP70 acc: 0.0000 | best mAP acc: 0.0000 | best mAR acc: 0.0000 | best Score: 0.0000 | best Score epoch: -1 
epoch  3, iter  401: loss: 0.0079 | load time: 0.0003 | back time: 0.8282 | lr: 0.00004701 | best AP50 acc: 0.0000 | best AP70 acc: 0.0000 | best mAP acc: 0.0000 | best mAR acc: 0.0000 | best Score: 0.0000 | best Score epoch: -1 
epoch  3, iter  451: loss: 0.0124 | load time: 0.0002 | back time: 0.8334 | lr: 0.00004788 | best AP50 acc: 0.0000 | best AP70 acc: 0.0000 | best mAP acc: 0.0000 | best mAR acc: 0.0000 | best Score: 0.0000 | best Score epoch: -1 
epoch  3, iter  501: loss: 0.0095 | load time: 0.0001 | back time: 0.8176 | lr: 0.00004875 | best AP50 acc: 0.0000 | best AP70 acc: 0.0000 | best mAP acc: 0.0000 | best mAR acc: 0.0000 | best Score: 0.0000 | best Score epoch: -1 
epoch  3, iter  551: loss: 0.0074 | load time: 0.0001 | back time: 0.8176 | lr: 0.00004962 | best AP50 acc: 0.0000 | best AP70 acc: 0.0000 | best mAP acc: 0.0000 | best mAR acc: 0.0000 | best Score: 0.0000 | best Score epoch: -1 
epoch  3, iter  601: loss: 0.0112 | load time: 0.0002 | back time: 0.8279 | lr: 0.00005048 | best AP50 acc: 0.0000 | best AP70 acc: 0.0000 | best mAP acc: 0.0000 | best mAR acc: 0.0000 | best Score: 0.0000 | best Score epoch: -1 
epoch  3, iter  651: loss: 0.0068 | load time: 0.0002 | back time: 0.8153 | lr: 0.00005135 | best AP50 acc: 0.0000 | best AP70 acc: 0.0000 | best mAP acc: 0.0000 | best mAR acc: 0.0000 | best Score: 0.0000 | best Score epoch: -1 
epoch  3, iter  701: loss: 0.0091 | load time: 0.0002 | back time: 0.8193 | lr: 0.00005222 | best AP50 acc: 0.0000 | best AP70 acc: 0.0000 | best mAP acc: 0.0000 | best mAR acc: 0.0000 | best Score: 0.0000 | best Score epoch: -1 
epoch  3, iter  751: loss: 0.0089 | load time: 0.0002 | back time: 0.8315 | lr: 0.00005309 | best AP50 acc: 0.0000 | best AP70 acc: 0.0000 | best mAP acc: 0.0000 | best mAR acc: 0.0000 | best Score: 0.0000 | best Score epoch: -1 
epoch  3, iter  801: loss: 0.0085 | load time: 0.0002 | back time: 0.8266 | lr: 0.00005395 | best AP50 acc: 0.0000 | best AP70 acc: 0.0000 | best mAP acc: 0.0000 | best mAR acc: 0.0000 | best Score: 0.0000 | best Score epoch: -1 
epoch  3, iter  851: loss: 0.0130 | load time: 0.0002 | back time: 0.8329 | lr: 0.00005482 | best AP50 acc: 0.0000 | best AP70 acc: 0.0000 | best mAP acc: 0.0000 | best mAR acc: 0.0000 | best Score: 0.0000 | best Score epoch: -1 
epoch  3, iter  901: loss: 0.0086 | load time: 0.0001 | back time: 0.8230 | lr: 0.00005569 | best AP50 acc: 0.0000 | best AP70 acc: 0.0000 | best mAP acc: 0.0000 | best mAR acc: 0.0000 | best Score: 0.0000 | best Score epoch: -1 
epoch  3, iter  951: loss: 0.0140 | load time: 0.0002 | back time: 0.8288 | lr: 0.00005655 | best AP50 acc: 0.0000 | best AP70 acc: 0.0000 | best mAP acc: 0.0000 | best mAR acc: 0.0000 | best Score: 0.0000 | best Score epoch: -1 
epoch  3, iter 1001: loss: 0.0069 | load time: 0.0003 | back time: 0.8530 | lr: 0.00005742 | best AP50 acc: 0.0000 | best AP70 acc: 0.0000 | best mAP acc: 0.0000 | best mAR acc: 0.0000 | best Score: 0.0000 | best Score epoch: -1 
epoch  3, iter 1051: loss: 0.0123 | load time: 0.0001 | back time: 0.8338 | lr: 0.00005829 | best AP50 acc: 0.0000 | best AP70 acc: 0.0000 | best mAP acc: 0.0000 | best mAR acc: 0.0000 | best Score: 0.0000 | best Score epoch: -1 
epoch  3, iter 1101: loss: 0.0093 | load time: 0.0001 | back time: 0.8300 | lr: 0.00005916 | best AP50 acc: 0.0000 | best AP70 acc: 0.0000 | best mAP acc: 0.0000 | best mAR acc: 0.0000 | best Score: 0.0000 | best Score epoch: -1 
epoch  3, iter 1151: loss: 0.0089 | load time: 0.0004 | back time: 0.8458 | lr: 0.00006002 | best AP50 acc: 0.0000 | best AP70 acc: 0.0000 | best mAP acc: 0.0000 | best mAR acc: 0.0000 | best Score: 0.0000 | best Score epoch: -1 
epoch  4, iter    1: loss: 0.0089 | load time: 0.0004 | back time: 0.2885 | lr: 0.00006006 | best AP50 acc: 0.0000 | best AP70 acc: 0.0000 | best mAP acc: 0.0000 | best mAR acc: 0.0000 | best Score: 0.0000 | best Score epoch: -1 
epoch  4, iter   51: loss: 0.0107 | load time: 0.0003 | back time: 0.8480 | lr: 0.00006092 | best AP50 acc: 0.0000 | best AP70 acc: 0.0000 | best mAP acc: 0.0000 | best mAR acc: 0.0000 | best Score: 0.0000 | best Score epoch: -1 
epoch  4, iter  101: loss: 0.0110 | load time: 0.0002 | back time: 0.8415 | lr: 0.00006179 | best AP50 acc: 0.0000 | best AP70 acc: 0.0000 | best mAP acc: 0.0000 | best mAR acc: 0.0000 | best Score: 0.0000 | best Score epoch: -1 
epoch  4, iter  151: loss: 0.0094 | load time: 0.0002 | back time: 0.8240 | lr: 0.00006266 | best AP50 acc: 0.0000 | best AP70 acc: 0.0000 | best mAP acc: 0.0000 | best mAR acc: 0.0000 | best Score: 0.0000 | best Score epoch: -1 
epoch  4, iter  201: loss: 0.0082 | load time: 0.0001 | back time: 0.8166 | lr: 0.00006353 | best AP50 acc: 0.0000 | best AP70 acc: 0.0000 | best mAP acc: 0.0000 | best mAR acc: 0.0000 | best Score: 0.0000 | best Score epoch: -1 
epoch  4, iter  251: loss: 0.0072 | load time: 0.0002 | back time: 0.8185 | lr: 0.00006439 | best AP50 acc: 0.0000 | best AP70 acc: 0.0000 | best mAP acc: 0.0000 | best mAR acc: 0.0000 | best Score: 0.0000 | best Score epoch: -1 
epoch  4, iter  301: loss: 0.0123 | load time: 0.0002 | back time: 0.8156 | lr: 0.00006526 | best AP50 acc: 0.0000 | best AP70 acc: 0.0000 | best mAP acc: 0.0000 | best mAR acc: 0.0000 | best Score: 0.0000 | best Score epoch: -1 
epoch  4, iter  351: loss: 0.0070 | load time: 0.0002 | back time: 0.8252 | lr: 0.00006613 | best AP50 acc: 0.0000 | best AP70 acc: 0.0000 | best mAP acc: 0.0000 | best mAR acc: 0.0000 | best Score: 0.0000 | best Score epoch: -1 
epoch  4, iter  401: loss: 0.0089 | load time: 0.0001 | back time: 0.8442 | lr: 0.00006699 | best AP50 acc: 0.0000 | best AP70 acc: 0.0000 | best mAP acc: 0.0000 | best mAR acc: 0.0000 | best Score: 0.0000 | best Score epoch: -1 
epoch  4, iter  451: loss: 0.0085 | load time: 0.0001 | back time: 0.8387 | lr: 0.00006786 | best AP50 acc: 0.0000 | best AP70 acc: 0.0000 | best mAP acc: 0.0000 | best mAR acc: 0.0000 | best Score: 0.0000 | best Score epoch: -1 
epoch  4, iter  501: loss: 0.0070 | load time: 0.0002 | back time: 0.8383 | lr: 0.00006873 | best AP50 acc: 0.0000 | best AP70 acc: 0.0000 | best mAP acc: 0.0000 | best mAR acc: 0.0000 | best Score: 0.0000 | best Score epoch: -1 
epoch  4, iter  551: loss: 0.0110 | load time: 0.0002 | back time: 0.8315 | lr: 0.00006960 | best AP50 acc: 0.0000 | best AP70 acc: 0.0000 | best mAP acc: 0.0000 | best mAR acc: 0.0000 | best Score: 0.0000 | best Score epoch: -1 
epoch  4, iter  601: loss: 0.0086 | load time: 0.0003 | back time: 0.8290 | lr: 0.00007046 | best AP50 acc: 0.0000 | best AP70 acc: 0.0000 | best mAP acc: 0.0000 | best mAR acc: 0.0000 | best Score: 0.0000 | best Score epoch: -1 
epoch  4, iter  651: loss: 0.0073 | load time: 0.0002 | back time: 0.8284 | lr: 0.00007133 | best AP50 acc: 0.0000 | best AP70 acc: 0.0000 | best mAP acc: 0.0000 | best mAR acc: 0.0000 | best Score: 0.0000 | best Score epoch: -1 
epoch  4, iter  701: loss: 0.0077 | load time: 0.0002 | back time: 0.8833 | lr: 0.00007220 | best AP50 acc: 0.0000 | best AP70 acc: 0.0000 | best mAP acc: 0.0000 | best mAR acc: 0.0000 | best Score: 0.0000 | best Score epoch: -1 
epoch  4, iter  751: loss: 0.0081 | load time: 0.0003 | back time: 0.8271 | lr: 0.00007307 | best AP50 acc: 0.0000 | best AP70 acc: 0.0000 | best mAP acc: 0.0000 | best mAR acc: 0.0000 | best Score: 0.0000 | best Score epoch: -1 
epoch  4, iter  801: loss: 0.0070 | load time: 0.0001 | back time: 0.8318 | lr: 0.00007393 | best AP50 acc: 0.0000 | best AP70 acc: 0.0000 | best mAP acc: 0.0000 | best mAR acc: 0.0000 | best Score: 0.0000 | best Score epoch: -1 
epoch  4, iter  851: loss: 0.0074 | load time: 0.0001 | back time: 0.8151 | lr: 0.00007480 | best AP50 acc: 0.0000 | best AP70 acc: 0.0000 | best mAP acc: 0.0000 | best mAR acc: 0.0000 | best Score: 0.0000 | best Score epoch: -1 
epoch  4, iter  901: loss: 0.0103 | load time: 0.0002 | back time: 0.8150 | lr: 0.00007567 | best AP50 acc: 0.0000 | best AP70 acc: 0.0000 | best mAP acc: 0.0000 | best mAR acc: 0.0000 | best Score: 0.0000 | best Score epoch: -1 
epoch  4, iter  951: loss: 0.0072 | load time: 0.0001 | back time: 0.8137 | lr: 0.00007653 | best AP50 acc: 0.0000 | best AP70 acc: 0.0000 | best mAP acc: 0.0000 | best mAR acc: 0.0000 | best Score: 0.0000 | best Score epoch: -1 
epoch  4, iter 1001: loss: 0.0085 | load time: 0.0003 | back time: 0.8264 | lr: 0.00007740 | best AP50 acc: 0.0000 | best AP70 acc: 0.0000 | best mAP acc: 0.0000 | best mAR acc: 0.0000 | best Score: 0.0000 | best Score epoch: -1 
epoch  4, iter 1051: loss: 0.0067 | load time: 0.0001 | back time: 0.8281 | lr: 0.00007827 | best AP50 acc: 0.0000 | best AP70 acc: 0.0000 | best mAP acc: 0.0000 | best mAR acc: 0.0000 | best Score: 0.0000 | best Score epoch: -1 
epoch  4, iter 1101: loss: 0.0084 | load time: 0.0001 | back time: 0.8282 | lr: 0.00007914 | best AP50 acc: 0.0000 | best AP70 acc: 0.0000 | best mAP acc: 0.0000 | best mAR acc: 0.0000 | best Score: 0.0000 | best Score epoch: -1 
epoch  4, iter 1151: loss: 0.0121 | load time: 0.0001 | back time: 0.8410 | lr: 0.00008000 | best AP50 acc: 0.0000 | best AP70 acc: 0.0000 | best mAP acc: 0.0000 | best mAR acc: 0.0000 | best Score: 0.0000 | best Score epoch: -1 
epoch  5, iter    1: loss: 0.0077 | load time: 0.0004 | back time: 0.3509 | lr: 0.00008004 | best AP50 acc: 0.0000 | best AP70 acc: 0.0000 | best mAP acc: 0.0000 | best mAR acc: 0.0000 | best Score: 0.0000 | best Score epoch: -1 
epoch  5, iter   51: loss: 0.0068 | load time: 0.0002 | back time: 0.8480 | lr: 0.00008090 | best AP50 acc: 0.0000 | best AP70 acc: 0.0000 | best mAP acc: 0.0000 | best mAR acc: 0.0000 | best Score: 0.0000 | best Score epoch: -1 
epoch  5, iter  101: loss: 0.0123 | load time: 0.0002 | back time: 0.8370 | lr: 0.00008177 | best AP50 acc: 0.0000 | best AP70 acc: 0.0000 | best mAP acc: 0.0000 | best mAR acc: 0.0000 | best Score: 0.0000 | best Score epoch: -1 
epoch  5, iter  151: loss: 0.0076 | load time: 0.0002 | back time: 0.8352 | lr: 0.00008264 | best AP50 acc: 0.0000 | best AP70 acc: 0.0000 | best mAP acc: 0.0000 | best mAR acc: 0.0000 | best Score: 0.0000 | best Score epoch: -1 
epoch  5, iter  201: loss: 0.0092 | load time: 0.0002 | back time: 0.8309 | lr: 0.00008351 | best AP50 acc: 0.0000 | best AP70 acc: 0.0000 | best mAP acc: 0.0000 | best mAR acc: 0.0000 | best Score: 0.0000 | best Score epoch: -1 
epoch  5, iter  251: loss: 0.0075 | load time: 0.0002 | back time: 0.8271 | lr: 0.00008437 | best AP50 acc: 0.0000 | best AP70 acc: 0.0000 | best mAP acc: 0.0000 | best mAR acc: 0.0000 | best Score: 0.0000 | best Score epoch: -1 
epoch  5, iter  301: loss: 0.0079 | load time: 0.0002 | back time: 0.8317 | lr: 0.00008524 | best AP50 acc: 0.0000 | best AP70 acc: 0.0000 | best mAP acc: 0.0000 | best mAR acc: 0.0000 | best Score: 0.0000 | best Score epoch: -1 
epoch  5, iter  351: loss: 0.0072 | load time: 0.0002 | back time: 0.8267 | lr: 0.00008611 | best AP50 acc: 0.0000 | best AP70 acc: 0.0000 | best mAP acc: 0.0000 | best mAR acc: 0.0000 | best Score: 0.0000 | best Score epoch: -1 
epoch  5, iter  401: loss: 0.0115 | load time: 0.0003 | back time: 0.8205 | lr: 0.00008697 | best AP50 acc: 0.0000 | best AP70 acc: 0.0000 | best mAP acc: 0.0000 | best mAR acc: 0.0000 | best Score: 0.0000 | best Score epoch: -1 
epoch  5, iter  451: loss: 0.0069 | load time: 0.0002 | back time: 0.8341 | lr: 0.00008784 | best AP50 acc: 0.0000 | best AP70 acc: 0.0000 | best mAP acc: 0.0000 | best mAR acc: 0.0000 | best Score: 0.0000 | best Score epoch: -1 
epoch  5, iter  501: loss: 0.0070 | load time: 0.0002 | back time: 0.8270 | lr: 0.00008871 | best AP50 acc: 0.0000 | best AP70 acc: 0.0000 | best mAP acc: 0.0000 | best mAR acc: 0.0000 | best Score: 0.0000 | best Score epoch: -1 
epoch  5, iter  551: loss: 0.0074 | load time: 0.0002 | back time: 0.8283 | lr: 0.00008958 | best AP50 acc: 0.0000 | best AP70 acc: 0.0000 | best mAP acc: 0.0000 | best mAR acc: 0.0000 | best Score: 0.0000 | best Score epoch: -1 
epoch  5, iter  601: loss: 0.0100 | load time: 0.0003 | back time: 0.8281 | lr: 0.00009044 | best AP50 acc: 0.0000 | best AP70 acc: 0.0000 | best mAP acc: 0.0000 | best mAR acc: 0.0000 | best Score: 0.0000 | best Score epoch: -1 
epoch  5, iter  651: loss: 0.0088 | load time: 0.0002 | back time: 0.8439 | lr: 0.00009131 | best AP50 acc: 0.0000 | best AP70 acc: 0.0000 | best mAP acc: 0.0000 | best mAR acc: 0.0000 | best Score: 0.0000 | best Score epoch: -1 
epoch  5, iter  701: loss: 0.0100 | load time: 0.0002 | back time: 0.8370 | lr: 0.00009218 | best AP50 acc: 0.0000 | best AP70 acc: 0.0000 | best mAP acc: 0.0000 | best mAR acc: 0.0000 | best Score: 0.0000 | best Score epoch: -1 
epoch  5, iter  751: loss: 0.0095 | load time: 0.0002 | back time: 0.8394 | lr: 0.00009305 | best AP50 acc: 0.0000 | best AP70 acc: 0.0000 | best mAP acc: 0.0000 | best mAR acc: 0.0000 | best Score: 0.0000 | best Score epoch: -1 
epoch  5, iter  801: loss: 0.0079 | load time: 0.0003 | back time: 0.8349 | lr: 0.00009391 | best AP50 acc: 0.0000 | best AP70 acc: 0.0000 | best mAP acc: 0.0000 | best mAR acc: 0.0000 | best Score: 0.0000 | best Score epoch: -1 
epoch  5, iter  851: loss: 0.0102 | load time: 0.0001 | back time: 0.8339 | lr: 0.00009478 | best AP50 acc: 0.0000 | best AP70 acc: 0.0000 | best mAP acc: 0.0000 | best mAR acc: 0.0000 | best Score: 0.0000 | best Score epoch: -1 
epoch  5, iter  901: loss: 0.0108 | load time: 0.0002 | back time: 0.8329 | lr: 0.00009565 | best AP50 acc: 0.0000 | best AP70 acc: 0.0000 | best mAP acc: 0.0000 | best mAR acc: 0.0000 | best Score: 0.0000 | best Score epoch: -1 
epoch  5, iter  951: loss: 0.0088 | load time: 0.0003 | back time: 0.8356 | lr: 0.00009651 | best AP50 acc: 0.0000 | best AP70 acc: 0.0000 | best mAP acc: 0.0000 | best mAR acc: 0.0000 | best Score: 0.0000 | best Score epoch: -1 
epoch  5, iter 1001: loss: 0.0086 | load time: 0.0002 | back time: 0.8335 | lr: 0.00009738 | best AP50 acc: 0.0000 | best AP70 acc: 0.0000 | best mAP acc: 0.0000 | best mAR acc: 0.0000 | best Score: 0.0000 | best Score epoch: -1 
epoch  5, iter 1051: loss: 0.0110 | load time: 0.0002 | back time: 0.8938 | lr: 0.00009825 | best AP50 acc: 0.0000 | best AP70 acc: 0.0000 | best mAP acc: 0.0000 | best mAR acc: 0.0000 | best Score: 0.0000 | best Score epoch: -1 
epoch  5, iter 1101: loss: 0.0081 | load time: 0.0002 | back time: 0.8184 | lr: 0.00009912 | best AP50 acc: 0.0000 | best AP70 acc: 0.0000 | best mAP acc: 0.0000 | best mAR acc: 0.0000 | best Score: 0.0000 | best Score epoch: -1 
epoch  5, iter 1151: loss: 0.0077 | load time: 0.0001 | back time: 0.8100 | lr: 0.00009998 | best AP50 acc: 0.0000 | best AP70 acc: 0.0000 | best mAP acc: 0.0000 | best mAR acc: 0.0000 | best Score: 0.0000 | best Score epoch: -1 
epoch  6, iter    1: loss: 0.0110 | load time: 0.0003 | back time: 0.3075 | lr: 0.00010000 | best AP50 acc: 0.0000 | best AP70 acc: 0.0000 | best mAP acc: 0.0000 | best mAR acc: 0.0000 | best Score: 0.0000 | best Score epoch: -1 
epoch  6, iter   51: loss: 0.0065 | load time: 0.0003 | back time: 0.8352 | lr: 0.00010000 | best AP50 acc: 0.0000 | best AP70 acc: 0.0000 | best mAP acc: 0.0000 | best mAR acc: 0.0000 | best Score: 0.0000 | best Score epoch: -1 
epoch  6, iter  101: loss: 0.0079 | load time: 0.0002 | back time: 0.8271 | lr: 0.00010000 | best AP50 acc: 0.0000 | best AP70 acc: 0.0000 | best mAP acc: 0.0000 | best mAR acc: 0.0000 | best Score: 0.0000 | best Score epoch: -1 
epoch  6, iter  151: loss: 0.0072 | load time: 0.0002 | back time: 0.8959 | lr: 0.00010000 | best AP50 acc: 0.0000 | best AP70 acc: 0.0000 | best mAP acc: 0.0000 | best mAR acc: 0.0000 | best Score: 0.0000 | best Score epoch: -1 
epoch  6, iter  201: loss: 0.0091 | load time: 0.0002 | back time: 0.8453 | lr: 0.00010000 | best AP50 acc: 0.0000 | best AP70 acc: 0.0000 | best mAP acc: 0.0000 | best mAR acc: 0.0000 | best Score: 0.0000 | best Score epoch: -1 
epoch  6, iter  251: loss: 0.0097 | load time: 0.0001 | back time: 0.8342 | lr: 0.00010000 | best AP50 acc: 0.0000 | best AP70 acc: 0.0000 | best mAP acc: 0.0000 | best mAR acc: 0.0000 | best Score: 0.0000 | best Score epoch: -1 
epoch  6, iter  301: loss: 0.0086 | load time: 0.0002 | back time: 0.8235 | lr: 0.00009999 | best AP50 acc: 0.0000 | best AP70 acc: 0.0000 | best mAP acc: 0.0000 | best mAR acc: 0.0000 | best Score: 0.0000 | best Score epoch: -1 
epoch  6, iter  351: loss: 0.0121 | load time: 0.0002 | back time: 0.8193 | lr: 0.00009999 | best AP50 acc: 0.0000 | best AP70 acc: 0.0000 | best mAP acc: 0.0000 | best mAR acc: 0.0000 | best Score: 0.0000 | best Score epoch: -1 
epoch  6, iter  401: loss: 0.0070 | load time: 0.0002 | back time: 0.8260 | lr: 0.00009999 | best AP50 acc: 0.0000 | best AP70 acc: 0.0000 | best mAP acc: 0.0000 | best mAR acc: 0.0000 | best Score: 0.0000 | best Score epoch: -1 
epoch  6, iter  451: loss: 0.0082 | load time: 0.0002 | back time: 0.8139 | lr: 0.00009999 | best AP50 acc: 0.0000 | best AP70 acc: 0.0000 | best mAP acc: 0.0000 | best mAR acc: 0.0000 | best Score: 0.0000 | best Score epoch: -1 
epoch  6, iter  501: loss: 0.0088 | load time: 0.0002 | back time: 0.8324 | lr: 0.00009998 | best AP50 acc: 0.0000 | best AP70 acc: 0.0000 | best mAP acc: 0.0000 | best mAR acc: 0.0000 | best Score: 0.0000 | best Score epoch: -1 
epoch  6, iter  551: loss: 0.0127 | load time: 0.0002 | back time: 0.8339 | lr: 0.00009998 | best AP50 acc: 0.0000 | best AP70 acc: 0.0000 | best mAP acc: 0.0000 | best mAR acc: 0.0000 | best Score: 0.0000 | best Score epoch: -1 
epoch  6, iter  601: loss: 0.0072 | load time: 0.0002 | back time: 0.8261 | lr: 0.00009997 | best AP50 acc: 0.0000 | best AP70 acc: 0.0000 | best mAP acc: 0.0000 | best mAR acc: 0.0000 | best Score: 0.0000 | best Score epoch: -1 
epoch  6, iter  651: loss: 0.0070 | load time: 0.0001 | back time: 0.8140 | lr: 0.00009997 | best AP50 acc: 0.0000 | best AP70 acc: 0.0000 | best mAP acc: 0.0000 | best mAR acc: 0.0000 | best Score: 0.0000 | best Score epoch: -1 
epoch  6, iter  701: loss: 0.0064 | load time: 0.0001 | back time: 0.8136 | lr: 0.00009996 | best AP50 acc: 0.0000 | best AP70 acc: 0.0000 | best mAP acc: 0.0000 | best mAR acc: 0.0000 | best Score: 0.0000 | best Score epoch: -1 
epoch  6, iter  751: loss: 0.0085 | load time: 0.0002 | back time: 0.8302 | lr: 0.00009996 | best AP50 acc: 0.0000 | best AP70 acc: 0.0000 | best mAP acc: 0.0000 | best mAR acc: 0.0000 | best Score: 0.0000 | best Score epoch: -1 
epoch  6, iter  801: loss: 0.0069 | load time: 0.0002 | back time: 0.8259 | lr: 0.00009995 | best AP50 acc: 0.0000 | best AP70 acc: 0.0000 | best mAP acc: 0.0000 | best mAR acc: 0.0000 | best Score: 0.0000 | best Score epoch: -1 
epoch  6, iter  851: loss: 0.0093 | load time: 0.0002 | back time: 0.8404 | lr: 0.00009995 | best AP50 acc: 0.0000 | best AP70 acc: 0.0000 | best mAP acc: 0.0000 | best mAR acc: 0.0000 | best Score: 0.0000 | best Score epoch: -1 
epoch  6, iter  901: loss: 0.0062 | load time: 0.0003 | back time: 0.8846 | lr: 0.00009994 | best AP50 acc: 0.0000 | best AP70 acc: 0.0000 | best mAP acc: 0.0000 | best mAR acc: 0.0000 | best Score: 0.0000 | best Score epoch: -1 
epoch  6, iter  951: loss: 0.0103 | load time: 0.0003 | back time: 0.8395 | lr: 0.00009993 | best AP50 acc: 0.0000 | best AP70 acc: 0.0000 | best mAP acc: 0.0000 | best mAR acc: 0.0000 | best Score: 0.0000 | best Score epoch: -1 
epoch  6, iter 1001: loss: 0.0061 | load time: 0.0002 | back time: 0.8303 | lr: 0.00009993 | best AP50 acc: 0.0000 | best AP70 acc: 0.0000 | best mAP acc: 0.0000 | best mAR acc: 0.0000 | best Score: 0.0000 | best Score epoch: -1 
epoch  6, iter 1051: loss: 0.0110 | load time: 0.0002 | back time: 0.8346 | lr: 0.00009992 | best AP50 acc: 0.0000 | best AP70 acc: 0.0000 | best mAP acc: 0.0000 | best mAR acc: 0.0000 | best Score: 0.0000 | best Score epoch: -1 
epoch  6, iter 1101: loss: 0.0083 | load time: 0.0002 | back time: 0.8360 | lr: 0.00009991 | best AP50 acc: 0.0000 | best AP70 acc: 0.0000 | best mAP acc: 0.0000 | best mAR acc: 0.0000 | best Score: 0.0000 | best Score epoch: -1 
epoch  6, iter 1151: loss: 0.0087 | load time: 0.0001 | back time: 0.8333 | lr: 0.00009990 | best AP50 acc: 0.0000 | best AP70 acc: 0.0000 | best mAP acc: 0.0000 | best mAR acc: 0.0000 | best Score: 0.0000 | best Score epoch: -1 
UAV_SEQS_2 | mAP50:90: 25.5910 | AP50: 39.8713 | AP70: 28.9606 
UAV_SEQS_37 | mAP50:90: 78.7112 | AP50: 90.8944 | AP70: 80.8935 
UAV_SEQS_45 | mAP50:90: 91.9285 | AP50: 95.0495 | AP70: 95.0495 
UAV_SEQS_47 | mAP50:90: 94.9319 | AP50: 100.0000 | AP70: 98.9637 
UAV_SEQS_55 | mAP50:90: 45.1251 | AP50: 66.1452 | AP70: 49.0767 
UAV_SEQS_59 | mAP50:90: 68.5533 | AP50: 89.6705 | AP70: 71.4611 
UAV_SEQS_6 | mAP50:90: 42.9116 | AP50: 60.7274 | AP70: 44.0500 
UAV_SEQS_63 | mAP50:90: 31.9195 | AP50: 95.1248 | AP70: 19.5985 
UAV_SEQS_65 | mAP50:90: 89.0446 | AP50: 97.6304 | AP70: 92.7944 
UAV_SEQS_7 | mAP50:90: 22.3840 | AP50: 43.8513 | AP70: 24.8206 
UAV_SEQS_71 | mAP50:90: 52.1139 | AP50: 70.4900 | AP70: 60.2058 
UAV_SEQS_73 | mAP50:90: 58.9165 | AP50: 76.2429 | AP70: 69.2289 
UAV_SEQS_74 | mAP50:90: 93.6634 | AP50: 96.0396 | AP70: 94.0039 
UAV_SEQS_77 | mAP50:90: 8.6120 | AP50: 9.9010 | AP70: 9.7986 
UAV_SEQS_8 | mAP50:90: 78.9905 | AP50: 92.0792 | AP70: 92.0792 
Overall            | mAP50:95: 60.0021 | AP50: 75.8500 | AP70: 63.3565 
epoch  7, iter    1: loss: 0.0066 | load time: 0.0043 | back time: 0.4347 | lr: 0.00009990 | best AP50 acc: 0.7585 | best AP70 acc: 0.6336 | best mAP acc: 0.6000 | best mAR acc: 0.6703 | best Score: 0.6000 | best Score epoch:  6 
epoch  7, iter   51: loss: 0.0067 | load time: 0.0002 | back time: 0.8284 | lr: 0.00009989 | best AP50 acc: 0.7585 | best AP70 acc: 0.6336 | best mAP acc: 0.6000 | best mAR acc: 0.6703 | best Score: 0.6000 | best Score epoch:  6 
epoch  7, iter  101: loss: 0.0080 | load time: 0.0002 | back time: 0.8356 | lr: 0.00009988 | best AP50 acc: 0.7585 | best AP70 acc: 0.6336 | best mAP acc: 0.6000 | best mAR acc: 0.6703 | best Score: 0.6000 | best Score epoch:  6 
epoch  7, iter  151: loss: 0.0063 | load time: 0.0001 | back time: 0.8417 | lr: 0.00009988 | best AP50 acc: 0.7585 | best AP70 acc: 0.6336 | best mAP acc: 0.6000 | best mAR acc: 0.6703 | best Score: 0.6000 | best Score epoch:  6 
epoch  7, iter  201: loss: 0.0083 | load time: 0.0001 | back time: 0.8439 | lr: 0.00009987 | best AP50 acc: 0.7585 | best AP70 acc: 0.6336 | best mAP acc: 0.6000 | best mAR acc: 0.6703 | best Score: 0.6000 | best Score epoch:  6 
epoch  7, iter  251: loss: 0.0078 | load time: 0.0003 | back time: 0.8424 | lr: 0.00009986 | best AP50 acc: 0.7585 | best AP70 acc: 0.6336 | best mAP acc: 0.6000 | best mAR acc: 0.6703 | best Score: 0.6000 | best Score epoch:  6 
epoch  7, iter  301: loss: 0.0077 | load time: 0.0005 | back time: 0.8445 | lr: 0.00009984 | best AP50 acc: 0.7585 | best AP70 acc: 0.6336 | best mAP acc: 0.6000 | best mAR acc: 0.6703 | best Score: 0.6000 | best Score epoch:  6 
epoch  7, iter  351: loss: 0.0070 | load time: 0.0002 | back time: 0.8341 | lr: 0.00009983 | best AP50 acc: 0.7585 | best AP70 acc: 0.6336 | best mAP acc: 0.6000 | best mAR acc: 0.6703 | best Score: 0.6000 | best Score epoch:  6 
epoch  7, iter  401: loss: 0.0087 | load time: 0.0002 | back time: 0.8363 | lr: 0.00009982 | best AP50 acc: 0.7585 | best AP70 acc: 0.6336 | best mAP acc: 0.6000 | best mAR acc: 0.6703 | best Score: 0.6000 | best Score epoch:  6 
epoch  7, iter  451: loss: 0.0084 | load time: 0.0003 | back time: 0.8341 | lr: 0.00009981 | best AP50 acc: 0.7585 | best AP70 acc: 0.6336 | best mAP acc: 0.6000 | best mAR acc: 0.6703 | best Score: 0.6000 | best Score epoch:  6 
epoch  7, iter  501: loss: 0.0071 | load time: 0.0002 | back time: 0.8349 | lr: 0.00009980 | best AP50 acc: 0.7585 | best AP70 acc: 0.6336 | best mAP acc: 0.6000 | best mAR acc: 0.6703 | best Score: 0.6000 | best Score epoch:  6 
epoch  7, iter  551: loss: 0.0082 | load time: 0.0002 | back time: 0.8353 | lr: 0.00009979 | best AP50 acc: 0.7585 | best AP70 acc: 0.6336 | best mAP acc: 0.6000 | best mAR acc: 0.6703 | best Score: 0.6000 | best Score epoch:  6 
epoch  7, iter  601: loss: 0.0066 | load time: 0.0002 | back time: 0.8338 | lr: 0.00009977 | best AP50 acc: 0.7585 | best AP70 acc: 0.6336 | best mAP acc: 0.6000 | best mAR acc: 0.6703 | best Score: 0.6000 | best Score epoch:  6 
epoch  7, iter  651: loss: 0.0077 | load time: 0.0003 | back time: 0.8352 | lr: 0.00009976 | best AP50 acc: 0.7585 | best AP70 acc: 0.6336 | best mAP acc: 0.6000 | best mAR acc: 0.6703 | best Score: 0.6000 | best Score epoch:  6 
epoch  7, iter  701: loss: 0.0062 | load time: 0.0002 | back time: 0.8376 | lr: 0.00009975 | best AP50 acc: 0.7585 | best AP70 acc: 0.6336 | best mAP acc: 0.6000 | best mAR acc: 0.6703 | best Score: 0.6000 | best Score epoch:  6 
epoch  7, iter  751: loss: 0.0063 | load time: 0.0002 | back time: 0.8359 | lr: 0.00009973 | best AP50 acc: 0.7585 | best AP70 acc: 0.6336 | best mAP acc: 0.6000 | best mAR acc: 0.6703 | best Score: 0.6000 | best Score epoch:  6 
epoch  7, iter  801: loss: 0.0060 | load time: 0.0003 | back time: 0.8338 | lr: 0.00009972 | best AP50 acc: 0.7585 | best AP70 acc: 0.6336 | best mAP acc: 0.6000 | best mAR acc: 0.6703 | best Score: 0.6000 | best Score epoch:  6 
epoch  7, iter  851: loss: 0.0064 | load time: 0.0002 | back time: 0.8358 | lr: 0.00009970 | best AP50 acc: 0.7585 | best AP70 acc: 0.6336 | best mAP acc: 0.6000 | best mAR acc: 0.6703 | best Score: 0.6000 | best Score epoch:  6 
epoch  7, iter  901: loss: 0.0058 | load time: 0.0002 | back time: 0.8254 | lr: 0.00009969 | best AP50 acc: 0.7585 | best AP70 acc: 0.6336 | best mAP acc: 0.6000 | best mAR acc: 0.6703 | best Score: 0.6000 | best Score epoch:  6 
epoch  7, iter  951: loss: 0.0088 | load time: 0.0002 | back time: 0.8620 | lr: 0.00009967 | best AP50 acc: 0.7585 | best AP70 acc: 0.6336 | best mAP acc: 0.6000 | best mAR acc: 0.6703 | best Score: 0.6000 | best Score epoch:  6 
epoch  7, iter 1001: loss: 0.0089 | load time: 0.0002 | back time: 0.8447 | lr: 0.00009966 | best AP50 acc: 0.7585 | best AP70 acc: 0.6336 | best mAP acc: 0.6000 | best mAR acc: 0.6703 | best Score: 0.6000 | best Score epoch:  6 
epoch  7, iter 1051: loss: 0.0080 | load time: 0.0002 | back time: 0.8349 | lr: 0.00009964 | best AP50 acc: 0.7585 | best AP70 acc: 0.6336 | best mAP acc: 0.6000 | best mAR acc: 0.6703 | best Score: 0.6000 | best Score epoch:  6 
epoch  7, iter 1101: loss: 0.0066 | load time: 0.0002 | back time: 0.8362 | lr: 0.00009963 | best AP50 acc: 0.7585 | best AP70 acc: 0.6336 | best mAP acc: 0.6000 | best mAR acc: 0.6703 | best Score: 0.6000 | best Score epoch:  6 
epoch  7, iter 1151: loss: 0.0098 | load time: 0.0001 | back time: 0.8293 | lr: 0.00009961 | best AP50 acc: 0.7585 | best AP70 acc: 0.6336 | best mAP acc: 0.6000 | best mAR acc: 0.6703 | best Score: 0.6000 | best Score epoch:  6 
UAV_SEQS_2 | mAP50:90: 27.1733 | AP50: 51.2958 | AP70: 27.2895 
UAV_SEQS_37 | mAP50:90: 51.6228 | AP50: 85.6471 | AP70: 55.1397 
UAV_SEQS_45 | mAP50:90: 68.2950 | AP50: 97.0297 | AP70: 81.3518 
UAV_SEQS_47 | mAP50:90: 84.0051 | AP50: 100.0000 | AP70: 96.6402 
UAV_SEQS_55 | mAP50:90: 39.3056 | AP50: 61.9045 | AP70: 35.5491 
UAV_SEQS_59 | mAP50:90: 47.0545 | AP50: 74.4679 | AP70: 48.4209 
UAV_SEQS_6 | mAP50:90: 12.2633 | AP50: 23.7982 | AP70: 13.5194 
UAV_SEQS_63 | mAP50:90: 14.6553 | AP50: 52.5498 | AP70: 1.4532 
UAV_SEQS_65 | mAP50:90: 63.4795 | AP50: 83.7869 | AP70: 68.3988 
UAV_SEQS_7 | mAP50:90: 2.1738 | AP50: 13.7362 | AP70: 0.4243 
UAV_SEQS_71 | mAP50:90: 34.5736 | AP50: 70.5938 | AP70: 33.3313 
UAV_SEQS_73 | mAP50:90: 58.1839 | AP50: 77.7830 | AP70: 66.9995 
UAV_SEQS_74 | mAP50:90: 91.1062 | AP50: 98.0198 | AP70: 98.0198 
UAV_SEQS_77 | mAP50:90: 8.6779 | AP50: 8.6779 | AP70: 8.6779 
UAV_SEQS_8 | mAP50:90: 72.9142 | AP50: 89.4093 | AP70: 81.7952 
Overall            | mAP50:95: 39.5998 | AP50: 62.5692 | AP70: 41.5964 
epoch  8, iter    1: loss: 0.0066 | load time: 0.0079 | back time: 0.4924 | lr: 0.00009961 | best AP50 acc: 0.7585 | best AP70 acc: 0.6336 | best mAP acc: 0.6000 | best mAR acc: 0.6703 | best Score: 0.6000 | best Score epoch:  6 
epoch  8, iter   51: loss: 0.0067 | load time: 0.0002 | back time: 0.8273 | lr: 0.00009959 | best AP50 acc: 0.7585 | best AP70 acc: 0.6336 | best mAP acc: 0.6000 | best mAR acc: 0.6703 | best Score: 0.6000 | best Score epoch:  6 
epoch  8, iter  101: loss: 0.0069 | load time: 0.0002 | back time: 0.8338 | lr: 0.00009957 | best AP50 acc: 0.7585 | best AP70 acc: 0.6336 | best mAP acc: 0.6000 | best mAR acc: 0.6703 | best Score: 0.6000 | best Score epoch:  6 
epoch  8, iter  151: loss: 0.0074 | load time: 0.0003 | back time: 0.8427 | lr: 0.00009956 | best AP50 acc: 0.7585 | best AP70 acc: 0.6336 | best mAP acc: 0.6000 | best mAR acc: 0.6703 | best Score: 0.6000 | best Score epoch:  6 
epoch  8, iter  201: loss: 0.0069 | load time: 0.0003 | back time: 0.8451 | lr: 0.00009954 | best AP50 acc: 0.7585 | best AP70 acc: 0.6336 | best mAP acc: 0.6000 | best mAR acc: 0.6703 | best Score: 0.6000 | best Score epoch:  6 
epoch  8, iter  251: loss: 0.0077 | load time: 0.0002 | back time: 0.8438 | lr: 0.00009952 | best AP50 acc: 0.7585 | best AP70 acc: 0.6336 | best mAP acc: 0.6000 | best mAR acc: 0.6703 | best Score: 0.6000 | best Score epoch:  6 
epoch  8, iter  301: loss: 0.0056 | load time: 0.0001 | back time: 0.8431 | lr: 0.00009950 | best AP50 acc: 0.7585 | best AP70 acc: 0.6336 | best mAP acc: 0.6000 | best mAR acc: 0.6703 | best Score: 0.6000 | best Score epoch:  6 
epoch  8, iter  351: loss: 0.0062 | load time: 0.0003 | back time: 0.8368 | lr: 0.00009948 | best AP50 acc: 0.7585 | best AP70 acc: 0.6336 | best mAP acc: 0.6000 | best mAR acc: 0.6703 | best Score: 0.6000 | best Score epoch:  6 
epoch  8, iter  401: loss: 0.0075 | load time: 0.0002 | back time: 0.8528 | lr: 0.00009946 | best AP50 acc: 0.7585 | best AP70 acc: 0.6336 | best mAP acc: 0.6000 | best mAR acc: 0.6703 | best Score: 0.6000 | best Score epoch:  6 
epoch  8, iter  451: loss: 0.0061 | load time: 0.0003 | back time: 0.8462 | lr: 0.00009944 | best AP50 acc: 0.7585 | best AP70 acc: 0.6336 | best mAP acc: 0.6000 | best mAR acc: 0.6703 | best Score: 0.6000 | best Score epoch:  6 
epoch  8, iter  501: loss: 0.0079 | load time: 0.0004 | back time: 0.8409 | lr: 0.00009942 | best AP50 acc: 0.7585 | best AP70 acc: 0.6336 | best mAP acc: 0.6000 | best mAR acc: 0.6703 | best Score: 0.6000 | best Score epoch:  6 
epoch  8, iter  551: loss: 0.0065 | load time: 0.0002 | back time: 0.8413 | lr: 0.00009940 | best AP50 acc: 0.7585 | best AP70 acc: 0.6336 | best mAP acc: 0.6000 | best mAR acc: 0.6703 | best Score: 0.6000 | best Score epoch:  6 
epoch  8, iter  601: loss: 0.0067 | load time: 0.0002 | back time: 0.8392 | lr: 0.00009938 | best AP50 acc: 0.7585 | best AP70 acc: 0.6336 | best mAP acc: 0.6000 | best mAR acc: 0.6703 | best Score: 0.6000 | best Score epoch:  6 
epoch  8, iter  651: loss: 0.0078 | load time: 0.0002 | back time: 0.8365 | lr: 0.00009936 | best AP50 acc: 0.7585 | best AP70 acc: 0.6336 | best mAP acc: 0.6000 | best mAR acc: 0.6703 | best Score: 0.6000 | best Score epoch:  6 
epoch  8, iter  701: loss: 0.0064 | load time: 0.0002 | back time: 0.8354 | lr: 0.00009934 | best AP50 acc: 0.7585 | best AP70 acc: 0.6336 | best mAP acc: 0.6000 | best mAR acc: 0.6703 | best Score: 0.6000 | best Score epoch:  6 
epoch  8, iter  751: loss: 0.0088 | load time: 0.0003 | back time: 0.8383 | lr: 0.00009931 | best AP50 acc: 0.7585 | best AP70 acc: 0.6336 | best mAP acc: 0.6000 | best mAR acc: 0.6703 | best Score: 0.6000 | best Score epoch:  6 
epoch  8, iter  801: loss: 0.0068 | load time: 0.0001 | back time: 0.8370 | lr: 0.00009929 | best AP50 acc: 0.7585 | best AP70 acc: 0.6336 | best mAP acc: 0.6000 | best mAR acc: 0.6703 | best Score: 0.6000 | best Score epoch:  6 
epoch  8, iter  851: loss: 0.0064 | load time: 0.0002 | back time: 0.8381 | lr: 0.00009927 | best AP50 acc: 0.7585 | best AP70 acc: 0.6336 | best mAP acc: 0.6000 | best mAR acc: 0.6703 | best Score: 0.6000 | best Score epoch:  6 
epoch  8, iter  901: loss: 0.0072 | load time: 0.0001 | back time: 0.8379 | lr: 0.00009925 | best AP50 acc: 0.7585 | best AP70 acc: 0.6336 | best mAP acc: 0.6000 | best mAR acc: 0.6703 | best Score: 0.6000 | best Score epoch:  6 
epoch  8, iter  951: loss: 0.0066 | load time: 0.0003 | back time: 0.8387 | lr: 0.00009922 | best AP50 acc: 0.7585 | best AP70 acc: 0.6336 | best mAP acc: 0.6000 | best mAR acc: 0.6703 | best Score: 0.6000 | best Score epoch:  6 
epoch  8, iter 1001: loss: 0.0076 | load time: 0.0002 | back time: 0.8341 | lr: 0.00009920 | best AP50 acc: 0.7585 | best AP70 acc: 0.6336 | best mAP acc: 0.6000 | best mAR acc: 0.6703 | best Score: 0.6000 | best Score epoch:  6 
epoch  8, iter 1051: loss: 0.0075 | load time: 0.0003 | back time: 0.8382 | lr: 0.00009917 | best AP50 acc: 0.7585 | best AP70 acc: 0.6336 | best mAP acc: 0.6000 | best mAR acc: 0.6703 | best Score: 0.6000 | best Score epoch:  6 
epoch  8, iter 1101: loss: 0.0064 | load time: 0.0002 | back time: 0.8523 | lr: 0.00009915 | best AP50 acc: 0.7585 | best AP70 acc: 0.6336 | best mAP acc: 0.6000 | best mAR acc: 0.6703 | best Score: 0.6000 | best Score epoch:  6 
epoch  8, iter 1151: loss: 0.0063 | load time: 0.0002 | back time: 0.8471 | lr: 0.00009912 | best AP50 acc: 0.7585 | best AP70 acc: 0.6336 | best mAP acc: 0.6000 | best mAR acc: 0.6703 | best Score: 0.6000 | best Score epoch:  6 
UAV_SEQS_2 | mAP50:90: 40.1193 | AP50: 69.5371 | AP70: 38.9504 
UAV_SEQS_37 | mAP50:90: 75.3740 | AP50: 95.0568 | AP70: 82.5746 
UAV_SEQS_45 | mAP50:90: 92.7692 | AP50: 97.0297 | AP70: 97.0297 
UAV_SEQS_47 | mAP50:90: 92.3914 | AP50: 100.0000 | AP70: 96.9515 
UAV_SEQS_55 | mAP50:90: 45.2684 | AP50: 68.8544 | AP70: 46.8281 
UAV_SEQS_59 | mAP50:90: 69.0288 | AP50: 91.0949 | AP70: 67.9367 
UAV_SEQS_6 | mAP50:90: 43.0405 | AP50: 53.7797 | AP70: 45.5503 
UAV_SEQS_63 | mAP50:90: 5.8529 | AP50: 24.6918 | AP70: 0.7385 
UAV_SEQS_65 | mAP50:90: 82.2526 | AP50: 96.3357 | AP70: 87.3225 
UAV_SEQS_7 | mAP50:90: 51.0502 | AP50: 91.9404 | AP70: 48.4872 
UAV_SEQS_71 | mAP50:90: 56.4002 | AP50: 79.5466 | AP70: 65.9164 
UAV_SEQS_73 | mAP50:90: 54.5281 | AP50: 78.8378 | AP70: 63.7243 
UAV_SEQS_74 | mAP50:90: 94.9090 | AP50: 96.0396 | AP70: 96.0396 
UAV_SEQS_77 | mAP50:90: 30.8482 | AP50: 33.8829 | AP70: 31.8913 
UAV_SEQS_8 | mAP50:90: 64.3754 | AP50: 100.0000 | AP70: 68.5747 
Overall            | mAP50:95: 60.3021 | AP50: 79.2645 | AP70: 62.6282 
epoch  9, iter    1: loss: 0.0065 | load time: 0.0072 | back time: 0.4340 | lr: 0.00009912 | best AP50 acc: 0.7926 | best AP70 acc: 0.6263 | best mAP acc: 0.6030 | best mAR acc: 0.6828 | best Score: 0.6030 | best Score epoch:  8 
epoch  9, iter   51: loss: 0.0069 | load time: 0.0004 | back time: 0.8414 | lr: 0.00009910 | best AP50 acc: 0.7926 | best AP70 acc: 0.6263 | best mAP acc: 0.6030 | best mAR acc: 0.6828 | best Score: 0.6030 | best Score epoch:  8 
epoch  9, iter  101: loss: 0.0067 | load time: 0.0002 | back time: 0.8360 | lr: 0.00009907 | best AP50 acc: 0.7926 | best AP70 acc: 0.6263 | best mAP acc: 0.6030 | best mAR acc: 0.6828 | best Score: 0.6030 | best Score epoch:  8 
epoch  9, iter  151: loss: 0.0059 | load time: 0.0002 | back time: 0.8443 | lr: 0.00009905 | best AP50 acc: 0.7926 | best AP70 acc: 0.6263 | best mAP acc: 0.6030 | best mAR acc: 0.6828 | best Score: 0.6030 | best Score epoch:  8 
epoch  9, iter  201: loss: 0.0072 | load time: 0.0003 | back time: 0.8464 | lr: 0.00009902 | best AP50 acc: 0.7926 | best AP70 acc: 0.6263 | best mAP acc: 0.6030 | best mAR acc: 0.6828 | best Score: 0.6030 | best Score epoch:  8 
epoch  9, iter  251: loss: 0.0059 | load time: 0.0001 | back time: 0.8412 | lr: 0.00009899 | best AP50 acc: 0.7926 | best AP70 acc: 0.6263 | best mAP acc: 0.6030 | best mAR acc: 0.6828 | best Score: 0.6030 | best Score epoch:  8 
epoch  9, iter  301: loss: 0.0064 | load time: 0.0002 | back time: 0.8481 | lr: 0.00009896 | best AP50 acc: 0.7926 | best AP70 acc: 0.6263 | best mAP acc: 0.6030 | best mAR acc: 0.6828 | best Score: 0.6030 | best Score epoch:  8 
epoch  9, iter  351: loss: 0.0059 | load time: 0.0002 | back time: 0.8350 | lr: 0.00009894 | best AP50 acc: 0.7926 | best AP70 acc: 0.6263 | best mAP acc: 0.6030 | best mAR acc: 0.6828 | best Score: 0.6030 | best Score epoch:  8 
epoch  9, iter  401: loss: 0.0074 | load time: 0.0002 | back time: 0.8377 | lr: 0.00009891 | best AP50 acc: 0.7926 | best AP70 acc: 0.6263 | best mAP acc: 0.6030 | best mAR acc: 0.6828 | best Score: 0.6030 | best Score epoch:  8 
epoch  9, iter  451: loss: 0.0060 | load time: 0.0002 | back time: 0.8404 | lr: 0.00009888 | best AP50 acc: 0.7926 | best AP70 acc: 0.6263 | best mAP acc: 0.6030 | best mAR acc: 0.6828 | best Score: 0.6030 | best Score epoch:  8 
epoch  9, iter  501: loss: 0.0062 | load time: 0.0002 | back time: 0.8377 | lr: 0.00009885 | best AP50 acc: 0.7926 | best AP70 acc: 0.6263 | best mAP acc: 0.6030 | best mAR acc: 0.6828 | best Score: 0.6030 | best Score epoch:  8 
epoch  9, iter  551: loss: 0.0058 | load time: 0.0002 | back time: 0.8539 | lr: 0.00009882 | best AP50 acc: 0.7926 | best AP70 acc: 0.6263 | best mAP acc: 0.6030 | best mAR acc: 0.6828 | best Score: 0.6030 | best Score epoch:  8 
epoch  9, iter  601: loss: 0.0071 | load time: 0.0002 | back time: 0.8459 | lr: 0.00009879 | best AP50 acc: 0.7926 | best AP70 acc: 0.6263 | best mAP acc: 0.6030 | best mAR acc: 0.6828 | best Score: 0.6030 | best Score epoch:  8 
epoch  9, iter  651: loss: 0.0061 | load time: 0.0003 | back time: 0.8522 | lr: 0.00009876 | best AP50 acc: 0.7926 | best AP70 acc: 0.6263 | best mAP acc: 0.6030 | best mAR acc: 0.6828 | best Score: 0.6030 | best Score epoch:  8 
epoch  9, iter  701: loss: 0.0070 | load time: 0.0001 | back time: 0.8207 | lr: 0.00009873 | best AP50 acc: 0.7926 | best AP70 acc: 0.6263 | best mAP acc: 0.6030 | best mAR acc: 0.6828 | best Score: 0.6030 | best Score epoch:  8 
epoch  9, iter  751: loss: 0.0070 | load time: 0.0006 | back time: 0.8127 | lr: 0.00009870 | best AP50 acc: 0.7926 | best AP70 acc: 0.6263 | best mAP acc: 0.6030 | best mAR acc: 0.6828 | best Score: 0.6030 | best Score epoch:  8 
epoch  9, iter  801: loss: 0.0075 | load time: 0.0002 | back time: 0.8138 | lr: 0.00009867 | best AP50 acc: 0.7926 | best AP70 acc: 0.6263 | best mAP acc: 0.6030 | best mAR acc: 0.6828 | best Score: 0.6030 | best Score epoch:  8 
epoch  9, iter  851: loss: 0.0072 | load time: 0.0002 | back time: 0.8313 | lr: 0.00009864 | best AP50 acc: 0.7926 | best AP70 acc: 0.6263 | best mAP acc: 0.6030 | best mAR acc: 0.6828 | best Score: 0.6030 | best Score epoch:  8 
epoch  9, iter  901: loss: 0.0114 | load time: 0.0003 | back time: 0.8141 | lr: 0.00009861 | best AP50 acc: 0.7926 | best AP70 acc: 0.6263 | best mAP acc: 0.6030 | best mAR acc: 0.6828 | best Score: 0.6030 | best Score epoch:  8 
epoch  9, iter  951: loss: 0.0086 | load time: 0.0002 | back time: 0.8178 | lr: 0.00009858 | best AP50 acc: 0.7926 | best AP70 acc: 0.6263 | best mAP acc: 0.6030 | best mAR acc: 0.6828 | best Score: 0.6030 | best Score epoch:  8 
epoch  9, iter 1001: loss: 0.0065 | load time: 0.0002 | back time: 0.8267 | lr: 0.00009854 | best AP50 acc: 0.7926 | best AP70 acc: 0.6263 | best mAP acc: 0.6030 | best mAR acc: 0.6828 | best Score: 0.6030 | best Score epoch:  8 
epoch  9, iter 1051: loss: 0.0058 | load time: 0.0003 | back time: 0.8292 | lr: 0.00009851 | best AP50 acc: 0.7926 | best AP70 acc: 0.6263 | best mAP acc: 0.6030 | best mAR acc: 0.6828 | best Score: 0.6030 | best Score epoch:  8 
epoch  9, iter 1101: loss: 0.0061 | load time: 0.0002 | back time: 0.8296 | lr: 0.00009848 | best AP50 acc: 0.7926 | best AP70 acc: 0.6263 | best mAP acc: 0.6030 | best mAR acc: 0.6828 | best Score: 0.6030 | best Score epoch:  8 
epoch  9, iter 1151: loss: 0.0063 | load time: 0.0060 | back time: 0.8239 | lr: 0.00009845 | best AP50 acc: 0.7926 | best AP70 acc: 0.6263 | best mAP acc: 0.6030 | best mAR acc: 0.6828 | best Score: 0.6030 | best Score epoch:  8 
UAV_SEQS_2 | mAP50:90: 57.3563 | AP50: 82.0714 | AP70: 57.2208 
UAV_SEQS_37 | mAP50:90: 89.8546 | AP50: 100.0000 | AP70: 98.8643 
UAV_SEQS_45 | mAP50:90: 91.9101 | AP50: 95.0495 | AP70: 95.0495 
UAV_SEQS_47 | mAP50:90: 87.5338 | AP50: 95.8595 | AP70: 88.5354 
UAV_SEQS_55 | mAP50:90: 41.0561 | AP50: 69.1126 | AP70: 43.5294 
UAV_SEQS_59 | mAP50:90: 62.3797 | AP50: 91.6150 | AP70: 65.4663 
UAV_SEQS_6 | mAP50:90: 61.2500 | AP50: 73.6642 | AP70: 64.9281 
UAV_SEQS_63 | mAP50:90: 0.8291 | AP50: 3.1590 | AP70: 0.2326 
UAV_SEQS_65 | mAP50:90: 89.2709 | AP50: 97.4027 | AP70: 92.9793 
UAV_SEQS_7 | mAP50:90: 88.7147 | AP50: 93.9735 | AP70: 92.7930 
UAV_SEQS_71 | mAP50:90: 68.6238 | AP50: 84.5827 | AP70: 76.6251 
UAV_SEQS_73 | mAP50:90: 55.1959 | AP50: 82.6840 | AP70: 58.5800 
UAV_SEQS_74 | mAP50:90: 96.9159 | AP50: 97.0297 | AP70: 97.0297 
UAV_SEQS_77 | mAP50:90: 5.2298 | AP50: 6.7105 | AP70: 6.7105 
UAV_SEQS_8 | mAP50:90: 78.0319 | AP50: 96.0396 | AP70: 88.2806 
Overall            | mAP50:95: 63.8521 | AP50: 77.1206 | AP70: 67.2671 
epoch 10, iter    1: loss: 0.0059 | load time: 0.0055 | back time: 0.5056 | lr: 0.00009844 | best AP50 acc: 0.7712 | best AP70 acc: 0.6727 | best mAP acc: 0.6385 | best mAR acc: 0.7111 | best Score: 0.6385 | best Score epoch:  9 
epoch 10, iter   51: loss: 0.0075 | load time: 0.0002 | back time: 0.8305 | lr: 0.00009841 | best AP50 acc: 0.7712 | best AP70 acc: 0.6727 | best mAP acc: 0.6385 | best mAR acc: 0.7111 | best Score: 0.6385 | best Score epoch:  9 
epoch 10, iter  101: loss: 0.0063 | load time: 0.0002 | back time: 0.8317 | lr: 0.00009838 | best AP50 acc: 0.7712 | best AP70 acc: 0.6727 | best mAP acc: 0.6385 | best mAR acc: 0.7111 | best Score: 0.6385 | best Score epoch:  9 
epoch 10, iter  151: loss: 0.0063 | load time: 0.0003 | back time: 0.8471 | lr: 0.00009834 | best AP50 acc: 0.7712 | best AP70 acc: 0.6727 | best mAP acc: 0.6385 | best mAR acc: 0.7111 | best Score: 0.6385 | best Score epoch:  9 
epoch 10, iter  201: loss: 0.0069 | load time: 0.0001 | back time: 0.8423 | lr: 0.00009831 | best AP50 acc: 0.7712 | best AP70 acc: 0.6727 | best mAP acc: 0.6385 | best mAR acc: 0.7111 | best Score: 0.6385 | best Score epoch:  9 
epoch 10, iter  251: loss: 0.0069 | load time: 0.0002 | back time: 0.8329 | lr: 0.00009827 | best AP50 acc: 0.7712 | best AP70 acc: 0.6727 | best mAP acc: 0.6385 | best mAR acc: 0.7111 | best Score: 0.6385 | best Score epoch:  9 
epoch 10, iter  301: loss: 0.0060 | load time: 0.0001 | back time: 0.8294 | lr: 0.00009824 | best AP50 acc: 0.7712 | best AP70 acc: 0.6727 | best mAP acc: 0.6385 | best mAR acc: 0.7111 | best Score: 0.6385 | best Score epoch:  9 
epoch 10, iter  351: loss: 0.0062 | load time: 0.0002 | back time: 0.8316 | lr: 0.00009820 | best AP50 acc: 0.7712 | best AP70 acc: 0.6727 | best mAP acc: 0.6385 | best mAR acc: 0.7111 | best Score: 0.6385 | best Score epoch:  9 
epoch 10, iter  401: loss: 0.0062 | load time: 0.0001 | back time: 0.8254 | lr: 0.00009816 | best AP50 acc: 0.7712 | best AP70 acc: 0.6727 | best mAP acc: 0.6385 | best mAR acc: 0.7111 | best Score: 0.6385 | best Score epoch:  9 
epoch 10, iter  451: loss: 0.0075 | load time: 0.0002 | back time: 0.8690 | lr: 0.00009813 | best AP50 acc: 0.7712 | best AP70 acc: 0.6727 | best mAP acc: 0.6385 | best mAR acc: 0.7111 | best Score: 0.6385 | best Score epoch:  9 
epoch 10, iter  501: loss: 0.0066 | load time: 0.0002 | back time: 0.8335 | lr: 0.00009809 | best AP50 acc: 0.7712 | best AP70 acc: 0.6727 | best mAP acc: 0.6385 | best mAR acc: 0.7111 | best Score: 0.6385 | best Score epoch:  9 
epoch 10, iter  551: loss: 0.0067 | load time: 0.0002 | back time: 0.7657 | lr: 0.00009805 | best AP50 acc: 0.7712 | best AP70 acc: 0.6727 | best mAP acc: 0.6385 | best mAR acc: 0.7111 | best Score: 0.6385 | best Score epoch:  9 
epoch 10, iter  601: loss: 0.0057 | load time: 0.0002 | back time: 0.8263 | lr: 0.00009802 | best AP50 acc: 0.7712 | best AP70 acc: 0.6727 | best mAP acc: 0.6385 | best mAR acc: 0.7111 | best Score: 0.6385 | best Score epoch:  9 
epoch 10, iter  651: loss: 0.0067 | load time: 0.0002 | back time: 0.8631 | lr: 0.00009798 | best AP50 acc: 0.7712 | best AP70 acc: 0.6727 | best mAP acc: 0.6385 | best mAR acc: 0.7111 | best Score: 0.6385 | best Score epoch:  9 
epoch 10, iter  701: loss: 0.0059 | load time: 0.0001 | back time: 0.8649 | lr: 0.00009794 | best AP50 acc: 0.7712 | best AP70 acc: 0.6727 | best mAP acc: 0.6385 | best mAR acc: 0.7111 | best Score: 0.6385 | best Score epoch:  9 
epoch 10, iter  751: loss: 0.0061 | load time: 0.0003 | back time: 0.8507 | lr: 0.00009790 | best AP50 acc: 0.7712 | best AP70 acc: 0.6727 | best mAP acc: 0.6385 | best mAR acc: 0.7111 | best Score: 0.6385 | best Score epoch:  9 
epoch 10, iter  801: loss: 0.0081 | load time: 0.0003 | back time: 0.8307 | lr: 0.00009786 | best AP50 acc: 0.7712 | best AP70 acc: 0.6727 | best mAP acc: 0.6385 | best mAR acc: 0.7111 | best Score: 0.6385 | best Score epoch:  9 
epoch 10, iter  851: loss: 0.0068 | load time: 0.0002 | back time: 0.8330 | lr: 0.00009782 | best AP50 acc: 0.7712 | best AP70 acc: 0.6727 | best mAP acc: 0.6385 | best mAR acc: 0.7111 | best Score: 0.6385 | best Score epoch:  9 
epoch 10, iter  901: loss: 0.0059 | load time: 0.0002 | back time: 0.8212 | lr: 0.00009778 | best AP50 acc: 0.7712 | best AP70 acc: 0.6727 | best mAP acc: 0.6385 | best mAR acc: 0.7111 | best Score: 0.6385 | best Score epoch:  9 
epoch 10, iter  951: loss: 0.0064 | load time: 0.0003 | back time: 0.8308 | lr: 0.00009774 | best AP50 acc: 0.7712 | best AP70 acc: 0.6727 | best mAP acc: 0.6385 | best mAR acc: 0.7111 | best Score: 0.6385 | best Score epoch:  9 
epoch 10, iter 1001: loss: 0.0063 | load time: 0.0002 | back time: 0.8305 | lr: 0.00009770 | best AP50 acc: 0.7712 | best AP70 acc: 0.6727 | best mAP acc: 0.6385 | best mAR acc: 0.7111 | best Score: 0.6385 | best Score epoch:  9 
epoch 10, iter 1051: loss: 0.0060 | load time: 0.0002 | back time: 0.8270 | lr: 0.00009766 | best AP50 acc: 0.7712 | best AP70 acc: 0.6727 | best mAP acc: 0.6385 | best mAR acc: 0.7111 | best Score: 0.6385 | best Score epoch:  9 
epoch 10, iter 1101: loss: 0.0065 | load time: 0.0003 | back time: 0.8834 | lr: 0.00009762 | best AP50 acc: 0.7712 | best AP70 acc: 0.6727 | best mAP acc: 0.6385 | best mAR acc: 0.7111 | best Score: 0.6385 | best Score epoch:  9 
epoch 10, iter 1151: loss: 0.0080 | load time: 0.0003 | back time: 0.8161 | lr: 0.00009758 | best AP50 acc: 0.7712 | best AP70 acc: 0.6727 | best mAP acc: 0.6385 | best mAR acc: 0.7111 | best Score: 0.6385 | best Score epoch:  9 
UAV_SEQS_2 | mAP50:90: 34.6437 | AP50: 49.5000 | AP70: 33.4283 
UAV_SEQS_37 | mAP50:90: 36.6667 | AP50: 72.6596 | AP70: 38.7368 
UAV_SEQS_45 | mAP50:90: 71.1732 | AP50: 96.0396 | AP70: 84.7948 
UAV_SEQS_47 | mAP50:90: 89.2905 | AP50: 100.0000 | AP70: 96.9324 
UAV_SEQS_55 | mAP50:90: 35.5403 | AP50: 60.1069 | AP70: 41.1748 
UAV_SEQS_59 | mAP50:90: 40.0428 | AP50: 61.7945 | AP70: 42.3094 
UAV_SEQS_6 | mAP50:90: 17.6509 | AP50: 29.0420 | AP70: 17.9348 
UAV_SEQS_63 | mAP50:90: 10.6703 | AP50: 51.5839 | AP70: 0.7185 
UAV_SEQS_65 | mAP50:90: 46.1825 | AP50: 73.6547 | AP70: 49.2467 
UAV_SEQS_7 | mAP50:90: 0.2761 | AP50: 2.0000 | AP70: 0.0000 
UAV_SEQS_71 | mAP50:90: 39.1381 | AP50: 69.3484 | AP70: 41.4677 
UAV_SEQS_73 | mAP50:90: 41.9731 | AP50: 77.2375 | AP70: 42.6744 
UAV_SEQS_74 | mAP50:90: 91.2820 | AP50: 92.0132 | AP70: 92.0132 
UAV_SEQS_77 | mAP50:90: 5.5237 | AP50: 5.5237 | AP70: 5.5237 
UAV_SEQS_8 | mAP50:90: 44.5808 | AP50: 73.6637 | AP70: 46.6451 
Overall            | mAP50:95: 36.9735 | AP50: 59.1145 | AP70: 38.0469 
epoch 11, iter    1: loss: 0.0062 | load time: 0.0071 | back time: 0.4165 | lr: 0.00009758 | best AP50 acc: 0.7712 | best AP70 acc: 0.6727 | best mAP acc: 0.6385 | best mAR acc: 0.7111 | best Score: 0.6385 | best Score epoch:  9 
epoch 11, iter   51: loss: 0.0068 | load time: 0.0003 | back time: 0.8342 | lr: 0.00009753 | best AP50 acc: 0.7712 | best AP70 acc: 0.6727 | best mAP acc: 0.6385 | best mAR acc: 0.7111 | best Score: 0.6385 | best Score epoch:  9 
epoch 11, iter  101: loss: 0.0057 | load time: 0.0002 | back time: 0.8143 | lr: 0.00009749 | best AP50 acc: 0.7712 | best AP70 acc: 0.6727 | best mAP acc: 0.6385 | best mAR acc: 0.7111 | best Score: 0.6385 | best Score epoch:  9 
epoch 11, iter  151: loss: 0.0059 | load time: 0.0002 | back time: 0.8311 | lr: 0.00009745 | best AP50 acc: 0.7712 | best AP70 acc: 0.6727 | best mAP acc: 0.6385 | best mAR acc: 0.7111 | best Score: 0.6385 | best Score epoch:  9 
epoch 11, iter  201: loss: 0.0062 | load time: 0.0002 | back time: 0.8247 | lr: 0.00009741 | best AP50 acc: 0.7712 | best AP70 acc: 0.6727 | best mAP acc: 0.6385 | best mAR acc: 0.7111 | best Score: 0.6385 | best Score epoch:  9 
epoch 11, iter  251: loss: 0.0060 | load time: 0.0002 | back time: 0.8621 | lr: 0.00009736 | best AP50 acc: 0.7712 | best AP70 acc: 0.6727 | best mAP acc: 0.6385 | best mAR acc: 0.7111 | best Score: 0.6385 | best Score epoch:  9 
epoch 11, iter  301: loss: 0.0061 | load time: 0.0002 | back time: 0.8150 | lr: 0.00009732 | best AP50 acc: 0.7712 | best AP70 acc: 0.6727 | best mAP acc: 0.6385 | best mAR acc: 0.7111 | best Score: 0.6385 | best Score epoch:  9 
epoch 11, iter  351: loss: 0.0066 | load time: 0.0002 | back time: 0.8433 | lr: 0.00009728 | best AP50 acc: 0.7712 | best AP70 acc: 0.6727 | best mAP acc: 0.6385 | best mAR acc: 0.7111 | best Score: 0.6385 | best Score epoch:  9 
epoch 11, iter  401: loss: 0.0061 | load time: 0.0001 | back time: 0.8132 | lr: 0.00009723 | best AP50 acc: 0.7712 | best AP70 acc: 0.6727 | best mAP acc: 0.6385 | best mAR acc: 0.7111 | best Score: 0.6385 | best Score epoch:  9 
epoch 11, iter  451: loss: 0.0065 | load time: 0.0001 | back time: 0.8185 | lr: 0.00009719 | best AP50 acc: 0.7712 | best AP70 acc: 0.6727 | best mAP acc: 0.6385 | best mAR acc: 0.7111 | best Score: 0.6385 | best Score epoch:  9 
epoch 11, iter  501: loss: 0.0059 | load time: 0.0001 | back time: 0.8220 | lr: 0.00009714 | best AP50 acc: 0.7712 | best AP70 acc: 0.6727 | best mAP acc: 0.6385 | best mAR acc: 0.7111 | best Score: 0.6385 | best Score epoch:  9 
epoch 11, iter  551: loss: 0.0069 | load time: 0.0002 | back time: 0.8281 | lr: 0.00009710 | best AP50 acc: 0.7712 | best AP70 acc: 0.6727 | best mAP acc: 0.6385 | best mAR acc: 0.7111 | best Score: 0.6385 | best Score epoch:  9 
epoch 11, iter  601: loss: 0.0063 | load time: 0.0002 | back time: 0.8811 | lr: 0.00009705 | best AP50 acc: 0.7712 | best AP70 acc: 0.6727 | best mAP acc: 0.6385 | best mAR acc: 0.7111 | best Score: 0.6385 | best Score epoch:  9 
epoch 11, iter  651: loss: 0.0060 | load time: 0.0002 | back time: 0.8447 | lr: 0.00009700 | best AP50 acc: 0.7712 | best AP70 acc: 0.6727 | best mAP acc: 0.6385 | best mAR acc: 0.7111 | best Score: 0.6385 | best Score epoch:  9 
epoch 11, iter  701: loss: 0.0060 | load time: 0.0002 | back time: 0.8357 | lr: 0.00009696 | best AP50 acc: 0.7712 | best AP70 acc: 0.6727 | best mAP acc: 0.6385 | best mAR acc: 0.7111 | best Score: 0.6385 | best Score epoch:  9 
epoch 11, iter  751: loss: 0.0055 | load time: 0.0002 | back time: 0.8228 | lr: 0.00009691 | best AP50 acc: 0.7712 | best AP70 acc: 0.6727 | best mAP acc: 0.6385 | best mAR acc: 0.7111 | best Score: 0.6385 | best Score epoch:  9 
epoch 11, iter  801: loss: 0.0068 | load time: 0.0002 | back time: 0.8159 | lr: 0.00009686 | best AP50 acc: 0.7712 | best AP70 acc: 0.6727 | best mAP acc: 0.6385 | best mAR acc: 0.7111 | best Score: 0.6385 | best Score epoch:  9 
epoch 11, iter  851: loss: 0.0062 | load time: 0.0002 | back time: 0.8374 | lr: 0.00009682 | best AP50 acc: 0.7712 | best AP70 acc: 0.6727 | best mAP acc: 0.6385 | best mAR acc: 0.7111 | best Score: 0.6385 | best Score epoch:  9 
epoch 11, iter  901: loss: 0.0066 | load time: 0.0001 | back time: 0.8391 | lr: 0.00009677 | best AP50 acc: 0.7712 | best AP70 acc: 0.6727 | best mAP acc: 0.6385 | best mAR acc: 0.7111 | best Score: 0.6385 | best Score epoch:  9 
epoch 11, iter  951: loss: 0.0058 | load time: 0.0002 | back time: 0.8265 | lr: 0.00009672 | best AP50 acc: 0.7712 | best AP70 acc: 0.6727 | best mAP acc: 0.6385 | best mAR acc: 0.7111 | best Score: 0.6385 | best Score epoch:  9 
epoch 11, iter 1001: loss: 0.0059 | load time: 0.0002 | back time: 0.8152 | lr: 0.00009667 | best AP50 acc: 0.7712 | best AP70 acc: 0.6727 | best mAP acc: 0.6385 | best mAR acc: 0.7111 | best Score: 0.6385 | best Score epoch:  9 
epoch 11, iter 1051: loss: 0.0064 | load time: 0.0001 | back time: 0.8136 | lr: 0.00009662 | best AP50 acc: 0.7712 | best AP70 acc: 0.6727 | best mAP acc: 0.6385 | best mAR acc: 0.7111 | best Score: 0.6385 | best Score epoch:  9 
epoch 11, iter 1101: loss: 0.0063 | load time: 0.0002 | back time: 0.8314 | lr: 0.00009657 | best AP50 acc: 0.7712 | best AP70 acc: 0.6727 | best mAP acc: 0.6385 | best mAR acc: 0.7111 | best Score: 0.6385 | best Score epoch:  9 
epoch 11, iter 1151: loss: 0.0058 | load time: 0.0001 | back time: 0.8308 | lr: 0.00009652 | best AP50 acc: 0.7712 | best AP70 acc: 0.6727 | best mAP acc: 0.6385 | best mAR acc: 0.7111 | best Score: 0.6385 | best Score epoch:  9 
UAV_SEQS_2 | mAP50:90: 41.4512 | AP50: 67.1892 | AP70: 40.5021 
UAV_SEQS_37 | mAP50:90: 87.4079 | AP50: 98.8878 | AP70: 90.8729 
UAV_SEQS_45 | mAP50:90: 86.9154 | AP50: 96.0396 | AP70: 92.8411 
UAV_SEQS_47 | mAP50:90: 83.6525 | AP50: 96.6198 | AP70: 86.9112 
UAV_SEQS_55 | mAP50:90: 29.5795 | AP50: 51.7617 | AP70: 33.5542 
UAV_SEQS_59 | mAP50:90: 71.4946 | AP50: 94.1250 | AP70: 76.3306 
UAV_SEQS_6 | mAP50:90: 73.0162 | AP50: 84.1083 | AP70: 81.2070 
UAV_SEQS_63 | mAP50:90: 1.0268 | AP50: 4.3663 | AP70: 0.3168 
UAV_SEQS_65 | mAP50:90: 82.0841 | AP50: 97.0957 | AP70: 89.0174 
UAV_SEQS_7 | mAP50:90: 83.2492 | AP50: 95.6075 | AP70: 86.8503 
UAV_SEQS_71 | mAP50:90: 68.7345 | AP50: 86.8690 | AP70: 76.9824 
UAV_SEQS_73 | mAP50:90: 62.7834 | AP50: 81.1397 | AP70: 71.3374 
UAV_SEQS_74 | mAP50:90: 96.2004 | AP50: 97.0297 | AP70: 97.0297 
UAV_SEQS_77 | mAP50:90: 19.1264 | AP50: 24.9709 | AP70: 18.9835 
UAV_SEQS_8 | mAP50:90: 75.4218 | AP50: 100.0000 | AP70: 84.7148 
Overall            | mAP50:95: 64.1960 | AP50: 78.7590 | AP70: 68.2164 
epoch 12, iter    1: loss: 0.0058 | load time: 0.0051 | back time: 0.3970 | lr: 0.00009652 | best AP50 acc: 0.7876 | best AP70 acc: 0.6822 | best mAP acc: 0.6420 | best mAR acc: 0.7132 | best Score: 0.6420 | best Score epoch: 11 
epoch 12, iter   51: loss: 0.0055 | load time: 0.0001 | back time: 0.8276 | lr: 0.00009647 | best AP50 acc: 0.7876 | best AP70 acc: 0.6822 | best mAP acc: 0.6420 | best mAR acc: 0.7132 | best Score: 0.6420 | best Score epoch: 11 
epoch 12, iter  101: loss: 0.0061 | load time: 0.0003 | back time: 0.8302 | lr: 0.00009642 | best AP50 acc: 0.7876 | best AP70 acc: 0.6822 | best mAP acc: 0.6420 | best mAR acc: 0.7132 | best Score: 0.6420 | best Score epoch: 11 
epoch 12, iter  151: loss: 0.0057 | load time: 0.0001 | back time: 0.8333 | lr: 0.00009637 | best AP50 acc: 0.7876 | best AP70 acc: 0.6822 | best mAP acc: 0.6420 | best mAR acc: 0.7132 | best Score: 0.6420 | best Score epoch: 11 
epoch 12, iter  201: loss: 0.0060 | load time: 0.0002 | back time: 0.8313 | lr: 0.00009632 | best AP50 acc: 0.7876 | best AP70 acc: 0.6822 | best mAP acc: 0.6420 | best mAR acc: 0.7132 | best Score: 0.6420 | best Score epoch: 11 
epoch 12, iter  251: loss: 0.0056 | load time: 0.0002 | back time: 0.8351 | lr: 0.00009627 | best AP50 acc: 0.7876 | best AP70 acc: 0.6822 | best mAP acc: 0.6420 | best mAR acc: 0.7132 | best Score: 0.6420 | best Score epoch: 11 
epoch 12, iter  301: loss: 0.0060 | load time: 0.0001 | back time: 0.8340 | lr: 0.00009622 | best AP50 acc: 0.7876 | best AP70 acc: 0.6822 | best mAP acc: 0.6420 | best mAR acc: 0.7132 | best Score: 0.6420 | best Score epoch: 11 
epoch 12, iter  351: loss: 0.0063 | load time: 0.0002 | back time: 0.8492 | lr: 0.00009617 | best AP50 acc: 0.7876 | best AP70 acc: 0.6822 | best mAP acc: 0.6420 | best mAR acc: 0.7132 | best Score: 0.6420 | best Score epoch: 11 
epoch 12, iter  401: loss: 0.0058 | load time: 0.0002 | back time: 0.8340 | lr: 0.00009611 | best AP50 acc: 0.7876 | best AP70 acc: 0.6822 | best mAP acc: 0.6420 | best mAR acc: 0.7132 | best Score: 0.6420 | best Score epoch: 11 
epoch 12, iter  451: loss: 0.0057 | load time: 0.0002 | back time: 0.8263 | lr: 0.00009606 | best AP50 acc: 0.7876 | best AP70 acc: 0.6822 | best mAP acc: 0.6420 | best mAR acc: 0.7132 | best Score: 0.6420 | best Score epoch: 11 
epoch 12, iter  501: loss: 0.0062 | load time: 0.0002 | back time: 0.8330 | lr: 0.00009601 | best AP50 acc: 0.7876 | best AP70 acc: 0.6822 | best mAP acc: 0.6420 | best mAR acc: 0.7132 | best Score: 0.6420 | best Score epoch: 11 
epoch 12, iter  551: loss: 0.0067 | load time: 0.0002 | back time: 0.8343 | lr: 0.00009596 | best AP50 acc: 0.7876 | best AP70 acc: 0.6822 | best mAP acc: 0.6420 | best mAR acc: 0.7132 | best Score: 0.6420 | best Score epoch: 11 
epoch 12, iter  601: loss: 0.0059 | load time: 0.0003 | back time: 0.7454 | lr: 0.00009590 | best AP50 acc: 0.7876 | best AP70 acc: 0.6822 | best mAP acc: 0.6420 | best mAR acc: 0.7132 | best Score: 0.6420 | best Score epoch: 11 
epoch 12, iter  651: loss: 0.0071 | load time: 0.0003 | back time: 0.8166 | lr: 0.00009585 | best AP50 acc: 0.7876 | best AP70 acc: 0.6822 | best mAP acc: 0.6420 | best mAR acc: 0.7132 | best Score: 0.6420 | best Score epoch: 11 
epoch 12, iter  701: loss: 0.0070 | load time: 0.0003 | back time: 0.8296 | lr: 0.00009579 | best AP50 acc: 0.7876 | best AP70 acc: 0.6822 | best mAP acc: 0.6420 | best mAR acc: 0.7132 | best Score: 0.6420 | best Score epoch: 11 
epoch 12, iter  751: loss: 0.0059 | load time: 0.0002 | back time: 0.8178 | lr: 0.00009574 | best AP50 acc: 0.7876 | best AP70 acc: 0.6822 | best mAP acc: 0.6420 | best mAR acc: 0.7132 | best Score: 0.6420 | best Score epoch: 11 
epoch 12, iter  801: loss: 0.0071 | load time: 0.0003 | back time: 0.8390 | lr: 0.00009568 | best AP50 acc: 0.7876 | best AP70 acc: 0.6822 | best mAP acc: 0.6420 | best mAR acc: 0.7132 | best Score: 0.6420 | best Score epoch: 11 
epoch 12, iter  851: loss: 0.0059 | load time: 0.0001 | back time: 0.8320 | lr: 0.00009563 | best AP50 acc: 0.7876 | best AP70 acc: 0.6822 | best mAP acc: 0.6420 | best mAR acc: 0.7132 | best Score: 0.6420 | best Score epoch: 11 
epoch 12, iter  901: loss: 0.0065 | load time: 0.0002 | back time: 0.8284 | lr: 0.00009557 | best AP50 acc: 0.7876 | best AP70 acc: 0.6822 | best mAP acc: 0.6420 | best mAR acc: 0.7132 | best Score: 0.6420 | best Score epoch: 11 
epoch 12, iter  951: loss: 0.0059 | load time: 0.0003 | back time: 0.8312 | lr: 0.00009552 | best AP50 acc: 0.7876 | best AP70 acc: 0.6822 | best mAP acc: 0.6420 | best mAR acc: 0.7132 | best Score: 0.6420 | best Score epoch: 11 
epoch 12, iter 1001: loss: 0.0069 | load time: 0.0002 | back time: 0.8320 | lr: 0.00009546 | best AP50 acc: 0.7876 | best AP70 acc: 0.6822 | best mAP acc: 0.6420 | best mAR acc: 0.7132 | best Score: 0.6420 | best Score epoch: 11 
epoch 12, iter 1051: loss: 0.0070 | load time: 0.0002 | back time: 0.8286 | lr: 0.00009540 | best AP50 acc: 0.7876 | best AP70 acc: 0.6822 | best mAP acc: 0.6420 | best mAR acc: 0.7132 | best Score: 0.6420 | best Score epoch: 11 
epoch 12, iter 1101: loss: 0.0061 | load time: 0.0003 | back time: 0.8385 | lr: 0.00009535 | best AP50 acc: 0.7876 | best AP70 acc: 0.6822 | best mAP acc: 0.6420 | best mAR acc: 0.7132 | best Score: 0.6420 | best Score epoch: 11 
epoch 12, iter 1151: loss: 0.0064 | load time: 0.0001 | back time: 0.8302 | lr: 0.00009529 | best AP50 acc: 0.7876 | best AP70 acc: 0.6822 | best mAP acc: 0.6420 | best mAR acc: 0.7132 | best Score: 0.6420 | best Score epoch: 11 
UAV_SEQS_2 | mAP50:90: 34.2096 | AP50: 61.1850 | AP70: 35.9472 
UAV_SEQS_37 | mAP50:90: 66.2957 | AP50: 96.4521 | AP70: 75.9681 
UAV_SEQS_45 | mAP50:90: 91.1376 | AP50: 95.0495 | AP70: 94.7263 
UAV_SEQS_47 | mAP50:90: 98.4465 | AP50: 100.0000 | AP70: 100.0000 
UAV_SEQS_55 | mAP50:90: 33.9826 | AP50: 59.2845 | AP70: 32.7238 
UAV_SEQS_59 | mAP50:90: 51.5034 | AP50: 74.9960 | AP70: 48.7345 
UAV_SEQS_6 | mAP50:90: 25.3496 | AP50: 34.1306 | AP70: 25.6432 
UAV_SEQS_63 | mAP50:90: 23.0761 | AP50: 73.7198 | AP70: 7.2767 
UAV_SEQS_65 | mAP50:90: 72.1304 | AP50: 86.7418 | AP70: 78.6106 
UAV_SEQS_7 | mAP50:90: 19.5413 | AP50: 47.1287 | AP70: 16.0070 
UAV_SEQS_71 | mAP50:90: 66.1919 | AP50: 84.5841 | AP70: 71.1602 
UAV_SEQS_73 | mAP50:90: 48.3853 | AP50: 69.6338 | AP70: 53.4134 
UAV_SEQS_74 | mAP50:90: 91.6453 | AP50: 96.0396 | AP70: 96.0396 
UAV_SEQS_77 | mAP50:90: 16.1240 | AP50: 19.9605 | AP70: 16.8786 
UAV_SEQS_8 | mAP50:90: 52.2989 | AP50: 99.0099 | AP70: 60.8810 
Overall            | mAP50:95: 52.5991 | AP50: 73.7297 | AP70: 54.7356 
epoch 13, iter    1: loss: 0.0060 | load time: 0.0054 | back time: 0.3532 | lr: 0.00009529 | best AP50 acc: 0.7876 | best AP70 acc: 0.6822 | best mAP acc: 0.6420 | best mAR acc: 0.7132 | best Score: 0.6420 | best Score epoch: 11 
epoch 13, iter   51: loss: 0.0057 | load time: 0.0003 | back time: 0.8321 | lr: 0.00009523 | best AP50 acc: 0.7876 | best AP70 acc: 0.6822 | best mAP acc: 0.6420 | best mAR acc: 0.7132 | best Score: 0.6420 | best Score epoch: 11 
epoch 13, iter  101: loss: 0.0058 | load time: 0.0002 | back time: 0.8170 | lr: 0.00009517 | best AP50 acc: 0.7876 | best AP70 acc: 0.6822 | best mAP acc: 0.6420 | best mAR acc: 0.7132 | best Score: 0.6420 | best Score epoch: 11 
epoch 13, iter  151: loss: 0.0059 | load time: 0.0002 | back time: 0.8131 | lr: 0.00009511 | best AP50 acc: 0.7876 | best AP70 acc: 0.6822 | best mAP acc: 0.6420 | best mAR acc: 0.7132 | best Score: 0.6420 | best Score epoch: 11 
epoch 13, iter  201: loss: 0.0059 | load time: 0.0002 | back time: 0.8202 | lr: 0.00009506 | best AP50 acc: 0.7876 | best AP70 acc: 0.6822 | best mAP acc: 0.6420 | best mAR acc: 0.7132 | best Score: 0.6420 | best Score epoch: 11 
epoch 13, iter  251: loss: 0.0060 | load time: 0.0002 | back time: 0.8309 | lr: 0.00009500 | best AP50 acc: 0.7876 | best AP70 acc: 0.6822 | best mAP acc: 0.6420 | best mAR acc: 0.7132 | best Score: 0.6420 | best Score epoch: 11 
epoch 13, iter  301: loss: 0.0059 | load time: 0.0002 | back time: 0.8242 | lr: 0.00009494 | best AP50 acc: 0.7876 | best AP70 acc: 0.6822 | best mAP acc: 0.6420 | best mAR acc: 0.7132 | best Score: 0.6420 | best Score epoch: 11 
epoch 13, iter  351: loss: 0.0061 | load time: 0.0002 | back time: 0.8293 | lr: 0.00009488 | best AP50 acc: 0.7876 | best AP70 acc: 0.6822 | best mAP acc: 0.6420 | best mAR acc: 0.7132 | best Score: 0.6420 | best Score epoch: 11 
epoch 13, iter  401: loss: 0.0057 | load time: 0.0003 | back time: 0.8796 | lr: 0.00009482 | best AP50 acc: 0.7876 | best AP70 acc: 0.6822 | best mAP acc: 0.6420 | best mAR acc: 0.7132 | best Score: 0.6420 | best Score epoch: 11 
epoch 13, iter  451: loss: 0.0069 | load time: 0.0002 | back time: 0.8132 | lr: 0.00009476 | best AP50 acc: 0.7876 | best AP70 acc: 0.6822 | best mAP acc: 0.6420 | best mAR acc: 0.7132 | best Score: 0.6420 | best Score epoch: 11 
epoch 13, iter  501: loss: 0.0065 | load time: 0.0002 | back time: 0.8343 | lr: 0.00009470 | best AP50 acc: 0.7876 | best AP70 acc: 0.6822 | best mAP acc: 0.6420 | best mAR acc: 0.7132 | best Score: 0.6420 | best Score epoch: 11 
epoch 13, iter  551: loss: 0.0064 | load time: 0.0002 | back time: 0.7961 | lr: 0.00009464 | best AP50 acc: 0.7876 | best AP70 acc: 0.6822 | best mAP acc: 0.6420 | best mAR acc: 0.7132 | best Score: 0.6420 | best Score epoch: 11 
epoch 13, iter  601: loss: 0.0059 | load time: 0.0002 | back time: 0.8137 | lr: 0.00009457 | best AP50 acc: 0.7876 | best AP70 acc: 0.6822 | best mAP acc: 0.6420 | best mAR acc: 0.7132 | best Score: 0.6420 | best Score epoch: 11 
epoch 13, iter  651: loss: 0.0061 | load time: 0.0002 | back time: 0.8132 | lr: 0.00009451 | best AP50 acc: 0.7876 | best AP70 acc: 0.6822 | best mAP acc: 0.6420 | best mAR acc: 0.7132 | best Score: 0.6420 | best Score epoch: 11 
epoch 13, iter  701: loss: 0.0062 | load time: 0.0002 | back time: 0.8107 | lr: 0.00009445 | best AP50 acc: 0.7876 | best AP70 acc: 0.6822 | best mAP acc: 0.6420 | best mAR acc: 0.7132 | best Score: 0.6420 | best Score epoch: 11 
epoch 13, iter  751: loss: 0.0067 | load time: 0.0003 | back time: 0.8208 | lr: 0.00009439 | best AP50 acc: 0.7876 | best AP70 acc: 0.6822 | best mAP acc: 0.6420 | best mAR acc: 0.7132 | best Score: 0.6420 | best Score epoch: 11 
epoch 13, iter  801: loss: 0.0060 | load time: 0.0002 | back time: 0.8163 | lr: 0.00009433 | best AP50 acc: 0.7876 | best AP70 acc: 0.6822 | best mAP acc: 0.6420 | best mAR acc: 0.7132 | best Score: 0.6420 | best Score epoch: 11 
epoch 13, iter  851: loss: 0.0064 | load time: 0.0002 | back time: 0.8110 | lr: 0.00009426 | best AP50 acc: 0.7876 | best AP70 acc: 0.6822 | best mAP acc: 0.6420 | best mAR acc: 0.7132 | best Score: 0.6420 | best Score epoch: 11 
epoch 13, iter  901: loss: 0.0065 | load time: 0.0002 | back time: 0.8204 | lr: 0.00009420 | best AP50 acc: 0.7876 | best AP70 acc: 0.6822 | best mAP acc: 0.6420 | best mAR acc: 0.7132 | best Score: 0.6420 | best Score epoch: 11 
epoch 13, iter  951: loss: 0.0066 | load time: 0.0002 | back time: 0.8244 | lr: 0.00009414 | best AP50 acc: 0.7876 | best AP70 acc: 0.6822 | best mAP acc: 0.6420 | best mAR acc: 0.7132 | best Score: 0.6420 | best Score epoch: 11 
epoch 13, iter 1001: loss: 0.0066 | load time: 0.0003 | back time: 0.8312 | lr: 0.00009407 | best AP50 acc: 0.7876 | best AP70 acc: 0.6822 | best mAP acc: 0.6420 | best mAR acc: 0.7132 | best Score: 0.6420 | best Score epoch: 11 
epoch 13, iter 1051: loss: 0.0067 | load time: 0.0005 | back time: 0.8132 | lr: 0.00009401 | best AP50 acc: 0.7876 | best AP70 acc: 0.6822 | best mAP acc: 0.6420 | best mAR acc: 0.7132 | best Score: 0.6420 | best Score epoch: 11 
epoch 13, iter 1101: loss: 0.0059 | load time: 0.0002 | back time: 0.8271 | lr: 0.00009394 | best AP50 acc: 0.7876 | best AP70 acc: 0.6822 | best mAP acc: 0.6420 | best mAR acc: 0.7132 | best Score: 0.6420 | best Score epoch: 11 
epoch 13, iter 1151: loss: 0.0061 | load time: 0.0001 | back time: 0.8273 | lr: 0.00009388 | best AP50 acc: 0.7876 | best AP70 acc: 0.6822 | best mAP acc: 0.6420 | best mAR acc: 0.7132 | best Score: 0.6420 | best Score epoch: 11 
UAV_SEQS_2 | mAP50:90: 38.5682 | AP50: 58.2899 | AP70: 39.3806 
UAV_SEQS_37 | mAP50:90: 87.8759 | AP50: 100.0000 | AP70: 96.2299 
UAV_SEQS_45 | mAP50:90: 92.1959 | AP50: 96.0396 | AP70: 96.0396 
UAV_SEQS_47 | mAP50:90: 89.0409 | AP50: 100.0000 | AP70: 94.7528 
UAV_SEQS_55 | mAP50:90: 38.2729 | AP50: 70.1844 | AP70: 36.0044 
UAV_SEQS_59 | mAP50:90: 71.5380 | AP50: 93.5044 | AP70: 78.4031 
UAV_SEQS_6 | mAP50:90: 52.0363 | AP50: 66.3789 | AP70: 59.5451 
UAV_SEQS_63 | mAP50:90: 5.2646 | AP50: 20.5698 | AP70: 1.1254 
UAV_SEQS_65 | mAP50:90: 82.8425 | AP50: 95.4089 | AP70: 89.5182 
UAV_SEQS_7 | mAP50:90: 81.5758 | AP50: 92.1798 | AP70: 87.9624 
UAV_SEQS_71 | mAP50:90: 63.1523 | AP50: 82.8597 | AP70: 71.7750 
UAV_SEQS_73 | mAP50:90: 59.1694 | AP50: 79.5315 | AP70: 67.6579 
UAV_SEQS_74 | mAP50:90: 97.3295 | AP50: 98.0198 | AP70: 98.0198 
UAV_SEQS_77 | mAP50:90: 15.3275 | AP50: 17.2943 | AP70: 15.2896 
UAV_SEQS_8 | mAP50:90: 72.0978 | AP50: 91.8384 | AP70: 79.2720 
Overall            | mAP50:95: 63.5371 | AP50: 78.6735 | AP70: 67.9894 
epoch 14, iter    1: loss: 0.0059 | load time: 0.0049 | back time: 0.3878 | lr: 0.00009388 | best AP50 acc: 0.7876 | best AP70 acc: 0.6822 | best mAP acc: 0.6420 | best mAR acc: 0.7132 | best Score: 0.6420 | best Score epoch: 11 
epoch 14, iter   51: loss: 0.0059 | load time: 0.0007 | back time: 0.8647 | lr: 0.00009381 | best AP50 acc: 0.7876 | best AP70 acc: 0.6822 | best mAP acc: 0.6420 | best mAR acc: 0.7132 | best Score: 0.6420 | best Score epoch: 11 
epoch 14, iter  101: loss: 0.0060 | load time: 0.0002 | back time: 0.8296 | lr: 0.00009375 | best AP50 acc: 0.7876 | best AP70 acc: 0.6822 | best mAP acc: 0.6420 | best mAR acc: 0.7132 | best Score: 0.6420 | best Score epoch: 11 
epoch 14, iter  151: loss: 0.0060 | load time: 0.0003 | back time: 0.8278 | lr: 0.00009368 | best AP50 acc: 0.7876 | best AP70 acc: 0.6822 | best mAP acc: 0.6420 | best mAR acc: 0.7132 | best Score: 0.6420 | best Score epoch: 11 
epoch 14, iter  201: loss: 0.0065 | load time: 0.0002 | back time: 0.8345 | lr: 0.00009361 | best AP50 acc: 0.7876 | best AP70 acc: 0.6822 | best mAP acc: 0.6420 | best mAR acc: 0.7132 | best Score: 0.6420 | best Score epoch: 11 
epoch 14, iter  251: loss: 0.0059 | load time: 0.0003 | back time: 0.8351 | lr: 0.00009355 | best AP50 acc: 0.7876 | best AP70 acc: 0.6822 | best mAP acc: 0.6420 | best mAR acc: 0.7132 | best Score: 0.6420 | best Score epoch: 11 
epoch 14, iter  301: loss: 0.0058 | load time: 0.0003 | back time: 0.8267 | lr: 0.00009348 | best AP50 acc: 0.7876 | best AP70 acc: 0.6822 | best mAP acc: 0.6420 | best mAR acc: 0.7132 | best Score: 0.6420 | best Score epoch: 11 
epoch 14, iter  351: loss: 0.0061 | load time: 0.0003 | back time: 0.8314 | lr: 0.00009341 | best AP50 acc: 0.7876 | best AP70 acc: 0.6822 | best mAP acc: 0.6420 | best mAR acc: 0.7132 | best Score: 0.6420 | best Score epoch: 11 
epoch 14, iter  401: loss: 0.0060 | load time: 0.0002 | back time: 0.8130 | lr: 0.00009335 | best AP50 acc: 0.7876 | best AP70 acc: 0.6822 | best mAP acc: 0.6420 | best mAR acc: 0.7132 | best Score: 0.6420 | best Score epoch: 11 
epoch 14, iter  451: loss: 0.0057 | load time: 0.0002 | back time: 0.8272 | lr: 0.00009328 | best AP50 acc: 0.7876 | best AP70 acc: 0.6822 | best mAP acc: 0.6420 | best mAR acc: 0.7132 | best Score: 0.6420 | best Score epoch: 11 
epoch 14, iter  501: loss: 0.0061 | load time: 0.0002 | back time: 0.8280 | lr: 0.00009321 | best AP50 acc: 0.7876 | best AP70 acc: 0.6822 | best mAP acc: 0.6420 | best mAR acc: 0.7132 | best Score: 0.6420 | best Score epoch: 11 
epoch 14, iter  551: loss: 0.0060 | load time: 0.0002 | back time: 0.8168 | lr: 0.00009314 | best AP50 acc: 0.7876 | best AP70 acc: 0.6822 | best mAP acc: 0.6420 | best mAR acc: 0.7132 | best Score: 0.6420 | best Score epoch: 11 
epoch 14, iter  601: loss: 0.0058 | load time: 0.0002 | back time: 0.8216 | lr: 0.00009307 | best AP50 acc: 0.7876 | best AP70 acc: 0.6822 | best mAP acc: 0.6420 | best mAR acc: 0.7132 | best Score: 0.6420 | best Score epoch: 11 
epoch 14, iter  651: loss: 0.0066 | load time: 0.0003 | back time: 0.8333 | lr: 0.00009300 | best AP50 acc: 0.7876 | best AP70 acc: 0.6822 | best mAP acc: 0.6420 | best mAR acc: 0.7132 | best Score: 0.6420 | best Score epoch: 11 
epoch 14, iter  701: loss: 0.0061 | load time: 0.0002 | back time: 0.8484 | lr: 0.00009293 | best AP50 acc: 0.7876 | best AP70 acc: 0.6822 | best mAP acc: 0.6420 | best mAR acc: 0.7132 | best Score: 0.6420 | best Score epoch: 11 
epoch 14, iter  751: loss: 0.0063 | load time: 0.0003 | back time: 0.8298 | lr: 0.00009286 | best AP50 acc: 0.7876 | best AP70 acc: 0.6822 | best mAP acc: 0.6420 | best mAR acc: 0.7132 | best Score: 0.6420 | best Score epoch: 11 
epoch 14, iter  801: loss: 0.0063 | load time: 0.0003 | back time: 0.8160 | lr: 0.00009279 | best AP50 acc: 0.7876 | best AP70 acc: 0.6822 | best mAP acc: 0.6420 | best mAR acc: 0.7132 | best Score: 0.6420 | best Score epoch: 11 
epoch 14, iter  851: loss: 0.0062 | load time: 0.0001 | back time: 0.8166 | lr: 0.00009272 | best AP50 acc: 0.7876 | best AP70 acc: 0.6822 | best mAP acc: 0.6420 | best mAR acc: 0.7132 | best Score: 0.6420 | best Score epoch: 11 
epoch 14, iter  901: loss: 0.0060 | load time: 0.0002 | back time: 0.8107 | lr: 0.00009265 | best AP50 acc: 0.7876 | best AP70 acc: 0.6822 | best mAP acc: 0.6420 | best mAR acc: 0.7132 | best Score: 0.6420 | best Score epoch: 11 
epoch 14, iter  951: loss: 0.0057 | load time: 0.0002 | back time: 0.8131 | lr: 0.00009258 | best AP50 acc: 0.7876 | best AP70 acc: 0.6822 | best mAP acc: 0.6420 | best mAR acc: 0.7132 | best Score: 0.6420 | best Score epoch: 11 
epoch 14, iter 1001: loss: 0.0056 | load time: 0.0002 | back time: 0.8363 | lr: 0.00009251 | best AP50 acc: 0.7876 | best AP70 acc: 0.6822 | best mAP acc: 0.6420 | best mAR acc: 0.7132 | best Score: 0.6420 | best Score epoch: 11 
epoch 14, iter 1051: loss: 0.0058 | load time: 0.0001 | back time: 0.8298 | lr: 0.00009244 | best AP50 acc: 0.7876 | best AP70 acc: 0.6822 | best mAP acc: 0.6420 | best mAR acc: 0.7132 | best Score: 0.6420 | best Score epoch: 11 
epoch 14, iter 1101: loss: 0.0063 | load time: 0.0002 | back time: 0.8295 | lr: 0.00009237 | best AP50 acc: 0.7876 | best AP70 acc: 0.6822 | best mAP acc: 0.6420 | best mAR acc: 0.7132 | best Score: 0.6420 | best Score epoch: 11 
epoch 14, iter 1151: loss: 0.0064 | load time: 0.0001 | back time: 0.8374 | lr: 0.00009230 | best AP50 acc: 0.7876 | best AP70 acc: 0.6822 | best mAP acc: 0.6420 | best mAR acc: 0.7132 | best Score: 0.6420 | best Score epoch: 11 
UAV_SEQS_2 | mAP50:90: 22.2293 | AP50: 47.4456 | AP70: 22.7329 
UAV_SEQS_37 | mAP50:90: 78.7650 | AP50: 98.7789 | AP70: 83.0279 
UAV_SEQS_45 | mAP50:90: 91.0213 | AP50: 96.0396 | AP70: 94.7651 
UAV_SEQS_47 | mAP50:90: 90.1189 | AP50: 100.0000 | AP70: 95.6845 
UAV_SEQS_55 | mAP50:90: 39.1382 | AP50: 58.8733 | AP70: 41.7294 
UAV_SEQS_59 | mAP50:90: 63.4904 | AP50: 89.4203 | AP70: 63.0235 
UAV_SEQS_6 | mAP50:90: 39.3844 | AP50: 46.1766 | AP70: 41.9587 
UAV_SEQS_63 | mAP50:90: 26.5430 | AP50: 72.6387 | AP70: 14.4608 
UAV_SEQS_65 | mAP50:90: 73.0958 | AP50: 90.7530 | AP70: 80.8401 
UAV_SEQS_7 | mAP50:90: 50.5393 | AP50: 92.8260 | AP70: 49.7502 
UAV_SEQS_71 | mAP50:90: 44.1315 | AP50: 70.4970 | AP70: 50.0088 
UAV_SEQS_73 | mAP50:90: 58.9452 | AP50: 76.2838 | AP70: 66.6418 
UAV_SEQS_74 | mAP50:90: 94.3595 | AP50: 98.0198 | AP70: 98.0198 
UAV_SEQS_77 | mAP50:90: 10.3603 | AP50: 22.7451 | AP70: 10.3254 
UAV_SEQS_8 | mAP50:90: 80.8768 | AP50: 97.8499 | AP70: 89.1586 
Overall            | mAP50:95: 58.9243 | AP50: 79.2808 | AP70: 61.8102 
epoch 15, iter    1: loss: 0.0060 | load time: 0.0064 | back time: 0.3485 | lr: 0.00009229 | best AP50 acc: 0.7876 | best AP70 acc: 0.6822 | best mAP acc: 0.6420 | best mAR acc: 0.7132 | best Score: 0.6420 | best Score epoch: 11 
epoch 15, iter   51: loss: 0.0062 | load time: 0.0004 | back time: 0.8040 | lr: 0.00009222 | best AP50 acc: 0.7876 | best AP70 acc: 0.6822 | best mAP acc: 0.6420 | best mAR acc: 0.7132 | best Score: 0.6420 | best Score epoch: 11 
epoch 15, iter  101: loss: 0.0058 | load time: 0.0001 | back time: 0.8157 | lr: 0.00009215 | best AP50 acc: 0.7876 | best AP70 acc: 0.6822 | best mAP acc: 0.6420 | best mAR acc: 0.7132 | best Score: 0.6420 | best Score epoch: 11 
epoch 15, iter  151: loss: 0.0056 | load time: 0.0002 | back time: 0.8130 | lr: 0.00009207 | best AP50 acc: 0.7876 | best AP70 acc: 0.6822 | best mAP acc: 0.6420 | best mAR acc: 0.7132 | best Score: 0.6420 | best Score epoch: 11 
epoch 15, iter  201: loss: 0.0056 | load time: 0.0002 | back time: 0.8173 | lr: 0.00009200 | best AP50 acc: 0.7876 | best AP70 acc: 0.6822 | best mAP acc: 0.6420 | best mAR acc: 0.7132 | best Score: 0.6420 | best Score epoch: 11 
epoch 15, iter  251: loss: 0.0065 | load time: 0.0001 | back time: 0.8360 | lr: 0.00009193 | best AP50 acc: 0.7876 | best AP70 acc: 0.6822 | best mAP acc: 0.6420 | best mAR acc: 0.7132 | best Score: 0.6420 | best Score epoch: 11 
epoch 15, iter  301: loss: 0.0054 | load time: 0.0003 | back time: 0.8283 | lr: 0.00009185 | best AP50 acc: 0.7876 | best AP70 acc: 0.6822 | best mAP acc: 0.6420 | best mAR acc: 0.7132 | best Score: 0.6420 | best Score epoch: 11 
epoch 15, iter  351: loss: 0.0060 | load time: 0.0002 | back time: 0.8300 | lr: 0.00009178 | best AP50 acc: 0.7876 | best AP70 acc: 0.6822 | best mAP acc: 0.6420 | best mAR acc: 0.7132 | best Score: 0.6420 | best Score epoch: 11 
epoch 15, iter  401: loss: 0.0060 | load time: 0.0002 | back time: 0.8270 | lr: 0.00009170 | best AP50 acc: 0.7876 | best AP70 acc: 0.6822 | best mAP acc: 0.6420 | best mAR acc: 0.7132 | best Score: 0.6420 | best Score epoch: 11 
epoch 15, iter  451: loss: 0.0063 | load time: 0.0003 | back time: 0.8296 | lr: 0.00009163 | best AP50 acc: 0.7876 | best AP70 acc: 0.6822 | best mAP acc: 0.6420 | best mAR acc: 0.7132 | best Score: 0.6420 | best Score epoch: 11 
epoch 15, iter  501: loss: 0.0060 | load time: 0.0003 | back time: 0.8281 | lr: 0.00009155 | best AP50 acc: 0.7876 | best AP70 acc: 0.6822 | best mAP acc: 0.6420 | best mAR acc: 0.7132 | best Score: 0.6420 | best Score epoch: 11 
epoch 15, iter  551: loss: 0.0056 | load time: 0.0002 | back time: 0.8297 | lr: 0.00009148 | best AP50 acc: 0.7876 | best AP70 acc: 0.6822 | best mAP acc: 0.6420 | best mAR acc: 0.7132 | best Score: 0.6420 | best Score epoch: 11 
epoch 15, iter  601: loss: 0.0060 | load time: 0.0002 | back time: 0.8281 | lr: 0.00009140 | best AP50 acc: 0.7876 | best AP70 acc: 0.6822 | best mAP acc: 0.6420 | best mAR acc: 0.7132 | best Score: 0.6420 | best Score epoch: 11 
epoch 15, iter  651: loss: 0.0061 | load time: 0.0002 | back time: 0.8225 | lr: 0.00009133 | best AP50 acc: 0.7876 | best AP70 acc: 0.6822 | best mAP acc: 0.6420 | best mAR acc: 0.7132 | best Score: 0.6420 | best Score epoch: 11 
epoch 15, iter  701: loss: 0.0058 | load time: 0.0002 | back time: 0.8283 | lr: 0.00009125 | best AP50 acc: 0.7876 | best AP70 acc: 0.6822 | best mAP acc: 0.6420 | best mAR acc: 0.7132 | best Score: 0.6420 | best Score epoch: 11 
epoch 15, iter  751: loss: 0.0060 | load time: 0.0002 | back time: 0.8203 | lr: 0.00009117 | best AP50 acc: 0.7876 | best AP70 acc: 0.6822 | best mAP acc: 0.6420 | best mAR acc: 0.7132 | best Score: 0.6420 | best Score epoch: 11 
epoch 15, iter  801: loss: 0.0058 | load time: 0.0003 | back time: 0.8388 | lr: 0.00009110 | best AP50 acc: 0.7876 | best AP70 acc: 0.6822 | best mAP acc: 0.6420 | best mAR acc: 0.7132 | best Score: 0.6420 | best Score epoch: 11 
epoch 15, iter  851: loss: 0.0064 | load time: 0.0002 | back time: 0.8177 | lr: 0.00009102 | best AP50 acc: 0.7876 | best AP70 acc: 0.6822 | best mAP acc: 0.6420 | best mAR acc: 0.7132 | best Score: 0.6420 | best Score epoch: 11 
epoch 15, iter  901: loss: 0.0056 | load time: 0.0002 | back time: 0.8236 | lr: 0.00009094 | best AP50 acc: 0.7876 | best AP70 acc: 0.6822 | best mAP acc: 0.6420 | best mAR acc: 0.7132 | best Score: 0.6420 | best Score epoch: 11 
epoch 15, iter  951: loss: 0.0058 | load time: 0.0002 | back time: 0.7985 | lr: 0.00009086 | best AP50 acc: 0.7876 | best AP70 acc: 0.6822 | best mAP acc: 0.6420 | best mAR acc: 0.7132 | best Score: 0.6420 | best Score epoch: 11 
epoch 15, iter 1001: loss: 0.0064 | load time: 0.0002 | back time: 0.8181 | lr: 0.00009078 | best AP50 acc: 0.7876 | best AP70 acc: 0.6822 | best mAP acc: 0.6420 | best mAR acc: 0.7132 | best Score: 0.6420 | best Score epoch: 11 
epoch 15, iter 1051: loss: 0.0055 | load time: 0.0002 | back time: 0.8200 | lr: 0.00009071 | best AP50 acc: 0.7876 | best AP70 acc: 0.6822 | best mAP acc: 0.6420 | best mAR acc: 0.7132 | best Score: 0.6420 | best Score epoch: 11 
epoch 15, iter 1101: loss: 0.0058 | load time: 0.0002 | back time: 0.8167 | lr: 0.00009063 | best AP50 acc: 0.7876 | best AP70 acc: 0.6822 | best mAP acc: 0.6420 | best mAR acc: 0.7132 | best Score: 0.6420 | best Score epoch: 11 
epoch 15, iter 1151: loss: 0.0061 | load time: 0.0001 | back time: 0.8229 | lr: 0.00009055 | best AP50 acc: 0.7876 | best AP70 acc: 0.6822 | best mAP acc: 0.6420 | best mAR acc: 0.7132 | best Score: 0.6420 | best Score epoch: 11 
UAV_SEQS_2 | mAP50:90: 34.9999 | AP50: 54.9533 | AP70: 38.1516 
UAV_SEQS_37 | mAP50:90: 87.9736 | AP50: 100.0000 | AP70: 93.8613 
UAV_SEQS_45 | mAP50:90: 91.7130 | AP50: 97.0297 | AP70: 94.8059 
UAV_SEQS_47 | mAP50:90: 92.8803 | AP50: 100.0000 | AP70: 98.9932 
UAV_SEQS_55 | mAP50:90: 37.7704 | AP50: 70.2842 | AP70: 42.1564 
UAV_SEQS_59 | mAP50:90: 67.4374 | AP50: 91.7637 | AP70: 74.1277 
UAV_SEQS_6 | mAP50:90: 28.7747 | AP50: 44.8607 | AP70: 31.6226 
UAV_SEQS_63 | mAP50:90: 11.9114 | AP50: 44.5236 | AP70: 4.3259 
UAV_SEQS_65 | mAP50:90: 82.1258 | AP50: 93.7332 | AP70: 90.7305 
UAV_SEQS_7 | mAP50:90: 26.4585 | AP50: 63.9226 | AP70: 21.1455 
UAV_SEQS_71 | mAP50:90: 69.2689 | AP50: 83.5975 | AP70: 75.8640 
UAV_SEQS_73 | mAP50:90: 64.8404 | AP50: 81.6045 | AP70: 71.9590 
UAV_SEQS_74 | mAP50:90: 94.7237 | AP50: 96.2322 | AP70: 96.2322 
UAV_SEQS_77 | mAP50:90: 23.5847 | AP50: 27.4348 | AP70: 26.2204 
UAV_SEQS_8 | mAP50:90: 74.3264 | AP50: 100.0000 | AP70: 87.4707 
Overall            | mAP50:95: 59.7775 | AP50: 78.6557 | AP70: 64.0075 
epoch 16, iter    1: loss: 0.0063 | load time: 0.0058 | back time: 0.3897 | lr: 0.00009054 | best AP50 acc: 0.7876 | best AP70 acc: 0.6822 | best mAP acc: 0.6420 | best mAR acc: 0.7132 | best Score: 0.6420 | best Score epoch: 11 
epoch 16, iter   51: loss: 0.0060 | load time: 0.0001 | back time: 0.8097 | lr: 0.00009047 | best AP50 acc: 0.7876 | best AP70 acc: 0.6822 | best mAP acc: 0.6420 | best mAR acc: 0.7132 | best Score: 0.6420 | best Score epoch: 11 
epoch 16, iter  101: loss: 0.0057 | load time: 0.0002 | back time: 0.7499 | lr: 0.00009039 | best AP50 acc: 0.7876 | best AP70 acc: 0.6822 | best mAP acc: 0.6420 | best mAR acc: 0.7132 | best Score: 0.6420 | best Score epoch: 11 
epoch 16, iter  151: loss: 0.0058 | load time: 0.0001 | back time: 0.8116 | lr: 0.00009031 | best AP50 acc: 0.7876 | best AP70 acc: 0.6822 | best mAP acc: 0.6420 | best mAR acc: 0.7132 | best Score: 0.6420 | best Score epoch: 11 
epoch 16, iter  201: loss: 0.0057 | load time: 0.0002 | back time: 0.8151 | lr: 0.00009022 | best AP50 acc: 0.7876 | best AP70 acc: 0.6822 | best mAP acc: 0.6420 | best mAR acc: 0.7132 | best Score: 0.6420 | best Score epoch: 11 
epoch 16, iter  251: loss: 0.0062 | load time: 0.0003 | back time: 0.8136 | lr: 0.00009014 | best AP50 acc: 0.7876 | best AP70 acc: 0.6822 | best mAP acc: 0.6420 | best mAR acc: 0.7132 | best Score: 0.6420 | best Score epoch: 11 
epoch 16, iter  301: loss: 0.0065 | load time: 0.0001 | back time: 0.8140 | lr: 0.00009006 | best AP50 acc: 0.7876 | best AP70 acc: 0.6822 | best mAP acc: 0.6420 | best mAR acc: 0.7132 | best Score: 0.6420 | best Score epoch: 11 
epoch 16, iter  351: loss: 0.0056 | load time: 0.0003 | back time: 0.8154 | lr: 0.00008998 | best AP50 acc: 0.7876 | best AP70 acc: 0.6822 | best mAP acc: 0.6420 | best mAR acc: 0.7132 | best Score: 0.6420 | best Score epoch: 11 
epoch 16, iter  401: loss: 0.0061 | load time: 0.0003 | back time: 0.8807 | lr: 0.00008990 | best AP50 acc: 0.7876 | best AP70 acc: 0.6822 | best mAP acc: 0.6420 | best mAR acc: 0.7132 | best Score: 0.6420 | best Score epoch: 11 
epoch 16, iter  451: loss: 0.0059 | load time: 0.0003 | back time: 0.8353 | lr: 0.00008982 | best AP50 acc: 0.7876 | best AP70 acc: 0.6822 | best mAP acc: 0.6420 | best mAR acc: 0.7132 | best Score: 0.6420 | best Score epoch: 11 
epoch 16, iter  501: loss: 0.0060 | load time: 0.0003 | back time: 0.8298 | lr: 0.00008974 | best AP50 acc: 0.7876 | best AP70 acc: 0.6822 | best mAP acc: 0.6420 | best mAR acc: 0.7132 | best Score: 0.6420 | best Score epoch: 11 
epoch 16, iter  551: loss: 0.0063 | load time: 0.0003 | back time: 0.8303 | lr: 0.00008965 | best AP50 acc: 0.7876 | best AP70 acc: 0.6822 | best mAP acc: 0.6420 | best mAR acc: 0.7132 | best Score: 0.6420 | best Score epoch: 11 
epoch 16, iter  601: loss: 0.0057 | load time: 0.0003 | back time: 0.8320 | lr: 0.00008957 | best AP50 acc: 0.7876 | best AP70 acc: 0.6822 | best mAP acc: 0.6420 | best mAR acc: 0.7132 | best Score: 0.6420 | best Score epoch: 11 
epoch 16, iter  651: loss: 0.0058 | load time: 0.0001 | back time: 0.8283 | lr: 0.00008949 | best AP50 acc: 0.7876 | best AP70 acc: 0.6822 | best mAP acc: 0.6420 | best mAR acc: 0.7132 | best Score: 0.6420 | best Score epoch: 11 
epoch 16, iter  701: loss: 0.0064 | load time: 0.0001 | back time: 0.8352 | lr: 0.00008940 | best AP50 acc: 0.7876 | best AP70 acc: 0.6822 | best mAP acc: 0.6420 | best mAR acc: 0.7132 | best Score: 0.6420 | best Score epoch: 11 
epoch 16, iter  751: loss: 0.0060 | load time: 0.0002 | back time: 0.8307 | lr: 0.00008932 | best AP50 acc: 0.7876 | best AP70 acc: 0.6822 | best mAP acc: 0.6420 | best mAR acc: 0.7132 | best Score: 0.6420 | best Score epoch: 11 
epoch 16, iter  801: loss: 0.0062 | load time: 0.0002 | back time: 0.7459 | lr: 0.00008924 | best AP50 acc: 0.7876 | best AP70 acc: 0.6822 | best mAP acc: 0.6420 | best mAR acc: 0.7132 | best Score: 0.6420 | best Score epoch: 11 
epoch 16, iter  851: loss: 0.0058 | load time: 0.0002 | back time: 0.8282 | lr: 0.00008915 | best AP50 acc: 0.7876 | best AP70 acc: 0.6822 | best mAP acc: 0.6420 | best mAR acc: 0.7132 | best Score: 0.6420 | best Score epoch: 11 
epoch 16, iter  901: loss: 0.0060 | load time: 0.0003 | back time: 0.8160 | lr: 0.00008907 | best AP50 acc: 0.7876 | best AP70 acc: 0.6822 | best mAP acc: 0.6420 | best mAR acc: 0.7132 | best Score: 0.6420 | best Score epoch: 11 
epoch 16, iter  951: loss: 0.0063 | load time: 0.0003 | back time: 0.8195 | lr: 0.00008898 | best AP50 acc: 0.7876 | best AP70 acc: 0.6822 | best mAP acc: 0.6420 | best mAR acc: 0.7132 | best Score: 0.6420 | best Score epoch: 11 
epoch 16, iter 1001: loss: 0.0059 | load time: 0.0001 | back time: 0.8285 | lr: 0.00008890 | best AP50 acc: 0.7876 | best AP70 acc: 0.6822 | best mAP acc: 0.6420 | best mAR acc: 0.7132 | best Score: 0.6420 | best Score epoch: 11 
epoch 16, iter 1051: loss: 0.0061 | load time: 0.0002 | back time: 0.8141 | lr: 0.00008881 | best AP50 acc: 0.7876 | best AP70 acc: 0.6822 | best mAP acc: 0.6420 | best mAR acc: 0.7132 | best Score: 0.6420 | best Score epoch: 11 
epoch 16, iter 1101: loss: 0.0056 | load time: 0.0002 | back time: 0.8127 | lr: 0.00008873 | best AP50 acc: 0.7876 | best AP70 acc: 0.6822 | best mAP acc: 0.6420 | best mAR acc: 0.7132 | best Score: 0.6420 | best Score epoch: 11 
epoch 16, iter 1151: loss: 0.0060 | load time: 0.0001 | back time: 0.8111 | lr: 0.00008864 | best AP50 acc: 0.7876 | best AP70 acc: 0.6822 | best mAP acc: 0.6420 | best mAR acc: 0.7132 | best Score: 0.6420 | best Score epoch: 11 
UAV_SEQS_2 | mAP50:90: 54.5404 | AP50: 85.3358 | AP70: 52.7194 
UAV_SEQS_37 | mAP50:90: 72.2469 | AP50: 91.5005 | AP70: 75.9149 
UAV_SEQS_45 | mAP50:90: 55.5675 | AP50: 90.9672 | AP70: 55.4663 
UAV_SEQS_47 | mAP50:90: 81.6710 | AP50: 96.7171 | AP70: 85.7998 
UAV_SEQS_55 | mAP50:90: 29.2700 | AP50: 51.8498 | AP70: 31.1192 
UAV_SEQS_59 | mAP50:90: 26.1886 | AP50: 70.3722 | AP70: 17.0996 
UAV_SEQS_6 | mAP50:90: 18.4108 | AP50: 28.4857 | AP70: 18.1241 
UAV_SEQS_63 | mAP50:90: 17.2290 | AP50: 57.4275 | AP70: 5.1617 
UAV_SEQS_65 | mAP50:90: 54.9784 | AP50: 87.2169 | AP70: 59.8086 
UAV_SEQS_7 | mAP50:90: 43.7305 | AP50: 94.8377 | AP70: 16.9731 
UAV_SEQS_71 | mAP50:90: 23.5581 | AP50: 50.2431 | AP70: 22.3861 
UAV_SEQS_73 | mAP50:90: 31.9983 | AP50: 57.3030 | AP70: 34.7780 
UAV_SEQS_74 | mAP50:90: 67.3598 | AP50: 94.0594 | AP70: 73.0504 
UAV_SEQS_77 | mAP50:90: 4.9901 | AP50: 6.5671 | AP70: 4.9976 
UAV_SEQS_8 | mAP50:90: 72.3227 | AP50: 100.0000 | AP70: 78.8177 
Overall            | mAP50:95: 41.5621 | AP50: 71.0946 | AP70: 39.0429 
epoch 17, iter    1: loss: 0.0059 | load time: 0.0059 | back time: 0.4220 | lr: 0.00008864 | best AP50 acc: 0.7876 | best AP70 acc: 0.6822 | best mAP acc: 0.6420 | best mAR acc: 0.7132 | best Score: 0.6420 | best Score epoch: 11 
epoch 17, iter   51: loss: 0.0060 | load time: 0.0003 | back time: 0.8362 | lr: 0.00008855 | best AP50 acc: 0.7876 | best AP70 acc: 0.6822 | best mAP acc: 0.6420 | best mAR acc: 0.7132 | best Score: 0.6420 | best Score epoch: 11 
epoch 17, iter  101: loss: 0.0060 | load time: 0.0001 | back time: 0.8281 | lr: 0.00008847 | best AP50 acc: 0.7876 | best AP70 acc: 0.6822 | best mAP acc: 0.6420 | best mAR acc: 0.7132 | best Score: 0.6420 | best Score epoch: 11 
epoch 17, iter  151: loss: 0.0056 | load time: 0.0002 | back time: 0.8255 | lr: 0.00008838 | best AP50 acc: 0.7876 | best AP70 acc: 0.6822 | best mAP acc: 0.6420 | best mAR acc: 0.7132 | best Score: 0.6420 | best Score epoch: 11 
epoch 17, iter  201: loss: 0.0059 | load time: 0.0005 | back time: 0.8261 | lr: 0.00008829 | best AP50 acc: 0.7876 | best AP70 acc: 0.6822 | best mAP acc: 0.6420 | best mAR acc: 0.7132 | best Score: 0.6420 | best Score epoch: 11 
epoch 17, iter  251: loss: 0.0055 | load time: 0.0001 | back time: 0.8470 | lr: 0.00008820 | best AP50 acc: 0.7876 | best AP70 acc: 0.6822 | best mAP acc: 0.6420 | best mAR acc: 0.7132 | best Score: 0.6420 | best Score epoch: 11 
epoch 17, iter  301: loss: 0.0057 | load time: 0.0002 | back time: 0.8150 | lr: 0.00008812 | best AP50 acc: 0.7876 | best AP70 acc: 0.6822 | best mAP acc: 0.6420 | best mAR acc: 0.7132 | best Score: 0.6420 | best Score epoch: 11 
epoch 17, iter  351: loss: 0.0057 | load time: 0.0002 | back time: 0.8230 | lr: 0.00008803 | best AP50 acc: 0.7876 | best AP70 acc: 0.6822 | best mAP acc: 0.6420 | best mAR acc: 0.7132 | best Score: 0.6420 | best Score epoch: 11 
epoch 17, iter  401: loss: 0.0059 | load time: 0.0002 | back time: 0.8354 | lr: 0.00008794 | best AP50 acc: 0.7876 | best AP70 acc: 0.6822 | best mAP acc: 0.6420 | best mAR acc: 0.7132 | best Score: 0.6420 | best Score epoch: 11 
epoch 17, iter  451: loss: 0.0060 | load time: 0.0001 | back time: 0.8280 | lr: 0.00008785 | best AP50 acc: 0.7876 | best AP70 acc: 0.6822 | best mAP acc: 0.6420 | best mAR acc: 0.7132 | best Score: 0.6420 | best Score epoch: 11 
epoch 17, iter  501: loss: 0.0057 | load time: 0.0002 | back time: 0.8230 | lr: 0.00008776 | best AP50 acc: 0.7876 | best AP70 acc: 0.6822 | best mAP acc: 0.6420 | best mAR acc: 0.7132 | best Score: 0.6420 | best Score epoch: 11 
epoch 17, iter  551: loss: 0.0057 | load time: 0.0002 | back time: 0.8265 | lr: 0.00008768 | best AP50 acc: 0.7876 | best AP70 acc: 0.6822 | best mAP acc: 0.6420 | best mAR acc: 0.7132 | best Score: 0.6420 | best Score epoch: 11 
epoch 17, iter  601: loss: 0.0059 | load time: 0.0002 | back time: 0.8277 | lr: 0.00008759 | best AP50 acc: 0.7876 | best AP70 acc: 0.6822 | best mAP acc: 0.6420 | best mAR acc: 0.7132 | best Score: 0.6420 | best Score epoch: 11 
epoch 17, iter  651: loss: 0.0063 | load time: 0.0002 | back time: 0.8273 | lr: 0.00008750 | best AP50 acc: 0.7876 | best AP70 acc: 0.6822 | best mAP acc: 0.6420 | best mAR acc: 0.7132 | best Score: 0.6420 | best Score epoch: 11 
epoch 17, iter  701: loss: 0.0057 | load time: 0.0002 | back time: 0.8288 | lr: 0.00008741 | best AP50 acc: 0.7876 | best AP70 acc: 0.6822 | best mAP acc: 0.6420 | best mAR acc: 0.7132 | best Score: 0.6420 | best Score epoch: 11 
epoch 17, iter  751: loss: 0.0058 | load time: 0.0002 | back time: 0.8344 | lr: 0.00008732 | best AP50 acc: 0.7876 | best AP70 acc: 0.6822 | best mAP acc: 0.6420 | best mAR acc: 0.7132 | best Score: 0.6420 | best Score epoch: 11 
epoch 17, iter  801: loss: 0.0058 | load time: 0.0001 | back time: 0.8313 | lr: 0.00008723 | best AP50 acc: 0.7876 | best AP70 acc: 0.6822 | best mAP acc: 0.6420 | best mAR acc: 0.7132 | best Score: 0.6420 | best Score epoch: 11 
epoch 17, iter  851: loss: 0.0055 | load time: 0.0001 | back time: 0.8136 | lr: 0.00008714 | best AP50 acc: 0.7876 | best AP70 acc: 0.6822 | best mAP acc: 0.6420 | best mAR acc: 0.7132 | best Score: 0.6420 | best Score epoch: 11 
epoch 17, iter  901: loss: 0.0058 | load time: 0.0003 | back time: 0.8235 | lr: 0.00008704 | best AP50 acc: 0.7876 | best AP70 acc: 0.6822 | best mAP acc: 0.6420 | best mAR acc: 0.7132 | best Score: 0.6420 | best Score epoch: 11 
epoch 17, iter  951: loss: 0.0056 | load time: 0.0002 | back time: 0.8156 | lr: 0.00008695 | best AP50 acc: 0.7876 | best AP70 acc: 0.6822 | best mAP acc: 0.6420 | best mAR acc: 0.7132 | best Score: 0.6420 | best Score epoch: 11 
epoch 17, iter 1001: loss: 0.0056 | load time: 0.0002 | back time: 0.8194 | lr: 0.00008686 | best AP50 acc: 0.7876 | best AP70 acc: 0.6822 | best mAP acc: 0.6420 | best mAR acc: 0.7132 | best Score: 0.6420 | best Score epoch: 11 
epoch 17, iter 1051: loss: 0.0056 | load time: 0.0002 | back time: 0.8183 | lr: 0.00008677 | best AP50 acc: 0.7876 | best AP70 acc: 0.6822 | best mAP acc: 0.6420 | best mAR acc: 0.7132 | best Score: 0.6420 | best Score epoch: 11 
epoch 17, iter 1101: loss: 0.0057 | load time: 0.0002 | back time: 0.8129 | lr: 0.00008668 | best AP50 acc: 0.7876 | best AP70 acc: 0.6822 | best mAP acc: 0.6420 | best mAR acc: 0.7132 | best Score: 0.6420 | best Score epoch: 11 
epoch 17, iter 1151: loss: 0.0056 | load time: 0.0001 | back time: 0.8247 | lr: 0.00008659 | best AP50 acc: 0.7876 | best AP70 acc: 0.6822 | best mAP acc: 0.6420 | best mAR acc: 0.7132 | best Score: 0.6420 | best Score epoch: 11 
UAV_SEQS_2 | mAP50:90: 34.9338 | AP50: 67.6750 | AP70: 32.1349 
UAV_SEQS_37 | mAP50:90: 86.7742 | AP50: 100.0000 | AP70: 95.7088 
UAV_SEQS_45 | mAP50:90: 93.9228 | AP50: 96.9994 | AP70: 96.9994 
UAV_SEQS_47 | mAP50:90: 91.8561 | AP50: 100.0000 | AP70: 94.7750 
UAV_SEQS_55 | mAP50:90: 39.6298 | AP50: 66.1139 | AP70: 47.6498 
UAV_SEQS_59 | mAP50:90: 71.9538 | AP50: 92.4969 | AP70: 77.4789 
UAV_SEQS_6 | mAP50:90: 62.0585 | AP50: 73.9451 | AP70: 66.9614 
UAV_SEQS_63 | mAP50:90: 12.8994 | AP50: 48.3443 | AP70: 1.6536 
UAV_SEQS_65 | mAP50:90: 84.9254 | AP50: 96.5411 | AP70: 90.7291 
UAV_SEQS_7 | mAP50:90: 59.0283 | AP50: 82.3420 | AP70: 63.7982 
UAV_SEQS_71 | mAP50:90: 78.1781 | AP50: 89.5203 | AP70: 85.8724 
UAV_SEQS_73 | mAP50:90: 60.1374 | AP50: 80.9348 | AP70: 68.6615 
UAV_SEQS_74 | mAP50:90: 98.7538 | AP50: 98.9707 | AP70: 98.9707 
UAV_SEQS_77 | mAP50:90: 51.1277 | AP50: 53.1750 | AP70: 52.3196 
UAV_SEQS_8 | mAP50:90: 70.4742 | AP50: 97.3142 | AP70: 85.2582 
Overall            | mAP50:95: 66.8795 | AP50: 84.1524 | AP70: 70.8855 
epoch 18, iter    1: loss: 0.0059 | load time: 0.0061 | back time: 0.5055 | lr: 0.00008658 | best AP50 acc: 0.8415 | best AP70 acc: 0.7089 | best mAP acc: 0.6688 | best mAR acc: 0.7445 | best Score: 0.6688 | best Score epoch: 17 
epoch 18, iter   51: loss: 0.0060 | load time: 0.0002 | back time: 0.8214 | lr: 0.00008649 | best AP50 acc: 0.8415 | best AP70 acc: 0.7089 | best mAP acc: 0.6688 | best mAR acc: 0.7445 | best Score: 0.6688 | best Score epoch: 17 
epoch 18, iter  101: loss: 0.0057 | load time: 0.0004 | back time: 0.8102 | lr: 0.00008640 | best AP50 acc: 0.8415 | best AP70 acc: 0.7089 | best mAP acc: 0.6688 | best mAR acc: 0.7445 | best Score: 0.6688 | best Score epoch: 17 
epoch 18, iter  151: loss: 0.0056 | load time: 0.0003 | back time: 0.8118 | lr: 0.00008630 | best AP50 acc: 0.8415 | best AP70 acc: 0.7089 | best mAP acc: 0.6688 | best mAR acc: 0.7445 | best Score: 0.6688 | best Score epoch: 17 
epoch 18, iter  201: loss: 0.0060 | load time: 0.0002 | back time: 0.8767 | lr: 0.00008621 | best AP50 acc: 0.8415 | best AP70 acc: 0.7089 | best mAP acc: 0.6688 | best mAR acc: 0.7445 | best Score: 0.6688 | best Score epoch: 17 
epoch 18, iter  251: loss: 0.0057 | load time: 0.0001 | back time: 0.8193 | lr: 0.00008612 | best AP50 acc: 0.8415 | best AP70 acc: 0.7089 | best mAP acc: 0.6688 | best mAR acc: 0.7445 | best Score: 0.6688 | best Score epoch: 17 
epoch 18, iter  301: loss: 0.0065 | load time: 0.0002 | back time: 0.8479 | lr: 0.00008602 | best AP50 acc: 0.8415 | best AP70 acc: 0.7089 | best mAP acc: 0.6688 | best mAR acc: 0.7445 | best Score: 0.6688 | best Score epoch: 17 
epoch 18, iter  351: loss: 0.0060 | load time: 0.0002 | back time: 0.8235 | lr: 0.00008593 | best AP50 acc: 0.8415 | best AP70 acc: 0.7089 | best mAP acc: 0.6688 | best mAR acc: 0.7445 | best Score: 0.6688 | best Score epoch: 17 
epoch 18, iter  401: loss: 0.0058 | load time: 0.0001 | back time: 0.8234 | lr: 0.00008583 | best AP50 acc: 0.8415 | best AP70 acc: 0.7089 | best mAP acc: 0.6688 | best mAR acc: 0.7445 | best Score: 0.6688 | best Score epoch: 17 
epoch 18, iter  451: loss: 0.0060 | load time: 0.0002 | back time: 0.8336 | lr: 0.00008574 | best AP50 acc: 0.8415 | best AP70 acc: 0.7089 | best mAP acc: 0.6688 | best mAR acc: 0.7445 | best Score: 0.6688 | best Score epoch: 17 
epoch 18, iter  501: loss: 0.0058 | load time: 0.0002 | back time: 0.8260 | lr: 0.00008564 | best AP50 acc: 0.8415 | best AP70 acc: 0.7089 | best mAP acc: 0.6688 | best mAR acc: 0.7445 | best Score: 0.6688 | best Score epoch: 17 
epoch 18, iter  551: loss: 0.0059 | load time: 0.0002 | back time: 0.8150 | lr: 0.00008555 | best AP50 acc: 0.8415 | best AP70 acc: 0.7089 | best mAP acc: 0.6688 | best mAR acc: 0.7445 | best Score: 0.6688 | best Score epoch: 17 
epoch 18, iter  601: loss: 0.0059 | load time: 0.0001 | back time: 0.8267 | lr: 0.00008545 | best AP50 acc: 0.8415 | best AP70 acc: 0.7089 | best mAP acc: 0.6688 | best mAR acc: 0.7445 | best Score: 0.6688 | best Score epoch: 17 
epoch 18, iter  651: loss: 0.0055 | load time: 0.0002 | back time: 0.8178 | lr: 0.00008536 | best AP50 acc: 0.8415 | best AP70 acc: 0.7089 | best mAP acc: 0.6688 | best mAR acc: 0.7445 | best Score: 0.6688 | best Score epoch: 17 
epoch 18, iter  701: loss: 0.0056 | load time: 0.0002 | back time: 0.8345 | lr: 0.00008526 | best AP50 acc: 0.8415 | best AP70 acc: 0.7089 | best mAP acc: 0.6688 | best mAR acc: 0.7445 | best Score: 0.6688 | best Score epoch: 17 
epoch 18, iter  751: loss: 0.0062 | load time: 0.0002 | back time: 0.8297 | lr: 0.00008517 | best AP50 acc: 0.8415 | best AP70 acc: 0.7089 | best mAP acc: 0.6688 | best mAR acc: 0.7445 | best Score: 0.6688 | best Score epoch: 17 
epoch 18, iter  801: loss: 0.0059 | load time: 0.0002 | back time: 0.8121 | lr: 0.00008507 | best AP50 acc: 0.8415 | best AP70 acc: 0.7089 | best mAP acc: 0.6688 | best mAR acc: 0.7445 | best Score: 0.6688 | best Score epoch: 17 
epoch 18, iter  851: loss: 0.0062 | load time: 0.0001 | back time: 0.8805 | lr: 0.00008497 | best AP50 acc: 0.8415 | best AP70 acc: 0.7089 | best mAP acc: 0.6688 | best mAR acc: 0.7445 | best Score: 0.6688 | best Score epoch: 17 
epoch 18, iter  901: loss: 0.0057 | load time: 0.0002 | back time: 0.8120 | lr: 0.00008488 | best AP50 acc: 0.8415 | best AP70 acc: 0.7089 | best mAP acc: 0.6688 | best mAR acc: 0.7445 | best Score: 0.6688 | best Score epoch: 17 
epoch 18, iter  951: loss: 0.0060 | load time: 0.0002 | back time: 0.8488 | lr: 0.00008478 | best AP50 acc: 0.8415 | best AP70 acc: 0.7089 | best mAP acc: 0.6688 | best mAR acc: 0.7445 | best Score: 0.6688 | best Score epoch: 17 
epoch 18, iter 1001: loss: 0.0060 | load time: 0.0003 | back time: 0.8141 | lr: 0.00008468 | best AP50 acc: 0.8415 | best AP70 acc: 0.7089 | best mAP acc: 0.6688 | best mAR acc: 0.7445 | best Score: 0.6688 | best Score epoch: 17 
epoch 18, iter 1051: loss: 0.0058 | load time: 0.0002 | back time: 0.8309 | lr: 0.00008458 | best AP50 acc: 0.8415 | best AP70 acc: 0.7089 | best mAP acc: 0.6688 | best mAR acc: 0.7445 | best Score: 0.6688 | best Score epoch: 17 
epoch 18, iter 1101: loss: 0.0059 | load time: 0.0003 | back time: 0.8320 | lr: 0.00008449 | best AP50 acc: 0.8415 | best AP70 acc: 0.7089 | best mAP acc: 0.6688 | best mAR acc: 0.7445 | best Score: 0.6688 | best Score epoch: 17 
epoch 18, iter 1151: loss: 0.0058 | load time: 0.0005 | back time: 0.8197 | lr: 0.00008439 | best AP50 acc: 0.8415 | best AP70 acc: 0.7089 | best mAP acc: 0.6688 | best mAR acc: 0.7445 | best Score: 0.6688 | best Score epoch: 17 
UAV_SEQS_2 | mAP50:90: 31.7251 | AP50: 56.9839 | AP70: 31.6475 
UAV_SEQS_37 | mAP50:90: 85.6392 | AP50: 100.0000 | AP70: 91.5056 
UAV_SEQS_45 | mAP50:90: 91.6383 | AP50: 95.0023 | AP70: 93.7061 
UAV_SEQS_47 | mAP50:90: 85.0200 | AP50: 98.9077 | AP70: 88.7200 
UAV_SEQS_55 | mAP50:90: 46.3118 | AP50: 72.6783 | AP70: 51.3978 
UAV_SEQS_59 | mAP50:90: 75.9406 | AP50: 96.4966 | AP70: 79.9185 
UAV_SEQS_6 | mAP50:90: 34.0978 | AP50: 43.9305 | AP70: 36.9132 
UAV_SEQS_63 | mAP50:90: 20.0754 | AP50: 65.4268 | AP70: 5.2139 
UAV_SEQS_65 | mAP50:90: 84.4478 | AP50: 94.8034 | AP70: 89.1730 
UAV_SEQS_7 | mAP50:90: 44.4285 | AP50: 78.7163 | AP70: 42.2408 
UAV_SEQS_71 | mAP50:90: 69.1526 | AP50: 91.3817 | AP70: 73.0069 
UAV_SEQS_73 | mAP50:90: 66.3325 | AP50: 84.6195 | AP70: 73.6004 
UAV_SEQS_74 | mAP50:90: 94.3511 | AP50: 94.6215 | AP70: 94.6215 
UAV_SEQS_77 | mAP50:90: 37.4826 | AP50: 39.8300 | AP70: 37.9809 
UAV_SEQS_8 | mAP50:90: 83.1119 | AP50: 98.0098 | AP70: 86.3163 
Overall            | mAP50:95: 64.5811 | AP50: 82.3103 | AP70: 66.7681 
epoch 19, iter    1: loss: 0.0060 | load time: 0.0060 | back time: 0.4285 | lr: 0.00008438 | best AP50 acc: 0.8415 | best AP70 acc: 0.7089 | best mAP acc: 0.6688 | best mAR acc: 0.7445 | best Score: 0.6688 | best Score epoch: 17 
epoch 19, iter   51: loss: 0.0058 | load time: 0.0002 | back time: 0.8214 | lr: 0.00008428 | best AP50 acc: 0.8415 | best AP70 acc: 0.7089 | best mAP acc: 0.6688 | best mAR acc: 0.7445 | best Score: 0.6688 | best Score epoch: 17 
epoch 19, iter  101: loss: 0.0057 | load time: 0.0001 | back time: 0.8295 | lr: 0.00008419 | best AP50 acc: 0.8415 | best AP70 acc: 0.7089 | best mAP acc: 0.6688 | best mAR acc: 0.7445 | best Score: 0.6688 | best Score epoch: 17 
epoch 19, iter  151: loss: 0.0059 | load time: 0.0001 | back time: 0.8277 | lr: 0.00008409 | best AP50 acc: 0.8415 | best AP70 acc: 0.7089 | best mAP acc: 0.6688 | best mAR acc: 0.7445 | best Score: 0.6688 | best Score epoch: 17 
epoch 19, iter  201: loss: 0.0057 | load time: 0.0002 | back time: 0.8313 | lr: 0.00008399 | best AP50 acc: 0.8415 | best AP70 acc: 0.7089 | best mAP acc: 0.6688 | best mAR acc: 0.7445 | best Score: 0.6688 | best Score epoch: 17 
epoch 19, iter  251: loss: 0.0060 | load time: 0.0002 | back time: 0.8411 | lr: 0.00008389 | best AP50 acc: 0.8415 | best AP70 acc: 0.7089 | best mAP acc: 0.6688 | best mAR acc: 0.7445 | best Score: 0.6688 | best Score epoch: 17 
epoch 19, iter  301: loss: 0.0061 | load time: 0.0002 | back time: 0.8283 | lr: 0.00008379 | best AP50 acc: 0.8415 | best AP70 acc: 0.7089 | best mAP acc: 0.6688 | best mAR acc: 0.7445 | best Score: 0.6688 | best Score epoch: 17 
epoch 19, iter  351: loss: 0.0056 | load time: 0.0002 | back time: 0.8287 | lr: 0.00008369 | best AP50 acc: 0.8415 | best AP70 acc: 0.7089 | best mAP acc: 0.6688 | best mAR acc: 0.7445 | best Score: 0.6688 | best Score epoch: 17 
epoch 19, iter  401: loss: 0.0059 | load time: 0.0002 | back time: 0.8294 | lr: 0.00008359 | best AP50 acc: 0.8415 | best AP70 acc: 0.7089 | best mAP acc: 0.6688 | best mAR acc: 0.7445 | best Score: 0.6688 | best Score epoch: 17 
epoch 19, iter  451: loss: 0.0061 | load time: 0.0002 | back time: 0.8402 | lr: 0.00008349 | best AP50 acc: 0.8415 | best AP70 acc: 0.7089 | best mAP acc: 0.6688 | best mAR acc: 0.7445 | best Score: 0.6688 | best Score epoch: 17 
epoch 19, iter  501: loss: 0.0058 | load time: 0.0002 | back time: 0.8290 | lr: 0.00008339 | best AP50 acc: 0.8415 | best AP70 acc: 0.7089 | best mAP acc: 0.6688 | best mAR acc: 0.7445 | best Score: 0.6688 | best Score epoch: 17 
epoch 19, iter  551: loss: 0.0057 | load time: 0.0002 | back time: 0.8358 | lr: 0.00008329 | best AP50 acc: 0.8415 | best AP70 acc: 0.7089 | best mAP acc: 0.6688 | best mAR acc: 0.7445 | best Score: 0.6688 | best Score epoch: 17 
epoch 19, iter  601: loss: 0.0058 | load time: 0.0002 | back time: 0.8322 | lr: 0.00008318 | best AP50 acc: 0.8415 | best AP70 acc: 0.7089 | best mAP acc: 0.6688 | best mAR acc: 0.7445 | best Score: 0.6688 | best Score epoch: 17 
epoch 19, iter  651: loss: 0.0056 | load time: 0.0002 | back time: 0.8293 | lr: 0.00008308 | best AP50 acc: 0.8415 | best AP70 acc: 0.7089 | best mAP acc: 0.6688 | best mAR acc: 0.7445 | best Score: 0.6688 | best Score epoch: 17 
epoch 19, iter  701: loss: 0.0059 | load time: 0.0002 | back time: 0.8270 | lr: 0.00008298 | best AP50 acc: 0.8415 | best AP70 acc: 0.7089 | best mAP acc: 0.6688 | best mAR acc: 0.7445 | best Score: 0.6688 | best Score epoch: 17 
epoch 19, iter  751: loss: 0.0058 | load time: 0.0002 | back time: 0.8294 | lr: 0.00008288 | best AP50 acc: 0.8415 | best AP70 acc: 0.7089 | best mAP acc: 0.6688 | best mAR acc: 0.7445 | best Score: 0.6688 | best Score epoch: 17 
epoch 19, iter  801: loss: 0.0056 | load time: 0.0002 | back time: 0.8246 | lr: 0.00008278 | best AP50 acc: 0.8415 | best AP70 acc: 0.7089 | best mAP acc: 0.6688 | best mAR acc: 0.7445 | best Score: 0.6688 | best Score epoch: 17 
epoch 19, iter  851: loss: 0.0055 | load time: 0.0002 | back time: 0.8509 | lr: 0.00008267 | best AP50 acc: 0.8415 | best AP70 acc: 0.7089 | best mAP acc: 0.6688 | best mAR acc: 0.7445 | best Score: 0.6688 | best Score epoch: 17 
epoch 19, iter  901: loss: 0.0057 | load time: 0.0003 | back time: 0.8279 | lr: 0.00008257 | best AP50 acc: 0.8415 | best AP70 acc: 0.7089 | best mAP acc: 0.6688 | best mAR acc: 0.7445 | best Score: 0.6688 | best Score epoch: 17 
epoch 19, iter  951: loss: 0.0057 | load time: 0.0002 | back time: 0.8242 | lr: 0.00008247 | best AP50 acc: 0.8415 | best AP70 acc: 0.7089 | best mAP acc: 0.6688 | best mAR acc: 0.7445 | best Score: 0.6688 | best Score epoch: 17 
epoch 19, iter 1001: loss: 0.0054 | load time: 0.0001 | back time: 0.8296 | lr: 0.00008237 | best AP50 acc: 0.8415 | best AP70 acc: 0.7089 | best mAP acc: 0.6688 | best mAR acc: 0.7445 | best Score: 0.6688 | best Score epoch: 17 
epoch 19, iter 1051: loss: 0.0058 | load time: 0.0001 | back time: 0.8286 | lr: 0.00008226 | best AP50 acc: 0.8415 | best AP70 acc: 0.7089 | best mAP acc: 0.6688 | best mAR acc: 0.7445 | best Score: 0.6688 | best Score epoch: 17 
epoch 19, iter 1101: loss: 0.0059 | load time: 0.0003 | back time: 0.8226 | lr: 0.00008216 | best AP50 acc: 0.8415 | best AP70 acc: 0.7089 | best mAP acc: 0.6688 | best mAR acc: 0.7445 | best Score: 0.6688 | best Score epoch: 17 
epoch 19, iter 1151: loss: 0.0057 | load time: 0.0003 | back time: 0.8176 | lr: 0.00008205 | best AP50 acc: 0.8415 | best AP70 acc: 0.7089 | best mAP acc: 0.6688 | best mAR acc: 0.7445 | best Score: 0.6688 | best Score epoch: 17 
UAV_SEQS_2 | mAP50:90: 46.6341 | AP50: 77.0456 | AP70: 45.7874 
UAV_SEQS_37 | mAP50:90: 84.6538 | AP50: 100.0000 | AP70: 93.0726 
UAV_SEQS_45 | mAP50:90: 93.4793 | AP50: 96.9995 | AP70: 96.9995 
UAV_SEQS_47 | mAP50:90: 88.6100 | AP50: 96.5990 | AP70: 94.4976 
UAV_SEQS_55 | mAP50:90: 36.2904 | AP50: 58.3846 | AP70: 41.1192 
UAV_SEQS_59 | mAP50:90: 49.2685 | AP50: 83.1185 | AP70: 51.2972 
UAV_SEQS_6 | mAP50:90: 34.5530 | AP50: 47.5980 | AP70: 39.5380 
UAV_SEQS_63 | mAP50:90: 25.4954 | AP50: 83.1947 | AP70: 9.3102 
UAV_SEQS_65 | mAP50:90: 77.6403 | AP50: 94.8031 | AP70: 89.3355 
UAV_SEQS_7 | mAP50:90: 55.1812 | AP50: 92.4719 | AP70: 50.6904 
UAV_SEQS_71 | mAP50:90: 59.3829 | AP50: 85.1691 | AP70: 69.6184 
UAV_SEQS_73 | mAP50:90: 60.4101 | AP50: 79.3073 | AP70: 68.6765 
UAV_SEQS_74 | mAP50:90: 94.0580 | AP50: 99.0099 | AP70: 98.0131 
UAV_SEQS_77 | mAP50:90: 28.8430 | AP50: 52.6533 | AP70: 24.0772 
UAV_SEQS_8 | mAP50:90: 91.5798 | AP50: 98.9717 | AP70: 96.3609 
Overall            | mAP50:95: 62.3202 | AP50: 84.5207 | AP70: 64.8653 
epoch 20, iter    1: loss: 0.0057 | load time: 0.0059 | back time: 0.4960 | lr: 0.00008205 | best AP50 acc: 0.8415 | best AP70 acc: 0.7089 | best mAP acc: 0.6688 | best mAR acc: 0.7445 | best Score: 0.6688 | best Score epoch: 17 
epoch 20, iter   51: loss: 0.0058 | load time: 0.0003 | back time: 0.8292 | lr: 0.00008195 | best AP50 acc: 0.8415 | best AP70 acc: 0.7089 | best mAP acc: 0.6688 | best mAR acc: 0.7445 | best Score: 0.6688 | best Score epoch: 17 
epoch 20, iter  101: loss: 0.0062 | load time: 0.0001 | back time: 0.8102 | lr: 0.00008184 | best AP50 acc: 0.8415 | best AP70 acc: 0.7089 | best mAP acc: 0.6688 | best mAR acc: 0.7445 | best Score: 0.6688 | best Score epoch: 17 
epoch 20, iter  151: loss: 0.0056 | load time: 0.0002 | back time: 0.8239 | lr: 0.00008174 | best AP50 acc: 0.8415 | best AP70 acc: 0.7089 | best mAP acc: 0.6688 | best mAR acc: 0.7445 | best Score: 0.6688 | best Score epoch: 17 
epoch 20, iter  201: loss: 0.0057 | load time: 0.0002 | back time: 0.8231 | lr: 0.00008163 | best AP50 acc: 0.8415 | best AP70 acc: 0.7089 | best mAP acc: 0.6688 | best mAR acc: 0.7445 | best Score: 0.6688 | best Score epoch: 17 
epoch 20, iter  251: loss: 0.0057 | load time: 0.0001 | back time: 0.8262 | lr: 0.00008153 | best AP50 acc: 0.8415 | best AP70 acc: 0.7089 | best mAP acc: 0.6688 | best mAR acc: 0.7445 | best Score: 0.6688 | best Score epoch: 17 
epoch 20, iter  301: loss: 0.0056 | load time: 0.0002 | back time: 0.8137 | lr: 0.00008142 | best AP50 acc: 0.8415 | best AP70 acc: 0.7089 | best mAP acc: 0.6688 | best mAR acc: 0.7445 | best Score: 0.6688 | best Score epoch: 17 
epoch 20, iter  351: loss: 0.0057 | load time: 0.0002 | back time: 0.8327 | lr: 0.00008132 | best AP50 acc: 0.8415 | best AP70 acc: 0.7089 | best mAP acc: 0.6688 | best mAR acc: 0.7445 | best Score: 0.6688 | best Score epoch: 17 
epoch 20, iter  401: loss: 0.0057 | load time: 0.0001 | back time: 0.8254 | lr: 0.00008121 | best AP50 acc: 0.8415 | best AP70 acc: 0.7089 | best mAP acc: 0.6688 | best mAR acc: 0.7445 | best Score: 0.6688 | best Score epoch: 17 
epoch 20, iter  451: loss: 0.0060 | load time: 0.0002 | back time: 0.8171 | lr: 0.00008110 | best AP50 acc: 0.8415 | best AP70 acc: 0.7089 | best mAP acc: 0.6688 | best mAR acc: 0.7445 | best Score: 0.6688 | best Score epoch: 17 
epoch 20, iter  501: loss: 0.0058 | load time: 0.0001 | back time: 0.8127 | lr: 0.00008100 | best AP50 acc: 0.8415 | best AP70 acc: 0.7089 | best mAP acc: 0.6688 | best mAR acc: 0.7445 | best Score: 0.6688 | best Score epoch: 17 
epoch 20, iter  551: loss: 0.0056 | load time: 0.0002 | back time: 0.8394 | lr: 0.00008089 | best AP50 acc: 0.8415 | best AP70 acc: 0.7089 | best mAP acc: 0.6688 | best mAR acc: 0.7445 | best Score: 0.6688 | best Score epoch: 17 
epoch 20, iter  601: loss: 0.0058 | load time: 0.0002 | back time: 0.8185 | lr: 0.00008079 | best AP50 acc: 0.8415 | best AP70 acc: 0.7089 | best mAP acc: 0.6688 | best mAR acc: 0.7445 | best Score: 0.6688 | best Score epoch: 17 
epoch 20, iter  651: loss: 0.0059 | load time: 0.0003 | back time: 0.8269 | lr: 0.00008068 | best AP50 acc: 0.8415 | best AP70 acc: 0.7089 | best mAP acc: 0.6688 | best mAR acc: 0.7445 | best Score: 0.6688 | best Score epoch: 17 
epoch 20, iter  701: loss: 0.0059 | load time: 0.0003 | back time: 0.8176 | lr: 0.00008057 | best AP50 acc: 0.8415 | best AP70 acc: 0.7089 | best mAP acc: 0.6688 | best mAR acc: 0.7445 | best Score: 0.6688 | best Score epoch: 17 
epoch 20, iter  751: loss: 0.0063 | load time: 0.0002 | back time: 0.8165 | lr: 0.00008046 | best AP50 acc: 0.8415 | best AP70 acc: 0.7089 | best mAP acc: 0.6688 | best mAR acc: 0.7445 | best Score: 0.6688 | best Score epoch: 17 
epoch 20, iter  801: loss: 0.0058 | load time: 0.0002 | back time: 0.8067 | lr: 0.00008036 | best AP50 acc: 0.8415 | best AP70 acc: 0.7089 | best mAP acc: 0.6688 | best mAR acc: 0.7445 | best Score: 0.6688 | best Score epoch: 17 
epoch 20, iter  851: loss: 0.0058 | load time: 0.0002 | back time: 0.8217 | lr: 0.00008025 | best AP50 acc: 0.8415 | best AP70 acc: 0.7089 | best mAP acc: 0.6688 | best mAR acc: 0.7445 | best Score: 0.6688 | best Score epoch: 17 
epoch 20, iter  901: loss: 0.0059 | load time: 0.0002 | back time: 0.8264 | lr: 0.00008014 | best AP50 acc: 0.8415 | best AP70 acc: 0.7089 | best mAP acc: 0.6688 | best mAR acc: 0.7445 | best Score: 0.6688 | best Score epoch: 17 
epoch 20, iter  951: loss: 0.0056 | load time: 0.0004 | back time: 0.8460 | lr: 0.00008003 | best AP50 acc: 0.8415 | best AP70 acc: 0.7089 | best mAP acc: 0.6688 | best mAR acc: 0.7445 | best Score: 0.6688 | best Score epoch: 17 
epoch 20, iter 1001: loss: 0.0056 | load time: 0.0003 | back time: 0.8307 | lr: 0.00007992 | best AP50 acc: 0.8415 | best AP70 acc: 0.7089 | best mAP acc: 0.6688 | best mAR acc: 0.7445 | best Score: 0.6688 | best Score epoch: 17 
epoch 20, iter 1051: loss: 0.0057 | load time: 0.0003 | back time: 0.8311 | lr: 0.00007982 | best AP50 acc: 0.8415 | best AP70 acc: 0.7089 | best mAP acc: 0.6688 | best mAR acc: 0.7445 | best Score: 0.6688 | best Score epoch: 17 
epoch 20, iter 1101: loss: 0.0057 | load time: 0.0002 | back time: 0.8280 | lr: 0.00007971 | best AP50 acc: 0.8415 | best AP70 acc: 0.7089 | best mAP acc: 0.6688 | best mAR acc: 0.7445 | best Score: 0.6688 | best Score epoch: 17 
epoch 20, iter 1151: loss: 0.0056 | load time: 0.0001 | back time: 0.8122 | lr: 0.00007960 | best AP50 acc: 0.8415 | best AP70 acc: 0.7089 | best mAP acc: 0.6688 | best mAR acc: 0.7445 | best Score: 0.6688 | best Score epoch: 17 
UAV_SEQS_2 | mAP50:90: 25.1593 | AP50: 53.9181 | AP70: 19.4959 
UAV_SEQS_37 | mAP50:90: 92.1792 | AP50: 100.0000 | AP70: 98.4012 
UAV_SEQS_45 | mAP50:90: 88.5153 | AP50: 95.9928 | AP70: 93.9132 
UAV_SEQS_47 | mAP50:90: 82.1221 | AP50: 96.0470 | AP70: 87.9790 
UAV_SEQS_55 | mAP50:90: 35.3268 | AP50: 61.3958 | AP70: 32.0525 
UAV_SEQS_59 | mAP50:90: 64.9100 | AP50: 90.3015 | AP70: 74.1054 
UAV_SEQS_6 | mAP50:90: 60.4610 | AP50: 81.5672 | AP70: 66.1520 
UAV_SEQS_63 | mAP50:90: 20.1894 | AP50: 60.1386 | AP70: 9.3462 
UAV_SEQS_65 | mAP50:90: 72.5126 | AP50: 97.5849 | AP70: 82.4795 
UAV_SEQS_7 | mAP50:90: 63.9030 | AP50: 82.2263 | AP70: 72.5468 
UAV_SEQS_71 | mAP50:90: 64.9365 | AP50: 85.9232 | AP70: 72.3394 
UAV_SEQS_73 | mAP50:90: 54.5455 | AP50: 78.3852 | AP70: 61.6128 
UAV_SEQS_74 | mAP50:90: 98.4865 | AP50: 98.9573 | AP70: 98.9573 
UAV_SEQS_77 | mAP50:90: 31.6328 | AP50: 47.1219 | AP70: 37.8068 
UAV_SEQS_8 | mAP50:90: 80.8238 | AP50: 98.9734 | AP70: 93.0940 
Overall            | mAP50:95: 64.2867 | AP50: 83.2736 | AP70: 68.8905 
epoch 21, iter    1: loss: 0.0058 | load time: 0.0054 | back time: 0.4074 | lr: 0.00007959 | best AP50 acc: 0.8415 | best AP70 acc: 0.7089 | best mAP acc: 0.6688 | best mAR acc: 0.7445 | best Score: 0.6688 | best Score epoch: 17 
epoch 21, iter   51: loss: 0.0057 | load time: 0.0003 | back time: 0.8201 | lr: 0.00007948 | best AP50 acc: 0.8415 | best AP70 acc: 0.7089 | best mAP acc: 0.6688 | best mAR acc: 0.7445 | best Score: 0.6688 | best Score epoch: 17 
epoch 21, iter  101: loss: 0.0060 | load time: 0.0002 | back time: 0.8261 | lr: 0.00007937 | best AP50 acc: 0.8415 | best AP70 acc: 0.7089 | best mAP acc: 0.6688 | best mAR acc: 0.7445 | best Score: 0.6688 | best Score epoch: 17 
epoch 21, iter  151: loss: 0.0056 | load time: 0.0002 | back time: 0.8791 | lr: 0.00007926 | best AP50 acc: 0.8415 | best AP70 acc: 0.7089 | best mAP acc: 0.6688 | best mAR acc: 0.7445 | best Score: 0.6688 | best Score epoch: 17 
epoch 21, iter  201: loss: 0.0057 | load time: 0.0002 | back time: 0.8296 | lr: 0.00007915 | best AP50 acc: 0.8415 | best AP70 acc: 0.7089 | best mAP acc: 0.6688 | best mAR acc: 0.7445 | best Score: 0.6688 | best Score epoch: 17 
epoch 21, iter  251: loss: 0.0059 | load time: 0.0001 | back time: 0.8196 | lr: 0.00007904 | best AP50 acc: 0.8415 | best AP70 acc: 0.7089 | best mAP acc: 0.6688 | best mAR acc: 0.7445 | best Score: 0.6688 | best Score epoch: 17 
epoch 21, iter  301: loss: 0.0055 | load time: 0.0002 | back time: 0.8143 | lr: 0.00007893 | best AP50 acc: 0.8415 | best AP70 acc: 0.7089 | best mAP acc: 0.6688 | best mAR acc: 0.7445 | best Score: 0.6688 | best Score epoch: 17 
epoch 21, iter  351: loss: 0.0055 | load time: 0.0002 | back time: 0.8152 | lr: 0.00007882 | best AP50 acc: 0.8415 | best AP70 acc: 0.7089 | best mAP acc: 0.6688 | best mAR acc: 0.7445 | best Score: 0.6688 | best Score epoch: 17 
epoch 21, iter  401: loss: 0.0058 | load time: 0.0002 | back time: 0.8271 | lr: 0.00007871 | best AP50 acc: 0.8415 | best AP70 acc: 0.7089 | best mAP acc: 0.6688 | best mAR acc: 0.7445 | best Score: 0.6688 | best Score epoch: 17 
epoch 21, iter  451: loss: 0.0061 | load time: 0.0002 | back time: 0.8151 | lr: 0.00007860 | best AP50 acc: 0.8415 | best AP70 acc: 0.7089 | best mAP acc: 0.6688 | best mAR acc: 0.7445 | best Score: 0.6688 | best Score epoch: 17 
epoch 21, iter  501: loss: 0.0056 | load time: 0.0002 | back time: 0.8809 | lr: 0.00007849 | best AP50 acc: 0.8415 | best AP70 acc: 0.7089 | best mAP acc: 0.6688 | best mAR acc: 0.7445 | best Score: 0.6688 | best Score epoch: 17 
epoch 21, iter  551: loss: 0.0058 | load time: 0.0003 | back time: 0.8332 | lr: 0.00007838 | best AP50 acc: 0.8415 | best AP70 acc: 0.7089 | best mAP acc: 0.6688 | best mAR acc: 0.7445 | best Score: 0.6688 | best Score epoch: 17 
epoch 21, iter  601: loss: 0.0057 | load time: 0.0003 | back time: 0.8272 | lr: 0.00007827 | best AP50 acc: 0.8415 | best AP70 acc: 0.7089 | best mAP acc: 0.6688 | best mAR acc: 0.7445 | best Score: 0.6688 | best Score epoch: 17 
epoch 21, iter  651: loss: 0.0064 | load time: 0.0002 | back time: 0.8114 | lr: 0.00007816 | best AP50 acc: 0.8415 | best AP70 acc: 0.7089 | best mAP acc: 0.6688 | best mAR acc: 0.7445 | best Score: 0.6688 | best Score epoch: 17 
epoch 21, iter  701: loss: 0.0058 | load time: 0.0002 | back time: 0.8863 | lr: 0.00007804 | best AP50 acc: 0.8415 | best AP70 acc: 0.7089 | best mAP acc: 0.6688 | best mAR acc: 0.7445 | best Score: 0.6688 | best Score epoch: 17 
epoch 21, iter  751: loss: 0.0057 | load time: 0.0002 | back time: 0.8801 | lr: 0.00007793 | best AP50 acc: 0.8415 | best AP70 acc: 0.7089 | best mAP acc: 0.6688 | best mAR acc: 0.7445 | best Score: 0.6688 | best Score epoch: 17 
epoch 21, iter  801: loss: 0.0056 | load time: 0.0002 | back time: 0.8575 | lr: 0.00007782 | best AP50 acc: 0.8415 | best AP70 acc: 0.7089 | best mAP acc: 0.6688 | best mAR acc: 0.7445 | best Score: 0.6688 | best Score epoch: 17 
epoch 21, iter  851: loss: 0.0058 | load time: 0.0001 | back time: 0.8240 | lr: 0.00007771 | best AP50 acc: 0.8415 | best AP70 acc: 0.7089 | best mAP acc: 0.6688 | best mAR acc: 0.7445 | best Score: 0.6688 | best Score epoch: 17 
epoch 21, iter  901: loss: 0.0058 | load time: 0.0002 | back time: 0.8337 | lr: 0.00007759 | best AP50 acc: 0.8415 | best AP70 acc: 0.7089 | best mAP acc: 0.6688 | best mAR acc: 0.7445 | best Score: 0.6688 | best Score epoch: 17 
epoch 21, iter  951: loss: 0.0056 | load time: 0.0002 | back time: 0.8319 | lr: 0.00007748 | best AP50 acc: 0.8415 | best AP70 acc: 0.7089 | best mAP acc: 0.6688 | best mAR acc: 0.7445 | best Score: 0.6688 | best Score epoch: 17 
epoch 21, iter 1001: loss: 0.0059 | load time: 0.0003 | back time: 0.8118 | lr: 0.00007737 | best AP50 acc: 0.8415 | best AP70 acc: 0.7089 | best mAP acc: 0.6688 | best mAR acc: 0.7445 | best Score: 0.6688 | best Score epoch: 17 
epoch 21, iter 1051: loss: 0.0058 | load time: 0.0002 | back time: 0.8189 | lr: 0.00007725 | best AP50 acc: 0.8415 | best AP70 acc: 0.7089 | best mAP acc: 0.6688 | best mAR acc: 0.7445 | best Score: 0.6688 | best Score epoch: 17 
epoch 21, iter 1101: loss: 0.0057 | load time: 0.0002 | back time: 0.8141 | lr: 0.00007714 | best AP50 acc: 0.8415 | best AP70 acc: 0.7089 | best mAP acc: 0.6688 | best mAR acc: 0.7445 | best Score: 0.6688 | best Score epoch: 17 
epoch 21, iter 1151: loss: 0.0056 | load time: 0.0001 | back time: 0.8160 | lr: 0.00007703 | best AP50 acc: 0.8415 | best AP70 acc: 0.7089 | best mAP acc: 0.6688 | best mAR acc: 0.7445 | best Score: 0.6688 | best Score epoch: 17 
UAV_SEQS_2 | mAP50:90: 45.7770 | AP50: 72.3710 | AP70: 49.4127 
UAV_SEQS_37 | mAP50:90: 94.0730 | AP50: 100.0000 | AP70: 98.6271 
UAV_SEQS_45 | mAP50:90: 90.0959 | AP50: 95.9794 | AP70: 94.8635 
UAV_SEQS_47 | mAP50:90: 86.8042 | AP50: 100.0000 | AP70: 100.0000 
UAV_SEQS_55 | mAP50:90: 39.8437 | AP50: 63.5563 | AP70: 44.2379 
UAV_SEQS_59 | mAP50:90: 66.2197 | AP50: 87.9097 | AP70: 77.8013 
UAV_SEQS_6 | mAP50:90: 44.7256 | AP50: 62.4513 | AP70: 51.5643 
UAV_SEQS_63 | mAP50:90: 16.9231 | AP50: 54.9194 | AP70: 4.7195 
UAV_SEQS_65 | mAP50:90: 82.7170 | AP50: 96.2030 | AP70: 87.5888 
UAV_SEQS_7 | mAP50:90: 52.6374 | AP50: 81.2871 | AP70: 57.5495 
UAV_SEQS_71 | mAP50:90: 69.9138 | AP50: 87.4994 | AP70: 73.7341 
UAV_SEQS_73 | mAP50:90: 64.1181 | AP50: 83.2226 | AP70: 72.6977 
UAV_SEQS_74 | mAP50:90: 96.5960 | AP50: 96.9760 | AP70: 96.9760 
UAV_SEQS_77 | mAP50:90: 37.9381 | AP50: 44.1125 | AP70: 40.2848 
UAV_SEQS_8 | mAP50:90: 83.9910 | AP50: 99.0033 | AP70: 93.2745 
Overall            | mAP50:95: 66.2943 | AP50: 83.6247 | AP70: 71.0063 
epoch 22, iter    1: loss: 0.0057 | load time: 0.0062 | back time: 0.4643 | lr: 0.00007702 | best AP50 acc: 0.8415 | best AP70 acc: 0.7089 | best mAP acc: 0.6688 | best mAR acc: 0.7445 | best Score: 0.6688 | best Score epoch: 17 
epoch 22, iter   51: loss: 0.0056 | load time: 0.0002 | back time: 0.8202 | lr: 0.00007691 | best AP50 acc: 0.8415 | best AP70 acc: 0.7089 | best mAP acc: 0.6688 | best mAR acc: 0.7445 | best Score: 0.6688 | best Score epoch: 17 
epoch 22, iter  101: loss: 0.0057 | load time: 0.0002 | back time: 0.8262 | lr: 0.00007679 | best AP50 acc: 0.8415 | best AP70 acc: 0.7089 | best mAP acc: 0.6688 | best mAR acc: 0.7445 | best Score: 0.6688 | best Score epoch: 17 
epoch 22, iter  151: loss: 0.0058 | load time: 0.0003 | back time: 0.8389 | lr: 0.00007668 | best AP50 acc: 0.8415 | best AP70 acc: 0.7089 | best mAP acc: 0.6688 | best mAR acc: 0.7445 | best Score: 0.6688 | best Score epoch: 17 
epoch 22, iter  201: loss: 0.0058 | load time: 0.0002 | back time: 0.8399 | lr: 0.00007656 | best AP50 acc: 0.8415 | best AP70 acc: 0.7089 | best mAP acc: 0.6688 | best mAR acc: 0.7445 | best Score: 0.6688 | best Score epoch: 17 
epoch 22, iter  251: loss: 0.0057 | load time: 0.0003 | back time: 0.8294 | lr: 0.00007645 | best AP50 acc: 0.8415 | best AP70 acc: 0.7089 | best mAP acc: 0.6688 | best mAR acc: 0.7445 | best Score: 0.6688 | best Score epoch: 17 
epoch 22, iter  301: loss: 0.0057 | load time: 0.0003 | back time: 0.8282 | lr: 0.00007633 | best AP50 acc: 0.8415 | best AP70 acc: 0.7089 | best mAP acc: 0.6688 | best mAR acc: 0.7445 | best Score: 0.6688 | best Score epoch: 17 
epoch 22, iter  351: loss: 0.0054 | load time: 0.0002 | back time: 0.8669 | lr: 0.00007622 | best AP50 acc: 0.8415 | best AP70 acc: 0.7089 | best mAP acc: 0.6688 | best mAR acc: 0.7445 | best Score: 0.6688 | best Score epoch: 17 
epoch 22, iter  401: loss: 0.0056 | load time: 0.0003 | back time: 0.8322 | lr: 0.00007610 | best AP50 acc: 0.8415 | best AP70 acc: 0.7089 | best mAP acc: 0.6688 | best mAR acc: 0.7445 | best Score: 0.6688 | best Score epoch: 17 
epoch 22, iter  451: loss: 0.0054 | load time: 0.0002 | back time: 0.8349 | lr: 0.00007599 | best AP50 acc: 0.8415 | best AP70 acc: 0.7089 | best mAP acc: 0.6688 | best mAR acc: 0.7445 | best Score: 0.6688 | best Score epoch: 17 
epoch 22, iter  501: loss: 0.0061 | load time: 0.0002 | back time: 0.8350 | lr: 0.00007587 | best AP50 acc: 0.8415 | best AP70 acc: 0.7089 | best mAP acc: 0.6688 | best mAR acc: 0.7445 | best Score: 0.6688 | best Score epoch: 17 
epoch 22, iter  551: loss: 0.0057 | load time: 0.0002 | back time: 0.8347 | lr: 0.00007576 | best AP50 acc: 0.8415 | best AP70 acc: 0.7089 | best mAP acc: 0.6688 | best mAR acc: 0.7445 | best Score: 0.6688 | best Score epoch: 17 
epoch 22, iter  601: loss: 0.0058 | load time: 0.0002 | back time: 0.8362 | lr: 0.00007564 | best AP50 acc: 0.8415 | best AP70 acc: 0.7089 | best mAP acc: 0.6688 | best mAR acc: 0.7445 | best Score: 0.6688 | best Score epoch: 17 
epoch 22, iter  651: loss: 0.0057 | load time: 0.0002 | back time: 0.8353 | lr: 0.00007552 | best AP50 acc: 0.8415 | best AP70 acc: 0.7089 | best mAP acc: 0.6688 | best mAR acc: 0.7445 | best Score: 0.6688 | best Score epoch: 17 
epoch 22, iter  701: loss: 0.0057 | load time: 0.0002 | back time: 0.8311 | lr: 0.00007541 | best AP50 acc: 0.8415 | best AP70 acc: 0.7089 | best mAP acc: 0.6688 | best mAR acc: 0.7445 | best Score: 0.6688 | best Score epoch: 17 
epoch 22, iter  751: loss: 0.0057 | load time: 0.0001 | back time: 0.8474 | lr: 0.00007529 | best AP50 acc: 0.8415 | best AP70 acc: 0.7089 | best mAP acc: 0.6688 | best mAR acc: 0.7445 | best Score: 0.6688 | best Score epoch: 17 
epoch 22, iter  801: loss: 0.0057 | load time: 0.0003 | back time: 0.8355 | lr: 0.00007517 | best AP50 acc: 0.8415 | best AP70 acc: 0.7089 | best mAP acc: 0.6688 | best mAR acc: 0.7445 | best Score: 0.6688 | best Score epoch: 17 
epoch 22, iter  851: loss: 0.0057 | load time: 0.0002 | back time: 0.8335 | lr: 0.00007506 | best AP50 acc: 0.8415 | best AP70 acc: 0.7089 | best mAP acc: 0.6688 | best mAR acc: 0.7445 | best Score: 0.6688 | best Score epoch: 17 
epoch 22, iter  901: loss: 0.0056 | load time: 0.0004 | back time: 0.8335 | lr: 0.00007494 | best AP50 acc: 0.8415 | best AP70 acc: 0.7089 | best mAP acc: 0.6688 | best mAR acc: 0.7445 | best Score: 0.6688 | best Score epoch: 17 
epoch 22, iter  951: loss: 0.0060 | load time: 0.0002 | back time: 0.8345 | lr: 0.00007482 | best AP50 acc: 0.8415 | best AP70 acc: 0.7089 | best mAP acc: 0.6688 | best mAR acc: 0.7445 | best Score: 0.6688 | best Score epoch: 17 
epoch 22, iter 1001: loss: 0.0057 | load time: 0.0003 | back time: 0.8311 | lr: 0.00007470 | best AP50 acc: 0.8415 | best AP70 acc: 0.7089 | best mAP acc: 0.6688 | best mAR acc: 0.7445 | best Score: 0.6688 | best Score epoch: 17 
epoch 22, iter 1051: loss: 0.0057 | load time: 0.0003 | back time: 0.8343 | lr: 0.00007459 | best AP50 acc: 0.8415 | best AP70 acc: 0.7089 | best mAP acc: 0.6688 | best mAR acc: 0.7445 | best Score: 0.6688 | best Score epoch: 17 
epoch 22, iter 1101: loss: 0.0056 | load time: 0.0002 | back time: 0.8224 | lr: 0.00007447 | best AP50 acc: 0.8415 | best AP70 acc: 0.7089 | best mAP acc: 0.6688 | best mAR acc: 0.7445 | best Score: 0.6688 | best Score epoch: 17 
epoch 22, iter 1151: loss: 0.0060 | load time: 0.0001 | back time: 0.8353 | lr: 0.00007435 | best AP50 acc: 0.8415 | best AP70 acc: 0.7089 | best mAP acc: 0.6688 | best mAR acc: 0.7445 | best Score: 0.6688 | best Score epoch: 17 
UAV_SEQS_2 | mAP50:90: 34.1917 | AP50: 70.4809 | AP70: 27.7790 
UAV_SEQS_37 | mAP50:90: 89.7205 | AP50: 100.0000 | AP70: 93.4240 
UAV_SEQS_45 | mAP50:90: 90.8149 | AP50: 96.9467 | AP70: 96.9467 
UAV_SEQS_47 | mAP50:90: 84.6439 | AP50: 100.0000 | AP70: 92.1308 
UAV_SEQS_55 | mAP50:90: 40.9494 | AP50: 68.1132 | AP70: 44.4447 
UAV_SEQS_59 | mAP50:90: 63.8398 | AP50: 86.4417 | AP70: 74.0654 
UAV_SEQS_6 | mAP50:90: 60.5989 | AP50: 78.8834 | AP70: 65.4750 
UAV_SEQS_63 | mAP50:90: 12.1120 | AP50: 48.0891 | AP70: 2.1292 
UAV_SEQS_65 | mAP50:90: 86.5365 | AP50: 97.6790 | AP70: 90.9251 
UAV_SEQS_7 | mAP50:90: 65.2177 | AP50: 88.8260 | AP70: 65.3157 
UAV_SEQS_71 | mAP50:90: 69.0796 | AP50: 91.0520 | AP70: 82.1156 
UAV_SEQS_73 | mAP50:90: 64.1421 | AP50: 86.6068 | AP70: 70.4414 
UAV_SEQS_74 | mAP50:90: 98.4001 | AP50: 98.9180 | AP70: 97.9904 
UAV_SEQS_77 | mAP50:90: 35.3222 | AP50: 42.1124 | AP70: 38.4705 
UAV_SEQS_8 | mAP50:90: 88.7440 | AP50: 98.9833 | AP70: 97.8555 
Overall            | mAP50:95: 67.0780 | AP50: 85.3485 | AP70: 70.9353 
epoch 23, iter    1: loss: 0.0057 | load time: 0.0064 | back time: 0.3518 | lr: 0.00007434 | best AP50 acc: 0.8535 | best AP70 acc: 0.7094 | best mAP acc: 0.6708 | best mAR acc: 0.7442 | best Score: 0.6708 | best Score epoch: 22 
epoch 23, iter   51: loss: 0.0056 | load time: 0.0002 | back time: 0.8301 | lr: 0.00007423 | best AP50 acc: 0.8535 | best AP70 acc: 0.7094 | best mAP acc: 0.6708 | best mAR acc: 0.7442 | best Score: 0.6708 | best Score epoch: 22 
epoch 23, iter  101: loss: 0.0058 | load time: 0.0002 | back time: 0.8331 | lr: 0.00007411 | best AP50 acc: 0.8535 | best AP70 acc: 0.7094 | best mAP acc: 0.6708 | best mAR acc: 0.7442 | best Score: 0.6708 | best Score epoch: 22 
epoch 23, iter  151: loss: 0.0056 | load time: 0.0001 | back time: 0.8339 | lr: 0.00007399 | best AP50 acc: 0.8535 | best AP70 acc: 0.7094 | best mAP acc: 0.6708 | best mAR acc: 0.7442 | best Score: 0.6708 | best Score epoch: 22 
epoch 23, iter  201: loss: 0.0056 | load time: 0.0001 | back time: 0.8119 | lr: 0.00007387 | best AP50 acc: 0.8535 | best AP70 acc: 0.7094 | best mAP acc: 0.6708 | best mAR acc: 0.7442 | best Score: 0.6708 | best Score epoch: 22 
epoch 23, iter  251: loss: 0.0057 | load time: 0.0003 | back time: 0.8148 | lr: 0.00007375 | best AP50 acc: 0.8535 | best AP70 acc: 0.7094 | best mAP acc: 0.6708 | best mAR acc: 0.7442 | best Score: 0.6708 | best Score epoch: 22 
epoch 23, iter  301: loss: 0.0051 | load time: 0.0002 | back time: 0.8625 | lr: 0.00007363 | best AP50 acc: 0.8535 | best AP70 acc: 0.7094 | best mAP acc: 0.6708 | best mAR acc: 0.7442 | best Score: 0.6708 | best Score epoch: 22 
epoch 23, iter  351: loss: 0.0055 | load time: 0.0002 | back time: 0.8110 | lr: 0.00007351 | best AP50 acc: 0.8535 | best AP70 acc: 0.7094 | best mAP acc: 0.6708 | best mAR acc: 0.7442 | best Score: 0.6708 | best Score epoch: 22 
epoch 23, iter  401: loss: 0.0056 | load time: 0.0002 | back time: 0.8123 | lr: 0.00007339 | best AP50 acc: 0.8535 | best AP70 acc: 0.7094 | best mAP acc: 0.6708 | best mAR acc: 0.7442 | best Score: 0.6708 | best Score epoch: 22 
epoch 23, iter  451: loss: 0.0057 | load time: 0.0002 | back time: 0.8159 | lr: 0.00007327 | best AP50 acc: 0.8535 | best AP70 acc: 0.7094 | best mAP acc: 0.6708 | best mAR acc: 0.7442 | best Score: 0.6708 | best Score epoch: 22 
epoch 23, iter  501: loss: 0.0056 | load time: 0.0002 | back time: 0.8310 | lr: 0.00007315 | best AP50 acc: 0.8535 | best AP70 acc: 0.7094 | best mAP acc: 0.6708 | best mAR acc: 0.7442 | best Score: 0.6708 | best Score epoch: 22 
epoch 23, iter  551: loss: 0.0056 | load time: 0.0001 | back time: 0.8478 | lr: 0.00007303 | best AP50 acc: 0.8535 | best AP70 acc: 0.7094 | best mAP acc: 0.6708 | best mAR acc: 0.7442 | best Score: 0.6708 | best Score epoch: 22 
epoch 23, iter  601: loss: 0.0057 | load time: 0.0003 | back time: 0.8777 | lr: 0.00007291 | best AP50 acc: 0.8535 | best AP70 acc: 0.7094 | best mAP acc: 0.6708 | best mAR acc: 0.7442 | best Score: 0.6708 | best Score epoch: 22 
epoch 23, iter  651: loss: 0.0058 | load time: 0.0002 | back time: 0.8312 | lr: 0.00007279 | best AP50 acc: 0.8535 | best AP70 acc: 0.7094 | best mAP acc: 0.6708 | best mAR acc: 0.7442 | best Score: 0.6708 | best Score epoch: 22 
epoch 23, iter  701: loss: 0.0057 | load time: 0.0001 | back time: 0.8328 | lr: 0.00007267 | best AP50 acc: 0.8535 | best AP70 acc: 0.7094 | best mAP acc: 0.6708 | best mAR acc: 0.7442 | best Score: 0.6708 | best Score epoch: 22 
epoch 23, iter  751: loss: 0.0056 | load time: 0.0001 | back time: 0.8382 | lr: 0.00007255 | best AP50 acc: 0.8535 | best AP70 acc: 0.7094 | best mAP acc: 0.6708 | best mAR acc: 0.7442 | best Score: 0.6708 | best Score epoch: 22 
epoch 23, iter  801: loss: 0.0054 | load time: 0.0002 | back time: 0.8356 | lr: 0.00007243 | best AP50 acc: 0.8535 | best AP70 acc: 0.7094 | best mAP acc: 0.6708 | best mAR acc: 0.7442 | best Score: 0.6708 | best Score epoch: 22 
epoch 23, iter  851: loss: 0.0057 | load time: 0.0001 | back time: 0.8335 | lr: 0.00007231 | best AP50 acc: 0.8535 | best AP70 acc: 0.7094 | best mAP acc: 0.6708 | best mAR acc: 0.7442 | best Score: 0.6708 | best Score epoch: 22 
epoch 23, iter  901: loss: 0.0059 | load time: 0.0002 | back time: 0.8276 | lr: 0.00007219 | best AP50 acc: 0.8535 | best AP70 acc: 0.7094 | best mAP acc: 0.6708 | best mAR acc: 0.7442 | best Score: 0.6708 | best Score epoch: 22 
epoch 23, iter  951: loss: 0.0056 | load time: 0.0002 | back time: 0.8800 | lr: 0.00007207 | best AP50 acc: 0.8535 | best AP70 acc: 0.7094 | best mAP acc: 0.6708 | best mAR acc: 0.7442 | best Score: 0.6708 | best Score epoch: 22 
epoch 23, iter 1001: loss: 0.0056 | load time: 0.0002 | back time: 0.8141 | lr: 0.00007194 | best AP50 acc: 0.8535 | best AP70 acc: 0.7094 | best mAP acc: 0.6708 | best mAR acc: 0.7442 | best Score: 0.6708 | best Score epoch: 22 
epoch 23, iter 1051: loss: 0.0057 | load time: 0.0001 | back time: 0.8143 | lr: 0.00007182 | best AP50 acc: 0.8535 | best AP70 acc: 0.7094 | best mAP acc: 0.6708 | best mAR acc: 0.7442 | best Score: 0.6708 | best Score epoch: 22 
epoch 23, iter 1101: loss: 0.0056 | load time: 0.0002 | back time: 0.8402 | lr: 0.00007170 | best AP50 acc: 0.8535 | best AP70 acc: 0.7094 | best mAP acc: 0.6708 | best mAR acc: 0.7442 | best Score: 0.6708 | best Score epoch: 22 
epoch 23, iter 1151: loss: 0.0057 | load time: 0.0001 | back time: 0.8054 | lr: 0.00007158 | best AP50 acc: 0.8535 | best AP70 acc: 0.7094 | best mAP acc: 0.6708 | best mAR acc: 0.7442 | best Score: 0.6708 | best Score epoch: 22 
UAV_SEQS_2 | mAP50:90: 31.5210 | AP50: 64.7046 | AP70: 29.2702 
UAV_SEQS_37 | mAP50:90: 86.8563 | AP50: 100.0000 | AP70: 91.9322 
UAV_SEQS_45 | mAP50:90: 90.4229 | AP50: 94.9821 | AP70: 93.8533 
UAV_SEQS_47 | mAP50:90: 87.2241 | AP50: 100.0000 | AP70: 93.6255 
UAV_SEQS_55 | mAP50:90: 47.1393 | AP50: 74.1900 | AP70: 50.9837 
UAV_SEQS_59 | mAP50:90: 65.1285 | AP50: 91.8267 | AP70: 75.7055 
UAV_SEQS_6 | mAP50:90: 71.7449 | AP50: 90.8705 | AP70: 78.8065 
UAV_SEQS_63 | mAP50:90: 28.2394 | AP50: 81.8750 | AP70: 11.4525 
UAV_SEQS_65 | mAP50:90: 80.1392 | AP50: 96.4443 | AP70: 89.5224 
UAV_SEQS_7 | mAP50:90: 55.2031 | AP50: 85.3944 | AP70: 60.5739 
UAV_SEQS_71 | mAP50:90: 81.3718 | AP50: 91.9608 | AP70: 86.6646 
UAV_SEQS_73 | mAP50:90: 64.8639 | AP50: 80.7609 | AP70: 72.2972 
UAV_SEQS_74 | mAP50:90: 96.2560 | AP50: 97.1066 | AP70: 97.1066 
UAV_SEQS_77 | mAP50:90: 39.7605 | AP50: 44.5961 | AP70: 42.8991 
UAV_SEQS_8 | mAP50:90: 81.6189 | AP50: 98.9933 | AP70: 94.4621 
Overall            | mAP50:95: 67.5980 | AP50: 86.8758 | AP70: 71.6084 
epoch 24, iter    1: loss: 0.0054 | load time: 0.0063 | back time: 0.4627 | lr: 0.00007157 | best AP50 acc: 0.8688 | best AP70 acc: 0.7161 | best mAP acc: 0.6760 | best mAR acc: 0.7529 | best Score: 0.6760 | best Score epoch: 23 
epoch 24, iter   51: loss: 0.0057 | load time: 0.0002 | back time: 0.8221 | lr: 0.00007145 | best AP50 acc: 0.8688 | best AP70 acc: 0.7161 | best mAP acc: 0.6760 | best mAR acc: 0.7529 | best Score: 0.6760 | best Score epoch: 23 
epoch 24, iter  101: loss: 0.0057 | load time: 0.0001 | back time: 0.8383 | lr: 0.00007133 | best AP50 acc: 0.8688 | best AP70 acc: 0.7161 | best mAP acc: 0.6760 | best mAR acc: 0.7529 | best Score: 0.6760 | best Score epoch: 23 
epoch 24, iter  151: loss: 0.0057 | load time: 0.0002 | back time: 0.8305 | lr: 0.00007121 | best AP50 acc: 0.8688 | best AP70 acc: 0.7161 | best mAP acc: 0.6760 | best mAR acc: 0.7529 | best Score: 0.6760 | best Score epoch: 23 
epoch 24, iter  201: loss: 0.0056 | load time: 0.0002 | back time: 0.8651 | lr: 0.00007108 | best AP50 acc: 0.8688 | best AP70 acc: 0.7161 | best mAP acc: 0.6760 | best mAR acc: 0.7529 | best Score: 0.6760 | best Score epoch: 23 
epoch 24, iter  251: loss: 0.0057 | load time: 0.0002 | back time: 0.8308 | lr: 0.00007096 | best AP50 acc: 0.8688 | best AP70 acc: 0.7161 | best mAP acc: 0.6760 | best mAR acc: 0.7529 | best Score: 0.6760 | best Score epoch: 23 
epoch 24, iter  301: loss: 0.0058 | load time: 0.0002 | back time: 0.8291 | lr: 0.00007084 | best AP50 acc: 0.8688 | best AP70 acc: 0.7161 | best mAP acc: 0.6760 | best mAR acc: 0.7529 | best Score: 0.6760 | best Score epoch: 23 
epoch 24, iter  351: loss: 0.0056 | load time: 0.0001 | back time: 0.8247 | lr: 0.00007071 | best AP50 acc: 0.8688 | best AP70 acc: 0.7161 | best mAP acc: 0.6760 | best mAR acc: 0.7529 | best Score: 0.6760 | best Score epoch: 23 
epoch 24, iter  401: loss: 0.0056 | load time: 0.0003 | back time: 0.8595 | lr: 0.00007059 | best AP50 acc: 0.8688 | best AP70 acc: 0.7161 | best mAP acc: 0.6760 | best mAR acc: 0.7529 | best Score: 0.6760 | best Score epoch: 23 
epoch 24, iter  451: loss: 0.0057 | load time: 0.0002 | back time: 0.8335 | lr: 0.00007047 | best AP50 acc: 0.8688 | best AP70 acc: 0.7161 | best mAP acc: 0.6760 | best mAR acc: 0.7529 | best Score: 0.6760 | best Score epoch: 23 
epoch 24, iter  501: loss: 0.0056 | load time: 0.0001 | back time: 0.8130 | lr: 0.00007034 | best AP50 acc: 0.8688 | best AP70 acc: 0.7161 | best mAP acc: 0.6760 | best mAR acc: 0.7529 | best Score: 0.6760 | best Score epoch: 23 
epoch 24, iter  551: loss: 0.0058 | load time: 0.0001 | back time: 0.8140 | lr: 0.00007022 | best AP50 acc: 0.8688 | best AP70 acc: 0.7161 | best mAP acc: 0.6760 | best mAR acc: 0.7529 | best Score: 0.6760 | best Score epoch: 23 
epoch 24, iter  601: loss: 0.0057 | load time: 0.0002 | back time: 0.8133 | lr: 0.00007010 | best AP50 acc: 0.8688 | best AP70 acc: 0.7161 | best mAP acc: 0.6760 | best mAR acc: 0.7529 | best Score: 0.6760 | best Score epoch: 23 
epoch 24, iter  651: loss: 0.0056 | load time: 0.0002 | back time: 0.8329 | lr: 0.00006997 | best AP50 acc: 0.8688 | best AP70 acc: 0.7161 | best mAP acc: 0.6760 | best mAR acc: 0.7529 | best Score: 0.6760 | best Score epoch: 23 
epoch 24, iter  701: loss: 0.0055 | load time: 0.0003 | back time: 0.8208 | lr: 0.00006985 | best AP50 acc: 0.8688 | best AP70 acc: 0.7161 | best mAP acc: 0.6760 | best mAR acc: 0.7529 | best Score: 0.6760 | best Score epoch: 23 
epoch 24, iter  751: loss: 0.0058 | load time: 0.0002 | back time: 0.8291 | lr: 0.00006972 | best AP50 acc: 0.8688 | best AP70 acc: 0.7161 | best mAP acc: 0.6760 | best mAR acc: 0.7529 | best Score: 0.6760 | best Score epoch: 23 
epoch 24, iter  801: loss: 0.0056 | load time: 0.0002 | back time: 0.8277 | lr: 0.00006960 | best AP50 acc: 0.8688 | best AP70 acc: 0.7161 | best mAP acc: 0.6760 | best mAR acc: 0.7529 | best Score: 0.6760 | best Score epoch: 23 
epoch 24, iter  851: loss: 0.0057 | load time: 0.0002 | back time: 0.8312 | lr: 0.00006948 | best AP50 acc: 0.8688 | best AP70 acc: 0.7161 | best mAP acc: 0.6760 | best mAR acc: 0.7529 | best Score: 0.6760 | best Score epoch: 23 
epoch 24, iter  901: loss: 0.0057 | load time: 0.0002 | back time: 0.8140 | lr: 0.00006935 | best AP50 acc: 0.8688 | best AP70 acc: 0.7161 | best mAP acc: 0.6760 | best mAR acc: 0.7529 | best Score: 0.6760 | best Score epoch: 23 
epoch 24, iter  951: loss: 0.0055 | load time: 0.0002 | back time: 0.8482 | lr: 0.00006923 | best AP50 acc: 0.8688 | best AP70 acc: 0.7161 | best mAP acc: 0.6760 | best mAR acc: 0.7529 | best Score: 0.6760 | best Score epoch: 23 
epoch 24, iter 1001: loss: 0.0056 | load time: 0.0002 | back time: 0.8383 | lr: 0.00006910 | best AP50 acc: 0.8688 | best AP70 acc: 0.7161 | best mAP acc: 0.6760 | best mAR acc: 0.7529 | best Score: 0.6760 | best Score epoch: 23 
epoch 24, iter 1051: loss: 0.0056 | load time: 0.0002 | back time: 0.8175 | lr: 0.00006898 | best AP50 acc: 0.8688 | best AP70 acc: 0.7161 | best mAP acc: 0.6760 | best mAR acc: 0.7529 | best Score: 0.6760 | best Score epoch: 23 
epoch 24, iter 1101: loss: 0.0057 | load time: 0.0002 | back time: 0.8149 | lr: 0.00006885 | best AP50 acc: 0.8688 | best AP70 acc: 0.7161 | best mAP acc: 0.6760 | best mAR acc: 0.7529 | best Score: 0.6760 | best Score epoch: 23 
epoch 24, iter 1151: loss: 0.0056 | load time: 0.0001 | back time: 0.8199 | lr: 0.00006872 | best AP50 acc: 0.8688 | best AP70 acc: 0.7161 | best mAP acc: 0.6760 | best mAR acc: 0.7529 | best Score: 0.6760 | best Score epoch: 23 
UAV_SEQS_2 | mAP50:90: 22.9746 | AP50: 54.3167 | AP70: 19.3858 
UAV_SEQS_37 | mAP50:90: 90.8178 | AP50: 100.0000 | AP70: 96.2296 
UAV_SEQS_45 | mAP50:90: 91.8287 | AP50: 95.9452 | AP70: 95.9452 
UAV_SEQS_47 | mAP50:90: 84.7545 | AP50: 100.0000 | AP70: 90.0324 
UAV_SEQS_55 | mAP50:90: 45.8956 | AP50: 66.4715 | AP70: 50.0511 
UAV_SEQS_59 | mAP50:90: 63.0633 | AP50: 87.3847 | AP70: 76.5690 
UAV_SEQS_6 | mAP50:90: 64.9283 | AP50: 83.3477 | AP70: 70.5025 
UAV_SEQS_63 | mAP50:90: 16.2923 | AP50: 57.9434 | AP70: 3.4343 
UAV_SEQS_65 | mAP50:90: 81.3474 | AP50: 96.3547 | AP70: 90.3814 
UAV_SEQS_7 | mAP50:90: 65.8636 | AP50: 88.8260 | AP70: 70.8707 
UAV_SEQS_71 | mAP50:90: 73.9110 | AP50: 90.7212 | AP70: 80.6890 
UAV_SEQS_73 | mAP50:90: 63.5448 | AP50: 84.5404 | AP70: 68.2271 
UAV_SEQS_74 | mAP50:90: 98.3070 | AP50: 98.9871 | AP70: 97.9902 
UAV_SEQS_77 | mAP50:90: 44.7749 | AP50: 48.0436 | AP70: 48.0436 
UAV_SEQS_8 | mAP50:90: 77.9046 | AP50: 98.9734 | AP70: 92.3394 
Overall            | mAP50:95: 66.3984 | AP50: 85.2240 | AP70: 70.9415 
epoch 25, iter    1: loss: 0.0055 | load time: 0.0055 | back time: 0.3578 | lr: 0.00006872 | best AP50 acc: 0.8688 | best AP70 acc: 0.7161 | best mAP acc: 0.6760 | best mAR acc: 0.7529 | best Score: 0.6760 | best Score epoch: 23 
epoch 25, iter   51: loss: 0.0057 | load time: 0.0002 | back time: 0.8244 | lr: 0.00006859 | best AP50 acc: 0.8688 | best AP70 acc: 0.7161 | best mAP acc: 0.6760 | best mAR acc: 0.7529 | best Score: 0.6760 | best Score epoch: 23 
epoch 25, iter  101: loss: 0.0058 | load time: 0.0003 | back time: 0.8272 | lr: 0.00006847 | best AP50 acc: 0.8688 | best AP70 acc: 0.7161 | best mAP acc: 0.6760 | best mAR acc: 0.7529 | best Score: 0.6760 | best Score epoch: 23 
epoch 25, iter  151: loss: 0.0056 | load time: 0.0002 | back time: 0.8383 | lr: 0.00006834 | best AP50 acc: 0.8688 | best AP70 acc: 0.7161 | best mAP acc: 0.6760 | best mAR acc: 0.7529 | best Score: 0.6760 | best Score epoch: 23 
epoch 25, iter  201: loss: 0.0057 | load time: 0.0002 | back time: 0.8331 | lr: 0.00006822 | best AP50 acc: 0.8688 | best AP70 acc: 0.7161 | best mAP acc: 0.6760 | best mAR acc: 0.7529 | best Score: 0.6760 | best Score epoch: 23 
epoch 25, iter  251: loss: 0.0057 | load time: 0.0002 | back time: 0.8324 | lr: 0.00006809 | best AP50 acc: 0.8688 | best AP70 acc: 0.7161 | best mAP acc: 0.6760 | best mAR acc: 0.7529 | best Score: 0.6760 | best Score epoch: 23 
epoch 25, iter  301: loss: 0.0057 | load time: 0.0001 | back time: 0.8378 | lr: 0.00006796 | best AP50 acc: 0.8688 | best AP70 acc: 0.7161 | best mAP acc: 0.6760 | best mAR acc: 0.7529 | best Score: 0.6760 | best Score epoch: 23 
epoch 25, iter  351: loss: 0.0054 | load time: 0.0002 | back time: 0.8359 | lr: 0.00006784 | best AP50 acc: 0.8688 | best AP70 acc: 0.7161 | best mAP acc: 0.6760 | best mAR acc: 0.7529 | best Score: 0.6760 | best Score epoch: 23 
epoch 25, iter  401: loss: 0.0057 | load time: 0.0001 | back time: 0.8464 | lr: 0.00006771 | best AP50 acc: 0.8688 | best AP70 acc: 0.7161 | best mAP acc: 0.6760 | best mAR acc: 0.7529 | best Score: 0.6760 | best Score epoch: 23 
epoch 25, iter  451: loss: 0.0053 | load time: 0.0002 | back time: 0.8407 | lr: 0.00006758 | best AP50 acc: 0.8688 | best AP70 acc: 0.7161 | best mAP acc: 0.6760 | best mAR acc: 0.7529 | best Score: 0.6760 | best Score epoch: 23 
epoch 25, iter  501: loss: 0.0057 | load time: 0.0002 | back time: 0.8363 | lr: 0.00006746 | best AP50 acc: 0.8688 | best AP70 acc: 0.7161 | best mAP acc: 0.6760 | best mAR acc: 0.7529 | best Score: 0.6760 | best Score epoch: 23 
epoch 25, iter  551: loss: 0.0056 | load time: 0.0003 | back time: 0.8382 | lr: 0.00006733 | best AP50 acc: 0.8688 | best AP70 acc: 0.7161 | best mAP acc: 0.6760 | best mAR acc: 0.7529 | best Score: 0.6760 | best Score epoch: 23 
epoch 25, iter  601: loss: 0.0056 | load time: 0.0002 | back time: 0.8391 | lr: 0.00006720 | best AP50 acc: 0.8688 | best AP70 acc: 0.7161 | best mAP acc: 0.6760 | best mAR acc: 0.7529 | best Score: 0.6760 | best Score epoch: 23 
epoch 25, iter  651: loss: 0.0056 | load time: 0.0002 | back time: 0.8360 | lr: 0.00006708 | best AP50 acc: 0.8688 | best AP70 acc: 0.7161 | best mAP acc: 0.6760 | best mAR acc: 0.7529 | best Score: 0.6760 | best Score epoch: 23 
epoch 25, iter  701: loss: 0.0056 | load time: 0.0001 | back time: 0.8346 | lr: 0.00006695 | best AP50 acc: 0.8688 | best AP70 acc: 0.7161 | best mAP acc: 0.6760 | best mAR acc: 0.7529 | best Score: 0.6760 | best Score epoch: 23 
epoch 25, iter  751: loss: 0.0056 | load time: 0.0001 | back time: 0.8373 | lr: 0.00006682 | best AP50 acc: 0.8688 | best AP70 acc: 0.7161 | best mAP acc: 0.6760 | best mAR acc: 0.7529 | best Score: 0.6760 | best Score epoch: 23 
epoch 25, iter  801: loss: 0.0056 | load time: 0.0003 | back time: 0.8357 | lr: 0.00006669 | best AP50 acc: 0.8688 | best AP70 acc: 0.7161 | best mAP acc: 0.6760 | best mAR acc: 0.7529 | best Score: 0.6760 | best Score epoch: 23 
epoch 25, iter  851: loss: 0.0057 | load time: 0.0002 | back time: 0.8369 | lr: 0.00006657 | best AP50 acc: 0.8688 | best AP70 acc: 0.7161 | best mAP acc: 0.6760 | best mAR acc: 0.7529 | best Score: 0.6760 | best Score epoch: 23 
epoch 25, iter  901: loss: 0.0056 | load time: 0.0002 | back time: 0.8394 | lr: 0.00006644 | best AP50 acc: 0.8688 | best AP70 acc: 0.7161 | best mAP acc: 0.6760 | best mAR acc: 0.7529 | best Score: 0.6760 | best Score epoch: 23 
epoch 25, iter  951: loss: 0.0057 | load time: 0.0003 | back time: 0.8337 | lr: 0.00006631 | best AP50 acc: 0.8688 | best AP70 acc: 0.7161 | best mAP acc: 0.6760 | best mAR acc: 0.7529 | best Score: 0.6760 | best Score epoch: 23 
epoch 25, iter 1001: loss: 0.0057 | load time: 0.0003 | back time: 0.8069 | lr: 0.00006618 | best AP50 acc: 0.8688 | best AP70 acc: 0.7161 | best mAP acc: 0.6760 | best mAR acc: 0.7529 | best Score: 0.6760 | best Score epoch: 23 
epoch 25, iter 1051: loss: 0.0057 | load time: 0.0002 | back time: 0.8623 | lr: 0.00006606 | best AP50 acc: 0.8688 | best AP70 acc: 0.7161 | best mAP acc: 0.6760 | best mAR acc: 0.7529 | best Score: 0.6760 | best Score epoch: 23 
epoch 25, iter 1101: loss: 0.0058 | load time: 0.0001 | back time: 0.8446 | lr: 0.00006593 | best AP50 acc: 0.8688 | best AP70 acc: 0.7161 | best mAP acc: 0.6760 | best mAR acc: 0.7529 | best Score: 0.6760 | best Score epoch: 23 
epoch 25, iter 1151: loss: 0.0056 | load time: 0.0001 | back time: 0.8137 | lr: 0.00006580 | best AP50 acc: 0.8688 | best AP70 acc: 0.7161 | best mAP acc: 0.6760 | best mAR acc: 0.7529 | best Score: 0.6760 | best Score epoch: 23 
UAV_SEQS_2 | mAP50:90: 40.3356 | AP50: 66.3983 | AP70: 41.3196 
UAV_SEQS_37 | mAP50:90: 69.8605 | AP50: 98.2079 | AP70: 78.8996 
UAV_SEQS_45 | mAP50:90: 92.0260 | AP50: 96.0396 | AP70: 96.0396 
UAV_SEQS_47 | mAP50:90: 92.5511 | AP50: 100.0000 | AP70: 98.9697 
UAV_SEQS_55 | mAP50:90: 43.4360 | AP50: 69.1883 | AP70: 47.5437 
UAV_SEQS_59 | mAP50:90: 58.9652 | AP50: 90.3863 | AP70: 60.7058 
UAV_SEQS_6 | mAP50:90: 27.6289 | AP50: 36.4696 | AP70: 26.6846 
UAV_SEQS_63 | mAP50:90: 21.2791 | AP50: 78.9302 | AP70: 6.2277 
UAV_SEQS_65 | mAP50:90: 72.7693 | AP50: 93.0357 | AP70: 80.1464 
UAV_SEQS_7 | mAP50:90: 62.8032 | AP50: 98.0198 | AP70: 66.1038 
UAV_SEQS_71 | mAP50:90: 50.2897 | AP50: 75.9363 | AP70: 54.4729 
UAV_SEQS_73 | mAP50:90: 58.7550 | AP50: 79.8325 | AP70: 62.5830 
UAV_SEQS_74 | mAP50:90: 96.7485 | AP50: 98.0131 | AP70: 98.0131 
UAV_SEQS_77 | mAP50:90: 38.8164 | AP50: 46.8032 | AP70: 46.8032 
UAV_SEQS_8 | mAP50:90: 85.6302 | AP50: 97.9395 | AP70: 90.4131 
Overall            | mAP50:95: 59.4602 | AP50: 82.4885 | AP70: 61.7389 
epoch 26, iter    1: loss: 0.0056 | load time: 0.0068 | back time: 0.3539 | lr: 0.00006579 | best AP50 acc: 0.8688 | best AP70 acc: 0.7161 | best mAP acc: 0.6760 | best mAR acc: 0.7529 | best Score: 0.6760 | best Score epoch: 23 
epoch 26, iter   51: loss: 0.0059 | load time: 0.0001 | back time: 0.8335 | lr: 0.00006567 | best AP50 acc: 0.8688 | best AP70 acc: 0.7161 | best mAP acc: 0.6760 | best mAR acc: 0.7529 | best Score: 0.6760 | best Score epoch: 23 
epoch 26, iter  101: loss: 0.0057 | load time: 0.0002 | back time: 0.8370 | lr: 0.00006554 | best AP50 acc: 0.8688 | best AP70 acc: 0.7161 | best mAP acc: 0.6760 | best mAR acc: 0.7529 | best Score: 0.6760 | best Score epoch: 23 
epoch 26, iter  151: loss: 0.0058 | load time: 0.0003 | back time: 0.8355 | lr: 0.00006541 | best AP50 acc: 0.8688 | best AP70 acc: 0.7161 | best mAP acc: 0.6760 | best mAR acc: 0.7529 | best Score: 0.6760 | best Score epoch: 23 
epoch 26, iter  201: loss: 0.0056 | load time: 0.0002 | back time: 0.8397 | lr: 0.00006528 | best AP50 acc: 0.8688 | best AP70 acc: 0.7161 | best mAP acc: 0.6760 | best mAR acc: 0.7529 | best Score: 0.6760 | best Score epoch: 23 
epoch 26, iter  251: loss: 0.0058 | load time: 0.0002 | back time: 0.8415 | lr: 0.00006515 | best AP50 acc: 0.8688 | best AP70 acc: 0.7161 | best mAP acc: 0.6760 | best mAR acc: 0.7529 | best Score: 0.6760 | best Score epoch: 23 
epoch 26, iter  301: loss: 0.0056 | load time: 0.0002 | back time: 0.8405 | lr: 0.00006502 | best AP50 acc: 0.8688 | best AP70 acc: 0.7161 | best mAP acc: 0.6760 | best mAR acc: 0.7529 | best Score: 0.6760 | best Score epoch: 23 
epoch 26, iter  351: loss: 0.0055 | load time: 0.0002 | back time: 0.8394 | lr: 0.00006489 | best AP50 acc: 0.8688 | best AP70 acc: 0.7161 | best mAP acc: 0.6760 | best mAR acc: 0.7529 | best Score: 0.6760 | best Score epoch: 23 
epoch 26, iter  401: loss: 0.0057 | load time: 0.0002 | back time: 0.8391 | lr: 0.00006476 | best AP50 acc: 0.8688 | best AP70 acc: 0.7161 | best mAP acc: 0.6760 | best mAR acc: 0.7529 | best Score: 0.6760 | best Score epoch: 23 
epoch 26, iter  451: loss: 0.0057 | load time: 0.0002 | back time: 0.8421 | lr: 0.00006463 | best AP50 acc: 0.8688 | best AP70 acc: 0.7161 | best mAP acc: 0.6760 | best mAR acc: 0.7529 | best Score: 0.6760 | best Score epoch: 23 
epoch 26, iter  501: loss: 0.0057 | load time: 0.0002 | back time: 0.8398 | lr: 0.00006450 | best AP50 acc: 0.8688 | best AP70 acc: 0.7161 | best mAP acc: 0.6760 | best mAR acc: 0.7529 | best Score: 0.6760 | best Score epoch: 23 
epoch 26, iter  551: loss: 0.0057 | load time: 0.0002 | back time: 0.8266 | lr: 0.00006437 | best AP50 acc: 0.8688 | best AP70 acc: 0.7161 | best mAP acc: 0.6760 | best mAR acc: 0.7529 | best Score: 0.6760 | best Score epoch: 23 
epoch 26, iter  601: loss: 0.0056 | load time: 0.0002 | back time: 0.8374 | lr: 0.00006425 | best AP50 acc: 0.8688 | best AP70 acc: 0.7161 | best mAP acc: 0.6760 | best mAR acc: 0.7529 | best Score: 0.6760 | best Score epoch: 23 
epoch 26, iter  651: loss: 0.0057 | load time: 0.0001 | back time: 0.8382 | lr: 0.00006412 | best AP50 acc: 0.8688 | best AP70 acc: 0.7161 | best mAP acc: 0.6760 | best mAR acc: 0.7529 | best Score: 0.6760 | best Score epoch: 23 
epoch 26, iter  701: loss: 0.0056 | load time: 0.0002 | back time: 0.8396 | lr: 0.00006399 | best AP50 acc: 0.8688 | best AP70 acc: 0.7161 | best mAP acc: 0.6760 | best mAR acc: 0.7529 | best Score: 0.6760 | best Score epoch: 23 
epoch 26, iter  751: loss: 0.0058 | load time: 0.0003 | back time: 0.8392 | lr: 0.00006386 | best AP50 acc: 0.8688 | best AP70 acc: 0.7161 | best mAP acc: 0.6760 | best mAR acc: 0.7529 | best Score: 0.6760 | best Score epoch: 23 
epoch 26, iter  801: loss: 0.0057 | load time: 0.0001 | back time: 0.8368 | lr: 0.00006373 | best AP50 acc: 0.8688 | best AP70 acc: 0.7161 | best mAP acc: 0.6760 | best mAR acc: 0.7529 | best Score: 0.6760 | best Score epoch: 23 
epoch 26, iter  851: loss: 0.0055 | load time: 0.0002 | back time: 0.8384 | lr: 0.00006360 | best AP50 acc: 0.8688 | best AP70 acc: 0.7161 | best mAP acc: 0.6760 | best mAR acc: 0.7529 | best Score: 0.6760 | best Score epoch: 23 
epoch 26, iter  901: loss: 0.0056 | load time: 0.0002 | back time: 0.8379 | lr: 0.00006347 | best AP50 acc: 0.8688 | best AP70 acc: 0.7161 | best mAP acc: 0.6760 | best mAR acc: 0.7529 | best Score: 0.6760 | best Score epoch: 23 
epoch 26, iter  951: loss: 0.0057 | load time: 0.0002 | back time: 0.8284 | lr: 0.00006334 | best AP50 acc: 0.8688 | best AP70 acc: 0.7161 | best mAP acc: 0.6760 | best mAR acc: 0.7529 | best Score: 0.6760 | best Score epoch: 23 
epoch 26, iter 1001: loss: 0.0056 | load time: 0.0003 | back time: 0.8405 | lr: 0.00006320 | best AP50 acc: 0.8688 | best AP70 acc: 0.7161 | best mAP acc: 0.6760 | best mAR acc: 0.7529 | best Score: 0.6760 | best Score epoch: 23 
epoch 26, iter 1051: loss: 0.0056 | load time: 0.0002 | back time: 0.8384 | lr: 0.00006307 | best AP50 acc: 0.8688 | best AP70 acc: 0.7161 | best mAP acc: 0.6760 | best mAR acc: 0.7529 | best Score: 0.6760 | best Score epoch: 23 
epoch 26, iter 1101: loss: 0.0056 | load time: 0.0002 | back time: 0.8398 | lr: 0.00006294 | best AP50 acc: 0.8688 | best AP70 acc: 0.7161 | best mAP acc: 0.6760 | best mAR acc: 0.7529 | best Score: 0.6760 | best Score epoch: 23 
epoch 26, iter 1151: loss: 0.0056 | load time: 0.0002 | back time: 0.8261 | lr: 0.00006281 | best AP50 acc: 0.8688 | best AP70 acc: 0.7161 | best mAP acc: 0.6760 | best mAR acc: 0.7529 | best Score: 0.6760 | best Score epoch: 23 
UAV_SEQS_2 | mAP50:90: 32.2142 | AP50: 62.7005 | AP70: 27.7422 
UAV_SEQS_37 | mAP50:90: 89.7888 | AP50: 100.0000 | AP70: 97.6477 
UAV_SEQS_45 | mAP50:90: 92.0823 | AP50: 96.0396 | AP70: 96.0396 
UAV_SEQS_47 | mAP50:90: 90.8749 | AP50: 100.0000 | AP70: 99.0099 
UAV_SEQS_55 | mAP50:90: 45.4651 | AP50: 68.0128 | AP70: 51.1120 
UAV_SEQS_59 | mAP50:90: 68.2144 | AP50: 96.4013 | AP70: 77.7155 
UAV_SEQS_6 | mAP50:90: 57.9014 | AP50: 77.2643 | AP70: 64.6194 
UAV_SEQS_63 | mAP50:90: 21.2925 | AP50: 66.4473 | AP70: 9.1197 
UAV_SEQS_65 | mAP50:90: 79.0070 | AP50: 95.5445 | AP70: 88.4771 
UAV_SEQS_7 | mAP50:90: 47.8845 | AP50: 75.0264 | AP70: 47.6113 
UAV_SEQS_71 | mAP50:90: 77.3139 | AP50: 91.2886 | AP70: 85.1934 
UAV_SEQS_73 | mAP50:90: 65.0066 | AP50: 86.1043 | AP70: 74.4251 
UAV_SEQS_74 | mAP50:90: 98.0956 | AP50: 99.8564 | AP70: 98.8624 
UAV_SEQS_77 | mAP50:90: 45.9035 | AP50: 48.9949 | AP70: 48.9949 
UAV_SEQS_8 | mAP50:90: 80.5923 | AP50: 96.9993 | AP70: 91.0627 
Overall            | mAP50:95: 66.9224 | AP50: 84.9540 | AP70: 71.5303 
epoch 27, iter    1: loss: 0.0057 | load time: 0.0125 | back time: 0.3380 | lr: 0.00006281 | best AP50 acc: 0.8688 | best AP70 acc: 0.7161 | best mAP acc: 0.6760 | best mAR acc: 0.7529 | best Score: 0.6760 | best Score epoch: 23 
epoch 27, iter   51: loss: 0.0056 | load time: 0.0001 | back time: 0.8473 | lr: 0.00006268 | best AP50 acc: 0.8688 | best AP70 acc: 0.7161 | best mAP acc: 0.6760 | best mAR acc: 0.7529 | best Score: 0.6760 | best Score epoch: 23 
epoch 27, iter  101: loss: 0.0056 | load time: 0.0002 | back time: 0.8357 | lr: 0.00006255 | best AP50 acc: 0.8688 | best AP70 acc: 0.7161 | best mAP acc: 0.6760 | best mAR acc: 0.7529 | best Score: 0.6760 | best Score epoch: 23 
epoch 27, iter  151: loss: 0.0056 | load time: 0.0002 | back time: 0.8370 | lr: 0.00006241 | best AP50 acc: 0.8688 | best AP70 acc: 0.7161 | best mAP acc: 0.6760 | best mAR acc: 0.7529 | best Score: 0.6760 | best Score epoch: 23 
epoch 27, iter  201: loss: 0.0057 | load time: 0.0003 | back time: 0.8393 | lr: 0.00006228 | best AP50 acc: 0.8688 | best AP70 acc: 0.7161 | best mAP acc: 0.6760 | best mAR acc: 0.7529 | best Score: 0.6760 | best Score epoch: 23 
epoch 27, iter  251: loss: 0.0056 | load time: 0.0002 | back time: 0.8481 | lr: 0.00006215 | best AP50 acc: 0.8688 | best AP70 acc: 0.7161 | best mAP acc: 0.6760 | best mAR acc: 0.7529 | best Score: 0.6760 | best Score epoch: 23 
epoch 27, iter  301: loss: 0.0058 | load time: 0.0002 | back time: 0.8393 | lr: 0.00006202 | best AP50 acc: 0.8688 | best AP70 acc: 0.7161 | best mAP acc: 0.6760 | best mAR acc: 0.7529 | best Score: 0.6760 | best Score epoch: 23 
epoch 27, iter  351: loss: 0.0057 | load time: 0.0003 | back time: 0.8300 | lr: 0.00006189 | best AP50 acc: 0.8688 | best AP70 acc: 0.7161 | best mAP acc: 0.6760 | best mAR acc: 0.7529 | best Score: 0.6760 | best Score epoch: 23 
epoch 27, iter  401: loss: 0.0053 | load time: 0.0002 | back time: 0.8385 | lr: 0.00006176 | best AP50 acc: 0.8688 | best AP70 acc: 0.7161 | best mAP acc: 0.6760 | best mAR acc: 0.7529 | best Score: 0.6760 | best Score epoch: 23 
epoch 27, iter  451: loss: 0.0056 | load time: 0.0002 | back time: 0.8392 | lr: 0.00006163 | best AP50 acc: 0.8688 | best AP70 acc: 0.7161 | best mAP acc: 0.6760 | best mAR acc: 0.7529 | best Score: 0.6760 | best Score epoch: 23 
epoch 27, iter  501: loss: 0.0056 | load time: 0.0002 | back time: 0.8397 | lr: 0.00006150 | best AP50 acc: 0.8688 | best AP70 acc: 0.7161 | best mAP acc: 0.6760 | best mAR acc: 0.7529 | best Score: 0.6760 | best Score epoch: 23 
epoch 27, iter  551: loss: 0.0053 | load time: 0.0003 | back time: 0.8386 | lr: 0.00006136 | best AP50 acc: 0.8688 | best AP70 acc: 0.7161 | best mAP acc: 0.6760 | best mAR acc: 0.7529 | best Score: 0.6760 | best Score epoch: 23 
epoch 27, iter  601: loss: 0.0056 | load time: 0.0001 | back time: 0.8451 | lr: 0.00006123 | best AP50 acc: 0.8688 | best AP70 acc: 0.7161 | best mAP acc: 0.6760 | best mAR acc: 0.7529 | best Score: 0.6760 | best Score epoch: 23 
epoch 27, iter  651: loss: 0.0056 | load time: 0.0003 | back time: 0.8488 | lr: 0.00006110 | best AP50 acc: 0.8688 | best AP70 acc: 0.7161 | best mAP acc: 0.6760 | best mAR acc: 0.7529 | best Score: 0.6760 | best Score epoch: 23 
epoch 27, iter  701: loss: 0.0056 | load time: 0.0001 | back time: 0.8417 | lr: 0.00006097 | best AP50 acc: 0.8688 | best AP70 acc: 0.7161 | best mAP acc: 0.6760 | best mAR acc: 0.7529 | best Score: 0.6760 | best Score epoch: 23 
epoch 27, iter  751: loss: 0.0056 | load time: 0.0002 | back time: 0.8393 | lr: 0.00006084 | best AP50 acc: 0.8688 | best AP70 acc: 0.7161 | best mAP acc: 0.6760 | best mAR acc: 0.7529 | best Score: 0.6760 | best Score epoch: 23 
epoch 27, iter  801: loss: 0.0056 | load time: 0.0002 | back time: 0.8242 | lr: 0.00006070 | best AP50 acc: 0.8688 | best AP70 acc: 0.7161 | best mAP acc: 0.6760 | best mAR acc: 0.7529 | best Score: 0.6760 | best Score epoch: 23 
epoch 27, iter  851: loss: 0.0056 | load time: 0.0002 | back time: 0.8382 | lr: 0.00006057 | best AP50 acc: 0.8688 | best AP70 acc: 0.7161 | best mAP acc: 0.6760 | best mAR acc: 0.7529 | best Score: 0.6760 | best Score epoch: 23 
epoch 27, iter  901: loss: 0.0056 | load time: 0.0003 | back time: 0.8391 | lr: 0.00006044 | best AP50 acc: 0.8688 | best AP70 acc: 0.7161 | best mAP acc: 0.6760 | best mAR acc: 0.7529 | best Score: 0.6760 | best Score epoch: 23 
epoch 27, iter  951: loss: 0.0056 | load time: 0.0001 | back time: 0.8396 | lr: 0.00006031 | best AP50 acc: 0.8688 | best AP70 acc: 0.7161 | best mAP acc: 0.6760 | best mAR acc: 0.7529 | best Score: 0.6760 | best Score epoch: 23 
epoch 27, iter 1001: loss: 0.0057 | load time: 0.0002 | back time: 0.8378 | lr: 0.00006018 | best AP50 acc: 0.8688 | best AP70 acc: 0.7161 | best mAP acc: 0.6760 | best mAR acc: 0.7529 | best Score: 0.6760 | best Score epoch: 23 
epoch 27, iter 1051: loss: 0.0057 | load time: 0.0002 | back time: 0.8385 | lr: 0.00006004 | best AP50 acc: 0.8688 | best AP70 acc: 0.7161 | best mAP acc: 0.6760 | best mAR acc: 0.7529 | best Score: 0.6760 | best Score epoch: 23 
epoch 27, iter 1101: loss: 0.0057 | load time: 0.0002 | back time: 0.8385 | lr: 0.00005991 | best AP50 acc: 0.8688 | best AP70 acc: 0.7161 | best mAP acc: 0.6760 | best mAR acc: 0.7529 | best Score: 0.6760 | best Score epoch: 23 
epoch 27, iter 1151: loss: 0.0056 | load time: 0.0002 | back time: 0.8378 | lr: 0.00005978 | best AP50 acc: 0.8688 | best AP70 acc: 0.7161 | best mAP acc: 0.6760 | best mAR acc: 0.7529 | best Score: 0.6760 | best Score epoch: 23 
UAV_SEQS_2 | mAP50:90: 26.3527 | AP50: 45.5930 | AP70: 27.4537 
UAV_SEQS_37 | mAP50:90: 91.7953 | AP50: 100.0000 | AP70: 98.8713 
UAV_SEQS_45 | mAP50:90: 90.6735 | AP50: 96.0362 | AP70: 96.0362 
UAV_SEQS_47 | mAP50:90: 86.5784 | AP50: 100.0000 | AP70: 97.8956 
UAV_SEQS_55 | mAP50:90: 50.8233 | AP50: 70.6008 | AP70: 56.7373 
UAV_SEQS_59 | mAP50:90: 64.9716 | AP50: 92.5888 | AP70: 68.5102 
UAV_SEQS_6 | mAP50:90: 57.0803 | AP50: 74.3249 | AP70: 62.8278 
UAV_SEQS_63 | mAP50:90: 33.6193 | AP50: 88.0286 | AP70: 21.7888 
UAV_SEQS_65 | mAP50:90: 81.9786 | AP50: 95.3857 | AP70: 90.3215 
UAV_SEQS_7 | mAP50:90: 58.7079 | AP50: 90.5019 | AP70: 57.4979 
UAV_SEQS_71 | mAP50:90: 75.4374 | AP50: 92.8721 | AP70: 84.4441 
UAV_SEQS_73 | mAP50:90: 65.2552 | AP50: 84.7721 | AP70: 74.7060 
UAV_SEQS_74 | mAP50:90: 91.2376 | AP50: 92.3868 | AP70: 91.6453 
UAV_SEQS_77 | mAP50:90: 46.3408 | AP50: 49.9842 | AP70: 48.3099 
UAV_SEQS_8 | mAP50:90: 80.9698 | AP50: 98.9640 | AP70: 88.7239 
Overall            | mAP50:95: 66.9115 | AP50: 85.1148 | AP70: 71.5133 
epoch 28, iter    1: loss: 0.0055 | load time: 0.0069 | back time: 0.5091 | lr: 0.00005977 | best AP50 acc: 0.8688 | best AP70 acc: 0.7161 | best mAP acc: 0.6760 | best mAR acc: 0.7529 | best Score: 0.6760 | best Score epoch: 23 
epoch 28, iter   51: loss: 0.0056 | load time: 0.0005 | back time: 0.8306 | lr: 0.00005964 | best AP50 acc: 0.8688 | best AP70 acc: 0.7161 | best mAP acc: 0.6760 | best mAR acc: 0.7529 | best Score: 0.6760 | best Score epoch: 23 
epoch 28, iter  101: loss: 0.0056 | load time: 0.0001 | back time: 0.8365 | lr: 0.00005951 | best AP50 acc: 0.8688 | best AP70 acc: 0.7161 | best mAP acc: 0.6760 | best mAR acc: 0.7529 | best Score: 0.6760 | best Score epoch: 23 
epoch 28, iter  151: loss: 0.0056 | load time: 0.0004 | back time: 0.8390 | lr: 0.00005937 | best AP50 acc: 0.8688 | best AP70 acc: 0.7161 | best mAP acc: 0.6760 | best mAR acc: 0.7529 | best Score: 0.6760 | best Score epoch: 23 
epoch 28, iter  201: loss: 0.0057 | load time: 0.0002 | back time: 0.8421 | lr: 0.00005924 | best AP50 acc: 0.8688 | best AP70 acc: 0.7161 | best mAP acc: 0.6760 | best mAR acc: 0.7529 | best Score: 0.6760 | best Score epoch: 23 
epoch 28, iter  251: loss: 0.0054 | load time: 0.0002 | back time: 0.8437 | lr: 0.00005911 | best AP50 acc: 0.8688 | best AP70 acc: 0.7161 | best mAP acc: 0.6760 | best mAR acc: 0.7529 | best Score: 0.6760 | best Score epoch: 23 
epoch 28, iter  301: loss: 0.0056 | load time: 0.0002 | back time: 0.8233 | lr: 0.00005898 | best AP50 acc: 0.8688 | best AP70 acc: 0.7161 | best mAP acc: 0.6760 | best mAR acc: 0.7529 | best Score: 0.6760 | best Score epoch: 23 
epoch 28, iter  351: loss: 0.0057 | load time: 0.0002 | back time: 0.8382 | lr: 0.00005884 | best AP50 acc: 0.8688 | best AP70 acc: 0.7161 | best mAP acc: 0.6760 | best mAR acc: 0.7529 | best Score: 0.6760 | best Score epoch: 23 
epoch 28, iter  401: loss: 0.0057 | load time: 0.0002 | back time: 0.8395 | lr: 0.00005871 | best AP50 acc: 0.8688 | best AP70 acc: 0.7161 | best mAP acc: 0.6760 | best mAR acc: 0.7529 | best Score: 0.6760 | best Score epoch: 23 
epoch 28, iter  451: loss: 0.0056 | load time: 0.0002 | back time: 0.8400 | lr: 0.00005858 | best AP50 acc: 0.8688 | best AP70 acc: 0.7161 | best mAP acc: 0.6760 | best mAR acc: 0.7529 | best Score: 0.6760 | best Score epoch: 23 
epoch 28, iter  501: loss: 0.0056 | load time: 0.0003 | back time: 0.8339 | lr: 0.00005844 | best AP50 acc: 0.8688 | best AP70 acc: 0.7161 | best mAP acc: 0.6760 | best mAR acc: 0.7529 | best Score: 0.6760 | best Score epoch: 23 
epoch 28, iter  551: loss: 0.0056 | load time: 0.0002 | back time: 0.8395 | lr: 0.00005831 | best AP50 acc: 0.8688 | best AP70 acc: 0.7161 | best mAP acc: 0.6760 | best mAR acc: 0.7529 | best Score: 0.6760 | best Score epoch: 23 
epoch 28, iter  601: loss: 0.0056 | load time: 0.0003 | back time: 0.8395 | lr: 0.00005818 | best AP50 acc: 0.8688 | best AP70 acc: 0.7161 | best mAP acc: 0.6760 | best mAR acc: 0.7529 | best Score: 0.6760 | best Score epoch: 23 
epoch 28, iter  651: loss: 0.0057 | load time: 0.0002 | back time: 0.8380 | lr: 0.00005804 | best AP50 acc: 0.8688 | best AP70 acc: 0.7161 | best mAP acc: 0.6760 | best mAR acc: 0.7529 | best Score: 0.6760 | best Score epoch: 23 
epoch 28, iter  701: loss: 0.0056 | load time: 0.0002 | back time: 0.8412 | lr: 0.00005791 | best AP50 acc: 0.8688 | best AP70 acc: 0.7161 | best mAP acc: 0.6760 | best mAR acc: 0.7529 | best Score: 0.6760 | best Score epoch: 23 
epoch 28, iter  751: loss: 0.0058 | load time: 0.0004 | back time: 0.8394 | lr: 0.00005778 | best AP50 acc: 0.8688 | best AP70 acc: 0.7161 | best mAP acc: 0.6760 | best mAR acc: 0.7529 | best Score: 0.6760 | best Score epoch: 23 
epoch 28, iter  801: loss: 0.0057 | load time: 0.0002 | back time: 0.8463 | lr: 0.00005764 | best AP50 acc: 0.8688 | best AP70 acc: 0.7161 | best mAP acc: 0.6760 | best mAR acc: 0.7529 | best Score: 0.6760 | best Score epoch: 23 
epoch 28, iter  851: loss: 0.0056 | load time: 0.0002 | back time: 0.8443 | lr: 0.00005751 | best AP50 acc: 0.8688 | best AP70 acc: 0.7161 | best mAP acc: 0.6760 | best mAR acc: 0.7529 | best Score: 0.6760 | best Score epoch: 23 
epoch 28, iter  901: loss: 0.0057 | load time: 0.0004 | back time: 0.8391 | lr: 0.00005738 | best AP50 acc: 0.8688 | best AP70 acc: 0.7161 | best mAP acc: 0.6760 | best mAR acc: 0.7529 | best Score: 0.6760 | best Score epoch: 23 
epoch 28, iter  951: loss: 0.0056 | load time: 0.0002 | back time: 0.8389 | lr: 0.00005724 | best AP50 acc: 0.8688 | best AP70 acc: 0.7161 | best mAP acc: 0.6760 | best mAR acc: 0.7529 | best Score: 0.6760 | best Score epoch: 23 
epoch 28, iter 1001: loss: 0.0056 | load time: 0.0002 | back time: 0.8403 | lr: 0.00005711 | best AP50 acc: 0.8688 | best AP70 acc: 0.7161 | best mAP acc: 0.6760 | best mAR acc: 0.7529 | best Score: 0.6760 | best Score epoch: 23 
epoch 28, iter 1051: loss: 0.0056 | load time: 0.0002 | back time: 0.8377 | lr: 0.00005697 | best AP50 acc: 0.8688 | best AP70 acc: 0.7161 | best mAP acc: 0.6760 | best mAR acc: 0.7529 | best Score: 0.6760 | best Score epoch: 23 
epoch 28, iter 1101: loss: 0.0058 | load time: 0.0003 | back time: 0.8411 | lr: 0.00005684 | best AP50 acc: 0.8688 | best AP70 acc: 0.7161 | best mAP acc: 0.6760 | best mAR acc: 0.7529 | best Score: 0.6760 | best Score epoch: 23 
epoch 28, iter 1151: loss: 0.0057 | load time: 0.0002 | back time: 0.8393 | lr: 0.00005671 | best AP50 acc: 0.8688 | best AP70 acc: 0.7161 | best mAP acc: 0.6760 | best mAR acc: 0.7529 | best Score: 0.6760 | best Score epoch: 23 
UAV_SEQS_2 | mAP50:90: 27.4232 | AP50: 53.6621 | AP70: 25.3811 
UAV_SEQS_37 | mAP50:90: 89.0083 | AP50: 100.0000 | AP70: 96.5821 
UAV_SEQS_45 | mAP50:90: 91.6856 | AP50: 95.9926 | AP70: 95.9926 
UAV_SEQS_47 | mAP50:90: 84.8211 | AP50: 99.0099 | AP70: 92.4367 
UAV_SEQS_55 | mAP50:90: 46.6184 | AP50: 71.3675 | AP70: 53.2551 
UAV_SEQS_59 | mAP50:90: 61.5496 | AP50: 91.0470 | AP70: 64.0506 
UAV_SEQS_6 | mAP50:90: 59.3901 | AP50: 71.6264 | AP70: 63.1071 
UAV_SEQS_63 | mAP50:90: 26.5376 | AP50: 70.1423 | AP70: 17.0945 
UAV_SEQS_65 | mAP50:90: 83.0293 | AP50: 94.2501 | AP70: 90.9578 
UAV_SEQS_7 | mAP50:90: 38.5367 | AP50: 72.1445 | AP70: 38.7896 
UAV_SEQS_71 | mAP50:90: 78.7661 | AP50: 92.4852 | AP70: 85.6590 
UAV_SEQS_73 | mAP50:90: 62.5281 | AP50: 80.7396 | AP70: 70.8408 
UAV_SEQS_74 | mAP50:90: 98.4477 | AP50: 98.9642 | AP70: 98.9642 
UAV_SEQS_77 | mAP50:90: 49.5725 | AP50: 53.8429 | AP70: 51.8914 
UAV_SEQS_8 | mAP50:90: 77.7642 | AP50: 96.8891 | AP70: 86.8837 
Overall            | mAP50:95: 65.7581 | AP50: 84.1925 | AP70: 70.4478 
epoch 29, iter    1: loss: 0.0057 | load time: 0.0078 | back time: 0.3403 | lr: 0.00005670 | best AP50 acc: 0.8688 | best AP70 acc: 0.7161 | best mAP acc: 0.6760 | best mAR acc: 0.7529 | best Score: 0.6760 | best Score epoch: 23 
epoch 29, iter   51: loss: 0.0056 | load time: 0.0002 | back time: 0.8737 | lr: 0.00005657 | best AP50 acc: 0.8688 | best AP70 acc: 0.7161 | best mAP acc: 0.6760 | best mAR acc: 0.7529 | best Score: 0.6760 | best Score epoch: 23 
epoch 29, iter  101: loss: 0.0056 | load time: 0.0002 | back time: 0.8227 | lr: 0.00005643 | best AP50 acc: 0.8688 | best AP70 acc: 0.7161 | best mAP acc: 0.6760 | best mAR acc: 0.7529 | best Score: 0.6760 | best Score epoch: 23 
epoch 29, iter  151: loss: 0.0056 | load time: 0.0002 | back time: 0.8381 | lr: 0.00005630 | best AP50 acc: 0.8688 | best AP70 acc: 0.7161 | best mAP acc: 0.6760 | best mAR acc: 0.7529 | best Score: 0.6760 | best Score epoch: 23 
epoch 29, iter  201: loss: 0.0057 | load time: 0.0002 | back time: 0.8426 | lr: 0.00005617 | best AP50 acc: 0.8688 | best AP70 acc: 0.7161 | best mAP acc: 0.6760 | best mAR acc: 0.7529 | best Score: 0.6760 | best Score epoch: 23 
epoch 29, iter  251: loss: 0.0056 | load time: 0.0002 | back time: 0.8394 | lr: 0.00005603 | best AP50 acc: 0.8688 | best AP70 acc: 0.7161 | best mAP acc: 0.6760 | best mAR acc: 0.7529 | best Score: 0.6760 | best Score epoch: 23 
epoch 29, iter  301: loss: 0.0056 | load time: 0.0002 | back time: 0.8481 | lr: 0.00005590 | best AP50 acc: 0.8688 | best AP70 acc: 0.7161 | best mAP acc: 0.6760 | best mAR acc: 0.7529 | best Score: 0.6760 | best Score epoch: 23 
epoch 29, iter  351: loss: 0.0057 | load time: 0.0002 | back time: 0.8413 | lr: 0.00005576 | best AP50 acc: 0.8688 | best AP70 acc: 0.7161 | best mAP acc: 0.6760 | best mAR acc: 0.7529 | best Score: 0.6760 | best Score epoch: 23 
epoch 29, iter  401: loss: 0.0055 | load time: 0.0002 | back time: 0.8321 | lr: 0.00005563 | best AP50 acc: 0.8688 | best AP70 acc: 0.7161 | best mAP acc: 0.6760 | best mAR acc: 0.7529 | best Score: 0.6760 | best Score epoch: 23 
epoch 29, iter  451: loss: 0.0056 | load time: 0.0002 | back time: 0.8325 | lr: 0.00005549 | best AP50 acc: 0.8688 | best AP70 acc: 0.7161 | best mAP acc: 0.6760 | best mAR acc: 0.7529 | best Score: 0.6760 | best Score epoch: 23 
epoch 29, iter  501: loss: 0.0056 | load time: 0.0002 | back time: 0.8654 | lr: 0.00005536 | best AP50 acc: 0.8688 | best AP70 acc: 0.7161 | best mAP acc: 0.6760 | best mAR acc: 0.7529 | best Score: 0.6760 | best Score epoch: 23 
epoch 29, iter  551: loss: 0.0056 | load time: 0.0003 | back time: 0.8435 | lr: 0.00005523 | best AP50 acc: 0.8688 | best AP70 acc: 0.7161 | best mAP acc: 0.6760 | best mAR acc: 0.7529 | best Score: 0.6760 | best Score epoch: 23 
epoch 29, iter  601: loss: 0.0053 | load time: 0.0002 | back time: 0.8181 | lr: 0.00005509 | best AP50 acc: 0.8688 | best AP70 acc: 0.7161 | best mAP acc: 0.6760 | best mAR acc: 0.7529 | best Score: 0.6760 | best Score epoch: 23 
epoch 29, iter  651: loss: 0.0056 | load time: 0.0003 | back time: 0.8371 | lr: 0.00005496 | best AP50 acc: 0.8688 | best AP70 acc: 0.7161 | best mAP acc: 0.6760 | best mAR acc: 0.7529 | best Score: 0.6760 | best Score epoch: 23 
epoch 29, iter  701: loss: 0.0056 | load time: 0.0002 | back time: 0.8336 | lr: 0.00005482 | best AP50 acc: 0.8688 | best AP70 acc: 0.7161 | best mAP acc: 0.6760 | best mAR acc: 0.7529 | best Score: 0.6760 | best Score epoch: 23 
epoch 29, iter  751: loss: 0.0056 | load time: 0.0002 | back time: 0.8360 | lr: 0.00005469 | best AP50 acc: 0.8688 | best AP70 acc: 0.7161 | best mAP acc: 0.6760 | best mAR acc: 0.7529 | best Score: 0.6760 | best Score epoch: 23 
epoch 29, iter  801: loss: 0.0055 | load time: 0.0001 | back time: 0.8364 | lr: 0.00005455 | best AP50 acc: 0.8688 | best AP70 acc: 0.7161 | best mAP acc: 0.6760 | best mAR acc: 0.7529 | best Score: 0.6760 | best Score epoch: 23 
epoch 29, iter  851: loss: 0.0056 | load time: 0.0003 | back time: 0.8367 | lr: 0.00005442 | best AP50 acc: 0.8688 | best AP70 acc: 0.7161 | best mAP acc: 0.6760 | best mAR acc: 0.7529 | best Score: 0.6760 | best Score epoch: 23 
epoch 29, iter  901: loss: 0.0054 | load time: 0.0001 | back time: 0.8370 | lr: 0.00005428 | best AP50 acc: 0.8688 | best AP70 acc: 0.7161 | best mAP acc: 0.6760 | best mAR acc: 0.7529 | best Score: 0.6760 | best Score epoch: 23 
epoch 29, iter  951: loss: 0.0057 | load time: 0.0002 | back time: 0.8471 | lr: 0.00005415 | best AP50 acc: 0.8688 | best AP70 acc: 0.7161 | best mAP acc: 0.6760 | best mAR acc: 0.7529 | best Score: 0.6760 | best Score epoch: 23 
epoch 29, iter 1001: loss: 0.0056 | load time: 0.0005 | back time: 0.8439 | lr: 0.00005401 | best AP50 acc: 0.8688 | best AP70 acc: 0.7161 | best mAP acc: 0.6760 | best mAR acc: 0.7529 | best Score: 0.6760 | best Score epoch: 23 
epoch 29, iter 1051: loss: 0.0056 | load time: 0.0002 | back time: 0.8370 | lr: 0.00005388 | best AP50 acc: 0.8688 | best AP70 acc: 0.7161 | best mAP acc: 0.6760 | best mAR acc: 0.7529 | best Score: 0.6760 | best Score epoch: 23 
epoch 29, iter 1101: loss: 0.0058 | load time: 0.0002 | back time: 0.8262 | lr: 0.00005375 | best AP50 acc: 0.8688 | best AP70 acc: 0.7161 | best mAP acc: 0.6760 | best mAR acc: 0.7529 | best Score: 0.6760 | best Score epoch: 23 
epoch 29, iter 1151: loss: 0.0056 | load time: 0.0001 | back time: 0.8357 | lr: 0.00005361 | best AP50 acc: 0.8688 | best AP70 acc: 0.7161 | best mAP acc: 0.6760 | best mAR acc: 0.7529 | best Score: 0.6760 | best Score epoch: 23 
UAV_SEQS_2 | mAP50:90: 28.2749 | AP50: 52.6621 | AP70: 25.2366 
UAV_SEQS_37 | mAP50:90: 88.5287 | AP50: 100.0000 | AP70: 97.2201 
UAV_SEQS_45 | mAP50:90: 93.8396 | AP50: 96.0396 | AP70: 96.0396 
UAV_SEQS_47 | mAP50:90: 88.0083 | AP50: 99.0099 | AP70: 91.5077 
UAV_SEQS_55 | mAP50:90: 42.7729 | AP50: 68.4493 | AP70: 48.7751 
UAV_SEQS_59 | mAP50:90: 71.9632 | AP50: 94.2970 | AP70: 80.8247 
UAV_SEQS_6 | mAP50:90: 50.6030 | AP50: 64.9271 | AP70: 55.7036 
UAV_SEQS_63 | mAP50:90: 30.2625 | AP50: 86.1911 | AP70: 14.8515 
UAV_SEQS_65 | mAP50:90: 81.1601 | AP50: 95.8536 | AP70: 87.9585 
UAV_SEQS_7 | mAP50:90: 64.0479 | AP50: 86.1352 | AP70: 63.1138 
UAV_SEQS_71 | mAP50:90: 74.3448 | AP50: 95.3973 | AP70: 78.0035 
UAV_SEQS_73 | mAP50:90: 65.3094 | AP50: 84.0602 | AP70: 73.0260 
UAV_SEQS_74 | mAP50:90: 96.9611 | AP50: 97.3650 | AP70: 97.3650 
UAV_SEQS_77 | mAP50:90: 41.2802 | AP50: 45.7846 | AP70: 45.7846 
UAV_SEQS_8 | mAP50:90: 79.9717 | AP50: 97.9239 | AP70: 88.1553 
Overall            | mAP50:95: 67.0633 | AP50: 85.3596 | AP70: 70.4946 
epoch 30, iter    1: loss: 0.0056 | load time: 0.0061 | back time: 0.4026 | lr: 0.00005361 | best AP50 acc: 0.8688 | best AP70 acc: 0.7161 | best mAP acc: 0.6760 | best mAR acc: 0.7529 | best Score: 0.6760 | best Score epoch: 23 
epoch 30, iter   51: loss: 0.0056 | load time: 0.0002 | back time: 0.8308 | lr: 0.00005347 | best AP50 acc: 0.8688 | best AP70 acc: 0.7161 | best mAP acc: 0.6760 | best mAR acc: 0.7529 | best Score: 0.6760 | best Score epoch: 23 
epoch 30, iter  101: loss: 0.0056 | load time: 0.0003 | back time: 0.8332 | lr: 0.00005334 | best AP50 acc: 0.8688 | best AP70 acc: 0.7161 | best mAP acc: 0.6760 | best mAR acc: 0.7529 | best Score: 0.6760 | best Score epoch: 23 
epoch 30, iter  151: loss: 0.0056 | load time: 0.0001 | back time: 0.8472 | lr: 0.00005320 | best AP50 acc: 0.8688 | best AP70 acc: 0.7161 | best mAP acc: 0.6760 | best mAR acc: 0.7529 | best Score: 0.6760 | best Score epoch: 23 
epoch 30, iter  201: loss: 0.0056 | load time: 0.0003 | back time: 0.8534 | lr: 0.00005307 | best AP50 acc: 0.8688 | best AP70 acc: 0.7161 | best mAP acc: 0.6760 | best mAR acc: 0.7529 | best Score: 0.6760 | best Score epoch: 23 
epoch 30, iter  251: loss: 0.0056 | load time: 0.0002 | back time: 0.8383 | lr: 0.00005293 | best AP50 acc: 0.8688 | best AP70 acc: 0.7161 | best mAP acc: 0.6760 | best mAR acc: 0.7529 | best Score: 0.6760 | best Score epoch: 23 
epoch 30, iter  301: loss: 0.0051 | load time: 0.0001 | back time: 0.8374 | lr: 0.00005280 | best AP50 acc: 0.8688 | best AP70 acc: 0.7161 | best mAP acc: 0.6760 | best mAR acc: 0.7529 | best Score: 0.6760 | best Score epoch: 23 
epoch 30, iter  351: loss: 0.0056 | load time: 0.0001 | back time: 0.8369 | lr: 0.00005266 | best AP50 acc: 0.8688 | best AP70 acc: 0.7161 | best mAP acc: 0.6760 | best mAR acc: 0.7529 | best Score: 0.6760 | best Score epoch: 23 
epoch 30, iter  401: loss: 0.0054 | load time: 0.0002 | back time: 0.8389 | lr: 0.00005253 | best AP50 acc: 0.8688 | best AP70 acc: 0.7161 | best mAP acc: 0.6760 | best mAR acc: 0.7529 | best Score: 0.6760 | best Score epoch: 23 
epoch 30, iter  451: loss: 0.0054 | load time: 0.0002 | back time: 0.8500 | lr: 0.00005239 | best AP50 acc: 0.8688 | best AP70 acc: 0.7161 | best mAP acc: 0.6760 | best mAR acc: 0.7529 | best Score: 0.6760 | best Score epoch: 23 
epoch 30, iter  501: loss: 0.0056 | load time: 0.0002 | back time: 0.8379 | lr: 0.00005226 | best AP50 acc: 0.8688 | best AP70 acc: 0.7161 | best mAP acc: 0.6760 | best mAR acc: 0.7529 | best Score: 0.6760 | best Score epoch: 23 
epoch 30, iter  551: loss: 0.0056 | load time: 0.0002 | back time: 0.8368 | lr: 0.00005212 | best AP50 acc: 0.8688 | best AP70 acc: 0.7161 | best mAP acc: 0.6760 | best mAR acc: 0.7529 | best Score: 0.6760 | best Score epoch: 23 
epoch 30, iter  601: loss: 0.0056 | load time: 0.0002 | back time: 0.8368 | lr: 0.00005199 | best AP50 acc: 0.8688 | best AP70 acc: 0.7161 | best mAP acc: 0.6760 | best mAR acc: 0.7529 | best Score: 0.6760 | best Score epoch: 23 
epoch 30, iter  651: loss: 0.0055 | load time: 0.0002 | back time: 0.8376 | lr: 0.00005185 | best AP50 acc: 0.8688 | best AP70 acc: 0.7161 | best mAP acc: 0.6760 | best mAR acc: 0.7529 | best Score: 0.6760 | best Score epoch: 23 
epoch 30, iter  701: loss: 0.0056 | load time: 0.0001 | back time: 0.8373 | lr: 0.00005172 | best AP50 acc: 0.8688 | best AP70 acc: 0.7161 | best mAP acc: 0.6760 | best mAR acc: 0.7529 | best Score: 0.6760 | best Score epoch: 23 
epoch 30, iter  751: loss: 0.0056 | load time: 0.0002 | back time: 0.8287 | lr: 0.00005158 | best AP50 acc: 0.8688 | best AP70 acc: 0.7161 | best mAP acc: 0.6760 | best mAR acc: 0.7529 | best Score: 0.6760 | best Score epoch: 23 
epoch 30, iter  801: loss: 0.0057 | load time: 0.0002 | back time: 0.8384 | lr: 0.00005145 | best AP50 acc: 0.8688 | best AP70 acc: 0.7161 | best mAP acc: 0.6760 | best mAR acc: 0.7529 | best Score: 0.6760 | best Score epoch: 23 
epoch 30, iter  851: loss: 0.0056 | load time: 0.0001 | back time: 0.8370 | lr: 0.00005131 | best AP50 acc: 0.8688 | best AP70 acc: 0.7161 | best mAP acc: 0.6760 | best mAR acc: 0.7529 | best Score: 0.6760 | best Score epoch: 23 
epoch 30, iter  901: loss: 0.0056 | load time: 0.0002 | back time: 0.8366 | lr: 0.00005118 | best AP50 acc: 0.8688 | best AP70 acc: 0.7161 | best mAP acc: 0.6760 | best mAR acc: 0.7529 | best Score: 0.6760 | best Score epoch: 23 
epoch 30, iter  951: loss: 0.0056 | load time: 0.0003 | back time: 0.8395 | lr: 0.00005104 | best AP50 acc: 0.8688 | best AP70 acc: 0.7161 | best mAP acc: 0.6760 | best mAR acc: 0.7529 | best Score: 0.6760 | best Score epoch: 23 
epoch 30, iter 1001: loss: 0.0056 | load time: 0.0002 | back time: 0.8387 | lr: 0.00005091 | best AP50 acc: 0.8688 | best AP70 acc: 0.7161 | best mAP acc: 0.6760 | best mAR acc: 0.7529 | best Score: 0.6760 | best Score epoch: 23 
epoch 30, iter 1051: loss: 0.0056 | load time: 0.0002 | back time: 0.8388 | lr: 0.00005077 | best AP50 acc: 0.8688 | best AP70 acc: 0.7161 | best mAP acc: 0.6760 | best mAR acc: 0.7529 | best Score: 0.6760 | best Score epoch: 23 
epoch 30, iter 1101: loss: 0.0055 | load time: 0.0002 | back time: 0.8351 | lr: 0.00005064 | best AP50 acc: 0.8688 | best AP70 acc: 0.7161 | best mAP acc: 0.6760 | best mAR acc: 0.7529 | best Score: 0.6760 | best Score epoch: 23 
epoch 30, iter 1151: loss: 0.0056 | load time: 0.0001 | back time: 0.8482 | lr: 0.00005050 | best AP50 acc: 0.8688 | best AP70 acc: 0.7161 | best mAP acc: 0.6760 | best mAR acc: 0.7529 | best Score: 0.6760 | best Score epoch: 23 
UAV_SEQS_2 | mAP50:90: 29.2074 | AP50: 57.9623 | AP70: 27.9380 
UAV_SEQS_37 | mAP50:90: 89.6488 | AP50: 100.0000 | AP70: 98.5913 
UAV_SEQS_45 | mAP50:90: 92.8877 | AP50: 96.0396 | AP70: 96.0396 
UAV_SEQS_47 | mAP50:90: 88.5239 | AP50: 100.0000 | AP70: 97.0026 
UAV_SEQS_55 | mAP50:90: 48.8606 | AP50: 71.7736 | AP70: 52.6566 
UAV_SEQS_59 | mAP50:90: 64.3256 | AP50: 93.4637 | AP70: 73.7057 
UAV_SEQS_6 | mAP50:90: 47.4420 | AP50: 65.7110 | AP70: 50.0542 
UAV_SEQS_63 | mAP50:90: 26.7399 | AP50: 80.5919 | AP70: 10.7382 
UAV_SEQS_65 | mAP50:90: 79.2406 | AP50: 95.0238 | AP70: 87.1506 
UAV_SEQS_7 | mAP50:90: 60.7705 | AP50: 87.4135 | AP70: 62.0389 
UAV_SEQS_71 | mAP50:90: 76.6213 | AP50: 94.3529 | AP70: 79.6986 
UAV_SEQS_73 | mAP50:90: 66.7359 | AP50: 84.9210 | AP70: 74.7163 
UAV_SEQS_74 | mAP50:90: 91.8087 | AP50: 91.9502 | AP70: 91.9502 
UAV_SEQS_77 | mAP50:90: 49.0519 | AP50: 50.8953 | AP70: 50.8953 
UAV_SEQS_8 | mAP50:90: 83.6029 | AP50: 97.8834 | AP70: 93.4177 
Overall            | mAP50:95: 66.6026 | AP50: 85.2018 | AP70: 70.4519 
epoch 31, iter    1: loss: 0.0055 | load time: 0.0052 | back time: 0.4258 | lr: 0.00005050 | best AP50 acc: 0.8688 | best AP70 acc: 0.7161 | best mAP acc: 0.6760 | best mAR acc: 0.7529 | best Score: 0.6760 | best Score epoch: 23 
epoch 31, iter   51: loss: 0.0057 | load time: 0.0002 | back time: 0.8326 | lr: 0.00005036 | best AP50 acc: 0.8688 | best AP70 acc: 0.7161 | best mAP acc: 0.6760 | best mAR acc: 0.7529 | best Score: 0.6760 | best Score epoch: 23 
epoch 31, iter  101: loss: 0.0055 | load time: 0.0003 | back time: 0.8375 | lr: 0.00005023 | best AP50 acc: 0.8688 | best AP70 acc: 0.7161 | best mAP acc: 0.6760 | best mAR acc: 0.7529 | best Score: 0.6760 | best Score epoch: 23 
epoch 31, iter  151: loss: 0.0056 | load time: 0.0002 | back time: 0.8390 | lr: 0.00005009 | best AP50 acc: 0.8688 | best AP70 acc: 0.7161 | best mAP acc: 0.6760 | best mAR acc: 0.7529 | best Score: 0.6760 | best Score epoch: 23 
epoch 31, iter  201: loss: 0.0056 | load time: 0.0002 | back time: 0.8458 | lr: 0.00004996 | best AP50 acc: 0.8688 | best AP70 acc: 0.7161 | best mAP acc: 0.6760 | best mAR acc: 0.7529 | best Score: 0.6760 | best Score epoch: 23 
epoch 31, iter  251: loss: 0.0056 | load time: 0.0003 | back time: 0.8594 | lr: 0.00004982 | best AP50 acc: 0.8688 | best AP70 acc: 0.7161 | best mAP acc: 0.6760 | best mAR acc: 0.7529 | best Score: 0.6760 | best Score epoch: 23 
epoch 31, iter  301: loss: 0.0056 | load time: 0.0002 | back time: 0.8444 | lr: 0.00004969 | best AP50 acc: 0.8688 | best AP70 acc: 0.7161 | best mAP acc: 0.6760 | best mAR acc: 0.7529 | best Score: 0.6760 | best Score epoch: 23 
epoch 31, iter  351: loss: 0.0056 | load time: 0.0002 | back time: 0.8388 | lr: 0.00004955 | best AP50 acc: 0.8688 | best AP70 acc: 0.7161 | best mAP acc: 0.6760 | best mAR acc: 0.7529 | best Score: 0.6760 | best Score epoch: 23 
epoch 31, iter  401: loss: 0.0053 | load time: 0.0002 | back time: 0.8388 | lr: 0.00004942 | best AP50 acc: 0.8688 | best AP70 acc: 0.7161 | best mAP acc: 0.6760 | best mAR acc: 0.7529 | best Score: 0.6760 | best Score epoch: 23 
epoch 31, iter  451: loss: 0.0056 | load time: 0.0002 | back time: 0.8391 | lr: 0.00004928 | best AP50 acc: 0.8688 | best AP70 acc: 0.7161 | best mAP acc: 0.6760 | best mAR acc: 0.7529 | best Score: 0.6760 | best Score epoch: 23 
epoch 31, iter  501: loss: 0.0053 | load time: 0.0002 | back time: 0.8399 | lr: 0.00004915 | best AP50 acc: 0.8688 | best AP70 acc: 0.7161 | best mAP acc: 0.6760 | best mAR acc: 0.7529 | best Score: 0.6760 | best Score epoch: 23 
epoch 31, iter  551: loss: 0.0055 | load time: 0.0002 | back time: 0.8498 | lr: 0.00004901 | best AP50 acc: 0.8688 | best AP70 acc: 0.7161 | best mAP acc: 0.6760 | best mAR acc: 0.7529 | best Score: 0.6760 | best Score epoch: 23 
epoch 31, iter  601: loss: 0.0056 | load time: 0.0002 | back time: 0.8521 | lr: 0.00004888 | best AP50 acc: 0.8688 | best AP70 acc: 0.7161 | best mAP acc: 0.6760 | best mAR acc: 0.7529 | best Score: 0.6760 | best Score epoch: 23 
epoch 31, iter  651: loss: 0.0056 | load time: 0.0001 | back time: 0.8380 | lr: 0.00004874 | best AP50 acc: 0.8688 | best AP70 acc: 0.7161 | best mAP acc: 0.6760 | best mAR acc: 0.7529 | best Score: 0.6760 | best Score epoch: 23 
epoch 31, iter  701: loss: 0.0056 | load time: 0.0003 | back time: 0.8332 | lr: 0.00004861 | best AP50 acc: 0.8688 | best AP70 acc: 0.7161 | best mAP acc: 0.6760 | best mAR acc: 0.7529 | best Score: 0.6760 | best Score epoch: 23 
epoch 31, iter  751: loss: 0.0055 | load time: 0.0002 | back time: 0.8379 | lr: 0.00004847 | best AP50 acc: 0.8688 | best AP70 acc: 0.7161 | best mAP acc: 0.6760 | best mAR acc: 0.7529 | best Score: 0.6760 | best Score epoch: 23 
epoch 31, iter  801: loss: 0.0056 | load time: 0.0003 | back time: 0.8390 | lr: 0.00004834 | best AP50 acc: 0.8688 | best AP70 acc: 0.7161 | best mAP acc: 0.6760 | best mAR acc: 0.7529 | best Score: 0.6760 | best Score epoch: 23 
epoch 31, iter  851: loss: 0.0056 | load time: 0.0002 | back time: 0.8386 | lr: 0.00004820 | best AP50 acc: 0.8688 | best AP70 acc: 0.7161 | best mAP acc: 0.6760 | best mAR acc: 0.7529 | best Score: 0.6760 | best Score epoch: 23 
epoch 31, iter  901: loss: 0.0056 | load time: 0.0001 | back time: 0.8347 | lr: 0.00004807 | best AP50 acc: 0.8688 | best AP70 acc: 0.7161 | best mAP acc: 0.6760 | best mAR acc: 0.7529 | best Score: 0.6760 | best Score epoch: 23 
epoch 31, iter  951: loss: 0.0053 | load time: 0.0002 | back time: 0.8387 | lr: 0.00004793 | best AP50 acc: 0.8688 | best AP70 acc: 0.7161 | best mAP acc: 0.6760 | best mAR acc: 0.7529 | best Score: 0.6760 | best Score epoch: 23 
epoch 31, iter 1001: loss: 0.0056 | load time: 0.0002 | back time: 0.8382 | lr: 0.00004780 | best AP50 acc: 0.8688 | best AP70 acc: 0.7161 | best mAP acc: 0.6760 | best mAR acc: 0.7529 | best Score: 0.6760 | best Score epoch: 23 
epoch 31, iter 1051: loss: 0.0054 | load time: 0.0003 | back time: 0.8403 | lr: 0.00004766 | best AP50 acc: 0.8688 | best AP70 acc: 0.7161 | best mAP acc: 0.6760 | best mAR acc: 0.7529 | best Score: 0.6760 | best Score epoch: 23 
epoch 31, iter 1101: loss: 0.0056 | load time: 0.0002 | back time: 0.8442 | lr: 0.00004753 | best AP50 acc: 0.8688 | best AP70 acc: 0.7161 | best mAP acc: 0.6760 | best mAR acc: 0.7529 | best Score: 0.6760 | best Score epoch: 23 
epoch 31, iter 1151: loss: 0.0056 | load time: 0.0011 | back time: 0.8375 | lr: 0.00004739 | best AP50 acc: 0.8688 | best AP70 acc: 0.7161 | best mAP acc: 0.6760 | best mAR acc: 0.7529 | best Score: 0.6760 | best Score epoch: 23 
UAV_SEQS_2 | mAP50:90: 34.6682 | AP50: 62.3648 | AP70: 34.9047 
UAV_SEQS_37 | mAP50:90: 91.7264 | AP50: 100.0000 | AP70: 97.7206 
UAV_SEQS_45 | mAP50:90: 89.3195 | AP50: 96.0396 | AP70: 94.7429 
UAV_SEQS_47 | mAP50:90: 82.4064 | AP50: 98.9559 | AP70: 86.4618 
UAV_SEQS_55 | mAP50:90: 44.7240 | AP50: 67.6356 | AP70: 48.7728 
UAV_SEQS_59 | mAP50:90: 59.6590 | AP50: 87.9904 | AP70: 68.1679 
UAV_SEQS_6 | mAP50:90: 66.6628 | AP50: 80.0317 | AP70: 73.4279 
UAV_SEQS_63 | mAP50:90: 22.4459 | AP50: 73.5152 | AP70: 11.8460 
UAV_SEQS_65 | mAP50:90: 78.0390 | AP50: 97.4836 | AP70: 86.8004 
UAV_SEQS_7 | mAP50:90: 69.5604 | AP50: 94.4350 | AP70: 76.8631 
UAV_SEQS_71 | mAP50:90: 74.3950 | AP50: 93.3751 | AP70: 74.8357 
UAV_SEQS_73 | mAP50:90: 63.9820 | AP50: 84.2498 | AP70: 70.3941 
UAV_SEQS_74 | mAP50:90: 97.2142 | AP50: 99.3976 | AP70: 99.3976 
UAV_SEQS_77 | mAP50:90: 41.3006 | AP50: 46.6357 | AP70: 43.9310 
UAV_SEQS_8 | mAP50:90: 85.1206 | AP50: 97.8741 | AP70: 92.8067 
Overall            | mAP50:95: 66.6319 | AP50: 85.8360 | AP70: 71.2841 
epoch 32, iter    1: loss: 0.0056 | load time: 0.0052 | back time: 0.4272 | lr: 0.00004739 | best AP50 acc: 0.8688 | best AP70 acc: 0.7161 | best mAP acc: 0.6760 | best mAR acc: 0.7529 | best Score: 0.6760 | best Score epoch: 23 
epoch 32, iter   51: loss: 0.0056 | load time: 0.0003 | back time: 0.8337 | lr: 0.00004725 | best AP50 acc: 0.8688 | best AP70 acc: 0.7161 | best mAP acc: 0.6760 | best mAR acc: 0.7529 | best Score: 0.6760 | best Score epoch: 23 
epoch 32, iter  101: loss: 0.0056 | load time: 0.0001 | back time: 0.8365 | lr: 0.00004712 | best AP50 acc: 0.8688 | best AP70 acc: 0.7161 | best mAP acc: 0.6760 | best mAR acc: 0.7529 | best Score: 0.6760 | best Score epoch: 23 
epoch 32, iter  151: loss: 0.0053 | load time: 0.0003 | back time: 0.8306 | lr: 0.00004699 | best AP50 acc: 0.8688 | best AP70 acc: 0.7161 | best mAP acc: 0.6760 | best mAR acc: 0.7529 | best Score: 0.6760 | best Score epoch: 23 
epoch 32, iter  201: loss: 0.0056 | load time: 0.0003 | back time: 0.8487 | lr: 0.00004685 | best AP50 acc: 0.8688 | best AP70 acc: 0.7161 | best mAP acc: 0.6760 | best mAR acc: 0.7529 | best Score: 0.6760 | best Score epoch: 23 
epoch 32, iter  251: loss: 0.0055 | load time: 0.0001 | back time: 0.8556 | lr: 0.00004672 | best AP50 acc: 0.8688 | best AP70 acc: 0.7161 | best mAP acc: 0.6760 | best mAR acc: 0.7529 | best Score: 0.6760 | best Score epoch: 23 
epoch 32, iter  301: loss: 0.0057 | load time: 0.0003 | back time: 0.8417 | lr: 0.00004658 | best AP50 acc: 0.8688 | best AP70 acc: 0.7161 | best mAP acc: 0.6760 | best mAR acc: 0.7529 | best Score: 0.6760 | best Score epoch: 23 
epoch 32, iter  351: loss: 0.0055 | load time: 0.0002 | back time: 0.8395 | lr: 0.00004645 | best AP50 acc: 0.8688 | best AP70 acc: 0.7161 | best mAP acc: 0.6760 | best mAR acc: 0.7529 | best Score: 0.6760 | best Score epoch: 23 
epoch 32, iter  401: loss: 0.0055 | load time: 0.0002 | back time: 0.8412 | lr: 0.00004631 | best AP50 acc: 0.8688 | best AP70 acc: 0.7161 | best mAP acc: 0.6760 | best mAR acc: 0.7529 | best Score: 0.6760 | best Score epoch: 23 
epoch 32, iter  451: loss: 0.0056 | load time: 0.0002 | back time: 0.8399 | lr: 0.00004618 | best AP50 acc: 0.8688 | best AP70 acc: 0.7161 | best mAP acc: 0.6760 | best mAR acc: 0.7529 | best Score: 0.6760 | best Score epoch: 23 
epoch 32, iter  501: loss: 0.0055 | load time: 0.0002 | back time: 0.8390 | lr: 0.00004604 | best AP50 acc: 0.8688 | best AP70 acc: 0.7161 | best mAP acc: 0.6760 | best mAR acc: 0.7529 | best Score: 0.6760 | best Score epoch: 23 
epoch 32, iter  551: loss: 0.0056 | load time: 0.0002 | back time: 0.8406 | lr: 0.00004591 | best AP50 acc: 0.8688 | best AP70 acc: 0.7161 | best mAP acc: 0.6760 | best mAR acc: 0.7529 | best Score: 0.6760 | best Score epoch: 23 
epoch 32, iter  601: loss: 0.0052 | load time: 0.0002 | back time: 0.8395 | lr: 0.00004577 | best AP50 acc: 0.8688 | best AP70 acc: 0.7161 | best mAP acc: 0.6760 | best mAR acc: 0.7529 | best Score: 0.6760 | best Score epoch: 23 
epoch 32, iter  651: loss: 0.0056 | load time: 0.0003 | back time: 0.8357 | lr: 0.00004564 | best AP50 acc: 0.8688 | best AP70 acc: 0.7161 | best mAP acc: 0.6760 | best mAR acc: 0.7529 | best Score: 0.6760 | best Score epoch: 23 
epoch 32, iter  701: loss: 0.0055 | load time: 0.0003 | back time: 0.8630 | lr: 0.00004551 | best AP50 acc: 0.8688 | best AP70 acc: 0.7161 | best mAP acc: 0.6760 | best mAR acc: 0.7529 | best Score: 0.6760 | best Score epoch: 23 
epoch 32, iter  751: loss: 0.0056 | load time: 0.0002 | back time: 0.8438 | lr: 0.00004537 | best AP50 acc: 0.8688 | best AP70 acc: 0.7161 | best mAP acc: 0.6760 | best mAR acc: 0.7529 | best Score: 0.6760 | best Score epoch: 23 
epoch 32, iter  801: loss: 0.0056 | load time: 0.0003 | back time: 0.8489 | lr: 0.00004524 | best AP50 acc: 0.8688 | best AP70 acc: 0.7161 | best mAP acc: 0.6760 | best mAR acc: 0.7529 | best Score: 0.6760 | best Score epoch: 23 
epoch 32, iter  851: loss: 0.0056 | load time: 0.0002 | back time: 0.8293 | lr: 0.00004510 | best AP50 acc: 0.8688 | best AP70 acc: 0.7161 | best mAP acc: 0.6760 | best mAR acc: 0.7529 | best Score: 0.6760 | best Score epoch: 23 
epoch 32, iter  901: loss: 0.0056 | load time: 0.0002 | back time: 0.8363 | lr: 0.00004497 | best AP50 acc: 0.8688 | best AP70 acc: 0.7161 | best mAP acc: 0.6760 | best mAR acc: 0.7529 | best Score: 0.6760 | best Score epoch: 23 
epoch 32, iter  951: loss: 0.0056 | load time: 0.0001 | back time: 0.8389 | lr: 0.00004483 | best AP50 acc: 0.8688 | best AP70 acc: 0.7161 | best mAP acc: 0.6760 | best mAR acc: 0.7529 | best Score: 0.6760 | best Score epoch: 23 
epoch 32, iter 1001: loss: 0.0056 | load time: 0.0002 | back time: 0.8391 | lr: 0.00004470 | best AP50 acc: 0.8688 | best AP70 acc: 0.7161 | best mAP acc: 0.6760 | best mAR acc: 0.7529 | best Score: 0.6760 | best Score epoch: 23 
epoch 32, iter 1051: loss: 0.0056 | load time: 0.0002 | back time: 0.8296 | lr: 0.00004457 | best AP50 acc: 0.8688 | best AP70 acc: 0.7161 | best mAP acc: 0.6760 | best mAR acc: 0.7529 | best Score: 0.6760 | best Score epoch: 23 
epoch 32, iter 1101: loss: 0.0055 | load time: 0.0003 | back time: 0.8486 | lr: 0.00004443 | best AP50 acc: 0.8688 | best AP70 acc: 0.7161 | best mAP acc: 0.6760 | best mAR acc: 0.7529 | best Score: 0.6760 | best Score epoch: 23 
epoch 32, iter 1151: loss: 0.0056 | load time: 0.0003 | back time: 0.8370 | lr: 0.00004430 | best AP50 acc: 0.8688 | best AP70 acc: 0.7161 | best mAP acc: 0.6760 | best mAR acc: 0.7529 | best Score: 0.6760 | best Score epoch: 23 
UAV_SEQS_2 | mAP50:90: 33.0996 | AP50: 59.7701 | AP70: 33.3381 
UAV_SEQS_37 | mAP50:90: 90.1647 | AP50: 100.0000 | AP70: 96.1742 
UAV_SEQS_45 | mAP50:90: 94.2691 | AP50: 97.0297 | AP70: 97.0297 
UAV_SEQS_47 | mAP50:90: 85.6409 | AP50: 100.0000 | AP70: 94.4657 
UAV_SEQS_55 | mAP50:90: 45.9378 | AP50: 67.1277 | AP70: 51.6245 
UAV_SEQS_59 | mAP50:90: 67.8478 | AP50: 93.6970 | AP70: 71.4832 
UAV_SEQS_6 | mAP50:90: 34.4163 | AP50: 44.9327 | AP70: 35.6914 
UAV_SEQS_63 | mAP50:90: 26.9240 | AP50: 82.4473 | AP70: 15.1153 
UAV_SEQS_65 | mAP50:90: 80.5197 | AP50: 95.3207 | AP70: 87.7982 
UAV_SEQS_7 | mAP50:90: 52.3745 | AP50: 86.6941 | AP70: 53.0127 
UAV_SEQS_71 | mAP50:90: 70.2276 | AP50: 90.2910 | AP70: 71.7774 
UAV_SEQS_73 | mAP50:90: 65.1319 | AP50: 84.5453 | AP70: 70.8169 
UAV_SEQS_74 | mAP50:90: 98.9434 | AP50: 99.9645 | AP70: 98.9801 
UAV_SEQS_77 | mAP50:90: 43.9723 | AP50: 46.4293 | AP70: 46.3262 
UAV_SEQS_8 | mAP50:90: 83.0876 | AP50: 96.8123 | AP70: 88.5930 
Overall            | mAP50:95: 65.2647 | AP50: 84.1963 | AP70: 69.1233 
epoch 33, iter    1: loss: 0.0056 | load time: 0.0058 | back time: 0.3829 | lr: 0.00004429 | best AP50 acc: 0.8688 | best AP70 acc: 0.7161 | best mAP acc: 0.6760 | best mAR acc: 0.7529 | best Score: 0.6760 | best Score epoch: 23 
epoch 33, iter   51: loss: 0.0056 | load time: 0.0001 | back time: 0.8274 | lr: 0.00004416 | best AP50 acc: 0.8688 | best AP70 acc: 0.7161 | best mAP acc: 0.6760 | best mAR acc: 0.7529 | best Score: 0.6760 | best Score epoch: 23 
epoch 33, iter  101: loss: 0.0055 | load time: 0.0003 | back time: 0.8390 | lr: 0.00004403 | best AP50 acc: 0.8688 | best AP70 acc: 0.7161 | best mAP acc: 0.6760 | best mAR acc: 0.7529 | best Score: 0.6760 | best Score epoch: 23 
epoch 33, iter  151: loss: 0.0056 | load time: 0.0001 | back time: 0.8385 | lr: 0.00004389 | best AP50 acc: 0.8688 | best AP70 acc: 0.7161 | best mAP acc: 0.6760 | best mAR acc: 0.7529 | best Score: 0.6760 | best Score epoch: 23 
epoch 33, iter  201: loss: 0.0055 | load time: 0.0002 | back time: 0.8378 | lr: 0.00004376 | best AP50 acc: 0.8688 | best AP70 acc: 0.7161 | best mAP acc: 0.6760 | best mAR acc: 0.7529 | best Score: 0.6760 | best Score epoch: 23 
epoch 33, iter  251: loss: 0.0056 | load time: 0.0002 | back time: 0.8570 | lr: 0.00004362 | best AP50 acc: 0.8688 | best AP70 acc: 0.7161 | best mAP acc: 0.6760 | best mAR acc: 0.7529 | best Score: 0.6760 | best Score epoch: 23 
epoch 33, iter  301: loss: 0.0056 | load time: 0.0002 | back time: 0.8445 | lr: 0.00004349 | best AP50 acc: 0.8688 | best AP70 acc: 0.7161 | best mAP acc: 0.6760 | best mAR acc: 0.7529 | best Score: 0.6760 | best Score epoch: 23 
epoch 33, iter  351: loss: 0.0055 | load time: 0.0001 | back time: 0.8135 | lr: 0.00004336 | best AP50 acc: 0.8688 | best AP70 acc: 0.7161 | best mAP acc: 0.6760 | best mAR acc: 0.7529 | best Score: 0.6760 | best Score epoch: 23 
epoch 33, iter  401: loss: 0.0053 | load time: 0.0002 | back time: 0.8150 | lr: 0.00004322 | best AP50 acc: 0.8688 | best AP70 acc: 0.7161 | best mAP acc: 0.6760 | best mAR acc: 0.7529 | best Score: 0.6760 | best Score epoch: 23 
epoch 33, iter  451: loss: 0.0054 | load time: 0.0002 | back time: 0.8812 | lr: 0.00004309 | best AP50 acc: 0.8688 | best AP70 acc: 0.7161 | best mAP acc: 0.6760 | best mAR acc: 0.7529 | best Score: 0.6760 | best Score epoch: 23 
epoch 33, iter  501: loss: 0.0055 | load time: 0.0002 | back time: 0.8373 | lr: 0.00004296 | best AP50 acc: 0.8688 | best AP70 acc: 0.7161 | best mAP acc: 0.6760 | best mAR acc: 0.7529 | best Score: 0.6760 | best Score epoch: 23 
epoch 33, iter  551: loss: 0.0056 | load time: 0.0001 | back time: 0.8253 | lr: 0.00004282 | best AP50 acc: 0.8688 | best AP70 acc: 0.7161 | best mAP acc: 0.6760 | best mAR acc: 0.7529 | best Score: 0.6760 | best Score epoch: 23 
epoch 33, iter  601: loss: 0.0055 | load time: 0.0002 | back time: 0.8301 | lr: 0.00004269 | best AP50 acc: 0.8688 | best AP70 acc: 0.7161 | best mAP acc: 0.6760 | best mAR acc: 0.7529 | best Score: 0.6760 | best Score epoch: 23 
epoch 33, iter  651: loss: 0.0055 | load time: 0.0001 | back time: 0.8343 | lr: 0.00004256 | best AP50 acc: 0.8688 | best AP70 acc: 0.7161 | best mAP acc: 0.6760 | best mAR acc: 0.7529 | best Score: 0.6760 | best Score epoch: 23 
epoch 33, iter  701: loss: 0.0056 | load time: 0.0002 | back time: 0.8299 | lr: 0.00004242 | best AP50 acc: 0.8688 | best AP70 acc: 0.7161 | best mAP acc: 0.6760 | best mAR acc: 0.7529 | best Score: 0.6760 | best Score epoch: 23 
epoch 33, iter  751: loss: 0.0055 | load time: 0.0002 | back time: 0.8304 | lr: 0.00004229 | best AP50 acc: 0.8688 | best AP70 acc: 0.7161 | best mAP acc: 0.6760 | best mAR acc: 0.7529 | best Score: 0.6760 | best Score epoch: 23 
epoch 33, iter  801: loss: 0.0055 | load time: 0.0001 | back time: 0.8303 | lr: 0.00004216 | best AP50 acc: 0.8688 | best AP70 acc: 0.7161 | best mAP acc: 0.6760 | best mAR acc: 0.7529 | best Score: 0.6760 | best Score epoch: 23 
epoch 33, iter  851: loss: 0.0055 | load time: 0.0002 | back time: 0.8284 | lr: 0.00004202 | best AP50 acc: 0.8688 | best AP70 acc: 0.7161 | best mAP acc: 0.6760 | best mAR acc: 0.7529 | best Score: 0.6760 | best Score epoch: 23 
epoch 33, iter  901: loss: 0.0056 | load time: 0.0003 | back time: 0.8408 | lr: 0.00004189 | best AP50 acc: 0.8688 | best AP70 acc: 0.7161 | best mAP acc: 0.6760 | best mAR acc: 0.7529 | best Score: 0.6760 | best Score epoch: 23 
epoch 33, iter  951: loss: 0.0056 | load time: 0.0002 | back time: 0.8397 | lr: 0.00004176 | best AP50 acc: 0.8688 | best AP70 acc: 0.7161 | best mAP acc: 0.6760 | best mAR acc: 0.7529 | best Score: 0.6760 | best Score epoch: 23 
epoch 33, iter 1001: loss: 0.0055 | load time: 0.0002 | back time: 0.8326 | lr: 0.00004163 | best AP50 acc: 0.8688 | best AP70 acc: 0.7161 | best mAP acc: 0.6760 | best mAR acc: 0.7529 | best Score: 0.6760 | best Score epoch: 23 
epoch 33, iter 1051: loss: 0.0056 | load time: 0.0002 | back time: 0.8274 | lr: 0.00004149 | best AP50 acc: 0.8688 | best AP70 acc: 0.7161 | best mAP acc: 0.6760 | best mAR acc: 0.7529 | best Score: 0.6760 | best Score epoch: 23 
epoch 33, iter 1101: loss: 0.0056 | load time: 0.0002 | back time: 0.8148 | lr: 0.00004136 | best AP50 acc: 0.8688 | best AP70 acc: 0.7161 | best mAP acc: 0.6760 | best mAR acc: 0.7529 | best Score: 0.6760 | best Score epoch: 23 
epoch 33, iter 1151: loss: 0.0056 | load time: 0.0002 | back time: 0.8749 | lr: 0.00004123 | best AP50 acc: 0.8688 | best AP70 acc: 0.7161 | best mAP acc: 0.6760 | best mAR acc: 0.7529 | best Score: 0.6760 | best Score epoch: 23 
UAV_SEQS_2 | mAP50:90: 32.6656 | AP50: 57.6212 | AP70: 33.5701 
UAV_SEQS_37 | mAP50:90: 89.9903 | AP50: 100.0000 | AP70: 96.5541 
UAV_SEQS_45 | mAP50:90: 91.5000 | AP50: 96.0396 | AP70: 96.0396 
UAV_SEQS_47 | mAP50:90: 89.7037 | AP50: 100.0000 | AP70: 96.6595 
UAV_SEQS_55 | mAP50:90: 45.4178 | AP50: 69.7611 | AP70: 53.1597 
UAV_SEQS_59 | mAP50:90: 67.7031 | AP50: 94.9073 | AP70: 74.6886 
UAV_SEQS_6 | mAP50:90: 58.9173 | AP50: 75.3071 | AP70: 62.1937 
UAV_SEQS_63 | mAP50:90: 38.0905 | AP50: 95.7554 | AP70: 27.6716 
UAV_SEQS_65 | mAP50:90: 81.3270 | AP50: 93.0758 | AP70: 90.1102 
UAV_SEQS_7 | mAP50:90: 52.8858 | AP50: 87.1602 | AP70: 51.5218 
UAV_SEQS_71 | mAP50:90: 78.7427 | AP50: 92.3184 | AP70: 85.0652 
UAV_SEQS_73 | mAP50:90: 61.9788 | AP50: 81.7393 | AP70: 70.0763 
UAV_SEQS_74 | mAP50:90: 97.7593 | AP50: 98.3300 | AP70: 98.3300 
UAV_SEQS_77 | mAP50:90: 48.6623 | AP50: 51.5026 | AP70: 49.5857 
UAV_SEQS_8 | mAP50:90: 75.9445 | AP50: 97.8964 | AP70: 88.2190 
Overall            | mAP50:95: 67.8996 | AP50: 86.8810 | AP70: 72.8122 
epoch 34, iter    1: loss: 0.0054 | load time: 0.0063 | back time: 0.5076 | lr: 0.00004122 | best AP50 acc: 0.8688 | best AP70 acc: 0.7281 | best mAP acc: 0.6790 | best mAR acc: 0.7569 | best Score: 0.6790 | best Score epoch: 33 
epoch 34, iter   51: loss: 0.0056 | load time: 0.0001 | back time: 0.8281 | lr: 0.00004109 | best AP50 acc: 0.8688 | best AP70 acc: 0.7281 | best mAP acc: 0.6790 | best mAR acc: 0.7569 | best Score: 0.6790 | best Score epoch: 33 
epoch 34, iter  101: loss: 0.0055 | load time: 0.0002 | back time: 0.8349 | lr: 0.00004096 | best AP50 acc: 0.8688 | best AP70 acc: 0.7281 | best mAP acc: 0.6790 | best mAR acc: 0.7569 | best Score: 0.6790 | best Score epoch: 33 
epoch 34, iter  151: loss: 0.0055 | load time: 0.0002 | back time: 0.8358 | lr: 0.00004082 | best AP50 acc: 0.8688 | best AP70 acc: 0.7281 | best mAP acc: 0.6790 | best mAR acc: 0.7569 | best Score: 0.6790 | best Score epoch: 33 
epoch 34, iter  201: loss: 0.0056 | load time: 0.0001 | back time: 0.8367 | lr: 0.00004069 | best AP50 acc: 0.8688 | best AP70 acc: 0.7281 | best mAP acc: 0.6790 | best mAR acc: 0.7569 | best Score: 0.6790 | best Score epoch: 33 
epoch 34, iter  251: loss: 0.0054 | load time: 0.0002 | back time: 0.8403 | lr: 0.00004056 | best AP50 acc: 0.8688 | best AP70 acc: 0.7281 | best mAP acc: 0.6790 | best mAR acc: 0.7569 | best Score: 0.6790 | best Score epoch: 33 
epoch 34, iter  301: loss: 0.0055 | load time: 0.0002 | back time: 0.8394 | lr: 0.00004043 | best AP50 acc: 0.8688 | best AP70 acc: 0.7281 | best mAP acc: 0.6790 | best mAR acc: 0.7569 | best Score: 0.6790 | best Score epoch: 33 
epoch 34, iter  351: loss: 0.0056 | load time: 0.0002 | back time: 0.8283 | lr: 0.00004030 | best AP50 acc: 0.8688 | best AP70 acc: 0.7281 | best mAP acc: 0.6790 | best mAR acc: 0.7569 | best Score: 0.6790 | best Score epoch: 33 
epoch 34, iter  401: loss: 0.0056 | load time: 0.0001 | back time: 0.7463 | lr: 0.00004016 | best AP50 acc: 0.8688 | best AP70 acc: 0.7281 | best mAP acc: 0.6790 | best mAR acc: 0.7569 | best Score: 0.6790 | best Score epoch: 33 
epoch 34, iter  451: loss: 0.0056 | load time: 0.0002 | back time: 0.8818 | lr: 0.00004003 | best AP50 acc: 0.8688 | best AP70 acc: 0.7281 | best mAP acc: 0.6790 | best mAR acc: 0.7569 | best Score: 0.6790 | best Score epoch: 33 
epoch 34, iter  501: loss: 0.0056 | load time: 0.0003 | back time: 0.8508 | lr: 0.00003990 | best AP50 acc: 0.8688 | best AP70 acc: 0.7281 | best mAP acc: 0.6790 | best mAR acc: 0.7569 | best Score: 0.6790 | best Score epoch: 33 
epoch 34, iter  551: loss: 0.0055 | load time: 0.0001 | back time: 0.8278 | lr: 0.00003977 | best AP50 acc: 0.8688 | best AP70 acc: 0.7281 | best mAP acc: 0.6790 | best mAR acc: 0.7569 | best Score: 0.6790 | best Score epoch: 33 
epoch 34, iter  601: loss: 0.0054 | load time: 0.0003 | back time: 0.8342 | lr: 0.00003964 | best AP50 acc: 0.8688 | best AP70 acc: 0.7281 | best mAP acc: 0.6790 | best mAR acc: 0.7569 | best Score: 0.6790 | best Score epoch: 33 
epoch 34, iter  651: loss: 0.0055 | load time: 0.0002 | back time: 0.8205 | lr: 0.00003950 | best AP50 acc: 0.8688 | best AP70 acc: 0.7281 | best mAP acc: 0.6790 | best mAR acc: 0.7569 | best Score: 0.6790 | best Score epoch: 33 
epoch 34, iter  701: loss: 0.0055 | load time: 0.0001 | back time: 0.8304 | lr: 0.00003937 | best AP50 acc: 0.8688 | best AP70 acc: 0.7281 | best mAP acc: 0.6790 | best mAR acc: 0.7569 | best Score: 0.6790 | best Score epoch: 33 
epoch 34, iter  751: loss: 0.0055 | load time: 0.0002 | back time: 0.8179 | lr: 0.00003924 | best AP50 acc: 0.8688 | best AP70 acc: 0.7281 | best mAP acc: 0.6790 | best mAR acc: 0.7569 | best Score: 0.6790 | best Score epoch: 33 
epoch 34, iter  801: loss: 0.0056 | load time: 0.0003 | back time: 0.8148 | lr: 0.00003911 | best AP50 acc: 0.8688 | best AP70 acc: 0.7281 | best mAP acc: 0.6790 | best mAR acc: 0.7569 | best Score: 0.6790 | best Score epoch: 33 
epoch 34, iter  851: loss: 0.0053 | load time: 0.0002 | back time: 0.8268 | lr: 0.00003898 | best AP50 acc: 0.8688 | best AP70 acc: 0.7281 | best mAP acc: 0.6790 | best mAR acc: 0.7569 | best Score: 0.6790 | best Score epoch: 33 
epoch 34, iter  901: loss: 0.0054 | load time: 0.0002 | back time: 0.8304 | lr: 0.00003885 | best AP50 acc: 0.8688 | best AP70 acc: 0.7281 | best mAP acc: 0.6790 | best mAR acc: 0.7569 | best Score: 0.6790 | best Score epoch: 33 
epoch 34, iter  951: loss: 0.0054 | load time: 0.0003 | back time: 0.8435 | lr: 0.00003872 | best AP50 acc: 0.8688 | best AP70 acc: 0.7281 | best mAP acc: 0.6790 | best mAR acc: 0.7569 | best Score: 0.6790 | best Score epoch: 33 
epoch 34, iter 1001: loss: 0.0056 | load time: 0.0003 | back time: 0.8570 | lr: 0.00003859 | best AP50 acc: 0.8688 | best AP70 acc: 0.7281 | best mAP acc: 0.6790 | best mAR acc: 0.7569 | best Score: 0.6790 | best Score epoch: 33 
epoch 34, iter 1051: loss: 0.0056 | load time: 0.0002 | back time: 0.8137 | lr: 0.00003845 | best AP50 acc: 0.8688 | best AP70 acc: 0.7281 | best mAP acc: 0.6790 | best mAR acc: 0.7569 | best Score: 0.6790 | best Score epoch: 33 
epoch 34, iter 1101: loss: 0.0054 | load time: 0.0002 | back time: 0.8955 | lr: 0.00003832 | best AP50 acc: 0.8688 | best AP70 acc: 0.7281 | best mAP acc: 0.6790 | best mAR acc: 0.7569 | best Score: 0.6790 | best Score epoch: 33 
epoch 34, iter 1151: loss: 0.0055 | load time: 0.0098 | back time: 0.8521 | lr: 0.00003819 | best AP50 acc: 0.8688 | best AP70 acc: 0.7281 | best mAP acc: 0.6790 | best mAR acc: 0.7569 | best Score: 0.6790 | best Score epoch: 33 
UAV_SEQS_2 | mAP50:90: 33.7751 | AP50: 59.7657 | AP70: 33.1683 
UAV_SEQS_37 | mAP50:90: 92.9355 | AP50: 100.0000 | AP70: 98.8208 
UAV_SEQS_45 | mAP50:90: 92.1757 | AP50: 96.0396 | AP70: 96.0396 
UAV_SEQS_47 | mAP50:90: 82.0887 | AP50: 97.9106 | AP70: 88.1870 
UAV_SEQS_55 | mAP50:90: 47.1869 | AP50: 67.4619 | AP70: 50.1876 
UAV_SEQS_59 | mAP50:90: 63.9330 | AP50: 92.8055 | AP70: 73.1545 
UAV_SEQS_6 | mAP50:90: 48.1471 | AP50: 64.1399 | AP70: 51.0200 
UAV_SEQS_63 | mAP50:90: 36.2668 | AP50: 95.0286 | AP70: 27.0504 
UAV_SEQS_65 | mAP50:90: 78.7703 | AP50: 97.1419 | AP70: 87.5969 
UAV_SEQS_7 | mAP50:90: 71.5692 | AP50: 98.0198 | AP70: 77.9721 
UAV_SEQS_71 | mAP50:90: 73.9490 | AP50: 92.7434 | AP70: 78.3815 
UAV_SEQS_73 | mAP50:90: 61.5291 | AP50: 82.9146 | AP70: 66.0445 
UAV_SEQS_74 | mAP50:90: 98.2768 | AP50: 98.8867 | AP70: 98.8468 
UAV_SEQS_77 | mAP50:90: 48.7459 | AP50: 50.8831 | AP70: 50.8831 
UAV_SEQS_8 | mAP50:90: 80.7731 | AP50: 96.8327 | AP70: 87.3394 
Overall            | mAP50:95: 67.6099 | AP50: 87.0873 | AP70: 71.6036 
epoch 35, iter    1: loss: 0.0056 | load time: 0.0052 | back time: 0.3478 | lr: 0.00003819 | best AP50 acc: 0.8688 | best AP70 acc: 0.7281 | best mAP acc: 0.6790 | best mAR acc: 0.7569 | best Score: 0.6790 | best Score epoch: 33 
epoch 35, iter   51: loss: 0.0055 | load time: 0.0002 | back time: 0.8287 | lr: 0.00003806 | best AP50 acc: 0.8688 | best AP70 acc: 0.7281 | best mAP acc: 0.6790 | best mAR acc: 0.7569 | best Score: 0.6790 | best Score epoch: 33 
epoch 35, iter  101: loss: 0.0054 | load time: 0.0002 | back time: 0.8288 | lr: 0.00003793 | best AP50 acc: 0.8688 | best AP70 acc: 0.7281 | best mAP acc: 0.6790 | best mAR acc: 0.7569 | best Score: 0.6790 | best Score epoch: 33 
epoch 35, iter  151: loss: 0.0056 | load time: 0.0003 | back time: 0.8367 | lr: 0.00003780 | best AP50 acc: 0.8688 | best AP70 acc: 0.7281 | best mAP acc: 0.6790 | best mAR acc: 0.7569 | best Score: 0.6790 | best Score epoch: 33 
epoch 35, iter  201: loss: 0.0055 | load time: 0.0002 | back time: 0.8407 | lr: 0.00003766 | best AP50 acc: 0.8688 | best AP70 acc: 0.7281 | best mAP acc: 0.6790 | best mAR acc: 0.7569 | best Score: 0.6790 | best Score epoch: 33 
epoch 35, iter  251: loss: 0.0056 | load time: 0.0004 | back time: 0.8404 | lr: 0.00003753 | best AP50 acc: 0.8688 | best AP70 acc: 0.7281 | best mAP acc: 0.6790 | best mAR acc: 0.7569 | best Score: 0.6790 | best Score epoch: 33 
epoch 35, iter  301: loss: 0.0056 | load time: 0.0002 | back time: 0.8338 | lr: 0.00003740 | best AP50 acc: 0.8688 | best AP70 acc: 0.7281 | best mAP acc: 0.6790 | best mAR acc: 0.7569 | best Score: 0.6790 | best Score epoch: 33 
epoch 35, iter  351: loss: 0.0055 | load time: 0.0003 | back time: 0.8314 | lr: 0.00003727 | best AP50 acc: 0.8688 | best AP70 acc: 0.7281 | best mAP acc: 0.6790 | best mAR acc: 0.7569 | best Score: 0.6790 | best Score epoch: 33 
epoch 35, iter  401: loss: 0.0056 | load time: 0.0002 | back time: 0.8329 | lr: 0.00003714 | best AP50 acc: 0.8688 | best AP70 acc: 0.7281 | best mAP acc: 0.6790 | best mAR acc: 0.7569 | best Score: 0.6790 | best Score epoch: 33 
epoch 35, iter  451: loss: 0.0055 | load time: 0.0001 | back time: 0.8201 | lr: 0.00003701 | best AP50 acc: 0.8688 | best AP70 acc: 0.7281 | best mAP acc: 0.6790 | best mAR acc: 0.7569 | best Score: 0.6790 | best Score epoch: 33 
epoch 35, iter  501: loss: 0.0055 | load time: 0.0003 | back time: 0.8393 | lr: 0.00003688 | best AP50 acc: 0.8688 | best AP70 acc: 0.7281 | best mAP acc: 0.6790 | best mAR acc: 0.7569 | best Score: 0.6790 | best Score epoch: 33 
epoch 35, iter  551: loss: 0.0056 | load time: 0.0002 | back time: 0.8415 | lr: 0.00003675 | best AP50 acc: 0.8688 | best AP70 acc: 0.7281 | best mAP acc: 0.6790 | best mAR acc: 0.7569 | best Score: 0.6790 | best Score epoch: 33 
epoch 35, iter  601: loss: 0.0056 | load time: 0.0002 | back time: 0.8734 | lr: 0.00003663 | best AP50 acc: 0.8688 | best AP70 acc: 0.7281 | best mAP acc: 0.6790 | best mAR acc: 0.7569 | best Score: 0.6790 | best Score epoch: 33 
epoch 35, iter  651: loss: 0.0055 | load time: 0.0001 | back time: 0.8954 | lr: 0.00003650 | best AP50 acc: 0.8688 | best AP70 acc: 0.7281 | best mAP acc: 0.6790 | best mAR acc: 0.7569 | best Score: 0.6790 | best Score epoch: 33 
epoch 35, iter  701: loss: 0.0056 | load time: 0.0001 | back time: 0.8323 | lr: 0.00003637 | best AP50 acc: 0.8688 | best AP70 acc: 0.7281 | best mAP acc: 0.6790 | best mAR acc: 0.7569 | best Score: 0.6790 | best Score epoch: 33 
epoch 35, iter  751: loss: 0.0056 | load time: 0.0001 | back time: 0.8405 | lr: 0.00003624 | best AP50 acc: 0.8688 | best AP70 acc: 0.7281 | best mAP acc: 0.6790 | best mAR acc: 0.7569 | best Score: 0.6790 | best Score epoch: 33 
epoch 35, iter  801: loss: 0.0054 | load time: 0.0001 | back time: 0.8428 | lr: 0.00003611 | best AP50 acc: 0.8688 | best AP70 acc: 0.7281 | best mAP acc: 0.6790 | best mAR acc: 0.7569 | best Score: 0.6790 | best Score epoch: 33 
epoch 35, iter  851: loss: 0.0056 | load time: 0.0002 | back time: 0.8415 | lr: 0.00003598 | best AP50 acc: 0.8688 | best AP70 acc: 0.7281 | best mAP acc: 0.6790 | best mAR acc: 0.7569 | best Score: 0.6790 | best Score epoch: 33 
epoch 35, iter  901: loss: 0.0056 | load time: 0.0002 | back time: 0.8398 | lr: 0.00003585 | best AP50 acc: 0.8688 | best AP70 acc: 0.7281 | best mAP acc: 0.6790 | best mAR acc: 0.7569 | best Score: 0.6790 | best Score epoch: 33 
epoch 35, iter  951: loss: 0.0056 | load time: 0.0002 | back time: 0.8433 | lr: 0.00003572 | best AP50 acc: 0.8688 | best AP70 acc: 0.7281 | best mAP acc: 0.6790 | best mAR acc: 0.7569 | best Score: 0.6790 | best Score epoch: 33 
epoch 35, iter 1001: loss: 0.0055 | load time: 0.0001 | back time: 0.8347 | lr: 0.00003559 | best AP50 acc: 0.8688 | best AP70 acc: 0.7281 | best mAP acc: 0.6790 | best mAR acc: 0.7569 | best Score: 0.6790 | best Score epoch: 33 
epoch 35, iter 1051: loss: 0.0055 | load time: 0.0001 | back time: 0.8399 | lr: 0.00003546 | best AP50 acc: 0.8688 | best AP70 acc: 0.7281 | best mAP acc: 0.6790 | best mAR acc: 0.7569 | best Score: 0.6790 | best Score epoch: 33 
epoch 35, iter 1101: loss: 0.0056 | load time: 0.0002 | back time: 0.8420 | lr: 0.00003533 | best AP50 acc: 0.8688 | best AP70 acc: 0.7281 | best mAP acc: 0.6790 | best mAR acc: 0.7569 | best Score: 0.6790 | best Score epoch: 33 
epoch 35, iter 1151: loss: 0.0056 | load time: 0.0001 | back time: 0.8416 | lr: 0.00003521 | best AP50 acc: 0.8688 | best AP70 acc: 0.7281 | best mAP acc: 0.6790 | best mAR acc: 0.7569 | best Score: 0.6790 | best Score epoch: 33 
UAV_SEQS_2 | mAP50:90: 26.0221 | AP50: 53.1614 | AP70: 23.0125 
UAV_SEQS_37 | mAP50:90: 90.4307 | AP50: 100.0000 | AP70: 96.5416 
UAV_SEQS_45 | mAP50:90: 91.9488 | AP50: 96.0396 | AP70: 96.0396 
UAV_SEQS_47 | mAP50:90: 86.4267 | AP50: 100.0000 | AP70: 94.5644 
UAV_SEQS_55 | mAP50:90: 46.1032 | AP50: 68.4668 | AP70: 51.3697 
UAV_SEQS_59 | mAP50:90: 66.3083 | AP50: 93.1509 | AP70: 75.5048 
UAV_SEQS_6 | mAP50:90: 49.6524 | AP50: 64.3623 | AP70: 53.3600 
UAV_SEQS_63 | mAP50:90: 34.9287 | AP50: 91.8506 | AP70: 25.1822 
UAV_SEQS_65 | mAP50:90: 78.8890 | AP50: 93.3943 | AP70: 88.3888 
UAV_SEQS_7 | mAP50:90: 52.5658 | AP50: 84.2608 | AP70: 52.2914 
UAV_SEQS_71 | mAP50:90: 78.0211 | AP50: 93.1393 | AP70: 83.9542 
UAV_SEQS_73 | mAP50:90: 63.8449 | AP50: 84.3867 | AP70: 71.1646 
UAV_SEQS_74 | mAP50:90: 95.1963 | AP50: 95.7506 | AP70: 95.7142 
UAV_SEQS_77 | mAP50:90: 48.5317 | AP50: 50.9051 | AP70: 49.4753 
UAV_SEQS_8 | mAP50:90: 77.9487 | AP50: 97.8945 | AP70: 87.4200 
Overall            | mAP50:95: 66.0993 | AP50: 85.2205 | AP70: 70.8974 
epoch 36, iter    1: loss: 0.0055 | load time: 0.0065 | back time: 0.3929 | lr: 0.00003520 | best AP50 acc: 0.8688 | best AP70 acc: 0.7281 | best mAP acc: 0.6790 | best mAR acc: 0.7569 | best Score: 0.6790 | best Score epoch: 33 
epoch 36, iter   51: loss: 0.0055 | load time: 0.0001 | back time: 0.8326 | lr: 0.00003507 | best AP50 acc: 0.8688 | best AP70 acc: 0.7281 | best mAP acc: 0.6790 | best mAR acc: 0.7569 | best Score: 0.6790 | best Score epoch: 33 
epoch 36, iter  101: loss: 0.0055 | load time: 0.0002 | back time: 0.8390 | lr: 0.00003494 | best AP50 acc: 0.8688 | best AP70 acc: 0.7281 | best mAP acc: 0.6790 | best mAR acc: 0.7569 | best Score: 0.6790 | best Score epoch: 33 
epoch 36, iter  151: loss: 0.0056 | load time: 0.0002 | back time: 0.8403 | lr: 0.00003482 | best AP50 acc: 0.8688 | best AP70 acc: 0.7281 | best mAP acc: 0.6790 | best mAR acc: 0.7569 | best Score: 0.6790 | best Score epoch: 33 
epoch 36, iter  201: loss: 0.0056 | load time: 0.0001 | back time: 0.8449 | lr: 0.00003469 | best AP50 acc: 0.8688 | best AP70 acc: 0.7281 | best mAP acc: 0.6790 | best mAR acc: 0.7569 | best Score: 0.6790 | best Score epoch: 33 
epoch 36, iter  251: loss: 0.0055 | load time: 0.0001 | back time: 0.8414 | lr: 0.00003456 | best AP50 acc: 0.8688 | best AP70 acc: 0.7281 | best mAP acc: 0.6790 | best mAR acc: 0.7569 | best Score: 0.6790 | best Score epoch: 33 
epoch 36, iter  301: loss: 0.0057 | load time: 0.0001 | back time: 0.8415 | lr: 0.00003443 | best AP50 acc: 0.8688 | best AP70 acc: 0.7281 | best mAP acc: 0.6790 | best mAR acc: 0.7569 | best Score: 0.6790 | best Score epoch: 33 
epoch 36, iter  351: loss: 0.0055 | load time: 0.0001 | back time: 0.8404 | lr: 0.00003431 | best AP50 acc: 0.8688 | best AP70 acc: 0.7281 | best mAP acc: 0.6790 | best mAR acc: 0.7569 | best Score: 0.6790 | best Score epoch: 33 
epoch 36, iter  401: loss: 0.0056 | load time: 0.0001 | back time: 0.8410 | lr: 0.00003418 | best AP50 acc: 0.8688 | best AP70 acc: 0.7281 | best mAP acc: 0.6790 | best mAR acc: 0.7569 | best Score: 0.6790 | best Score epoch: 33 
epoch 36, iter  451: loss: 0.0056 | load time: 0.0002 | back time: 0.8398 | lr: 0.00003405 | best AP50 acc: 0.8688 | best AP70 acc: 0.7281 | best mAP acc: 0.6790 | best mAR acc: 0.7569 | best Score: 0.6790 | best Score epoch: 33 
epoch 36, iter  501: loss: 0.0056 | load time: 0.0002 | back time: 0.8414 | lr: 0.00003392 | best AP50 acc: 0.8688 | best AP70 acc: 0.7281 | best mAP acc: 0.6790 | best mAR acc: 0.7569 | best Score: 0.6790 | best Score epoch: 33 
epoch 36, iter  551: loss: 0.0055 | load time: 0.0003 | back time: 0.8435 | lr: 0.00003380 | best AP50 acc: 0.8688 | best AP70 acc: 0.7281 | best mAP acc: 0.6790 | best mAR acc: 0.7569 | best Score: 0.6790 | best Score epoch: 33 
epoch 36, iter  601: loss: 0.0056 | load time: 0.0002 | back time: 0.8406 | lr: 0.00003367 | best AP50 acc: 0.8688 | best AP70 acc: 0.7281 | best mAP acc: 0.6790 | best mAR acc: 0.7569 | best Score: 0.6790 | best Score epoch: 33 
epoch 36, iter  651: loss: 0.0055 | load time: 0.0001 | back time: 0.8418 | lr: 0.00003354 | best AP50 acc: 0.8688 | best AP70 acc: 0.7281 | best mAP acc: 0.6790 | best mAR acc: 0.7569 | best Score: 0.6790 | best Score epoch: 33 
epoch 36, iter  701: loss: 0.0055 | load time: 0.0002 | back time: 0.8530 | lr: 0.00003342 | best AP50 acc: 0.8688 | best AP70 acc: 0.7281 | best mAP acc: 0.6790 | best mAR acc: 0.7569 | best Score: 0.6790 | best Score epoch: 33 
epoch 36, iter  751: loss: 0.0055 | load time: 0.0002 | back time: 0.8529 | lr: 0.00003329 | best AP50 acc: 0.8688 | best AP70 acc: 0.7281 | best mAP acc: 0.6790 | best mAR acc: 0.7569 | best Score: 0.6790 | best Score epoch: 33 
epoch 36, iter  801: loss: 0.0055 | load time: 0.0002 | back time: 0.8404 | lr: 0.00003316 | best AP50 acc: 0.8688 | best AP70 acc: 0.7281 | best mAP acc: 0.6790 | best mAR acc: 0.7569 | best Score: 0.6790 | best Score epoch: 33 
epoch 36, iter  851: loss: 0.0055 | load time: 0.0004 | back time: 0.8409 | lr: 0.00003304 | best AP50 acc: 0.8688 | best AP70 acc: 0.7281 | best mAP acc: 0.6790 | best mAR acc: 0.7569 | best Score: 0.6790 | best Score epoch: 33 
epoch 36, iter  901: loss: 0.0056 | load time: 0.0002 | back time: 0.8409 | lr: 0.00003291 | best AP50 acc: 0.8688 | best AP70 acc: 0.7281 | best mAP acc: 0.6790 | best mAR acc: 0.7569 | best Score: 0.6790 | best Score epoch: 33 
epoch 36, iter  951: loss: 0.0055 | load time: 0.0002 | back time: 0.8409 | lr: 0.00003278 | best AP50 acc: 0.8688 | best AP70 acc: 0.7281 | best mAP acc: 0.6790 | best mAR acc: 0.7569 | best Score: 0.6790 | best Score epoch: 33 
epoch 36, iter 1001: loss: 0.0055 | load time: 0.0002 | back time: 0.8404 | lr: 0.00003266 | best AP50 acc: 0.8688 | best AP70 acc: 0.7281 | best mAP acc: 0.6790 | best mAR acc: 0.7569 | best Score: 0.6790 | best Score epoch: 33 
epoch 36, iter 1051: loss: 0.0055 | load time: 0.0003 | back time: 0.8404 | lr: 0.00003253 | best AP50 acc: 0.8688 | best AP70 acc: 0.7281 | best mAP acc: 0.6790 | best mAR acc: 0.7569 | best Score: 0.6790 | best Score epoch: 33 
epoch 36, iter 1101: loss: 0.0056 | load time: 0.0003 | back time: 0.8383 | lr: 0.00003241 | best AP50 acc: 0.8688 | best AP70 acc: 0.7281 | best mAP acc: 0.6790 | best mAR acc: 0.7569 | best Score: 0.6790 | best Score epoch: 33 
epoch 36, iter 1151: loss: 0.0055 | load time: 0.0002 | back time: 0.8399 | lr: 0.00003228 | best AP50 acc: 0.8688 | best AP70 acc: 0.7281 | best mAP acc: 0.6790 | best mAR acc: 0.7569 | best Score: 0.6790 | best Score epoch: 33 
UAV_SEQS_2 | mAP50:90: 35.4262 | AP50: 61.6060 | AP70: 37.5243 
UAV_SEQS_37 | mAP50:90: 89.1520 | AP50: 100.0000 | AP70: 94.7913 
UAV_SEQS_45 | mAP50:90: 94.4339 | AP50: 97.0297 | AP70: 97.0297 
UAV_SEQS_47 | mAP50:90: 87.4814 | AP50: 100.0000 | AP70: 94.9229 
UAV_SEQS_55 | mAP50:90: 47.8526 | AP50: 68.5096 | AP70: 53.7090 
UAV_SEQS_59 | mAP50:90: 68.0975 | AP50: 93.9343 | AP70: 74.5679 
UAV_SEQS_6 | mAP50:90: 38.3760 | AP50: 48.2020 | AP70: 43.1110 
UAV_SEQS_63 | mAP50:90: 35.4270 | AP50: 92.6149 | AP70: 24.8770 
UAV_SEQS_65 | mAP50:90: 80.4090 | AP50: 95.1613 | AP70: 90.0756 
UAV_SEQS_7 | mAP50:90: 63.3359 | AP50: 98.0164 | AP70: 64.2534 
UAV_SEQS_71 | mAP50:90: 72.0189 | AP50: 91.2557 | AP70: 73.0654 
UAV_SEQS_73 | mAP50:90: 64.2111 | AP50: 84.2324 | AP70: 71.6727 
UAV_SEQS_74 | mAP50:90: 98.8942 | AP50: 99.4571 | AP70: 99.4571 
UAV_SEQS_77 | mAP50:90: 46.3626 | AP50: 50.6797 | AP70: 50.6797 
UAV_SEQS_8 | mAP50:90: 79.4667 | AP50: 97.7799 | AP70: 87.5517 
Overall            | mAP50:95: 67.2111 | AP50: 85.7805 | AP70: 71.5624 
epoch 37, iter    1: loss: 0.0056 | load time: 0.0060 | back time: 0.3395 | lr: 0.00003228 | best AP50 acc: 0.8688 | best AP70 acc: 0.7281 | best mAP acc: 0.6790 | best mAR acc: 0.7569 | best Score: 0.6790 | best Score epoch: 33 
epoch 37, iter   51: loss: 0.0055 | load time: 0.0002 | back time: 0.8338 | lr: 0.00003215 | best AP50 acc: 0.8688 | best AP70 acc: 0.7281 | best mAP acc: 0.6790 | best mAR acc: 0.7569 | best Score: 0.6790 | best Score epoch: 33 
epoch 37, iter  101: loss: 0.0055 | load time: 0.0003 | back time: 0.8381 | lr: 0.00003202 | best AP50 acc: 0.8688 | best AP70 acc: 0.7281 | best mAP acc: 0.6790 | best mAR acc: 0.7569 | best Score: 0.6790 | best Score epoch: 33 
epoch 37, iter  151: loss: 0.0055 | load time: 0.0002 | back time: 0.8394 | lr: 0.00003190 | best AP50 acc: 0.8688 | best AP70 acc: 0.7281 | best mAP acc: 0.6790 | best mAR acc: 0.7569 | best Score: 0.6790 | best Score epoch: 33 
epoch 37, iter  201: loss: 0.0055 | load time: 0.0002 | back time: 0.8431 | lr: 0.00003177 | best AP50 acc: 0.8688 | best AP70 acc: 0.7281 | best mAP acc: 0.6790 | best mAR acc: 0.7569 | best Score: 0.6790 | best Score epoch: 33 
epoch 37, iter  251: loss: 0.0056 | load time: 0.0003 | back time: 0.8438 | lr: 0.00003165 | best AP50 acc: 0.8688 | best AP70 acc: 0.7281 | best mAP acc: 0.6790 | best mAR acc: 0.7569 | best Score: 0.6790 | best Score epoch: 33 
epoch 37, iter  301: loss: 0.0055 | load time: 0.0003 | back time: 0.8408 | lr: 0.00003152 | best AP50 acc: 0.8688 | best AP70 acc: 0.7281 | best mAP acc: 0.6790 | best mAR acc: 0.7569 | best Score: 0.6790 | best Score epoch: 33 
epoch 37, iter  351: loss: 0.0056 | load time: 0.0003 | back time: 0.8391 | lr: 0.00003140 | best AP50 acc: 0.8688 | best AP70 acc: 0.7281 | best mAP acc: 0.6790 | best mAR acc: 0.7569 | best Score: 0.6790 | best Score epoch: 33 
epoch 37, iter  401: loss: 0.0056 | load time: 0.0002 | back time: 0.8411 | lr: 0.00003128 | best AP50 acc: 0.8688 | best AP70 acc: 0.7281 | best mAP acc: 0.6790 | best mAR acc: 0.7569 | best Score: 0.6790 | best Score epoch: 33 
epoch 37, iter  451: loss: 0.0055 | load time: 0.0002 | back time: 0.8403 | lr: 0.00003115 | best AP50 acc: 0.8688 | best AP70 acc: 0.7281 | best mAP acc: 0.6790 | best mAR acc: 0.7569 | best Score: 0.6790 | best Score epoch: 33 
epoch 37, iter  501: loss: 0.0055 | load time: 0.0003 | back time: 0.8419 | lr: 0.00003103 | best AP50 acc: 0.8688 | best AP70 acc: 0.7281 | best mAP acc: 0.6790 | best mAR acc: 0.7569 | best Score: 0.6790 | best Score epoch: 33 
epoch 37, iter  551: loss: 0.0056 | load time: 0.0002 | back time: 0.8368 | lr: 0.00003090 | best AP50 acc: 0.8688 | best AP70 acc: 0.7281 | best mAP acc: 0.6790 | best mAR acc: 0.7569 | best Score: 0.6790 | best Score epoch: 33 
epoch 37, iter  601: loss: 0.0056 | load time: 0.0003 | back time: 0.8492 | lr: 0.00003078 | best AP50 acc: 0.8688 | best AP70 acc: 0.7281 | best mAP acc: 0.6790 | best mAR acc: 0.7569 | best Score: 0.6790 | best Score epoch: 33 
epoch 37, iter  651: loss: 0.0055 | load time: 0.0002 | back time: 0.8404 | lr: 0.00003066 | best AP50 acc: 0.8688 | best AP70 acc: 0.7281 | best mAP acc: 0.6790 | best mAR acc: 0.7569 | best Score: 0.6790 | best Score epoch: 33 
epoch 37, iter  701: loss: 0.0055 | load time: 0.0003 | back time: 0.8400 | lr: 0.00003053 | best AP50 acc: 0.8688 | best AP70 acc: 0.7281 | best mAP acc: 0.6790 | best mAR acc: 0.7569 | best Score: 0.6790 | best Score epoch: 33 
epoch 37, iter  751: loss: 0.0056 | load time: 0.0003 | back time: 0.8410 | lr: 0.00003041 | best AP50 acc: 0.8688 | best AP70 acc: 0.7281 | best mAP acc: 0.6790 | best mAR acc: 0.7569 | best Score: 0.6790 | best Score epoch: 33 
epoch 37, iter  801: loss: 0.0056 | load time: 0.0001 | back time: 0.8408 | lr: 0.00003029 | best AP50 acc: 0.8688 | best AP70 acc: 0.7281 | best mAP acc: 0.6790 | best mAR acc: 0.7569 | best Score: 0.6790 | best Score epoch: 33 
epoch 37, iter  851: loss: 0.0056 | load time: 0.0002 | back time: 0.8483 | lr: 0.00003016 | best AP50 acc: 0.8688 | best AP70 acc: 0.7281 | best mAP acc: 0.6790 | best mAR acc: 0.7569 | best Score: 0.6790 | best Score epoch: 33 
epoch 37, iter  901: loss: 0.0056 | load time: 0.0003 | back time: 0.8492 | lr: 0.00003004 | best AP50 acc: 0.8688 | best AP70 acc: 0.7281 | best mAP acc: 0.6790 | best mAR acc: 0.7569 | best Score: 0.6790 | best Score epoch: 33 
epoch 37, iter  951: loss: 0.0055 | load time: 0.0003 | back time: 0.8398 | lr: 0.00002992 | best AP50 acc: 0.8688 | best AP70 acc: 0.7281 | best mAP acc: 0.6790 | best mAR acc: 0.7569 | best Score: 0.6790 | best Score epoch: 33 
epoch 37, iter 1001: loss: 0.0056 | load time: 0.0002 | back time: 0.8398 | lr: 0.00002979 | best AP50 acc: 0.8688 | best AP70 acc: 0.7281 | best mAP acc: 0.6790 | best mAR acc: 0.7569 | best Score: 0.6790 | best Score epoch: 33 
epoch 37, iter 1051: loss: 0.0056 | load time: 0.0001 | back time: 0.8414 | lr: 0.00002967 | best AP50 acc: 0.8688 | best AP70 acc: 0.7281 | best mAP acc: 0.6790 | best mAR acc: 0.7569 | best Score: 0.6790 | best Score epoch: 33 
epoch 37, iter 1101: loss: 0.0055 | load time: 0.0002 | back time: 0.8408 | lr: 0.00002955 | best AP50 acc: 0.8688 | best AP70 acc: 0.7281 | best mAP acc: 0.6790 | best mAR acc: 0.7569 | best Score: 0.6790 | best Score epoch: 33 
epoch 37, iter 1151: loss: 0.0055 | load time: 0.0001 | back time: 0.8415 | lr: 0.00002943 | best AP50 acc: 0.8688 | best AP70 acc: 0.7281 | best mAP acc: 0.6790 | best mAR acc: 0.7569 | best Score: 0.6790 | best Score epoch: 33 
UAV_SEQS_2 | mAP50:90: 29.0432 | AP50: 54.1688 | AP70: 27.9628 
UAV_SEQS_37 | mAP50:90: 89.8456 | AP50: 100.0000 | AP70: 96.2080 
UAV_SEQS_45 | mAP50:90: 92.5464 | AP50: 96.0396 | AP70: 96.0396 
UAV_SEQS_47 | mAP50:90: 85.4532 | AP50: 99.0099 | AP70: 93.4692 
UAV_SEQS_55 | mAP50:90: 46.4282 | AP50: 68.2194 | AP70: 51.7639 
UAV_SEQS_59 | mAP50:90: 66.9160 | AP50: 94.6238 | AP70: 79.0924 
UAV_SEQS_6 | mAP50:90: 49.5536 | AP50: 65.7337 | AP70: 51.9250 
UAV_SEQS_63 | mAP50:90: 32.4768 | AP50: 89.8642 | AP70: 22.5419 
UAV_SEQS_65 | mAP50:90: 79.3982 | AP50: 95.5688 | AP70: 90.6816 
UAV_SEQS_7 | mAP50:90: 49.7765 | AP50: 82.3489 | AP70: 48.6582 
UAV_SEQS_71 | mAP50:90: 74.5570 | AP50: 93.1780 | AP70: 76.0419 
UAV_SEQS_73 | mAP50:90: 63.5394 | AP50: 84.5235 | AP70: 71.4519 
UAV_SEQS_74 | mAP50:90: 96.5738 | AP50: 96.9219 | AP70: 96.9219 
UAV_SEQS_77 | mAP50:90: 46.7491 | AP50: 49.2581 | AP70: 48.2395 
UAV_SEQS_8 | mAP50:90: 77.9204 | AP50: 97.8894 | AP70: 85.7827 
Overall            | mAP50:95: 65.4503 | AP50: 85.4862 | AP70: 70.1715 
epoch 38, iter    1: loss: 0.0056 | load time: 0.0048 | back time: 0.4112 | lr: 0.00002942 | best AP50 acc: 0.8688 | best AP70 acc: 0.7281 | best mAP acc: 0.6790 | best mAR acc: 0.7569 | best Score: 0.6790 | best Score epoch: 33 
epoch 38, iter   51: loss: 0.0055 | load time: 0.0003 | back time: 0.8362 | lr: 0.00002930 | best AP50 acc: 0.8688 | best AP70 acc: 0.7281 | best mAP acc: 0.6790 | best mAR acc: 0.7569 | best Score: 0.6790 | best Score epoch: 33 
epoch 38, iter  101: loss: 0.0054 | load time: 0.0002 | back time: 0.8394 | lr: 0.00002918 | best AP50 acc: 0.8688 | best AP70 acc: 0.7281 | best mAP acc: 0.6790 | best mAR acc: 0.7569 | best Score: 0.6790 | best Score epoch: 33 
epoch 38, iter  151: loss: 0.0055 | load time: 0.0001 | back time: 0.8414 | lr: 0.00002906 | best AP50 acc: 0.8688 | best AP70 acc: 0.7281 | best mAP acc: 0.6790 | best mAR acc: 0.7569 | best Score: 0.6790 | best Score epoch: 33 
epoch 38, iter  201: loss: 0.0053 | load time: 0.0001 | back time: 0.8285 | lr: 0.00002893 | best AP50 acc: 0.8688 | best AP70 acc: 0.7281 | best mAP acc: 0.6790 | best mAR acc: 0.7569 | best Score: 0.6790 | best Score epoch: 33 
epoch 38, iter  251: loss: 0.0055 | load time: 0.0001 | back time: 0.8421 | lr: 0.00002881 | best AP50 acc: 0.8688 | best AP70 acc: 0.7281 | best mAP acc: 0.6790 | best mAR acc: 0.7569 | best Score: 0.6790 | best Score epoch: 33 
epoch 38, iter  301: loss: 0.0055 | load time: 0.0003 | back time: 0.8427 | lr: 0.00002869 | best AP50 acc: 0.8688 | best AP70 acc: 0.7281 | best mAP acc: 0.6790 | best mAR acc: 0.7569 | best Score: 0.6790 | best Score epoch: 33 
epoch 38, iter  351: loss: 0.0055 | load time: 0.0002 | back time: 0.8506 | lr: 0.00002857 | best AP50 acc: 0.8688 | best AP70 acc: 0.7281 | best mAP acc: 0.6790 | best mAR acc: 0.7569 | best Score: 0.6790 | best Score epoch: 33 
epoch 38, iter  401: loss: 0.0055 | load time: 0.0003 | back time: 0.8399 | lr: 0.00002845 | best AP50 acc: 0.8688 | best AP70 acc: 0.7281 | best mAP acc: 0.6790 | best mAR acc: 0.7569 | best Score: 0.6790 | best Score epoch: 33 
epoch 38, iter  451: loss: 0.0056 | load time: 0.0002 | back time: 0.8402 | lr: 0.00002833 | best AP50 acc: 0.8688 | best AP70 acc: 0.7281 | best mAP acc: 0.6790 | best mAR acc: 0.7569 | best Score: 0.6790 | best Score epoch: 33 
epoch 38, iter  501: loss: 0.0055 | load time: 0.0001 | back time: 0.8406 | lr: 0.00002821 | best AP50 acc: 0.8688 | best AP70 acc: 0.7281 | best mAP acc: 0.6790 | best mAR acc: 0.7569 | best Score: 0.6790 | best Score epoch: 33 
epoch 38, iter  551: loss: 0.0055 | load time: 0.0001 | back time: 0.8492 | lr: 0.00002809 | best AP50 acc: 0.8688 | best AP70 acc: 0.7281 | best mAP acc: 0.6790 | best mAR acc: 0.7569 | best Score: 0.6790 | best Score epoch: 33 
epoch 38, iter  601: loss: 0.0053 | load time: 0.0001 | back time: 0.8394 | lr: 0.00002797 | best AP50 acc: 0.8688 | best AP70 acc: 0.7281 | best mAP acc: 0.6790 | best mAR acc: 0.7569 | best Score: 0.6790 | best Score epoch: 33 
epoch 38, iter  651: loss: 0.0055 | load time: 0.0002 | back time: 0.8414 | lr: 0.00002785 | best AP50 acc: 0.8688 | best AP70 acc: 0.7281 | best mAP acc: 0.6790 | best mAR acc: 0.7569 | best Score: 0.6790 | best Score epoch: 33 
epoch 38, iter  701: loss: 0.0055 | load time: 0.0002 | back time: 0.8407 | lr: 0.00002773 | best AP50 acc: 0.8688 | best AP70 acc: 0.7281 | best mAP acc: 0.6790 | best mAR acc: 0.7569 | best Score: 0.6790 | best Score epoch: 33 
epoch 38, iter  751: loss: 0.0055 | load time: 0.0002 | back time: 0.8405 | lr: 0.00002761 | best AP50 acc: 0.8688 | best AP70 acc: 0.7281 | best mAP acc: 0.6790 | best mAR acc: 0.7569 | best Score: 0.6790 | best Score epoch: 33 
epoch 38, iter  801: loss: 0.0056 | load time: 0.0003 | back time: 0.8426 | lr: 0.00002749 | best AP50 acc: 0.8688 | best AP70 acc: 0.7281 | best mAP acc: 0.6790 | best mAR acc: 0.7569 | best Score: 0.6790 | best Score epoch: 33 
epoch 38, iter  851: loss: 0.0055 | load time: 0.0002 | back time: 0.8408 | lr: 0.00002737 | best AP50 acc: 0.8688 | best AP70 acc: 0.7281 | best mAP acc: 0.6790 | best mAR acc: 0.7569 | best Score: 0.6790 | best Score epoch: 33 
epoch 38, iter  901: loss: 0.0055 | load time: 0.0002 | back time: 0.8419 | lr: 0.00002725 | best AP50 acc: 0.8688 | best AP70 acc: 0.7281 | best mAP acc: 0.6790 | best mAR acc: 0.7569 | best Score: 0.6790 | best Score epoch: 33 
epoch 38, iter  951: loss: 0.0056 | load time: 0.0003 | back time: 0.8388 | lr: 0.00002713 | best AP50 acc: 0.8688 | best AP70 acc: 0.7281 | best mAP acc: 0.6790 | best mAR acc: 0.7569 | best Score: 0.6790 | best Score epoch: 33 
epoch 38, iter 1001: loss: 0.0055 | load time: 0.0002 | back time: 0.8410 | lr: 0.00002701 | best AP50 acc: 0.8688 | best AP70 acc: 0.7281 | best mAP acc: 0.6790 | best mAR acc: 0.7569 | best Score: 0.6790 | best Score epoch: 33 
epoch 38, iter 1051: loss: 0.0055 | load time: 0.0002 | back time: 0.8479 | lr: 0.00002689 | best AP50 acc: 0.8688 | best AP70 acc: 0.7281 | best mAP acc: 0.6790 | best mAR acc: 0.7569 | best Score: 0.6790 | best Score epoch: 33 
epoch 38, iter 1101: loss: 0.0056 | load time: 0.0001 | back time: 0.8479 | lr: 0.00002677 | best AP50 acc: 0.8688 | best AP70 acc: 0.7281 | best mAP acc: 0.6790 | best mAR acc: 0.7569 | best Score: 0.6790 | best Score epoch: 33 
epoch 38, iter 1151: loss: 0.0056 | load time: 0.0003 | back time: 0.8402 | lr: 0.00002666 | best AP50 acc: 0.8688 | best AP70 acc: 0.7281 | best mAP acc: 0.6790 | best mAR acc: 0.7569 | best Score: 0.6790 | best Score epoch: 33 
UAV_SEQS_2 | mAP50:90: 39.9568 | AP50: 66.6733 | AP70: 41.0578 
UAV_SEQS_37 | mAP50:90: 86.6419 | AP50: 100.0000 | AP70: 93.7061 
UAV_SEQS_45 | mAP50:90: 93.9984 | AP50: 97.0297 | AP70: 97.0297 
UAV_SEQS_47 | mAP50:90: 87.2254 | AP50: 99.0099 | AP70: 94.9111 
UAV_SEQS_55 | mAP50:90: 47.4117 | AP50: 70.9358 | AP70: 53.8226 
UAV_SEQS_59 | mAP50:90: 63.4814 | AP50: 95.4244 | AP70: 65.2203 
UAV_SEQS_6 | mAP50:90: 34.1973 | AP50: 44.7937 | AP70: 36.3846 
UAV_SEQS_63 | mAP50:90: 33.4908 | AP50: 92.9347 | AP70: 17.4691 
UAV_SEQS_65 | mAP50:90: 80.9307 | AP50: 94.3234 | AP70: 87.6998 
UAV_SEQS_7 | mAP50:90: 59.5714 | AP50: 95.8483 | AP70: 55.1420 
UAV_SEQS_71 | mAP50:90: 69.6878 | AP50: 90.0594 | AP70: 74.8692 
UAV_SEQS_73 | mAP50:90: 63.7032 | AP50: 82.7618 | AP70: 68.7510 
UAV_SEQS_74 | mAP50:90: 98.4292 | AP50: 99.9039 | AP70: 98.8540 
UAV_SEQS_77 | mAP50:90: 37.7266 | AP50: 44.5495 | AP70: 42.8133 
UAV_SEQS_8 | mAP50:90: 87.1949 | AP50: 97.9071 | AP70: 94.7716 
Overall            | mAP50:95: 65.4777 | AP50: 85.4125 | AP70: 68.7715 
epoch 39, iter    1: loss: 0.0053 | load time: 0.0061 | back time: 0.3955 | lr: 0.00002665 | best AP50 acc: 0.8688 | best AP70 acc: 0.7281 | best mAP acc: 0.6790 | best mAR acc: 0.7569 | best Score: 0.6790 | best Score epoch: 33 
epoch 39, iter   51: loss: 0.0055 | load time: 0.0003 | back time: 0.8344 | lr: 0.00002653 | best AP50 acc: 0.8688 | best AP70 acc: 0.7281 | best mAP acc: 0.6790 | best mAR acc: 0.7569 | best Score: 0.6790 | best Score epoch: 33 
epoch 39, iter  101: loss: 0.0053 | load time: 0.0002 | back time: 0.8386 | lr: 0.00002641 | best AP50 acc: 0.8688 | best AP70 acc: 0.7281 | best mAP acc: 0.6790 | best mAR acc: 0.7569 | best Score: 0.6790 | best Score epoch: 33 
epoch 39, iter  151: loss: 0.0053 | load time: 0.0002 | back time: 0.8421 | lr: 0.00002630 | best AP50 acc: 0.8688 | best AP70 acc: 0.7281 | best mAP acc: 0.6790 | best mAR acc: 0.7569 | best Score: 0.6790 | best Score epoch: 33 
epoch 39, iter  201: loss: 0.0055 | load time: 0.0003 | back time: 0.8411 | lr: 0.00002618 | best AP50 acc: 0.8688 | best AP70 acc: 0.7281 | best mAP acc: 0.6790 | best mAR acc: 0.7569 | best Score: 0.6790 | best Score epoch: 33 
epoch 39, iter  251: loss: 0.0055 | load time: 0.0001 | back time: 0.8227 | lr: 0.00002606 | best AP50 acc: 0.8688 | best AP70 acc: 0.7281 | best mAP acc: 0.6790 | best mAR acc: 0.7569 | best Score: 0.6790 | best Score epoch: 33 
epoch 39, iter  301: loss: 0.0055 | load time: 0.0002 | back time: 0.8408 | lr: 0.00002594 | best AP50 acc: 0.8688 | best AP70 acc: 0.7281 | best mAP acc: 0.6790 | best mAR acc: 0.7569 | best Score: 0.6790 | best Score epoch: 33 
epoch 39, iter  351: loss: 0.0055 | load time: 0.0003 | back time: 0.8416 | lr: 0.00002583 | best AP50 acc: 0.8688 | best AP70 acc: 0.7281 | best mAP acc: 0.6790 | best mAR acc: 0.7569 | best Score: 0.6790 | best Score epoch: 33 
epoch 39, iter  401: loss: 0.0055 | load time: 0.0002 | back time: 0.8407 | lr: 0.00002571 | best AP50 acc: 0.8688 | best AP70 acc: 0.7281 | best mAP acc: 0.6790 | best mAR acc: 0.7569 | best Score: 0.6790 | best Score epoch: 33 
epoch 39, iter  451: loss: 0.0055 | load time: 0.0002 | back time: 0.8505 | lr: 0.00002559 | best AP50 acc: 0.8688 | best AP70 acc: 0.7281 | best mAP acc: 0.6790 | best mAR acc: 0.7569 | best Score: 0.6790 | best Score epoch: 33 
epoch 39, iter  501: loss: 0.0056 | load time: 0.0002 | back time: 0.8501 | lr: 0.00002548 | best AP50 acc: 0.8688 | best AP70 acc: 0.7281 | best mAP acc: 0.6790 | best mAR acc: 0.7569 | best Score: 0.6790 | best Score epoch: 33 
epoch 39, iter  551: loss: 0.0055 | load time: 0.0002 | back time: 0.8401 | lr: 0.00002536 | best AP50 acc: 0.8688 | best AP70 acc: 0.7281 | best mAP acc: 0.6790 | best mAR acc: 0.7569 | best Score: 0.6790 | best Score epoch: 33 
epoch 39, iter  601: loss: 0.0056 | load time: 0.0003 | back time: 0.8499 | lr: 0.00002524 | best AP50 acc: 0.8688 | best AP70 acc: 0.7281 | best mAP acc: 0.6790 | best mAR acc: 0.7569 | best Score: 0.6790 | best Score epoch: 33 
epoch 39, iter  651: loss: 0.0056 | load time: 0.0001 | back time: 0.8491 | lr: 0.00002513 | best AP50 acc: 0.8688 | best AP70 acc: 0.7281 | best mAP acc: 0.6790 | best mAR acc: 0.7569 | best Score: 0.6790 | best Score epoch: 33 
epoch 39, iter  701: loss: 0.0055 | load time: 0.0001 | back time: 0.8402 | lr: 0.00002501 | best AP50 acc: 0.8688 | best AP70 acc: 0.7281 | best mAP acc: 0.6790 | best mAR acc: 0.7569 | best Score: 0.6790 | best Score epoch: 33 
epoch 39, iter  751: loss: 0.0055 | load time: 0.0002 | back time: 0.8421 | lr: 0.00002490 | best AP50 acc: 0.8688 | best AP70 acc: 0.7281 | best mAP acc: 0.6790 | best mAR acc: 0.7569 | best Score: 0.6790 | best Score epoch: 33 
epoch 39, iter  801: loss: 0.0055 | load time: 0.0002 | back time: 0.8397 | lr: 0.00002478 | best AP50 acc: 0.8688 | best AP70 acc: 0.7281 | best mAP acc: 0.6790 | best mAR acc: 0.7569 | best Score: 0.6790 | best Score epoch: 33 
epoch 39, iter  851: loss: 0.0053 | load time: 0.0002 | back time: 0.8425 | lr: 0.00002467 | best AP50 acc: 0.8688 | best AP70 acc: 0.7281 | best mAP acc: 0.6790 | best mAR acc: 0.7569 | best Score: 0.6790 | best Score epoch: 33 
epoch 39, iter  901: loss: 0.0056 | load time: 0.0003 | back time: 0.8413 | lr: 0.00002455 | best AP50 acc: 0.8688 | best AP70 acc: 0.7281 | best mAP acc: 0.6790 | best mAR acc: 0.7569 | best Score: 0.6790 | best Score epoch: 33 
epoch 39, iter  951: loss: 0.0055 | load time: 0.0002 | back time: 0.8419 | lr: 0.00002444 | best AP50 acc: 0.8688 | best AP70 acc: 0.7281 | best mAP acc: 0.6790 | best mAR acc: 0.7569 | best Score: 0.6790 | best Score epoch: 33 
epoch 39, iter 1001: loss: 0.0055 | load time: 0.0001 | back time: 0.8408 | lr: 0.00002432 | best AP50 acc: 0.8688 | best AP70 acc: 0.7281 | best mAP acc: 0.6790 | best mAR acc: 0.7569 | best Score: 0.6790 | best Score epoch: 33 
epoch 39, iter 1051: loss: 0.0056 | load time: 0.0002 | back time: 0.8400 | lr: 0.00002421 | best AP50 acc: 0.8688 | best AP70 acc: 0.7281 | best mAP acc: 0.6790 | best mAR acc: 0.7569 | best Score: 0.6790 | best Score epoch: 33 
epoch 39, iter 1101: loss: 0.0055 | load time: 0.0001 | back time: 0.8403 | lr: 0.00002409 | best AP50 acc: 0.8688 | best AP70 acc: 0.7281 | best mAP acc: 0.6790 | best mAR acc: 0.7569 | best Score: 0.6790 | best Score epoch: 33 
epoch 39, iter 1151: loss: 0.0055 | load time: 0.0004 | back time: 0.8339 | lr: 0.00002398 | best AP50 acc: 0.8688 | best AP70 acc: 0.7281 | best mAP acc: 0.6790 | best mAR acc: 0.7569 | best Score: 0.6790 | best Score epoch: 33 
UAV_SEQS_2 | mAP50:90: 32.0038 | AP50: 61.6840 | AP70: 27.8754 
UAV_SEQS_37 | mAP50:90: 90.8172 | AP50: 100.0000 | AP70: 96.0669 
UAV_SEQS_45 | mAP50:90: 92.8983 | AP50: 97.0297 | AP70: 97.0297 
UAV_SEQS_47 | mAP50:90: 83.0164 | AP50: 99.0033 | AP70: 90.3813 
UAV_SEQS_55 | mAP50:90: 47.4080 | AP50: 69.8665 | AP70: 51.3484 
UAV_SEQS_59 | mAP50:90: 61.0369 | AP50: 94.3625 | AP70: 69.2434 
UAV_SEQS_6 | mAP50:90: 53.8433 | AP50: 68.9349 | AP70: 60.8153 
UAV_SEQS_63 | mAP50:90: 28.4260 | AP50: 85.9417 | AP70: 17.2064 
UAV_SEQS_65 | mAP50:90: 79.8485 | AP50: 95.5049 | AP70: 89.1214 
UAV_SEQS_7 | mAP50:90: 55.7139 | AP50: 92.1683 | AP70: 55.3004 
UAV_SEQS_71 | mAP50:90: 78.7163 | AP50: 94.1724 | AP70: 83.0011 
UAV_SEQS_73 | mAP50:90: 64.1189 | AP50: 84.2118 | AP70: 69.7130 
UAV_SEQS_74 | mAP50:90: 94.7043 | AP50: 95.1528 | AP70: 95.1309 
UAV_SEQS_77 | mAP50:90: 45.4217 | AP50: 48.2197 | AP70: 47.0621 
UAV_SEQS_8 | mAP50:90: 81.3162 | AP50: 97.9059 | AP70: 89.5987 
Overall            | mAP50:95: 65.8866 | AP50: 85.7970 | AP70: 70.0859 
epoch 40, iter    1: loss: 0.0055 | load time: 0.0047 | back time: 0.4772 | lr: 0.00002397 | best AP50 acc: 0.8688 | best AP70 acc: 0.7281 | best mAP acc: 0.6790 | best mAR acc: 0.7569 | best Score: 0.6790 | best Score epoch: 33 
epoch 40, iter   51: loss: 0.0055 | load time: 0.0002 | back time: 0.8340 | lr: 0.00002386 | best AP50 acc: 0.8688 | best AP70 acc: 0.7281 | best mAP acc: 0.6790 | best mAR acc: 0.7569 | best Score: 0.6790 | best Score epoch: 33 
epoch 40, iter  101: loss: 0.0056 | load time: 0.0003 | back time: 0.8400 | lr: 0.00002375 | best AP50 acc: 0.8688 | best AP70 acc: 0.7281 | best mAP acc: 0.6790 | best mAR acc: 0.7569 | best Score: 0.6790 | best Score epoch: 33 
epoch 40, iter  151: loss: 0.0055 | load time: 0.0002 | back time: 0.8433 | lr: 0.00002363 | best AP50 acc: 0.8688 | best AP70 acc: 0.7281 | best mAP acc: 0.6790 | best mAR acc: 0.7569 | best Score: 0.6790 | best Score epoch: 33 
epoch 40, iter  201: loss: 0.0056 | load time: 0.0002 | back time: 0.8463 | lr: 0.00002352 | best AP50 acc: 0.8688 | best AP70 acc: 0.7281 | best mAP acc: 0.6790 | best mAR acc: 0.7569 | best Score: 0.6790 | best Score epoch: 33 
epoch 40, iter  251: loss: 0.0055 | load time: 0.0002 | back time: 0.8235 | lr: 0.00002341 | best AP50 acc: 0.8688 | best AP70 acc: 0.7281 | best mAP acc: 0.6790 | best mAR acc: 0.7569 | best Score: 0.6790 | best Score epoch: 33 
epoch 40, iter  301: loss: 0.0055 | load time: 0.0002 | back time: 0.8218 | lr: 0.00002329 | best AP50 acc: 0.8688 | best AP70 acc: 0.7281 | best mAP acc: 0.6790 | best mAR acc: 0.7569 | best Score: 0.6790 | best Score epoch: 33 
epoch 40, iter  351: loss: 0.0055 | load time: 0.0003 | back time: 0.8235 | lr: 0.00002318 | best AP50 acc: 0.8688 | best AP70 acc: 0.7281 | best mAP acc: 0.6790 | best mAR acc: 0.7569 | best Score: 0.6790 | best Score epoch: 33 
epoch 40, iter  401: loss: 0.0055 | load time: 0.0002 | back time: 0.8264 | lr: 0.00002307 | best AP50 acc: 0.8688 | best AP70 acc: 0.7281 | best mAP acc: 0.6790 | best mAR acc: 0.7569 | best Score: 0.6790 | best Score epoch: 33 
epoch 40, iter  451: loss: 0.0055 | load time: 0.0002 | back time: 0.8537 | lr: 0.00002296 | best AP50 acc: 0.8688 | best AP70 acc: 0.7281 | best mAP acc: 0.6790 | best mAR acc: 0.7569 | best Score: 0.6790 | best Score epoch: 33 
epoch 40, iter  501: loss: 0.0056 | load time: 0.0001 | back time: 0.8316 | lr: 0.00002284 | best AP50 acc: 0.8688 | best AP70 acc: 0.7281 | best mAP acc: 0.6790 | best mAR acc: 0.7569 | best Score: 0.6790 | best Score epoch: 33 
epoch 40, iter  551: loss: 0.0056 | load time: 0.0002 | back time: 0.8295 | lr: 0.00002273 | best AP50 acc: 0.8688 | best AP70 acc: 0.7281 | best mAP acc: 0.6790 | best mAR acc: 0.7569 | best Score: 0.6790 | best Score epoch: 33 
epoch 40, iter  601: loss: 0.0055 | load time: 0.0002 | back time: 0.8354 | lr: 0.00002262 | best AP50 acc: 0.8688 | best AP70 acc: 0.7281 | best mAP acc: 0.6790 | best mAR acc: 0.7569 | best Score: 0.6790 | best Score epoch: 33 
epoch 40, iter  651: loss: 0.0055 | load time: 0.0001 | back time: 0.8231 | lr: 0.00002251 | best AP50 acc: 0.8688 | best AP70 acc: 0.7281 | best mAP acc: 0.6790 | best mAR acc: 0.7569 | best Score: 0.6790 | best Score epoch: 33 
epoch 40, iter  701: loss: 0.0054 | load time: 0.0002 | back time: 0.8622 | lr: 0.00002240 | best AP50 acc: 0.8688 | best AP70 acc: 0.7281 | best mAP acc: 0.6790 | best mAR acc: 0.7569 | best Score: 0.6790 | best Score epoch: 33 
epoch 40, iter  751: loss: 0.0053 | load time: 0.0001 | back time: 0.8371 | lr: 0.00002229 | best AP50 acc: 0.8688 | best AP70 acc: 0.7281 | best mAP acc: 0.6790 | best mAR acc: 0.7569 | best Score: 0.6790 | best Score epoch: 33 
epoch 40, iter  801: loss: 0.0055 | load time: 0.0002 | back time: 0.8318 | lr: 0.00002218 | best AP50 acc: 0.8688 | best AP70 acc: 0.7281 | best mAP acc: 0.6790 | best mAR acc: 0.7569 | best Score: 0.6790 | best Score epoch: 33 
epoch 40, iter  851: loss: 0.0055 | load time: 0.0003 | back time: 0.8324 | lr: 0.00002207 | best AP50 acc: 0.8688 | best AP70 acc: 0.7281 | best mAP acc: 0.6790 | best mAR acc: 0.7569 | best Score: 0.6790 | best Score epoch: 33 
epoch 40, iter  901: loss: 0.0053 | load time: 0.0002 | back time: 0.8325 | lr: 0.00002196 | best AP50 acc: 0.8688 | best AP70 acc: 0.7281 | best mAP acc: 0.6790 | best mAR acc: 0.7569 | best Score: 0.6790 | best Score epoch: 33 
epoch 40, iter  951: loss: 0.0056 | load time: 0.0002 | back time: 0.8350 | lr: 0.00002185 | best AP50 acc: 0.8688 | best AP70 acc: 0.7281 | best mAP acc: 0.6790 | best mAR acc: 0.7569 | best Score: 0.6790 | best Score epoch: 33 
epoch 40, iter 1001: loss: 0.0055 | load time: 0.0002 | back time: 0.8332 | lr: 0.00002174 | best AP50 acc: 0.8688 | best AP70 acc: 0.7281 | best mAP acc: 0.6790 | best mAR acc: 0.7569 | best Score: 0.6790 | best Score epoch: 33 
epoch 40, iter 1051: loss: 0.0055 | load time: 0.0004 | back time: 0.8347 | lr: 0.00002163 | best AP50 acc: 0.8688 | best AP70 acc: 0.7281 | best mAP acc: 0.6790 | best mAR acc: 0.7569 | best Score: 0.6790 | best Score epoch: 33 
epoch 40, iter 1101: loss: 0.0054 | load time: 0.0005 | back time: 0.8362 | lr: 0.00002152 | best AP50 acc: 0.8688 | best AP70 acc: 0.7281 | best mAP acc: 0.6790 | best mAR acc: 0.7569 | best Score: 0.6790 | best Score epoch: 33 
epoch 40, iter 1151: loss: 0.0055 | load time: 0.0001 | back time: 0.8299 | lr: 0.00002141 | best AP50 acc: 0.8688 | best AP70 acc: 0.7281 | best mAP acc: 0.6790 | best mAR acc: 0.7569 | best Score: 0.6790 | best Score epoch: 33 
UAV_SEQS_2 | mAP50:90: 30.3810 | AP50: 58.8498 | AP70: 25.3879 
UAV_SEQS_37 | mAP50:90: 90.2860 | AP50: 100.0000 | AP70: 95.9092 
UAV_SEQS_45 | mAP50:90: 93.1415 | AP50: 97.0297 | AP70: 97.0297 
UAV_SEQS_47 | mAP50:90: 84.1315 | AP50: 99.0099 | AP70: 93.0385 
UAV_SEQS_55 | mAP50:90: 48.1044 | AP50: 69.5059 | AP70: 52.5232 
UAV_SEQS_59 | mAP50:90: 67.3097 | AP50: 94.4786 | AP70: 77.0451 
UAV_SEQS_6 | mAP50:90: 52.8614 | AP50: 69.2573 | AP70: 58.9090 
UAV_SEQS_63 | mAP50:90: 27.1769 | AP50: 84.7754 | AP70: 16.2886 
UAV_SEQS_65 | mAP50:90: 79.9309 | AP50: 94.1650 | AP70: 91.1892 
UAV_SEQS_7 | mAP50:90: 57.4295 | AP50: 90.9030 | AP70: 56.9990 
UAV_SEQS_71 | mAP50:90: 77.8323 | AP50: 93.0187 | AP70: 82.9310 
UAV_SEQS_73 | mAP50:90: 64.8854 | AP50: 84.2811 | AP70: 72.2162 
UAV_SEQS_74 | mAP50:90: 94.2476 | AP50: 94.5532 | AP70: 94.5532 
UAV_SEQS_77 | mAP50:90: 49.6499 | AP50: 51.0869 | AP70: 51.0869 
UAV_SEQS_8 | mAP50:90: 82.9341 | AP50: 97.8858 | AP70: 91.2926 
Overall            | mAP50:95: 66.7608 | AP50: 86.3409 | AP70: 71.4560 
epoch 41, iter    1: loss: 0.0055 | load time: 0.0047 | back time: 0.5041 | lr: 0.00002140 | best AP50 acc: 0.8688 | best AP70 acc: 0.7281 | best mAP acc: 0.6790 | best mAR acc: 0.7569 | best Score: 0.6790 | best Score epoch: 33 
epoch 41, iter   51: loss: 0.0055 | load time: 0.0003 | back time: 0.8302 | lr: 0.00002129 | best AP50 acc: 0.8688 | best AP70 acc: 0.7281 | best mAP acc: 0.6790 | best mAR acc: 0.7569 | best Score: 0.6790 | best Score epoch: 33 
epoch 41, iter  101: loss: 0.0056 | load time: 0.0003 | back time: 0.8283 | lr: 0.00002118 | best AP50 acc: 0.8688 | best AP70 acc: 0.7281 | best mAP acc: 0.6790 | best mAR acc: 0.7569 | best Score: 0.6790 | best Score epoch: 33 
epoch 41, iter  151: loss: 0.0055 | load time: 0.0003 | back time: 0.8365 | lr: 0.00002108 | best AP50 acc: 0.8688 | best AP70 acc: 0.7281 | best mAP acc: 0.6790 | best mAR acc: 0.7569 | best Score: 0.6790 | best Score epoch: 33 
epoch 41, iter  201: loss: 0.0056 | load time: 0.0002 | back time: 0.8455 | lr: 0.00002097 | best AP50 acc: 0.8688 | best AP70 acc: 0.7281 | best mAP acc: 0.6790 | best mAR acc: 0.7569 | best Score: 0.6790 | best Score epoch: 33 
epoch 41, iter  251: loss: 0.0055 | load time: 0.0003 | back time: 0.8410 | lr: 0.00002086 | best AP50 acc: 0.8688 | best AP70 acc: 0.7281 | best mAP acc: 0.6790 | best mAR acc: 0.7569 | best Score: 0.6790 | best Score epoch: 33 
epoch 41, iter  301: loss: 0.0053 | load time: 0.0003 | back time: 0.8409 | lr: 0.00002075 | best AP50 acc: 0.8688 | best AP70 acc: 0.7281 | best mAP acc: 0.6790 | best mAR acc: 0.7569 | best Score: 0.6790 | best Score epoch: 33 
epoch 41, iter  351: loss: 0.0053 | load time: 0.0003 | back time: 0.8359 | lr: 0.00002064 | best AP50 acc: 0.8688 | best AP70 acc: 0.7281 | best mAP acc: 0.6790 | best mAR acc: 0.7569 | best Score: 0.6790 | best Score epoch: 33 
epoch 41, iter  401: loss: 0.0055 | load time: 0.0003 | back time: 0.8357 | lr: 0.00002054 | best AP50 acc: 0.8688 | best AP70 acc: 0.7281 | best mAP acc: 0.6790 | best mAR acc: 0.7569 | best Score: 0.6790 | best Score epoch: 33 
epoch 41, iter  451: loss: 0.0055 | load time: 0.0004 | back time: 0.8356 | lr: 0.00002043 | best AP50 acc: 0.8688 | best AP70 acc: 0.7281 | best mAP acc: 0.6790 | best mAR acc: 0.7569 | best Score: 0.6790 | best Score epoch: 33 
epoch 41, iter  501: loss: 0.0055 | load time: 0.0002 | back time: 0.8298 | lr: 0.00002032 | best AP50 acc: 0.8688 | best AP70 acc: 0.7281 | best mAP acc: 0.6790 | best mAR acc: 0.7569 | best Score: 0.6790 | best Score epoch: 33 
epoch 41, iter  551: loss: 0.0056 | load time: 0.0002 | back time: 0.8354 | lr: 0.00002021 | best AP50 acc: 0.8688 | best AP70 acc: 0.7281 | best mAP acc: 0.6790 | best mAR acc: 0.7569 | best Score: 0.6790 | best Score epoch: 33 
epoch 41, iter  601: loss: 0.0055 | load time: 0.0002 | back time: 0.8360 | lr: 0.00002011 | best AP50 acc: 0.8688 | best AP70 acc: 0.7281 | best mAP acc: 0.6790 | best mAR acc: 0.7569 | best Score: 0.6790 | best Score epoch: 33 
epoch 41, iter  651: loss: 0.0055 | load time: 0.0002 | back time: 0.8378 | lr: 0.00002000 | best AP50 acc: 0.8688 | best AP70 acc: 0.7281 | best mAP acc: 0.6790 | best mAR acc: 0.7569 | best Score: 0.6790 | best Score epoch: 33 
epoch 41, iter  701: loss: 0.0055 | load time: 0.0002 | back time: 0.8358 | lr: 0.00001990 | best AP50 acc: 0.8688 | best AP70 acc: 0.7281 | best mAP acc: 0.6790 | best mAR acc: 0.7569 | best Score: 0.6790 | best Score epoch: 33 
epoch 41, iter  751: loss: 0.0055 | load time: 0.0002 | back time: 0.8382 | lr: 0.00001979 | best AP50 acc: 0.8688 | best AP70 acc: 0.7281 | best mAP acc: 0.6790 | best mAR acc: 0.7569 | best Score: 0.6790 | best Score epoch: 33 
epoch 41, iter  801: loss: 0.0055 | load time: 0.0002 | back time: 0.8499 | lr: 0.00001968 | best AP50 acc: 0.8688 | best AP70 acc: 0.7281 | best mAP acc: 0.6790 | best mAR acc: 0.7569 | best Score: 0.6790 | best Score epoch: 33 
epoch 41, iter  851: loss: 0.0055 | load time: 0.0002 | back time: 0.8528 | lr: 0.00001958 | best AP50 acc: 0.8688 | best AP70 acc: 0.7281 | best mAP acc: 0.6790 | best mAR acc: 0.7569 | best Score: 0.6790 | best Score epoch: 33 
epoch 41, iter  901: loss: 0.0055 | load time: 0.0003 | back time: 0.8436 | lr: 0.00001947 | best AP50 acc: 0.8688 | best AP70 acc: 0.7281 | best mAP acc: 0.6790 | best mAR acc: 0.7569 | best Score: 0.6790 | best Score epoch: 33 
epoch 41, iter  951: loss: 0.0053 | load time: 0.0003 | back time: 0.8364 | lr: 0.00001937 | best AP50 acc: 0.8688 | best AP70 acc: 0.7281 | best mAP acc: 0.6790 | best mAR acc: 0.7569 | best Score: 0.6790 | best Score epoch: 33 
epoch 41, iter 1001: loss: 0.0055 | load time: 0.0002 | back time: 0.8376 | lr: 0.00001926 | best AP50 acc: 0.8688 | best AP70 acc: 0.7281 | best mAP acc: 0.6790 | best mAR acc: 0.7569 | best Score: 0.6790 | best Score epoch: 33 
epoch 41, iter 1051: loss: 0.0055 | load time: 0.0001 | back time: 0.8381 | lr: 0.00001916 | best AP50 acc: 0.8688 | best AP70 acc: 0.7281 | best mAP acc: 0.6790 | best mAR acc: 0.7569 | best Score: 0.6790 | best Score epoch: 33 
epoch 41, iter 1101: loss: 0.0055 | load time: 0.0002 | back time: 0.8387 | lr: 0.00001905 | best AP50 acc: 0.8688 | best AP70 acc: 0.7281 | best mAP acc: 0.6790 | best mAR acc: 0.7569 | best Score: 0.6790 | best Score epoch: 33 
epoch 41, iter 1151: loss: 0.0055 | load time: 0.0005 | back time: 0.8357 | lr: 0.00001895 | best AP50 acc: 0.8688 | best AP70 acc: 0.7281 | best mAP acc: 0.6790 | best mAR acc: 0.7569 | best Score: 0.6790 | best Score epoch: 33 
UAV_SEQS_2 | mAP50:90: 28.1709 | AP50: 57.8744 | AP70: 21.8418 
UAV_SEQS_37 | mAP50:90: 89.7509 | AP50: 100.0000 | AP70: 96.5934 
UAV_SEQS_45 | mAP50:90: 91.6175 | AP50: 96.0396 | AP70: 96.0396 
UAV_SEQS_47 | mAP50:90: 88.7943 | AP50: 100.0000 | AP70: 96.4564 
UAV_SEQS_55 | mAP50:90: 47.3315 | AP50: 72.0293 | AP70: 52.1733 
UAV_SEQS_59 | mAP50:90: 66.4363 | AP50: 94.4080 | AP70: 76.1680 
UAV_SEQS_6 | mAP50:90: 56.6692 | AP50: 71.4524 | AP70: 63.1802 
UAV_SEQS_63 | mAP50:90: 33.3831 | AP50: 88.4639 | AP70: 20.9871 
UAV_SEQS_65 | mAP50:90: 79.9581 | AP50: 93.7233 | AP70: 90.8694 
UAV_SEQS_7 | mAP50:90: 53.6073 | AP50: 91.5434 | AP70: 53.4519 
UAV_SEQS_71 | mAP50:90: 77.8623 | AP50: 93.5508 | AP70: 82.7170 
UAV_SEQS_73 | mAP50:90: 64.3749 | AP50: 85.5959 | AP70: 71.1973 
UAV_SEQS_74 | mAP50:90: 94.7750 | AP50: 95.0971 | AP70: 95.0971 
UAV_SEQS_77 | mAP50:90: 48.5403 | AP50: 50.4324 | AP70: 50.4324 
UAV_SEQS_8 | mAP50:90: 77.7684 | AP50: 97.8840 | AP70: 88.8926 
Overall            | mAP50:95: 66.6795 | AP50: 86.5827 | AP70: 70.9839 
epoch 42, iter    1: loss: 0.0052 | load time: 0.0081 | back time: 0.4319 | lr: 0.00001895 | best AP50 acc: 0.8688 | best AP70 acc: 0.7281 | best mAP acc: 0.6790 | best mAR acc: 0.7569 | best Score: 0.6790 | best Score epoch: 33 
epoch 42, iter   51: loss: 0.0054 | load time: 0.0002 | back time: 0.8304 | lr: 0.00001884 | best AP50 acc: 0.8688 | best AP70 acc: 0.7281 | best mAP acc: 0.6790 | best mAR acc: 0.7569 | best Score: 0.6790 | best Score epoch: 33 
epoch 42, iter  101: loss: 0.0055 | load time: 0.0002 | back time: 0.8376 | lr: 0.00001874 | best AP50 acc: 0.8688 | best AP70 acc: 0.7281 | best mAP acc: 0.6790 | best mAR acc: 0.7569 | best Score: 0.6790 | best Score epoch: 33 
epoch 42, iter  151: loss: 0.0055 | load time: 0.0002 | back time: 0.8390 | lr: 0.00001863 | best AP50 acc: 0.8688 | best AP70 acc: 0.7281 | best mAP acc: 0.6790 | best mAR acc: 0.7569 | best Score: 0.6790 | best Score epoch: 33 
epoch 42, iter  201: loss: 0.0055 | load time: 0.0001 | back time: 0.8356 | lr: 0.00001853 | best AP50 acc: 0.8688 | best AP70 acc: 0.7281 | best mAP acc: 0.6790 | best mAR acc: 0.7569 | best Score: 0.6790 | best Score epoch: 33 
epoch 42, iter  251: loss: 0.0055 | load time: 0.0002 | back time: 0.8343 | lr: 0.00001843 | best AP50 acc: 0.8688 | best AP70 acc: 0.7281 | best mAP acc: 0.6790 | best mAR acc: 0.7569 | best Score: 0.6790 | best Score epoch: 33 
epoch 42, iter  301: loss: 0.0055 | load time: 0.0002 | back time: 0.8513 | lr: 0.00001833 | best AP50 acc: 0.8688 | best AP70 acc: 0.7281 | best mAP acc: 0.6790 | best mAR acc: 0.7569 | best Score: 0.6790 | best Score epoch: 33 
epoch 42, iter  351: loss: 0.0055 | load time: 0.0002 | back time: 0.8414 | lr: 0.00001822 | best AP50 acc: 0.8688 | best AP70 acc: 0.7281 | best mAP acc: 0.6790 | best mAR acc: 0.7569 | best Score: 0.6790 | best Score epoch: 33 
epoch 42, iter  401: loss: 0.0055 | load time: 0.0003 | back time: 0.8387 | lr: 0.00001812 | best AP50 acc: 0.8688 | best AP70 acc: 0.7281 | best mAP acc: 0.6790 | best mAR acc: 0.7569 | best Score: 0.6790 | best Score epoch: 33 
epoch 42, iter  451: loss: 0.0055 | load time: 0.0003 | back time: 0.8384 | lr: 0.00001802 | best AP50 acc: 0.8688 | best AP70 acc: 0.7281 | best mAP acc: 0.6790 | best mAR acc: 0.7569 | best Score: 0.6790 | best Score epoch: 33 
epoch 42, iter  501: loss: 0.0055 | load time: 0.0002 | back time: 0.8387 | lr: 0.00001792 | best AP50 acc: 0.8688 | best AP70 acc: 0.7281 | best mAP acc: 0.6790 | best mAR acc: 0.7569 | best Score: 0.6790 | best Score epoch: 33 
epoch 42, iter  551: loss: 0.0056 | load time: 0.0003 | back time: 0.8342 | lr: 0.00001782 | best AP50 acc: 0.8688 | best AP70 acc: 0.7281 | best mAP acc: 0.6790 | best mAR acc: 0.7569 | best Score: 0.6790 | best Score epoch: 33 
epoch 42, iter  601: loss: 0.0055 | load time: 0.0002 | back time: 0.8552 | lr: 0.00001771 | best AP50 acc: 0.8688 | best AP70 acc: 0.7281 | best mAP acc: 0.6790 | best mAR acc: 0.7569 | best Score: 0.6790 | best Score epoch: 33 
epoch 42, iter  651: loss: 0.0055 | load time: 0.0003 | back time: 0.8393 | lr: 0.00001761 | best AP50 acc: 0.8688 | best AP70 acc: 0.7281 | best mAP acc: 0.6790 | best mAR acc: 0.7569 | best Score: 0.6790 | best Score epoch: 33 
epoch 42, iter  701: loss: 0.0055 | load time: 0.0002 | back time: 0.8364 | lr: 0.00001751 | best AP50 acc: 0.8688 | best AP70 acc: 0.7281 | best mAP acc: 0.6790 | best mAR acc: 0.7569 | best Score: 0.6790 | best Score epoch: 33 
epoch 42, iter  751: loss: 0.0055 | load time: 0.0002 | back time: 0.8394 | lr: 0.00001741 | best AP50 acc: 0.8688 | best AP70 acc: 0.7281 | best mAP acc: 0.6790 | best mAR acc: 0.7569 | best Score: 0.6790 | best Score epoch: 33 
epoch 42, iter  801: loss: 0.0051 | load time: 0.0002 | back time: 0.8387 | lr: 0.00001731 | best AP50 acc: 0.8688 | best AP70 acc: 0.7281 | best mAP acc: 0.6790 | best mAR acc: 0.7569 | best Score: 0.6790 | best Score epoch: 33 
epoch 42, iter  851: loss: 0.0055 | load time: 0.0001 | back time: 0.8382 | lr: 0.00001721 | best AP50 acc: 0.8688 | best AP70 acc: 0.7281 | best mAP acc: 0.6790 | best mAR acc: 0.7569 | best Score: 0.6790 | best Score epoch: 33 
epoch 42, iter  901: loss: 0.0055 | load time: 0.0002 | back time: 0.8309 | lr: 0.00001711 | best AP50 acc: 0.8688 | best AP70 acc: 0.7281 | best mAP acc: 0.6790 | best mAR acc: 0.7569 | best Score: 0.6790 | best Score epoch: 33 
epoch 42, iter  951: loss: 0.0055 | load time: 0.0002 | back time: 0.8410 | lr: 0.00001701 | best AP50 acc: 0.8688 | best AP70 acc: 0.7281 | best mAP acc: 0.6790 | best mAR acc: 0.7569 | best Score: 0.6790 | best Score epoch: 33 
epoch 42, iter 1001: loss: 0.0055 | load time: 0.0001 | back time: 0.8487 | lr: 0.00001691 | best AP50 acc: 0.8688 | best AP70 acc: 0.7281 | best mAP acc: 0.6790 | best mAR acc: 0.7569 | best Score: 0.6790 | best Score epoch: 33 
epoch 42, iter 1051: loss: 0.0056 | load time: 0.0002 | back time: 0.8521 | lr: 0.00001681 | best AP50 acc: 0.8688 | best AP70 acc: 0.7281 | best mAP acc: 0.6790 | best mAR acc: 0.7569 | best Score: 0.6790 | best Score epoch: 33 
epoch 42, iter 1101: loss: 0.0055 | load time: 0.0002 | back time: 0.8426 | lr: 0.00001672 | best AP50 acc: 0.8688 | best AP70 acc: 0.7281 | best mAP acc: 0.6790 | best mAR acc: 0.7569 | best Score: 0.6790 | best Score epoch: 33 
epoch 42, iter 1151: loss: 0.0054 | load time: 0.0004 | back time: 0.8398 | lr: 0.00001662 | best AP50 acc: 0.8688 | best AP70 acc: 0.7281 | best mAP acc: 0.6790 | best mAR acc: 0.7569 | best Score: 0.6790 | best Score epoch: 33 
UAV_SEQS_2 | mAP50:90: 29.7125 | AP50: 57.9254 | AP70: 25.4502 
UAV_SEQS_37 | mAP50:90: 89.5991 | AP50: 100.0000 | AP70: 96.3151 
UAV_SEQS_45 | mAP50:90: 91.4176 | AP50: 97.0297 | AP70: 97.0297 
UAV_SEQS_47 | mAP50:90: 85.5627 | AP50: 100.0000 | AP70: 94.3185 
UAV_SEQS_55 | mAP50:90: 45.6076 | AP50: 71.5710 | AP70: 49.5658 
UAV_SEQS_59 | mAP50:90: 65.7206 | AP50: 93.2282 | AP70: 72.5201 
UAV_SEQS_6 | mAP50:90: 55.7817 | AP50: 71.0145 | AP70: 62.0444 
UAV_SEQS_63 | mAP50:90: 30.8530 | AP50: 86.3777 | AP70: 17.4123 
UAV_SEQS_65 | mAP50:90: 79.7616 | AP50: 93.1711 | AP70: 89.1334 
UAV_SEQS_7 | mAP50:90: 57.5548 | AP50: 92.1338 | AP70: 58.8148 
UAV_SEQS_71 | mAP50:90: 77.4809 | AP50: 95.6826 | AP70: 81.9864 
UAV_SEQS_73 | mAP50:90: 64.7034 | AP50: 85.6616 | AP70: 71.5006 
UAV_SEQS_74 | mAP50:90: 93.8561 | AP50: 94.2189 | AP70: 94.1526 
UAV_SEQS_77 | mAP50:90: 48.3929 | AP50: 50.6865 | AP70: 50.6865 
UAV_SEQS_8 | mAP50:90: 81.8377 | AP50: 98.8784 | AP70: 89.7627 
Overall            | mAP50:95: 66.3194 | AP50: 86.5278 | AP70: 70.4033 
epoch 43, iter    1: loss: 0.0055 | load time: 0.0051 | back time: 0.4253 | lr: 0.00001661 | best AP50 acc: 0.8688 | best AP70 acc: 0.7281 | best mAP acc: 0.6790 | best mAR acc: 0.7569 | best Score: 0.6790 | best Score epoch: 33 
epoch 43, iter   51: loss: 0.0054 | load time: 0.0002 | back time: 0.8344 | lr: 0.00001651 | best AP50 acc: 0.8688 | best AP70 acc: 0.7281 | best mAP acc: 0.6790 | best mAR acc: 0.7569 | best Score: 0.6790 | best Score epoch: 33 
epoch 43, iter  101: loss: 0.0055 | load time: 0.0002 | back time: 0.8379 | lr: 0.00001642 | best AP50 acc: 0.8688 | best AP70 acc: 0.7281 | best mAP acc: 0.6790 | best mAR acc: 0.7569 | best Score: 0.6790 | best Score epoch: 33 
epoch 43, iter  151: loss: 0.0055 | load time: 0.0003 | back time: 0.8372 | lr: 0.00001632 | best AP50 acc: 0.8688 | best AP70 acc: 0.7281 | best mAP acc: 0.6790 | best mAR acc: 0.7569 | best Score: 0.6790 | best Score epoch: 33 
epoch 43, iter  201: loss: 0.0056 | load time: 0.0003 | back time: 0.8756 | lr: 0.00001622 | best AP50 acc: 0.8688 | best AP70 acc: 0.7281 | best mAP acc: 0.6790 | best mAR acc: 0.7569 | best Score: 0.6790 | best Score epoch: 33 
epoch 43, iter  251: loss: 0.0055 | load time: 0.0002 | back time: 0.8450 | lr: 0.00001612 | best AP50 acc: 0.8688 | best AP70 acc: 0.7281 | best mAP acc: 0.6790 | best mAR acc: 0.7569 | best Score: 0.6790 | best Score epoch: 33 
epoch 43, iter  301: loss: 0.0056 | load time: 0.0002 | back time: 0.8438 | lr: 0.00001603 | best AP50 acc: 0.8688 | best AP70 acc: 0.7281 | best mAP acc: 0.6790 | best mAR acc: 0.7569 | best Score: 0.6790 | best Score epoch: 33 
epoch 43, iter  351: loss: 0.0054 | load time: 0.0002 | back time: 0.8412 | lr: 0.00001593 | best AP50 acc: 0.8688 | best AP70 acc: 0.7281 | best mAP acc: 0.6790 | best mAR acc: 0.7569 | best Score: 0.6790 | best Score epoch: 33 
epoch 43, iter  401: loss: 0.0056 | load time: 0.0002 | back time: 0.8408 | lr: 0.00001583 | best AP50 acc: 0.8688 | best AP70 acc: 0.7281 | best mAP acc: 0.6790 | best mAR acc: 0.7569 | best Score: 0.6790 | best Score epoch: 33 
epoch 43, iter  451: loss: 0.0056 | load time: 0.0002 | back time: 0.8621 | lr: 0.00001574 | best AP50 acc: 0.8688 | best AP70 acc: 0.7281 | best mAP acc: 0.6790 | best mAR acc: 0.7569 | best Score: 0.6790 | best Score epoch: 33 
epoch 43, iter  501: loss: 0.0054 | load time: 0.0002 | back time: 0.8592 | lr: 0.00001564 | best AP50 acc: 0.8688 | best AP70 acc: 0.7281 | best mAP acc: 0.6790 | best mAR acc: 0.7569 | best Score: 0.6790 | best Score epoch: 33 
epoch 43, iter  551: loss: 0.0055 | load time: 0.0002 | back time: 0.8380 | lr: 0.00001555 | best AP50 acc: 0.8688 | best AP70 acc: 0.7281 | best mAP acc: 0.6790 | best mAR acc: 0.7569 | best Score: 0.6790 | best Score epoch: 33 
epoch 43, iter  601: loss: 0.0055 | load time: 0.0002 | back time: 0.8406 | lr: 0.00001545 | best AP50 acc: 0.8688 | best AP70 acc: 0.7281 | best mAP acc: 0.6790 | best mAR acc: 0.7569 | best Score: 0.6790 | best Score epoch: 33 
epoch 43, iter  651: loss: 0.0055 | load time: 0.0002 | back time: 0.8401 | lr: 0.00001536 | best AP50 acc: 0.8688 | best AP70 acc: 0.7281 | best mAP acc: 0.6790 | best mAR acc: 0.7569 | best Score: 0.6790 | best Score epoch: 33 
epoch 43, iter  701: loss: 0.0053 | load time: 0.0002 | back time: 0.8386 | lr: 0.00001526 | best AP50 acc: 0.8688 | best AP70 acc: 0.7281 | best mAP acc: 0.6790 | best mAR acc: 0.7569 | best Score: 0.6790 | best Score epoch: 33 
epoch 43, iter  751: loss: 0.0055 | load time: 0.0001 | back time: 0.8396 | lr: 0.00001517 | best AP50 acc: 0.8688 | best AP70 acc: 0.7281 | best mAP acc: 0.6790 | best mAR acc: 0.7569 | best Score: 0.6790 | best Score epoch: 33 
epoch 43, iter  801: loss: 0.0054 | load time: 0.0003 | back time: 0.8415 | lr: 0.00001507 | best AP50 acc: 0.8688 | best AP70 acc: 0.7281 | best mAP acc: 0.6790 | best mAR acc: 0.7569 | best Score: 0.6790 | best Score epoch: 33 
epoch 43, iter  851: loss: 0.0055 | load time: 0.0002 | back time: 0.8415 | lr: 0.00001498 | best AP50 acc: 0.8688 | best AP70 acc: 0.7281 | best mAP acc: 0.6790 | best mAR acc: 0.7569 | best Score: 0.6790 | best Score epoch: 33 
epoch 43, iter  901: loss: 0.0055 | load time: 0.0002 | back time: 0.8413 | lr: 0.00001488 | best AP50 acc: 0.8688 | best AP70 acc: 0.7281 | best mAP acc: 0.6790 | best mAR acc: 0.7569 | best Score: 0.6790 | best Score epoch: 33 
epoch 43, iter  951: loss: 0.0055 | load time: 0.0002 | back time: 0.8385 | lr: 0.00001479 | best AP50 acc: 0.8688 | best AP70 acc: 0.7281 | best mAP acc: 0.6790 | best mAR acc: 0.7569 | best Score: 0.6790 | best Score epoch: 33 
epoch 43, iter 1001: loss: 0.0055 | load time: 0.0002 | back time: 0.8404 | lr: 0.00001470 | best AP50 acc: 0.8688 | best AP70 acc: 0.7281 | best mAP acc: 0.6790 | best mAR acc: 0.7569 | best Score: 0.6790 | best Score epoch: 33 
epoch 43, iter 1051: loss: 0.0055 | load time: 0.0002 | back time: 0.8400 | lr: 0.00001460 | best AP50 acc: 0.8688 | best AP70 acc: 0.7281 | best mAP acc: 0.6790 | best mAR acc: 0.7569 | best Score: 0.6790 | best Score epoch: 33 
epoch 43, iter 1101: loss: 0.0055 | load time: 0.0002 | back time: 0.8419 | lr: 0.00001451 | best AP50 acc: 0.8688 | best AP70 acc: 0.7281 | best mAP acc: 0.6790 | best mAR acc: 0.7569 | best Score: 0.6790 | best Score epoch: 33 
epoch 43, iter 1151: loss: 0.0055 | load time: 0.0001 | back time: 0.8389 | lr: 0.00001442 | best AP50 acc: 0.8688 | best AP70 acc: 0.7281 | best mAP acc: 0.6790 | best mAR acc: 0.7569 | best Score: 0.6790 | best Score epoch: 33 
UAV_SEQS_2 | mAP50:90: 28.6426 | AP50: 56.5082 | AP70: 24.9885 
UAV_SEQS_37 | mAP50:90: 90.1598 | AP50: 100.0000 | AP70: 96.0898 
UAV_SEQS_45 | mAP50:90: 92.6292 | AP50: 97.0297 | AP70: 97.0297 
UAV_SEQS_47 | mAP50:90: 86.5715 | AP50: 100.0000 | AP70: 94.5335 
UAV_SEQS_55 | mAP50:90: 46.2541 | AP50: 70.5157 | AP70: 52.2628 
UAV_SEQS_59 | mAP50:90: 67.8527 | AP50: 94.3681 | AP70: 74.4104 
UAV_SEQS_6 | mAP50:90: 52.0131 | AP50: 66.0075 | AP70: 57.0851 
UAV_SEQS_63 | mAP50:90: 33.0719 | AP50: 89.7129 | AP70: 20.7366 
UAV_SEQS_65 | mAP50:90: 80.6691 | AP50: 93.7106 | AP70: 91.1426 
UAV_SEQS_7 | mAP50:90: 55.0042 | AP50: 92.3232 | AP70: 53.6692 
UAV_SEQS_71 | mAP50:90: 75.7428 | AP50: 95.5042 | AP70: 79.4017 
UAV_SEQS_73 | mAP50:90: 66.1818 | AP50: 85.8097 | AP70: 72.5193 
UAV_SEQS_74 | mAP50:90: 94.1511 | AP50: 94.5986 | AP70: 94.5598 
UAV_SEQS_77 | mAP50:90: 50.2529 | AP50: 51.8906 | AP70: 51.8906 
UAV_SEQS_8 | mAP50:90: 80.0016 | AP50: 97.9092 | AP70: 91.2722 
Overall            | mAP50:95: 66.8421 | AP50: 86.5286 | AP70: 71.1793 
