epoch  1, iter    1: loss: 0.7732 | load time: 0.0000 | back time: 0.4785 | lr: 0.00000010 | best AP50 acc: 0.0000 | best AP70 acc: 0.0000 | best mAP acc: 0.0000 | best mAR acc: 0.0000 | best Score: 0.0000 | best Score epoch: -1 
epoch  1, iter  201: loss: 0.7656 | load time: 0.0016 | back time: 0.3777 | lr: 0.00000094 | best AP50 acc: 0.0000 | best AP70 acc: 0.0000 | best mAP acc: 0.0000 | best mAR acc: 0.0000 | best Score: 0.0000 | best Score epoch: -1 
epoch  1, iter  401: loss: 0.5809 | load time: 0.0018 | back time: 0.3833 | lr: 0.00000177 | best AP50 acc: 0.0000 | best AP70 acc: 0.0000 | best mAP acc: 0.0000 | best mAR acc: 0.0000 | best Score: 0.0000 | best Score epoch: -1 
epoch  1, iter  601: loss: 0.4178 | load time: 0.0020 | back time: 0.3926 | lr: 0.00000260 | best AP50 acc: 0.0000 | best AP70 acc: 0.0000 | best mAP acc: 0.0000 | best mAR acc: 0.0000 | best Score: 0.0000 | best Score epoch: -1 
epoch  1, iter  801: loss: 0.3469 | load time: 0.0017 | back time: 0.3737 | lr: 0.00000343 | best AP50 acc: 0.0000 | best AP70 acc: 0.0000 | best mAP acc: 0.0000 | best mAR acc: 0.0000 | best Score: 0.0000 | best Score epoch: -1 
epoch  1, iter 1001: loss: 0.2840 | load time: 0.0016 | back time: 0.3857 | lr: 0.00000427 | best AP50 acc: 0.0000 | best AP70 acc: 0.0000 | best mAP acc: 0.0000 | best mAR acc: 0.0000 | best Score: 0.0000 | best Score epoch: -1 
epoch  1, iter 1201: loss: 0.2623 | load time: 0.0018 | back time: 0.3937 | lr: 0.00000510 | best AP50 acc: 0.0000 | best AP70 acc: 0.0000 | best mAP acc: 0.0000 | best mAR acc: 0.0000 | best Score: 0.0000 | best Score epoch: -1 
epoch  1, iter 1401: loss: 0.2542 | load time: 0.0020 | back time: 0.4070 | lr: 0.00000593 | best AP50 acc: 0.0000 | best AP70 acc: 0.0000 | best mAP acc: 0.0000 | best mAR acc: 0.0000 | best Score: 0.0000 | best Score epoch: -1 
epoch  1, iter 1601: loss: 0.2445 | load time: 0.0016 | back time: 0.3854 | lr: 0.00000676 | best AP50 acc: 0.0000 | best AP70 acc: 0.0000 | best mAP acc: 0.0000 | best mAR acc: 0.0000 | best Score: 0.0000 | best Score epoch: -1 
epoch  1, iter 1801: loss: 0.2236 | load time: 0.0018 | back time: 0.3869 | lr: 0.00000760 | best AP50 acc: 0.0000 | best AP70 acc: 0.0000 | best mAP acc: 0.0000 | best mAR acc: 0.0000 | best Score: 0.0000 | best Score epoch: -1 
epoch  1, iter 2001: loss: 0.2109 | load time: 0.0017 | back time: 0.3828 | lr: 0.00000843 | best AP50 acc: 0.0000 | best AP70 acc: 0.0000 | best mAP acc: 0.0000 | best mAR acc: 0.0000 | best Score: 0.0000 | best Score epoch: -1 
epoch  1, iter 2201: loss: 0.2052 | load time: 0.0019 | back time: 0.3841 | lr: 0.00000926 | best AP50 acc: 0.0000 | best AP70 acc: 0.0000 | best mAP acc: 0.0000 | best mAR acc: 0.0000 | best Score: 0.0000 | best Score epoch: -1 
epoch  1, iter 2401: loss: 0.1895 | load time: 0.0019 | back time: 0.3932 | lr: 0.00001009 | best AP50 acc: 0.0000 | best AP70 acc: 0.0000 | best mAP acc: 0.0000 | best mAR acc: 0.0000 | best Score: 0.0000 | best Score epoch: -1 
epoch  1, iter 2601: loss: 0.1787 | load time: 0.0018 | back time: 0.3847 | lr: 0.00001093 | best AP50 acc: 0.0000 | best AP70 acc: 0.0000 | best mAP acc: 0.0000 | best mAR acc: 0.0000 | best Score: 0.0000 | best Score epoch: -1 
epoch  1, iter 2801: loss: 0.1713 | load time: 0.0017 | back time: 0.3754 | lr: 0.00001176 | best AP50 acc: 0.0000 | best AP70 acc: 0.0000 | best mAP acc: 0.0000 | best mAR acc: 0.0000 | best Score: 0.0000 | best Score epoch: -1 
epoch  1, iter 3001: loss: 0.1629 | load time: 0.0016 | back time: 0.3801 | lr: 0.00001259 | best AP50 acc: 0.0000 | best AP70 acc: 0.0000 | best mAP acc: 0.0000 | best mAR acc: 0.0000 | best Score: 0.0000 | best Score epoch: -1 
epoch  1, iter 3201: loss: 0.1528 | load time: 0.0017 | back time: 0.3908 | lr: 0.00001342 | best AP50 acc: 0.0000 | best AP70 acc: 0.0000 | best mAP acc: 0.0000 | best mAR acc: 0.0000 | best Score: 0.0000 | best Score epoch: -1 
epoch  1, iter 3401: loss: 0.1394 | load time: 0.0017 | back time: 0.3949 | lr: 0.00001426 | best AP50 acc: 0.0000 | best AP70 acc: 0.0000 | best mAP acc: 0.0000 | best mAR acc: 0.0000 | best Score: 0.0000 | best Score epoch: -1 
epoch  1, iter 3601: loss: 0.1298 | load time: 0.0018 | back time: 0.3827 | lr: 0.00001509 | best AP50 acc: 0.0000 | best AP70 acc: 0.0000 | best mAP acc: 0.0000 | best mAR acc: 0.0000 | best Score: 0.0000 | best Score epoch: -1 
epoch  1, iter 3801: loss: 0.1218 | load time: 0.0017 | back time: 0.3820 | lr: 0.00001592 | best AP50 acc: 0.0000 | best AP70 acc: 0.0000 | best mAP acc: 0.0000 | best mAR acc: 0.0000 | best Score: 0.0000 | best Score epoch: -1 
epoch  1, iter 4001: loss: 0.1140 | load time: 0.0019 | back time: 0.3943 | lr: 0.00001675 | best AP50 acc: 0.0000 | best AP70 acc: 0.0000 | best mAP acc: 0.0000 | best mAR acc: 0.0000 | best Score: 0.0000 | best Score epoch: -1 
epoch  1, iter 4201: loss: 0.1057 | load time: 0.0020 | back time: 0.3878 | lr: 0.00001759 | best AP50 acc: 0.0000 | best AP70 acc: 0.0000 | best mAP acc: 0.0000 | best mAR acc: 0.0000 | best Score: 0.0000 | best Score epoch: -1 
epoch  1, iter 4401: loss: 0.0991 | load time: 0.0020 | back time: 0.3957 | lr: 0.00001842 | best AP50 acc: 0.0000 | best AP70 acc: 0.0000 | best mAP acc: 0.0000 | best mAR acc: 0.0000 | best Score: 0.0000 | best Score epoch: -1 
epoch  1, iter 4601: loss: 0.0882 | load time: 0.0020 | back time: 0.3866 | lr: 0.00001925 | best AP50 acc: 0.0000 | best AP70 acc: 0.0000 | best mAP acc: 0.0000 | best mAR acc: 0.0000 | best Score: 0.0000 | best Score epoch: -1 
epoch  2, iter    1: loss: 0.0823 | load time: 0.0020 | back time: 0.0863 | lr: 0.00002008 | best AP50 acc: 0.0000 | best AP70 acc: 0.0000 | best mAP acc: 0.0000 | best mAR acc: 0.0000 | best Score: 0.0000 | best Score epoch: -1 
epoch  2, iter  201: loss: 0.0788 | load time: 0.0016 | back time: 0.3847 | lr: 0.00002092 | best AP50 acc: 0.0000 | best AP70 acc: 0.0000 | best mAP acc: 0.0000 | best mAR acc: 0.0000 | best Score: 0.0000 | best Score epoch: -1 
epoch  2, iter  401: loss: 0.0716 | load time: 0.0016 | back time: 0.3863 | lr: 0.00002175 | best AP50 acc: 0.0000 | best AP70 acc: 0.0000 | best mAP acc: 0.0000 | best mAR acc: 0.0000 | best Score: 0.0000 | best Score epoch: -1 
epoch  2, iter  601: loss: 0.0648 | load time: 0.0017 | back time: 0.3771 | lr: 0.00002258 | best AP50 acc: 0.0000 | best AP70 acc: 0.0000 | best mAP acc: 0.0000 | best mAR acc: 0.0000 | best Score: 0.0000 | best Score epoch: -1 
epoch  2, iter  801: loss: 0.0598 | load time: 0.0018 | back time: 0.3832 | lr: 0.00002341 | best AP50 acc: 0.0000 | best AP70 acc: 0.0000 | best mAP acc: 0.0000 | best mAR acc: 0.0000 | best Score: 0.0000 | best Score epoch: -1 
epoch  2, iter 1001: loss: 0.0525 | load time: 0.0018 | back time: 0.3827 | lr: 0.00002425 | best AP50 acc: 0.0000 | best AP70 acc: 0.0000 | best mAP acc: 0.0000 | best mAR acc: 0.0000 | best Score: 0.0000 | best Score epoch: -1 
epoch  2, iter 1201: loss: 0.0485 | load time: 0.0024 | back time: 0.3843 | lr: 0.00002508 | best AP50 acc: 0.0000 | best AP70 acc: 0.0000 | best mAP acc: 0.0000 | best mAR acc: 0.0000 | best Score: 0.0000 | best Score epoch: -1 
epoch  2, iter 1401: loss: 0.0460 | load time: 0.0017 | back time: 0.3774 | lr: 0.00002591 | best AP50 acc: 0.0000 | best AP70 acc: 0.0000 | best mAP acc: 0.0000 | best mAR acc: 0.0000 | best Score: 0.0000 | best Score epoch: -1 
epoch  2, iter 1601: loss: 0.0413 | load time: 0.0017 | back time: 0.3813 | lr: 0.00002674 | best AP50 acc: 0.0000 | best AP70 acc: 0.0000 | best mAP acc: 0.0000 | best mAR acc: 0.0000 | best Score: 0.0000 | best Score epoch: -1 
epoch  2, iter 1801: loss: 0.0405 | load time: 0.0018 | back time: 0.3789 | lr: 0.00002758 | best AP50 acc: 0.0000 | best AP70 acc: 0.0000 | best mAP acc: 0.0000 | best mAR acc: 0.0000 | best Score: 0.0000 | best Score epoch: -1 
epoch  2, iter 2001: loss: 0.0392 | load time: 0.0018 | back time: 0.3787 | lr: 0.00002841 | best AP50 acc: 0.0000 | best AP70 acc: 0.0000 | best mAP acc: 0.0000 | best mAR acc: 0.0000 | best Score: 0.0000 | best Score epoch: -1 
epoch  2, iter 2201: loss: 0.0329 | load time: 0.0017 | back time: 0.3881 | lr: 0.00002924 | best AP50 acc: 0.0000 | best AP70 acc: 0.0000 | best mAP acc: 0.0000 | best mAR acc: 0.0000 | best Score: 0.0000 | best Score epoch: -1 
epoch  2, iter 2401: loss: 0.0351 | load time: 0.0020 | back time: 0.3912 | lr: 0.00003007 | best AP50 acc: 0.0000 | best AP70 acc: 0.0000 | best mAP acc: 0.0000 | best mAR acc: 0.0000 | best Score: 0.0000 | best Score epoch: -1 
epoch  2, iter 2601: loss: 0.0351 | load time: 0.0017 | back time: 0.3720 | lr: 0.00003091 | best AP50 acc: 0.0000 | best AP70 acc: 0.0000 | best mAP acc: 0.0000 | best mAR acc: 0.0000 | best Score: 0.0000 | best Score epoch: -1 
epoch  2, iter 2801: loss: 0.0266 | load time: 0.0019 | back time: 0.3823 | lr: 0.00003174 | best AP50 acc: 0.0000 | best AP70 acc: 0.0000 | best mAP acc: 0.0000 | best mAR acc: 0.0000 | best Score: 0.0000 | best Score epoch: -1 
epoch  2, iter 3001: loss: 0.0312 | load time: 0.0017 | back time: 0.3906 | lr: 0.00003257 | best AP50 acc: 0.0000 | best AP70 acc: 0.0000 | best mAP acc: 0.0000 | best mAR acc: 0.0000 | best Score: 0.0000 | best Score epoch: -1 
epoch  2, iter 3201: loss: 0.0237 | load time: 0.0021 | back time: 0.3712 | lr: 0.00003340 | best AP50 acc: 0.0000 | best AP70 acc: 0.0000 | best mAP acc: 0.0000 | best mAR acc: 0.0000 | best Score: 0.0000 | best Score epoch: -1 
epoch  2, iter 3401: loss: 0.0245 | load time: 0.0017 | back time: 0.3805 | lr: 0.00003424 | best AP50 acc: 0.0000 | best AP70 acc: 0.0000 | best mAP acc: 0.0000 | best mAR acc: 0.0000 | best Score: 0.0000 | best Score epoch: -1 
epoch  2, iter 3601: loss: 0.0213 | load time: 0.0022 | back time: 0.3838 | lr: 0.00003507 | best AP50 acc: 0.0000 | best AP70 acc: 0.0000 | best mAP acc: 0.0000 | best mAR acc: 0.0000 | best Score: 0.0000 | best Score epoch: -1 
epoch  2, iter 3801: loss: 0.0221 | load time: 0.0018 | back time: 0.3807 | lr: 0.00003590 | best AP50 acc: 0.0000 | best AP70 acc: 0.0000 | best mAP acc: 0.0000 | best mAR acc: 0.0000 | best Score: 0.0000 | best Score epoch: -1 
epoch  2, iter 4001: loss: 0.0183 | load time: 0.0021 | back time: 0.3856 | lr: 0.00003673 | best AP50 acc: 0.0000 | best AP70 acc: 0.0000 | best mAP acc: 0.0000 | best mAR acc: 0.0000 | best Score: 0.0000 | best Score epoch: -1 
epoch  2, iter 4201: loss: 0.0207 | load time: 0.0016 | back time: 0.3777 | lr: 0.00003757 | best AP50 acc: 0.0000 | best AP70 acc: 0.0000 | best mAP acc: 0.0000 | best mAR acc: 0.0000 | best Score: 0.0000 | best Score epoch: -1 
epoch  2, iter 4401: loss: 0.0221 | load time: 0.0023 | back time: 0.3896 | lr: 0.00003840 | best AP50 acc: 0.0000 | best AP70 acc: 0.0000 | best mAP acc: 0.0000 | best mAR acc: 0.0000 | best Score: 0.0000 | best Score epoch: -1 
epoch  2, iter 4601: loss: 0.0173 | load time: 0.0018 | back time: 0.3926 | lr: 0.00003923 | best AP50 acc: 0.0000 | best AP70 acc: 0.0000 | best mAP acc: 0.0000 | best mAR acc: 0.0000 | best Score: 0.0000 | best Score epoch: -1 
epoch  3, iter    1: loss: 0.0152 | load time: 0.0023 | back time: 0.0891 | lr: 0.00004006 | best AP50 acc: 0.0000 | best AP70 acc: 0.0000 | best mAP acc: 0.0000 | best mAR acc: 0.0000 | best Score: 0.0000 | best Score epoch: -1 
epoch  3, iter  201: loss: 0.0159 | load time: 0.0021 | back time: 0.3813 | lr: 0.00004090 | best AP50 acc: 0.0000 | best AP70 acc: 0.0000 | best mAP acc: 0.0000 | best mAR acc: 0.0000 | best Score: 0.0000 | best Score epoch: -1 
epoch  3, iter  401: loss: 0.0213 | load time: 0.0020 | back time: 0.3813 | lr: 0.00004173 | best AP50 acc: 0.0000 | best AP70 acc: 0.0000 | best mAP acc: 0.0000 | best mAR acc: 0.0000 | best Score: 0.0000 | best Score epoch: -1 
epoch  3, iter  601: loss: 0.0143 | load time: 0.0018 | back time: 0.3869 | lr: 0.00004256 | best AP50 acc: 0.0000 | best AP70 acc: 0.0000 | best mAP acc: 0.0000 | best mAR acc: 0.0000 | best Score: 0.0000 | best Score epoch: -1 
epoch  3, iter  801: loss: 0.0165 | load time: 0.0018 | back time: 0.3755 | lr: 0.00004339 | best AP50 acc: 0.0000 | best AP70 acc: 0.0000 | best mAP acc: 0.0000 | best mAR acc: 0.0000 | best Score: 0.0000 | best Score epoch: -1 
epoch  3, iter 1001: loss: 0.0176 | load time: 0.0018 | back time: 0.3779 | lr: 0.00004423 | best AP50 acc: 0.0000 | best AP70 acc: 0.0000 | best mAP acc: 0.0000 | best mAR acc: 0.0000 | best Score: 0.0000 | best Score epoch: -1 
epoch  3, iter 1201: loss: 0.0137 | load time: 0.0016 | back time: 0.3766 | lr: 0.00004506 | best AP50 acc: 0.0000 | best AP70 acc: 0.0000 | best mAP acc: 0.0000 | best mAR acc: 0.0000 | best Score: 0.0000 | best Score epoch: -1 
epoch  3, iter 1401: loss: 0.0138 | load time: 0.0021 | back time: 0.3831 | lr: 0.00004589 | best AP50 acc: 0.0000 | best AP70 acc: 0.0000 | best mAP acc: 0.0000 | best mAR acc: 0.0000 | best Score: 0.0000 | best Score epoch: -1 
epoch  3, iter 1601: loss: 0.0191 | load time: 0.0020 | back time: 0.3785 | lr: 0.00004672 | best AP50 acc: 0.0000 | best AP70 acc: 0.0000 | best mAP acc: 0.0000 | best mAR acc: 0.0000 | best Score: 0.0000 | best Score epoch: -1 
epoch  3, iter 1801: loss: 0.0114 | load time: 0.0018 | back time: 0.3848 | lr: 0.00004756 | best AP50 acc: 0.0000 | best AP70 acc: 0.0000 | best mAP acc: 0.0000 | best mAR acc: 0.0000 | best Score: 0.0000 | best Score epoch: -1 
epoch  3, iter 2001: loss: 0.0162 | load time: 0.0020 | back time: 0.3885 | lr: 0.00004839 | best AP50 acc: 0.0000 | best AP70 acc: 0.0000 | best mAP acc: 0.0000 | best mAR acc: 0.0000 | best Score: 0.0000 | best Score epoch: -1 
epoch  3, iter 2201: loss: 0.0184 | load time: 0.0021 | back time: 0.3803 | lr: 0.00004922 | best AP50 acc: 0.0000 | best AP70 acc: 0.0000 | best mAP acc: 0.0000 | best mAR acc: 0.0000 | best Score: 0.0000 | best Score epoch: -1 
epoch  3, iter 2401: loss: 0.0115 | load time: 0.0016 | back time: 0.3875 | lr: 0.00005005 | best AP50 acc: 0.0000 | best AP70 acc: 0.0000 | best mAP acc: 0.0000 | best mAR acc: 0.0000 | best Score: 0.0000 | best Score epoch: -1 
epoch  3, iter 2601: loss: 0.0122 | load time: 0.0017 | back time: 0.4001 | lr: 0.00005089 | best AP50 acc: 0.0000 | best AP70 acc: 0.0000 | best mAP acc: 0.0000 | best mAR acc: 0.0000 | best Score: 0.0000 | best Score epoch: -1 
epoch  3, iter 2801: loss: 0.0215 | load time: 0.0017 | back time: 0.3800 | lr: 0.00005172 | best AP50 acc: 0.0000 | best AP70 acc: 0.0000 | best mAP acc: 0.0000 | best mAR acc: 0.0000 | best Score: 0.0000 | best Score epoch: -1 
epoch  3, iter 3001: loss: 0.0178 | load time: 0.0018 | back time: 0.3814 | lr: 0.00005255 | best AP50 acc: 0.0000 | best AP70 acc: 0.0000 | best mAP acc: 0.0000 | best mAR acc: 0.0000 | best Score: 0.0000 | best Score epoch: -1 
epoch  3, iter 3201: loss: 0.0163 | load time: 0.0018 | back time: 0.3835 | lr: 0.00005338 | best AP50 acc: 0.0000 | best AP70 acc: 0.0000 | best mAP acc: 0.0000 | best mAR acc: 0.0000 | best Score: 0.0000 | best Score epoch: -1 
epoch  3, iter 3401: loss: 0.0163 | load time: 0.0018 | back time: 0.3790 | lr: 0.00005422 | best AP50 acc: 0.0000 | best AP70 acc: 0.0000 | best mAP acc: 0.0000 | best mAR acc: 0.0000 | best Score: 0.0000 | best Score epoch: -1 
epoch  3, iter 3601: loss: 0.0105 | load time: 0.0027 | back time: 0.3835 | lr: 0.00005505 | best AP50 acc: 0.0000 | best AP70 acc: 0.0000 | best mAP acc: 0.0000 | best mAR acc: 0.0000 | best Score: 0.0000 | best Score epoch: -1 
epoch  3, iter 3801: loss: 0.0129 | load time: 0.0019 | back time: 0.3717 | lr: 0.00005588 | best AP50 acc: 0.0000 | best AP70 acc: 0.0000 | best mAP acc: 0.0000 | best mAR acc: 0.0000 | best Score: 0.0000 | best Score epoch: -1 
epoch  3, iter 4001: loss: 0.0138 | load time: 0.0024 | back time: 0.4141 | lr: 0.00005671 | best AP50 acc: 0.0000 | best AP70 acc: 0.0000 | best mAP acc: 0.0000 | best mAR acc: 0.0000 | best Score: 0.0000 | best Score epoch: -1 
epoch  3, iter 4201: loss: 0.0176 | load time: 0.0023 | back time: 0.3879 | lr: 0.00005755 | best AP50 acc: 0.0000 | best AP70 acc: 0.0000 | best mAP acc: 0.0000 | best mAR acc: 0.0000 | best Score: 0.0000 | best Score epoch: -1 
epoch  3, iter 4401: loss: 0.0146 | load time: 0.0021 | back time: 0.3846 | lr: 0.00005838 | best AP50 acc: 0.0000 | best AP70 acc: 0.0000 | best mAP acc: 0.0000 | best mAR acc: 0.0000 | best Score: 0.0000 | best Score epoch: -1 
epoch  3, iter 4601: loss: 0.0119 | load time: 0.0017 | back time: 0.4041 | lr: 0.00005921 | best AP50 acc: 0.0000 | best AP70 acc: 0.0000 | best mAP acc: 0.0000 | best mAR acc: 0.0000 | best Score: 0.0000 | best Score epoch: -1 
epoch  4, iter    1: loss: 0.0101 | load time: 0.0021 | back time: 0.0814 | lr: 0.00006004 | best AP50 acc: 0.0000 | best AP70 acc: 0.0000 | best mAP acc: 0.0000 | best mAR acc: 0.0000 | best Score: 0.0000 | best Score epoch: -1 
epoch  4, iter  201: loss: 0.0149 | load time: 0.0021 | back time: 0.3867 | lr: 0.00006088 | best AP50 acc: 0.0000 | best AP70 acc: 0.0000 | best mAP acc: 0.0000 | best mAR acc: 0.0000 | best Score: 0.0000 | best Score epoch: -1 
epoch  4, iter  401: loss: 0.0151 | load time: 0.0019 | back time: 0.3870 | lr: 0.00006171 | best AP50 acc: 0.0000 | best AP70 acc: 0.0000 | best mAP acc: 0.0000 | best mAR acc: 0.0000 | best Score: 0.0000 | best Score epoch: -1 
epoch  4, iter  601: loss: 0.0215 | load time: 0.0023 | back time: 0.3959 | lr: 0.00006254 | best AP50 acc: 0.0000 | best AP70 acc: 0.0000 | best mAP acc: 0.0000 | best mAR acc: 0.0000 | best Score: 0.0000 | best Score epoch: -1 
epoch  4, iter  801: loss: 0.0134 | load time: 0.0021 | back time: 0.3948 | lr: 0.00006337 | best AP50 acc: 0.0000 | best AP70 acc: 0.0000 | best mAP acc: 0.0000 | best mAR acc: 0.0000 | best Score: 0.0000 | best Score epoch: -1 
epoch  4, iter 1001: loss: 0.0096 | load time: 0.0026 | back time: 0.3796 | lr: 0.00006421 | best AP50 acc: 0.0000 | best AP70 acc: 0.0000 | best mAP acc: 0.0000 | best mAR acc: 0.0000 | best Score: 0.0000 | best Score epoch: -1 
epoch  4, iter 1201: loss: 0.0096 | load time: 0.0020 | back time: 0.3748 | lr: 0.00006504 | best AP50 acc: 0.0000 | best AP70 acc: 0.0000 | best mAP acc: 0.0000 | best mAR acc: 0.0000 | best Score: 0.0000 | best Score epoch: -1 
epoch  4, iter 1401: loss: 0.0109 | load time: 0.0023 | back time: 0.3920 | lr: 0.00006587 | best AP50 acc: 0.0000 | best AP70 acc: 0.0000 | best mAP acc: 0.0000 | best mAR acc: 0.0000 | best Score: 0.0000 | best Score epoch: -1 
epoch  4, iter 1601: loss: 0.0140 | load time: 0.0016 | back time: 0.3687 | lr: 0.00006670 | best AP50 acc: 0.0000 | best AP70 acc: 0.0000 | best mAP acc: 0.0000 | best mAR acc: 0.0000 | best Score: 0.0000 | best Score epoch: -1 
epoch  4, iter 1801: loss: 0.0124 | load time: 0.0022 | back time: 0.3829 | lr: 0.00006754 | best AP50 acc: 0.0000 | best AP70 acc: 0.0000 | best mAP acc: 0.0000 | best mAR acc: 0.0000 | best Score: 0.0000 | best Score epoch: -1 
epoch  4, iter 2001: loss: 0.0098 | load time: 0.0023 | back time: 0.3972 | lr: 0.00006837 | best AP50 acc: 0.0000 | best AP70 acc: 0.0000 | best mAP acc: 0.0000 | best mAR acc: 0.0000 | best Score: 0.0000 | best Score epoch: -1 
epoch  4, iter 2201: loss: 0.0135 | load time: 0.0021 | back time: 0.3816 | lr: 0.00006920 | best AP50 acc: 0.0000 | best AP70 acc: 0.0000 | best mAP acc: 0.0000 | best mAR acc: 0.0000 | best Score: 0.0000 | best Score epoch: -1 
epoch  4, iter 2401: loss: 0.0258 | load time: 0.0019 | back time: 0.3757 | lr: 0.00007003 | best AP50 acc: 0.0000 | best AP70 acc: 0.0000 | best mAP acc: 0.0000 | best mAR acc: 0.0000 | best Score: 0.0000 | best Score epoch: -1 
epoch  4, iter 2601: loss: 0.0188 | load time: 0.0021 | back time: 0.3825 | lr: 0.00007087 | best AP50 acc: 0.0000 | best AP70 acc: 0.0000 | best mAP acc: 0.0000 | best mAR acc: 0.0000 | best Score: 0.0000 | best Score epoch: -1 
epoch  4, iter 2801: loss: 0.0128 | load time: 0.0017 | back time: 0.3872 | lr: 0.00007170 | best AP50 acc: 0.0000 | best AP70 acc: 0.0000 | best mAP acc: 0.0000 | best mAR acc: 0.0000 | best Score: 0.0000 | best Score epoch: -1 
epoch  4, iter 3001: loss: 0.0144 | load time: 0.0019 | back time: 0.3916 | lr: 0.00007253 | best AP50 acc: 0.0000 | best AP70 acc: 0.0000 | best mAP acc: 0.0000 | best mAR acc: 0.0000 | best Score: 0.0000 | best Score epoch: -1 
epoch  4, iter 3201: loss: 0.0133 | load time: 0.0017 | back time: 0.3818 | lr: 0.00007336 | best AP50 acc: 0.0000 | best AP70 acc: 0.0000 | best mAP acc: 0.0000 | best mAR acc: 0.0000 | best Score: 0.0000 | best Score epoch: -1 
epoch  4, iter 3401: loss: 0.0112 | load time: 0.0022 | back time: 0.4028 | lr: 0.00007420 | best AP50 acc: 0.0000 | best AP70 acc: 0.0000 | best mAP acc: 0.0000 | best mAR acc: 0.0000 | best Score: 0.0000 | best Score epoch: -1 
epoch  4, iter 3601: loss: 0.0196 | load time: 0.0021 | back time: 0.3821 | lr: 0.00007503 | best AP50 acc: 0.0000 | best AP70 acc: 0.0000 | best mAP acc: 0.0000 | best mAR acc: 0.0000 | best Score: 0.0000 | best Score epoch: -1 
epoch  4, iter 3801: loss: 0.0159 | load time: 0.0021 | back time: 0.3764 | lr: 0.00007586 | best AP50 acc: 0.0000 | best AP70 acc: 0.0000 | best mAP acc: 0.0000 | best mAR acc: 0.0000 | best Score: 0.0000 | best Score epoch: -1 
epoch  4, iter 4001: loss: 0.0153 | load time: 0.0018 | back time: 0.3868 | lr: 0.00007669 | best AP50 acc: 0.0000 | best AP70 acc: 0.0000 | best mAP acc: 0.0000 | best mAR acc: 0.0000 | best Score: 0.0000 | best Score epoch: -1 
epoch  4, iter 4201: loss: 0.0096 | load time: 0.0019 | back time: 0.3820 | lr: 0.00007753 | best AP50 acc: 0.0000 | best AP70 acc: 0.0000 | best mAP acc: 0.0000 | best mAR acc: 0.0000 | best Score: 0.0000 | best Score epoch: -1 
epoch  4, iter 4401: loss: 0.0156 | load time: 0.0021 | back time: 0.3786 | lr: 0.00007836 | best AP50 acc: 0.0000 | best AP70 acc: 0.0000 | best mAP acc: 0.0000 | best mAR acc: 0.0000 | best Score: 0.0000 | best Score epoch: -1 
epoch  4, iter 4601: loss: 0.0089 | load time: 0.0021 | back time: 0.3786 | lr: 0.00007919 | best AP50 acc: 0.0000 | best AP70 acc: 0.0000 | best mAP acc: 0.0000 | best mAR acc: 0.0000 | best Score: 0.0000 | best Score epoch: -1 
epoch  5, iter    1: loss: 0.0114 | load time: 0.0020 | back time: 0.0840 | lr: 0.00008002 | best AP50 acc: 0.0000 | best AP70 acc: 0.0000 | best mAP acc: 0.0000 | best mAR acc: 0.0000 | best Score: 0.0000 | best Score epoch: -1 
epoch  5, iter  201: loss: 0.0132 | load time: 0.0019 | back time: 0.3824 | lr: 0.00008086 | best AP50 acc: 0.0000 | best AP70 acc: 0.0000 | best mAP acc: 0.0000 | best mAR acc: 0.0000 | best Score: 0.0000 | best Score epoch: -1 
epoch  5, iter  401: loss: 0.0113 | load time: 0.0019 | back time: 0.3889 | lr: 0.00008169 | best AP50 acc: 0.0000 | best AP70 acc: 0.0000 | best mAP acc: 0.0000 | best mAR acc: 0.0000 | best Score: 0.0000 | best Score epoch: -1 
epoch  5, iter  601: loss: 0.0172 | load time: 0.0023 | back time: 0.3862 | lr: 0.00008252 | best AP50 acc: 0.0000 | best AP70 acc: 0.0000 | best mAP acc: 0.0000 | best mAR acc: 0.0000 | best Score: 0.0000 | best Score epoch: -1 
epoch  5, iter  801: loss: 0.0117 | load time: 0.0022 | back time: 0.3839 | lr: 0.00008335 | best AP50 acc: 0.0000 | best AP70 acc: 0.0000 | best mAP acc: 0.0000 | best mAR acc: 0.0000 | best Score: 0.0000 | best Score epoch: -1 
epoch  5, iter 1001: loss: 0.0093 | load time: 0.0027 | back time: 0.3804 | lr: 0.00008419 | best AP50 acc: 0.0000 | best AP70 acc: 0.0000 | best mAP acc: 0.0000 | best mAR acc: 0.0000 | best Score: 0.0000 | best Score epoch: -1 
epoch  5, iter 1201: loss: 0.0149 | load time: 0.0021 | back time: 0.3890 | lr: 0.00008502 | best AP50 acc: 0.0000 | best AP70 acc: 0.0000 | best mAP acc: 0.0000 | best mAR acc: 0.0000 | best Score: 0.0000 | best Score epoch: -1 
epoch  5, iter 1401: loss: 0.0088 | load time: 0.0017 | back time: 0.3812 | lr: 0.00008585 | best AP50 acc: 0.0000 | best AP70 acc: 0.0000 | best mAP acc: 0.0000 | best mAR acc: 0.0000 | best Score: 0.0000 | best Score epoch: -1 
epoch  5, iter 1601: loss: 0.0140 | load time: 0.0022 | back time: 0.3832 | lr: 0.00008668 | best AP50 acc: 0.0000 | best AP70 acc: 0.0000 | best mAP acc: 0.0000 | best mAR acc: 0.0000 | best Score: 0.0000 | best Score epoch: -1 
epoch  5, iter 1801: loss: 0.0139 | load time: 0.0018 | back time: 0.3801 | lr: 0.00008752 | best AP50 acc: 0.0000 | best AP70 acc: 0.0000 | best mAP acc: 0.0000 | best mAR acc: 0.0000 | best Score: 0.0000 | best Score epoch: -1 
epoch  5, iter 2001: loss: 0.0123 | load time: 0.0022 | back time: 0.3842 | lr: 0.00008835 | best AP50 acc: 0.0000 | best AP70 acc: 0.0000 | best mAP acc: 0.0000 | best mAR acc: 0.0000 | best Score: 0.0000 | best Score epoch: -1 
epoch  5, iter 2201: loss: 0.0119 | load time: 0.0024 | back time: 0.3779 | lr: 0.00008918 | best AP50 acc: 0.0000 | best AP70 acc: 0.0000 | best mAP acc: 0.0000 | best mAR acc: 0.0000 | best Score: 0.0000 | best Score epoch: -1 
epoch  5, iter 2401: loss: 0.0115 | load time: 0.0019 | back time: 0.3790 | lr: 0.00009001 | best AP50 acc: 0.0000 | best AP70 acc: 0.0000 | best mAP acc: 0.0000 | best mAR acc: 0.0000 | best Score: 0.0000 | best Score epoch: -1 
epoch  5, iter 2601: loss: 0.0105 | load time: 0.0026 | back time: 0.3880 | lr: 0.00009085 | best AP50 acc: 0.0000 | best AP70 acc: 0.0000 | best mAP acc: 0.0000 | best mAR acc: 0.0000 | best Score: 0.0000 | best Score epoch: -1 
epoch  5, iter 2801: loss: 0.0122 | load time: 0.0023 | back time: 0.4053 | lr: 0.00009168 | best AP50 acc: 0.0000 | best AP70 acc: 0.0000 | best mAP acc: 0.0000 | best mAR acc: 0.0000 | best Score: 0.0000 | best Score epoch: -1 
epoch  5, iter 3001: loss: 0.0097 | load time: 0.0018 | back time: 0.3903 | lr: 0.00009251 | best AP50 acc: 0.0000 | best AP70 acc: 0.0000 | best mAP acc: 0.0000 | best mAR acc: 0.0000 | best Score: 0.0000 | best Score epoch: -1 
epoch  5, iter 3201: loss: 0.0089 | load time: 0.0020 | back time: 0.3942 | lr: 0.00009334 | best AP50 acc: 0.0000 | best AP70 acc: 0.0000 | best mAP acc: 0.0000 | best mAR acc: 0.0000 | best Score: 0.0000 | best Score epoch: -1 
epoch  5, iter 3401: loss: 0.0192 | load time: 0.0019 | back time: 0.3801 | lr: 0.00009418 | best AP50 acc: 0.0000 | best AP70 acc: 0.0000 | best mAP acc: 0.0000 | best mAR acc: 0.0000 | best Score: 0.0000 | best Score epoch: -1 
epoch  5, iter 3601: loss: 0.0090 | load time: 0.0022 | back time: 0.3913 | lr: 0.00009501 | best AP50 acc: 0.0000 | best AP70 acc: 0.0000 | best mAP acc: 0.0000 | best mAR acc: 0.0000 | best Score: 0.0000 | best Score epoch: -1 
epoch  5, iter 3801: loss: 0.0100 | load time: 0.0021 | back time: 0.3978 | lr: 0.00009584 | best AP50 acc: 0.0000 | best AP70 acc: 0.0000 | best mAP acc: 0.0000 | best mAR acc: 0.0000 | best Score: 0.0000 | best Score epoch: -1 
epoch  5, iter 4001: loss: 0.0155 | load time: 0.0019 | back time: 0.3950 | lr: 0.00009667 | best AP50 acc: 0.0000 | best AP70 acc: 0.0000 | best mAP acc: 0.0000 | best mAR acc: 0.0000 | best Score: 0.0000 | best Score epoch: -1 
epoch  5, iter 4201: loss: 0.0109 | load time: 0.0024 | back time: 0.3809 | lr: 0.00009751 | best AP50 acc: 0.0000 | best AP70 acc: 0.0000 | best mAP acc: 0.0000 | best mAR acc: 0.0000 | best Score: 0.0000 | best Score epoch: -1 
epoch  5, iter 4401: loss: 0.0165 | load time: 0.0021 | back time: 0.3820 | lr: 0.00009834 | best AP50 acc: 0.0000 | best AP70 acc: 0.0000 | best mAP acc: 0.0000 | best mAR acc: 0.0000 | best Score: 0.0000 | best Score epoch: -1 
epoch  5, iter 4601: loss: 0.0139 | load time: 0.0020 | back time: 0.3831 | lr: 0.00009917 | best AP50 acc: 0.0000 | best AP70 acc: 0.0000 | best mAP acc: 0.0000 | best mAR acc: 0.0000 | best Score: 0.0000 | best Score epoch: -1 
epoch  6, iter    1: loss: 0.0099 | load time: 0.0022 | back time: 0.0915 | lr: 0.00010000 | best AP50 acc: 0.0000 | best AP70 acc: 0.0000 | best mAP acc: 0.0000 | best mAR acc: 0.0000 | best Score: 0.0000 | best Score epoch: -1 
epoch  6, iter  201: loss: 0.0175 | load time: 0.0018 | back time: 0.3751 | lr: 0.00010000 | best AP50 acc: 0.0000 | best AP70 acc: 0.0000 | best mAP acc: 0.0000 | best mAR acc: 0.0000 | best Score: 0.0000 | best Score epoch: -1 
epoch  6, iter  401: loss: 0.0094 | load time: 0.0022 | back time: 0.3798 | lr: 0.00010000 | best AP50 acc: 0.0000 | best AP70 acc: 0.0000 | best mAP acc: 0.0000 | best mAR acc: 0.0000 | best Score: 0.0000 | best Score epoch: -1 
epoch  6, iter  601: loss: 0.0108 | load time: 0.0022 | back time: 0.3893 | lr: 0.00010000 | best AP50 acc: 0.0000 | best AP70 acc: 0.0000 | best mAP acc: 0.0000 | best mAR acc: 0.0000 | best Score: 0.0000 | best Score epoch: -1 
epoch  6, iter  801: loss: 0.0106 | load time: 0.0022 | back time: 0.4044 | lr: 0.00010000 | best AP50 acc: 0.0000 | best AP70 acc: 0.0000 | best mAP acc: 0.0000 | best mAR acc: 0.0000 | best Score: 0.0000 | best Score epoch: -1 
epoch  6, iter 1001: loss: 0.0140 | load time: 0.0021 | back time: 0.3763 | lr: 0.00010000 | best AP50 acc: 0.0000 | best AP70 acc: 0.0000 | best mAP acc: 0.0000 | best mAR acc: 0.0000 | best Score: 0.0000 | best Score epoch: -1 
epoch  6, iter 1201: loss: 0.0106 | load time: 0.0020 | back time: 0.3863 | lr: 0.00009999 | best AP50 acc: 0.0000 | best AP70 acc: 0.0000 | best mAP acc: 0.0000 | best mAR acc: 0.0000 | best Score: 0.0000 | best Score epoch: -1 
epoch  6, iter 1401: loss: 0.0110 | load time: 0.0022 | back time: 0.3844 | lr: 0.00009999 | best AP50 acc: 0.0000 | best AP70 acc: 0.0000 | best mAP acc: 0.0000 | best mAR acc: 0.0000 | best Score: 0.0000 | best Score epoch: -1 
epoch  6, iter 1601: loss: 0.0111 | load time: 0.0021 | back time: 0.3873 | lr: 0.00009999 | best AP50 acc: 0.0000 | best AP70 acc: 0.0000 | best mAP acc: 0.0000 | best mAR acc: 0.0000 | best Score: 0.0000 | best Score epoch: -1 
epoch  6, iter 1801: loss: 0.0099 | load time: 0.0020 | back time: 0.3892 | lr: 0.00009999 | best AP50 acc: 0.0000 | best AP70 acc: 0.0000 | best mAP acc: 0.0000 | best mAR acc: 0.0000 | best Score: 0.0000 | best Score epoch: -1 
epoch  6, iter 2001: loss: 0.0142 | load time: 0.0022 | back time: 0.3897 | lr: 0.00009998 | best AP50 acc: 0.0000 | best AP70 acc: 0.0000 | best mAP acc: 0.0000 | best mAR acc: 0.0000 | best Score: 0.0000 | best Score epoch: -1 
epoch  6, iter 2201: loss: 0.0164 | load time: 0.0021 | back time: 0.3750 | lr: 0.00009998 | best AP50 acc: 0.0000 | best AP70 acc: 0.0000 | best mAP acc: 0.0000 | best mAR acc: 0.0000 | best Score: 0.0000 | best Score epoch: -1 
epoch  6, iter 2401: loss: 0.0137 | load time: 0.0020 | back time: 0.3648 | lr: 0.00009998 | best AP50 acc: 0.0000 | best AP70 acc: 0.0000 | best mAP acc: 0.0000 | best mAR acc: 0.0000 | best Score: 0.0000 | best Score epoch: -1 
epoch  6, iter 2601: loss: 0.0094 | load time: 0.0019 | back time: 0.3853 | lr: 0.00009997 | best AP50 acc: 0.0000 | best AP70 acc: 0.0000 | best mAP acc: 0.0000 | best mAR acc: 0.0000 | best Score: 0.0000 | best Score epoch: -1 
epoch  6, iter 2801: loss: 0.0132 | load time: 0.0020 | back time: 0.3685 | lr: 0.00009997 | best AP50 acc: 0.0000 | best AP70 acc: 0.0000 | best mAP acc: 0.0000 | best mAR acc: 0.0000 | best Score: 0.0000 | best Score epoch: -1 
epoch  6, iter 3001: loss: 0.0138 | load time: 0.0017 | back time: 0.3732 | lr: 0.00009996 | best AP50 acc: 0.0000 | best AP70 acc: 0.0000 | best mAP acc: 0.0000 | best mAR acc: 0.0000 | best Score: 0.0000 | best Score epoch: -1 
epoch  6, iter 3201: loss: 0.0106 | load time: 0.0020 | back time: 0.3662 | lr: 0.00009996 | best AP50 acc: 0.0000 | best AP70 acc: 0.0000 | best mAP acc: 0.0000 | best mAR acc: 0.0000 | best Score: 0.0000 | best Score epoch: -1 
epoch  6, iter 3401: loss: 0.0122 | load time: 0.0021 | back time: 0.3752 | lr: 0.00009995 | best AP50 acc: 0.0000 | best AP70 acc: 0.0000 | best mAP acc: 0.0000 | best mAR acc: 0.0000 | best Score: 0.0000 | best Score epoch: -1 
epoch  6, iter 3601: loss: 0.0097 | load time: 0.0021 | back time: 0.3710 | lr: 0.00009995 | best AP50 acc: 0.0000 | best AP70 acc: 0.0000 | best mAP acc: 0.0000 | best mAR acc: 0.0000 | best Score: 0.0000 | best Score epoch: -1 
epoch  6, iter 3801: loss: 0.0111 | load time: 0.0019 | back time: 0.3935 | lr: 0.00009994 | best AP50 acc: 0.0000 | best AP70 acc: 0.0000 | best mAP acc: 0.0000 | best mAR acc: 0.0000 | best Score: 0.0000 | best Score epoch: -1 
epoch  6, iter 4001: loss: 0.0109 | load time: 0.0026 | back time: 0.3783 | lr: 0.00009993 | best AP50 acc: 0.0000 | best AP70 acc: 0.0000 | best mAP acc: 0.0000 | best mAR acc: 0.0000 | best Score: 0.0000 | best Score epoch: -1 
epoch  6, iter 4201: loss: 0.0127 | load time: 0.0017 | back time: 0.3939 | lr: 0.00009993 | best AP50 acc: 0.0000 | best AP70 acc: 0.0000 | best mAP acc: 0.0000 | best mAR acc: 0.0000 | best Score: 0.0000 | best Score epoch: -1 
epoch  6, iter 4401: loss: 0.0106 | load time: 0.0019 | back time: 0.3793 | lr: 0.00009992 | best AP50 acc: 0.0000 | best AP70 acc: 0.0000 | best mAP acc: 0.0000 | best mAR acc: 0.0000 | best Score: 0.0000 | best Score epoch: -1 
epoch  6, iter 4601: loss: 0.0094 | load time: 0.0020 | back time: 0.3852 | lr: 0.00009991 | best AP50 acc: 0.0000 | best AP70 acc: 0.0000 | best mAP acc: 0.0000 | best mAR acc: 0.0000 | best Score: 0.0000 | best Score epoch: -1 
UAV_SEQS_2 | mAP50:90: 0.9074 | AP50: 1.9770 | AP70: 0.8973 
UAV_SEQS_37 | mAP50:90: 80.9830 | AP50: 93.0302 | AP70: 85.5234 
UAV_SEQS_45 | mAP50:90: 81.5492 | AP50: 99.0033 | AP70: 92.8792 
UAV_SEQS_47 | mAP50:90: 87.7405 | AP50: 98.8705 | AP70: 93.1760 
UAV_SEQS_55 | mAP50:90: 5.8646 | AP50: 14.2450 | AP70: 5.1861 
UAV_SEQS_59 | mAP50:90: 38.7915 | AP50: 73.8479 | AP70: 35.0441 
UAV_SEQS_6 | mAP50:90: 9.4713 | AP50: 17.6661 | AP70: 10.3591 
UAV_SEQS_63 | mAP50:90: 4.0797 | AP50: 13.5916 | AP70: 2.4160 
UAV_SEQS_65 | mAP50:90: 74.8663 | AP50: 93.0954 | AP70: 80.0516 
UAV_SEQS_7 | mAP50:90: 1.8673 | AP50: 6.8351 | AP70: 0.3288 
UAV_SEQS_71 | mAP50:90: 4.0677 | AP50: 15.3783 | AP70: 1.8093 
UAV_SEQS_73 | mAP50:90: 28.3685 | AP50: 52.4930 | AP70: 25.3312 
UAV_SEQS_74 | mAP50:90: 83.1198 | AP50: 92.6078 | AP70: 91.1016 
UAV_SEQS_77 | mAP50:90: 7.1795 | AP50: 11.3001 | AP70: 8.7048 
UAV_SEQS_8 | mAP50:90: 0.3481 | AP50: 0.6032 | AP70: 0.3541 
Overall            | mAP50:95: 34.0048 | AP50: 47.4119 | AP70: 35.0859 
epoch  7, iter    1: loss: 0.0103 | load time: 0.0022 | back time: 0.2036 | lr: 0.00009990 | best AP50 acc: 0.4741 | best AP70 acc: 0.3509 | best mAP acc: 0.3400 | best mAR acc: 0.4311 | best Score: 0.3400 | best Score epoch:  6 
epoch  7, iter  201: loss: 0.0108 | load time: 0.0025 | back time: 0.3623 | lr: 0.00009989 | best AP50 acc: 0.4741 | best AP70 acc: 0.3509 | best mAP acc: 0.3400 | best mAR acc: 0.4311 | best Score: 0.3400 | best Score epoch:  6 
epoch  7, iter  401: loss: 0.0158 | load time: 0.0018 | back time: 0.3850 | lr: 0.00009989 | best AP50 acc: 0.4741 | best AP70 acc: 0.3509 | best mAP acc: 0.3400 | best mAR acc: 0.4311 | best Score: 0.3400 | best Score epoch:  6 
epoch  7, iter  601: loss: 0.0104 | load time: 0.0021 | back time: 0.3672 | lr: 0.00009988 | best AP50 acc: 0.4741 | best AP70 acc: 0.3509 | best mAP acc: 0.3400 | best mAR acc: 0.4311 | best Score: 0.3400 | best Score epoch:  6 
epoch  7, iter  801: loss: 0.0169 | load time: 0.0016 | back time: 0.3836 | lr: 0.00009987 | best AP50 acc: 0.4741 | best AP70 acc: 0.3509 | best mAP acc: 0.3400 | best mAR acc: 0.4311 | best Score: 0.3400 | best Score epoch:  6 
epoch  7, iter 1001: loss: 0.0113 | load time: 0.0022 | back time: 0.3643 | lr: 0.00009986 | best AP50 acc: 0.4741 | best AP70 acc: 0.3509 | best mAP acc: 0.3400 | best mAR acc: 0.4311 | best Score: 0.3400 | best Score epoch:  6 
epoch  7, iter 1201: loss: 0.0102 | load time: 0.0023 | back time: 0.3689 | lr: 0.00009985 | best AP50 acc: 0.4741 | best AP70 acc: 0.3509 | best mAP acc: 0.3400 | best mAR acc: 0.4311 | best Score: 0.3400 | best Score epoch:  6 
epoch  7, iter 1401: loss: 0.0193 | load time: 0.0019 | back time: 0.3768 | lr: 0.00009984 | best AP50 acc: 0.4741 | best AP70 acc: 0.3509 | best mAP acc: 0.3400 | best mAR acc: 0.4311 | best Score: 0.3400 | best Score epoch:  6 
epoch  7, iter 1601: loss: 0.0118 | load time: 0.0020 | back time: 0.3785 | lr: 0.00009983 | best AP50 acc: 0.4741 | best AP70 acc: 0.3509 | best mAP acc: 0.3400 | best mAR acc: 0.4311 | best Score: 0.3400 | best Score epoch:  6 
epoch  7, iter 1801: loss: 0.0112 | load time: 0.0018 | back time: 0.3933 | lr: 0.00009982 | best AP50 acc: 0.4741 | best AP70 acc: 0.3509 | best mAP acc: 0.3400 | best mAR acc: 0.4311 | best Score: 0.3400 | best Score epoch:  6 
epoch  7, iter 2001: loss: 0.0113 | load time: 0.0017 | back time: 0.3611 | lr: 0.00009980 | best AP50 acc: 0.4741 | best AP70 acc: 0.3509 | best mAP acc: 0.3400 | best mAR acc: 0.4311 | best Score: 0.3400 | best Score epoch:  6 
epoch  7, iter 2201: loss: 0.0133 | load time: 0.0016 | back time: 0.3637 | lr: 0.00009979 | best AP50 acc: 0.4741 | best AP70 acc: 0.3509 | best mAP acc: 0.3400 | best mAR acc: 0.4311 | best Score: 0.3400 | best Score epoch:  6 
epoch  7, iter 2401: loss: 0.0094 | load time: 0.0021 | back time: 0.3957 | lr: 0.00009978 | best AP50 acc: 0.4741 | best AP70 acc: 0.3509 | best mAP acc: 0.3400 | best mAR acc: 0.4311 | best Score: 0.3400 | best Score epoch:  6 
epoch  7, iter 2601: loss: 0.0109 | load time: 0.0022 | back time: 0.3808 | lr: 0.00009977 | best AP50 acc: 0.4741 | best AP70 acc: 0.3509 | best mAP acc: 0.3400 | best mAR acc: 0.4311 | best Score: 0.3400 | best Score epoch:  6 
epoch  7, iter 2801: loss: 0.0131 | load time: 0.0017 | back time: 0.3949 | lr: 0.00009976 | best AP50 acc: 0.4741 | best AP70 acc: 0.3509 | best mAP acc: 0.3400 | best mAR acc: 0.4311 | best Score: 0.3400 | best Score epoch:  6 
epoch  7, iter 3001: loss: 0.0118 | load time: 0.0018 | back time: 0.3766 | lr: 0.00009974 | best AP50 acc: 0.4741 | best AP70 acc: 0.3509 | best mAP acc: 0.3400 | best mAR acc: 0.4311 | best Score: 0.3400 | best Score epoch:  6 
epoch  7, iter 3201: loss: 0.0158 | load time: 0.0018 | back time: 0.3924 | lr: 0.00009973 | best AP50 acc: 0.4741 | best AP70 acc: 0.3509 | best mAP acc: 0.3400 | best mAR acc: 0.4311 | best Score: 0.3400 | best Score epoch:  6 
epoch  7, iter 3401: loss: 0.0108 | load time: 0.0018 | back time: 0.3766 | lr: 0.00009972 | best AP50 acc: 0.4741 | best AP70 acc: 0.3509 | best mAP acc: 0.3400 | best mAR acc: 0.4311 | best Score: 0.3400 | best Score epoch:  6 
epoch  7, iter 3601: loss: 0.0136 | load time: 0.0020 | back time: 0.3756 | lr: 0.00009970 | best AP50 acc: 0.4741 | best AP70 acc: 0.3509 | best mAP acc: 0.3400 | best mAR acc: 0.4311 | best Score: 0.3400 | best Score epoch:  6 
epoch  7, iter 3801: loss: 0.0082 | load time: 0.0021 | back time: 0.3809 | lr: 0.00009969 | best AP50 acc: 0.4741 | best AP70 acc: 0.3509 | best mAP acc: 0.3400 | best mAR acc: 0.4311 | best Score: 0.3400 | best Score epoch:  6 
epoch  7, iter 4001: loss: 0.0122 | load time: 0.0019 | back time: 0.3978 | lr: 0.00009967 | best AP50 acc: 0.4741 | best AP70 acc: 0.3509 | best mAP acc: 0.3400 | best mAR acc: 0.4311 | best Score: 0.3400 | best Score epoch:  6 
epoch  7, iter 4201: loss: 0.0121 | load time: 0.0020 | back time: 0.3883 | lr: 0.00009966 | best AP50 acc: 0.4741 | best AP70 acc: 0.3509 | best mAP acc: 0.3400 | best mAR acc: 0.4311 | best Score: 0.3400 | best Score epoch:  6 
epoch  7, iter 4401: loss: 0.0096 | load time: 0.0018 | back time: 0.3885 | lr: 0.00009964 | best AP50 acc: 0.4741 | best AP70 acc: 0.3509 | best mAP acc: 0.3400 | best mAR acc: 0.4311 | best Score: 0.3400 | best Score epoch:  6 
epoch  7, iter 4601: loss: 0.0133 | load time: 0.0018 | back time: 0.3913 | lr: 0.00009963 | best AP50 acc: 0.4741 | best AP70 acc: 0.3509 | best mAP acc: 0.3400 | best mAR acc: 0.4311 | best Score: 0.3400 | best Score epoch:  6 
UAV_SEQS_2 | mAP50:90: 1.2172 | AP50: 2.0284 | AP70: 1.1256 
UAV_SEQS_37 | mAP50:90: 76.5134 | AP50: 85.9018 | AP70: 79.9107 
UAV_SEQS_45 | mAP50:90: 2.9389 | AP50: 6.7753 | AP70: 3.0104 
UAV_SEQS_47 | mAP50:90: 28.0237 | AP50: 43.2769 | AP70: 32.0601 
UAV_SEQS_55 | mAP50:90: 1.5083 | AP50: 3.8869 | AP70: 0.8990 
UAV_SEQS_59 | mAP50:90: 17.6104 | AP50: 32.0122 | AP70: 16.8536 
UAV_SEQS_6 | mAP50:90: 17.6372 | AP50: 23.3695 | AP70: 18.4491 
UAV_SEQS_63 | mAP50:90: 1.8428 | AP50: 4.8798 | AP70: 1.6973 
UAV_SEQS_65 | mAP50:90: 31.3982 | AP50: 61.4912 | AP70: 27.4308 
UAV_SEQS_7 | mAP50:90: 5.8871 | AP50: 20.0985 | AP70: 3.3823 
UAV_SEQS_71 | mAP50:90: 0.2458 | AP50: 1.1513 | AP70: 0.0236 
UAV_SEQS_73 | mAP50:90: 22.6048 | AP50: 44.1584 | AP70: 20.7475 
UAV_SEQS_74 | mAP50:90: 76.9758 | AP50: 82.1421 | AP70: 82.1421 
UAV_SEQS_77 | mAP50:90: 0.7648 | AP50: 2.3102 | AP70: 0.9351 
UAV_SEQS_8 | mAP50:90: 8.0219 | AP50: 11.6244 | AP70: 8.5819 
Overall            | mAP50:95: 17.8964 | AP50: 27.5983 | AP70: 17.7034 
epoch  8, iter    1: loss: 0.0091 | load time: 0.0021 | back time: 0.1219 | lr: 0.00009961 | best AP50 acc: 0.4741 | best AP70 acc: 0.3509 | best mAP acc: 0.3400 | best mAR acc: 0.4311 | best Score: 0.3400 | best Score epoch:  6 
epoch  8, iter  201: loss: 0.0086 | load time: 0.0018 | back time: 0.3727 | lr: 0.00009959 | best AP50 acc: 0.4741 | best AP70 acc: 0.3509 | best mAP acc: 0.3400 | best mAR acc: 0.4311 | best Score: 0.3400 | best Score epoch:  6 
epoch  8, iter  401: loss: 0.0104 | load time: 0.0023 | back time: 0.3800 | lr: 0.00009958 | best AP50 acc: 0.4741 | best AP70 acc: 0.3509 | best mAP acc: 0.3400 | best mAR acc: 0.4311 | best Score: 0.3400 | best Score epoch:  6 
epoch  8, iter  601: loss: 0.0103 | load time: 0.0024 | back time: 0.3613 | lr: 0.00009956 | best AP50 acc: 0.4741 | best AP70 acc: 0.3509 | best mAP acc: 0.3400 | best mAR acc: 0.4311 | best Score: 0.3400 | best Score epoch:  6 
epoch  8, iter  801: loss: 0.0120 | load time: 0.0025 | back time: 0.3736 | lr: 0.00009954 | best AP50 acc: 0.4741 | best AP70 acc: 0.3509 | best mAP acc: 0.3400 | best mAR acc: 0.4311 | best Score: 0.3400 | best Score epoch:  6 
epoch  8, iter 1001: loss: 0.0106 | load time: 0.0018 | back time: 0.3718 | lr: 0.00009952 | best AP50 acc: 0.4741 | best AP70 acc: 0.3509 | best mAP acc: 0.3400 | best mAR acc: 0.4311 | best Score: 0.3400 | best Score epoch:  6 
epoch  8, iter 1201: loss: 0.0110 | load time: 0.0019 | back time: 0.3838 | lr: 0.00009951 | best AP50 acc: 0.4741 | best AP70 acc: 0.3509 | best mAP acc: 0.3400 | best mAR acc: 0.4311 | best Score: 0.3400 | best Score epoch:  6 
epoch  8, iter 1401: loss: 0.0125 | load time: 0.0021 | back time: 0.3847 | lr: 0.00009949 | best AP50 acc: 0.4741 | best AP70 acc: 0.3509 | best mAP acc: 0.3400 | best mAR acc: 0.4311 | best Score: 0.3400 | best Score epoch:  6 
epoch  8, iter 1601: loss: 0.0093 | load time: 0.0018 | back time: 0.3741 | lr: 0.00009947 | best AP50 acc: 0.4741 | best AP70 acc: 0.3509 | best mAP acc: 0.3400 | best mAR acc: 0.4311 | best Score: 0.3400 | best Score epoch:  6 
epoch  8, iter 1801: loss: 0.0146 | load time: 0.0022 | back time: 0.3803 | lr: 0.00009945 | best AP50 acc: 0.4741 | best AP70 acc: 0.3509 | best mAP acc: 0.3400 | best mAR acc: 0.4311 | best Score: 0.3400 | best Score epoch:  6 
epoch  8, iter 2001: loss: 0.0144 | load time: 0.0022 | back time: 0.3783 | lr: 0.00009943 | best AP50 acc: 0.4741 | best AP70 acc: 0.3509 | best mAP acc: 0.3400 | best mAR acc: 0.4311 | best Score: 0.3400 | best Score epoch:  6 
epoch  8, iter 2201: loss: 0.0115 | load time: 0.0022 | back time: 0.3683 | lr: 0.00009941 | best AP50 acc: 0.4741 | best AP70 acc: 0.3509 | best mAP acc: 0.3400 | best mAR acc: 0.4311 | best Score: 0.3400 | best Score epoch:  6 
epoch  8, iter 2401: loss: 0.0166 | load time: 0.0019 | back time: 0.3845 | lr: 0.00009939 | best AP50 acc: 0.4741 | best AP70 acc: 0.3509 | best mAP acc: 0.3400 | best mAR acc: 0.4311 | best Score: 0.3400 | best Score epoch:  6 
epoch  8, iter 2601: loss: 0.0123 | load time: 0.0026 | back time: 0.3838 | lr: 0.00009937 | best AP50 acc: 0.4741 | best AP70 acc: 0.3509 | best mAP acc: 0.3400 | best mAR acc: 0.4311 | best Score: 0.3400 | best Score epoch:  6 
epoch  8, iter 2801: loss: 0.0113 | load time: 0.0019 | back time: 0.3791 | lr: 0.00009935 | best AP50 acc: 0.4741 | best AP70 acc: 0.3509 | best mAP acc: 0.3400 | best mAR acc: 0.4311 | best Score: 0.3400 | best Score epoch:  6 
epoch  8, iter 3001: loss: 0.0117 | load time: 0.0020 | back time: 0.3947 | lr: 0.00009933 | best AP50 acc: 0.4741 | best AP70 acc: 0.3509 | best mAP acc: 0.3400 | best mAR acc: 0.4311 | best Score: 0.3400 | best Score epoch:  6 
epoch  8, iter 3201: loss: 0.0116 | load time: 0.0022 | back time: 0.4004 | lr: 0.00009931 | best AP50 acc: 0.4741 | best AP70 acc: 0.3509 | best mAP acc: 0.3400 | best mAR acc: 0.4311 | best Score: 0.3400 | best Score epoch:  6 
epoch  8, iter 3401: loss: 0.0090 | load time: 0.0021 | back time: 0.3731 | lr: 0.00009928 | best AP50 acc: 0.4741 | best AP70 acc: 0.3509 | best mAP acc: 0.3400 | best mAR acc: 0.4311 | best Score: 0.3400 | best Score epoch:  6 
epoch  8, iter 3601: loss: 0.0122 | load time: 0.0019 | back time: 0.3780 | lr: 0.00009926 | best AP50 acc: 0.4741 | best AP70 acc: 0.3509 | best mAP acc: 0.3400 | best mAR acc: 0.4311 | best Score: 0.3400 | best Score epoch:  6 
epoch  8, iter 3801: loss: 0.0128 | load time: 0.0019 | back time: 0.3763 | lr: 0.00009924 | best AP50 acc: 0.4741 | best AP70 acc: 0.3509 | best mAP acc: 0.3400 | best mAR acc: 0.4311 | best Score: 0.3400 | best Score epoch:  6 
epoch  8, iter 4001: loss: 0.0088 | load time: 0.0029 | back time: 0.3707 | lr: 0.00009922 | best AP50 acc: 0.4741 | best AP70 acc: 0.3509 | best mAP acc: 0.3400 | best mAR acc: 0.4311 | best Score: 0.3400 | best Score epoch:  6 
epoch  8, iter 4201: loss: 0.0111 | load time: 0.0021 | back time: 0.3800 | lr: 0.00009919 | best AP50 acc: 0.4741 | best AP70 acc: 0.3509 | best mAP acc: 0.3400 | best mAR acc: 0.4311 | best Score: 0.3400 | best Score epoch:  6 
epoch  8, iter 4401: loss: 0.0092 | load time: 0.0021 | back time: 0.3913 | lr: 0.00009917 | best AP50 acc: 0.4741 | best AP70 acc: 0.3509 | best mAP acc: 0.3400 | best mAR acc: 0.4311 | best Score: 0.3400 | best Score epoch:  6 
epoch  8, iter 4601: loss: 0.0087 | load time: 0.0022 | back time: 0.3647 | lr: 0.00009915 | best AP50 acc: 0.4741 | best AP70 acc: 0.3509 | best mAP acc: 0.3400 | best mAR acc: 0.4311 | best Score: 0.3400 | best Score epoch:  6 
UAV_SEQS_2 | mAP50:90: 0.0761 | AP50: 0.3702 | AP70: 0.0102 
UAV_SEQS_37 | mAP50:90: 46.8903 | AP50: 56.3586 | AP70: 47.5153 
UAV_SEQS_45 | mAP50:90: 3.4137 | AP50: 12.8390 | AP70: 1.4844 
UAV_SEQS_47 | mAP50:90: 15.2497 | AP50: 32.2089 | AP70: 13.9902 
UAV_SEQS_55 | mAP50:90: 1.1008 | AP50: 4.1548 | AP70: 0.3805 
UAV_SEQS_59 | mAP50:90: 10.3641 | AP50: 15.9748 | AP70: 10.5622 
UAV_SEQS_6 | mAP50:90: 6.3477 | AP50: 9.7736 | AP70: 6.1546 
UAV_SEQS_63 | mAP50:90: 0.0000 | AP50: 0.0000 | AP70: 0.0000 
UAV_SEQS_65 | mAP50:90: 33.2044 | AP50: 61.7555 | AP70: 31.7301 
UAV_SEQS_7 | mAP50:90: 3.9354 | AP50: 8.9769 | AP70: 3.5644 
UAV_SEQS_71 | mAP50:90: 0.0141 | AP50: 0.0990 | AP70: 0.0000 
UAV_SEQS_73 | mAP50:90: 11.3464 | AP50: 20.0507 | AP70: 11.0254 
UAV_SEQS_74 | mAP50:90: 72.8020 | AP50: 73.2673 | AP70: 73.2673 
UAV_SEQS_77 | mAP50:90: 1.3751 | AP50: 1.9802 | AP70: 0.9901 
UAV_SEQS_8 | mAP50:90: 9.6406 | AP50: 22.8864 | AP70: 8.5732 
Overall            | mAP50:95: 12.6885 | AP50: 20.1774 | AP70: 12.5248 
epoch  9, iter    1: loss: 0.0085 | load time: 0.0028 | back time: 0.1067 | lr: 0.00009912 | best AP50 acc: 0.4741 | best AP70 acc: 0.3509 | best mAP acc: 0.3400 | best mAR acc: 0.4311 | best Score: 0.3400 | best Score epoch:  6 
epoch  9, iter  201: loss: 0.0126 | load time: 0.0024 | back time: 0.3525 | lr: 0.00009910 | best AP50 acc: 0.4741 | best AP70 acc: 0.3509 | best mAP acc: 0.3400 | best mAR acc: 0.4311 | best Score: 0.3400 | best Score epoch:  6 
epoch  9, iter  401: loss: 0.0121 | load time: 0.0020 | back time: 0.3859 | lr: 0.00009907 | best AP50 acc: 0.4741 | best AP70 acc: 0.3509 | best mAP acc: 0.3400 | best mAR acc: 0.4311 | best Score: 0.3400 | best Score epoch:  6 
epoch  9, iter  601: loss: 0.0127 | load time: 0.0021 | back time: 0.4014 | lr: 0.00009905 | best AP50 acc: 0.4741 | best AP70 acc: 0.3509 | best mAP acc: 0.3400 | best mAR acc: 0.4311 | best Score: 0.3400 | best Score epoch:  6 
epoch  9, iter  801: loss: 0.0092 | load time: 0.0017 | back time: 0.3624 | lr: 0.00009902 | best AP50 acc: 0.4741 | best AP70 acc: 0.3509 | best mAP acc: 0.3400 | best mAR acc: 0.4311 | best Score: 0.3400 | best Score epoch:  6 
epoch  9, iter 1001: loss: 0.0170 | load time: 0.0022 | back time: 0.3798 | lr: 0.00009900 | best AP50 acc: 0.4741 | best AP70 acc: 0.3509 | best mAP acc: 0.3400 | best mAR acc: 0.4311 | best Score: 0.3400 | best Score epoch:  6 
epoch  9, iter 1201: loss: 0.0119 | load time: 0.0022 | back time: 0.3937 | lr: 0.00009897 | best AP50 acc: 0.4741 | best AP70 acc: 0.3509 | best mAP acc: 0.3400 | best mAR acc: 0.4311 | best Score: 0.3400 | best Score epoch:  6 
epoch  9, iter 1401: loss: 0.0117 | load time: 0.0017 | back time: 0.3673 | lr: 0.00009894 | best AP50 acc: 0.4741 | best AP70 acc: 0.3509 | best mAP acc: 0.3400 | best mAR acc: 0.4311 | best Score: 0.3400 | best Score epoch:  6 
epoch  9, iter 1601: loss: 0.0101 | load time: 0.0021 | back time: 0.3781 | lr: 0.00009892 | best AP50 acc: 0.4741 | best AP70 acc: 0.3509 | best mAP acc: 0.3400 | best mAR acc: 0.4311 | best Score: 0.3400 | best Score epoch:  6 
epoch  9, iter 1801: loss: 0.0102 | load time: 0.0022 | back time: 0.3822 | lr: 0.00009889 | best AP50 acc: 0.4741 | best AP70 acc: 0.3509 | best mAP acc: 0.3400 | best mAR acc: 0.4311 | best Score: 0.3400 | best Score epoch:  6 
epoch  9, iter 2001: loss: 0.0097 | load time: 0.0022 | back time: 0.3751 | lr: 0.00009886 | best AP50 acc: 0.4741 | best AP70 acc: 0.3509 | best mAP acc: 0.3400 | best mAR acc: 0.4311 | best Score: 0.3400 | best Score epoch:  6 
epoch  9, iter 2201: loss: 0.0086 | load time: 0.0020 | back time: 0.3860 | lr: 0.00009884 | best AP50 acc: 0.4741 | best AP70 acc: 0.3509 | best mAP acc: 0.3400 | best mAR acc: 0.4311 | best Score: 0.3400 | best Score epoch:  6 
epoch  9, iter 2401: loss: 0.0122 | load time: 0.0018 | back time: 0.3895 | lr: 0.00009881 | best AP50 acc: 0.4741 | best AP70 acc: 0.3509 | best mAP acc: 0.3400 | best mAR acc: 0.4311 | best Score: 0.3400 | best Score epoch:  6 
epoch  9, iter 2601: loss: 0.0150 | load time: 0.0018 | back time: 0.3731 | lr: 0.00009878 | best AP50 acc: 0.4741 | best AP70 acc: 0.3509 | best mAP acc: 0.3400 | best mAR acc: 0.4311 | best Score: 0.3400 | best Score epoch:  6 
epoch  9, iter 2801: loss: 0.0082 | load time: 0.0021 | back time: 0.3998 | lr: 0.00009875 | best AP50 acc: 0.4741 | best AP70 acc: 0.3509 | best mAP acc: 0.3400 | best mAR acc: 0.4311 | best Score: 0.3400 | best Score epoch:  6 
epoch  9, iter 3001: loss: 0.0113 | load time: 0.0021 | back time: 0.3757 | lr: 0.00009872 | best AP50 acc: 0.4741 | best AP70 acc: 0.3509 | best mAP acc: 0.3400 | best mAR acc: 0.4311 | best Score: 0.3400 | best Score epoch:  6 
epoch  9, iter 3201: loss: 0.0085 | load time: 0.0021 | back time: 0.3955 | lr: 0.00009869 | best AP50 acc: 0.4741 | best AP70 acc: 0.3509 | best mAP acc: 0.3400 | best mAR acc: 0.4311 | best Score: 0.3400 | best Score epoch:  6 
epoch  9, iter 3401: loss: 0.0121 | load time: 0.0019 | back time: 0.3921 | lr: 0.00009866 | best AP50 acc: 0.4741 | best AP70 acc: 0.3509 | best mAP acc: 0.3400 | best mAR acc: 0.4311 | best Score: 0.3400 | best Score epoch:  6 
epoch  9, iter 3601: loss: 0.0111 | load time: 0.0021 | back time: 0.3754 | lr: 0.00009863 | best AP50 acc: 0.4741 | best AP70 acc: 0.3509 | best mAP acc: 0.3400 | best mAR acc: 0.4311 | best Score: 0.3400 | best Score epoch:  6 
epoch  9, iter 3801: loss: 0.0085 | load time: 0.0022 | back time: 0.3775 | lr: 0.00009860 | best AP50 acc: 0.4741 | best AP70 acc: 0.3509 | best mAP acc: 0.3400 | best mAR acc: 0.4311 | best Score: 0.3400 | best Score epoch:  6 
epoch  9, iter 4001: loss: 0.0142 | load time: 0.0020 | back time: 0.3904 | lr: 0.00009857 | best AP50 acc: 0.4741 | best AP70 acc: 0.3509 | best mAP acc: 0.3400 | best mAR acc: 0.4311 | best Score: 0.3400 | best Score epoch:  6 
epoch  9, iter 4201: loss: 0.0133 | load time: 0.0021 | back time: 0.3828 | lr: 0.00009854 | best AP50 acc: 0.4741 | best AP70 acc: 0.3509 | best mAP acc: 0.3400 | best mAR acc: 0.4311 | best Score: 0.3400 | best Score epoch:  6 
epoch  9, iter 4401: loss: 0.0132 | load time: 0.0020 | back time: 0.4033 | lr: 0.00009851 | best AP50 acc: 0.4741 | best AP70 acc: 0.3509 | best mAP acc: 0.3400 | best mAR acc: 0.4311 | best Score: 0.3400 | best Score epoch:  6 
epoch  9, iter 4601: loss: 0.0097 | load time: 0.0020 | back time: 0.3847 | lr: 0.00009848 | best AP50 acc: 0.4741 | best AP70 acc: 0.3509 | best mAP acc: 0.3400 | best mAR acc: 0.4311 | best Score: 0.3400 | best Score epoch:  6 
UAV_SEQS_2 | mAP50:90: 0.7751 | AP50: 1.6984 | AP70: 0.8184 
UAV_SEQS_37 | mAP50:90: 79.3204 | AP50: 93.0047 | AP70: 87.5112 
UAV_SEQS_45 | mAP50:90: 75.6728 | AP50: 99.0099 | AP70: 86.7106 
UAV_SEQS_47 | mAP50:90: 90.1829 | AP50: 99.0099 | AP70: 94.7626 
UAV_SEQS_55 | mAP50:90: 12.7693 | AP50: 24.8036 | AP70: 12.9826 
UAV_SEQS_59 | mAP50:90: 36.2224 | AP50: 72.8850 | AP70: 33.8883 
UAV_SEQS_6 | mAP50:90: 8.8182 | AP50: 15.1612 | AP70: 8.7346 
UAV_SEQS_63 | mAP50:90: 13.5242 | AP50: 48.1953 | AP70: 3.6587 
UAV_SEQS_65 | mAP50:90: 74.5451 | AP50: 87.8230 | AP70: 84.0237 
UAV_SEQS_7 | mAP50:90: 3.3694 | AP50: 13.1478 | AP70: 1.3228 
UAV_SEQS_71 | mAP50:90: 14.2750 | AP50: 48.1325 | AP70: 6.6294 
UAV_SEQS_73 | mAP50:90: 26.5126 | AP50: 47.4974 | AP70: 23.8675 
UAV_SEQS_74 | mAP50:90: 68.0774 | AP50: 83.1778 | AP70: 80.0784 
UAV_SEQS_77 | mAP50:90: 2.8257 | AP50: 3.1835 | AP70: 3.1835 
UAV_SEQS_8 | mAP50:90: 0.5543 | AP50: 1.0249 | AP70: 0.4697 
Overall            | mAP50:95: 30.7386 | AP50: 46.8385 | AP70: 31.6665 
epoch 10, iter    1: loss: 0.0107 | load time: 0.0019 | back time: 0.1072 | lr: 0.00009844 | best AP50 acc: 0.4741 | best AP70 acc: 0.3509 | best mAP acc: 0.3400 | best mAR acc: 0.4311 | best Score: 0.3400 | best Score epoch:  6 
epoch 10, iter  201: loss: 0.0089 | load time: 0.0022 | back time: 0.3701 | lr: 0.00009841 | best AP50 acc: 0.4741 | best AP70 acc: 0.3509 | best mAP acc: 0.3400 | best mAR acc: 0.4311 | best Score: 0.3400 | best Score epoch:  6 
epoch 10, iter  401: loss: 0.0103 | load time: 0.0022 | back time: 0.3832 | lr: 0.00009838 | best AP50 acc: 0.4741 | best AP70 acc: 0.3509 | best mAP acc: 0.3400 | best mAR acc: 0.4311 | best Score: 0.3400 | best Score epoch:  6 
epoch 10, iter  601: loss: 0.0132 | load time: 0.0020 | back time: 0.3741 | lr: 0.00009835 | best AP50 acc: 0.4741 | best AP70 acc: 0.3509 | best mAP acc: 0.3400 | best mAR acc: 0.4311 | best Score: 0.3400 | best Score epoch:  6 
epoch 10, iter  801: loss: 0.0097 | load time: 0.0022 | back time: 0.3997 | lr: 0.00009831 | best AP50 acc: 0.4741 | best AP70 acc: 0.3509 | best mAP acc: 0.3400 | best mAR acc: 0.4311 | best Score: 0.3400 | best Score epoch:  6 
epoch 10, iter 1001: loss: 0.0137 | load time: 0.0022 | back time: 0.3664 | lr: 0.00009828 | best AP50 acc: 0.4741 | best AP70 acc: 0.3509 | best mAP acc: 0.3400 | best mAR acc: 0.4311 | best Score: 0.3400 | best Score epoch:  6 
epoch 10, iter 1201: loss: 0.0106 | load time: 0.0020 | back time: 0.3816 | lr: 0.00009825 | best AP50 acc: 0.4741 | best AP70 acc: 0.3509 | best mAP acc: 0.3400 | best mAR acc: 0.4311 | best Score: 0.3400 | best Score epoch:  6 
epoch 10, iter 1401: loss: 0.0081 | load time: 0.0019 | back time: 0.3972 | lr: 0.00009821 | best AP50 acc: 0.4741 | best AP70 acc: 0.3509 | best mAP acc: 0.3400 | best mAR acc: 0.4311 | best Score: 0.3400 | best Score epoch:  6 
epoch 10, iter 1601: loss: 0.0100 | load time: 0.0021 | back time: 0.3891 | lr: 0.00009818 | best AP50 acc: 0.4741 | best AP70 acc: 0.3509 | best mAP acc: 0.3400 | best mAR acc: 0.4311 | best Score: 0.3400 | best Score epoch:  6 
epoch 10, iter 1801: loss: 0.0150 | load time: 0.0021 | back time: 0.3835 | lr: 0.00009814 | best AP50 acc: 0.4741 | best AP70 acc: 0.3509 | best mAP acc: 0.3400 | best mAR acc: 0.4311 | best Score: 0.3400 | best Score epoch:  6 
epoch 10, iter 2001: loss: 0.0098 | load time: 0.0022 | back time: 0.3706 | lr: 0.00009811 | best AP50 acc: 0.4741 | best AP70 acc: 0.3509 | best mAP acc: 0.3400 | best mAR acc: 0.4311 | best Score: 0.3400 | best Score epoch:  6 
epoch 10, iter 2201: loss: 0.0096 | load time: 0.0021 | back time: 0.3827 | lr: 0.00009807 | best AP50 acc: 0.4741 | best AP70 acc: 0.3509 | best mAP acc: 0.3400 | best mAR acc: 0.4311 | best Score: 0.3400 | best Score epoch:  6 
epoch 10, iter 2401: loss: 0.0123 | load time: 0.0020 | back time: 0.3754 | lr: 0.00009803 | best AP50 acc: 0.4741 | best AP70 acc: 0.3509 | best mAP acc: 0.3400 | best mAR acc: 0.4311 | best Score: 0.3400 | best Score epoch:  6 
epoch 10, iter 2601: loss: 0.0093 | load time: 0.0021 | back time: 0.3643 | lr: 0.00009800 | best AP50 acc: 0.4741 | best AP70 acc: 0.3509 | best mAP acc: 0.3400 | best mAR acc: 0.4311 | best Score: 0.3400 | best Score epoch:  6 
epoch 10, iter 2801: loss: 0.0100 | load time: 0.0024 | back time: 0.3788 | lr: 0.00009796 | best AP50 acc: 0.4741 | best AP70 acc: 0.3509 | best mAP acc: 0.3400 | best mAR acc: 0.4311 | best Score: 0.3400 | best Score epoch:  6 
epoch 10, iter 3001: loss: 0.0129 | load time: 0.0021 | back time: 0.3831 | lr: 0.00009792 | best AP50 acc: 0.4741 | best AP70 acc: 0.3509 | best mAP acc: 0.3400 | best mAR acc: 0.4311 | best Score: 0.3400 | best Score epoch:  6 
epoch 10, iter 3201: loss: 0.0122 | load time: 0.0020 | back time: 0.3738 | lr: 0.00009789 | best AP50 acc: 0.4741 | best AP70 acc: 0.3509 | best mAP acc: 0.3400 | best mAR acc: 0.4311 | best Score: 0.3400 | best Score epoch:  6 
epoch 10, iter 3401: loss: 0.0086 | load time: 0.0018 | back time: 0.3979 | lr: 0.00009785 | best AP50 acc: 0.4741 | best AP70 acc: 0.3509 | best mAP acc: 0.3400 | best mAR acc: 0.4311 | best Score: 0.3400 | best Score epoch:  6 
epoch 10, iter 3601: loss: 0.0151 | load time: 0.0020 | back time: 0.3771 | lr: 0.00009781 | best AP50 acc: 0.4741 | best AP70 acc: 0.3509 | best mAP acc: 0.3400 | best mAR acc: 0.4311 | best Score: 0.3400 | best Score epoch:  6 
epoch 10, iter 3801: loss: 0.0136 | load time: 0.0019 | back time: 0.3791 | lr: 0.00009777 | best AP50 acc: 0.4741 | best AP70 acc: 0.3509 | best mAP acc: 0.3400 | best mAR acc: 0.4311 | best Score: 0.3400 | best Score epoch:  6 
epoch 10, iter 4001: loss: 0.0092 | load time: 0.0022 | back time: 0.3868 | lr: 0.00009773 | best AP50 acc: 0.4741 | best AP70 acc: 0.3509 | best mAP acc: 0.3400 | best mAR acc: 0.4311 | best Score: 0.3400 | best Score epoch:  6 
epoch 10, iter 4201: loss: 0.0102 | load time: 0.0022 | back time: 0.3823 | lr: 0.00009770 | best AP50 acc: 0.4741 | best AP70 acc: 0.3509 | best mAP acc: 0.3400 | best mAR acc: 0.4311 | best Score: 0.3400 | best Score epoch:  6 
epoch 10, iter 4401: loss: 0.0097 | load time: 0.0020 | back time: 0.3778 | lr: 0.00009766 | best AP50 acc: 0.4741 | best AP70 acc: 0.3509 | best mAP acc: 0.3400 | best mAR acc: 0.4311 | best Score: 0.3400 | best Score epoch:  6 
epoch 10, iter 4601: loss: 0.0109 | load time: 0.0020 | back time: 0.3848 | lr: 0.00009762 | best AP50 acc: 0.4741 | best AP70 acc: 0.3509 | best mAP acc: 0.3400 | best mAR acc: 0.4311 | best Score: 0.3400 | best Score epoch:  6 
UAV_SEQS_2 | mAP50:90: 1.1319 | AP50: 2.5133 | AP70: 0.9157 
UAV_SEQS_37 | mAP50:90: 73.2988 | AP50: 88.5621 | AP70: 77.3272 
UAV_SEQS_45 | mAP50:90: 72.3129 | AP50: 97.8674 | AP70: 79.8992 
UAV_SEQS_47 | mAP50:90: 85.4804 | AP50: 97.8677 | AP70: 90.1694 
UAV_SEQS_55 | mAP50:90: 7.9409 | AP50: 17.9906 | AP70: 7.3275 
UAV_SEQS_59 | mAP50:90: 30.3849 | AP50: 69.7141 | AP70: 23.8313 
UAV_SEQS_6 | mAP50:90: 8.6880 | AP50: 16.1699 | AP70: 8.5834 
UAV_SEQS_63 | mAP50:90: 38.8217 | AP50: 69.3432 | AP70: 39.4059 
UAV_SEQS_65 | mAP50:90: 76.9037 | AP50: 93.4435 | AP70: 84.4009 
UAV_SEQS_7 | mAP50:90: 0.4906 | AP50: 2.5427 | AP70: 0.1849 
UAV_SEQS_71 | mAP50:90: 10.4247 | AP50: 28.9305 | AP70: 8.2599 
UAV_SEQS_73 | mAP50:90: 16.9659 | AP50: 36.3015 | AP70: 15.1408 
UAV_SEQS_74 | mAP50:90: 79.2054 | AP50: 91.5628 | AP70: 85.2718 
UAV_SEQS_77 | mAP50:90: 26.3921 | AP50: 41.2154 | AP70: 31.3343 
UAV_SEQS_8 | mAP50:90: 1.3123 | AP50: 4.1881 | AP70: 0.7574 
Overall            | mAP50:95: 32.4167 | AP50: 48.2543 | AP70: 33.4610 
epoch 11, iter    1: loss: 0.0110 | load time: 0.0022 | back time: 0.1086 | lr: 0.00009758 | best AP50 acc: 0.4741 | best AP70 acc: 0.3509 | best mAP acc: 0.3400 | best mAR acc: 0.4311 | best Score: 0.3400 | best Score epoch:  6 
epoch 11, iter  201: loss: 0.0098 | load time: 0.0021 | back time: 0.3717 | lr: 0.00009754 | best AP50 acc: 0.4741 | best AP70 acc: 0.3509 | best mAP acc: 0.3400 | best mAR acc: 0.4311 | best Score: 0.3400 | best Score epoch:  6 
epoch 11, iter  401: loss: 0.0100 | load time: 0.0022 | back time: 0.3872 | lr: 0.00009750 | best AP50 acc: 0.4741 | best AP70 acc: 0.3509 | best mAP acc: 0.3400 | best mAR acc: 0.4311 | best Score: 0.3400 | best Score epoch:  6 
epoch 11, iter  601: loss: 0.0106 | load time: 0.0020 | back time: 0.3867 | lr: 0.00009746 | best AP50 acc: 0.4741 | best AP70 acc: 0.3509 | best mAP acc: 0.3400 | best mAR acc: 0.4311 | best Score: 0.3400 | best Score epoch:  6 
epoch 11, iter  801: loss: 0.0093 | load time: 0.0020 | back time: 0.3813 | lr: 0.00009741 | best AP50 acc: 0.4741 | best AP70 acc: 0.3509 | best mAP acc: 0.3400 | best mAR acc: 0.4311 | best Score: 0.3400 | best Score epoch:  6 
epoch 11, iter 1001: loss: 0.0118 | load time: 0.0021 | back time: 0.3905 | lr: 0.00009737 | best AP50 acc: 0.4741 | best AP70 acc: 0.3509 | best mAP acc: 0.3400 | best mAR acc: 0.4311 | best Score: 0.3400 | best Score epoch:  6 
epoch 11, iter 1201: loss: 0.0093 | load time: 0.0020 | back time: 0.3934 | lr: 0.00009733 | best AP50 acc: 0.4741 | best AP70 acc: 0.3509 | best mAP acc: 0.3400 | best mAR acc: 0.4311 | best Score: 0.3400 | best Score epoch:  6 
epoch 11, iter 1401: loss: 0.0093 | load time: 0.0025 | back time: 0.3872 | lr: 0.00009729 | best AP50 acc: 0.4741 | best AP70 acc: 0.3509 | best mAP acc: 0.3400 | best mAR acc: 0.4311 | best Score: 0.3400 | best Score epoch:  6 
epoch 11, iter 1601: loss: 0.0129 | load time: 0.0019 | back time: 0.3793 | lr: 0.00009725 | best AP50 acc: 0.4741 | best AP70 acc: 0.3509 | best mAP acc: 0.3400 | best mAR acc: 0.4311 | best Score: 0.3400 | best Score epoch:  6 
epoch 11, iter 1801: loss: 0.0083 | load time: 0.0019 | back time: 0.3760 | lr: 0.00009720 | best AP50 acc: 0.4741 | best AP70 acc: 0.3509 | best mAP acc: 0.3400 | best mAR acc: 0.4311 | best Score: 0.3400 | best Score epoch:  6 
epoch 11, iter 2001: loss: 0.0093 | load time: 0.0021 | back time: 0.3893 | lr: 0.00009716 | best AP50 acc: 0.4741 | best AP70 acc: 0.3509 | best mAP acc: 0.3400 | best mAR acc: 0.4311 | best Score: 0.3400 | best Score epoch:  6 
epoch 11, iter 2201: loss: 0.0132 | load time: 0.0019 | back time: 0.3759 | lr: 0.00009712 | best AP50 acc: 0.4741 | best AP70 acc: 0.3509 | best mAP acc: 0.3400 | best mAR acc: 0.4311 | best Score: 0.3400 | best Score epoch:  6 
epoch 11, iter 2401: loss: 0.0099 | load time: 0.0018 | back time: 0.3740 | lr: 0.00009707 | best AP50 acc: 0.4741 | best AP70 acc: 0.3509 | best mAP acc: 0.3400 | best mAR acc: 0.4311 | best Score: 0.3400 | best Score epoch:  6 
epoch 11, iter 2601: loss: 0.0084 | load time: 0.0019 | back time: 0.3960 | lr: 0.00009703 | best AP50 acc: 0.4741 | best AP70 acc: 0.3509 | best mAP acc: 0.3400 | best mAR acc: 0.4311 | best Score: 0.3400 | best Score epoch:  6 
epoch 11, iter 2801: loss: 0.0091 | load time: 0.0022 | back time: 0.3910 | lr: 0.00009698 | best AP50 acc: 0.4741 | best AP70 acc: 0.3509 | best mAP acc: 0.3400 | best mAR acc: 0.4311 | best Score: 0.3400 | best Score epoch:  6 
epoch 11, iter 3001: loss: 0.0096 | load time: 0.0020 | back time: 0.3665 | lr: 0.00009694 | best AP50 acc: 0.4741 | best AP70 acc: 0.3509 | best mAP acc: 0.3400 | best mAR acc: 0.4311 | best Score: 0.3400 | best Score epoch:  6 
epoch 11, iter 3201: loss: 0.0083 | load time: 0.0022 | back time: 0.3898 | lr: 0.00009690 | best AP50 acc: 0.4741 | best AP70 acc: 0.3509 | best mAP acc: 0.3400 | best mAR acc: 0.4311 | best Score: 0.3400 | best Score epoch:  6 
epoch 11, iter 3401: loss: 0.0087 | load time: 0.0021 | back time: 0.3794 | lr: 0.00009685 | best AP50 acc: 0.4741 | best AP70 acc: 0.3509 | best mAP acc: 0.3400 | best mAR acc: 0.4311 | best Score: 0.3400 | best Score epoch:  6 
epoch 11, iter 3601: loss: 0.0126 | load time: 0.0024 | back time: 0.3803 | lr: 0.00009680 | best AP50 acc: 0.4741 | best AP70 acc: 0.3509 | best mAP acc: 0.3400 | best mAR acc: 0.4311 | best Score: 0.3400 | best Score epoch:  6 
epoch 11, iter 3801: loss: 0.0137 | load time: 0.0023 | back time: 0.3900 | lr: 0.00009676 | best AP50 acc: 0.4741 | best AP70 acc: 0.3509 | best mAP acc: 0.3400 | best mAR acc: 0.4311 | best Score: 0.3400 | best Score epoch:  6 
epoch 11, iter 4001: loss: 0.0099 | load time: 0.0020 | back time: 0.3819 | lr: 0.00009671 | best AP50 acc: 0.4741 | best AP70 acc: 0.3509 | best mAP acc: 0.3400 | best mAR acc: 0.4311 | best Score: 0.3400 | best Score epoch:  6 
epoch 11, iter 4201: loss: 0.0087 | load time: 0.0021 | back time: 0.3832 | lr: 0.00009667 | best AP50 acc: 0.4741 | best AP70 acc: 0.3509 | best mAP acc: 0.3400 | best mAR acc: 0.4311 | best Score: 0.3400 | best Score epoch:  6 
epoch 11, iter 4401: loss: 0.0090 | load time: 0.0019 | back time: 0.3951 | lr: 0.00009662 | best AP50 acc: 0.4741 | best AP70 acc: 0.3509 | best mAP acc: 0.3400 | best mAR acc: 0.4311 | best Score: 0.3400 | best Score epoch:  6 
epoch 11, iter 4601: loss: 0.0100 | load time: 0.0017 | back time: 0.3877 | lr: 0.00009657 | best AP50 acc: 0.4741 | best AP70 acc: 0.3509 | best mAP acc: 0.3400 | best mAR acc: 0.4311 | best Score: 0.3400 | best Score epoch:  6 
UAV_SEQS_2 | mAP50:90: 0.4885 | AP50: 1.1964 | AP70: 0.3960 
UAV_SEQS_37 | mAP50:90: 77.0983 | AP50: 89.0687 | AP70: 83.7839 
UAV_SEQS_45 | mAP50:90: 66.5241 | AP50: 91.1512 | AP70: 76.0261 
UAV_SEQS_47 | mAP50:90: 77.8205 | AP50: 96.5745 | AP70: 88.4535 
UAV_SEQS_55 | mAP50:90: 10.6740 | AP50: 21.8123 | AP70: 10.1956 
UAV_SEQS_59 | mAP50:90: 20.8699 | AP50: 54.0076 | AP70: 13.9515 
UAV_SEQS_6 | mAP50:90: 15.9769 | AP50: 26.3423 | AP70: 16.6070 
UAV_SEQS_63 | mAP50:90: 28.3108 | AP50: 49.9393 | AP70: 28.2941 
UAV_SEQS_65 | mAP50:90: 72.6128 | AP50: 93.3623 | AP70: 79.7068 
UAV_SEQS_7 | mAP50:90: 0.2090 | AP50: 1.0192 | AP70: 0.0986 
UAV_SEQS_71 | mAP50:90: 11.2878 | AP50: 29.4358 | AP70: 7.9128 
UAV_SEQS_73 | mAP50:90: 30.2763 | AP50: 59.2116 | AP70: 30.5655 
UAV_SEQS_74 | mAP50:90: 71.2712 | AP50: 82.6143 | AP70: 78.7334 
UAV_SEQS_77 | mAP50:90: 0.5801 | AP50: 1.3501 | AP70: 0.0900 
UAV_SEQS_8 | mAP50:90: 4.0147 | AP50: 10.4948 | AP70: 3.1731 
Overall            | mAP50:95: 28.3028 | AP50: 43.5210 | AP70: 30.0986 
epoch 12, iter    1: loss: 0.0080 | load time: 0.0022 | back time: 0.1013 | lr: 0.00009652 | best AP50 acc: 0.4741 | best AP70 acc: 0.3509 | best mAP acc: 0.3400 | best mAR acc: 0.4311 | best Score: 0.3400 | best Score epoch:  6 
epoch 12, iter  201: loss: 0.0102 | load time: 0.0019 | back time: 0.3723 | lr: 0.00009648 | best AP50 acc: 0.4741 | best AP70 acc: 0.3509 | best mAP acc: 0.3400 | best mAR acc: 0.4311 | best Score: 0.3400 | best Score epoch:  6 
epoch 12, iter  401: loss: 0.0125 | load time: 0.0020 | back time: 0.3752 | lr: 0.00009643 | best AP50 acc: 0.4741 | best AP70 acc: 0.3509 | best mAP acc: 0.3400 | best mAR acc: 0.4311 | best Score: 0.3400 | best Score epoch:  6 
epoch 12, iter  601: loss: 0.0101 | load time: 0.0024 | back time: 0.3830 | lr: 0.00009638 | best AP50 acc: 0.4741 | best AP70 acc: 0.3509 | best mAP acc: 0.3400 | best mAR acc: 0.4311 | best Score: 0.3400 | best Score epoch:  6 
epoch 12, iter  801: loss: 0.0087 | load time: 0.0019 | back time: 0.3741 | lr: 0.00009633 | best AP50 acc: 0.4741 | best AP70 acc: 0.3509 | best mAP acc: 0.3400 | best mAR acc: 0.4311 | best Score: 0.3400 | best Score epoch:  6 
epoch 12, iter 1001: loss: 0.0090 | load time: 0.0020 | back time: 0.3791 | lr: 0.00009628 | best AP50 acc: 0.4741 | best AP70 acc: 0.3509 | best mAP acc: 0.3400 | best mAR acc: 0.4311 | best Score: 0.3400 | best Score epoch:  6 
epoch 12, iter 1201: loss: 0.0095 | load time: 0.0020 | back time: 0.3835 | lr: 0.00009623 | best AP50 acc: 0.4741 | best AP70 acc: 0.3509 | best mAP acc: 0.3400 | best mAR acc: 0.4311 | best Score: 0.3400 | best Score epoch:  6 
epoch 12, iter 1401: loss: 0.0085 | load time: 0.0020 | back time: 0.3905 | lr: 0.00009618 | best AP50 acc: 0.4741 | best AP70 acc: 0.3509 | best mAP acc: 0.3400 | best mAR acc: 0.4311 | best Score: 0.3400 | best Score epoch:  6 
epoch 12, iter 1601: loss: 0.0089 | load time: 0.0022 | back time: 0.3890 | lr: 0.00009613 | best AP50 acc: 0.4741 | best AP70 acc: 0.3509 | best mAP acc: 0.3400 | best mAR acc: 0.4311 | best Score: 0.3400 | best Score epoch:  6 
epoch 12, iter 1801: loss: 0.0093 | load time: 0.0022 | back time: 0.4269 | lr: 0.00009608 | best AP50 acc: 0.4741 | best AP70 acc: 0.3509 | best mAP acc: 0.3400 | best mAR acc: 0.4311 | best Score: 0.3400 | best Score epoch:  6 
epoch 12, iter 2001: loss: 0.0093 | load time: 0.0019 | back time: 0.3732 | lr: 0.00009603 | best AP50 acc: 0.4741 | best AP70 acc: 0.3509 | best mAP acc: 0.3400 | best mAR acc: 0.4311 | best Score: 0.3400 | best Score epoch:  6 
epoch 12, iter 2201: loss: 0.0097 | load time: 0.0022 | back time: 0.3820 | lr: 0.00009598 | best AP50 acc: 0.4741 | best AP70 acc: 0.3509 | best mAP acc: 0.3400 | best mAR acc: 0.4311 | best Score: 0.3400 | best Score epoch:  6 
epoch 12, iter 2401: loss: 0.0101 | load time: 0.0021 | back time: 0.3769 | lr: 0.00009593 | best AP50 acc: 0.4741 | best AP70 acc: 0.3509 | best mAP acc: 0.3400 | best mAR acc: 0.4311 | best Score: 0.3400 | best Score epoch:  6 
epoch 12, iter 2601: loss: 0.0108 | load time: 0.0020 | back time: 0.3734 | lr: 0.00009588 | best AP50 acc: 0.4741 | best AP70 acc: 0.3509 | best mAP acc: 0.3400 | best mAR acc: 0.4311 | best Score: 0.3400 | best Score epoch:  6 
epoch 12, iter 2801: loss: 0.0114 | load time: 0.0022 | back time: 0.3844 | lr: 0.00009583 | best AP50 acc: 0.4741 | best AP70 acc: 0.3509 | best mAP acc: 0.3400 | best mAR acc: 0.4311 | best Score: 0.3400 | best Score epoch:  6 
epoch 12, iter 3001: loss: 0.0092 | load time: 0.0019 | back time: 0.3875 | lr: 0.00009577 | best AP50 acc: 0.4741 | best AP70 acc: 0.3509 | best mAP acc: 0.3400 | best mAR acc: 0.4311 | best Score: 0.3400 | best Score epoch:  6 
epoch 12, iter 3201: loss: 0.0132 | load time: 0.0021 | back time: 0.3830 | lr: 0.00009572 | best AP50 acc: 0.4741 | best AP70 acc: 0.3509 | best mAP acc: 0.3400 | best mAR acc: 0.4311 | best Score: 0.3400 | best Score epoch:  6 
epoch 12, iter 3401: loss: 0.0089 | load time: 0.0022 | back time: 0.3766 | lr: 0.00009567 | best AP50 acc: 0.4741 | best AP70 acc: 0.3509 | best mAP acc: 0.3400 | best mAR acc: 0.4311 | best Score: 0.3400 | best Score epoch:  6 
epoch 12, iter 3601: loss: 0.0097 | load time: 0.0022 | back time: 0.4150 | lr: 0.00009561 | best AP50 acc: 0.4741 | best AP70 acc: 0.3509 | best mAP acc: 0.3400 | best mAR acc: 0.4311 | best Score: 0.3400 | best Score epoch:  6 
epoch 12, iter 3801: loss: 0.0084 | load time: 0.0020 | back time: 0.3692 | lr: 0.00009556 | best AP50 acc: 0.4741 | best AP70 acc: 0.3509 | best mAP acc: 0.3400 | best mAR acc: 0.4311 | best Score: 0.3400 | best Score epoch:  6 
epoch 12, iter 4001: loss: 0.0131 | load time: 0.0019 | back time: 0.3756 | lr: 0.00009551 | best AP50 acc: 0.4741 | best AP70 acc: 0.3509 | best mAP acc: 0.3400 | best mAR acc: 0.4311 | best Score: 0.3400 | best Score epoch:  6 
epoch 12, iter 4201: loss: 0.0091 | load time: 0.0020 | back time: 0.3943 | lr: 0.00009545 | best AP50 acc: 0.4741 | best AP70 acc: 0.3509 | best mAP acc: 0.3400 | best mAR acc: 0.4311 | best Score: 0.3400 | best Score epoch:  6 
epoch 12, iter 4401: loss: 0.0088 | load time: 0.0023 | back time: 0.3912 | lr: 0.00009540 | best AP50 acc: 0.4741 | best AP70 acc: 0.3509 | best mAP acc: 0.3400 | best mAR acc: 0.4311 | best Score: 0.3400 | best Score epoch:  6 
epoch 12, iter 4601: loss: 0.0126 | load time: 0.0019 | back time: 0.3852 | lr: 0.00009534 | best AP50 acc: 0.4741 | best AP70 acc: 0.3509 | best mAP acc: 0.3400 | best mAR acc: 0.4311 | best Score: 0.3400 | best Score epoch:  6 
UAV_SEQS_2 | mAP50:90: 1.5319 | AP50: 3.6063 | AP70: 1.2792 
UAV_SEQS_37 | mAP50:90: 75.0036 | AP50: 91.9465 | AP70: 80.1001 
UAV_SEQS_45 | mAP50:90: 64.2290 | AP50: 91.9897 | AP70: 72.0812 
UAV_SEQS_47 | mAP50:90: 77.7839 | AP50: 95.6588 | AP70: 82.8023 
UAV_SEQS_55 | mAP50:90: 8.2429 | AP50: 20.9231 | AP70: 6.2401 
UAV_SEQS_59 | mAP50:90: 34.7038 | AP50: 74.4603 | AP70: 27.1466 
UAV_SEQS_6 | mAP50:90: 11.7842 | AP50: 19.8425 | AP70: 11.7133 
UAV_SEQS_63 | mAP50:90: 16.5944 | AP50: 43.5377 | AP70: 9.9514 
UAV_SEQS_65 | mAP50:90: 73.3139 | AP50: 92.4915 | AP70: 81.1422 
UAV_SEQS_7 | mAP50:90: 1.0548 | AP50: 7.5771 | AP70: 0.0374 
UAV_SEQS_71 | mAP50:90: 8.9851 | AP50: 27.7990 | AP70: 5.5096 
UAV_SEQS_73 | mAP50:90: 29.7180 | AP50: 52.6733 | AP70: 30.2538 
UAV_SEQS_74 | mAP50:90: 83.1930 | AP50: 93.4491 | AP70: 91.9694 
UAV_SEQS_77 | mAP50:90: 0.6915 | AP50: 1.4301 | AP70: 0.2200 
UAV_SEQS_8 | mAP50:90: 3.8750 | AP50: 6.1444 | AP70: 3.7429 
Overall            | mAP50:95: 29.6983 | AP50: 46.7198 | AP70: 30.3005 
epoch 13, iter    1: loss: 0.0112 | load time: 0.0020 | back time: 0.1018 | lr: 0.00009529 | best AP50 acc: 0.4741 | best AP70 acc: 0.3509 | best mAP acc: 0.3400 | best mAR acc: 0.4311 | best Score: 0.3400 | best Score epoch:  6 
epoch 13, iter  201: loss: 0.0091 | load time: 0.0024 | back time: 0.3831 | lr: 0.00009523 | best AP50 acc: 0.4741 | best AP70 acc: 0.3509 | best mAP acc: 0.3400 | best mAR acc: 0.4311 | best Score: 0.3400 | best Score epoch:  6 
epoch 13, iter  401: loss: 0.0094 | load time: 0.0018 | back time: 0.3934 | lr: 0.00009518 | best AP50 acc: 0.4741 | best AP70 acc: 0.3509 | best mAP acc: 0.3400 | best mAR acc: 0.4311 | best Score: 0.3400 | best Score epoch:  6 
epoch 13, iter  601: loss: 0.0084 | load time: 0.0022 | back time: 0.3875 | lr: 0.00009512 | best AP50 acc: 0.4741 | best AP70 acc: 0.3509 | best mAP acc: 0.3400 | best mAR acc: 0.4311 | best Score: 0.3400 | best Score epoch:  6 
epoch 13, iter  801: loss: 0.0100 | load time: 0.0022 | back time: 0.3869 | lr: 0.00009507 | best AP50 acc: 0.4741 | best AP70 acc: 0.3509 | best mAP acc: 0.3400 | best mAR acc: 0.4311 | best Score: 0.3400 | best Score epoch:  6 
epoch 13, iter 1001: loss: 0.0085 | load time: 0.0022 | back time: 0.3782 | lr: 0.00009501 | best AP50 acc: 0.4741 | best AP70 acc: 0.3509 | best mAP acc: 0.3400 | best mAR acc: 0.4311 | best Score: 0.3400 | best Score epoch:  6 
epoch 13, iter 1201: loss: 0.0103 | load time: 0.0018 | back time: 0.3847 | lr: 0.00009495 | best AP50 acc: 0.4741 | best AP70 acc: 0.3509 | best mAP acc: 0.3400 | best mAR acc: 0.4311 | best Score: 0.3400 | best Score epoch:  6 
epoch 13, iter 1401: loss: 0.0091 | load time: 0.0020 | back time: 0.3896 | lr: 0.00009489 | best AP50 acc: 0.4741 | best AP70 acc: 0.3509 | best mAP acc: 0.3400 | best mAR acc: 0.4311 | best Score: 0.3400 | best Score epoch:  6 
epoch 13, iter 1601: loss: 0.0082 | load time: 0.0022 | back time: 0.3890 | lr: 0.00009484 | best AP50 acc: 0.4741 | best AP70 acc: 0.3509 | best mAP acc: 0.3400 | best mAR acc: 0.4311 | best Score: 0.3400 | best Score epoch:  6 
epoch 13, iter 1801: loss: 0.0090 | load time: 0.0021 | back time: 0.3776 | lr: 0.00009478 | best AP50 acc: 0.4741 | best AP70 acc: 0.3509 | best mAP acc: 0.3400 | best mAR acc: 0.4311 | best Score: 0.3400 | best Score epoch:  6 
epoch 13, iter 2001: loss: 0.0081 | load time: 0.0019 | back time: 0.3733 | lr: 0.00009472 | best AP50 acc: 0.4741 | best AP70 acc: 0.3509 | best mAP acc: 0.3400 | best mAR acc: 0.4311 | best Score: 0.3400 | best Score epoch:  6 
epoch 13, iter 2201: loss: 0.0090 | load time: 0.0021 | back time: 0.3668 | lr: 0.00009466 | best AP50 acc: 0.4741 | best AP70 acc: 0.3509 | best mAP acc: 0.3400 | best mAR acc: 0.4311 | best Score: 0.3400 | best Score epoch:  6 
epoch 13, iter 2401: loss: 0.0087 | load time: 0.0018 | back time: 0.3809 | lr: 0.00009460 | best AP50 acc: 0.4741 | best AP70 acc: 0.3509 | best mAP acc: 0.3400 | best mAR acc: 0.4311 | best Score: 0.3400 | best Score epoch:  6 
epoch 13, iter 2601: loss: 0.0088 | load time: 0.0020 | back time: 0.3798 | lr: 0.00009455 | best AP50 acc: 0.4741 | best AP70 acc: 0.3509 | best mAP acc: 0.3400 | best mAR acc: 0.4311 | best Score: 0.3400 | best Score epoch:  6 
epoch 13, iter 2801: loss: 0.0096 | load time: 0.0022 | back time: 0.3774 | lr: 0.00009449 | best AP50 acc: 0.4741 | best AP70 acc: 0.3509 | best mAP acc: 0.3400 | best mAR acc: 0.4311 | best Score: 0.3400 | best Score epoch:  6 
epoch 13, iter 3001: loss: 0.0097 | load time: 0.0020 | back time: 0.3797 | lr: 0.00009443 | best AP50 acc: 0.4741 | best AP70 acc: 0.3509 | best mAP acc: 0.3400 | best mAR acc: 0.4311 | best Score: 0.3400 | best Score epoch:  6 
epoch 13, iter 3201: loss: 0.0104 | load time: 0.0019 | back time: 0.3755 | lr: 0.00009437 | best AP50 acc: 0.4741 | best AP70 acc: 0.3509 | best mAP acc: 0.3400 | best mAR acc: 0.4311 | best Score: 0.3400 | best Score epoch:  6 
epoch 13, iter 3401: loss: 0.0083 | load time: 0.0021 | back time: 0.3811 | lr: 0.00009431 | best AP50 acc: 0.4741 | best AP70 acc: 0.3509 | best mAP acc: 0.3400 | best mAR acc: 0.4311 | best Score: 0.3400 | best Score epoch:  6 
epoch 13, iter 3601: loss: 0.0107 | load time: 0.0028 | back time: 0.3858 | lr: 0.00009425 | best AP50 acc: 0.4741 | best AP70 acc: 0.3509 | best mAP acc: 0.3400 | best mAR acc: 0.4311 | best Score: 0.3400 | best Score epoch:  6 
epoch 13, iter 3801: loss: 0.0119 | load time: 0.0020 | back time: 0.3788 | lr: 0.00009419 | best AP50 acc: 0.4741 | best AP70 acc: 0.3509 | best mAP acc: 0.3400 | best mAR acc: 0.4311 | best Score: 0.3400 | best Score epoch:  6 
epoch 13, iter 4001: loss: 0.0096 | load time: 0.0021 | back time: 0.3807 | lr: 0.00009412 | best AP50 acc: 0.4741 | best AP70 acc: 0.3509 | best mAP acc: 0.3400 | best mAR acc: 0.4311 | best Score: 0.3400 | best Score epoch:  6 
epoch 13, iter 4201: loss: 0.0092 | load time: 0.0019 | back time: 0.3858 | lr: 0.00009406 | best AP50 acc: 0.4741 | best AP70 acc: 0.3509 | best mAP acc: 0.3400 | best mAR acc: 0.4311 | best Score: 0.3400 | best Score epoch:  6 
epoch 13, iter 4401: loss: 0.0084 | load time: 0.0022 | back time: 0.3817 | lr: 0.00009400 | best AP50 acc: 0.4741 | best AP70 acc: 0.3509 | best mAP acc: 0.3400 | best mAR acc: 0.4311 | best Score: 0.3400 | best Score epoch:  6 
epoch 13, iter 4601: loss: 0.0088 | load time: 0.0019 | back time: 0.3825 | lr: 0.00009394 | best AP50 acc: 0.4741 | best AP70 acc: 0.3509 | best mAP acc: 0.3400 | best mAR acc: 0.4311 | best Score: 0.3400 | best Score epoch:  6 
UAV_SEQS_2 | mAP50:90: 0.4873 | AP50: 1.4479 | AP70: 0.1980 
UAV_SEQS_37 | mAP50:90: 75.1014 | AP50: 88.9968 | AP70: 78.3538 
UAV_SEQS_45 | mAP50:90: 31.7097 | AP50: 68.4513 | AP70: 31.7416 
UAV_SEQS_47 | mAP50:90: 80.1680 | AP50: 96.6073 | AP70: 86.9729 
UAV_SEQS_55 | mAP50:90: 10.1899 | AP50: 24.2158 | AP70: 8.0008 
UAV_SEQS_59 | mAP50:90: 38.0206 | AP50: 63.3309 | AP70: 36.1502 
UAV_SEQS_6 | mAP50:90: 21.0882 | AP50: 35.2689 | AP70: 23.2277 
UAV_SEQS_63 | mAP50:90: 17.0157 | AP50: 41.8760 | AP70: 12.6991 
UAV_SEQS_65 | mAP50:90: 70.2062 | AP50: 90.2479 | AP70: 72.9651 
UAV_SEQS_7 | mAP50:90: 4.1252 | AP50: 14.6024 | AP70: 3.1582 
UAV_SEQS_71 | mAP50:90: 2.8376 | AP50: 7.9343 | AP70: 2.1296 
UAV_SEQS_73 | mAP50:90: 20.9304 | AP50: 41.6081 | AP70: 20.9428 
UAV_SEQS_74 | mAP50:90: 88.9282 | AP50: 95.6877 | AP70: 91.8207 
UAV_SEQS_77 | mAP50:90: 0.3300 | AP50: 0.9901 | AP70: 0.0000 
UAV_SEQS_8 | mAP50:90: 0.0317 | AP50: 0.0803 | AP70: 0.0268 
Overall            | mAP50:95: 28.1360 | AP50: 41.3935 | AP70: 28.9394 
epoch 14, iter    1: loss: 0.0093 | load time: 0.0023 | back time: 0.1241 | lr: 0.00009388 | best AP50 acc: 0.4741 | best AP70 acc: 0.3509 | best mAP acc: 0.3400 | best mAR acc: 0.4311 | best Score: 0.3400 | best Score epoch:  6 
epoch 14, iter  201: loss: 0.0084 | load time: 0.0026 | back time: 0.3800 | lr: 0.00009381 | best AP50 acc: 0.4741 | best AP70 acc: 0.3509 | best mAP acc: 0.3400 | best mAR acc: 0.4311 | best Score: 0.3400 | best Score epoch:  6 
epoch 14, iter  401: loss: 0.0090 | load time: 0.0018 | back time: 0.3818 | lr: 0.00009375 | best AP50 acc: 0.4741 | best AP70 acc: 0.3509 | best mAP acc: 0.3400 | best mAR acc: 0.4311 | best Score: 0.3400 | best Score epoch:  6 
epoch 14, iter  601: loss: 0.0099 | load time: 0.0018 | back time: 0.3824 | lr: 0.00009369 | best AP50 acc: 0.4741 | best AP70 acc: 0.3509 | best mAP acc: 0.3400 | best mAR acc: 0.4311 | best Score: 0.3400 | best Score epoch:  6 
epoch 14, iter  801: loss: 0.0106 | load time: 0.0022 | back time: 0.3899 | lr: 0.00009362 | best AP50 acc: 0.4741 | best AP70 acc: 0.3509 | best mAP acc: 0.3400 | best mAR acc: 0.4311 | best Score: 0.3400 | best Score epoch:  6 
epoch 14, iter 1001: loss: 0.0100 | load time: 0.0019 | back time: 0.3794 | lr: 0.00009356 | best AP50 acc: 0.4741 | best AP70 acc: 0.3509 | best mAP acc: 0.3400 | best mAR acc: 0.4311 | best Score: 0.3400 | best Score epoch:  6 
epoch 14, iter 1201: loss: 0.0083 | load time: 0.0022 | back time: 0.3796 | lr: 0.00009350 | best AP50 acc: 0.4741 | best AP70 acc: 0.3509 | best mAP acc: 0.3400 | best mAR acc: 0.4311 | best Score: 0.3400 | best Score epoch:  6 
epoch 14, iter 1401: loss: 0.0090 | load time: 0.0021 | back time: 0.4119 | lr: 0.00009343 | best AP50 acc: 0.4741 | best AP70 acc: 0.3509 | best mAP acc: 0.3400 | best mAR acc: 0.4311 | best Score: 0.3400 | best Score epoch:  6 
epoch 14, iter 1601: loss: 0.0093 | load time: 0.0021 | back time: 0.3851 | lr: 0.00009337 | best AP50 acc: 0.4741 | best AP70 acc: 0.3509 | best mAP acc: 0.3400 | best mAR acc: 0.4311 | best Score: 0.3400 | best Score epoch:  6 
epoch 14, iter 1801: loss: 0.0086 | load time: 0.0022 | back time: 0.3750 | lr: 0.00009330 | best AP50 acc: 0.4741 | best AP70 acc: 0.3509 | best mAP acc: 0.3400 | best mAR acc: 0.4311 | best Score: 0.3400 | best Score epoch:  6 
epoch 14, iter 2001: loss: 0.0081 | load time: 0.0022 | back time: 0.3974 | lr: 0.00009324 | best AP50 acc: 0.4741 | best AP70 acc: 0.3509 | best mAP acc: 0.3400 | best mAR acc: 0.4311 | best Score: 0.3400 | best Score epoch:  6 
epoch 14, iter 2201: loss: 0.0099 | load time: 0.0021 | back time: 0.3836 | lr: 0.00009317 | best AP50 acc: 0.4741 | best AP70 acc: 0.3509 | best mAP acc: 0.3400 | best mAR acc: 0.4311 | best Score: 0.3400 | best Score epoch:  6 
epoch 14, iter 2401: loss: 0.0096 | load time: 0.0022 | back time: 0.3829 | lr: 0.00009311 | best AP50 acc: 0.4741 | best AP70 acc: 0.3509 | best mAP acc: 0.3400 | best mAR acc: 0.4311 | best Score: 0.3400 | best Score epoch:  6 
epoch 14, iter 2601: loss: 0.0091 | load time: 0.0021 | back time: 0.3826 | lr: 0.00009304 | best AP50 acc: 0.4741 | best AP70 acc: 0.3509 | best mAP acc: 0.3400 | best mAR acc: 0.4311 | best Score: 0.3400 | best Score epoch:  6 
epoch 14, iter 2801: loss: 0.0097 | load time: 0.0026 | back time: 0.3806 | lr: 0.00009297 | best AP50 acc: 0.4741 | best AP70 acc: 0.3509 | best mAP acc: 0.3400 | best mAR acc: 0.4311 | best Score: 0.3400 | best Score epoch:  6 
epoch 14, iter 3001: loss: 0.0100 | load time: 0.0018 | back time: 0.3740 | lr: 0.00009291 | best AP50 acc: 0.4741 | best AP70 acc: 0.3509 | best mAP acc: 0.3400 | best mAR acc: 0.4311 | best Score: 0.3400 | best Score epoch:  6 
epoch 14, iter 3201: loss: 0.0113 | load time: 0.0021 | back time: 0.3859 | lr: 0.00009284 | best AP50 acc: 0.4741 | best AP70 acc: 0.3509 | best mAP acc: 0.3400 | best mAR acc: 0.4311 | best Score: 0.3400 | best Score epoch:  6 
epoch 14, iter 3401: loss: 0.0095 | load time: 0.0018 | back time: 0.3822 | lr: 0.00009277 | best AP50 acc: 0.4741 | best AP70 acc: 0.3509 | best mAP acc: 0.3400 | best mAR acc: 0.4311 | best Score: 0.3400 | best Score epoch:  6 
epoch 14, iter 3601: loss: 0.0105 | load time: 0.0021 | back time: 0.3769 | lr: 0.00009271 | best AP50 acc: 0.4741 | best AP70 acc: 0.3509 | best mAP acc: 0.3400 | best mAR acc: 0.4311 | best Score: 0.3400 | best Score epoch:  6 
epoch 14, iter 3801: loss: 0.0095 | load time: 0.0030 | back time: 0.3829 | lr: 0.00009264 | best AP50 acc: 0.4741 | best AP70 acc: 0.3509 | best mAP acc: 0.3400 | best mAR acc: 0.4311 | best Score: 0.3400 | best Score epoch:  6 
epoch 14, iter 4001: loss: 0.0089 | load time: 0.0019 | back time: 0.3909 | lr: 0.00009257 | best AP50 acc: 0.4741 | best AP70 acc: 0.3509 | best mAP acc: 0.3400 | best mAR acc: 0.4311 | best Score: 0.3400 | best Score epoch:  6 
epoch 14, iter 4201: loss: 0.0096 | load time: 0.0022 | back time: 0.4006 | lr: 0.00009250 | best AP50 acc: 0.4741 | best AP70 acc: 0.3509 | best mAP acc: 0.3400 | best mAR acc: 0.4311 | best Score: 0.3400 | best Score epoch:  6 
epoch 14, iter 4401: loss: 0.0086 | load time: 0.0022 | back time: 0.3824 | lr: 0.00009243 | best AP50 acc: 0.4741 | best AP70 acc: 0.3509 | best mAP acc: 0.3400 | best mAR acc: 0.4311 | best Score: 0.3400 | best Score epoch:  6 
epoch 14, iter 4601: loss: 0.0091 | load time: 0.0016 | back time: 0.3821 | lr: 0.00009236 | best AP50 acc: 0.4741 | best AP70 acc: 0.3509 | best mAP acc: 0.3400 | best mAR acc: 0.4311 | best Score: 0.3400 | best Score epoch:  6 
UAV_SEQS_2 | mAP50:90: 0.8328 | AP50: 2.2091 | AP70: 0.5526 
UAV_SEQS_37 | mAP50:90: 78.4203 | AP50: 92.0930 | AP70: 84.3307 
UAV_SEQS_45 | mAP50:90: 76.0593 | AP50: 97.9658 | AP70: 85.9754 
UAV_SEQS_47 | mAP50:90: 86.5472 | AP50: 93.9792 | AP70: 90.4440 
UAV_SEQS_55 | mAP50:90: 15.6713 | AP50: 29.9701 | AP70: 15.2156 
UAV_SEQS_59 | mAP50:90: 46.5333 | AP50: 75.5091 | AP70: 50.9637 
UAV_SEQS_6 | mAP50:90: 13.4953 | AP50: 23.4851 | AP70: 12.8310 
UAV_SEQS_63 | mAP50:90: 37.1576 | AP50: 56.1682 | AP70: 38.8169 
UAV_SEQS_65 | mAP50:90: 69.7953 | AP50: 85.3201 | AP70: 77.8463 
UAV_SEQS_7 | mAP50:90: 3.7742 | AP50: 14.9483 | AP70: 1.2090 
UAV_SEQS_71 | mAP50:90: 6.4807 | AP50: 19.9171 | AP70: 4.4953 
UAV_SEQS_73 | mAP50:90: 30.7164 | AP50: 59.2879 | AP70: 31.6086 
UAV_SEQS_74 | mAP50:90: 82.6377 | AP50: 89.2295 | AP70: 85.8311 
UAV_SEQS_77 | mAP50:90: 43.4896 | AP50: 55.0495 | AP70: 50.4922 
UAV_SEQS_8 | mAP50:90: 0.8891 | AP50: 1.5166 | AP70: 0.9871 
Overall            | mAP50:95: 35.9676 | AP50: 50.2627 | AP70: 38.2675 
epoch 15, iter    1: loss: 0.0091 | load time: 0.0026 | back time: 0.1268 | lr: 0.00009229 | best AP50 acc: 0.5026 | best AP70 acc: 0.3827 | best mAP acc: 0.3597 | best mAR acc: 0.4978 | best Score: 0.3597 | best Score epoch: 14 
epoch 15, iter  201: loss: 0.0077 | load time: 0.0028 | back time: 0.3811 | lr: 0.00009222 | best AP50 acc: 0.5026 | best AP70 acc: 0.3827 | best mAP acc: 0.3597 | best mAR acc: 0.4978 | best Score: 0.3597 | best Score epoch: 14 
epoch 15, iter  401: loss: 0.0088 | load time: 0.0021 | back time: 0.3962 | lr: 0.00009215 | best AP50 acc: 0.5026 | best AP70 acc: 0.3827 | best mAP acc: 0.3597 | best mAR acc: 0.4978 | best Score: 0.3597 | best Score epoch: 14 
epoch 15, iter  601: loss: 0.0095 | load time: 0.0021 | back time: 0.3975 | lr: 0.00009208 | best AP50 acc: 0.5026 | best AP70 acc: 0.3827 | best mAP acc: 0.3597 | best mAR acc: 0.4978 | best Score: 0.3597 | best Score epoch: 14 
epoch 15, iter  801: loss: 0.0085 | load time: 0.0022 | back time: 0.3899 | lr: 0.00009201 | best AP50 acc: 0.5026 | best AP70 acc: 0.3827 | best mAP acc: 0.3597 | best mAR acc: 0.4978 | best Score: 0.3597 | best Score epoch: 14 
epoch 15, iter 1001: loss: 0.0082 | load time: 0.0022 | back time: 0.3903 | lr: 0.00009194 | best AP50 acc: 0.5026 | best AP70 acc: 0.3827 | best mAP acc: 0.3597 | best mAR acc: 0.4978 | best Score: 0.3597 | best Score epoch: 14 
epoch 15, iter 1201: loss: 0.0104 | load time: 0.0021 | back time: 0.3908 | lr: 0.00009187 | best AP50 acc: 0.5026 | best AP70 acc: 0.3827 | best mAP acc: 0.3597 | best mAR acc: 0.4978 | best Score: 0.3597 | best Score epoch: 14 
epoch 15, iter 1401: loss: 0.0092 | load time: 0.0022 | back time: 0.3909 | lr: 0.00009180 | best AP50 acc: 0.5026 | best AP70 acc: 0.3827 | best mAP acc: 0.3597 | best mAR acc: 0.4978 | best Score: 0.3597 | best Score epoch: 14 
epoch 15, iter 1601: loss: 0.0084 | load time: 0.0020 | back time: 0.3856 | lr: 0.00009173 | best AP50 acc: 0.5026 | best AP70 acc: 0.3827 | best mAP acc: 0.3597 | best mAR acc: 0.4978 | best Score: 0.3597 | best Score epoch: 14 
epoch 15, iter 1801: loss: 0.0128 | load time: 0.0023 | back time: 0.3881 | lr: 0.00009166 | best AP50 acc: 0.5026 | best AP70 acc: 0.3827 | best mAP acc: 0.3597 | best mAR acc: 0.4978 | best Score: 0.3597 | best Score epoch: 14 
epoch 15, iter 2001: loss: 0.0101 | load time: 0.0019 | back time: 0.3905 | lr: 0.00009159 | best AP50 acc: 0.5026 | best AP70 acc: 0.3827 | best mAP acc: 0.3597 | best mAR acc: 0.4978 | best Score: 0.3597 | best Score epoch: 14 
epoch 15, iter 2201: loss: 0.0102 | load time: 0.0024 | back time: 0.3980 | lr: 0.00009151 | best AP50 acc: 0.5026 | best AP70 acc: 0.3827 | best mAP acc: 0.3597 | best mAR acc: 0.4978 | best Score: 0.3597 | best Score epoch: 14 
epoch 15, iter 2401: loss: 0.0088 | load time: 0.0023 | back time: 0.3837 | lr: 0.00009144 | best AP50 acc: 0.5026 | best AP70 acc: 0.3827 | best mAP acc: 0.3597 | best mAR acc: 0.4978 | best Score: 0.3597 | best Score epoch: 14 
epoch 15, iter 2601: loss: 0.0087 | load time: 0.0019 | back time: 0.3845 | lr: 0.00009137 | best AP50 acc: 0.5026 | best AP70 acc: 0.3827 | best mAP acc: 0.3597 | best mAR acc: 0.4978 | best Score: 0.3597 | best Score epoch: 14 
epoch 15, iter 2801: loss: 0.0090 | load time: 0.0021 | back time: 0.3968 | lr: 0.00009129 | best AP50 acc: 0.5026 | best AP70 acc: 0.3827 | best mAP acc: 0.3597 | best mAR acc: 0.4978 | best Score: 0.3597 | best Score epoch: 14 
epoch 15, iter 3001: loss: 0.0084 | load time: 0.0019 | back time: 0.3821 | lr: 0.00009122 | best AP50 acc: 0.5026 | best AP70 acc: 0.3827 | best mAP acc: 0.3597 | best mAR acc: 0.4978 | best Score: 0.3597 | best Score epoch: 14 
epoch 15, iter 3201: loss: 0.0095 | load time: 0.0022 | back time: 0.3852 | lr: 0.00009115 | best AP50 acc: 0.5026 | best AP70 acc: 0.3827 | best mAP acc: 0.3597 | best mAR acc: 0.4978 | best Score: 0.3597 | best Score epoch: 14 
epoch 15, iter 3401: loss: 0.0078 | load time: 0.0022 | back time: 0.3820 | lr: 0.00009107 | best AP50 acc: 0.5026 | best AP70 acc: 0.3827 | best mAP acc: 0.3597 | best mAR acc: 0.4978 | best Score: 0.3597 | best Score epoch: 14 
epoch 15, iter 3601: loss: 0.0095 | load time: 0.0019 | back time: 0.3856 | lr: 0.00009100 | best AP50 acc: 0.5026 | best AP70 acc: 0.3827 | best mAP acc: 0.3597 | best mAR acc: 0.4978 | best Score: 0.3597 | best Score epoch: 14 
epoch 15, iter 3801: loss: 0.0092 | load time: 0.0023 | back time: 0.3776 | lr: 0.00009092 | best AP50 acc: 0.5026 | best AP70 acc: 0.3827 | best mAP acc: 0.3597 | best mAR acc: 0.4978 | best Score: 0.3597 | best Score epoch: 14 
epoch 15, iter 4001: loss: 0.0083 | load time: 0.0018 | back time: 0.3957 | lr: 0.00009085 | best AP50 acc: 0.5026 | best AP70 acc: 0.3827 | best mAP acc: 0.3597 | best mAR acc: 0.4978 | best Score: 0.3597 | best Score epoch: 14 
epoch 15, iter 4201: loss: 0.0085 | load time: 0.0018 | back time: 0.4030 | lr: 0.00009077 | best AP50 acc: 0.5026 | best AP70 acc: 0.3827 | best mAP acc: 0.3597 | best mAR acc: 0.4978 | best Score: 0.3597 | best Score epoch: 14 
epoch 15, iter 4401: loss: 0.0097 | load time: 0.0018 | back time: 0.3795 | lr: 0.00009070 | best AP50 acc: 0.5026 | best AP70 acc: 0.3827 | best mAP acc: 0.3597 | best mAR acc: 0.4978 | best Score: 0.3597 | best Score epoch: 14 
epoch 15, iter 4601: loss: 0.0082 | load time: 0.0023 | back time: 0.4003 | lr: 0.00009062 | best AP50 acc: 0.5026 | best AP70 acc: 0.3827 | best mAP acc: 0.3597 | best mAR acc: 0.4978 | best Score: 0.3597 | best Score epoch: 14 
UAV_SEQS_2 | mAP50:90: 0.4300 | AP50: 1.1573 | AP70: 0.4125 
UAV_SEQS_37 | mAP50:90: 69.6738 | AP50: 92.3053 | AP70: 76.0581 
UAV_SEQS_45 | mAP50:90: 79.7069 | AP50: 95.7832 | AP70: 88.2274 
UAV_SEQS_47 | mAP50:90: 86.0838 | AP50: 98.9900 | AP70: 91.2374 
UAV_SEQS_55 | mAP50:90: 14.8122 | AP50: 27.3530 | AP70: 15.4240 
UAV_SEQS_59 | mAP50:90: 49.4632 | AP50: 83.7972 | AP70: 48.4048 
UAV_SEQS_6 | mAP50:90: 15.4199 | AP50: 25.0773 | AP70: 17.8357 
UAV_SEQS_63 | mAP50:90: 65.8140 | AP50: 87.3866 | AP70: 70.6453 
UAV_SEQS_65 | mAP50:90: 77.6706 | AP50: 88.9080 | AP70: 84.5027 
UAV_SEQS_7 | mAP50:90: 2.6306 | AP50: 8.1122 | AP70: 1.7237 
UAV_SEQS_71 | mAP50:90: 3.8419 | AP50: 11.5338 | AP70: 2.5230 
UAV_SEQS_73 | mAP50:90: 25.0874 | AP50: 52.5395 | AP70: 24.7825 
UAV_SEQS_74 | mAP50:90: 90.7229 | AP50: 94.6456 | AP70: 93.6434 
UAV_SEQS_77 | mAP50:90: 4.3663 | AP50: 7.0934 | AP70: 6.2204 
UAV_SEQS_8 | mAP50:90: 0.7481 | AP50: 1.4044 | AP70: 1.0082 
Overall            | mAP50:95: 35.5760 | AP50: 49.8737 | AP70: 38.0425 
epoch 16, iter    1: loss: 0.0093 | load time: 0.0019 | back time: 0.1222 | lr: 0.00009055 | best AP50 acc: 0.5026 | best AP70 acc: 0.3827 | best mAP acc: 0.3597 | best mAR acc: 0.4978 | best Score: 0.3597 | best Score epoch: 14 
epoch 16, iter  201: loss: 0.0104 | load time: 0.0022 | back time: 0.3856 | lr: 0.00009047 | best AP50 acc: 0.5026 | best AP70 acc: 0.3827 | best mAP acc: 0.3597 | best mAR acc: 0.4978 | best Score: 0.3597 | best Score epoch: 14 
epoch 16, iter  401: loss: 0.0086 | load time: 0.0018 | back time: 0.3712 | lr: 0.00009039 | best AP50 acc: 0.5026 | best AP70 acc: 0.3827 | best mAP acc: 0.3597 | best mAR acc: 0.4978 | best Score: 0.3597 | best Score epoch: 14 
epoch 16, iter  601: loss: 0.0088 | load time: 0.0022 | back time: 0.3918 | lr: 0.00009032 | best AP50 acc: 0.5026 | best AP70 acc: 0.3827 | best mAP acc: 0.3597 | best mAR acc: 0.4978 | best Score: 0.3597 | best Score epoch: 14 
epoch 16, iter  801: loss: 0.0091 | load time: 0.0019 | back time: 0.3813 | lr: 0.00009024 | best AP50 acc: 0.5026 | best AP70 acc: 0.3827 | best mAP acc: 0.3597 | best mAR acc: 0.4978 | best Score: 0.3597 | best Score epoch: 14 
epoch 16, iter 1001: loss: 0.0086 | load time: 0.0022 | back time: 0.3853 | lr: 0.00009016 | best AP50 acc: 0.5026 | best AP70 acc: 0.3827 | best mAP acc: 0.3597 | best mAR acc: 0.4978 | best Score: 0.3597 | best Score epoch: 14 
epoch 16, iter 1201: loss: 0.0086 | load time: 0.0025 | back time: 0.3842 | lr: 0.00009008 | best AP50 acc: 0.5026 | best AP70 acc: 0.3827 | best mAP acc: 0.3597 | best mAR acc: 0.4978 | best Score: 0.3597 | best Score epoch: 14 
epoch 16, iter 1401: loss: 0.0085 | load time: 0.0021 | back time: 0.3818 | lr: 0.00009001 | best AP50 acc: 0.5026 | best AP70 acc: 0.3827 | best mAP acc: 0.3597 | best mAR acc: 0.4978 | best Score: 0.3597 | best Score epoch: 14 
epoch 16, iter 1601: loss: 0.0094 | load time: 0.0022 | back time: 0.3866 | lr: 0.00008993 | best AP50 acc: 0.5026 | best AP70 acc: 0.3827 | best mAP acc: 0.3597 | best mAR acc: 0.4978 | best Score: 0.3597 | best Score epoch: 14 
epoch 16, iter 1801: loss: 0.0089 | load time: 0.0019 | back time: 0.3769 | lr: 0.00008985 | best AP50 acc: 0.5026 | best AP70 acc: 0.3827 | best mAP acc: 0.3597 | best mAR acc: 0.4978 | best Score: 0.3597 | best Score epoch: 14 
epoch 16, iter 2001: loss: 0.0088 | load time: 0.0025 | back time: 0.3962 | lr: 0.00008977 | best AP50 acc: 0.5026 | best AP70 acc: 0.3827 | best mAP acc: 0.3597 | best mAR acc: 0.4978 | best Score: 0.3597 | best Score epoch: 14 
epoch 16, iter 2201: loss: 0.0114 | load time: 0.0020 | back time: 0.3887 | lr: 0.00008969 | best AP50 acc: 0.5026 | best AP70 acc: 0.3827 | best mAP acc: 0.3597 | best mAR acc: 0.4978 | best Score: 0.3597 | best Score epoch: 14 
epoch 16, iter 2401: loss: 0.0110 | load time: 0.0021 | back time: 0.3922 | lr: 0.00008961 | best AP50 acc: 0.5026 | best AP70 acc: 0.3827 | best mAP acc: 0.3597 | best mAR acc: 0.4978 | best Score: 0.3597 | best Score epoch: 14 
epoch 16, iter 2601: loss: 0.0095 | load time: 0.0022 | back time: 0.4117 | lr: 0.00008953 | best AP50 acc: 0.5026 | best AP70 acc: 0.3827 | best mAP acc: 0.3597 | best mAR acc: 0.4978 | best Score: 0.3597 | best Score epoch: 14 
epoch 16, iter 2801: loss: 0.0086 | load time: 0.0018 | back time: 0.3871 | lr: 0.00008945 | best AP50 acc: 0.5026 | best AP70 acc: 0.3827 | best mAP acc: 0.3597 | best mAR acc: 0.4978 | best Score: 0.3597 | best Score epoch: 14 
epoch 16, iter 3001: loss: 0.0086 | load time: 0.0020 | back time: 0.3843 | lr: 0.00008937 | best AP50 acc: 0.5026 | best AP70 acc: 0.3827 | best mAP acc: 0.3597 | best mAR acc: 0.4978 | best Score: 0.3597 | best Score epoch: 14 
epoch 16, iter 3201: loss: 0.0121 | load time: 0.0022 | back time: 0.3919 | lr: 0.00008929 | best AP50 acc: 0.5026 | best AP70 acc: 0.3827 | best mAP acc: 0.3597 | best mAR acc: 0.4978 | best Score: 0.3597 | best Score epoch: 14 
epoch 16, iter 3401: loss: 0.0096 | load time: 0.0022 | back time: 0.3935 | lr: 0.00008921 | best AP50 acc: 0.5026 | best AP70 acc: 0.3827 | best mAP acc: 0.3597 | best mAR acc: 0.4978 | best Score: 0.3597 | best Score epoch: 14 
epoch 16, iter 3601: loss: 0.0083 | load time: 0.0019 | back time: 0.3966 | lr: 0.00008913 | best AP50 acc: 0.5026 | best AP70 acc: 0.3827 | best mAP acc: 0.3597 | best mAR acc: 0.4978 | best Score: 0.3597 | best Score epoch: 14 
epoch 16, iter 3801: loss: 0.0088 | load time: 0.0025 | back time: 0.3770 | lr: 0.00008905 | best AP50 acc: 0.5026 | best AP70 acc: 0.3827 | best mAP acc: 0.3597 | best mAR acc: 0.4978 | best Score: 0.3597 | best Score epoch: 14 
epoch 16, iter 4001: loss: 0.0083 | load time: 0.0018 | back time: 0.3759 | lr: 0.00008897 | best AP50 acc: 0.5026 | best AP70 acc: 0.3827 | best mAP acc: 0.3597 | best mAR acc: 0.4978 | best Score: 0.3597 | best Score epoch: 14 
epoch 16, iter 4201: loss: 0.0096 | load time: 0.0022 | back time: 0.3855 | lr: 0.00008889 | best AP50 acc: 0.5026 | best AP70 acc: 0.3827 | best mAP acc: 0.3597 | best mAR acc: 0.4978 | best Score: 0.3597 | best Score epoch: 14 
epoch 16, iter 4401: loss: 0.0094 | load time: 0.0022 | back time: 0.3757 | lr: 0.00008880 | best AP50 acc: 0.5026 | best AP70 acc: 0.3827 | best mAP acc: 0.3597 | best mAR acc: 0.4978 | best Score: 0.3597 | best Score epoch: 14 
epoch 16, iter 4601: loss: 0.0085 | load time: 0.0022 | back time: 0.3827 | lr: 0.00008872 | best AP50 acc: 0.5026 | best AP70 acc: 0.3827 | best mAP acc: 0.3597 | best mAR acc: 0.4978 | best Score: 0.3597 | best Score epoch: 14 
UAV_SEQS_2 | mAP50:90: 0.6947 | AP50: 2.1757 | AP70: 0.3909 
UAV_SEQS_37 | mAP50:90: 69.3630 | AP50: 88.8111 | AP70: 73.7018 
UAV_SEQS_45 | mAP50:90: 78.7735 | AP50: 99.0099 | AP70: 85.9717 
UAV_SEQS_47 | mAP50:90: 76.8737 | AP50: 95.9364 | AP70: 79.2431 
UAV_SEQS_55 | mAP50:90: 9.0916 | AP50: 18.6637 | AP70: 7.3930 
UAV_SEQS_59 | mAP50:90: 27.5789 | AP50: 64.8285 | AP70: 21.1125 
UAV_SEQS_6 | mAP50:90: 16.7764 | AP50: 28.4319 | AP70: 15.6015 
UAV_SEQS_63 | mAP50:90: 35.2778 | AP50: 68.1523 | AP70: 31.1266 
UAV_SEQS_65 | mAP50:90: 68.6337 | AP50: 87.0734 | AP70: 74.7482 
UAV_SEQS_7 | mAP50:90: 1.9770 | AP50: 6.7155 | AP70: 0.9295 
UAV_SEQS_71 | mAP50:90: 4.1815 | AP50: 12.8768 | AP70: 2.6263 
UAV_SEQS_73 | mAP50:90: 30.2079 | AP50: 58.8090 | AP70: 27.9096 
UAV_SEQS_74 | mAP50:90: 75.6955 | AP50: 85.7735 | AP70: 79.2693 
UAV_SEQS_77 | mAP50:90: 2.1304 | AP50: 3.6219 | AP70: 2.3597 
UAV_SEQS_8 | mAP50:90: 1.5678 | AP50: 4.1688 | AP70: 1.1389 
Overall            | mAP50:95: 29.3814 | AP50: 46.1248 | AP70: 28.9632 
epoch 17, iter    1: loss: 0.0085 | load time: 0.0024 | back time: 0.1072 | lr: 0.00008864 | best AP50 acc: 0.5026 | best AP70 acc: 0.3827 | best mAP acc: 0.3597 | best mAR acc: 0.4978 | best Score: 0.3597 | best Score epoch: 14 
epoch 17, iter  201: loss: 0.0080 | load time: 0.0018 | back time: 0.3828 | lr: 0.00008856 | best AP50 acc: 0.5026 | best AP70 acc: 0.3827 | best mAP acc: 0.3597 | best mAR acc: 0.4978 | best Score: 0.3597 | best Score epoch: 14 
epoch 17, iter  401: loss: 0.0083 | load time: 0.0025 | back time: 0.3865 | lr: 0.00008847 | best AP50 acc: 0.5026 | best AP70 acc: 0.3827 | best mAP acc: 0.3597 | best mAR acc: 0.4978 | best Score: 0.3597 | best Score epoch: 14 
epoch 17, iter  601: loss: 0.0086 | load time: 0.0022 | back time: 0.3881 | lr: 0.00008839 | best AP50 acc: 0.5026 | best AP70 acc: 0.3827 | best mAP acc: 0.3597 | best mAR acc: 0.4978 | best Score: 0.3597 | best Score epoch: 14 
epoch 17, iter  801: loss: 0.0085 | load time: 0.0022 | back time: 0.3868 | lr: 0.00008831 | best AP50 acc: 0.5026 | best AP70 acc: 0.3827 | best mAP acc: 0.3597 | best mAR acc: 0.4978 | best Score: 0.3597 | best Score epoch: 14 
epoch 17, iter 1001: loss: 0.0084 | load time: 0.0020 | back time: 0.3883 | lr: 0.00008822 | best AP50 acc: 0.5026 | best AP70 acc: 0.3827 | best mAP acc: 0.3597 | best mAR acc: 0.4978 | best Score: 0.3597 | best Score epoch: 14 
epoch 17, iter 1201: loss: 0.0104 | load time: 0.0018 | back time: 0.3984 | lr: 0.00008814 | best AP50 acc: 0.5026 | best AP70 acc: 0.3827 | best mAP acc: 0.3597 | best mAR acc: 0.4978 | best Score: 0.3597 | best Score epoch: 14 
epoch 17, iter 1401: loss: 0.0083 | load time: 0.0020 | back time: 0.3811 | lr: 0.00008806 | best AP50 acc: 0.5026 | best AP70 acc: 0.3827 | best mAP acc: 0.3597 | best mAR acc: 0.4978 | best Score: 0.3597 | best Score epoch: 14 
epoch 17, iter 1601: loss: 0.0090 | load time: 0.0020 | back time: 0.3876 | lr: 0.00008797 | best AP50 acc: 0.5026 | best AP70 acc: 0.3827 | best mAP acc: 0.3597 | best mAR acc: 0.4978 | best Score: 0.3597 | best Score epoch: 14 
epoch 17, iter 1801: loss: 0.0081 | load time: 0.0022 | back time: 0.3789 | lr: 0.00008789 | best AP50 acc: 0.5026 | best AP70 acc: 0.3827 | best mAP acc: 0.3597 | best mAR acc: 0.4978 | best Score: 0.3597 | best Score epoch: 14 
epoch 17, iter 2001: loss: 0.0083 | load time: 0.0020 | back time: 0.3899 | lr: 0.00008780 | best AP50 acc: 0.5026 | best AP70 acc: 0.3827 | best mAP acc: 0.3597 | best mAR acc: 0.4978 | best Score: 0.3597 | best Score epoch: 14 
epoch 17, iter 2201: loss: 0.0101 | load time: 0.0021 | back time: 0.3990 | lr: 0.00008772 | best AP50 acc: 0.5026 | best AP70 acc: 0.3827 | best mAP acc: 0.3597 | best mAR acc: 0.4978 | best Score: 0.3597 | best Score epoch: 14 
epoch 17, iter 2401: loss: 0.0109 | load time: 0.0018 | back time: 0.3848 | lr: 0.00008763 | best AP50 acc: 0.5026 | best AP70 acc: 0.3827 | best mAP acc: 0.3597 | best mAR acc: 0.4978 | best Score: 0.3597 | best Score epoch: 14 
epoch 17, iter 2601: loss: 0.0094 | load time: 0.0021 | back time: 0.3889 | lr: 0.00008754 | best AP50 acc: 0.5026 | best AP70 acc: 0.3827 | best mAP acc: 0.3597 | best mAR acc: 0.4978 | best Score: 0.3597 | best Score epoch: 14 
epoch 17, iter 2801: loss: 0.0084 | load time: 0.0019 | back time: 0.3840 | lr: 0.00008746 | best AP50 acc: 0.5026 | best AP70 acc: 0.3827 | best mAP acc: 0.3597 | best mAR acc: 0.4978 | best Score: 0.3597 | best Score epoch: 14 
epoch 17, iter 3001: loss: 0.0084 | load time: 0.0020 | back time: 0.3831 | lr: 0.00008737 | best AP50 acc: 0.5026 | best AP70 acc: 0.3827 | best mAP acc: 0.3597 | best mAR acc: 0.4978 | best Score: 0.3597 | best Score epoch: 14 
epoch 17, iter 3201: loss: 0.0093 | load time: 0.0022 | back time: 0.3884 | lr: 0.00008729 | best AP50 acc: 0.5026 | best AP70 acc: 0.3827 | best mAP acc: 0.3597 | best mAR acc: 0.4978 | best Score: 0.3597 | best Score epoch: 14 
epoch 17, iter 3401: loss: 0.0098 | load time: 0.0019 | back time: 0.3824 | lr: 0.00008720 | best AP50 acc: 0.5026 | best AP70 acc: 0.3827 | best mAP acc: 0.3597 | best mAR acc: 0.4978 | best Score: 0.3597 | best Score epoch: 14 
epoch 17, iter 3601: loss: 0.0087 | load time: 0.0021 | back time: 0.3852 | lr: 0.00008711 | best AP50 acc: 0.5026 | best AP70 acc: 0.3827 | best mAP acc: 0.3597 | best mAR acc: 0.4978 | best Score: 0.3597 | best Score epoch: 14 
epoch 17, iter 3801: loss: 0.0083 | load time: 0.0022 | back time: 0.3824 | lr: 0.00008702 | best AP50 acc: 0.5026 | best AP70 acc: 0.3827 | best mAP acc: 0.3597 | best mAR acc: 0.4978 | best Score: 0.3597 | best Score epoch: 14 
epoch 17, iter 4001: loss: 0.0080 | load time: 0.0023 | back time: 0.4036 | lr: 0.00008694 | best AP50 acc: 0.5026 | best AP70 acc: 0.3827 | best mAP acc: 0.3597 | best mAR acc: 0.4978 | best Score: 0.3597 | best Score epoch: 14 
epoch 17, iter 4201: loss: 0.0084 | load time: 0.0022 | back time: 0.3881 | lr: 0.00008685 | best AP50 acc: 0.5026 | best AP70 acc: 0.3827 | best mAP acc: 0.3597 | best mAR acc: 0.4978 | best Score: 0.3597 | best Score epoch: 14 
epoch 17, iter 4401: loss: 0.0107 | load time: 0.0018 | back time: 0.3868 | lr: 0.00008676 | best AP50 acc: 0.5026 | best AP70 acc: 0.3827 | best mAP acc: 0.3597 | best mAR acc: 0.4978 | best Score: 0.3597 | best Score epoch: 14 
epoch 17, iter 4601: loss: 0.0101 | load time: 0.0021 | back time: 0.3856 | lr: 0.00008667 | best AP50 acc: 0.5026 | best AP70 acc: 0.3827 | best mAP acc: 0.3597 | best mAR acc: 0.4978 | best Score: 0.3597 | best Score epoch: 14 
UAV_SEQS_2 | mAP50:90: 1.1039 | AP50: 2.6657 | AP70: 0.9520 
UAV_SEQS_37 | mAP50:90: 82.3743 | AP50: 93.4973 | AP70: 86.3458 
UAV_SEQS_45 | mAP50:90: 67.7570 | AP50: 91.6124 | AP70: 73.9660 
UAV_SEQS_47 | mAP50:90: 65.5180 | AP50: 89.8942 | AP70: 72.4469 
UAV_SEQS_55 | mAP50:90: 19.5500 | AP50: 33.8276 | AP70: 19.4524 
UAV_SEQS_59 | mAP50:90: 35.7742 | AP50: 69.8659 | AP70: 32.7705 
UAV_SEQS_6 | mAP50:90: 14.6044 | AP50: 27.2490 | AP70: 13.4889 
UAV_SEQS_63 | mAP50:90: 1.2711 | AP50: 3.6200 | AP70: 0.9034 
UAV_SEQS_65 | mAP50:90: 72.8833 | AP50: 89.7314 | AP70: 79.7850 
UAV_SEQS_7 | mAP50:90: 4.6679 | AP50: 15.5767 | AP70: 1.6390 
UAV_SEQS_71 | mAP50:90: 7.3917 | AP50: 24.6007 | AP70: 3.6047 
UAV_SEQS_73 | mAP50:90: 40.8699 | AP50: 68.6696 | AP70: 44.8603 
UAV_SEQS_74 | mAP50:90: 83.8929 | AP50: 89.8774 | AP70: 84.6872 
UAV_SEQS_77 | mAP50:90: 1.1436 | AP50: 2.9950 | AP70: 0.3923 
UAV_SEQS_8 | mAP50:90: 3.6705 | AP50: 7.3185 | AP70: 3.2612 
Overall            | mAP50:95: 31.9160 | AP50: 47.9167 | AP70: 32.7161 
epoch 18, iter    1: loss: 0.0082 | load time: 0.0020 | back time: 0.1204 | lr: 0.00008658 | best AP50 acc: 0.5026 | best AP70 acc: 0.3827 | best mAP acc: 0.3597 | best mAR acc: 0.4978 | best Score: 0.3597 | best Score epoch: 14 
epoch 18, iter  201: loss: 0.0084 | load time: 0.0021 | back time: 0.3872 | lr: 0.00008649 | best AP50 acc: 0.5026 | best AP70 acc: 0.3827 | best mAP acc: 0.3597 | best mAR acc: 0.4978 | best Score: 0.3597 | best Score epoch: 14 
epoch 18, iter  401: loss: 0.0082 | load time: 0.0022 | back time: 0.3972 | lr: 0.00008641 | best AP50 acc: 0.5026 | best AP70 acc: 0.3827 | best mAP acc: 0.3597 | best mAR acc: 0.4978 | best Score: 0.3597 | best Score epoch: 14 
epoch 18, iter  601: loss: 0.0080 | load time: 0.0019 | back time: 0.3830 | lr: 0.00008632 | best AP50 acc: 0.5026 | best AP70 acc: 0.3827 | best mAP acc: 0.3597 | best mAR acc: 0.4978 | best Score: 0.3597 | best Score epoch: 14 
epoch 18, iter  801: loss: 0.0088 | load time: 0.0019 | back time: 0.3855 | lr: 0.00008623 | best AP50 acc: 0.5026 | best AP70 acc: 0.3827 | best mAP acc: 0.3597 | best mAR acc: 0.4978 | best Score: 0.3597 | best Score epoch: 14 
epoch 18, iter 1001: loss: 0.0088 | load time: 0.0021 | back time: 0.3878 | lr: 0.00008614 | best AP50 acc: 0.5026 | best AP70 acc: 0.3827 | best mAP acc: 0.3597 | best mAR acc: 0.4978 | best Score: 0.3597 | best Score epoch: 14 
epoch 18, iter 1201: loss: 0.0090 | load time: 0.0022 | back time: 0.3986 | lr: 0.00008605 | best AP50 acc: 0.5026 | best AP70 acc: 0.3827 | best mAP acc: 0.3597 | best mAR acc: 0.4978 | best Score: 0.3597 | best Score epoch: 14 
epoch 18, iter 1401: loss: 0.0083 | load time: 0.0019 | back time: 0.4011 | lr: 0.00008596 | best AP50 acc: 0.5026 | best AP70 acc: 0.3827 | best mAP acc: 0.3597 | best mAR acc: 0.4978 | best Score: 0.3597 | best Score epoch: 14 
epoch 18, iter 1601: loss: 0.0095 | load time: 0.0022 | back time: 0.3821 | lr: 0.00008587 | best AP50 acc: 0.5026 | best AP70 acc: 0.3827 | best mAP acc: 0.3597 | best mAR acc: 0.4978 | best Score: 0.3597 | best Score epoch: 14 
epoch 18, iter 1801: loss: 0.0081 | load time: 0.0022 | back time: 0.3878 | lr: 0.00008578 | best AP50 acc: 0.5026 | best AP70 acc: 0.3827 | best mAP acc: 0.3597 | best mAR acc: 0.4978 | best Score: 0.3597 | best Score epoch: 14 
epoch 18, iter 2001: loss: 0.0087 | load time: 0.0026 | back time: 0.3983 | lr: 0.00008568 | best AP50 acc: 0.5026 | best AP70 acc: 0.3827 | best mAP acc: 0.3597 | best mAR acc: 0.4978 | best Score: 0.3597 | best Score epoch: 14 
epoch 18, iter 2201: loss: 0.0087 | load time: 0.0019 | back time: 0.3876 | lr: 0.00008559 | best AP50 acc: 0.5026 | best AP70 acc: 0.3827 | best mAP acc: 0.3597 | best mAR acc: 0.4978 | best Score: 0.3597 | best Score epoch: 14 
epoch 18, iter 2401: loss: 0.0081 | load time: 0.0021 | back time: 0.3851 | lr: 0.00008550 | best AP50 acc: 0.5026 | best AP70 acc: 0.3827 | best mAP acc: 0.3597 | best mAR acc: 0.4978 | best Score: 0.3597 | best Score epoch: 14 
epoch 18, iter 2601: loss: 0.0091 | load time: 0.0022 | back time: 0.3867 | lr: 0.00008541 | best AP50 acc: 0.5026 | best AP70 acc: 0.3827 | best mAP acc: 0.3597 | best mAR acc: 0.4978 | best Score: 0.3597 | best Score epoch: 14 
epoch 18, iter 2801: loss: 0.0094 | load time: 0.0021 | back time: 0.3875 | lr: 0.00008532 | best AP50 acc: 0.5026 | best AP70 acc: 0.3827 | best mAP acc: 0.3597 | best mAR acc: 0.4978 | best Score: 0.3597 | best Score epoch: 14 
epoch 18, iter 3001: loss: 0.0084 | load time: 0.0018 | back time: 0.3916 | lr: 0.00008523 | best AP50 acc: 0.5026 | best AP70 acc: 0.3827 | best mAP acc: 0.3597 | best mAR acc: 0.4978 | best Score: 0.3597 | best Score epoch: 14 
epoch 18, iter 3201: loss: 0.0087 | load time: 0.0023 | back time: 0.4064 | lr: 0.00008513 | best AP50 acc: 0.5026 | best AP70 acc: 0.3827 | best mAP acc: 0.3597 | best mAR acc: 0.4978 | best Score: 0.3597 | best Score epoch: 14 
epoch 18, iter 3401: loss: 0.0093 | load time: 0.0019 | back time: 0.3876 | lr: 0.00008504 | best AP50 acc: 0.5026 | best AP70 acc: 0.3827 | best mAP acc: 0.3597 | best mAR acc: 0.4978 | best Score: 0.3597 | best Score epoch: 14 
epoch 18, iter 3601: loss: 0.0082 | load time: 0.0019 | back time: 0.3917 | lr: 0.00008495 | best AP50 acc: 0.5026 | best AP70 acc: 0.3827 | best mAP acc: 0.3597 | best mAR acc: 0.4978 | best Score: 0.3597 | best Score epoch: 14 
epoch 18, iter 3801: loss: 0.0082 | load time: 0.0021 | back time: 0.4026 | lr: 0.00008485 | best AP50 acc: 0.5026 | best AP70 acc: 0.3827 | best mAP acc: 0.3597 | best mAR acc: 0.4978 | best Score: 0.3597 | best Score epoch: 14 
epoch 18, iter 4001: loss: 0.0081 | load time: 0.0021 | back time: 0.3824 | lr: 0.00008476 | best AP50 acc: 0.5026 | best AP70 acc: 0.3827 | best mAP acc: 0.3597 | best mAR acc: 0.4978 | best Score: 0.3597 | best Score epoch: 14 
epoch 18, iter 4201: loss: 0.0082 | load time: 0.0021 | back time: 0.3896 | lr: 0.00008467 | best AP50 acc: 0.5026 | best AP70 acc: 0.3827 | best mAP acc: 0.3597 | best mAR acc: 0.4978 | best Score: 0.3597 | best Score epoch: 14 
epoch 18, iter 4401: loss: 0.0083 | load time: 0.0023 | back time: 0.3906 | lr: 0.00008457 | best AP50 acc: 0.5026 | best AP70 acc: 0.3827 | best mAP acc: 0.3597 | best mAR acc: 0.4978 | best Score: 0.3597 | best Score epoch: 14 
epoch 18, iter 4601: loss: 0.0091 | load time: 0.0019 | back time: 0.3897 | lr: 0.00008448 | best AP50 acc: 0.5026 | best AP70 acc: 0.3827 | best mAP acc: 0.3597 | best mAR acc: 0.4978 | best Score: 0.3597 | best Score epoch: 14 
UAV_SEQS_2 | mAP50:90: 0.7381 | AP50: 1.8597 | AP70: 0.3317 
UAV_SEQS_37 | mAP50:90: 74.1711 | AP50: 89.7422 | AP70: 78.6843 
UAV_SEQS_45 | mAP50:90: 78.4808 | AP50: 96.0420 | AP70: 87.3219 
UAV_SEQS_47 | mAP50:90: 68.7491 | AP50: 96.5068 | AP70: 76.1963 
UAV_SEQS_55 | mAP50:90: 14.3445 | AP50: 29.7024 | AP70: 12.6716 
UAV_SEQS_59 | mAP50:90: 50.3256 | AP50: 81.7404 | AP70: 52.7269 
UAV_SEQS_6 | mAP50:90: 18.4953 | AP50: 28.0040 | AP70: 18.0727 
UAV_SEQS_63 | mAP50:90: 42.3240 | AP50: 61.6151 | AP70: 41.4231 
UAV_SEQS_65 | mAP50:90: 70.3398 | AP50: 90.1938 | AP70: 76.1226 
UAV_SEQS_7 | mAP50:90: 1.5457 | AP50: 5.5773 | AP70: 0.4604 
UAV_SEQS_71 | mAP50:90: 6.0076 | AP50: 17.5556 | AP70: 3.6837 
UAV_SEQS_73 | mAP50:90: 32.4568 | AP50: 61.3632 | AP70: 33.0394 
UAV_SEQS_74 | mAP50:90: 89.3421 | AP50: 92.5547 | AP70: 91.5777 
UAV_SEQS_77 | mAP50:90: 0.7591 | AP50: 1.4026 | AP70: 0.6931 
UAV_SEQS_8 | mAP50:90: 0.3383 | AP50: 0.9282 | AP70: 0.1650 
Overall            | mAP50:95: 33.0732 | AP50: 48.1551 | AP70: 34.0398 
epoch 19, iter    1: loss: 0.0099 | load time: 0.0019 | back time: 0.1260 | lr: 0.00008438 | best AP50 acc: 0.5026 | best AP70 acc: 0.3827 | best mAP acc: 0.3597 | best mAR acc: 0.4978 | best Score: 0.3597 | best Score epoch: 14 
epoch 19, iter  201: loss: 0.0080 | load time: 0.0022 | back time: 0.3860 | lr: 0.00008429 | best AP50 acc: 0.5026 | best AP70 acc: 0.3827 | best mAP acc: 0.3597 | best mAR acc: 0.4978 | best Score: 0.3597 | best Score epoch: 14 
epoch 19, iter  401: loss: 0.0085 | load time: 0.0019 | back time: 0.3784 | lr: 0.00008420 | best AP50 acc: 0.5026 | best AP70 acc: 0.3827 | best mAP acc: 0.3597 | best mAR acc: 0.4978 | best Score: 0.3597 | best Score epoch: 14 
epoch 19, iter  601: loss: 0.0082 | load time: 0.0024 | back time: 0.3927 | lr: 0.00008410 | best AP50 acc: 0.5026 | best AP70 acc: 0.3827 | best mAP acc: 0.3597 | best mAR acc: 0.4978 | best Score: 0.3597 | best Score epoch: 14 
epoch 19, iter  801: loss: 0.0173 | load time: 0.0019 | back time: 0.3932 | lr: 0.00008400 | best AP50 acc: 0.5026 | best AP70 acc: 0.3827 | best mAP acc: 0.3597 | best mAR acc: 0.4978 | best Score: 0.3597 | best Score epoch: 14 
epoch 19, iter 1001: loss: 0.0088 | load time: 0.0022 | back time: 0.3864 | lr: 0.00008391 | best AP50 acc: 0.5026 | best AP70 acc: 0.3827 | best mAP acc: 0.3597 | best mAR acc: 0.4978 | best Score: 0.3597 | best Score epoch: 14 
epoch 19, iter 1201: loss: 0.0094 | load time: 0.0019 | back time: 0.3804 | lr: 0.00008381 | best AP50 acc: 0.5026 | best AP70 acc: 0.3827 | best mAP acc: 0.3597 | best mAR acc: 0.4978 | best Score: 0.3597 | best Score epoch: 14 
epoch 19, iter 1401: loss: 0.0083 | load time: 0.0022 | back time: 0.3897 | lr: 0.00008372 | best AP50 acc: 0.5026 | best AP70 acc: 0.3827 | best mAP acc: 0.3597 | best mAR acc: 0.4978 | best Score: 0.3597 | best Score epoch: 14 
epoch 19, iter 1601: loss: 0.0083 | load time: 0.0019 | back time: 0.3912 | lr: 0.00008362 | best AP50 acc: 0.5026 | best AP70 acc: 0.3827 | best mAP acc: 0.3597 | best mAR acc: 0.4978 | best Score: 0.3597 | best Score epoch: 14 
epoch 19, iter 1801: loss: 0.0108 | load time: 0.0024 | back time: 0.3905 | lr: 0.00008353 | best AP50 acc: 0.5026 | best AP70 acc: 0.3827 | best mAP acc: 0.3597 | best mAR acc: 0.4978 | best Score: 0.3597 | best Score epoch: 14 
epoch 19, iter 2001: loss: 0.0084 | load time: 0.0019 | back time: 0.3821 | lr: 0.00008343 | best AP50 acc: 0.5026 | best AP70 acc: 0.3827 | best mAP acc: 0.3597 | best mAR acc: 0.4978 | best Score: 0.3597 | best Score epoch: 14 
epoch 19, iter 2201: loss: 0.0084 | load time: 0.0022 | back time: 0.3920 | lr: 0.00008333 | best AP50 acc: 0.5026 | best AP70 acc: 0.3827 | best mAP acc: 0.3597 | best mAR acc: 0.4978 | best Score: 0.3597 | best Score epoch: 14 
epoch 19, iter 2401: loss: 0.0087 | load time: 0.0022 | back time: 0.3904 | lr: 0.00008323 | best AP50 acc: 0.5026 | best AP70 acc: 0.3827 | best mAP acc: 0.3597 | best mAR acc: 0.4978 | best Score: 0.3597 | best Score epoch: 14 
epoch 19, iter 2601: loss: 0.0085 | load time: 0.0017 | back time: 0.3938 | lr: 0.00008314 | best AP50 acc: 0.5026 | best AP70 acc: 0.3827 | best mAP acc: 0.3597 | best mAR acc: 0.4978 | best Score: 0.3597 | best Score epoch: 14 
epoch 19, iter 2801: loss: 0.0088 | load time: 0.0022 | back time: 0.3886 | lr: 0.00008304 | best AP50 acc: 0.5026 | best AP70 acc: 0.3827 | best mAP acc: 0.3597 | best mAR acc: 0.4978 | best Score: 0.3597 | best Score epoch: 14 
epoch 19, iter 3001: loss: 0.0102 | load time: 0.0021 | back time: 0.3934 | lr: 0.00008294 | best AP50 acc: 0.5026 | best AP70 acc: 0.3827 | best mAP acc: 0.3597 | best mAR acc: 0.4978 | best Score: 0.3597 | best Score epoch: 14 
epoch 19, iter 3201: loss: 0.0090 | load time: 0.0022 | back time: 0.3942 | lr: 0.00008284 | best AP50 acc: 0.5026 | best AP70 acc: 0.3827 | best mAP acc: 0.3597 | best mAR acc: 0.4978 | best Score: 0.3597 | best Score epoch: 14 
epoch 19, iter 3401: loss: 0.0082 | load time: 0.0022 | back time: 0.3957 | lr: 0.00008275 | best AP50 acc: 0.5026 | best AP70 acc: 0.3827 | best mAP acc: 0.3597 | best mAR acc: 0.4978 | best Score: 0.3597 | best Score epoch: 14 
epoch 19, iter 3601: loss: 0.0083 | load time: 0.0021 | back time: 0.3893 | lr: 0.00008265 | best AP50 acc: 0.5026 | best AP70 acc: 0.3827 | best mAP acc: 0.3597 | best mAR acc: 0.4978 | best Score: 0.3597 | best Score epoch: 14 
epoch 19, iter 3801: loss: 0.0089 | load time: 0.0020 | back time: 0.3827 | lr: 0.00008255 | best AP50 acc: 0.5026 | best AP70 acc: 0.3827 | best mAP acc: 0.3597 | best mAR acc: 0.4978 | best Score: 0.3597 | best Score epoch: 14 
epoch 19, iter 4001: loss: 0.0086 | load time: 0.0022 | back time: 0.3996 | lr: 0.00008245 | best AP50 acc: 0.5026 | best AP70 acc: 0.3827 | best mAP acc: 0.3597 | best mAR acc: 0.4978 | best Score: 0.3597 | best Score epoch: 14 
epoch 19, iter 4201: loss: 0.0096 | load time: 0.0020 | back time: 0.3932 | lr: 0.00008235 | best AP50 acc: 0.5026 | best AP70 acc: 0.3827 | best mAP acc: 0.3597 | best mAR acc: 0.4978 | best Score: 0.3597 | best Score epoch: 14 
epoch 19, iter 4401: loss: 0.0085 | load time: 0.0019 | back time: 0.3925 | lr: 0.00008225 | best AP50 acc: 0.5026 | best AP70 acc: 0.3827 | best mAP acc: 0.3597 | best mAR acc: 0.4978 | best Score: 0.3597 | best Score epoch: 14 
epoch 19, iter 4601: loss: 0.0103 | load time: 0.0022 | back time: 0.4025 | lr: 0.00008215 | best AP50 acc: 0.5026 | best AP70 acc: 0.3827 | best mAP acc: 0.3597 | best mAR acc: 0.4978 | best Score: 0.3597 | best Score epoch: 14 
UAV_SEQS_2 | mAP50:90: 0.6343 | AP50: 1.6472 | AP70: 0.4099 
UAV_SEQS_37 | mAP50:90: 77.5889 | AP50: 91.6790 | AP70: 82.3006 
UAV_SEQS_45 | mAP50:90: 74.3711 | AP50: 91.1491 | AP70: 81.7093 
UAV_SEQS_47 | mAP50:90: 72.6557 | AP50: 94.0057 | AP70: 76.3344 
UAV_SEQS_55 | mAP50:90: 18.6656 | AP50: 37.9953 | AP70: 18.7770 
UAV_SEQS_59 | mAP50:90: 49.5611 | AP50: 79.8282 | AP70: 49.8894 
UAV_SEQS_6 | mAP50:90: 16.2429 | AP50: 28.1945 | AP70: 16.8715 
UAV_SEQS_63 | mAP50:90: 25.2629 | AP50: 56.5443 | AP70: 20.6019 
UAV_SEQS_65 | mAP50:90: 72.3586 | AP50: 89.0814 | AP70: 78.2367 
UAV_SEQS_7 | mAP50:90: 3.5689 | AP50: 14.4176 | AP70: 1.0060 
UAV_SEQS_71 | mAP50:90: 11.0613 | AP50: 27.3381 | AP70: 7.2324 
UAV_SEQS_73 | mAP50:90: 38.2845 | AP50: 71.4138 | AP70: 38.9730 
UAV_SEQS_74 | mAP50:90: 87.1383 | AP50: 94.4607 | AP70: 92.0411 
UAV_SEQS_77 | mAP50:90: 1.6645 | AP50: 5.3262 | AP70: 1.2558 
UAV_SEQS_8 | mAP50:90: 0.0956 | AP50: 0.2990 | AP70: 0.0332 
Overall            | mAP50:95: 35.5035 | AP50: 51.1217 | AP70: 36.6794 
epoch 20, iter    1: loss: 0.0082 | load time: 0.0022 | back time: 0.1011 | lr: 0.00008205 | best AP50 acc: 0.5026 | best AP70 acc: 0.3827 | best mAP acc: 0.3597 | best mAR acc: 0.4978 | best Score: 0.3597 | best Score epoch: 14 
epoch 20, iter  201: loss: 0.0080 | load time: 0.0023 | back time: 0.3804 | lr: 0.00008195 | best AP50 acc: 0.5026 | best AP70 acc: 0.3827 | best mAP acc: 0.3597 | best mAR acc: 0.4978 | best Score: 0.3597 | best Score epoch: 14 
epoch 20, iter  401: loss: 0.0083 | load time: 0.0022 | back time: 0.3801 | lr: 0.00008185 | best AP50 acc: 0.5026 | best AP70 acc: 0.3827 | best mAP acc: 0.3597 | best mAR acc: 0.4978 | best Score: 0.3597 | best Score epoch: 14 
epoch 20, iter  601: loss: 0.0085 | load time: 0.0022 | back time: 0.3793 | lr: 0.00008175 | best AP50 acc: 0.5026 | best AP70 acc: 0.3827 | best mAP acc: 0.3597 | best mAR acc: 0.4978 | best Score: 0.3597 | best Score epoch: 14 
epoch 20, iter  801: loss: 0.0092 | load time: 0.0020 | back time: 0.3806 | lr: 0.00008165 | best AP50 acc: 0.5026 | best AP70 acc: 0.3827 | best mAP acc: 0.3597 | best mAR acc: 0.4978 | best Score: 0.3597 | best Score epoch: 14 
epoch 20, iter 1001: loss: 0.0080 | load time: 0.0021 | back time: 0.3909 | lr: 0.00008155 | best AP50 acc: 0.5026 | best AP70 acc: 0.3827 | best mAP acc: 0.3597 | best mAR acc: 0.4978 | best Score: 0.3597 | best Score epoch: 14 
epoch 20, iter 1201: loss: 0.0086 | load time: 0.0023 | back time: 0.3739 | lr: 0.00008145 | best AP50 acc: 0.5026 | best AP70 acc: 0.3827 | best mAP acc: 0.3597 | best mAR acc: 0.4978 | best Score: 0.3597 | best Score epoch: 14 
epoch 20, iter 1401: loss: 0.0094 | load time: 0.0020 | back time: 0.3692 | lr: 0.00008135 | best AP50 acc: 0.5026 | best AP70 acc: 0.3827 | best mAP acc: 0.3597 | best mAR acc: 0.4978 | best Score: 0.3597 | best Score epoch: 14 
epoch 20, iter 1601: loss: 0.0087 | load time: 0.0021 | back time: 0.3834 | lr: 0.00008125 | best AP50 acc: 0.5026 | best AP70 acc: 0.3827 | best mAP acc: 0.3597 | best mAR acc: 0.4978 | best Score: 0.3597 | best Score epoch: 14 
epoch 20, iter 1801: loss: 0.0096 | load time: 0.0023 | back time: 0.3793 | lr: 0.00008114 | best AP50 acc: 0.5026 | best AP70 acc: 0.3827 | best mAP acc: 0.3597 | best mAR acc: 0.4978 | best Score: 0.3597 | best Score epoch: 14 
epoch 20, iter 2001: loss: 0.0092 | load time: 0.0021 | back time: 0.3935 | lr: 0.00008104 | best AP50 acc: 0.5026 | best AP70 acc: 0.3827 | best mAP acc: 0.3597 | best mAR acc: 0.4978 | best Score: 0.3597 | best Score epoch: 14 
epoch 20, iter 2201: loss: 0.0082 | load time: 0.0022 | back time: 0.3834 | lr: 0.00008094 | best AP50 acc: 0.5026 | best AP70 acc: 0.3827 | best mAP acc: 0.3597 | best mAR acc: 0.4978 | best Score: 0.3597 | best Score epoch: 14 
epoch 20, iter 2401: loss: 0.0084 | load time: 0.0021 | back time: 0.3883 | lr: 0.00008084 | best AP50 acc: 0.5026 | best AP70 acc: 0.3827 | best mAP acc: 0.3597 | best mAR acc: 0.4978 | best Score: 0.3597 | best Score epoch: 14 
epoch 20, iter 2601: loss: 0.0096 | load time: 0.0026 | back time: 0.3913 | lr: 0.00008074 | best AP50 acc: 0.5026 | best AP70 acc: 0.3827 | best mAP acc: 0.3597 | best mAR acc: 0.4978 | best Score: 0.3597 | best Score epoch: 14 
epoch 20, iter 2801: loss: 0.0084 | load time: 0.0020 | back time: 0.3918 | lr: 0.00008063 | best AP50 acc: 0.5026 | best AP70 acc: 0.3827 | best mAP acc: 0.3597 | best mAR acc: 0.4978 | best Score: 0.3597 | best Score epoch: 14 
epoch 20, iter 3001: loss: 0.0088 | load time: 0.0022 | back time: 0.3831 | lr: 0.00008053 | best AP50 acc: 0.5026 | best AP70 acc: 0.3827 | best mAP acc: 0.3597 | best mAR acc: 0.4978 | best Score: 0.3597 | best Score epoch: 14 
epoch 20, iter 3201: loss: 0.0083 | load time: 0.0023 | back time: 0.3999 | lr: 0.00008043 | best AP50 acc: 0.5026 | best AP70 acc: 0.3827 | best mAP acc: 0.3597 | best mAR acc: 0.4978 | best Score: 0.3597 | best Score epoch: 14 
epoch 20, iter 3401: loss: 0.0101 | load time: 0.0019 | back time: 0.3921 | lr: 0.00008032 | best AP50 acc: 0.5026 | best AP70 acc: 0.3827 | best mAP acc: 0.3597 | best mAR acc: 0.4978 | best Score: 0.3597 | best Score epoch: 14 
epoch 20, iter 3601: loss: 0.0087 | load time: 0.0019 | back time: 0.3828 | lr: 0.00008022 | best AP50 acc: 0.5026 | best AP70 acc: 0.3827 | best mAP acc: 0.3597 | best mAR acc: 0.4978 | best Score: 0.3597 | best Score epoch: 14 
epoch 20, iter 3801: loss: 0.0077 | load time: 0.0020 | back time: 0.3944 | lr: 0.00008012 | best AP50 acc: 0.5026 | best AP70 acc: 0.3827 | best mAP acc: 0.3597 | best mAR acc: 0.4978 | best Score: 0.3597 | best Score epoch: 14 
epoch 20, iter 4001: loss: 0.0083 | load time: 0.0022 | back time: 0.3738 | lr: 0.00008001 | best AP50 acc: 0.5026 | best AP70 acc: 0.3827 | best mAP acc: 0.3597 | best mAR acc: 0.4978 | best Score: 0.3597 | best Score epoch: 14 
epoch 20, iter 4201: loss: 0.0088 | load time: 0.0020 | back time: 0.3885 | lr: 0.00007991 | best AP50 acc: 0.5026 | best AP70 acc: 0.3827 | best mAP acc: 0.3597 | best mAR acc: 0.4978 | best Score: 0.3597 | best Score epoch: 14 
epoch 20, iter 4401: loss: 0.0102 | load time: 0.0021 | back time: 0.3819 | lr: 0.00007980 | best AP50 acc: 0.5026 | best AP70 acc: 0.3827 | best mAP acc: 0.3597 | best mAR acc: 0.4978 | best Score: 0.3597 | best Score epoch: 14 
epoch 20, iter 4601: loss: 0.0081 | load time: 0.0021 | back time: 0.3925 | lr: 0.00007970 | best AP50 acc: 0.5026 | best AP70 acc: 0.3827 | best mAP acc: 0.3597 | best mAR acc: 0.4978 | best Score: 0.3597 | best Score epoch: 14 
UAV_SEQS_2 | mAP50:90: 0.5892 | AP50: 1.6569 | AP70: 0.3710 
UAV_SEQS_37 | mAP50:90: 22.5290 | AP50: 29.9780 | AP70: 23.5360 
UAV_SEQS_45 | mAP50:90: 4.3200 | AP50: 10.3754 | AP70: 3.1028 
UAV_SEQS_47 | mAP50:90: 43.6765 | AP50: 73.7446 | AP70: 48.1016 
UAV_SEQS_55 | mAP50:90: 5.0768 | AP50: 12.0094 | AP70: 3.9776 
UAV_SEQS_59 | mAP50:90: 14.8222 | AP50: 27.1561 | AP70: 13.9340 
UAV_SEQS_6 | mAP50:90: 2.6133 | AP50: 4.3413 | AP70: 2.9197 
UAV_SEQS_63 | mAP50:90: 14.0249 | AP50: 19.6509 | AP70: 17.6195 
UAV_SEQS_65 | mAP50:90: 38.2352 | AP50: 60.6507 | AP70: 39.8040 
UAV_SEQS_7 | mAP50:90: 7.1725 | AP50: 17.0728 | AP70: 4.2544 
UAV_SEQS_71 | mAP50:90: 0.2111 | AP50: 0.7166 | AP70: 0.1650 
UAV_SEQS_73 | mAP50:90: 9.9211 | AP50: 21.8953 | AP70: 10.0692 
UAV_SEQS_74 | mAP50:90: 69.4203 | AP50: 78.0414 | AP70: 73.5425 
UAV_SEQS_77 | mAP50:90: 0.0000 | AP50: 0.0000 | AP70: 0.0000 
UAV_SEQS_8 | mAP50:90: 0.9112 | AP50: 2.0081 | AP70: 0.5456 
Overall            | mAP50:95: 10.8711 | AP50: 18.2000 | AP70: 11.0688 
epoch 21, iter    1: loss: 0.0085 | load time: 0.0021 | back time: 0.1073 | lr: 0.00007959 | best AP50 acc: 0.5026 | best AP70 acc: 0.3827 | best mAP acc: 0.3597 | best mAR acc: 0.4978 | best Score: 0.3597 | best Score epoch: 14 
epoch 21, iter  201: loss: 0.0083 | load time: 0.0021 | back time: 0.3651 | lr: 0.00007949 | best AP50 acc: 0.5026 | best AP70 acc: 0.3827 | best mAP acc: 0.3597 | best mAR acc: 0.4978 | best Score: 0.3597 | best Score epoch: 14 
epoch 21, iter  401: loss: 0.0082 | load time: 0.0019 | back time: 0.3949 | lr: 0.00007938 | best AP50 acc: 0.5026 | best AP70 acc: 0.3827 | best mAP acc: 0.3597 | best mAR acc: 0.4978 | best Score: 0.3597 | best Score epoch: 14 
epoch 21, iter  601: loss: 0.0084 | load time: 0.0019 | back time: 0.3978 | lr: 0.00007928 | best AP50 acc: 0.5026 | best AP70 acc: 0.3827 | best mAP acc: 0.3597 | best mAR acc: 0.4978 | best Score: 0.3597 | best Score epoch: 14 
epoch 21, iter  801: loss: 0.0086 | load time: 0.0019 | back time: 0.3834 | lr: 0.00007917 | best AP50 acc: 0.5026 | best AP70 acc: 0.3827 | best mAP acc: 0.3597 | best mAR acc: 0.4978 | best Score: 0.3597 | best Score epoch: 14 
epoch 21, iter 1001: loss: 0.0085 | load time: 0.0019 | back time: 0.3863 | lr: 0.00007907 | best AP50 acc: 0.5026 | best AP70 acc: 0.3827 | best mAP acc: 0.3597 | best mAR acc: 0.4978 | best Score: 0.3597 | best Score epoch: 14 
epoch 21, iter 1201: loss: 0.0086 | load time: 0.0022 | back time: 0.3857 | lr: 0.00007896 | best AP50 acc: 0.5026 | best AP70 acc: 0.3827 | best mAP acc: 0.3597 | best mAR acc: 0.4978 | best Score: 0.3597 | best Score epoch: 14 
epoch 21, iter 1401: loss: 0.0085 | load time: 0.0022 | back time: 0.3876 | lr: 0.00007886 | best AP50 acc: 0.5026 | best AP70 acc: 0.3827 | best mAP acc: 0.3597 | best mAR acc: 0.4978 | best Score: 0.3597 | best Score epoch: 14 
epoch 21, iter 1601: loss: 0.0085 | load time: 0.0022 | back time: 0.3829 | lr: 0.00007875 | best AP50 acc: 0.5026 | best AP70 acc: 0.3827 | best mAP acc: 0.3597 | best mAR acc: 0.4978 | best Score: 0.3597 | best Score epoch: 14 
epoch 21, iter 1801: loss: 0.0085 | load time: 0.0020 | back time: 0.3828 | lr: 0.00007864 | best AP50 acc: 0.5026 | best AP70 acc: 0.3827 | best mAP acc: 0.3597 | best mAR acc: 0.4978 | best Score: 0.3597 | best Score epoch: 14 
epoch 21, iter 2001: loss: 0.0085 | load time: 0.0021 | back time: 0.3847 | lr: 0.00007854 | best AP50 acc: 0.5026 | best AP70 acc: 0.3827 | best mAP acc: 0.3597 | best mAR acc: 0.4978 | best Score: 0.3597 | best Score epoch: 14 
epoch 21, iter 2201: loss: 0.0082 | load time: 0.0023 | back time: 0.3891 | lr: 0.00007843 | best AP50 acc: 0.5026 | best AP70 acc: 0.3827 | best mAP acc: 0.3597 | best mAR acc: 0.4978 | best Score: 0.3597 | best Score epoch: 14 
epoch 21, iter 2401: loss: 0.0084 | load time: 0.0017 | back time: 0.3848 | lr: 0.00007832 | best AP50 acc: 0.5026 | best AP70 acc: 0.3827 | best mAP acc: 0.3597 | best mAR acc: 0.4978 | best Score: 0.3597 | best Score epoch: 14 
epoch 21, iter 2601: loss: 0.0082 | load time: 0.0020 | back time: 0.3775 | lr: 0.00007822 | best AP50 acc: 0.5026 | best AP70 acc: 0.3827 | best mAP acc: 0.3597 | best mAR acc: 0.4978 | best Score: 0.3597 | best Score epoch: 14 
epoch 21, iter 2801: loss: 0.0082 | load time: 0.0020 | back time: 0.3805 | lr: 0.00007811 | best AP50 acc: 0.5026 | best AP70 acc: 0.3827 | best mAP acc: 0.3597 | best mAR acc: 0.4978 | best Score: 0.3597 | best Score epoch: 14 
epoch 21, iter 3001: loss: 0.0083 | load time: 0.0022 | back time: 0.4132 | lr: 0.00007800 | best AP50 acc: 0.5026 | best AP70 acc: 0.3827 | best mAP acc: 0.3597 | best mAR acc: 0.4978 | best Score: 0.3597 | best Score epoch: 14 
epoch 21, iter 3201: loss: 0.0083 | load time: 0.0020 | back time: 0.3665 | lr: 0.00007789 | best AP50 acc: 0.5026 | best AP70 acc: 0.3827 | best mAP acc: 0.3597 | best mAR acc: 0.4978 | best Score: 0.3597 | best Score epoch: 14 
epoch 21, iter 3401: loss: 0.0081 | load time: 0.0021 | back time: 0.3818 | lr: 0.00007778 | best AP50 acc: 0.5026 | best AP70 acc: 0.3827 | best mAP acc: 0.3597 | best mAR acc: 0.4978 | best Score: 0.3597 | best Score epoch: 14 
epoch 21, iter 3601: loss: 0.0083 | load time: 0.0021 | back time: 0.3788 | lr: 0.00007768 | best AP50 acc: 0.5026 | best AP70 acc: 0.3827 | best mAP acc: 0.3597 | best mAR acc: 0.4978 | best Score: 0.3597 | best Score epoch: 14 
epoch 21, iter 3801: loss: 0.0085 | load time: 0.0021 | back time: 0.3789 | lr: 0.00007757 | best AP50 acc: 0.5026 | best AP70 acc: 0.3827 | best mAP acc: 0.3597 | best mAR acc: 0.4978 | best Score: 0.3597 | best Score epoch: 14 
epoch 21, iter 4001: loss: 0.0085 | load time: 0.0020 | back time: 0.3891 | lr: 0.00007746 | best AP50 acc: 0.5026 | best AP70 acc: 0.3827 | best mAP acc: 0.3597 | best mAR acc: 0.4978 | best Score: 0.3597 | best Score epoch: 14 
epoch 21, iter 4201: loss: 0.0084 | load time: 0.0022 | back time: 0.3821 | lr: 0.00007735 | best AP50 acc: 0.5026 | best AP70 acc: 0.3827 | best mAP acc: 0.3597 | best mAR acc: 0.4978 | best Score: 0.3597 | best Score epoch: 14 
epoch 21, iter 4401: loss: 0.0083 | load time: 0.0022 | back time: 0.3836 | lr: 0.00007724 | best AP50 acc: 0.5026 | best AP70 acc: 0.3827 | best mAP acc: 0.3597 | best mAR acc: 0.4978 | best Score: 0.3597 | best Score epoch: 14 
epoch 21, iter 4601: loss: 0.0083 | load time: 0.0022 | back time: 0.3874 | lr: 0.00007713 | best AP50 acc: 0.5026 | best AP70 acc: 0.3827 | best mAP acc: 0.3597 | best mAR acc: 0.4978 | best Score: 0.3597 | best Score epoch: 14 
UAV_SEQS_2 | mAP50:90: 0.2780 | AP50: 0.7476 | AP70: 0.2160 
UAV_SEQS_37 | mAP50:90: 71.3303 | AP50: 91.1878 | AP70: 74.3450 
UAV_SEQS_45 | mAP50:90: 76.7737 | AP50: 96.3424 | AP70: 83.3889 
UAV_SEQS_47 | mAP50:90: 88.1141 | AP50: 98.9901 | AP70: 91.5582 
UAV_SEQS_55 | mAP50:90: 15.8559 | AP50: 31.3997 | AP70: 14.3039 
UAV_SEQS_59 | mAP50:90: 46.3304 | AP50: 80.0269 | AP70: 48.2600 
UAV_SEQS_6 | mAP50:90: 15.5646 | AP50: 28.6562 | AP70: 15.2529 
UAV_SEQS_63 | mAP50:90: 59.8367 | AP50: 86.7935 | AP70: 62.1564 
UAV_SEQS_65 | mAP50:90: 72.5237 | AP50: 89.6546 | AP70: 78.8498 
UAV_SEQS_7 | mAP50:90: 0.9714 | AP50: 3.9933 | AP70: 0.3147 
UAV_SEQS_71 | mAP50:90: 10.4479 | AP50: 32.8274 | AP70: 4.5330 
UAV_SEQS_73 | mAP50:90: 34.9350 | AP50: 66.2334 | AP70: 36.1973 
UAV_SEQS_74 | mAP50:90: 84.3409 | AP50: 90.2650 | AP70: 90.1637 
UAV_SEQS_77 | mAP50:90: 25.7130 | AP50: 33.6466 | AP70: 31.7098 
UAV_SEQS_8 | mAP50:90: 0.1946 | AP50: 0.4847 | AP70: 0.1668 
Overall            | mAP50:95: 37.0540 | AP50: 52.5424 | AP70: 38.9403 
epoch 22, iter    1: loss: 0.0084 | load time: 0.0028 | back time: 0.1030 | lr: 0.00007702 | best AP50 acc: 0.5254 | best AP70 acc: 0.3894 | best mAP acc: 0.3705 | best mAR acc: 0.4998 | best Score: 0.3705 | best Score epoch: 21 
epoch 22, iter  201: loss: 0.0088 | load time: 0.0021 | back time: 0.3843 | lr: 0.00007691 | best AP50 acc: 0.5254 | best AP70 acc: 0.3894 | best mAP acc: 0.3705 | best mAR acc: 0.4998 | best Score: 0.3705 | best Score epoch: 21 
epoch 22, iter  401: loss: 0.0081 | load time: 0.0021 | back time: 0.3993 | lr: 0.00007680 | best AP50 acc: 0.5254 | best AP70 acc: 0.3894 | best mAP acc: 0.3705 | best mAR acc: 0.4998 | best Score: 0.3705 | best Score epoch: 21 
epoch 22, iter  601: loss: 0.0084 | load time: 0.0018 | back time: 0.4050 | lr: 0.00007669 | best AP50 acc: 0.5254 | best AP70 acc: 0.3894 | best mAP acc: 0.3705 | best mAR acc: 0.4998 | best Score: 0.3705 | best Score epoch: 21 
epoch 22, iter  801: loss: 0.0085 | load time: 0.0022 | back time: 0.3806 | lr: 0.00007658 | best AP50 acc: 0.5254 | best AP70 acc: 0.3894 | best mAP acc: 0.3705 | best mAR acc: 0.4998 | best Score: 0.3705 | best Score epoch: 21 
epoch 22, iter 1001: loss: 0.0083 | load time: 0.0024 | back time: 0.3863 | lr: 0.00007647 | best AP50 acc: 0.5254 | best AP70 acc: 0.3894 | best mAP acc: 0.3705 | best mAR acc: 0.4998 | best Score: 0.3705 | best Score epoch: 21 
epoch 22, iter 1201: loss: 0.0090 | load time: 0.0021 | back time: 0.3861 | lr: 0.00007636 | best AP50 acc: 0.5254 | best AP70 acc: 0.3894 | best mAP acc: 0.3705 | best mAR acc: 0.4998 | best Score: 0.3705 | best Score epoch: 21 
epoch 22, iter 1401: loss: 0.0087 | load time: 0.0021 | back time: 0.3826 | lr: 0.00007625 | best AP50 acc: 0.5254 | best AP70 acc: 0.3894 | best mAP acc: 0.3705 | best mAR acc: 0.4998 | best Score: 0.3705 | best Score epoch: 21 
epoch 22, iter 1601: loss: 0.0091 | load time: 0.0030 | back time: 0.3896 | lr: 0.00007614 | best AP50 acc: 0.5254 | best AP70 acc: 0.3894 | best mAP acc: 0.3705 | best mAR acc: 0.4998 | best Score: 0.3705 | best Score epoch: 21 
epoch 22, iter 1801: loss: 0.0081 | load time: 0.0022 | back time: 0.3836 | lr: 0.00007603 | best AP50 acc: 0.5254 | best AP70 acc: 0.3894 | best mAP acc: 0.3705 | best mAR acc: 0.4998 | best Score: 0.3705 | best Score epoch: 21 
epoch 22, iter 2001: loss: 0.0093 | load time: 0.0021 | back time: 0.3868 | lr: 0.00007592 | best AP50 acc: 0.5254 | best AP70 acc: 0.3894 | best mAP acc: 0.3705 | best mAR acc: 0.4998 | best Score: 0.3705 | best Score epoch: 21 
epoch 22, iter 2201: loss: 0.0085 | load time: 0.0020 | back time: 0.3838 | lr: 0.00007581 | best AP50 acc: 0.5254 | best AP70 acc: 0.3894 | best mAP acc: 0.3705 | best mAR acc: 0.4998 | best Score: 0.3705 | best Score epoch: 21 
epoch 22, iter 2401: loss: 0.0089 | load time: 0.0021 | back time: 0.3985 | lr: 0.00007570 | best AP50 acc: 0.5254 | best AP70 acc: 0.3894 | best mAP acc: 0.3705 | best mAR acc: 0.4998 | best Score: 0.3705 | best Score epoch: 21 
epoch 22, iter 2601: loss: 0.0083 | load time: 0.0021 | back time: 0.3977 | lr: 0.00007559 | best AP50 acc: 0.5254 | best AP70 acc: 0.3894 | best mAP acc: 0.3705 | best mAR acc: 0.4998 | best Score: 0.3705 | best Score epoch: 21 
epoch 22, iter 2801: loss: 0.0090 | load time: 0.0018 | back time: 0.3876 | lr: 0.00007547 | best AP50 acc: 0.5254 | best AP70 acc: 0.3894 | best mAP acc: 0.3705 | best mAR acc: 0.4998 | best Score: 0.3705 | best Score epoch: 21 
epoch 22, iter 3001: loss: 0.0088 | load time: 0.0019 | back time: 0.3890 | lr: 0.00007536 | best AP50 acc: 0.5254 | best AP70 acc: 0.3894 | best mAP acc: 0.3705 | best mAR acc: 0.4998 | best Score: 0.3705 | best Score epoch: 21 
epoch 22, iter 3201: loss: 0.0136 | load time: 0.0021 | back time: 0.3964 | lr: 0.00007525 | best AP50 acc: 0.5254 | best AP70 acc: 0.3894 | best mAP acc: 0.3705 | best mAR acc: 0.4998 | best Score: 0.3705 | best Score epoch: 21 
epoch 22, iter 3401: loss: 0.0083 | load time: 0.0022 | back time: 0.3869 | lr: 0.00007514 | best AP50 acc: 0.5254 | best AP70 acc: 0.3894 | best mAP acc: 0.3705 | best mAR acc: 0.4998 | best Score: 0.3705 | best Score epoch: 21 
epoch 22, iter 3601: loss: 0.0095 | load time: 0.0022 | back time: 0.3837 | lr: 0.00007502 | best AP50 acc: 0.5254 | best AP70 acc: 0.3894 | best mAP acc: 0.3705 | best mAR acc: 0.4998 | best Score: 0.3705 | best Score epoch: 21 
epoch 22, iter 3801: loss: 0.0085 | load time: 0.0024 | back time: 0.3943 | lr: 0.00007491 | best AP50 acc: 0.5254 | best AP70 acc: 0.3894 | best mAP acc: 0.3705 | best mAR acc: 0.4998 | best Score: 0.3705 | best Score epoch: 21 
epoch 22, iter 4001: loss: 0.0080 | load time: 0.0022 | back time: 0.3842 | lr: 0.00007480 | best AP50 acc: 0.5254 | best AP70 acc: 0.3894 | best mAP acc: 0.3705 | best mAR acc: 0.4998 | best Score: 0.3705 | best Score epoch: 21 
epoch 22, iter 4201: loss: 0.0083 | load time: 0.0022 | back time: 0.3931 | lr: 0.00007469 | best AP50 acc: 0.5254 | best AP70 acc: 0.3894 | best mAP acc: 0.3705 | best mAR acc: 0.4998 | best Score: 0.3705 | best Score epoch: 21 
epoch 22, iter 4401: loss: 0.0085 | load time: 0.0022 | back time: 0.4038 | lr: 0.00007457 | best AP50 acc: 0.5254 | best AP70 acc: 0.3894 | best mAP acc: 0.3705 | best mAR acc: 0.4998 | best Score: 0.3705 | best Score epoch: 21 
epoch 22, iter 4601: loss: 0.0083 | load time: 0.0022 | back time: 0.3836 | lr: 0.00007446 | best AP50 acc: 0.5254 | best AP70 acc: 0.3894 | best mAP acc: 0.3705 | best mAR acc: 0.4998 | best Score: 0.3705 | best Score epoch: 21 
UAV_SEQS_2 | mAP50:90: 0.3359 | AP50: 1.1673 | AP70: 0.2573 
UAV_SEQS_37 | mAP50:90: 74.4206 | AP50: 92.6241 | AP70: 81.2827 
UAV_SEQS_45 | mAP50:90: 72.1755 | AP50: 95.1668 | AP70: 80.6832 
UAV_SEQS_47 | mAP50:90: 87.1330 | AP50: 98.9178 | AP70: 89.7636 
UAV_SEQS_55 | mAP50:90: 19.7358 | AP50: 36.9707 | AP70: 18.9363 
UAV_SEQS_59 | mAP50:90: 45.0516 | AP50: 78.8844 | AP70: 45.6060 
UAV_SEQS_6 | mAP50:90: 13.5641 | AP50: 24.0461 | AP70: 14.5545 
UAV_SEQS_63 | mAP50:90: 45.6504 | AP50: 83.5423 | AP70: 46.2001 
UAV_SEQS_65 | mAP50:90: 75.8715 | AP50: 90.9371 | AP70: 81.4465 
UAV_SEQS_7 | mAP50:90: 1.0106 | AP50: 4.5225 | AP70: 0.3799 
UAV_SEQS_71 | mAP50:90: 9.1282 | AP50: 26.0092 | AP70: 5.1496 
UAV_SEQS_73 | mAP50:90: 43.1490 | AP50: 70.9667 | AP70: 45.7689 
UAV_SEQS_74 | mAP50:90: 86.9742 | AP50: 91.5634 | AP70: 90.6052 
UAV_SEQS_77 | mAP50:90: 7.1787 | AP50: 9.6991 | AP70: 7.9394 
UAV_SEQS_8 | mAP50:90: 0.5672 | AP50: 1.5008 | AP70: 0.3569 
Overall            | mAP50:95: 36.6903 | AP50: 52.1436 | AP70: 38.5922 
epoch 23, iter    1: loss: 0.0082 | load time: 0.0023 | back time: 0.1203 | lr: 0.00007435 | best AP50 acc: 0.5254 | best AP70 acc: 0.3894 | best mAP acc: 0.3705 | best mAR acc: 0.4998 | best Score: 0.3705 | best Score epoch: 21 
epoch 23, iter  201: loss: 0.0096 | load time: 0.0018 | back time: 0.3901 | lr: 0.00007423 | best AP50 acc: 0.5254 | best AP70 acc: 0.3894 | best mAP acc: 0.3705 | best mAR acc: 0.4998 | best Score: 0.3705 | best Score epoch: 21 
epoch 23, iter  401: loss: 0.0077 | load time: 0.0022 | back time: 0.3919 | lr: 0.00007412 | best AP50 acc: 0.5254 | best AP70 acc: 0.3894 | best mAP acc: 0.3705 | best mAR acc: 0.4998 | best Score: 0.3705 | best Score epoch: 21 
epoch 23, iter  601: loss: 0.0086 | load time: 0.0021 | back time: 0.3776 | lr: 0.00007400 | best AP50 acc: 0.5254 | best AP70 acc: 0.3894 | best mAP acc: 0.3705 | best mAR acc: 0.4998 | best Score: 0.3705 | best Score epoch: 21 
epoch 23, iter  801: loss: 0.0080 | load time: 0.0021 | back time: 0.3843 | lr: 0.00007389 | best AP50 acc: 0.5254 | best AP70 acc: 0.3894 | best mAP acc: 0.3705 | best mAR acc: 0.4998 | best Score: 0.3705 | best Score epoch: 21 
epoch 23, iter 1001: loss: 0.0084 | load time: 0.0022 | back time: 0.3903 | lr: 0.00007378 | best AP50 acc: 0.5254 | best AP70 acc: 0.3894 | best mAP acc: 0.3705 | best mAR acc: 0.4998 | best Score: 0.3705 | best Score epoch: 21 
epoch 23, iter 1201: loss: 0.0080 | load time: 0.0020 | back time: 0.4045 | lr: 0.00007366 | best AP50 acc: 0.5254 | best AP70 acc: 0.3894 | best mAP acc: 0.3705 | best mAR acc: 0.4998 | best Score: 0.3705 | best Score epoch: 21 
epoch 23, iter 1401: loss: 0.0091 | load time: 0.0022 | back time: 0.3892 | lr: 0.00007355 | best AP50 acc: 0.5254 | best AP70 acc: 0.3894 | best mAP acc: 0.3705 | best mAR acc: 0.4998 | best Score: 0.3705 | best Score epoch: 21 
epoch 23, iter 1601: loss: 0.0089 | load time: 0.0019 | back time: 0.3778 | lr: 0.00007343 | best AP50 acc: 0.5254 | best AP70 acc: 0.3894 | best mAP acc: 0.3705 | best mAR acc: 0.4998 | best Score: 0.3705 | best Score epoch: 21 
epoch 23, iter 1801: loss: 0.0087 | load time: 0.0021 | back time: 0.3943 | lr: 0.00007332 | best AP50 acc: 0.5254 | best AP70 acc: 0.3894 | best mAP acc: 0.3705 | best mAR acc: 0.4998 | best Score: 0.3705 | best Score epoch: 21 
epoch 23, iter 2001: loss: 0.0080 | load time: 0.0020 | back time: 0.3835 | lr: 0.00007320 | best AP50 acc: 0.5254 | best AP70 acc: 0.3894 | best mAP acc: 0.3705 | best mAR acc: 0.4998 | best Score: 0.3705 | best Score epoch: 21 
epoch 23, iter 2201: loss: 0.0085 | load time: 0.0020 | back time: 0.3847 | lr: 0.00007309 | best AP50 acc: 0.5254 | best AP70 acc: 0.3894 | best mAP acc: 0.3705 | best mAR acc: 0.4998 | best Score: 0.3705 | best Score epoch: 21 
epoch 23, iter 2401: loss: 0.0082 | load time: 0.0023 | back time: 0.3935 | lr: 0.00007297 | best AP50 acc: 0.5254 | best AP70 acc: 0.3894 | best mAP acc: 0.3705 | best mAR acc: 0.4998 | best Score: 0.3705 | best Score epoch: 21 
epoch 23, iter 2601: loss: 0.0084 | load time: 0.0021 | back time: 0.3943 | lr: 0.00007286 | best AP50 acc: 0.5254 | best AP70 acc: 0.3894 | best mAP acc: 0.3705 | best mAR acc: 0.4998 | best Score: 0.3705 | best Score epoch: 21 
epoch 23, iter 2801: loss: 0.0086 | load time: 0.0018 | back time: 0.3869 | lr: 0.00007274 | best AP50 acc: 0.5254 | best AP70 acc: 0.3894 | best mAP acc: 0.3705 | best mAR acc: 0.4998 | best Score: 0.3705 | best Score epoch: 21 
epoch 23, iter 3001: loss: 0.0083 | load time: 0.0023 | back time: 0.3879 | lr: 0.00007262 | best AP50 acc: 0.5254 | best AP70 acc: 0.3894 | best mAP acc: 0.3705 | best mAR acc: 0.4998 | best Score: 0.3705 | best Score epoch: 21 
epoch 23, iter 3201: loss: 0.0094 | load time: 0.0026 | back time: 0.3840 | lr: 0.00007251 | best AP50 acc: 0.5254 | best AP70 acc: 0.3894 | best mAP acc: 0.3705 | best mAR acc: 0.4998 | best Score: 0.3705 | best Score epoch: 21 
epoch 23, iter 3401: loss: 0.0082 | load time: 0.0020 | back time: 0.3846 | lr: 0.00007239 | best AP50 acc: 0.5254 | best AP70 acc: 0.3894 | best mAP acc: 0.3705 | best mAR acc: 0.4998 | best Score: 0.3705 | best Score epoch: 21 
epoch 23, iter 3601: loss: 0.0081 | load time: 0.0023 | back time: 0.3906 | lr: 0.00007228 | best AP50 acc: 0.5254 | best AP70 acc: 0.3894 | best mAP acc: 0.3705 | best mAR acc: 0.4998 | best Score: 0.3705 | best Score epoch: 21 
epoch 23, iter 3801: loss: 0.0083 | load time: 0.0020 | back time: 0.3917 | lr: 0.00007216 | best AP50 acc: 0.5254 | best AP70 acc: 0.3894 | best mAP acc: 0.3705 | best mAR acc: 0.4998 | best Score: 0.3705 | best Score epoch: 21 
epoch 23, iter 4001: loss: 0.0086 | load time: 0.0022 | back time: 0.3788 | lr: 0.00007204 | best AP50 acc: 0.5254 | best AP70 acc: 0.3894 | best mAP acc: 0.3705 | best mAR acc: 0.4998 | best Score: 0.3705 | best Score epoch: 21 
epoch 23, iter 4201: loss: 0.0085 | load time: 0.0019 | back time: 0.3919 | lr: 0.00007193 | best AP50 acc: 0.5254 | best AP70 acc: 0.3894 | best mAP acc: 0.3705 | best mAR acc: 0.4998 | best Score: 0.3705 | best Score epoch: 21 
epoch 23, iter 4401: loss: 0.0080 | load time: 0.0019 | back time: 0.3902 | lr: 0.00007181 | best AP50 acc: 0.5254 | best AP70 acc: 0.3894 | best mAP acc: 0.3705 | best mAR acc: 0.4998 | best Score: 0.3705 | best Score epoch: 21 
epoch 23, iter 4601: loss: 0.0089 | load time: 0.0019 | back time: 0.3912 | lr: 0.00007169 | best AP50 acc: 0.5254 | best AP70 acc: 0.3894 | best mAP acc: 0.3705 | best mAR acc: 0.4998 | best Score: 0.3705 | best Score epoch: 21 
UAV_SEQS_2 | mAP50:90: 0.2089 | AP50: 0.6958 | AP70: 0.1343 
UAV_SEQS_37 | mAP50:90: 78.5607 | AP50: 92.3712 | AP70: 82.9037 
UAV_SEQS_45 | mAP50:90: 62.1125 | AP50: 90.5814 | AP70: 68.3620 
UAV_SEQS_47 | mAP50:90: 89.1754 | AP50: 98.8306 | AP70: 92.3097 
UAV_SEQS_55 | mAP50:90: 24.2980 | AP50: 41.5320 | AP70: 23.8191 
UAV_SEQS_59 | mAP50:90: 48.1819 | AP50: 81.9007 | AP70: 49.3351 
UAV_SEQS_6 | mAP50:90: 8.5252 | AP50: 13.0031 | AP70: 8.7756 
UAV_SEQS_63 | mAP50:90: 8.4964 | AP50: 25.5754 | AP70: 5.8121 
UAV_SEQS_65 | mAP50:90: 75.1877 | AP50: 88.2664 | AP70: 83.2700 
UAV_SEQS_7 | mAP50:90: 1.4287 | AP50: 7.1196 | AP70: 0.3944 
UAV_SEQS_71 | mAP50:90: 11.8314 | AP50: 31.1550 | AP70: 9.1091 
UAV_SEQS_73 | mAP50:90: 43.1945 | AP50: 68.2258 | AP70: 46.0146 
UAV_SEQS_74 | mAP50:90: 87.1344 | AP50: 94.0191 | AP70: 91.6540 
UAV_SEQS_77 | mAP50:90: 5.9345 | AP50: 8.5150 | AP70: 7.4499 
UAV_SEQS_8 | mAP50:90: 0.4692 | AP50: 1.1001 | AP70: 0.4243 
Overall            | mAP50:95: 34.3699 | AP50: 49.0988 | AP70: 36.3847 
epoch 24, iter    1: loss: 0.0083 | load time: 0.0029 | back time: 0.1259 | lr: 0.00007158 | best AP50 acc: 0.5254 | best AP70 acc: 0.3894 | best mAP acc: 0.3705 | best mAR acc: 0.4998 | best Score: 0.3705 | best Score epoch: 21 
epoch 24, iter  201: loss: 0.0081 | load time: 0.0022 | back time: 0.3952 | lr: 0.00007146 | best AP50 acc: 0.5254 | best AP70 acc: 0.3894 | best mAP acc: 0.3705 | best mAR acc: 0.4998 | best Score: 0.3705 | best Score epoch: 21 
epoch 24, iter  401: loss: 0.0080 | load time: 0.0022 | back time: 0.3842 | lr: 0.00007134 | best AP50 acc: 0.5254 | best AP70 acc: 0.3894 | best mAP acc: 0.3705 | best mAR acc: 0.4998 | best Score: 0.3705 | best Score epoch: 21 
epoch 24, iter  601: loss: 0.0081 | load time: 0.0021 | back time: 0.3843 | lr: 0.00007122 | best AP50 acc: 0.5254 | best AP70 acc: 0.3894 | best mAP acc: 0.3705 | best mAR acc: 0.4998 | best Score: 0.3705 | best Score epoch: 21 
epoch 24, iter  801: loss: 0.0081 | load time: 0.0019 | back time: 0.3907 | lr: 0.00007111 | best AP50 acc: 0.5254 | best AP70 acc: 0.3894 | best mAP acc: 0.3705 | best mAR acc: 0.4998 | best Score: 0.3705 | best Score epoch: 21 
epoch 24, iter 1001: loss: 0.0080 | load time: 0.0027 | back time: 0.3995 | lr: 0.00007099 | best AP50 acc: 0.5254 | best AP70 acc: 0.3894 | best mAP acc: 0.3705 | best mAR acc: 0.4998 | best Score: 0.3705 | best Score epoch: 21 
epoch 24, iter 1201: loss: 0.0086 | load time: 0.0022 | back time: 0.3901 | lr: 0.00007087 | best AP50 acc: 0.5254 | best AP70 acc: 0.3894 | best mAP acc: 0.3705 | best mAR acc: 0.4998 | best Score: 0.3705 | best Score epoch: 21 
epoch 24, iter 1401: loss: 0.0081 | load time: 0.0022 | back time: 0.3976 | lr: 0.00007075 | best AP50 acc: 0.5254 | best AP70 acc: 0.3894 | best mAP acc: 0.3705 | best mAR acc: 0.4998 | best Score: 0.3705 | best Score epoch: 21 
epoch 24, iter 1601: loss: 0.0080 | load time: 0.0019 | back time: 0.3835 | lr: 0.00007063 | best AP50 acc: 0.5254 | best AP70 acc: 0.3894 | best mAP acc: 0.3705 | best mAR acc: 0.4998 | best Score: 0.3705 | best Score epoch: 21 
epoch 24, iter 1801: loss: 0.0083 | load time: 0.0023 | back time: 0.3915 | lr: 0.00007051 | best AP50 acc: 0.5254 | best AP70 acc: 0.3894 | best mAP acc: 0.3705 | best mAR acc: 0.4998 | best Score: 0.3705 | best Score epoch: 21 
epoch 24, iter 2001: loss: 0.0089 | load time: 0.0021 | back time: 0.3880 | lr: 0.00007040 | best AP50 acc: 0.5254 | best AP70 acc: 0.3894 | best mAP acc: 0.3705 | best mAR acc: 0.4998 | best Score: 0.3705 | best Score epoch: 21 
epoch 24, iter 2201: loss: 0.0081 | load time: 0.0022 | back time: 0.4035 | lr: 0.00007028 | best AP50 acc: 0.5254 | best AP70 acc: 0.3894 | best mAP acc: 0.3705 | best mAR acc: 0.4998 | best Score: 0.3705 | best Score epoch: 21 
epoch 24, iter 2401: loss: 0.0085 | load time: 0.0020 | back time: 0.3903 | lr: 0.00007016 | best AP50 acc: 0.5254 | best AP70 acc: 0.3894 | best mAP acc: 0.3705 | best mAR acc: 0.4998 | best Score: 0.3705 | best Score epoch: 21 
epoch 24, iter 2601: loss: 0.0086 | load time: 0.0021 | back time: 0.3824 | lr: 0.00007004 | best AP50 acc: 0.5254 | best AP70 acc: 0.3894 | best mAP acc: 0.3705 | best mAR acc: 0.4998 | best Score: 0.3705 | best Score epoch: 21 
epoch 24, iter 2801: loss: 0.0084 | load time: 0.0022 | back time: 0.3900 | lr: 0.00006992 | best AP50 acc: 0.5254 | best AP70 acc: 0.3894 | best mAP acc: 0.3705 | best mAR acc: 0.4998 | best Score: 0.3705 | best Score epoch: 21 
epoch 24, iter 3001: loss: 0.0082 | load time: 0.0021 | back time: 0.3913 | lr: 0.00006980 | best AP50 acc: 0.5254 | best AP70 acc: 0.3894 | best mAP acc: 0.3705 | best mAR acc: 0.4998 | best Score: 0.3705 | best Score epoch: 21 
epoch 24, iter 3201: loss: 0.0083 | load time: 0.0019 | back time: 0.3940 | lr: 0.00006968 | best AP50 acc: 0.5254 | best AP70 acc: 0.3894 | best mAP acc: 0.3705 | best mAR acc: 0.4998 | best Score: 0.3705 | best Score epoch: 21 
epoch 24, iter 3401: loss: 0.0098 | load time: 0.0020 | back time: 0.3810 | lr: 0.00006956 | best AP50 acc: 0.5254 | best AP70 acc: 0.3894 | best mAP acc: 0.3705 | best mAR acc: 0.4998 | best Score: 0.3705 | best Score epoch: 21 
epoch 24, iter 3601: loss: 0.0084 | load time: 0.0020 | back time: 0.3843 | lr: 0.00006944 | best AP50 acc: 0.5254 | best AP70 acc: 0.3894 | best mAP acc: 0.3705 | best mAR acc: 0.4998 | best Score: 0.3705 | best Score epoch: 21 
epoch 24, iter 3801: loss: 0.0082 | load time: 0.0022 | back time: 0.3895 | lr: 0.00006932 | best AP50 acc: 0.5254 | best AP70 acc: 0.3894 | best mAP acc: 0.3705 | best mAR acc: 0.4998 | best Score: 0.3705 | best Score epoch: 21 
epoch 24, iter 4001: loss: 0.0082 | load time: 0.0021 | back time: 0.3843 | lr: 0.00006920 | best AP50 acc: 0.5254 | best AP70 acc: 0.3894 | best mAP acc: 0.3705 | best mAR acc: 0.4998 | best Score: 0.3705 | best Score epoch: 21 
epoch 24, iter 4201: loss: 0.0082 | load time: 0.0021 | back time: 0.3919 | lr: 0.00006908 | best AP50 acc: 0.5254 | best AP70 acc: 0.3894 | best mAP acc: 0.3705 | best mAR acc: 0.4998 | best Score: 0.3705 | best Score epoch: 21 
epoch 24, iter 4401: loss: 0.0084 | load time: 0.0019 | back time: 0.3802 | lr: 0.00006896 | best AP50 acc: 0.5254 | best AP70 acc: 0.3894 | best mAP acc: 0.3705 | best mAR acc: 0.4998 | best Score: 0.3705 | best Score epoch: 21 
epoch 24, iter 4601: loss: 0.0081 | load time: 0.0023 | back time: 0.3932 | lr: 0.00006884 | best AP50 acc: 0.5254 | best AP70 acc: 0.3894 | best mAP acc: 0.3705 | best mAR acc: 0.4998 | best Score: 0.3705 | best Score epoch: 21 
UAV_SEQS_2 | mAP50:90: 0.0470 | AP50: 0.1574 | AP70: 0.0298 
UAV_SEQS_37 | mAP50:90: 76.2901 | AP50: 92.8851 | AP70: 81.0956 
UAV_SEQS_45 | mAP50:90: 77.7786 | AP50: 95.5557 | AP70: 89.0588 
UAV_SEQS_47 | mAP50:90: 93.5235 | AP50: 98.9109 | AP70: 96.7188 
UAV_SEQS_55 | mAP50:90: 16.5796 | AP50: 30.8305 | AP70: 15.5599 
UAV_SEQS_59 | mAP50:90: 53.2517 | AP50: 83.7133 | AP70: 52.6799 
UAV_SEQS_6 | mAP50:90: 14.0531 | AP50: 23.2684 | AP70: 14.4777 
UAV_SEQS_63 | mAP50:90: 71.7734 | AP50: 89.7986 | AP70: 80.2250 
UAV_SEQS_65 | mAP50:90: 75.6287 | AP50: 87.3794 | AP70: 82.7564 
UAV_SEQS_7 | mAP50:90: 2.3116 | AP50: 9.6989 | AP70: 0.6446 
UAV_SEQS_71 | mAP50:90: 9.6296 | AP50: 27.3913 | AP70: 5.2733 
UAV_SEQS_73 | mAP50:90: 35.4365 | AP50: 65.9229 | AP70: 38.4845 
UAV_SEQS_74 | mAP50:90: 88.6693 | AP50: 94.2027 | AP70: 92.8995 
UAV_SEQS_77 | mAP50:90: 23.7450 | AP50: 33.3320 | AP70: 28.4181 
UAV_SEQS_8 | mAP50:90: 0.1372 | AP50: 0.3423 | AP70: 0.0806 
Overall            | mAP50:95: 35.9067 | AP50: 49.9258 | AP70: 37.9901 
epoch 25, iter    1: loss: 0.0081 | load time: 0.0027 | back time: 0.1264 | lr: 0.00006872 | best AP50 acc: 0.5254 | best AP70 acc: 0.3894 | best mAP acc: 0.3705 | best mAR acc: 0.4998 | best Score: 0.3705 | best Score epoch: 21 
epoch 25, iter  201: loss: 0.0082 | load time: 0.0026 | back time: 0.3895 | lr: 0.00006860 | best AP50 acc: 0.5254 | best AP70 acc: 0.3894 | best mAP acc: 0.3705 | best mAR acc: 0.4998 | best Score: 0.3705 | best Score epoch: 21 
epoch 25, iter  401: loss: 0.0084 | load time: 0.0021 | back time: 0.3990 | lr: 0.00006848 | best AP50 acc: 0.5254 | best AP70 acc: 0.3894 | best mAP acc: 0.3705 | best mAR acc: 0.4998 | best Score: 0.3705 | best Score epoch: 21 
epoch 25, iter  601: loss: 0.0081 | load time: 0.0023 | back time: 0.3946 | lr: 0.00006836 | best AP50 acc: 0.5254 | best AP70 acc: 0.3894 | best mAP acc: 0.3705 | best mAR acc: 0.4998 | best Score: 0.3705 | best Score epoch: 21 
epoch 25, iter  801: loss: 0.0084 | load time: 0.0020 | back time: 0.3951 | lr: 0.00006824 | best AP50 acc: 0.5254 | best AP70 acc: 0.3894 | best mAP acc: 0.3705 | best mAR acc: 0.4998 | best Score: 0.3705 | best Score epoch: 21 
epoch 25, iter 1001: loss: 0.0085 | load time: 0.0021 | back time: 0.4019 | lr: 0.00006812 | best AP50 acc: 0.5254 | best AP70 acc: 0.3894 | best mAP acc: 0.3705 | best mAR acc: 0.4998 | best Score: 0.3705 | best Score epoch: 21 
epoch 25, iter 1201: loss: 0.0086 | load time: 0.0019 | back time: 0.3871 | lr: 0.00006800 | best AP50 acc: 0.5254 | best AP70 acc: 0.3894 | best mAP acc: 0.3705 | best mAR acc: 0.4998 | best Score: 0.3705 | best Score epoch: 21 
epoch 25, iter 1401: loss: 0.0081 | load time: 0.0021 | back time: 0.3917 | lr: 0.00006788 | best AP50 acc: 0.5254 | best AP70 acc: 0.3894 | best mAP acc: 0.3705 | best mAR acc: 0.4998 | best Score: 0.3705 | best Score epoch: 21 
epoch 25, iter 1601: loss: 0.0081 | load time: 0.0021 | back time: 0.3860 | lr: 0.00006775 | best AP50 acc: 0.5254 | best AP70 acc: 0.3894 | best mAP acc: 0.3705 | best mAR acc: 0.4998 | best Score: 0.3705 | best Score epoch: 21 
epoch 25, iter 1801: loss: 0.0081 | load time: 0.0021 | back time: 0.4005 | lr: 0.00006763 | best AP50 acc: 0.5254 | best AP70 acc: 0.3894 | best mAP acc: 0.3705 | best mAR acc: 0.4998 | best Score: 0.3705 | best Score epoch: 21 
epoch 25, iter 2001: loss: 0.0078 | load time: 0.0021 | back time: 0.3846 | lr: 0.00006751 | best AP50 acc: 0.5254 | best AP70 acc: 0.3894 | best mAP acc: 0.3705 | best mAR acc: 0.4998 | best Score: 0.3705 | best Score epoch: 21 
epoch 25, iter 2201: loss: 0.0081 | load time: 0.0022 | back time: 0.3902 | lr: 0.00006739 | best AP50 acc: 0.5254 | best AP70 acc: 0.3894 | best mAP acc: 0.3705 | best mAR acc: 0.4998 | best Score: 0.3705 | best Score epoch: 21 
epoch 25, iter 2401: loss: 0.0084 | load time: 0.0019 | back time: 0.3852 | lr: 0.00006727 | best AP50 acc: 0.5254 | best AP70 acc: 0.3894 | best mAP acc: 0.3705 | best mAR acc: 0.4998 | best Score: 0.3705 | best Score epoch: 21 
epoch 25, iter 2601: loss: 0.0084 | load time: 0.0021 | back time: 0.4023 | lr: 0.00006714 | best AP50 acc: 0.5254 | best AP70 acc: 0.3894 | best mAP acc: 0.3705 | best mAR acc: 0.4998 | best Score: 0.3705 | best Score epoch: 21 
epoch 25, iter 2801: loss: 0.0083 | load time: 0.0021 | back time: 0.3868 | lr: 0.00006702 | best AP50 acc: 0.5254 | best AP70 acc: 0.3894 | best mAP acc: 0.3705 | best mAR acc: 0.4998 | best Score: 0.3705 | best Score epoch: 21 
epoch 25, iter 3001: loss: 0.0084 | load time: 0.0021 | back time: 0.3920 | lr: 0.00006690 | best AP50 acc: 0.5254 | best AP70 acc: 0.3894 | best mAP acc: 0.3705 | best mAR acc: 0.4998 | best Score: 0.3705 | best Score epoch: 21 
epoch 25, iter 3201: loss: 0.0082 | load time: 0.0022 | back time: 0.3885 | lr: 0.00006678 | best AP50 acc: 0.5254 | best AP70 acc: 0.3894 | best mAP acc: 0.3705 | best mAR acc: 0.4998 | best Score: 0.3705 | best Score epoch: 21 
epoch 25, iter 3401: loss: 0.0081 | load time: 0.0022 | back time: 0.3919 | lr: 0.00006666 | best AP50 acc: 0.5254 | best AP70 acc: 0.3894 | best mAP acc: 0.3705 | best mAR acc: 0.4998 | best Score: 0.3705 | best Score epoch: 21 
epoch 25, iter 3601: loss: 0.0080 | load time: 0.0022 | back time: 0.4054 | lr: 0.00006653 | best AP50 acc: 0.5254 | best AP70 acc: 0.3894 | best mAP acc: 0.3705 | best mAR acc: 0.4998 | best Score: 0.3705 | best Score epoch: 21 
epoch 25, iter 3801: loss: 0.0083 | load time: 0.0022 | back time: 0.3860 | lr: 0.00006641 | best AP50 acc: 0.5254 | best AP70 acc: 0.3894 | best mAP acc: 0.3705 | best mAR acc: 0.4998 | best Score: 0.3705 | best Score epoch: 21 
epoch 25, iter 4001: loss: 0.0088 | load time: 0.0020 | back time: 0.3877 | lr: 0.00006629 | best AP50 acc: 0.5254 | best AP70 acc: 0.3894 | best mAP acc: 0.3705 | best mAR acc: 0.4998 | best Score: 0.3705 | best Score epoch: 21 
epoch 25, iter 4201: loss: 0.0080 | load time: 0.0019 | back time: 0.3839 | lr: 0.00006616 | best AP50 acc: 0.5254 | best AP70 acc: 0.3894 | best mAP acc: 0.3705 | best mAR acc: 0.4998 | best Score: 0.3705 | best Score epoch: 21 
epoch 25, iter 4401: loss: 0.0081 | load time: 0.0021 | back time: 0.3830 | lr: 0.00006604 | best AP50 acc: 0.5254 | best AP70 acc: 0.3894 | best mAP acc: 0.3705 | best mAR acc: 0.4998 | best Score: 0.3705 | best Score epoch: 21 
epoch 25, iter 4601: loss: 0.0082 | load time: 0.0025 | back time: 0.3905 | lr: 0.00006592 | best AP50 acc: 0.5254 | best AP70 acc: 0.3894 | best mAP acc: 0.3705 | best mAR acc: 0.4998 | best Score: 0.3705 | best Score epoch: 21 
UAV_SEQS_2 | mAP50:90: 0.3731 | AP50: 0.9771 | AP70: 0.2103 
UAV_SEQS_37 | mAP50:90: 74.1464 | AP50: 90.6376 | AP70: 79.7281 
UAV_SEQS_45 | mAP50:90: 79.6945 | AP50: 97.2421 | AP70: 86.9677 
UAV_SEQS_47 | mAP50:90: 79.3795 | AP50: 97.8382 | AP70: 84.5650 
UAV_SEQS_55 | mAP50:90: 22.9756 | AP50: 45.4233 | AP70: 20.9555 
UAV_SEQS_59 | mAP50:90: 47.9647 | AP50: 79.7996 | AP70: 40.5975 
UAV_SEQS_6 | mAP50:90: 16.6867 | AP50: 27.7467 | AP70: 17.4745 
UAV_SEQS_63 | mAP50:90: 38.3262 | AP50: 73.9118 | AP70: 36.0554 
UAV_SEQS_65 | mAP50:90: 69.9051 | AP50: 88.5905 | AP70: 76.8751 
UAV_SEQS_7 | mAP50:90: 0.4406 | AP50: 2.1976 | AP70: 0.0843 
UAV_SEQS_71 | mAP50:90: 10.9711 | AP50: 29.9808 | AP70: 7.9461 
UAV_SEQS_73 | mAP50:90: 40.2475 | AP50: 64.2963 | AP70: 43.3948 
UAV_SEQS_74 | mAP50:90: 91.4949 | AP50: 95.9923 | AP70: 94.7621 
UAV_SEQS_77 | mAP50:90: 15.2002 | AP50: 23.5758 | AP70: 18.7338 
UAV_SEQS_8 | mAP50:90: 0.2165 | AP50: 0.5059 | AP70: 0.1590 
Overall            | mAP50:95: 35.5457 | AP50: 50.3439 | AP70: 36.9690 
epoch 26, iter    1: loss: 0.0084 | load time: 0.0022 | back time: 0.1104 | lr: 0.00006580 | best AP50 acc: 0.5254 | best AP70 acc: 0.3894 | best mAP acc: 0.3705 | best mAR acc: 0.4998 | best Score: 0.3705 | best Score epoch: 21 
epoch 26, iter  201: loss: 0.0080 | load time: 0.0020 | back time: 0.3837 | lr: 0.00006567 | best AP50 acc: 0.5254 | best AP70 acc: 0.3894 | best mAP acc: 0.3705 | best mAR acc: 0.4998 | best Score: 0.3705 | best Score epoch: 21 
epoch 26, iter  401: loss: 0.0081 | load time: 0.0024 | back time: 0.3996 | lr: 0.00006555 | best AP50 acc: 0.5254 | best AP70 acc: 0.3894 | best mAP acc: 0.3705 | best mAR acc: 0.4998 | best Score: 0.3705 | best Score epoch: 21 
epoch 26, iter  601: loss: 0.0082 | load time: 0.0021 | back time: 0.3926 | lr: 0.00006543 | best AP50 acc: 0.5254 | best AP70 acc: 0.3894 | best mAP acc: 0.3705 | best mAR acc: 0.4998 | best Score: 0.3705 | best Score epoch: 21 
epoch 26, iter  801: loss: 0.0080 | load time: 0.0022 | back time: 0.3839 | lr: 0.00006530 | best AP50 acc: 0.5254 | best AP70 acc: 0.3894 | best mAP acc: 0.3705 | best mAR acc: 0.4998 | best Score: 0.3705 | best Score epoch: 21 
epoch 26, iter 1001: loss: 0.0080 | load time: 0.0021 | back time: 0.4055 | lr: 0.00006518 | best AP50 acc: 0.5254 | best AP70 acc: 0.3894 | best mAP acc: 0.3705 | best mAR acc: 0.4998 | best Score: 0.3705 | best Score epoch: 21 
epoch 26, iter 1201: loss: 0.0081 | load time: 0.0021 | back time: 0.3882 | lr: 0.00006505 | best AP50 acc: 0.5254 | best AP70 acc: 0.3894 | best mAP acc: 0.3705 | best mAR acc: 0.4998 | best Score: 0.3705 | best Score epoch: 21 
epoch 26, iter 1401: loss: 0.0080 | load time: 0.0022 | back time: 0.3907 | lr: 0.00006493 | best AP50 acc: 0.5254 | best AP70 acc: 0.3894 | best mAP acc: 0.3705 | best mAR acc: 0.4998 | best Score: 0.3705 | best Score epoch: 21 
epoch 26, iter 1601: loss: 0.0082 | load time: 0.0029 | back time: 0.3920 | lr: 0.00006481 | best AP50 acc: 0.5254 | best AP70 acc: 0.3894 | best mAP acc: 0.3705 | best mAR acc: 0.4998 | best Score: 0.3705 | best Score epoch: 21 
epoch 26, iter 1801: loss: 0.0097 | load time: 0.0022 | back time: 0.4058 | lr: 0.00006468 | best AP50 acc: 0.5254 | best AP70 acc: 0.3894 | best mAP acc: 0.3705 | best mAR acc: 0.4998 | best Score: 0.3705 | best Score epoch: 21 
epoch 26, iter 2001: loss: 0.0081 | load time: 0.0020 | back time: 0.3936 | lr: 0.00006456 | best AP50 acc: 0.5254 | best AP70 acc: 0.3894 | best mAP acc: 0.3705 | best mAR acc: 0.4998 | best Score: 0.3705 | best Score epoch: 21 
epoch 26, iter 2201: loss: 0.0085 | load time: 0.0020 | back time: 0.3982 | lr: 0.00006443 | best AP50 acc: 0.5254 | best AP70 acc: 0.3894 | best mAP acc: 0.3705 | best mAR acc: 0.4998 | best Score: 0.3705 | best Score epoch: 21 
epoch 26, iter 2401: loss: 0.0080 | load time: 0.0021 | back time: 0.3883 | lr: 0.00006431 | best AP50 acc: 0.5254 | best AP70 acc: 0.3894 | best mAP acc: 0.3705 | best mAR acc: 0.4998 | best Score: 0.3705 | best Score epoch: 21 
epoch 26, iter 2601: loss: 0.0081 | load time: 0.0021 | back time: 0.3921 | lr: 0.00006418 | best AP50 acc: 0.5254 | best AP70 acc: 0.3894 | best mAP acc: 0.3705 | best mAR acc: 0.4998 | best Score: 0.3705 | best Score epoch: 21 
epoch 26, iter 2801: loss: 0.0086 | load time: 0.0022 | back time: 0.3982 | lr: 0.00006406 | best AP50 acc: 0.5254 | best AP70 acc: 0.3894 | best mAP acc: 0.3705 | best mAR acc: 0.4998 | best Score: 0.3705 | best Score epoch: 21 
epoch 26, iter 3001: loss: 0.0081 | load time: 0.0019 | back time: 0.3853 | lr: 0.00006394 | best AP50 acc: 0.5254 | best AP70 acc: 0.3894 | best mAP acc: 0.3705 | best mAR acc: 0.4998 | best Score: 0.3705 | best Score epoch: 21 
epoch 26, iter 3201: loss: 0.0081 | load time: 0.0022 | back time: 0.3851 | lr: 0.00006381 | best AP50 acc: 0.5254 | best AP70 acc: 0.3894 | best mAP acc: 0.3705 | best mAR acc: 0.4998 | best Score: 0.3705 | best Score epoch: 21 
epoch 26, iter 3401: loss: 0.0081 | load time: 0.0022 | back time: 0.3893 | lr: 0.00006369 | best AP50 acc: 0.5254 | best AP70 acc: 0.3894 | best mAP acc: 0.3705 | best mAR acc: 0.4998 | best Score: 0.3705 | best Score epoch: 21 
epoch 26, iter 3601: loss: 0.0081 | load time: 0.0023 | back time: 0.3939 | lr: 0.00006356 | best AP50 acc: 0.5254 | best AP70 acc: 0.3894 | best mAP acc: 0.3705 | best mAR acc: 0.4998 | best Score: 0.3705 | best Score epoch: 21 
epoch 26, iter 3801: loss: 0.0081 | load time: 0.0023 | back time: 0.3928 | lr: 0.00006344 | best AP50 acc: 0.5254 | best AP70 acc: 0.3894 | best mAP acc: 0.3705 | best mAR acc: 0.4998 | best Score: 0.3705 | best Score epoch: 21 
epoch 26, iter 4001: loss: 0.0080 | load time: 0.0019 | back time: 0.3906 | lr: 0.00006331 | best AP50 acc: 0.5254 | best AP70 acc: 0.3894 | best mAP acc: 0.3705 | best mAR acc: 0.4998 | best Score: 0.3705 | best Score epoch: 21 
epoch 26, iter 4201: loss: 0.0083 | load time: 0.0020 | back time: 0.3819 | lr: 0.00006319 | best AP50 acc: 0.5254 | best AP70 acc: 0.3894 | best mAP acc: 0.3705 | best mAR acc: 0.4998 | best Score: 0.3705 | best Score epoch: 21 
epoch 26, iter 4401: loss: 0.0080 | load time: 0.0022 | back time: 0.3830 | lr: 0.00006306 | best AP50 acc: 0.5254 | best AP70 acc: 0.3894 | best mAP acc: 0.3705 | best mAR acc: 0.4998 | best Score: 0.3705 | best Score epoch: 21 
epoch 26, iter 4601: loss: 0.0084 | load time: 0.0021 | back time: 0.3929 | lr: 0.00006293 | best AP50 acc: 0.5254 | best AP70 acc: 0.3894 | best mAP acc: 0.3705 | best mAR acc: 0.4998 | best Score: 0.3705 | best Score epoch: 21 
UAV_SEQS_2 | mAP50:90: 1.8119 | AP50: 5.5130 | AP70: 0.9702 
UAV_SEQS_37 | mAP50:90: 60.0864 | AP50: 78.1906 | AP70: 64.8568 
UAV_SEQS_45 | mAP50:90: 14.5844 | AP50: 42.9297 | AP70: 10.2809 
UAV_SEQS_47 | mAP50:90: 39.2263 | AP50: 72.9931 | AP70: 40.0486 
UAV_SEQS_55 | mAP50:90: 7.9295 | AP50: 17.1442 | AP70: 6.7322 
UAV_SEQS_59 | mAP50:90: 13.0523 | AP50: 30.0856 | AP70: 11.1307 
UAV_SEQS_6 | mAP50:90: 12.2030 | AP50: 19.0049 | AP70: 13.6621 
UAV_SEQS_63 | mAP50:90: 44.2734 | AP50: 65.0486 | AP70: 46.3593 
UAV_SEQS_65 | mAP50:90: 37.8768 | AP50: 60.8339 | AP70: 41.1704 
UAV_SEQS_7 | mAP50:90: 6.5868 | AP50: 13.9614 | AP70: 5.1777 
UAV_SEQS_71 | mAP50:90: 0.3473 | AP50: 0.6125 | AP70: 0.4950 
UAV_SEQS_73 | mAP50:90: 13.2409 | AP50: 20.5379 | AP70: 14.7106 
UAV_SEQS_74 | mAP50:90: 82.8729 | AP50: 99.0066 | AP70: 96.3187 
UAV_SEQS_77 | mAP50:90: 1.6071 | AP50: 8.2806 | AP70: 0.7855 
UAV_SEQS_8 | mAP50:90: 28.7960 | AP50: 43.4018 | AP70: 33.3594 
Overall            | mAP50:95: 21.6830 | AP50: 36.2428 | AP70: 22.7583 
epoch 27, iter    1: loss: 0.0089 | load time: 0.0024 | back time: 0.1050 | lr: 0.00006281 | best AP50 acc: 0.5254 | best AP70 acc: 0.3894 | best mAP acc: 0.3705 | best mAR acc: 0.4998 | best Score: 0.3705 | best Score epoch: 21 
epoch 27, iter  201: loss: 0.0084 | load time: 0.0030 | back time: 0.4044 | lr: 0.00006268 | best AP50 acc: 0.5254 | best AP70 acc: 0.3894 | best mAP acc: 0.3705 | best mAR acc: 0.4998 | best Score: 0.3705 | best Score epoch: 21 
epoch 27, iter  401: loss: 0.0081 | load time: 0.0023 | back time: 0.3850 | lr: 0.00006256 | best AP50 acc: 0.5254 | best AP70 acc: 0.3894 | best mAP acc: 0.3705 | best mAR acc: 0.4998 | best Score: 0.3705 | best Score epoch: 21 
epoch 27, iter  601: loss: 0.0081 | load time: 0.0023 | back time: 0.3984 | lr: 0.00006243 | best AP50 acc: 0.5254 | best AP70 acc: 0.3894 | best mAP acc: 0.3705 | best mAR acc: 0.4998 | best Score: 0.3705 | best Score epoch: 21 
epoch 27, iter  801: loss: 0.0082 | load time: 0.0021 | back time: 0.4010 | lr: 0.00006231 | best AP50 acc: 0.5254 | best AP70 acc: 0.3894 | best mAP acc: 0.3705 | best mAR acc: 0.4998 | best Score: 0.3705 | best Score epoch: 21 
epoch 27, iter 1001: loss: 0.0080 | load time: 0.0021 | back time: 0.3923 | lr: 0.00006218 | best AP50 acc: 0.5254 | best AP70 acc: 0.3894 | best mAP acc: 0.3705 | best mAR acc: 0.4998 | best Score: 0.3705 | best Score epoch: 21 
epoch 27, iter 1201: loss: 0.0083 | load time: 0.0025 | back time: 0.3962 | lr: 0.00006205 | best AP50 acc: 0.5254 | best AP70 acc: 0.3894 | best mAP acc: 0.3705 | best mAR acc: 0.4998 | best Score: 0.3705 | best Score epoch: 21 
epoch 27, iter 1401: loss: 0.0081 | load time: 0.0023 | back time: 0.4042 | lr: 0.00006193 | best AP50 acc: 0.5254 | best AP70 acc: 0.3894 | best mAP acc: 0.3705 | best mAR acc: 0.4998 | best Score: 0.3705 | best Score epoch: 21 
epoch 27, iter 1601: loss: 0.0081 | load time: 0.0019 | back time: 0.3894 | lr: 0.00006180 | best AP50 acc: 0.5254 | best AP70 acc: 0.3894 | best mAP acc: 0.3705 | best mAR acc: 0.4998 | best Score: 0.3705 | best Score epoch: 21 
epoch 27, iter 1801: loss: 0.0077 | load time: 0.0021 | back time: 0.3624 | lr: 0.00006168 | best AP50 acc: 0.5254 | best AP70 acc: 0.3894 | best mAP acc: 0.3705 | best mAR acc: 0.4998 | best Score: 0.3705 | best Score epoch: 21 
epoch 27, iter 2001: loss: 0.0081 | load time: 0.0019 | back time: 0.3942 | lr: 0.00006155 | best AP50 acc: 0.5254 | best AP70 acc: 0.3894 | best mAP acc: 0.3705 | best mAR acc: 0.4998 | best Score: 0.3705 | best Score epoch: 21 
epoch 27, iter 2201: loss: 0.0084 | load time: 0.0023 | back time: 0.3988 | lr: 0.00006142 | best AP50 acc: 0.5254 | best AP70 acc: 0.3894 | best mAP acc: 0.3705 | best mAR acc: 0.4998 | best Score: 0.3705 | best Score epoch: 21 
epoch 27, iter 2401: loss: 0.0082 | load time: 0.0021 | back time: 0.3780 | lr: 0.00006130 | best AP50 acc: 0.5254 | best AP70 acc: 0.3894 | best mAP acc: 0.3705 | best mAR acc: 0.4998 | best Score: 0.3705 | best Score epoch: 21 
epoch 27, iter 2601: loss: 0.0081 | load time: 0.0021 | back time: 0.3849 | lr: 0.00006117 | best AP50 acc: 0.5254 | best AP70 acc: 0.3894 | best mAP acc: 0.3705 | best mAR acc: 0.4998 | best Score: 0.3705 | best Score epoch: 21 
epoch 27, iter 2801: loss: 0.0079 | load time: 0.0019 | back time: 0.3825 | lr: 0.00006104 | best AP50 acc: 0.5254 | best AP70 acc: 0.3894 | best mAP acc: 0.3705 | best mAR acc: 0.4998 | best Score: 0.3705 | best Score epoch: 21 
epoch 27, iter 3001: loss: 0.0100 | load time: 0.0022 | back time: 0.4060 | lr: 0.00006092 | best AP50 acc: 0.5254 | best AP70 acc: 0.3894 | best mAP acc: 0.3705 | best mAR acc: 0.4998 | best Score: 0.3705 | best Score epoch: 21 
epoch 27, iter 3201: loss: 0.0082 | load time: 0.0021 | back time: 0.3850 | lr: 0.00006079 | best AP50 acc: 0.5254 | best AP70 acc: 0.3894 | best mAP acc: 0.3705 | best mAR acc: 0.4998 | best Score: 0.3705 | best Score epoch: 21 
epoch 27, iter 3401: loss: 0.0080 | load time: 0.0024 | back time: 0.3873 | lr: 0.00006066 | best AP50 acc: 0.5254 | best AP70 acc: 0.3894 | best mAP acc: 0.3705 | best mAR acc: 0.4998 | best Score: 0.3705 | best Score epoch: 21 
epoch 27, iter 3601: loss: 0.0078 | load time: 0.0026 | back time: 0.3814 | lr: 0.00006054 | best AP50 acc: 0.5254 | best AP70 acc: 0.3894 | best mAP acc: 0.3705 | best mAR acc: 0.4998 | best Score: 0.3705 | best Score epoch: 21 
epoch 27, iter 3801: loss: 0.0104 | load time: 0.0019 | back time: 0.3902 | lr: 0.00006041 | best AP50 acc: 0.5254 | best AP70 acc: 0.3894 | best mAP acc: 0.3705 | best mAR acc: 0.4998 | best Score: 0.3705 | best Score epoch: 21 
epoch 27, iter 4001: loss: 0.0083 | load time: 0.0023 | back time: 0.3794 | lr: 0.00006028 | best AP50 acc: 0.5254 | best AP70 acc: 0.3894 | best mAP acc: 0.3705 | best mAR acc: 0.4998 | best Score: 0.3705 | best Score epoch: 21 
epoch 27, iter 4201: loss: 0.0081 | load time: 0.0027 | back time: 0.3789 | lr: 0.00006016 | best AP50 acc: 0.5254 | best AP70 acc: 0.3894 | best mAP acc: 0.3705 | best mAR acc: 0.4998 | best Score: 0.3705 | best Score epoch: 21 
epoch 27, iter 4401: loss: 0.0080 | load time: 0.0022 | back time: 0.3849 | lr: 0.00006003 | best AP50 acc: 0.5254 | best AP70 acc: 0.3894 | best mAP acc: 0.3705 | best mAR acc: 0.4998 | best Score: 0.3705 | best Score epoch: 21 
epoch 27, iter 4601: loss: 0.0083 | load time: 0.0021 | back time: 0.3876 | lr: 0.00005990 | best AP50 acc: 0.5254 | best AP70 acc: 0.3894 | best mAP acc: 0.3705 | best mAR acc: 0.4998 | best Score: 0.3705 | best Score epoch: 21 
UAV_SEQS_2 | mAP50:90: 0.5921 | AP50: 1.8938 | AP70: 0.4755 
UAV_SEQS_37 | mAP50:90: 78.6275 | AP50: 90.8850 | AP70: 85.3691 
UAV_SEQS_45 | mAP50:90: 36.8430 | AP50: 75.8646 | AP70: 31.1157 
UAV_SEQS_47 | mAP50:90: 71.7449 | AP50: 88.6814 | AP70: 75.6717 
UAV_SEQS_55 | mAP50:90: 14.5679 | AP50: 31.8470 | AP70: 12.0829 
UAV_SEQS_59 | mAP50:90: 31.8066 | AP50: 60.0843 | AP70: 30.7311 
UAV_SEQS_6 | mAP50:90: 20.2510 | AP50: 32.0869 | AP70: 20.1791 
UAV_SEQS_63 | mAP50:90: 54.2428 | AP50: 94.8199 | AP70: 57.6257 
UAV_SEQS_65 | mAP50:90: 49.9180 | AP50: 76.2727 | AP70: 53.9010 
UAV_SEQS_7 | mAP50:90: 3.0828 | AP50: 9.2444 | AP70: 1.9113 
UAV_SEQS_71 | mAP50:90: 1.4320 | AP50: 4.4497 | AP70: 0.5897 
UAV_SEQS_73 | mAP50:90: 24.7704 | AP50: 44.8121 | AP70: 25.4572 
UAV_SEQS_74 | mAP50:90: 92.1801 | AP50: 96.9858 | AP70: 96.9791 
UAV_SEQS_77 | mAP50:90: 1.6434 | AP50: 8.2280 | AP70: 0.5011 
UAV_SEQS_8 | mAP50:90: 1.3204 | AP50: 3.1021 | AP70: 1.4193 
Overall            | mAP50:95: 27.6580 | AP50: 43.8139 | AP70: 28.1257 
epoch 28, iter    1: loss: 0.0083 | load time: 0.0022 | back time: 0.0982 | lr: 0.00005977 | best AP50 acc: 0.5254 | best AP70 acc: 0.3894 | best mAP acc: 0.3705 | best mAR acc: 0.4998 | best Score: 0.3705 | best Score epoch: 21 
epoch 28, iter  201: loss: 0.0081 | load time: 0.0018 | back time: 0.3738 | lr: 0.00005965 | best AP50 acc: 0.5254 | best AP70 acc: 0.3894 | best mAP acc: 0.3705 | best mAR acc: 0.4998 | best Score: 0.3705 | best Score epoch: 21 
epoch 28, iter  401: loss: 0.0082 | load time: 0.0023 | back time: 0.3827 | lr: 0.00005952 | best AP50 acc: 0.5254 | best AP70 acc: 0.3894 | best mAP acc: 0.3705 | best mAR acc: 0.4998 | best Score: 0.3705 | best Score epoch: 21 
epoch 28, iter  601: loss: 0.0080 | load time: 0.0024 | back time: 0.3946 | lr: 0.00005939 | best AP50 acc: 0.5254 | best AP70 acc: 0.3894 | best mAP acc: 0.3705 | best mAR acc: 0.4998 | best Score: 0.3705 | best Score epoch: 21 
epoch 28, iter  801: loss: 0.0079 | load time: 0.0021 | back time: 0.3884 | lr: 0.00005927 | best AP50 acc: 0.5254 | best AP70 acc: 0.3894 | best mAP acc: 0.3705 | best mAR acc: 0.4998 | best Score: 0.3705 | best Score epoch: 21 
epoch 28, iter 1001: loss: 0.0081 | load time: 0.0021 | back time: 0.4006 | lr: 0.00005914 | best AP50 acc: 0.5254 | best AP70 acc: 0.3894 | best mAP acc: 0.3705 | best mAR acc: 0.4998 | best Score: 0.3705 | best Score epoch: 21 
epoch 28, iter 1201: loss: 0.0083 | load time: 0.0023 | back time: 0.3789 | lr: 0.00005901 | best AP50 acc: 0.5254 | best AP70 acc: 0.3894 | best mAP acc: 0.3705 | best mAR acc: 0.4998 | best Score: 0.3705 | best Score epoch: 21 
epoch 28, iter 1401: loss: 0.0082 | load time: 0.0018 | back time: 0.3845 | lr: 0.00005888 | best AP50 acc: 0.5254 | best AP70 acc: 0.3894 | best mAP acc: 0.3705 | best mAR acc: 0.4998 | best Score: 0.3705 | best Score epoch: 21 
epoch 28, iter 1601: loss: 0.0082 | load time: 0.0019 | back time: 0.3993 | lr: 0.00005875 | best AP50 acc: 0.5254 | best AP70 acc: 0.3894 | best mAP acc: 0.3705 | best mAR acc: 0.4998 | best Score: 0.3705 | best Score epoch: 21 
epoch 28, iter 1801: loss: 0.0080 | load time: 0.0020 | back time: 0.3874 | lr: 0.00005863 | best AP50 acc: 0.5254 | best AP70 acc: 0.3894 | best mAP acc: 0.3705 | best mAR acc: 0.4998 | best Score: 0.3705 | best Score epoch: 21 
epoch 28, iter 2001: loss: 0.0082 | load time: 0.0021 | back time: 0.3937 | lr: 0.00005850 | best AP50 acc: 0.5254 | best AP70 acc: 0.3894 | best mAP acc: 0.3705 | best mAR acc: 0.4998 | best Score: 0.3705 | best Score epoch: 21 
epoch 28, iter 2201: loss: 0.0080 | load time: 0.0023 | back time: 0.3834 | lr: 0.00005837 | best AP50 acc: 0.5254 | best AP70 acc: 0.3894 | best mAP acc: 0.3705 | best mAR acc: 0.4998 | best Score: 0.3705 | best Score epoch: 21 
epoch 28, iter 2401: loss: 0.0082 | load time: 0.0019 | back time: 0.3926 | lr: 0.00005824 | best AP50 acc: 0.5254 | best AP70 acc: 0.3894 | best mAP acc: 0.3705 | best mAR acc: 0.4998 | best Score: 0.3705 | best Score epoch: 21 
epoch 28, iter 2601: loss: 0.0080 | load time: 0.0019 | back time: 0.3862 | lr: 0.00005811 | best AP50 acc: 0.5254 | best AP70 acc: 0.3894 | best mAP acc: 0.3705 | best mAR acc: 0.4998 | best Score: 0.3705 | best Score epoch: 21 
epoch 28, iter 2801: loss: 0.0082 | load time: 0.0028 | back time: 0.3867 | lr: 0.00005799 | best AP50 acc: 0.5254 | best AP70 acc: 0.3894 | best mAP acc: 0.3705 | best mAR acc: 0.4998 | best Score: 0.3705 | best Score epoch: 21 
epoch 28, iter 3001: loss: 0.0080 | load time: 0.0021 | back time: 0.3922 | lr: 0.00005786 | best AP50 acc: 0.5254 | best AP70 acc: 0.3894 | best mAP acc: 0.3705 | best mAR acc: 0.4998 | best Score: 0.3705 | best Score epoch: 21 
epoch 28, iter 3201: loss: 0.0084 | load time: 0.0021 | back time: 0.3964 | lr: 0.00005773 | best AP50 acc: 0.5254 | best AP70 acc: 0.3894 | best mAP acc: 0.3705 | best mAR acc: 0.4998 | best Score: 0.3705 | best Score epoch: 21 
epoch 28, iter 3401: loss: 0.0083 | load time: 0.0018 | back time: 0.4160 | lr: 0.00005760 | best AP50 acc: 0.5254 | best AP70 acc: 0.3894 | best mAP acc: 0.3705 | best mAR acc: 0.4998 | best Score: 0.3705 | best Score epoch: 21 
epoch 28, iter 3601: loss: 0.0086 | load time: 0.0022 | back time: 0.3859 | lr: 0.00005747 | best AP50 acc: 0.5254 | best AP70 acc: 0.3894 | best mAP acc: 0.3705 | best mAR acc: 0.4998 | best Score: 0.3705 | best Score epoch: 21 
epoch 28, iter 3801: loss: 0.0080 | load time: 0.0020 | back time: 0.3918 | lr: 0.00005735 | best AP50 acc: 0.5254 | best AP70 acc: 0.3894 | best mAP acc: 0.3705 | best mAR acc: 0.4998 | best Score: 0.3705 | best Score epoch: 21 
epoch 28, iter 4001: loss: 0.0082 | load time: 0.0022 | back time: 0.3960 | lr: 0.00005722 | best AP50 acc: 0.5254 | best AP70 acc: 0.3894 | best mAP acc: 0.3705 | best mAR acc: 0.4998 | best Score: 0.3705 | best Score epoch: 21 
epoch 28, iter 4201: loss: 0.0080 | load time: 0.0019 | back time: 0.3983 | lr: 0.00005709 | best AP50 acc: 0.5254 | best AP70 acc: 0.3894 | best mAP acc: 0.3705 | best mAR acc: 0.4998 | best Score: 0.3705 | best Score epoch: 21 
epoch 28, iter 4401: loss: 0.0081 | load time: 0.0023 | back time: 0.4011 | lr: 0.00005696 | best AP50 acc: 0.5254 | best AP70 acc: 0.3894 | best mAP acc: 0.3705 | best mAR acc: 0.4998 | best Score: 0.3705 | best Score epoch: 21 
epoch 28, iter 4601: loss: 0.0080 | load time: 0.0019 | back time: 0.3928 | lr: 0.00005683 | best AP50 acc: 0.5254 | best AP70 acc: 0.3894 | best mAP acc: 0.3705 | best mAR acc: 0.4998 | best Score: 0.3705 | best Score epoch: 21 
UAV_SEQS_2 | mAP50:90: 0.7732 | AP50: 1.7972 | AP70: 0.5873 
UAV_SEQS_37 | mAP50:90: 69.8773 | AP50: 92.1480 | AP70: 72.2890 
UAV_SEQS_45 | mAP50:90: 86.4717 | AP50: 98.7751 | AP70: 93.4489 
UAV_SEQS_47 | mAP50:90: 88.6416 | AP50: 98.9530 | AP70: 89.5400 
UAV_SEQS_55 | mAP50:90: 26.8221 | AP50: 47.6411 | AP70: 28.4913 
UAV_SEQS_59 | mAP50:90: 55.1227 | AP50: 86.3723 | AP70: 55.8077 
UAV_SEQS_6 | mAP50:90: 13.7710 | AP50: 22.9472 | AP70: 14.0462 
UAV_SEQS_63 | mAP50:90: 58.7244 | AP50: 80.1577 | AP70: 67.3511 
UAV_SEQS_65 | mAP50:90: 72.9725 | AP50: 87.3053 | AP70: 79.3275 
UAV_SEQS_7 | mAP50:90: 0.1429 | AP50: 0.7655 | AP70: 0.0338 
UAV_SEQS_71 | mAP50:90: 9.8879 | AP50: 33.3441 | AP70: 4.1014 
UAV_SEQS_73 | mAP50:90: 39.6756 | AP50: 65.8092 | AP70: 42.6162 
UAV_SEQS_74 | mAP50:90: 93.3605 | AP50: 96.7881 | AP70: 95.6677 
UAV_SEQS_77 | mAP50:90: 6.6518 | AP50: 15.3240 | AP70: 4.3996 
UAV_SEQS_8 | mAP50:90: 0.6651 | AP50: 1.3861 | AP70: 0.4651 
Overall            | mAP50:95: 38.6592 | AP50: 52.9474 | AP70: 40.0494 
epoch 29, iter    1: loss: 0.0078 | load time: 0.0023 | back time: 0.1117 | lr: 0.00005670 | best AP50 acc: 0.5295 | best AP70 acc: 0.4005 | best mAP acc: 0.3866 | best mAR acc: 0.5054 | best Score: 0.3866 | best Score epoch: 28 
epoch 29, iter  201: loss: 0.0081 | load time: 0.0023 | back time: 0.3938 | lr: 0.00005657 | best AP50 acc: 0.5295 | best AP70 acc: 0.4005 | best mAP acc: 0.3866 | best mAR acc: 0.5054 | best Score: 0.3866 | best Score epoch: 28 
epoch 29, iter  401: loss: 0.0081 | load time: 0.0022 | back time: 0.3814 | lr: 0.00005645 | best AP50 acc: 0.5295 | best AP70 acc: 0.4005 | best mAP acc: 0.3866 | best mAR acc: 0.5054 | best Score: 0.3866 | best Score epoch: 28 
epoch 29, iter  601: loss: 0.0080 | load time: 0.0022 | back time: 0.3927 | lr: 0.00005632 | best AP50 acc: 0.5295 | best AP70 acc: 0.4005 | best mAP acc: 0.3866 | best mAR acc: 0.5054 | best Score: 0.3866 | best Score epoch: 28 
epoch 29, iter  801: loss: 0.0081 | load time: 0.0022 | back time: 0.3894 | lr: 0.00005619 | best AP50 acc: 0.5295 | best AP70 acc: 0.4005 | best mAP acc: 0.3866 | best mAR acc: 0.5054 | best Score: 0.3866 | best Score epoch: 28 
epoch 29, iter 1001: loss: 0.0140 | load time: 0.0022 | back time: 0.3958 | lr: 0.00005606 | best AP50 acc: 0.5295 | best AP70 acc: 0.4005 | best mAP acc: 0.3866 | best mAR acc: 0.5054 | best Score: 0.3866 | best Score epoch: 28 
epoch 29, iter 1201: loss: 0.0080 | load time: 0.0023 | back time: 0.3866 | lr: 0.00005593 | best AP50 acc: 0.5295 | best AP70 acc: 0.4005 | best mAP acc: 0.3866 | best mAR acc: 0.5054 | best Score: 0.3866 | best Score epoch: 28 
epoch 29, iter 1401: loss: 0.0082 | load time: 0.0019 | back time: 0.3858 | lr: 0.00005580 | best AP50 acc: 0.5295 | best AP70 acc: 0.4005 | best mAP acc: 0.3866 | best mAR acc: 0.5054 | best Score: 0.3866 | best Score epoch: 28 
epoch 29, iter 1601: loss: 0.0080 | load time: 0.0019 | back time: 0.3830 | lr: 0.00005567 | best AP50 acc: 0.5295 | best AP70 acc: 0.4005 | best mAP acc: 0.3866 | best mAR acc: 0.5054 | best Score: 0.3866 | best Score epoch: 28 
epoch 29, iter 1801: loss: 0.0081 | load time: 0.0022 | back time: 0.3888 | lr: 0.00005554 | best AP50 acc: 0.5295 | best AP70 acc: 0.4005 | best mAP acc: 0.3866 | best mAR acc: 0.5054 | best Score: 0.3866 | best Score epoch: 28 
epoch 29, iter 2001: loss: 0.0082 | load time: 0.0020 | back time: 0.4001 | lr: 0.00005542 | best AP50 acc: 0.5295 | best AP70 acc: 0.4005 | best mAP acc: 0.3866 | best mAR acc: 0.5054 | best Score: 0.3866 | best Score epoch: 28 
epoch 29, iter 2201: loss: 0.0078 | load time: 0.0021 | back time: 0.3925 | lr: 0.00005529 | best AP50 acc: 0.5295 | best AP70 acc: 0.4005 | best mAP acc: 0.3866 | best mAR acc: 0.5054 | best Score: 0.3866 | best Score epoch: 28 
epoch 29, iter 2401: loss: 0.0081 | load time: 0.0020 | back time: 0.3824 | lr: 0.00005516 | best AP50 acc: 0.5295 | best AP70 acc: 0.4005 | best mAP acc: 0.3866 | best mAR acc: 0.5054 | best Score: 0.3866 | best Score epoch: 28 
epoch 29, iter 2601: loss: 0.0081 | load time: 0.0021 | back time: 0.3790 | lr: 0.00005503 | best AP50 acc: 0.5295 | best AP70 acc: 0.4005 | best mAP acc: 0.3866 | best mAR acc: 0.5054 | best Score: 0.3866 | best Score epoch: 28 
epoch 29, iter 2801: loss: 0.0080 | load time: 0.0021 | back time: 0.3810 | lr: 0.00005490 | best AP50 acc: 0.5295 | best AP70 acc: 0.4005 | best mAP acc: 0.3866 | best mAR acc: 0.5054 | best Score: 0.3866 | best Score epoch: 28 
epoch 29, iter 3001: loss: 0.0080 | load time: 0.0018 | back time: 0.3938 | lr: 0.00005477 | best AP50 acc: 0.5295 | best AP70 acc: 0.4005 | best mAP acc: 0.3866 | best mAR acc: 0.5054 | best Score: 0.3866 | best Score epoch: 28 
epoch 29, iter 3201: loss: 0.0083 | load time: 0.0027 | back time: 0.3974 | lr: 0.00005464 | best AP50 acc: 0.5295 | best AP70 acc: 0.4005 | best mAP acc: 0.3866 | best mAR acc: 0.5054 | best Score: 0.3866 | best Score epoch: 28 
epoch 29, iter 3401: loss: 0.0083 | load time: 0.0022 | back time: 0.3943 | lr: 0.00005451 | best AP50 acc: 0.5295 | best AP70 acc: 0.4005 | best mAP acc: 0.3866 | best mAR acc: 0.5054 | best Score: 0.3866 | best Score epoch: 28 
epoch 29, iter 3601: loss: 0.0082 | load time: 0.0021 | back time: 0.3898 | lr: 0.00005438 | best AP50 acc: 0.5295 | best AP70 acc: 0.4005 | best mAP acc: 0.3866 | best mAR acc: 0.5054 | best Score: 0.3866 | best Score epoch: 28 
epoch 29, iter 3801: loss: 0.0081 | load time: 0.0018 | back time: 0.3997 | lr: 0.00005425 | best AP50 acc: 0.5295 | best AP70 acc: 0.4005 | best mAP acc: 0.3866 | best mAR acc: 0.5054 | best Score: 0.3866 | best Score epoch: 28 
epoch 29, iter 4001: loss: 0.0082 | load time: 0.0024 | back time: 0.3873 | lr: 0.00005412 | best AP50 acc: 0.5295 | best AP70 acc: 0.4005 | best mAP acc: 0.3866 | best mAR acc: 0.5054 | best Score: 0.3866 | best Score epoch: 28 
epoch 29, iter 4201: loss: 0.0081 | load time: 0.0021 | back time: 0.3909 | lr: 0.00005400 | best AP50 acc: 0.5295 | best AP70 acc: 0.4005 | best mAP acc: 0.3866 | best mAR acc: 0.5054 | best Score: 0.3866 | best Score epoch: 28 
epoch 29, iter 4401: loss: 0.0087 | load time: 0.0021 | back time: 0.3888 | lr: 0.00005387 | best AP50 acc: 0.5295 | best AP70 acc: 0.4005 | best mAP acc: 0.3866 | best mAR acc: 0.5054 | best Score: 0.3866 | best Score epoch: 28 
epoch 29, iter 4601: loss: 0.0081 | load time: 0.0022 | back time: 0.3872 | lr: 0.00005374 | best AP50 acc: 0.5295 | best AP70 acc: 0.4005 | best mAP acc: 0.3866 | best mAR acc: 0.5054 | best Score: 0.3866 | best Score epoch: 28 
UAV_SEQS_2 | mAP50:90: 0.6818 | AP50: 2.4366 | AP70: 0.3713 
UAV_SEQS_37 | mAP50:90: 63.1010 | AP50: 74.7786 | AP70: 64.1389 
UAV_SEQS_45 | mAP50:90: 18.2287 | AP50: 45.9349 | AP70: 14.6770 
UAV_SEQS_47 | mAP50:90: 62.5794 | AP50: 86.7069 | AP70: 66.4205 
UAV_SEQS_55 | mAP50:90: 7.0503 | AP50: 17.5400 | AP70: 6.1906 
UAV_SEQS_59 | mAP50:90: 16.6258 | AP50: 30.7935 | AP70: 15.4697 
UAV_SEQS_6 | mAP50:90: 12.2706 | AP50: 18.4402 | AP70: 12.9221 
UAV_SEQS_63 | mAP50:90: 55.5835 | AP50: 82.3180 | AP70: 72.0423 
UAV_SEQS_65 | mAP50:90: 40.3403 | AP50: 72.2368 | AP70: 41.0511 
UAV_SEQS_7 | mAP50:90: 10.5923 | AP50: 26.1328 | AP70: 8.2054 
UAV_SEQS_71 | mAP50:90: 1.4138 | AP50: 4.5426 | AP70: 1.3555 
UAV_SEQS_73 | mAP50:90: 19.1990 | AP50: 38.3107 | AP70: 17.9646 
UAV_SEQS_74 | mAP50:90: 93.1006 | AP50: 96.9688 | AP70: 95.9230 
UAV_SEQS_77 | mAP50:90: 1.3638 | AP50: 5.8259 | AP70: 0.2061 
UAV_SEQS_8 | mAP50:90: 3.8382 | AP50: 7.5156 | AP70: 3.7490 
Overall            | mAP50:95: 20.7954 | AP50: 34.5654 | AP70: 21.0017 
epoch 30, iter    1: loss: 0.0082 | load time: 0.0022 | back time: 0.1036 | lr: 0.00005361 | best AP50 acc: 0.5295 | best AP70 acc: 0.4005 | best mAP acc: 0.3866 | best mAR acc: 0.5054 | best Score: 0.3866 | best Score epoch: 28 
epoch 30, iter  201: loss: 0.0079 | load time: 0.0022 | back time: 0.3783 | lr: 0.00005348 | best AP50 acc: 0.5295 | best AP70 acc: 0.4005 | best mAP acc: 0.3866 | best mAR acc: 0.5054 | best Score: 0.3866 | best Score epoch: 28 
epoch 30, iter  401: loss: 0.0080 | load time: 0.0019 | back time: 0.3929 | lr: 0.00005335 | best AP50 acc: 0.5295 | best AP70 acc: 0.4005 | best mAP acc: 0.3866 | best mAR acc: 0.5054 | best Score: 0.3866 | best Score epoch: 28 
epoch 30, iter  601: loss: 0.0081 | load time: 0.0019 | back time: 0.3988 | lr: 0.00005322 | best AP50 acc: 0.5295 | best AP70 acc: 0.4005 | best mAP acc: 0.3866 | best mAR acc: 0.5054 | best Score: 0.3866 | best Score epoch: 28 
epoch 30, iter  801: loss: 0.0080 | load time: 0.0019 | back time: 0.3874 | lr: 0.00005309 | best AP50 acc: 0.5295 | best AP70 acc: 0.4005 | best mAP acc: 0.3866 | best mAR acc: 0.5054 | best Score: 0.3866 | best Score epoch: 28 
epoch 30, iter 1001: loss: 0.0081 | load time: 0.0021 | back time: 0.3862 | lr: 0.00005296 | best AP50 acc: 0.5295 | best AP70 acc: 0.4005 | best mAP acc: 0.3866 | best mAR acc: 0.5054 | best Score: 0.3866 | best Score epoch: 28 
epoch 30, iter 1201: loss: 0.0081 | load time: 0.0021 | back time: 0.4124 | lr: 0.00005283 | best AP50 acc: 0.5295 | best AP70 acc: 0.4005 | best mAP acc: 0.3866 | best mAR acc: 0.5054 | best Score: 0.3866 | best Score epoch: 28 
epoch 30, iter 1401: loss: 0.0082 | load time: 0.0020 | back time: 0.3823 | lr: 0.00005270 | best AP50 acc: 0.5295 | best AP70 acc: 0.4005 | best mAP acc: 0.3866 | best mAR acc: 0.5054 | best Score: 0.3866 | best Score epoch: 28 
epoch 30, iter 1601: loss: 0.0082 | load time: 0.0022 | back time: 0.3883 | lr: 0.00005257 | best AP50 acc: 0.5295 | best AP70 acc: 0.4005 | best mAP acc: 0.3866 | best mAR acc: 0.5054 | best Score: 0.3866 | best Score epoch: 28 
epoch 30, iter 1801: loss: 0.0084 | load time: 0.0028 | back time: 0.3885 | lr: 0.00005244 | best AP50 acc: 0.5295 | best AP70 acc: 0.4005 | best mAP acc: 0.3866 | best mAR acc: 0.5054 | best Score: 0.3866 | best Score epoch: 28 
epoch 30, iter 2001: loss: 0.0081 | load time: 0.0025 | back time: 0.3826 | lr: 0.00005231 | best AP50 acc: 0.5295 | best AP70 acc: 0.4005 | best mAP acc: 0.3866 | best mAR acc: 0.5054 | best Score: 0.3866 | best Score epoch: 28 
epoch 30, iter 2201: loss: 0.0080 | load time: 0.0022 | back time: 0.3827 | lr: 0.00005218 | best AP50 acc: 0.5295 | best AP70 acc: 0.4005 | best mAP acc: 0.3866 | best mAR acc: 0.5054 | best Score: 0.3866 | best Score epoch: 28 
epoch 30, iter 2401: loss: 0.0081 | load time: 0.0022 | back time: 0.3873 | lr: 0.00005205 | best AP50 acc: 0.5295 | best AP70 acc: 0.4005 | best mAP acc: 0.3866 | best mAR acc: 0.5054 | best Score: 0.3866 | best Score epoch: 28 
epoch 30, iter 2601: loss: 0.0080 | load time: 0.0018 | back time: 0.3917 | lr: 0.00005192 | best AP50 acc: 0.5295 | best AP70 acc: 0.4005 | best mAP acc: 0.3866 | best mAR acc: 0.5054 | best Score: 0.3866 | best Score epoch: 28 
epoch 30, iter 2801: loss: 0.0079 | load time: 0.0021 | back time: 0.3833 | lr: 0.00005180 | best AP50 acc: 0.5295 | best AP70 acc: 0.4005 | best mAP acc: 0.3866 | best mAR acc: 0.5054 | best Score: 0.3866 | best Score epoch: 28 
epoch 30, iter 3001: loss: 0.0079 | load time: 0.0022 | back time: 0.3810 | lr: 0.00005167 | best AP50 acc: 0.5295 | best AP70 acc: 0.4005 | best mAP acc: 0.3866 | best mAR acc: 0.5054 | best Score: 0.3866 | best Score epoch: 28 
epoch 30, iter 3201: loss: 0.0081 | load time: 0.0023 | back time: 0.3947 | lr: 0.00005154 | best AP50 acc: 0.5295 | best AP70 acc: 0.4005 | best mAP acc: 0.3866 | best mAR acc: 0.5054 | best Score: 0.3866 | best Score epoch: 28 
epoch 30, iter 3401: loss: 0.0081 | load time: 0.0019 | back time: 0.3759 | lr: 0.00005141 | best AP50 acc: 0.5295 | best AP70 acc: 0.4005 | best mAP acc: 0.3866 | best mAR acc: 0.5054 | best Score: 0.3866 | best Score epoch: 28 
epoch 30, iter 3601: loss: 0.0080 | load time: 0.0022 | back time: 0.3887 | lr: 0.00005128 | best AP50 acc: 0.5295 | best AP70 acc: 0.4005 | best mAP acc: 0.3866 | best mAR acc: 0.5054 | best Score: 0.3866 | best Score epoch: 28 
epoch 30, iter 3801: loss: 0.0083 | load time: 0.0022 | back time: 0.3923 | lr: 0.00005115 | best AP50 acc: 0.5295 | best AP70 acc: 0.4005 | best mAP acc: 0.3866 | best mAR acc: 0.5054 | best Score: 0.3866 | best Score epoch: 28 
epoch 30, iter 4001: loss: 0.0078 | load time: 0.0021 | back time: 0.4003 | lr: 0.00005102 | best AP50 acc: 0.5295 | best AP70 acc: 0.4005 | best mAP acc: 0.3866 | best mAR acc: 0.5054 | best Score: 0.3866 | best Score epoch: 28 
epoch 30, iter 4201: loss: 0.0082 | load time: 0.0018 | back time: 0.3871 | lr: 0.00005089 | best AP50 acc: 0.5295 | best AP70 acc: 0.4005 | best mAP acc: 0.3866 | best mAR acc: 0.5054 | best Score: 0.3866 | best Score epoch: 28 
epoch 30, iter 4401: loss: 0.0084 | load time: 0.0022 | back time: 0.3991 | lr: 0.00005076 | best AP50 acc: 0.5295 | best AP70 acc: 0.4005 | best mAP acc: 0.3866 | best mAR acc: 0.5054 | best Score: 0.3866 | best Score epoch: 28 
epoch 30, iter 4601: loss: 0.0083 | load time: 0.0023 | back time: 0.3930 | lr: 0.00005063 | best AP50 acc: 0.5295 | best AP70 acc: 0.4005 | best mAP acc: 0.3866 | best mAR acc: 0.5054 | best Score: 0.3866 | best Score epoch: 28 
UAV_SEQS_2 | mAP50:90: 0.4840 | AP50: 1.1751 | AP70: 0.3372 
UAV_SEQS_37 | mAP50:90: 78.0372 | AP50: 92.8592 | AP70: 81.9568 
UAV_SEQS_45 | mAP50:90: 83.6086 | AP50: 97.6660 | AP70: 90.0280 
UAV_SEQS_47 | mAP50:90: 87.7019 | AP50: 97.6059 | AP70: 91.1637 
UAV_SEQS_55 | mAP50:90: 25.7356 | AP50: 46.3906 | AP70: 24.7417 
UAV_SEQS_59 | mAP50:90: 43.0061 | AP50: 80.2422 | AP70: 37.3676 
UAV_SEQS_6 | mAP50:90: 14.5518 | AP50: 25.1186 | AP70: 15.8833 
UAV_SEQS_63 | mAP50:90: 24.2159 | AP50: 58.8985 | AP70: 13.3285 
UAV_SEQS_65 | mAP50:90: 76.2759 | AP50: 90.0663 | AP70: 82.4618 
UAV_SEQS_7 | mAP50:90: 1.7395 | AP50: 8.1325 | AP70: 0.5878 
UAV_SEQS_71 | mAP50:90: 8.9807 | AP50: 30.4498 | AP70: 3.7530 
UAV_SEQS_73 | mAP50:90: 44.8051 | AP50: 68.7454 | AP70: 51.2310 
UAV_SEQS_74 | mAP50:90: 90.1358 | AP50: 95.4882 | AP70: 94.4408 
UAV_SEQS_77 | mAP50:90: 3.2112 | AP50: 5.9313 | AP70: 2.7918 
UAV_SEQS_8 | mAP50:90: 0.1196 | AP50: 0.3266 | AP70: 0.0408 
Overall            | mAP50:95: 35.5341 | AP50: 50.8921 | AP70: 35.6711 
epoch 31, iter    1: loss: 0.0080 | load time: 0.0023 | back time: 0.1033 | lr: 0.00005050 | best AP50 acc: 0.5295 | best AP70 acc: 0.4005 | best mAP acc: 0.3866 | best mAR acc: 0.5054 | best Score: 0.3866 | best Score epoch: 28 
epoch 31, iter  201: loss: 0.0082 | load time: 0.0023 | back time: 0.3933 | lr: 0.00005037 | best AP50 acc: 0.5295 | best AP70 acc: 0.4005 | best mAP acc: 0.3866 | best mAR acc: 0.5054 | best Score: 0.3866 | best Score epoch: 28 
epoch 31, iter  401: loss: 0.0081 | load time: 0.0021 | back time: 0.4017 | lr: 0.00005024 | best AP50 acc: 0.5295 | best AP70 acc: 0.4005 | best mAP acc: 0.3866 | best mAR acc: 0.5054 | best Score: 0.3866 | best Score epoch: 28 
epoch 31, iter  601: loss: 0.0082 | load time: 0.0022 | back time: 0.3985 | lr: 0.00005011 | best AP50 acc: 0.5295 | best AP70 acc: 0.4005 | best mAP acc: 0.3866 | best mAR acc: 0.5054 | best Score: 0.3866 | best Score epoch: 28 
epoch 31, iter  801: loss: 0.0081 | load time: 0.0019 | back time: 0.3913 | lr: 0.00004998 | best AP50 acc: 0.5295 | best AP70 acc: 0.4005 | best mAP acc: 0.3866 | best mAR acc: 0.5054 | best Score: 0.3866 | best Score epoch: 28 
epoch 31, iter 1001: loss: 0.0081 | load time: 0.0022 | back time: 0.3948 | lr: 0.00004985 | best AP50 acc: 0.5295 | best AP70 acc: 0.4005 | best mAP acc: 0.3866 | best mAR acc: 0.5054 | best Score: 0.3866 | best Score epoch: 28 
epoch 31, iter 1201: loss: 0.0081 | load time: 0.0025 | back time: 0.3775 | lr: 0.00004972 | best AP50 acc: 0.5295 | best AP70 acc: 0.4005 | best mAP acc: 0.3866 | best mAR acc: 0.5054 | best Score: 0.3866 | best Score epoch: 28 
epoch 31, iter 1401: loss: 0.0082 | load time: 0.0021 | back time: 0.3781 | lr: 0.00004959 | best AP50 acc: 0.5295 | best AP70 acc: 0.4005 | best mAP acc: 0.3866 | best mAR acc: 0.5054 | best Score: 0.3866 | best Score epoch: 28 
epoch 31, iter 1601: loss: 0.0082 | load time: 0.0022 | back time: 0.3871 | lr: 0.00004946 | best AP50 acc: 0.5295 | best AP70 acc: 0.4005 | best mAP acc: 0.3866 | best mAR acc: 0.5054 | best Score: 0.3866 | best Score epoch: 28 
epoch 31, iter 1801: loss: 0.0080 | load time: 0.0020 | back time: 0.3925 | lr: 0.00004933 | best AP50 acc: 0.5295 | best AP70 acc: 0.4005 | best mAP acc: 0.3866 | best mAR acc: 0.5054 | best Score: 0.3866 | best Score epoch: 28 
epoch 31, iter 2001: loss: 0.0081 | load time: 0.0020 | back time: 0.3848 | lr: 0.00004920 | best AP50 acc: 0.5295 | best AP70 acc: 0.4005 | best mAP acc: 0.3866 | best mAR acc: 0.5054 | best Score: 0.3866 | best Score epoch: 28 
epoch 31, iter 2201: loss: 0.0081 | load time: 0.0020 | back time: 0.3824 | lr: 0.00004907 | best AP50 acc: 0.5295 | best AP70 acc: 0.4005 | best mAP acc: 0.3866 | best mAR acc: 0.5054 | best Score: 0.3866 | best Score epoch: 28 
epoch 31, iter 2401: loss: 0.0083 | load time: 0.0021 | back time: 0.3869 | lr: 0.00004894 | best AP50 acc: 0.5295 | best AP70 acc: 0.4005 | best mAP acc: 0.3866 | best mAR acc: 0.5054 | best Score: 0.3866 | best Score epoch: 28 
epoch 31, iter 2601: loss: 0.0082 | load time: 0.0019 | back time: 0.3810 | lr: 0.00004881 | best AP50 acc: 0.5295 | best AP70 acc: 0.4005 | best mAP acc: 0.3866 | best mAR acc: 0.5054 | best Score: 0.3866 | best Score epoch: 28 
epoch 31, iter 2801: loss: 0.0081 | load time: 0.0019 | back time: 0.3851 | lr: 0.00004869 | best AP50 acc: 0.5295 | best AP70 acc: 0.4005 | best mAP acc: 0.3866 | best mAR acc: 0.5054 | best Score: 0.3866 | best Score epoch: 28 
epoch 31, iter 3001: loss: 0.0087 | load time: 0.0023 | back time: 0.3970 | lr: 0.00004856 | best AP50 acc: 0.5295 | best AP70 acc: 0.4005 | best mAP acc: 0.3866 | best mAR acc: 0.5054 | best Score: 0.3866 | best Score epoch: 28 
epoch 31, iter 3201: loss: 0.0081 | load time: 0.0022 | back time: 0.4038 | lr: 0.00004843 | best AP50 acc: 0.5295 | best AP70 acc: 0.4005 | best mAP acc: 0.3866 | best mAR acc: 0.5054 | best Score: 0.3866 | best Score epoch: 28 
epoch 31, iter 3401: loss: 0.0080 | load time: 0.0020 | back time: 0.3945 | lr: 0.00004830 | best AP50 acc: 0.5295 | best AP70 acc: 0.4005 | best mAP acc: 0.3866 | best mAR acc: 0.5054 | best Score: 0.3866 | best Score epoch: 28 
epoch 31, iter 3601: loss: 0.0082 | load time: 0.0021 | back time: 0.3856 | lr: 0.00004817 | best AP50 acc: 0.5295 | best AP70 acc: 0.4005 | best mAP acc: 0.3866 | best mAR acc: 0.5054 | best Score: 0.3866 | best Score epoch: 28 
epoch 31, iter 3801: loss: 0.0080 | load time: 0.0022 | back time: 0.3933 | lr: 0.00004804 | best AP50 acc: 0.5295 | best AP70 acc: 0.4005 | best mAP acc: 0.3866 | best mAR acc: 0.5054 | best Score: 0.3866 | best Score epoch: 28 
epoch 31, iter 4001: loss: 0.0079 | load time: 0.0021 | back time: 0.3885 | lr: 0.00004791 | best AP50 acc: 0.5295 | best AP70 acc: 0.4005 | best mAP acc: 0.3866 | best mAR acc: 0.5054 | best Score: 0.3866 | best Score epoch: 28 
epoch 31, iter 4201: loss: 0.0079 | load time: 0.0022 | back time: 0.3897 | lr: 0.00004778 | best AP50 acc: 0.5295 | best AP70 acc: 0.4005 | best mAP acc: 0.3866 | best mAR acc: 0.5054 | best Score: 0.3866 | best Score epoch: 28 
epoch 31, iter 4401: loss: 0.0080 | load time: 0.0021 | back time: 0.3858 | lr: 0.00004765 | best AP50 acc: 0.5295 | best AP70 acc: 0.4005 | best mAP acc: 0.3866 | best mAR acc: 0.5054 | best Score: 0.3866 | best Score epoch: 28 
epoch 31, iter 4601: loss: 0.0080 | load time: 0.0022 | back time: 0.3821 | lr: 0.00004752 | best AP50 acc: 0.5295 | best AP70 acc: 0.4005 | best mAP acc: 0.3866 | best mAR acc: 0.5054 | best Score: 0.3866 | best Score epoch: 28 
UAV_SEQS_2 | mAP50:90: 0.1205 | AP50: 0.3825 | AP70: 0.0788 
UAV_SEQS_37 | mAP50:90: 77.9747 | AP50: 92.1323 | AP70: 82.7512 
UAV_SEQS_45 | mAP50:90: 81.0443 | AP50: 97.2504 | AP70: 89.8059 
UAV_SEQS_47 | mAP50:90: 84.2547 | AP50: 95.7907 | AP70: 89.8129 
UAV_SEQS_55 | mAP50:90: 20.4976 | AP50: 38.2322 | AP70: 19.9204 
UAV_SEQS_59 | mAP50:90: 41.9271 | AP50: 77.8492 | AP70: 37.1351 
UAV_SEQS_6 | mAP50:90: 12.7649 | AP50: 20.8808 | AP70: 12.6897 
UAV_SEQS_63 | mAP50:90: 27.3208 | AP50: 51.3302 | AP70: 26.7698 
UAV_SEQS_65 | mAP50:90: 73.9762 | AP50: 90.0291 | AP70: 81.5603 
UAV_SEQS_7 | mAP50:90: 5.9480 | AP50: 21.0358 | AP70: 3.1356 
UAV_SEQS_71 | mAP50:90: 11.7102 | AP50: 34.8907 | AP70: 5.6957 
UAV_SEQS_73 | mAP50:90: 44.4642 | AP50: 73.0625 | AP70: 46.6181 
UAV_SEQS_74 | mAP50:90: 82.7724 | AP50: 90.2135 | AP70: 84.8868 
UAV_SEQS_77 | mAP50:90: 5.5704 | AP50: 10.3395 | AP70: 5.0199 
UAV_SEQS_8 | mAP50:90: 0.4909 | AP50: 0.8045 | AP70: 0.5776 
Overall            | mAP50:95: 34.1267 | AP50: 49.7389 | AP70: 34.8330 
epoch 32, iter    1: loss: 0.0082 | load time: 0.0034 | back time: 0.1218 | lr: 0.00004739 | best AP50 acc: 0.5295 | best AP70 acc: 0.4005 | best mAP acc: 0.3866 | best mAR acc: 0.5054 | best Score: 0.3866 | best Score epoch: 28 
epoch 32, iter  201: loss: 0.0081 | load time: 0.0018 | back time: 0.3842 | lr: 0.00004726 | best AP50 acc: 0.5295 | best AP70 acc: 0.4005 | best mAP acc: 0.3866 | best mAR acc: 0.5054 | best Score: 0.3866 | best Score epoch: 28 
epoch 32, iter  401: loss: 0.0080 | load time: 0.0019 | back time: 0.3954 | lr: 0.00004713 | best AP50 acc: 0.5295 | best AP70 acc: 0.4005 | best mAP acc: 0.3866 | best mAR acc: 0.5054 | best Score: 0.3866 | best Score epoch: 28 
epoch 32, iter  601: loss: 0.0079 | load time: 0.0022 | back time: 0.3926 | lr: 0.00004700 | best AP50 acc: 0.5295 | best AP70 acc: 0.4005 | best mAP acc: 0.3866 | best mAR acc: 0.5054 | best Score: 0.3866 | best Score epoch: 28 
epoch 32, iter  801: loss: 0.0081 | load time: 0.0023 | back time: 0.3890 | lr: 0.00004687 | best AP50 acc: 0.5295 | best AP70 acc: 0.4005 | best mAP acc: 0.3866 | best mAR acc: 0.5054 | best Score: 0.3866 | best Score epoch: 28 
epoch 32, iter 1001: loss: 0.0081 | load time: 0.0023 | back time: 0.3818 | lr: 0.00004674 | best AP50 acc: 0.5295 | best AP70 acc: 0.4005 | best mAP acc: 0.3866 | best mAR acc: 0.5054 | best Score: 0.3866 | best Score epoch: 28 
epoch 32, iter 1201: loss: 0.0082 | load time: 0.0019 | back time: 0.3981 | lr: 0.00004662 | best AP50 acc: 0.5295 | best AP70 acc: 0.4005 | best mAP acc: 0.3866 | best mAR acc: 0.5054 | best Score: 0.3866 | best Score epoch: 28 
epoch 32, iter 1401: loss: 0.0080 | load time: 0.0022 | back time: 0.3874 | lr: 0.00004649 | best AP50 acc: 0.5295 | best AP70 acc: 0.4005 | best mAP acc: 0.3866 | best mAR acc: 0.5054 | best Score: 0.3866 | best Score epoch: 28 
epoch 32, iter 1601: loss: 0.0080 | load time: 0.0022 | back time: 0.3782 | lr: 0.00004636 | best AP50 acc: 0.5295 | best AP70 acc: 0.4005 | best mAP acc: 0.3866 | best mAR acc: 0.5054 | best Score: 0.3866 | best Score epoch: 28 
epoch 32, iter 1801: loss: 0.0080 | load time: 0.0022 | back time: 0.3929 | lr: 0.00004623 | best AP50 acc: 0.5295 | best AP70 acc: 0.4005 | best mAP acc: 0.3866 | best mAR acc: 0.5054 | best Score: 0.3866 | best Score epoch: 28 
epoch 32, iter 2001: loss: 0.0082 | load time: 0.0018 | back time: 0.3874 | lr: 0.00004610 | best AP50 acc: 0.5295 | best AP70 acc: 0.4005 | best mAP acc: 0.3866 | best mAR acc: 0.5054 | best Score: 0.3866 | best Score epoch: 28 
epoch 32, iter 2201: loss: 0.0080 | load time: 0.0022 | back time: 0.3929 | lr: 0.00004597 | best AP50 acc: 0.5295 | best AP70 acc: 0.4005 | best mAP acc: 0.3866 | best mAR acc: 0.5054 | best Score: 0.3866 | best Score epoch: 28 
epoch 32, iter 2401: loss: 0.0083 | load time: 0.0019 | back time: 0.4120 | lr: 0.00004584 | best AP50 acc: 0.5295 | best AP70 acc: 0.4005 | best mAP acc: 0.3866 | best mAR acc: 0.5054 | best Score: 0.3866 | best Score epoch: 28 
epoch 32, iter 2601: loss: 0.0080 | load time: 0.0023 | back time: 0.3961 | lr: 0.00004571 | best AP50 acc: 0.5295 | best AP70 acc: 0.4005 | best mAP acc: 0.3866 | best mAR acc: 0.5054 | best Score: 0.3866 | best Score epoch: 28 
epoch 32, iter 2801: loss: 0.0080 | load time: 0.0023 | back time: 0.3957 | lr: 0.00004558 | best AP50 acc: 0.5295 | best AP70 acc: 0.4005 | best mAP acc: 0.3866 | best mAR acc: 0.5054 | best Score: 0.3866 | best Score epoch: 28 
epoch 32, iter 3001: loss: 0.0081 | load time: 0.0019 | back time: 0.4038 | lr: 0.00004545 | best AP50 acc: 0.5295 | best AP70 acc: 0.4005 | best mAP acc: 0.3866 | best mAR acc: 0.5054 | best Score: 0.3866 | best Score epoch: 28 
epoch 32, iter 3201: loss: 0.0080 | load time: 0.0022 | back time: 0.3952 | lr: 0.00004533 | best AP50 acc: 0.5295 | best AP70 acc: 0.4005 | best mAP acc: 0.3866 | best mAR acc: 0.5054 | best Score: 0.3866 | best Score epoch: 28 
epoch 32, iter 3401: loss: 0.0081 | load time: 0.0020 | back time: 0.4009 | lr: 0.00004520 | best AP50 acc: 0.5295 | best AP70 acc: 0.4005 | best mAP acc: 0.3866 | best mAR acc: 0.5054 | best Score: 0.3866 | best Score epoch: 28 
epoch 32, iter 3601: loss: 0.0080 | load time: 0.0024 | back time: 0.4056 | lr: 0.00004507 | best AP50 acc: 0.5295 | best AP70 acc: 0.4005 | best mAP acc: 0.3866 | best mAR acc: 0.5054 | best Score: 0.3866 | best Score epoch: 28 
epoch 32, iter 3801: loss: 0.0084 | load time: 0.0021 | back time: 0.3903 | lr: 0.00004494 | best AP50 acc: 0.5295 | best AP70 acc: 0.4005 | best mAP acc: 0.3866 | best mAR acc: 0.5054 | best Score: 0.3866 | best Score epoch: 28 
epoch 32, iter 4001: loss: 0.0080 | load time: 0.0019 | back time: 0.3853 | lr: 0.00004481 | best AP50 acc: 0.5295 | best AP70 acc: 0.4005 | best mAP acc: 0.3866 | best mAR acc: 0.5054 | best Score: 0.3866 | best Score epoch: 28 
epoch 32, iter 4201: loss: 0.0080 | load time: 0.0020 | back time: 0.3951 | lr: 0.00004468 | best AP50 acc: 0.5295 | best AP70 acc: 0.4005 | best mAP acc: 0.3866 | best mAR acc: 0.5054 | best Score: 0.3866 | best Score epoch: 28 
epoch 32, iter 4401: loss: 0.0080 | load time: 0.0024 | back time: 0.3873 | lr: 0.00004455 | best AP50 acc: 0.5295 | best AP70 acc: 0.4005 | best mAP acc: 0.3866 | best mAR acc: 0.5054 | best Score: 0.3866 | best Score epoch: 28 
epoch 32, iter 4601: loss: 0.0082 | load time: 0.0021 | back time: 0.4030 | lr: 0.00004442 | best AP50 acc: 0.5295 | best AP70 acc: 0.4005 | best mAP acc: 0.3866 | best mAR acc: 0.5054 | best Score: 0.3866 | best Score epoch: 28 
UAV_SEQS_2 | mAP50:90: 1.0185 | AP50: 2.7418 | AP70: 0.7147 
UAV_SEQS_37 | mAP50:90: 79.8670 | AP50: 93.0380 | AP70: 82.8465 
UAV_SEQS_45 | mAP50:90: 84.1516 | AP50: 98.8827 | AP70: 91.2344 
UAV_SEQS_47 | mAP50:90: 85.6316 | AP50: 97.2931 | AP70: 88.4087 
UAV_SEQS_55 | mAP50:90: 29.4777 | AP50: 51.2197 | AP70: 30.2069 
UAV_SEQS_59 | mAP50:90: 48.3595 | AP50: 78.0498 | AP70: 46.5019 
UAV_SEQS_6 | mAP50:90: 13.0923 | AP50: 22.3911 | AP70: 12.9496 
UAV_SEQS_63 | mAP50:90: 12.7858 | AP50: 34.0150 | AP70: 8.6844 
UAV_SEQS_65 | mAP50:90: 67.9865 | AP50: 90.6093 | AP70: 69.2541 
UAV_SEQS_7 | mAP50:90: 1.5754 | AP50: 6.7967 | AP70: 0.5878 
UAV_SEQS_71 | mAP50:90: 12.7470 | AP50: 34.9836 | AP70: 6.9736 
UAV_SEQS_73 | mAP50:90: 48.0000 | AP50: 73.3037 | AP70: 54.9751 
UAV_SEQS_74 | mAP50:90: 92.3501 | AP50: 96.9093 | AP70: 95.5512 
UAV_SEQS_77 | mAP50:90: 7.9953 | AP50: 16.5877 | AP70: 6.9865 
UAV_SEQS_8 | mAP50:90: 1.1822 | AP50: 1.9319 | AP70: 1.2523 
Overall            | mAP50:95: 36.7757 | AP50: 52.2171 | AP70: 37.3278 
epoch 33, iter    1: loss: 0.0080 | load time: 0.0021 | back time: 0.1162 | lr: 0.00004430 | best AP50 acc: 0.5295 | best AP70 acc: 0.4005 | best mAP acc: 0.3866 | best mAR acc: 0.5054 | best Score: 0.3866 | best Score epoch: 28 
epoch 33, iter  201: loss: 0.0080 | load time: 0.0020 | back time: 0.4004 | lr: 0.00004417 | best AP50 acc: 0.5295 | best AP70 acc: 0.4005 | best mAP acc: 0.3866 | best mAR acc: 0.5054 | best Score: 0.3866 | best Score epoch: 28 
epoch 33, iter  401: loss: 0.0078 | load time: 0.0021 | back time: 0.3881 | lr: 0.00004404 | best AP50 acc: 0.5295 | best AP70 acc: 0.4005 | best mAP acc: 0.3866 | best mAR acc: 0.5054 | best Score: 0.3866 | best Score epoch: 28 
epoch 33, iter  601: loss: 0.0077 | load time: 0.0022 | back time: 0.3819 | lr: 0.00004391 | best AP50 acc: 0.5295 | best AP70 acc: 0.4005 | best mAP acc: 0.3866 | best mAR acc: 0.5054 | best Score: 0.3866 | best Score epoch: 28 
epoch 33, iter  801: loss: 0.0081 | load time: 0.0021 | back time: 0.4001 | lr: 0.00004378 | best AP50 acc: 0.5295 | best AP70 acc: 0.4005 | best mAP acc: 0.3866 | best mAR acc: 0.5054 | best Score: 0.3866 | best Score epoch: 28 
epoch 33, iter 1001: loss: 0.0080 | load time: 0.0021 | back time: 0.3888 | lr: 0.00004365 | best AP50 acc: 0.5295 | best AP70 acc: 0.4005 | best mAP acc: 0.3866 | best mAR acc: 0.5054 | best Score: 0.3866 | best Score epoch: 28 
epoch 33, iter 1201: loss: 0.0080 | load time: 0.0022 | back time: 0.3880 | lr: 0.00004352 | best AP50 acc: 0.5295 | best AP70 acc: 0.4005 | best mAP acc: 0.3866 | best mAR acc: 0.5054 | best Score: 0.3866 | best Score epoch: 28 
epoch 33, iter 1401: loss: 0.0080 | load time: 0.0022 | back time: 0.3946 | lr: 0.00004340 | best AP50 acc: 0.5295 | best AP70 acc: 0.4005 | best mAP acc: 0.3866 | best mAR acc: 0.5054 | best Score: 0.3866 | best Score epoch: 28 
epoch 33, iter 1601: loss: 0.0080 | load time: 0.0023 | back time: 0.3839 | lr: 0.00004327 | best AP50 acc: 0.5295 | best AP70 acc: 0.4005 | best mAP acc: 0.3866 | best mAR acc: 0.5054 | best Score: 0.3866 | best Score epoch: 28 
epoch 33, iter 1801: loss: 0.0080 | load time: 0.0023 | back time: 0.3812 | lr: 0.00004314 | best AP50 acc: 0.5295 | best AP70 acc: 0.4005 | best mAP acc: 0.3866 | best mAR acc: 0.5054 | best Score: 0.3866 | best Score epoch: 28 
epoch 33, iter 2001: loss: 0.0081 | load time: 0.0023 | back time: 0.3959 | lr: 0.00004301 | best AP50 acc: 0.5295 | best AP70 acc: 0.4005 | best mAP acc: 0.3866 | best mAR acc: 0.5054 | best Score: 0.3866 | best Score epoch: 28 
epoch 33, iter 2201: loss: 0.0081 | load time: 0.0019 | back time: 0.3875 | lr: 0.00004288 | best AP50 acc: 0.5295 | best AP70 acc: 0.4005 | best mAP acc: 0.3866 | best mAR acc: 0.5054 | best Score: 0.3866 | best Score epoch: 28 
epoch 33, iter 2401: loss: 0.0080 | load time: 0.0020 | back time: 0.3912 | lr: 0.00004276 | best AP50 acc: 0.5295 | best AP70 acc: 0.4005 | best mAP acc: 0.3866 | best mAR acc: 0.5054 | best Score: 0.3866 | best Score epoch: 28 
epoch 33, iter 2601: loss: 0.0079 | load time: 0.0022 | back time: 0.3868 | lr: 0.00004263 | best AP50 acc: 0.5295 | best AP70 acc: 0.4005 | best mAP acc: 0.3866 | best mAR acc: 0.5054 | best Score: 0.3866 | best Score epoch: 28 
epoch 33, iter 2801: loss: 0.0080 | load time: 0.0022 | back time: 0.3892 | lr: 0.00004250 | best AP50 acc: 0.5295 | best AP70 acc: 0.4005 | best mAP acc: 0.3866 | best mAR acc: 0.5054 | best Score: 0.3866 | best Score epoch: 28 
epoch 33, iter 3001: loss: 0.0081 | load time: 0.0020 | back time: 0.3881 | lr: 0.00004237 | best AP50 acc: 0.5295 | best AP70 acc: 0.4005 | best mAP acc: 0.3866 | best mAR acc: 0.5054 | best Score: 0.3866 | best Score epoch: 28 
epoch 33, iter 3201: loss: 0.0080 | load time: 0.0022 | back time: 0.3858 | lr: 0.00004224 | best AP50 acc: 0.5295 | best AP70 acc: 0.4005 | best mAP acc: 0.3866 | best mAR acc: 0.5054 | best Score: 0.3866 | best Score epoch: 28 
epoch 33, iter 3401: loss: 0.0080 | load time: 0.0022 | back time: 0.3836 | lr: 0.00004212 | best AP50 acc: 0.5295 | best AP70 acc: 0.4005 | best mAP acc: 0.3866 | best mAR acc: 0.5054 | best Score: 0.3866 | best Score epoch: 28 
epoch 33, iter 3601: loss: 0.0084 | load time: 0.0022 | back time: 0.4114 | lr: 0.00004199 | best AP50 acc: 0.5295 | best AP70 acc: 0.4005 | best mAP acc: 0.3866 | best mAR acc: 0.5054 | best Score: 0.3866 | best Score epoch: 28 
epoch 33, iter 3801: loss: 0.0080 | load time: 0.0022 | back time: 0.3973 | lr: 0.00004186 | best AP50 acc: 0.5295 | best AP70 acc: 0.4005 | best mAP acc: 0.3866 | best mAR acc: 0.5054 | best Score: 0.3866 | best Score epoch: 28 
epoch 33, iter 4001: loss: 0.0080 | load time: 0.0019 | back time: 0.3858 | lr: 0.00004173 | best AP50 acc: 0.5295 | best AP70 acc: 0.4005 | best mAP acc: 0.3866 | best mAR acc: 0.5054 | best Score: 0.3866 | best Score epoch: 28 
epoch 33, iter 4201: loss: 0.0079 | load time: 0.0019 | back time: 0.3885 | lr: 0.00004161 | best AP50 acc: 0.5295 | best AP70 acc: 0.4005 | best mAP acc: 0.3866 | best mAR acc: 0.5054 | best Score: 0.3866 | best Score epoch: 28 
epoch 33, iter 4401: loss: 0.0079 | load time: 0.0022 | back time: 0.3826 | lr: 0.00004148 | best AP50 acc: 0.5295 | best AP70 acc: 0.4005 | best mAP acc: 0.3866 | best mAR acc: 0.5054 | best Score: 0.3866 | best Score epoch: 28 
epoch 33, iter 4601: loss: 0.0080 | load time: 0.0022 | back time: 0.3986 | lr: 0.00004135 | best AP50 acc: 0.5295 | best AP70 acc: 0.4005 | best mAP acc: 0.3866 | best mAR acc: 0.5054 | best Score: 0.3866 | best Score epoch: 28 
UAV_SEQS_2 | mAP50:90: 0.4541 | AP50: 1.4906 | AP70: 0.2557 
UAV_SEQS_37 | mAP50:90: 76.4421 | AP50: 90.7180 | AP70: 81.2440 
UAV_SEQS_45 | mAP50:90: 84.6965 | AP50: 97.6078 | AP70: 91.6033 
UAV_SEQS_47 | mAP50:90: 89.0666 | AP50: 98.8305 | AP70: 93.1832 
UAV_SEQS_55 | mAP50:90: 24.7842 | AP50: 41.9924 | AP70: 26.4311 
UAV_SEQS_59 | mAP50:90: 51.2278 | AP50: 85.1194 | AP70: 50.7365 
UAV_SEQS_6 | mAP50:90: 13.8993 | AP50: 22.2908 | AP70: 15.0290 
UAV_SEQS_63 | mAP50:90: 28.6962 | AP50: 57.9529 | AP70: 24.2022 
UAV_SEQS_65 | mAP50:90: 68.2636 | AP50: 87.9346 | AP70: 71.1893 
UAV_SEQS_7 | mAP50:90: 0.2016 | AP50: 1.1976 | AP70: 0.0346 
UAV_SEQS_71 | mAP50:90: 10.6710 | AP50: 33.1935 | AP70: 4.6035 
UAV_SEQS_73 | mAP50:90: 42.5302 | AP50: 67.6967 | AP70: 46.7218 
UAV_SEQS_74 | mAP50:90: 90.7490 | AP50: 94.2687 | AP70: 92.1713 
UAV_SEQS_77 | mAP50:90: 5.3679 | AP50: 8.9265 | AP70: 5.9992 
UAV_SEQS_8 | mAP50:90: 0.2898 | AP50: 0.6282 | AP70: 0.2543 
Overall            | mAP50:95: 34.9486 | AP50: 48.9282 | AP70: 36.1862 
epoch 34, iter    1: loss: 0.0080 | load time: 0.0023 | back time: 0.1284 | lr: 0.00004122 | best AP50 acc: 0.5295 | best AP70 acc: 0.4005 | best mAP acc: 0.3866 | best mAR acc: 0.5054 | best Score: 0.3866 | best Score epoch: 28 
epoch 34, iter  201: loss: 0.0080 | load time: 0.0019 | back time: 0.4021 | lr: 0.00004110 | best AP50 acc: 0.5295 | best AP70 acc: 0.4005 | best mAP acc: 0.3866 | best mAR acc: 0.5054 | best Score: 0.3866 | best Score epoch: 28 
epoch 34, iter  401: loss: 0.0078 | load time: 0.0021 | back time: 0.3996 | lr: 0.00004097 | best AP50 acc: 0.5295 | best AP70 acc: 0.4005 | best mAP acc: 0.3866 | best mAR acc: 0.5054 | best Score: 0.3866 | best Score epoch: 28 
epoch 34, iter  601: loss: 0.0080 | load time: 0.0022 | back time: 0.3984 | lr: 0.00004084 | best AP50 acc: 0.5295 | best AP70 acc: 0.4005 | best mAP acc: 0.3866 | best mAR acc: 0.5054 | best Score: 0.3866 | best Score epoch: 28 
epoch 34, iter  801: loss: 0.0079 | load time: 0.0021 | back time: 0.3854 | lr: 0.00004072 | best AP50 acc: 0.5295 | best AP70 acc: 0.4005 | best mAP acc: 0.3866 | best mAR acc: 0.5054 | best Score: 0.3866 | best Score epoch: 28 
epoch 34, iter 1001: loss: 0.0081 | load time: 0.0019 | back time: 0.3918 | lr: 0.00004059 | best AP50 acc: 0.5295 | best AP70 acc: 0.4005 | best mAP acc: 0.3866 | best mAR acc: 0.5054 | best Score: 0.3866 | best Score epoch: 28 
epoch 34, iter 1201: loss: 0.0080 | load time: 0.0021 | back time: 0.3912 | lr: 0.00004046 | best AP50 acc: 0.5295 | best AP70 acc: 0.4005 | best mAP acc: 0.3866 | best mAR acc: 0.5054 | best Score: 0.3866 | best Score epoch: 28 
epoch 34, iter 1401: loss: 0.0080 | load time: 0.0024 | back time: 0.3828 | lr: 0.00004033 | best AP50 acc: 0.5295 | best AP70 acc: 0.4005 | best mAP acc: 0.3866 | best mAR acc: 0.5054 | best Score: 0.3866 | best Score epoch: 28 
epoch 34, iter 1601: loss: 0.0080 | load time: 0.0030 | back time: 0.3823 | lr: 0.00004021 | best AP50 acc: 0.5295 | best AP70 acc: 0.4005 | best mAP acc: 0.3866 | best mAR acc: 0.5054 | best Score: 0.3866 | best Score epoch: 28 
epoch 34, iter 1801: loss: 0.0080 | load time: 0.0019 | back time: 0.3942 | lr: 0.00004008 | best AP50 acc: 0.5295 | best AP70 acc: 0.4005 | best mAP acc: 0.3866 | best mAR acc: 0.5054 | best Score: 0.3866 | best Score epoch: 28 
epoch 34, iter 2001: loss: 0.0079 | load time: 0.0023 | back time: 0.3853 | lr: 0.00003995 | best AP50 acc: 0.5295 | best AP70 acc: 0.4005 | best mAP acc: 0.3866 | best mAR acc: 0.5054 | best Score: 0.3866 | best Score epoch: 28 
epoch 34, iter 2201: loss: 0.0080 | load time: 0.0023 | back time: 0.3883 | lr: 0.00003983 | best AP50 acc: 0.5295 | best AP70 acc: 0.4005 | best mAP acc: 0.3866 | best mAR acc: 0.5054 | best Score: 0.3866 | best Score epoch: 28 
epoch 34, iter 2401: loss: 0.0080 | load time: 0.0022 | back time: 0.3986 | lr: 0.00003970 | best AP50 acc: 0.5295 | best AP70 acc: 0.4005 | best mAP acc: 0.3866 | best mAR acc: 0.5054 | best Score: 0.3866 | best Score epoch: 28 
epoch 34, iter 2601: loss: 0.0079 | load time: 0.0018 | back time: 0.3890 | lr: 0.00003957 | best AP50 acc: 0.5295 | best AP70 acc: 0.4005 | best mAP acc: 0.3866 | best mAR acc: 0.5054 | best Score: 0.3866 | best Score epoch: 28 
epoch 34, iter 2801: loss: 0.0080 | load time: 0.0020 | back time: 0.3915 | lr: 0.00003945 | best AP50 acc: 0.5295 | best AP70 acc: 0.4005 | best mAP acc: 0.3866 | best mAR acc: 0.5054 | best Score: 0.3866 | best Score epoch: 28 
epoch 34, iter 3001: loss: 0.0081 | load time: 0.0019 | back time: 0.3999 | lr: 0.00003932 | best AP50 acc: 0.5295 | best AP70 acc: 0.4005 | best mAP acc: 0.3866 | best mAR acc: 0.5054 | best Score: 0.3866 | best Score epoch: 28 
epoch 34, iter 3201: loss: 0.0080 | load time: 0.0023 | back time: 0.3799 | lr: 0.00003920 | best AP50 acc: 0.5295 | best AP70 acc: 0.4005 | best mAP acc: 0.3866 | best mAR acc: 0.5054 | best Score: 0.3866 | best Score epoch: 28 
epoch 34, iter 3401: loss: 0.0080 | load time: 0.0019 | back time: 0.3916 | lr: 0.00003907 | best AP50 acc: 0.5295 | best AP70 acc: 0.4005 | best mAP acc: 0.3866 | best mAR acc: 0.5054 | best Score: 0.3866 | best Score epoch: 28 
epoch 34, iter 3601: loss: 0.0080 | load time: 0.0025 | back time: 0.3827 | lr: 0.00003894 | best AP50 acc: 0.5295 | best AP70 acc: 0.4005 | best mAP acc: 0.3866 | best mAR acc: 0.5054 | best Score: 0.3866 | best Score epoch: 28 
epoch 34, iter 3801: loss: 0.0079 | load time: 0.0019 | back time: 0.3819 | lr: 0.00003882 | best AP50 acc: 0.5295 | best AP70 acc: 0.4005 | best mAP acc: 0.3866 | best mAR acc: 0.5054 | best Score: 0.3866 | best Score epoch: 28 
epoch 34, iter 4001: loss: 0.0079 | load time: 0.0022 | back time: 0.3877 | lr: 0.00003869 | best AP50 acc: 0.5295 | best AP70 acc: 0.4005 | best mAP acc: 0.3866 | best mAR acc: 0.5054 | best Score: 0.3866 | best Score epoch: 28 
epoch 34, iter 4201: loss: 0.0082 | load time: 0.0022 | back time: 0.3932 | lr: 0.00003857 | best AP50 acc: 0.5295 | best AP70 acc: 0.4005 | best mAP acc: 0.3866 | best mAR acc: 0.5054 | best Score: 0.3866 | best Score epoch: 28 
epoch 34, iter 4401: loss: 0.0081 | load time: 0.0021 | back time: 0.3763 | lr: 0.00003844 | best AP50 acc: 0.5295 | best AP70 acc: 0.4005 | best mAP acc: 0.3866 | best mAR acc: 0.5054 | best Score: 0.3866 | best Score epoch: 28 
epoch 34, iter 4601: loss: 0.0076 | load time: 0.0019 | back time: 0.3998 | lr: 0.00003831 | best AP50 acc: 0.5295 | best AP70 acc: 0.4005 | best mAP acc: 0.3866 | best mAR acc: 0.5054 | best Score: 0.3866 | best Score epoch: 28 
UAV_SEQS_2 | mAP50:90: 0.4184 | AP50: 1.0950 | AP70: 0.2920 
UAV_SEQS_37 | mAP50:90: 76.5269 | AP50: 90.3887 | AP70: 82.2452 
UAV_SEQS_45 | mAP50:90: 66.1563 | AP50: 87.8089 | AP70: 74.5942 
UAV_SEQS_47 | mAP50:90: 87.6790 | AP50: 98.8277 | AP70: 91.8202 
UAV_SEQS_55 | mAP50:90: 23.9527 | AP50: 42.7264 | AP70: 22.6765 
UAV_SEQS_59 | mAP50:90: 45.8556 | AP50: 76.6274 | AP70: 48.0844 
UAV_SEQS_6 | mAP50:90: 15.6678 | AP50: 25.1703 | AP70: 15.2436 
UAV_SEQS_63 | mAP50:90: 38.6961 | AP50: 76.3664 | AP70: 39.5300 
UAV_SEQS_65 | mAP50:90: 67.2739 | AP50: 88.4361 | AP70: 70.7783 
UAV_SEQS_7 | mAP50:90: 2.9727 | AP50: 11.6949 | AP70: 1.0419 
UAV_SEQS_71 | mAP50:90: 5.5238 | AP50: 16.9915 | AP70: 2.8921 
UAV_SEQS_73 | mAP50:90: 36.7517 | AP50: 61.8426 | AP70: 38.2359 
UAV_SEQS_74 | mAP50:90: 92.7806 | AP50: 96.7814 | AP70: 96.7179 
UAV_SEQS_77 | mAP50:90: 7.2519 | AP50: 16.8526 | AP70: 6.9902 
UAV_SEQS_8 | mAP50:90: 0.9192 | AP50: 1.6524 | AP70: 0.9700 
Overall            | mAP50:95: 33.4481 | AP50: 49.3282 | AP70: 34.7518 
epoch 35, iter    1: loss: 0.0078 | load time: 0.0023 | back time: 0.1304 | lr: 0.00003819 | best AP50 acc: 0.5295 | best AP70 acc: 0.4005 | best mAP acc: 0.3866 | best mAR acc: 0.5054 | best Score: 0.3866 | best Score epoch: 28 
epoch 35, iter  201: loss: 0.0079 | load time: 0.0023 | back time: 0.3886 | lr: 0.00003806 | best AP50 acc: 0.5295 | best AP70 acc: 0.4005 | best mAP acc: 0.3866 | best mAR acc: 0.5054 | best Score: 0.3866 | best Score epoch: 28 
epoch 35, iter  401: loss: 0.0080 | load time: 0.0021 | back time: 0.3937 | lr: 0.00003794 | best AP50 acc: 0.5295 | best AP70 acc: 0.4005 | best mAP acc: 0.3866 | best mAR acc: 0.5054 | best Score: 0.3866 | best Score epoch: 28 
epoch 35, iter  601: loss: 0.0080 | load time: 0.0022 | back time: 0.3812 | lr: 0.00003781 | best AP50 acc: 0.5295 | best AP70 acc: 0.4005 | best mAP acc: 0.3866 | best mAR acc: 0.5054 | best Score: 0.3866 | best Score epoch: 28 
epoch 35, iter  801: loss: 0.0080 | load time: 0.0023 | back time: 0.3879 | lr: 0.00003769 | best AP50 acc: 0.5295 | best AP70 acc: 0.4005 | best mAP acc: 0.3866 | best mAR acc: 0.5054 | best Score: 0.3866 | best Score epoch: 28 
epoch 35, iter 1001: loss: 0.0078 | load time: 0.0020 | back time: 0.3833 | lr: 0.00003756 | best AP50 acc: 0.5295 | best AP70 acc: 0.4005 | best mAP acc: 0.3866 | best mAR acc: 0.5054 | best Score: 0.3866 | best Score epoch: 28 
epoch 35, iter 1201: loss: 0.0080 | load time: 0.0023 | back time: 0.3844 | lr: 0.00003744 | best AP50 acc: 0.5295 | best AP70 acc: 0.4005 | best mAP acc: 0.3866 | best mAR acc: 0.5054 | best Score: 0.3866 | best Score epoch: 28 
epoch 35, iter 1401: loss: 0.0080 | load time: 0.0019 | back time: 0.3800 | lr: 0.00003731 | best AP50 acc: 0.5295 | best AP70 acc: 0.4005 | best mAP acc: 0.3866 | best mAR acc: 0.5054 | best Score: 0.3866 | best Score epoch: 28 
epoch 35, iter 1601: loss: 0.0080 | load time: 0.0021 | back time: 0.3919 | lr: 0.00003719 | best AP50 acc: 0.5295 | best AP70 acc: 0.4005 | best mAP acc: 0.3866 | best mAR acc: 0.5054 | best Score: 0.3866 | best Score epoch: 28 
epoch 35, iter 1801: loss: 0.0080 | load time: 0.0021 | back time: 0.3837 | lr: 0.00003706 | best AP50 acc: 0.5295 | best AP70 acc: 0.4005 | best mAP acc: 0.3866 | best mAR acc: 0.5054 | best Score: 0.3866 | best Score epoch: 28 
epoch 35, iter 2001: loss: 0.0080 | load time: 0.0021 | back time: 0.3813 | lr: 0.00003694 | best AP50 acc: 0.5295 | best AP70 acc: 0.4005 | best mAP acc: 0.3866 | best mAR acc: 0.5054 | best Score: 0.3866 | best Score epoch: 28 
epoch 35, iter 2201: loss: 0.0081 | load time: 0.0016 | back time: 0.3951 | lr: 0.00003681 | best AP50 acc: 0.5295 | best AP70 acc: 0.4005 | best mAP acc: 0.3866 | best mAR acc: 0.5054 | best Score: 0.3866 | best Score epoch: 28 
epoch 35, iter 2401: loss: 0.0079 | load time: 0.0019 | back time: 0.3822 | lr: 0.00003669 | best AP50 acc: 0.5295 | best AP70 acc: 0.4005 | best mAP acc: 0.3866 | best mAR acc: 0.5054 | best Score: 0.3866 | best Score epoch: 28 
epoch 35, iter 2601: loss: 0.0081 | load time: 0.0019 | back time: 0.3982 | lr: 0.00003656 | best AP50 acc: 0.5295 | best AP70 acc: 0.4005 | best mAP acc: 0.3866 | best mAR acc: 0.5054 | best Score: 0.3866 | best Score epoch: 28 
epoch 35, iter 2801: loss: 0.0079 | load time: 0.0023 | back time: 0.3915 | lr: 0.00003644 | best AP50 acc: 0.5295 | best AP70 acc: 0.4005 | best mAP acc: 0.3866 | best mAR acc: 0.5054 | best Score: 0.3866 | best Score epoch: 28 
epoch 35, iter 3001: loss: 0.0078 | load time: 0.0024 | back time: 0.3773 | lr: 0.00003632 | best AP50 acc: 0.5295 | best AP70 acc: 0.4005 | best mAP acc: 0.3866 | best mAR acc: 0.5054 | best Score: 0.3866 | best Score epoch: 28 
epoch 35, iter 3201: loss: 0.0077 | load time: 0.0022 | back time: 0.3814 | lr: 0.00003619 | best AP50 acc: 0.5295 | best AP70 acc: 0.4005 | best mAP acc: 0.3866 | best mAR acc: 0.5054 | best Score: 0.3866 | best Score epoch: 28 
epoch 35, iter 3401: loss: 0.0080 | load time: 0.0022 | back time: 0.3910 | lr: 0.00003607 | best AP50 acc: 0.5295 | best AP70 acc: 0.4005 | best mAP acc: 0.3866 | best mAR acc: 0.5054 | best Score: 0.3866 | best Score epoch: 28 
epoch 35, iter 3601: loss: 0.0081 | load time: 0.0022 | back time: 0.3898 | lr: 0.00003594 | best AP50 acc: 0.5295 | best AP70 acc: 0.4005 | best mAP acc: 0.3866 | best mAR acc: 0.5054 | best Score: 0.3866 | best Score epoch: 28 
epoch 35, iter 3801: loss: 0.0080 | load time: 0.0020 | back time: 0.3972 | lr: 0.00003582 | best AP50 acc: 0.5295 | best AP70 acc: 0.4005 | best mAP acc: 0.3866 | best mAR acc: 0.5054 | best Score: 0.3866 | best Score epoch: 28 
epoch 35, iter 4001: loss: 0.0080 | load time: 0.0024 | back time: 0.3881 | lr: 0.00003570 | best AP50 acc: 0.5295 | best AP70 acc: 0.4005 | best mAP acc: 0.3866 | best mAR acc: 0.5054 | best Score: 0.3866 | best Score epoch: 28 
epoch 35, iter 4201: loss: 0.0079 | load time: 0.0022 | back time: 0.3859 | lr: 0.00003557 | best AP50 acc: 0.5295 | best AP70 acc: 0.4005 | best mAP acc: 0.3866 | best mAR acc: 0.5054 | best Score: 0.3866 | best Score epoch: 28 
epoch 35, iter 4401: loss: 0.0080 | load time: 0.0018 | back time: 0.3776 | lr: 0.00003545 | best AP50 acc: 0.5295 | best AP70 acc: 0.4005 | best mAP acc: 0.3866 | best mAR acc: 0.5054 | best Score: 0.3866 | best Score epoch: 28 
epoch 35, iter 4601: loss: 0.0081 | load time: 0.0022 | back time: 0.3890 | lr: 0.00003533 | best AP50 acc: 0.5295 | best AP70 acc: 0.4005 | best mAP acc: 0.3866 | best mAR acc: 0.5054 | best Score: 0.3866 | best Score epoch: 28 
UAV_SEQS_2 | mAP50:90: 0.5714 | AP50: 1.3228 | AP70: 0.3848 
UAV_SEQS_37 | mAP50:90: 77.4608 | AP50: 92.2821 | AP70: 82.0997 
UAV_SEQS_45 | mAP50:90: 83.5730 | AP50: 97.6584 | AP70: 89.6155 
UAV_SEQS_47 | mAP50:90: 83.6464 | AP50: 97.7809 | AP70: 88.5736 
UAV_SEQS_55 | mAP50:90: 26.5480 | AP50: 44.5405 | AP70: 27.9713 
UAV_SEQS_59 | mAP50:90: 51.6522 | AP50: 84.1797 | AP70: 53.0959 
UAV_SEQS_6 | mAP50:90: 12.1391 | AP50: 21.2191 | AP70: 11.0446 
UAV_SEQS_63 | mAP50:90: 24.2201 | AP50: 51.7839 | AP70: 20.6816 
UAV_SEQS_65 | mAP50:90: 74.4454 | AP50: 90.9052 | AP70: 81.7122 
UAV_SEQS_7 | mAP50:90: 0.8757 | AP50: 3.4990 | AP70: 0.4260 
UAV_SEQS_71 | mAP50:90: 13.3976 | AP50: 36.2523 | AP70: 8.0158 
UAV_SEQS_73 | mAP50:90: 46.1957 | AP50: 67.7690 | AP70: 52.3110 
UAV_SEQS_74 | mAP50:90: 87.3604 | AP50: 92.4492 | AP70: 90.9752 
UAV_SEQS_77 | mAP50:90: 8.4731 | AP50: 18.7366 | AP70: 7.3294 
UAV_SEQS_8 | mAP50:90: 2.2786 | AP50: 3.2863 | AP70: 2.3173 
Overall            | mAP50:95: 36.3589 | AP50: 51.1753 | AP70: 37.9948 
epoch 36, iter    1: loss: 0.0079 | load time: 0.0027 | back time: 0.1228 | lr: 0.00003520 | best AP50 acc: 0.5295 | best AP70 acc: 0.4005 | best mAP acc: 0.3866 | best mAR acc: 0.5054 | best Score: 0.3866 | best Score epoch: 28 
epoch 36, iter  201: loss: 0.0081 | load time: 0.0022 | back time: 0.4213 | lr: 0.00003508 | best AP50 acc: 0.5295 | best AP70 acc: 0.4005 | best mAP acc: 0.3866 | best mAR acc: 0.5054 | best Score: 0.3866 | best Score epoch: 28 
epoch 36, iter  401: loss: 0.0080 | load time: 0.0022 | back time: 0.3804 | lr: 0.00003496 | best AP50 acc: 0.5295 | best AP70 acc: 0.4005 | best mAP acc: 0.3866 | best mAR acc: 0.5054 | best Score: 0.3866 | best Score epoch: 28 
epoch 36, iter  601: loss: 0.0079 | load time: 0.0020 | back time: 0.3829 | lr: 0.00003483 | best AP50 acc: 0.5295 | best AP70 acc: 0.4005 | best mAP acc: 0.3866 | best mAR acc: 0.5054 | best Score: 0.3866 | best Score epoch: 28 
epoch 36, iter  801: loss: 0.0072 | load time: 0.0019 | back time: 0.3833 | lr: 0.00003471 | best AP50 acc: 0.5295 | best AP70 acc: 0.4005 | best mAP acc: 0.3866 | best mAR acc: 0.5054 | best Score: 0.3866 | best Score epoch: 28 
epoch 36, iter 1001: loss: 0.0079 | load time: 0.0018 | back time: 0.3807 | lr: 0.00003459 | best AP50 acc: 0.5295 | best AP70 acc: 0.4005 | best mAP acc: 0.3866 | best mAR acc: 0.5054 | best Score: 0.3866 | best Score epoch: 28 
epoch 36, iter 1201: loss: 0.0079 | load time: 0.0022 | back time: 0.3968 | lr: 0.00003447 | best AP50 acc: 0.5295 | best AP70 acc: 0.4005 | best mAP acc: 0.3866 | best mAR acc: 0.5054 | best Score: 0.3866 | best Score epoch: 28 
epoch 36, iter 1401: loss: 0.0080 | load time: 0.0022 | back time: 0.3865 | lr: 0.00003434 | best AP50 acc: 0.5295 | best AP70 acc: 0.4005 | best mAP acc: 0.3866 | best mAR acc: 0.5054 | best Score: 0.3866 | best Score epoch: 28 
epoch 36, iter 1601: loss: 0.0080 | load time: 0.0020 | back time: 0.3869 | lr: 0.00003422 | best AP50 acc: 0.5295 | best AP70 acc: 0.4005 | best mAP acc: 0.3866 | best mAR acc: 0.5054 | best Score: 0.3866 | best Score epoch: 28 
epoch 36, iter 1801: loss: 0.0079 | load time: 0.0020 | back time: 0.3918 | lr: 0.00003410 | best AP50 acc: 0.5295 | best AP70 acc: 0.4005 | best mAP acc: 0.3866 | best mAR acc: 0.5054 | best Score: 0.3866 | best Score epoch: 28 
epoch 36, iter 2001: loss: 0.0079 | load time: 0.0022 | back time: 0.3923 | lr: 0.00003398 | best AP50 acc: 0.5295 | best AP70 acc: 0.4005 | best mAP acc: 0.3866 | best mAR acc: 0.5054 | best Score: 0.3866 | best Score epoch: 28 
epoch 36, iter 2201: loss: 0.0078 | load time: 0.0018 | back time: 0.3919 | lr: 0.00003385 | best AP50 acc: 0.5295 | best AP70 acc: 0.4005 | best mAP acc: 0.3866 | best mAR acc: 0.5054 | best Score: 0.3866 | best Score epoch: 28 
epoch 36, iter 2401: loss: 0.0080 | load time: 0.0022 | back time: 0.3960 | lr: 0.00003373 | best AP50 acc: 0.5295 | best AP70 acc: 0.4005 | best mAP acc: 0.3866 | best mAR acc: 0.5054 | best Score: 0.3866 | best Score epoch: 28 
epoch 36, iter 2601: loss: 0.0079 | load time: 0.0023 | back time: 0.3825 | lr: 0.00003361 | best AP50 acc: 0.5295 | best AP70 acc: 0.4005 | best mAP acc: 0.3866 | best mAR acc: 0.5054 | best Score: 0.3866 | best Score epoch: 28 
epoch 36, iter 2801: loss: 0.0080 | load time: 0.0022 | back time: 0.3934 | lr: 0.00003349 | best AP50 acc: 0.5295 | best AP70 acc: 0.4005 | best mAP acc: 0.3866 | best mAR acc: 0.5054 | best Score: 0.3866 | best Score epoch: 28 
epoch 36, iter 3001: loss: 0.0079 | load time: 0.0019 | back time: 0.3958 | lr: 0.00003337 | best AP50 acc: 0.5295 | best AP70 acc: 0.4005 | best mAP acc: 0.3866 | best mAR acc: 0.5054 | best Score: 0.3866 | best Score epoch: 28 
epoch 36, iter 3201: loss: 0.0080 | load time: 0.0020 | back time: 0.3910 | lr: 0.00003325 | best AP50 acc: 0.5295 | best AP70 acc: 0.4005 | best mAP acc: 0.3866 | best mAR acc: 0.5054 | best Score: 0.3866 | best Score epoch: 28 
epoch 36, iter 3401: loss: 0.0079 | load time: 0.0021 | back time: 0.3777 | lr: 0.00003312 | best AP50 acc: 0.5295 | best AP70 acc: 0.4005 | best mAP acc: 0.3866 | best mAR acc: 0.5054 | best Score: 0.3866 | best Score epoch: 28 
epoch 36, iter 3601: loss: 0.0081 | load time: 0.0020 | back time: 0.3846 | lr: 0.00003300 | best AP50 acc: 0.5295 | best AP70 acc: 0.4005 | best mAP acc: 0.3866 | best mAR acc: 0.5054 | best Score: 0.3866 | best Score epoch: 28 
epoch 36, iter 3801: loss: 0.0079 | load time: 0.0022 | back time: 0.3855 | lr: 0.00003288 | best AP50 acc: 0.5295 | best AP70 acc: 0.4005 | best mAP acc: 0.3866 | best mAR acc: 0.5054 | best Score: 0.3866 | best Score epoch: 28 
epoch 36, iter 4001: loss: 0.0080 | load time: 0.0021 | back time: 0.3836 | lr: 0.00003276 | best AP50 acc: 0.5295 | best AP70 acc: 0.4005 | best mAP acc: 0.3866 | best mAR acc: 0.5054 | best Score: 0.3866 | best Score epoch: 28 
epoch 36, iter 4201: loss: 0.0080 | load time: 0.0021 | back time: 0.3844 | lr: 0.00003264 | best AP50 acc: 0.5295 | best AP70 acc: 0.4005 | best mAP acc: 0.3866 | best mAR acc: 0.5054 | best Score: 0.3866 | best Score epoch: 28 
epoch 36, iter 4401: loss: 0.0079 | load time: 0.0021 | back time: 0.3868 | lr: 0.00003252 | best AP50 acc: 0.5295 | best AP70 acc: 0.4005 | best mAP acc: 0.3866 | best mAR acc: 0.5054 | best Score: 0.3866 | best Score epoch: 28 
epoch 36, iter 4601: loss: 0.0079 | load time: 0.0020 | back time: 0.3981 | lr: 0.00003240 | best AP50 acc: 0.5295 | best AP70 acc: 0.4005 | best mAP acc: 0.3866 | best mAR acc: 0.5054 | best Score: 0.3866 | best Score epoch: 28 
UAV_SEQS_2 | mAP50:90: 0.6645 | AP50: 1.5788 | AP70: 0.4859 
UAV_SEQS_37 | mAP50:90: 72.1343 | AP50: 91.6740 | AP70: 75.8358 
UAV_SEQS_45 | mAP50:90: 80.3388 | AP50: 97.6318 | AP70: 89.5689 
UAV_SEQS_47 | mAP50:90: 86.6882 | AP50: 97.6043 | AP70: 88.6181 
UAV_SEQS_55 | mAP50:90: 27.6162 | AP50: 47.1479 | AP70: 27.4414 
UAV_SEQS_59 | mAP50:90: 56.6676 | AP50: 85.1510 | AP70: 60.5219 
UAV_SEQS_6 | mAP50:90: 15.5551 | AP50: 27.2690 | AP70: 16.0973 
UAV_SEQS_63 | mAP50:90: 40.6430 | AP50: 69.0277 | AP70: 42.9658 
UAV_SEQS_65 | mAP50:90: 74.9517 | AP50: 90.9013 | AP70: 81.9604 
UAV_SEQS_7 | mAP50:90: 1.3345 | AP50: 4.5014 | AP70: 0.7962 
UAV_SEQS_71 | mAP50:90: 9.9883 | AP50: 30.1581 | AP70: 4.9045 
UAV_SEQS_73 | mAP50:90: 40.1017 | AP50: 64.0257 | AP70: 44.6807 
UAV_SEQS_74 | mAP50:90: 90.1344 | AP50: 96.5906 | AP70: 92.4530 
UAV_SEQS_77 | mAP50:90: 4.1937 | AP50: 12.1889 | AP70: 1.8638 
UAV_SEQS_8 | mAP50:90: 0.1098 | AP50: 0.3127 | AP70: 0.0857 
Overall            | mAP50:95: 34.9941 | AP50: 49.5122 | AP70: 36.5023 
epoch 37, iter    1: loss: 0.0080 | load time: 0.0022 | back time: 0.1314 | lr: 0.00003228 | best AP50 acc: 0.5295 | best AP70 acc: 0.4005 | best mAP acc: 0.3866 | best mAR acc: 0.5054 | best Score: 0.3866 | best Score epoch: 28 
epoch 37, iter  201: loss: 0.0080 | load time: 0.0021 | back time: 0.3851 | lr: 0.00003216 | best AP50 acc: 0.5295 | best AP70 acc: 0.4005 | best mAP acc: 0.3866 | best mAR acc: 0.5054 | best Score: 0.3866 | best Score epoch: 28 
epoch 37, iter  401: loss: 0.0080 | load time: 0.0019 | back time: 0.3944 | lr: 0.00003204 | best AP50 acc: 0.5295 | best AP70 acc: 0.4005 | best mAP acc: 0.3866 | best mAR acc: 0.5054 | best Score: 0.3866 | best Score epoch: 28 
epoch 37, iter  601: loss: 0.0077 | load time: 0.0018 | back time: 0.3906 | lr: 0.00003192 | best AP50 acc: 0.5295 | best AP70 acc: 0.4005 | best mAP acc: 0.3866 | best mAR acc: 0.5054 | best Score: 0.3866 | best Score epoch: 28 
epoch 37, iter  801: loss: 0.0081 | load time: 0.0022 | back time: 0.3856 | lr: 0.00003180 | best AP50 acc: 0.5295 | best AP70 acc: 0.4005 | best mAP acc: 0.3866 | best mAR acc: 0.5054 | best Score: 0.3866 | best Score epoch: 28 
epoch 37, iter 1001: loss: 0.0081 | load time: 0.0021 | back time: 0.3899 | lr: 0.00003168 | best AP50 acc: 0.5295 | best AP70 acc: 0.4005 | best mAP acc: 0.3866 | best mAR acc: 0.5054 | best Score: 0.3866 | best Score epoch: 28 
epoch 37, iter 1201: loss: 0.0079 | load time: 0.0020 | back time: 0.3873 | lr: 0.00003156 | best AP50 acc: 0.5295 | best AP70 acc: 0.4005 | best mAP acc: 0.3866 | best mAR acc: 0.5054 | best Score: 0.3866 | best Score epoch: 28 
epoch 37, iter 1401: loss: 0.0076 | load time: 0.0019 | back time: 0.3867 | lr: 0.00003144 | best AP50 acc: 0.5295 | best AP70 acc: 0.4005 | best mAP acc: 0.3866 | best mAR acc: 0.5054 | best Score: 0.3866 | best Score epoch: 28 
epoch 37, iter 1601: loss: 0.0079 | load time: 0.0020 | back time: 0.3828 | lr: 0.00003132 | best AP50 acc: 0.5295 | best AP70 acc: 0.4005 | best mAP acc: 0.3866 | best mAR acc: 0.5054 | best Score: 0.3866 | best Score epoch: 28 
epoch 37, iter 1801: loss: 0.0070 | load time: 0.0022 | back time: 0.3866 | lr: 0.00003120 | best AP50 acc: 0.5295 | best AP70 acc: 0.4005 | best mAP acc: 0.3866 | best mAR acc: 0.5054 | best Score: 0.3866 | best Score epoch: 28 
epoch 37, iter 2001: loss: 0.0080 | load time: 0.0019 | back time: 0.3997 | lr: 0.00003108 | best AP50 acc: 0.5295 | best AP70 acc: 0.4005 | best mAP acc: 0.3866 | best mAR acc: 0.5054 | best Score: 0.3866 | best Score epoch: 28 
epoch 37, iter 2201: loss: 0.0080 | load time: 0.0019 | back time: 0.3834 | lr: 0.00003096 | best AP50 acc: 0.5295 | best AP70 acc: 0.4005 | best mAP acc: 0.3866 | best mAR acc: 0.5054 | best Score: 0.3866 | best Score epoch: 28 
epoch 37, iter 2401: loss: 0.0080 | load time: 0.0023 | back time: 0.3858 | lr: 0.00003084 | best AP50 acc: 0.5295 | best AP70 acc: 0.4005 | best mAP acc: 0.3866 | best mAR acc: 0.5054 | best Score: 0.3866 | best Score epoch: 28 
epoch 37, iter 2601: loss: 0.0079 | load time: 0.0022 | back time: 0.3845 | lr: 0.00003072 | best AP50 acc: 0.5295 | best AP70 acc: 0.4005 | best mAP acc: 0.3866 | best mAR acc: 0.5054 | best Score: 0.3866 | best Score epoch: 28 
epoch 37, iter 2801: loss: 0.0079 | load time: 0.0020 | back time: 0.3826 | lr: 0.00003060 | best AP50 acc: 0.5295 | best AP70 acc: 0.4005 | best mAP acc: 0.3866 | best mAR acc: 0.5054 | best Score: 0.3866 | best Score epoch: 28 
epoch 37, iter 3001: loss: 0.0079 | load time: 0.0020 | back time: 0.3845 | lr: 0.00003048 | best AP50 acc: 0.5295 | best AP70 acc: 0.4005 | best mAP acc: 0.3866 | best mAR acc: 0.5054 | best Score: 0.3866 | best Score epoch: 28 
epoch 37, iter 3201: loss: 0.0079 | load time: 0.0022 | back time: 0.3925 | lr: 0.00003037 | best AP50 acc: 0.5295 | best AP70 acc: 0.4005 | best mAP acc: 0.3866 | best mAR acc: 0.5054 | best Score: 0.3866 | best Score epoch: 28 
epoch 37, iter 3401: loss: 0.0080 | load time: 0.0022 | back time: 0.3865 | lr: 0.00003025 | best AP50 acc: 0.5295 | best AP70 acc: 0.4005 | best mAP acc: 0.3866 | best mAR acc: 0.5054 | best Score: 0.3866 | best Score epoch: 28 
epoch 37, iter 3601: loss: 0.0082 | load time: 0.0023 | back time: 0.3860 | lr: 0.00003013 | best AP50 acc: 0.5295 | best AP70 acc: 0.4005 | best mAP acc: 0.3866 | best mAR acc: 0.5054 | best Score: 0.3866 | best Score epoch: 28 
epoch 37, iter 3801: loss: 0.0079 | load time: 0.0019 | back time: 0.3791 | lr: 0.00003001 | best AP50 acc: 0.5295 | best AP70 acc: 0.4005 | best mAP acc: 0.3866 | best mAR acc: 0.5054 | best Score: 0.3866 | best Score epoch: 28 
epoch 37, iter 4001: loss: 0.0080 | load time: 0.0022 | back time: 0.3898 | lr: 0.00002989 | best AP50 acc: 0.5295 | best AP70 acc: 0.4005 | best mAP acc: 0.3866 | best mAR acc: 0.5054 | best Score: 0.3866 | best Score epoch: 28 
epoch 37, iter 4201: loss: 0.0079 | load time: 0.0022 | back time: 0.3864 | lr: 0.00002978 | best AP50 acc: 0.5295 | best AP70 acc: 0.4005 | best mAP acc: 0.3866 | best mAR acc: 0.5054 | best Score: 0.3866 | best Score epoch: 28 
epoch 37, iter 4401: loss: 0.0079 | load time: 0.0024 | back time: 0.3900 | lr: 0.00002966 | best AP50 acc: 0.5295 | best AP70 acc: 0.4005 | best mAP acc: 0.3866 | best mAR acc: 0.5054 | best Score: 0.3866 | best Score epoch: 28 
epoch 37, iter 4601: loss: 0.0079 | load time: 0.0021 | back time: 0.3860 | lr: 0.00002954 | best AP50 acc: 0.5295 | best AP70 acc: 0.4005 | best mAP acc: 0.3866 | best mAR acc: 0.5054 | best Score: 0.3866 | best Score epoch: 28 
UAV_SEQS_2 | mAP50:90: 0.0855 | AP50: 0.2501 | AP70: 0.0541 
UAV_SEQS_37 | mAP50:90: 76.2990 | AP50: 90.7554 | AP70: 79.0336 
UAV_SEQS_45 | mAP50:90: 83.9957 | AP50: 97.8255 | AP70: 90.9244 
UAV_SEQS_47 | mAP50:90: 87.4480 | AP50: 98.6401 | AP70: 90.7832 
UAV_SEQS_55 | mAP50:90: 29.2900 | AP50: 45.8714 | AP70: 33.1338 
UAV_SEQS_59 | mAP50:90: 51.9270 | AP50: 81.1313 | AP70: 54.5918 
UAV_SEQS_6 | mAP50:90: 10.3586 | AP50: 16.1009 | AP70: 10.6891 
UAV_SEQS_63 | mAP50:90: 6.3688 | AP50: 17.2586 | AP70: 5.3831 
UAV_SEQS_65 | mAP50:90: 75.4361 | AP50: 91.2062 | AP70: 80.1597 
UAV_SEQS_7 | mAP50:90: 1.2526 | AP50: 4.8097 | AP70: 0.4945 
UAV_SEQS_71 | mAP50:90: 12.7399 | AP50: 32.2961 | AP70: 8.5968 
UAV_SEQS_73 | mAP50:90: 46.2268 | AP50: 71.5892 | AP70: 51.6671 
UAV_SEQS_74 | mAP50:90: 79.6744 | AP50: 85.9878 | AP70: 82.9930 
UAV_SEQS_77 | mAP50:90: 8.7683 | AP50: 18.6265 | AP70: 10.4389 
UAV_SEQS_8 | mAP50:90: 0.6461 | AP50: 1.4461 | AP70: 0.5464 
Overall            | mAP50:95: 35.2463 | AP50: 48.6876 | AP70: 36.7948 
epoch 38, iter    1: loss: 0.0079 | load time: 0.0021 | back time: 0.1206 | lr: 0.00002942 | best AP50 acc: 0.5295 | best AP70 acc: 0.4005 | best mAP acc: 0.3866 | best mAR acc: 0.5054 | best Score: 0.3866 | best Score epoch: 28 
epoch 38, iter  201: loss: 0.0079 | load time: 0.0022 | back time: 0.3976 | lr: 0.00002931 | best AP50 acc: 0.5295 | best AP70 acc: 0.4005 | best mAP acc: 0.3866 | best mAR acc: 0.5054 | best Score: 0.3866 | best Score epoch: 28 
epoch 38, iter  401: loss: 0.0079 | load time: 0.0023 | back time: 0.3862 | lr: 0.00002919 | best AP50 acc: 0.5295 | best AP70 acc: 0.4005 | best mAP acc: 0.3866 | best mAR acc: 0.5054 | best Score: 0.3866 | best Score epoch: 28 
epoch 38, iter  601: loss: 0.0081 | load time: 0.0021 | back time: 0.3862 | lr: 0.00002907 | best AP50 acc: 0.5295 | best AP70 acc: 0.4005 | best mAP acc: 0.3866 | best mAR acc: 0.5054 | best Score: 0.3866 | best Score epoch: 28 
epoch 38, iter  801: loss: 0.0079 | load time: 0.0026 | back time: 0.3919 | lr: 0.00002896 | best AP50 acc: 0.5295 | best AP70 acc: 0.4005 | best mAP acc: 0.3866 | best mAR acc: 0.5054 | best Score: 0.3866 | best Score epoch: 28 
epoch 38, iter 1001: loss: 0.0079 | load time: 0.0023 | back time: 0.3927 | lr: 0.00002884 | best AP50 acc: 0.5295 | best AP70 acc: 0.4005 | best mAP acc: 0.3866 | best mAR acc: 0.5054 | best Score: 0.3866 | best Score epoch: 28 
epoch 38, iter 1201: loss: 0.0076 | load time: 0.0021 | back time: 0.3880 | lr: 0.00002872 | best AP50 acc: 0.5295 | best AP70 acc: 0.4005 | best mAP acc: 0.3866 | best mAR acc: 0.5054 | best Score: 0.3866 | best Score epoch: 28 
epoch 38, iter 1401: loss: 0.0079 | load time: 0.0021 | back time: 0.3859 | lr: 0.00002861 | best AP50 acc: 0.5295 | best AP70 acc: 0.4005 | best mAP acc: 0.3866 | best mAR acc: 0.5054 | best Score: 0.3866 | best Score epoch: 28 
epoch 38, iter 1601: loss: 0.0080 | load time: 0.0022 | back time: 0.3802 | lr: 0.00002849 | best AP50 acc: 0.5295 | best AP70 acc: 0.4005 | best mAP acc: 0.3866 | best mAR acc: 0.5054 | best Score: 0.3866 | best Score epoch: 28 
epoch 38, iter 1801: loss: 0.0080 | load time: 0.0020 | back time: 0.3990 | lr: 0.00002837 | best AP50 acc: 0.5295 | best AP70 acc: 0.4005 | best mAP acc: 0.3866 | best mAR acc: 0.5054 | best Score: 0.3866 | best Score epoch: 28 
epoch 38, iter 2001: loss: 0.0080 | load time: 0.0023 | back time: 0.3888 | lr: 0.00002826 | best AP50 acc: 0.5295 | best AP70 acc: 0.4005 | best mAP acc: 0.3866 | best mAR acc: 0.5054 | best Score: 0.3866 | best Score epoch: 28 
epoch 38, iter 2201: loss: 0.0080 | load time: 0.0022 | back time: 0.3899 | lr: 0.00002814 | best AP50 acc: 0.5295 | best AP70 acc: 0.4005 | best mAP acc: 0.3866 | best mAR acc: 0.5054 | best Score: 0.3866 | best Score epoch: 28 
epoch 38, iter 2401: loss: 0.0079 | load time: 0.0021 | back time: 0.3847 | lr: 0.00002803 | best AP50 acc: 0.5295 | best AP70 acc: 0.4005 | best mAP acc: 0.3866 | best mAR acc: 0.5054 | best Score: 0.3866 | best Score epoch: 28 
epoch 38, iter 2601: loss: 0.0079 | load time: 0.0021 | back time: 0.3962 | lr: 0.00002791 | best AP50 acc: 0.5295 | best AP70 acc: 0.4005 | best mAP acc: 0.3866 | best mAR acc: 0.5054 | best Score: 0.3866 | best Score epoch: 28 
epoch 38, iter 2801: loss: 0.0080 | load time: 0.0022 | back time: 0.3875 | lr: 0.00002780 | best AP50 acc: 0.5295 | best AP70 acc: 0.4005 | best mAP acc: 0.3866 | best mAR acc: 0.5054 | best Score: 0.3866 | best Score epoch: 28 
epoch 38, iter 3001: loss: 0.0080 | load time: 0.0025 | back time: 0.3940 | lr: 0.00002768 | best AP50 acc: 0.5295 | best AP70 acc: 0.4005 | best mAP acc: 0.3866 | best mAR acc: 0.5054 | best Score: 0.3866 | best Score epoch: 28 
epoch 38, iter 3201: loss: 0.0077 | load time: 0.0023 | back time: 0.3854 | lr: 0.00002757 | best AP50 acc: 0.5295 | best AP70 acc: 0.4005 | best mAP acc: 0.3866 | best mAR acc: 0.5054 | best Score: 0.3866 | best Score epoch: 28 
epoch 38, iter 3401: loss: 0.0082 | load time: 0.0023 | back time: 0.3864 | lr: 0.00002745 | best AP50 acc: 0.5295 | best AP70 acc: 0.4005 | best mAP acc: 0.3866 | best mAR acc: 0.5054 | best Score: 0.3866 | best Score epoch: 28 
epoch 38, iter 3601: loss: 0.0079 | load time: 0.0020 | back time: 0.3885 | lr: 0.00002734 | best AP50 acc: 0.5295 | best AP70 acc: 0.4005 | best mAP acc: 0.3866 | best mAR acc: 0.5054 | best Score: 0.3866 | best Score epoch: 28 
epoch 38, iter 3801: loss: 0.0079 | load time: 0.0017 | back time: 0.3947 | lr: 0.00002722 | best AP50 acc: 0.5295 | best AP70 acc: 0.4005 | best mAP acc: 0.3866 | best mAR acc: 0.5054 | best Score: 0.3866 | best Score epoch: 28 
epoch 38, iter 4001: loss: 0.0080 | load time: 0.0019 | back time: 0.3852 | lr: 0.00002711 | best AP50 acc: 0.5295 | best AP70 acc: 0.4005 | best mAP acc: 0.3866 | best mAR acc: 0.5054 | best Score: 0.3866 | best Score epoch: 28 
epoch 38, iter 4201: loss: 0.0079 | load time: 0.0019 | back time: 0.3845 | lr: 0.00002699 | best AP50 acc: 0.5295 | best AP70 acc: 0.4005 | best mAP acc: 0.3866 | best mAR acc: 0.5054 | best Score: 0.3866 | best Score epoch: 28 
epoch 38, iter 4401: loss: 0.0080 | load time: 0.0024 | back time: 0.3926 | lr: 0.00002688 | best AP50 acc: 0.5295 | best AP70 acc: 0.4005 | best mAP acc: 0.3866 | best mAR acc: 0.5054 | best Score: 0.3866 | best Score epoch: 28 
epoch 38, iter 4601: loss: 0.0079 | load time: 0.0019 | back time: 0.3801 | lr: 0.00002677 | best AP50 acc: 0.5295 | best AP70 acc: 0.4005 | best mAP acc: 0.3866 | best mAR acc: 0.5054 | best Score: 0.3866 | best Score epoch: 28 
UAV_SEQS_2 | mAP50:90: 0.1766 | AP50: 0.5900 | AP70: 0.0489 
UAV_SEQS_37 | mAP50:90: 78.6781 | AP50: 92.4002 | AP70: 82.4136 
UAV_SEQS_45 | mAP50:90: 85.2833 | AP50: 98.8599 | AP70: 90.7630 
UAV_SEQS_47 | mAP50:90: 87.0830 | AP50: 97.8298 | AP70: 89.9741 
UAV_SEQS_55 | mAP50:90: 27.9048 | AP50: 45.3438 | AP70: 27.9792 
UAV_SEQS_59 | mAP50:90: 54.1607 | AP50: 83.1362 | AP70: 57.9088 
UAV_SEQS_6 | mAP50:90: 18.0571 | AP50: 28.0106 | AP70: 18.8935 
UAV_SEQS_63 | mAP50:90: 5.9172 | AP50: 20.0306 | AP70: 3.0485 
UAV_SEQS_65 | mAP50:90: 73.2700 | AP50: 90.8444 | AP70: 78.5032 
UAV_SEQS_7 | mAP50:90: 1.3141 | AP50: 5.8392 | AP70: 0.4731 
UAV_SEQS_71 | mAP50:90: 13.5723 | AP50: 34.0141 | AP70: 9.0687 
UAV_SEQS_73 | mAP50:90: 46.3303 | AP50: 71.5696 | AP70: 50.6232 
UAV_SEQS_74 | mAP50:90: 86.9351 | AP50: 92.3182 | AP70: 89.9126 
UAV_SEQS_77 | mAP50:90: 15.0278 | AP50: 28.6091 | AP70: 16.9442 
UAV_SEQS_8 | mAP50:90: 0.4614 | AP50: 0.9762 | AP70: 0.4898 
Overall            | mAP50:95: 36.8548 | AP50: 50.8795 | AP70: 38.3056 
