epoch  1, iter    1: loss: 0.6414 | load time: 0.1150 | back time: 2.1411 | lr: 0.00000012 | best AP50 acc: 0.0000 | best AP70 acc: 0.0000 | best mAP acc: 0.0000 | best mAR acc: 0.0000 | best Score: 0.0000 | best Score epoch: -1 
epoch  1, iter   51: loss: 0.2910 | load time: 0.0001 | back time: 1.1582 | lr: 0.00000098 | best AP50 acc: 0.0000 | best AP70 acc: 0.0000 | best mAP acc: 0.0000 | best mAR acc: 0.0000 | best Score: 0.0000 | best Score epoch: -1 
epoch  1, iter  101: loss: 0.1568 | load time: 0.0001 | back time: 1.1611 | lr: 0.00000185 | best AP50 acc: 0.0000 | best AP70 acc: 0.0000 | best mAP acc: 0.0000 | best mAR acc: 0.0000 | best Score: 0.0000 | best Score epoch: -1 
epoch  1, iter  151: loss: 0.0913 | load time: 0.0002 | back time: 1.1634 | lr: 0.00000272 | best AP50 acc: 0.0000 | best AP70 acc: 0.0000 | best mAP acc: 0.0000 | best mAR acc: 0.0000 | best Score: 0.0000 | best Score epoch: -1 
epoch  1, iter  201: loss: 0.0634 | load time: 0.0003 | back time: 1.1646 | lr: 0.00000359 | best AP50 acc: 0.0000 | best AP70 acc: 0.0000 | best mAP acc: 0.0000 | best mAR acc: 0.0000 | best Score: 0.0000 | best Score epoch: -1 
epoch  1, iter  251: loss: 0.0466 | load time: 0.0002 | back time: 1.1665 | lr: 0.00000445 | best AP50 acc: 0.0000 | best AP70 acc: 0.0000 | best mAP acc: 0.0000 | best mAR acc: 0.0000 | best Score: 0.0000 | best Score epoch: -1 
epoch  1, iter  301: loss: 0.0361 | load time: 0.0003 | back time: 1.1657 | lr: 0.00000532 | best AP50 acc: 0.0000 | best AP70 acc: 0.0000 | best mAP acc: 0.0000 | best mAR acc: 0.0000 | best Score: 0.0000 | best Score epoch: -1 
epoch  1, iter  351: loss: 0.0309 | load time: 0.0002 | back time: 1.1706 | lr: 0.00000619 | best AP50 acc: 0.0000 | best AP70 acc: 0.0000 | best mAP acc: 0.0000 | best mAR acc: 0.0000 | best Score: 0.0000 | best Score epoch: -1 
epoch  1, iter  401: loss: 0.0266 | load time: 0.0001 | back time: 1.1675 | lr: 0.00000705 | best AP50 acc: 0.0000 | best AP70 acc: 0.0000 | best mAP acc: 0.0000 | best mAR acc: 0.0000 | best Score: 0.0000 | best Score epoch: -1 
epoch  1, iter  451: loss: 0.0245 | load time: 0.0003 | back time: 1.1624 | lr: 0.00000792 | best AP50 acc: 0.0000 | best AP70 acc: 0.0000 | best mAP acc: 0.0000 | best mAR acc: 0.0000 | best Score: 0.0000 | best Score epoch: -1 
epoch  1, iter  501: loss: 0.0230 | load time: 0.0002 | back time: 1.1630 | lr: 0.00000879 | best AP50 acc: 0.0000 | best AP70 acc: 0.0000 | best mAP acc: 0.0000 | best mAR acc: 0.0000 | best Score: 0.0000 | best Score epoch: -1 
epoch  1, iter  551: loss: 0.0219 | load time: 0.0002 | back time: 1.1658 | lr: 0.00000966 | best AP50 acc: 0.0000 | best AP70 acc: 0.0000 | best mAP acc: 0.0000 | best mAR acc: 0.0000 | best Score: 0.0000 | best Score epoch: -1 
epoch  1, iter  601: loss: 0.0209 | load time: 0.0001 | back time: 1.1672 | lr: 0.00001052 | best AP50 acc: 0.0000 | best AP70 acc: 0.0000 | best mAP acc: 0.0000 | best mAR acc: 0.0000 | best Score: 0.0000 | best Score epoch: -1 
epoch  1, iter  651: loss: 0.0203 | load time: 0.0001 | back time: 1.1667 | lr: 0.00001139 | best AP50 acc: 0.0000 | best AP70 acc: 0.0000 | best mAP acc: 0.0000 | best mAR acc: 0.0000 | best Score: 0.0000 | best Score epoch: -1 
epoch  1, iter  701: loss: 0.0198 | load time: 0.0002 | back time: 1.1636 | lr: 0.00001226 | best AP50 acc: 0.0000 | best AP70 acc: 0.0000 | best mAP acc: 0.0000 | best mAR acc: 0.0000 | best Score: 0.0000 | best Score epoch: -1 
epoch  1, iter  751: loss: 0.0193 | load time: 0.0002 | back time: 1.1658 | lr: 0.00001313 | best AP50 acc: 0.0000 | best AP70 acc: 0.0000 | best mAP acc: 0.0000 | best mAR acc: 0.0000 | best Score: 0.0000 | best Score epoch: -1 
epoch  1, iter  801: loss: 0.0191 | load time: 0.0001 | back time: 1.1444 | lr: 0.00001399 | best AP50 acc: 0.0000 | best AP70 acc: 0.0000 | best mAP acc: 0.0000 | best mAR acc: 0.0000 | best Score: 0.0000 | best Score epoch: -1 
epoch  1, iter  851: loss: 0.0187 | load time: 0.0002 | back time: 1.1650 | lr: 0.00001486 | best AP50 acc: 0.0000 | best AP70 acc: 0.0000 | best mAP acc: 0.0000 | best mAR acc: 0.0000 | best Score: 0.0000 | best Score epoch: -1 
epoch  1, iter  901: loss: 0.0187 | load time: 0.0002 | back time: 1.1719 | lr: 0.00001573 | best AP50 acc: 0.0000 | best AP70 acc: 0.0000 | best mAP acc: 0.0000 | best mAR acc: 0.0000 | best Score: 0.0000 | best Score epoch: -1 
epoch  1, iter  951: loss: 0.0184 | load time: 0.0003 | back time: 1.1417 | lr: 0.00001659 | best AP50 acc: 0.0000 | best AP70 acc: 0.0000 | best mAP acc: 0.0000 | best mAR acc: 0.0000 | best Score: 0.0000 | best Score epoch: -1 
epoch  1, iter 1001: loss: 0.0183 | load time: 0.0003 | back time: 1.1717 | lr: 0.00001746 | best AP50 acc: 0.0000 | best AP70 acc: 0.0000 | best mAP acc: 0.0000 | best mAR acc: 0.0000 | best Score: 0.0000 | best Score epoch: -1 
epoch  1, iter 1051: loss: 0.0172 | load time: 0.0002 | back time: 1.1777 | lr: 0.00001833 | best AP50 acc: 0.0000 | best AP70 acc: 0.0000 | best mAP acc: 0.0000 | best mAR acc: 0.0000 | best Score: 0.0000 | best Score epoch: -1 
epoch  1, iter 1101: loss: 0.0158 | load time: 0.0002 | back time: 1.1729 | lr: 0.00001920 | best AP50 acc: 0.0000 | best AP70 acc: 0.0000 | best mAP acc: 0.0000 | best mAR acc: 0.0000 | best Score: 0.0000 | best Score epoch: -1 
epoch  1, iter 1151: loss: 0.0170 | load time: 0.0001 | back time: 1.1625 | lr: 0.00002006 | best AP50 acc: 0.0000 | best AP70 acc: 0.0000 | best mAP acc: 0.0000 | best mAR acc: 0.0000 | best Score: 0.0000 | best Score epoch: -1 
epoch  2, iter    1: loss: 0.0147 | load time: 0.0004 | back time: 0.6578 | lr: 0.00002010 | best AP50 acc: 0.0000 | best AP70 acc: 0.0000 | best mAP acc: 0.0000 | best mAR acc: 0.0000 | best Score: 0.0000 | best Score epoch: -1 
epoch  2, iter   51: loss: 0.0166 | load time: 0.0004 | back time: 1.1700 | lr: 0.00002096 | best AP50 acc: 0.0000 | best AP70 acc: 0.0000 | best mAP acc: 0.0000 | best mAR acc: 0.0000 | best Score: 0.0000 | best Score epoch: -1 
epoch  2, iter  101: loss: 0.0125 | load time: 0.0002 | back time: 1.1731 | lr: 0.00002183 | best AP50 acc: 0.0000 | best AP70 acc: 0.0000 | best mAP acc: 0.0000 | best mAR acc: 0.0000 | best Score: 0.0000 | best Score epoch: -1 
epoch  2, iter  151: loss: 0.0171 | load time: 0.0002 | back time: 1.1622 | lr: 0.00002270 | best AP50 acc: 0.0000 | best AP70 acc: 0.0000 | best mAP acc: 0.0000 | best mAR acc: 0.0000 | best Score: 0.0000 | best Score epoch: -1 
epoch  2, iter  201: loss: 0.0111 | load time: 0.0003 | back time: 1.1736 | lr: 0.00002357 | best AP50 acc: 0.0000 | best AP70 acc: 0.0000 | best mAP acc: 0.0000 | best mAR acc: 0.0000 | best Score: 0.0000 | best Score epoch: -1 
epoch  2, iter  251: loss: 0.0143 | load time: 0.0003 | back time: 1.1649 | lr: 0.00002443 | best AP50 acc: 0.0000 | best AP70 acc: 0.0000 | best mAP acc: 0.0000 | best mAR acc: 0.0000 | best Score: 0.0000 | best Score epoch: -1 
epoch  2, iter  301: loss: 0.0143 | load time: 0.0002 | back time: 1.1674 | lr: 0.00002530 | best AP50 acc: 0.0000 | best AP70 acc: 0.0000 | best mAP acc: 0.0000 | best mAR acc: 0.0000 | best Score: 0.0000 | best Score epoch: -1 
epoch  2, iter  351: loss: 0.0160 | load time: 0.0003 | back time: 1.1618 | lr: 0.00002617 | best AP50 acc: 0.0000 | best AP70 acc: 0.0000 | best mAP acc: 0.0000 | best mAR acc: 0.0000 | best Score: 0.0000 | best Score epoch: -1 
epoch  2, iter  401: loss: 0.0104 | load time: 0.0002 | back time: 1.1636 | lr: 0.00002703 | best AP50 acc: 0.0000 | best AP70 acc: 0.0000 | best mAP acc: 0.0000 | best mAR acc: 0.0000 | best Score: 0.0000 | best Score epoch: -1 
epoch  2, iter  451: loss: 0.0143 | load time: 0.0002 | back time: 1.1512 | lr: 0.00002790 | best AP50 acc: 0.0000 | best AP70 acc: 0.0000 | best mAP acc: 0.0000 | best mAR acc: 0.0000 | best Score: 0.0000 | best Score epoch: -1 
epoch  2, iter  501: loss: 0.0104 | load time: 0.0002 | back time: 1.1728 | lr: 0.00002877 | best AP50 acc: 0.0000 | best AP70 acc: 0.0000 | best mAP acc: 0.0000 | best mAR acc: 0.0000 | best Score: 0.0000 | best Score epoch: -1 
epoch  2, iter  551: loss: 0.0109 | load time: 0.0002 | back time: 1.1722 | lr: 0.00002964 | best AP50 acc: 0.0000 | best AP70 acc: 0.0000 | best mAP acc: 0.0000 | best mAR acc: 0.0000 | best Score: 0.0000 | best Score epoch: -1 
epoch  2, iter  601: loss: 0.0142 | load time: 0.0002 | back time: 1.1686 | lr: 0.00003050 | best AP50 acc: 0.0000 | best AP70 acc: 0.0000 | best mAP acc: 0.0000 | best mAR acc: 0.0000 | best Score: 0.0000 | best Score epoch: -1 
epoch  2, iter  651: loss: 0.0138 | load time: 0.0003 | back time: 1.1663 | lr: 0.00003137 | best AP50 acc: 0.0000 | best AP70 acc: 0.0000 | best mAP acc: 0.0000 | best mAR acc: 0.0000 | best Score: 0.0000 | best Score epoch: -1 
epoch  2, iter  701: loss: 0.0123 | load time: 0.0002 | back time: 1.1710 | lr: 0.00003224 | best AP50 acc: 0.0000 | best AP70 acc: 0.0000 | best mAP acc: 0.0000 | best mAR acc: 0.0000 | best Score: 0.0000 | best Score epoch: -1 
epoch  2, iter  751: loss: 0.0104 | load time: 0.0002 | back time: 1.1650 | lr: 0.00003311 | best AP50 acc: 0.0000 | best AP70 acc: 0.0000 | best mAP acc: 0.0000 | best mAR acc: 0.0000 | best Score: 0.0000 | best Score epoch: -1 
epoch  2, iter  801: loss: 0.0111 | load time: 0.0001 | back time: 1.1702 | lr: 0.00003397 | best AP50 acc: 0.0000 | best AP70 acc: 0.0000 | best mAP acc: 0.0000 | best mAR acc: 0.0000 | best Score: 0.0000 | best Score epoch: -1 
epoch  2, iter  851: loss: 0.0106 | load time: 0.0002 | back time: 1.1702 | lr: 0.00003484 | best AP50 acc: 0.0000 | best AP70 acc: 0.0000 | best mAP acc: 0.0000 | best mAR acc: 0.0000 | best Score: 0.0000 | best Score epoch: -1 
epoch  2, iter  901: loss: 0.0118 | load time: 0.0002 | back time: 1.1652 | lr: 0.00003571 | best AP50 acc: 0.0000 | best AP70 acc: 0.0000 | best mAP acc: 0.0000 | best mAR acc: 0.0000 | best Score: 0.0000 | best Score epoch: -1 
epoch  2, iter  951: loss: 0.0112 | load time: 0.0003 | back time: 1.1632 | lr: 0.00003657 | best AP50 acc: 0.0000 | best AP70 acc: 0.0000 | best mAP acc: 0.0000 | best mAR acc: 0.0000 | best Score: 0.0000 | best Score epoch: -1 
epoch  2, iter 1001: loss: 0.0077 | load time: 0.0002 | back time: 1.1646 | lr: 0.00003744 | best AP50 acc: 0.0000 | best AP70 acc: 0.0000 | best mAP acc: 0.0000 | best mAR acc: 0.0000 | best Score: 0.0000 | best Score epoch: -1 
epoch  2, iter 1051: loss: 0.0115 | load time: 0.0003 | back time: 1.1529 | lr: 0.00003831 | best AP50 acc: 0.0000 | best AP70 acc: 0.0000 | best mAP acc: 0.0000 | best mAR acc: 0.0000 | best Score: 0.0000 | best Score epoch: -1 
epoch  2, iter 1101: loss: 0.0107 | load time: 0.0002 | back time: 1.1366 | lr: 0.00003918 | best AP50 acc: 0.0000 | best AP70 acc: 0.0000 | best mAP acc: 0.0000 | best mAR acc: 0.0000 | best Score: 0.0000 | best Score epoch: -1 
epoch  2, iter 1151: loss: 0.0094 | load time: 0.0001 | back time: 1.1770 | lr: 0.00004004 | best AP50 acc: 0.0000 | best AP70 acc: 0.0000 | best mAP acc: 0.0000 | best mAR acc: 0.0000 | best Score: 0.0000 | best Score epoch: -1 
epoch  3, iter    1: loss: 0.0098 | load time: 0.0007 | back time: 0.6797 | lr: 0.00004008 | best AP50 acc: 0.0000 | best AP70 acc: 0.0000 | best mAP acc: 0.0000 | best mAR acc: 0.0000 | best Score: 0.0000 | best Score epoch: -1 
epoch  3, iter   51: loss: 0.0104 | load time: 0.0002 | back time: 1.1785 | lr: 0.00004094 | best AP50 acc: 0.0000 | best AP70 acc: 0.0000 | best mAP acc: 0.0000 | best mAR acc: 0.0000 | best Score: 0.0000 | best Score epoch: -1 
epoch  3, iter  101: loss: 0.0081 | load time: 0.0002 | back time: 1.1843 | lr: 0.00004181 | best AP50 acc: 0.0000 | best AP70 acc: 0.0000 | best mAP acc: 0.0000 | best mAR acc: 0.0000 | best Score: 0.0000 | best Score epoch: -1 
epoch  3, iter  151: loss: 0.0087 | load time: 0.0005 | back time: 1.1650 | lr: 0.00004268 | best AP50 acc: 0.0000 | best AP70 acc: 0.0000 | best mAP acc: 0.0000 | best mAR acc: 0.0000 | best Score: 0.0000 | best Score epoch: -1 
epoch  3, iter  201: loss: 0.0101 | load time: 0.0001 | back time: 1.1658 | lr: 0.00004355 | best AP50 acc: 0.0000 | best AP70 acc: 0.0000 | best mAP acc: 0.0000 | best mAR acc: 0.0000 | best Score: 0.0000 | best Score epoch: -1 
epoch  3, iter  251: loss: 0.0116 | load time: 0.0002 | back time: 1.1609 | lr: 0.00004441 | best AP50 acc: 0.0000 | best AP70 acc: 0.0000 | best mAP acc: 0.0000 | best mAR acc: 0.0000 | best Score: 0.0000 | best Score epoch: -1 
epoch  3, iter  301: loss: 0.0114 | load time: 0.0002 | back time: 1.1485 | lr: 0.00004528 | best AP50 acc: 0.0000 | best AP70 acc: 0.0000 | best mAP acc: 0.0000 | best mAR acc: 0.0000 | best Score: 0.0000 | best Score epoch: -1 
epoch  3, iter  351: loss: 0.0094 | load time: 0.0002 | back time: 1.1679 | lr: 0.00004615 | best AP50 acc: 0.0000 | best AP70 acc: 0.0000 | best mAP acc: 0.0000 | best mAR acc: 0.0000 | best Score: 0.0000 | best Score epoch: -1 
epoch  3, iter  401: loss: 0.0117 | load time: 0.0003 | back time: 1.1696 | lr: 0.00004701 | best AP50 acc: 0.0000 | best AP70 acc: 0.0000 | best mAP acc: 0.0000 | best mAR acc: 0.0000 | best Score: 0.0000 | best Score epoch: -1 
epoch  3, iter  451: loss: 0.0086 | load time: 0.0003 | back time: 1.1441 | lr: 0.00004788 | best AP50 acc: 0.0000 | best AP70 acc: 0.0000 | best mAP acc: 0.0000 | best mAR acc: 0.0000 | best Score: 0.0000 | best Score epoch: -1 
epoch  3, iter  501: loss: 0.0092 | load time: 0.0002 | back time: 1.1701 | lr: 0.00004875 | best AP50 acc: 0.0000 | best AP70 acc: 0.0000 | best mAP acc: 0.0000 | best mAR acc: 0.0000 | best Score: 0.0000 | best Score epoch: -1 
epoch  3, iter  551: loss: 0.0098 | load time: 0.0003 | back time: 1.1702 | lr: 0.00004962 | best AP50 acc: 0.0000 | best AP70 acc: 0.0000 | best mAP acc: 0.0000 | best mAR acc: 0.0000 | best Score: 0.0000 | best Score epoch: -1 
epoch  3, iter  601: loss: 0.0095 | load time: 0.0002 | back time: 1.1665 | lr: 0.00005048 | best AP50 acc: 0.0000 | best AP70 acc: 0.0000 | best mAP acc: 0.0000 | best mAR acc: 0.0000 | best Score: 0.0000 | best Score epoch: -1 
epoch  3, iter  651: loss: 0.0130 | load time: 0.0002 | back time: 1.1646 | lr: 0.00005135 | best AP50 acc: 0.0000 | best AP70 acc: 0.0000 | best mAP acc: 0.0000 | best mAR acc: 0.0000 | best Score: 0.0000 | best Score epoch: -1 
epoch  3, iter  701: loss: 0.0076 | load time: 0.0002 | back time: 1.1522 | lr: 0.00005222 | best AP50 acc: 0.0000 | best AP70 acc: 0.0000 | best mAP acc: 0.0000 | best mAR acc: 0.0000 | best Score: 0.0000 | best Score epoch: -1 
epoch  3, iter  751: loss: 0.0080 | load time: 0.0002 | back time: 1.1721 | lr: 0.00005309 | best AP50 acc: 0.0000 | best AP70 acc: 0.0000 | best mAP acc: 0.0000 | best mAR acc: 0.0000 | best Score: 0.0000 | best Score epoch: -1 
epoch  3, iter  801: loss: 0.0104 | load time: 0.0003 | back time: 1.1620 | lr: 0.00005395 | best AP50 acc: 0.0000 | best AP70 acc: 0.0000 | best mAP acc: 0.0000 | best mAR acc: 0.0000 | best Score: 0.0000 | best Score epoch: -1 
epoch  3, iter  851: loss: 0.0097 | load time: 0.0002 | back time: 1.1515 | lr: 0.00005482 | best AP50 acc: 0.0000 | best AP70 acc: 0.0000 | best mAP acc: 0.0000 | best mAR acc: 0.0000 | best Score: 0.0000 | best Score epoch: -1 
epoch  3, iter  901: loss: 0.0109 | load time: 0.0002 | back time: 1.1432 | lr: 0.00005569 | best AP50 acc: 0.0000 | best AP70 acc: 0.0000 | best mAP acc: 0.0000 | best mAR acc: 0.0000 | best Score: 0.0000 | best Score epoch: -1 
epoch  3, iter  951: loss: 0.0103 | load time: 0.0002 | back time: 1.1780 | lr: 0.00005655 | best AP50 acc: 0.0000 | best AP70 acc: 0.0000 | best mAP acc: 0.0000 | best mAR acc: 0.0000 | best Score: 0.0000 | best Score epoch: -1 
epoch  3, iter 1001: loss: 0.0071 | load time: 0.0002 | back time: 1.1749 | lr: 0.00005742 | best AP50 acc: 0.0000 | best AP70 acc: 0.0000 | best mAP acc: 0.0000 | best mAR acc: 0.0000 | best Score: 0.0000 | best Score epoch: -1 
epoch  3, iter 1051: loss: 0.0074 | load time: 0.0002 | back time: 1.1761 | lr: 0.00005829 | best AP50 acc: 0.0000 | best AP70 acc: 0.0000 | best mAP acc: 0.0000 | best mAR acc: 0.0000 | best Score: 0.0000 | best Score epoch: -1 
epoch  3, iter 1101: loss: 0.0077 | load time: 0.0003 | back time: 1.1649 | lr: 0.00005916 | best AP50 acc: 0.0000 | best AP70 acc: 0.0000 | best mAP acc: 0.0000 | best mAR acc: 0.0000 | best Score: 0.0000 | best Score epoch: -1 
epoch  3, iter 1151: loss: 0.0129 | load time: 0.0001 | back time: 1.1669 | lr: 0.00006002 | best AP50 acc: 0.0000 | best AP70 acc: 0.0000 | best mAP acc: 0.0000 | best mAR acc: 0.0000 | best Score: 0.0000 | best Score epoch: -1 
epoch  4, iter    1: loss: 0.0083 | load time: 0.0004 | back time: 0.6184 | lr: 0.00006006 | best AP50 acc: 0.0000 | best AP70 acc: 0.0000 | best mAP acc: 0.0000 | best mAR acc: 0.0000 | best Score: 0.0000 | best Score epoch: -1 
epoch  4, iter   51: loss: 0.0107 | load time: 0.0003 | back time: 1.1694 | lr: 0.00006092 | best AP50 acc: 0.0000 | best AP70 acc: 0.0000 | best mAP acc: 0.0000 | best mAR acc: 0.0000 | best Score: 0.0000 | best Score epoch: -1 
epoch  4, iter  101: loss: 0.0066 | load time: 0.0002 | back time: 1.1753 | lr: 0.00006179 | best AP50 acc: 0.0000 | best AP70 acc: 0.0000 | best mAP acc: 0.0000 | best mAR acc: 0.0000 | best Score: 0.0000 | best Score epoch: -1 
epoch  4, iter  151: loss: 0.0118 | load time: 0.0002 | back time: 1.1670 | lr: 0.00006266 | best AP50 acc: 0.0000 | best AP70 acc: 0.0000 | best mAP acc: 0.0000 | best mAR acc: 0.0000 | best Score: 0.0000 | best Score epoch: -1 
epoch  4, iter  201: loss: 0.0083 | load time: 0.0002 | back time: 1.1553 | lr: 0.00006353 | best AP50 acc: 0.0000 | best AP70 acc: 0.0000 | best mAP acc: 0.0000 | best mAR acc: 0.0000 | best Score: 0.0000 | best Score epoch: -1 
epoch  4, iter  251: loss: 0.0077 | load time: 0.0002 | back time: 1.1646 | lr: 0.00006439 | best AP50 acc: 0.0000 | best AP70 acc: 0.0000 | best mAP acc: 0.0000 | best mAR acc: 0.0000 | best Score: 0.0000 | best Score epoch: -1 
epoch  4, iter  301: loss: 0.0075 | load time: 0.0005 | back time: 1.1644 | lr: 0.00006526 | best AP50 acc: 0.0000 | best AP70 acc: 0.0000 | best mAP acc: 0.0000 | best mAR acc: 0.0000 | best Score: 0.0000 | best Score epoch: -1 
epoch  4, iter  351: loss: 0.0076 | load time: 0.0003 | back time: 1.1763 | lr: 0.00006613 | best AP50 acc: 0.0000 | best AP70 acc: 0.0000 | best mAP acc: 0.0000 | best mAR acc: 0.0000 | best Score: 0.0000 | best Score epoch: -1 
epoch  4, iter  401: loss: 0.0096 | load time: 0.0003 | back time: 1.1775 | lr: 0.00006699 | best AP50 acc: 0.0000 | best AP70 acc: 0.0000 | best mAP acc: 0.0000 | best mAR acc: 0.0000 | best Score: 0.0000 | best Score epoch: -1 
epoch  4, iter  451: loss: 0.0086 | load time: 0.0003 | back time: 1.1850 | lr: 0.00006786 | best AP50 acc: 0.0000 | best AP70 acc: 0.0000 | best mAP acc: 0.0000 | best mAR acc: 0.0000 | best Score: 0.0000 | best Score epoch: -1 
epoch  4, iter  501: loss: 0.0088 | load time: 0.0002 | back time: 1.1765 | lr: 0.00006873 | best AP50 acc: 0.0000 | best AP70 acc: 0.0000 | best mAP acc: 0.0000 | best mAR acc: 0.0000 | best Score: 0.0000 | best Score epoch: -1 
epoch  4, iter  551: loss: 0.0076 | load time: 0.0001 | back time: 1.1727 | lr: 0.00006960 | best AP50 acc: 0.0000 | best AP70 acc: 0.0000 | best mAP acc: 0.0000 | best mAR acc: 0.0000 | best Score: 0.0000 | best Score epoch: -1 
epoch  4, iter  601: loss: 0.0062 | load time: 0.0002 | back time: 1.1685 | lr: 0.00007046 | best AP50 acc: 0.0000 | best AP70 acc: 0.0000 | best mAP acc: 0.0000 | best mAR acc: 0.0000 | best Score: 0.0000 | best Score epoch: -1 
epoch  4, iter  651: loss: 0.0109 | load time: 0.0002 | back time: 1.1597 | lr: 0.00007133 | best AP50 acc: 0.0000 | best AP70 acc: 0.0000 | best mAP acc: 0.0000 | best mAR acc: 0.0000 | best Score: 0.0000 | best Score epoch: -1 
epoch  4, iter  701: loss: 0.0078 | load time: 0.0004 | back time: 1.1532 | lr: 0.00007220 | best AP50 acc: 0.0000 | best AP70 acc: 0.0000 | best mAP acc: 0.0000 | best mAR acc: 0.0000 | best Score: 0.0000 | best Score epoch: -1 
epoch  4, iter  751: loss: 0.0103 | load time: 0.0003 | back time: 1.1704 | lr: 0.00007307 | best AP50 acc: 0.0000 | best AP70 acc: 0.0000 | best mAP acc: 0.0000 | best mAR acc: 0.0000 | best Score: 0.0000 | best Score epoch: -1 
epoch  4, iter  801: loss: 0.0101 | load time: 0.0003 | back time: 1.1705 | lr: 0.00007393 | best AP50 acc: 0.0000 | best AP70 acc: 0.0000 | best mAP acc: 0.0000 | best mAR acc: 0.0000 | best Score: 0.0000 | best Score epoch: -1 
epoch  4, iter  851: loss: 0.0088 | load time: 0.0002 | back time: 1.1680 | lr: 0.00007480 | best AP50 acc: 0.0000 | best AP70 acc: 0.0000 | best mAP acc: 0.0000 | best mAR acc: 0.0000 | best Score: 0.0000 | best Score epoch: -1 
epoch  4, iter  901: loss: 0.0071 | load time: 0.0003 | back time: 1.1659 | lr: 0.00007567 | best AP50 acc: 0.0000 | best AP70 acc: 0.0000 | best mAP acc: 0.0000 | best mAR acc: 0.0000 | best Score: 0.0000 | best Score epoch: -1 
epoch  4, iter  951: loss: 0.0091 | load time: 0.0001 | back time: 1.1517 | lr: 0.00007653 | best AP50 acc: 0.0000 | best AP70 acc: 0.0000 | best mAP acc: 0.0000 | best mAR acc: 0.0000 | best Score: 0.0000 | best Score epoch: -1 
epoch  4, iter 1001: loss: 0.0077 | load time: 0.0002 | back time: 1.1694 | lr: 0.00007740 | best AP50 acc: 0.0000 | best AP70 acc: 0.0000 | best mAP acc: 0.0000 | best mAR acc: 0.0000 | best Score: 0.0000 | best Score epoch: -1 
epoch  4, iter 1051: loss: 0.0079 | load time: 0.0001 | back time: 1.1695 | lr: 0.00007827 | best AP50 acc: 0.0000 | best AP70 acc: 0.0000 | best mAP acc: 0.0000 | best mAR acc: 0.0000 | best Score: 0.0000 | best Score epoch: -1 
epoch  4, iter 1101: loss: 0.0093 | load time: 0.0003 | back time: 1.1799 | lr: 0.00007914 | best AP50 acc: 0.0000 | best AP70 acc: 0.0000 | best mAP acc: 0.0000 | best mAR acc: 0.0000 | best Score: 0.0000 | best Score epoch: -1 
epoch  4, iter 1151: loss: 0.0081 | load time: 0.0001 | back time: 1.1878 | lr: 0.00008000 | best AP50 acc: 0.0000 | best AP70 acc: 0.0000 | best mAP acc: 0.0000 | best mAR acc: 0.0000 | best Score: 0.0000 | best Score epoch: -1 
epoch  5, iter    1: loss: 0.0088 | load time: 0.0006 | back time: 0.6003 | lr: 0.00008004 | best AP50 acc: 0.0000 | best AP70 acc: 0.0000 | best mAP acc: 0.0000 | best mAR acc: 0.0000 | best Score: 0.0000 | best Score epoch: -1 
epoch  5, iter   51: loss: 0.0112 | load time: 0.0002 | back time: 1.1774 | lr: 0.00008090 | best AP50 acc: 0.0000 | best AP70 acc: 0.0000 | best mAP acc: 0.0000 | best mAR acc: 0.0000 | best Score: 0.0000 | best Score epoch: -1 
epoch  5, iter  101: loss: 0.0072 | load time: 0.0002 | back time: 1.1701 | lr: 0.00008177 | best AP50 acc: 0.0000 | best AP70 acc: 0.0000 | best mAP acc: 0.0000 | best mAR acc: 0.0000 | best Score: 0.0000 | best Score epoch: -1 
epoch  5, iter  151: loss: 0.0087 | load time: 0.0002 | back time: 1.1549 | lr: 0.00008264 | best AP50 acc: 0.0000 | best AP70 acc: 0.0000 | best mAP acc: 0.0000 | best mAR acc: 0.0000 | best Score: 0.0000 | best Score epoch: -1 
epoch  5, iter  201: loss: 0.0066 | load time: 0.0003 | back time: 1.1661 | lr: 0.00008351 | best AP50 acc: 0.0000 | best AP70 acc: 0.0000 | best mAP acc: 0.0000 | best mAR acc: 0.0000 | best Score: 0.0000 | best Score epoch: -1 
epoch  5, iter  251: loss: 0.0099 | load time: 0.0002 | back time: 1.1626 | lr: 0.00008437 | best AP50 acc: 0.0000 | best AP70 acc: 0.0000 | best mAP acc: 0.0000 | best mAR acc: 0.0000 | best Score: 0.0000 | best Score epoch: -1 
epoch  5, iter  301: loss: 0.0092 | load time: 0.0003 | back time: 1.1547 | lr: 0.00008524 | best AP50 acc: 0.0000 | best AP70 acc: 0.0000 | best mAP acc: 0.0000 | best mAR acc: 0.0000 | best Score: 0.0000 | best Score epoch: -1 
epoch  5, iter  351: loss: 0.0080 | load time: 0.0002 | back time: 1.1680 | lr: 0.00008611 | best AP50 acc: 0.0000 | best AP70 acc: 0.0000 | best mAP acc: 0.0000 | best mAR acc: 0.0000 | best Score: 0.0000 | best Score epoch: -1 
epoch  5, iter  401: loss: 0.0103 | load time: 0.0003 | back time: 1.1715 | lr: 0.00008697 | best AP50 acc: 0.0000 | best AP70 acc: 0.0000 | best mAP acc: 0.0000 | best mAR acc: 0.0000 | best Score: 0.0000 | best Score epoch: -1 
epoch  5, iter  451: loss: 0.0095 | load time: 0.0003 | back time: 1.1742 | lr: 0.00008784 | best AP50 acc: 0.0000 | best AP70 acc: 0.0000 | best mAP acc: 0.0000 | best mAR acc: 0.0000 | best Score: 0.0000 | best Score epoch: -1 
epoch  5, iter  501: loss: 0.0088 | load time: 0.0002 | back time: 1.1705 | lr: 0.00008871 | best AP50 acc: 0.0000 | best AP70 acc: 0.0000 | best mAP acc: 0.0000 | best mAR acc: 0.0000 | best Score: 0.0000 | best Score epoch: -1 
epoch  5, iter  551: loss: 0.0114 | load time: 0.0003 | back time: 1.1561 | lr: 0.00008958 | best AP50 acc: 0.0000 | best AP70 acc: 0.0000 | best mAP acc: 0.0000 | best mAR acc: 0.0000 | best Score: 0.0000 | best Score epoch: -1 
epoch  5, iter  601: loss: 0.0068 | load time: 0.0002 | back time: 1.1713 | lr: 0.00009044 | best AP50 acc: 0.0000 | best AP70 acc: 0.0000 | best mAP acc: 0.0000 | best mAR acc: 0.0000 | best Score: 0.0000 | best Score epoch: -1 
epoch  5, iter  651: loss: 0.0090 | load time: 0.0002 | back time: 1.1527 | lr: 0.00009131 | best AP50 acc: 0.0000 | best AP70 acc: 0.0000 | best mAP acc: 0.0000 | best mAR acc: 0.0000 | best Score: 0.0000 | best Score epoch: -1 
epoch  5, iter  701: loss: 0.0098 | load time: 0.0002 | back time: 1.1824 | lr: 0.00009218 | best AP50 acc: 0.0000 | best AP70 acc: 0.0000 | best mAP acc: 0.0000 | best mAR acc: 0.0000 | best Score: 0.0000 | best Score epoch: -1 
epoch  5, iter  751: loss: 0.0064 | load time: 0.0003 | back time: 1.1791 | lr: 0.00009305 | best AP50 acc: 0.0000 | best AP70 acc: 0.0000 | best mAP acc: 0.0000 | best mAR acc: 0.0000 | best Score: 0.0000 | best Score epoch: -1 
epoch  5, iter  801: loss: 0.0141 | load time: 0.0002 | back time: 1.1688 | lr: 0.00009391 | best AP50 acc: 0.0000 | best AP70 acc: 0.0000 | best mAP acc: 0.0000 | best mAR acc: 0.0000 | best Score: 0.0000 | best Score epoch: -1 
epoch  5, iter  851: loss: 0.0084 | load time: 0.0002 | back time: 1.1743 | lr: 0.00009478 | best AP50 acc: 0.0000 | best AP70 acc: 0.0000 | best mAP acc: 0.0000 | best mAR acc: 0.0000 | best Score: 0.0000 | best Score epoch: -1 
epoch  5, iter  901: loss: 0.0104 | load time: 0.0002 | back time: 1.1558 | lr: 0.00009565 | best AP50 acc: 0.0000 | best AP70 acc: 0.0000 | best mAP acc: 0.0000 | best mAR acc: 0.0000 | best Score: 0.0000 | best Score epoch: -1 
epoch  5, iter  951: loss: 0.0105 | load time: 0.0002 | back time: 1.1779 | lr: 0.00009651 | best AP50 acc: 0.0000 | best AP70 acc: 0.0000 | best mAP acc: 0.0000 | best mAR acc: 0.0000 | best Score: 0.0000 | best Score epoch: -1 
epoch  5, iter 1001: loss: 0.0090 | load time: 0.0002 | back time: 1.1636 | lr: 0.00009738 | best AP50 acc: 0.0000 | best AP70 acc: 0.0000 | best mAP acc: 0.0000 | best mAR acc: 0.0000 | best Score: 0.0000 | best Score epoch: -1 
epoch  5, iter 1051: loss: 0.0071 | load time: 0.0002 | back time: 1.1569 | lr: 0.00009825 | best AP50 acc: 0.0000 | best AP70 acc: 0.0000 | best mAP acc: 0.0000 | best mAR acc: 0.0000 | best Score: 0.0000 | best Score epoch: -1 
epoch  5, iter 1101: loss: 0.0065 | load time: 0.0002 | back time: 1.1757 | lr: 0.00009912 | best AP50 acc: 0.0000 | best AP70 acc: 0.0000 | best mAP acc: 0.0000 | best mAR acc: 0.0000 | best Score: 0.0000 | best Score epoch: -1 
epoch  5, iter 1151: loss: 0.0065 | load time: 0.0001 | back time: 1.1724 | lr: 0.00009998 | best AP50 acc: 0.0000 | best AP70 acc: 0.0000 | best mAP acc: 0.0000 | best mAR acc: 0.0000 | best Score: 0.0000 | best Score epoch: -1 
epoch  6, iter    1: loss: 0.0080 | load time: 0.0003 | back time: 0.6684 | lr: 0.00010000 | best AP50 acc: 0.0000 | best AP70 acc: 0.0000 | best mAP acc: 0.0000 | best mAR acc: 0.0000 | best Score: 0.0000 | best Score epoch: -1 
epoch  6, iter   51: loss: 0.0075 | load time: 0.0002 | back time: 1.1285 | lr: 0.00010000 | best AP50 acc: 0.0000 | best AP70 acc: 0.0000 | best mAP acc: 0.0000 | best mAR acc: 0.0000 | best Score: 0.0000 | best Score epoch: -1 
epoch  6, iter  101: loss: 0.0086 | load time: 0.0003 | back time: 1.1836 | lr: 0.00010000 | best AP50 acc: 0.0000 | best AP70 acc: 0.0000 | best mAP acc: 0.0000 | best mAR acc: 0.0000 | best Score: 0.0000 | best Score epoch: -1 
epoch  6, iter  151: loss: 0.0120 | load time: 0.0001 | back time: 1.1849 | lr: 0.00010000 | best AP50 acc: 0.0000 | best AP70 acc: 0.0000 | best mAP acc: 0.0000 | best mAR acc: 0.0000 | best Score: 0.0000 | best Score epoch: -1 
epoch  6, iter  201: loss: 0.0087 | load time: 0.0004 | back time: 1.1818 | lr: 0.00010000 | best AP50 acc: 0.0000 | best AP70 acc: 0.0000 | best mAP acc: 0.0000 | best mAR acc: 0.0000 | best Score: 0.0000 | best Score epoch: -1 
epoch  6, iter  251: loss: 0.0096 | load time: 0.0002 | back time: 1.1729 | lr: 0.00010000 | best AP50 acc: 0.0000 | best AP70 acc: 0.0000 | best mAP acc: 0.0000 | best mAR acc: 0.0000 | best Score: 0.0000 | best Score epoch: -1 
epoch  6, iter  301: loss: 0.0086 | load time: 0.0003 | back time: 1.1701 | lr: 0.00009999 | best AP50 acc: 0.0000 | best AP70 acc: 0.0000 | best mAP acc: 0.0000 | best mAR acc: 0.0000 | best Score: 0.0000 | best Score epoch: -1 
epoch  6, iter  351: loss: 0.0068 | load time: 0.0002 | back time: 1.1368 | lr: 0.00009999 | best AP50 acc: 0.0000 | best AP70 acc: 0.0000 | best mAP acc: 0.0000 | best mAR acc: 0.0000 | best Score: 0.0000 | best Score epoch: -1 
epoch  6, iter  401: loss: 0.0062 | load time: 0.0002 | back time: 1.1768 | lr: 0.00009999 | best AP50 acc: 0.0000 | best AP70 acc: 0.0000 | best mAP acc: 0.0000 | best mAR acc: 0.0000 | best Score: 0.0000 | best Score epoch: -1 
epoch  6, iter  451: loss: 0.0095 | load time: 0.0003 | back time: 1.1624 | lr: 0.00009999 | best AP50 acc: 0.0000 | best AP70 acc: 0.0000 | best mAP acc: 0.0000 | best mAR acc: 0.0000 | best Score: 0.0000 | best Score epoch: -1 
epoch  6, iter  501: loss: 0.0128 | load time: 0.0002 | back time: 1.1744 | lr: 0.00009998 | best AP50 acc: 0.0000 | best AP70 acc: 0.0000 | best mAP acc: 0.0000 | best mAR acc: 0.0000 | best Score: 0.0000 | best Score epoch: -1 
epoch  6, iter  551: loss: 0.0094 | load time: 0.0002 | back time: 1.1658 | lr: 0.00009998 | best AP50 acc: 0.0000 | best AP70 acc: 0.0000 | best mAP acc: 0.0000 | best mAR acc: 0.0000 | best Score: 0.0000 | best Score epoch: -1 
epoch  6, iter  601: loss: 0.0140 | load time: 0.0002 | back time: 1.1644 | lr: 0.00009997 | best AP50 acc: 0.0000 | best AP70 acc: 0.0000 | best mAP acc: 0.0000 | best mAR acc: 0.0000 | best Score: 0.0000 | best Score epoch: -1 
epoch  6, iter  651: loss: 0.0097 | load time: 0.0002 | back time: 1.1576 | lr: 0.00009997 | best AP50 acc: 0.0000 | best AP70 acc: 0.0000 | best mAP acc: 0.0000 | best mAR acc: 0.0000 | best Score: 0.0000 | best Score epoch: -1 
epoch  6, iter  701: loss: 0.0086 | load time: 0.0003 | back time: 1.1690 | lr: 0.00009996 | best AP50 acc: 0.0000 | best AP70 acc: 0.0000 | best mAP acc: 0.0000 | best mAR acc: 0.0000 | best Score: 0.0000 | best Score epoch: -1 
epoch  6, iter  751: loss: 0.0066 | load time: 0.0002 | back time: 1.1764 | lr: 0.00009996 | best AP50 acc: 0.0000 | best AP70 acc: 0.0000 | best mAP acc: 0.0000 | best mAR acc: 0.0000 | best Score: 0.0000 | best Score epoch: -1 
epoch  6, iter  801: loss: 0.0102 | load time: 0.0001 | back time: 1.1866 | lr: 0.00009995 | best AP50 acc: 0.0000 | best AP70 acc: 0.0000 | best mAP acc: 0.0000 | best mAR acc: 0.0000 | best Score: 0.0000 | best Score epoch: -1 
epoch  6, iter  851: loss: 0.0139 | load time: 0.0003 | back time: 1.1844 | lr: 0.00009995 | best AP50 acc: 0.0000 | best AP70 acc: 0.0000 | best mAP acc: 0.0000 | best mAR acc: 0.0000 | best Score: 0.0000 | best Score epoch: -1 
epoch  6, iter  901: loss: 0.0076 | load time: 0.0003 | back time: 1.1802 | lr: 0.00009994 | best AP50 acc: 0.0000 | best AP70 acc: 0.0000 | best mAP acc: 0.0000 | best mAR acc: 0.0000 | best Score: 0.0000 | best Score epoch: -1 
epoch  6, iter  951: loss: 0.0070 | load time: 0.0002 | back time: 1.2040 | lr: 0.00009993 | best AP50 acc: 0.0000 | best AP70 acc: 0.0000 | best mAP acc: 0.0000 | best mAR acc: 0.0000 | best Score: 0.0000 | best Score epoch: -1 
epoch  6, iter 1001: loss: 0.0101 | load time: 0.0001 | back time: 1.1501 | lr: 0.00009993 | best AP50 acc: 0.0000 | best AP70 acc: 0.0000 | best mAP acc: 0.0000 | best mAR acc: 0.0000 | best Score: 0.0000 | best Score epoch: -1 
epoch  6, iter 1051: loss: 0.0069 | load time: 0.0001 | back time: 1.1721 | lr: 0.00009992 | best AP50 acc: 0.0000 | best AP70 acc: 0.0000 | best mAP acc: 0.0000 | best mAR acc: 0.0000 | best Score: 0.0000 | best Score epoch: -1 
epoch  6, iter 1101: loss: 0.0070 | load time: 0.0002 | back time: 1.1697 | lr: 0.00009991 | best AP50 acc: 0.0000 | best AP70 acc: 0.0000 | best mAP acc: 0.0000 | best mAR acc: 0.0000 | best Score: 0.0000 | best Score epoch: -1 
epoch  6, iter 1151: loss: 0.0064 | load time: 0.0001 | back time: 1.1498 | lr: 0.00009990 | best AP50 acc: 0.0000 | best AP70 acc: 0.0000 | best mAP acc: 0.0000 | best mAR acc: 0.0000 | best Score: 0.0000 | best Score epoch: -1 
UAV_SEQS_2 | mAP50:90: 33.7219 | AP50: 65.5143 | AP70: 31.3318 
UAV_SEQS_37 | mAP50:90: 79.2498 | AP50: 98.6934 | AP70: 83.6298 
UAV_SEQS_45 | mAP50:90: 92.3214 | AP50: 100.0000 | AP70: 97.9592 
UAV_SEQS_47 | mAP50:90: 93.8327 | AP50: 100.0000 | AP70: 100.0000 
UAV_SEQS_55 | mAP50:90: 34.5674 | AP50: 61.4404 | AP70: 34.3905 
UAV_SEQS_59 | mAP50:90: 57.2262 | AP50: 88.2201 | AP70: 65.2733 
UAV_SEQS_6 | mAP50:90: 21.7367 | AP50: 30.3001 | AP70: 21.8039 
UAV_SEQS_63 | mAP50:90: 15.1339 | AP50: 53.9296 | AP70: 2.8390 
UAV_SEQS_65 | mAP50:90: 81.6765 | AP50: 97.8970 | AP70: 91.1027 
UAV_SEQS_7 | mAP50:90: 20.6484 | AP50: 91.8059 | AP70: 0.1878 
UAV_SEQS_71 | mAP50:90: 53.9295 | AP50: 86.1500 | AP70: 60.3931 
UAV_SEQS_73 | mAP50:90: 57.2315 | AP50: 81.1649 | AP70: 61.0139 
UAV_SEQS_74 | mAP50:90: 95.2823 | AP50: 100.0000 | AP70: 100.0000 
UAV_SEQS_77 | mAP50:90: 27.6662 | AP50: 38.6139 | AP70: 36.0481 
UAV_SEQS_8 | mAP50:90: 63.6672 | AP50: 96.0396 | AP70: 55.8348 
Overall            | mAP50:95: 50.5567 | AP50: 78.6500 | AP70: 48.7324 
epoch  7, iter    1: loss: 0.0059 | load time: 0.0010 | back time: 0.8455 | lr: 0.00009990 | best AP50 acc: 0.7865 | best AP70 acc: 0.4873 | best mAP acc: 0.5056 | best mAR acc: 0.6489 | best Score: 0.5056 | best Score epoch:  6 
epoch  7, iter   51: loss: 0.0083 | load time: 0.0002 | back time: 1.1700 | lr: 0.00009989 | best AP50 acc: 0.7865 | best AP70 acc: 0.4873 | best mAP acc: 0.5056 | best mAR acc: 0.6489 | best Score: 0.5056 | best Score epoch:  6 
epoch  7, iter  101: loss: 0.0059 | load time: 0.0002 | back time: 1.1692 | lr: 0.00009988 | best AP50 acc: 0.7865 | best AP70 acc: 0.4873 | best mAP acc: 0.5056 | best mAR acc: 0.6489 | best Score: 0.5056 | best Score epoch:  6 
epoch  7, iter  151: loss: 0.0101 | load time: 0.0004 | back time: 1.1761 | lr: 0.00009988 | best AP50 acc: 0.7865 | best AP70 acc: 0.4873 | best mAP acc: 0.5056 | best mAR acc: 0.6489 | best Score: 0.5056 | best Score epoch:  6 
epoch  7, iter  201: loss: 0.0076 | load time: 0.0001 | back time: 1.1788 | lr: 0.00009987 | best AP50 acc: 0.7865 | best AP70 acc: 0.4873 | best mAP acc: 0.5056 | best mAR acc: 0.6489 | best Score: 0.5056 | best Score epoch:  6 
epoch  7, iter  251: loss: 0.0073 | load time: 0.0001 | back time: 1.1783 | lr: 0.00009986 | best AP50 acc: 0.7865 | best AP70 acc: 0.4873 | best mAP acc: 0.5056 | best mAR acc: 0.6489 | best Score: 0.5056 | best Score epoch:  6 
epoch  7, iter  301: loss: 0.0090 | load time: 0.0003 | back time: 1.1806 | lr: 0.00009984 | best AP50 acc: 0.7865 | best AP70 acc: 0.4873 | best mAP acc: 0.5056 | best mAR acc: 0.6489 | best Score: 0.5056 | best Score epoch:  6 
epoch  7, iter  351: loss: 0.0087 | load time: 0.0003 | back time: 1.1635 | lr: 0.00009983 | best AP50 acc: 0.7865 | best AP70 acc: 0.4873 | best mAP acc: 0.5056 | best mAR acc: 0.6489 | best Score: 0.5056 | best Score epoch:  6 
epoch  7, iter  401: loss: 0.0073 | load time: 0.0002 | back time: 1.1745 | lr: 0.00009982 | best AP50 acc: 0.7865 | best AP70 acc: 0.4873 | best mAP acc: 0.5056 | best mAR acc: 0.6489 | best Score: 0.5056 | best Score epoch:  6 
epoch  7, iter  451: loss: 0.0083 | load time: 0.0003 | back time: 1.1753 | lr: 0.00009981 | best AP50 acc: 0.7865 | best AP70 acc: 0.4873 | best mAP acc: 0.5056 | best mAR acc: 0.6489 | best Score: 0.5056 | best Score epoch:  6 
epoch  7, iter  501: loss: 0.0090 | load time: 0.0002 | back time: 1.1747 | lr: 0.00009980 | best AP50 acc: 0.7865 | best AP70 acc: 0.4873 | best mAP acc: 0.5056 | best mAR acc: 0.6489 | best Score: 0.5056 | best Score epoch:  6 
epoch  7, iter  551: loss: 0.0099 | load time: 0.0002 | back time: 1.1834 | lr: 0.00009979 | best AP50 acc: 0.7865 | best AP70 acc: 0.4873 | best mAP acc: 0.5056 | best mAR acc: 0.6489 | best Score: 0.5056 | best Score epoch:  6 
epoch  7, iter  601: loss: 0.0081 | load time: 0.0003 | back time: 1.1444 | lr: 0.00009977 | best AP50 acc: 0.7865 | best AP70 acc: 0.4873 | best mAP acc: 0.5056 | best mAR acc: 0.6489 | best Score: 0.5056 | best Score epoch:  6 
epoch  7, iter  651: loss: 0.0104 | load time: 0.0002 | back time: 1.1763 | lr: 0.00009976 | best AP50 acc: 0.7865 | best AP70 acc: 0.4873 | best mAP acc: 0.5056 | best mAR acc: 0.6489 | best Score: 0.5056 | best Score epoch:  6 
epoch  7, iter  701: loss: 0.0099 | load time: 0.0002 | back time: 1.1642 | lr: 0.00009975 | best AP50 acc: 0.7865 | best AP70 acc: 0.4873 | best mAP acc: 0.5056 | best mAR acc: 0.6489 | best Score: 0.5056 | best Score epoch:  6 
epoch  7, iter  751: loss: 0.0083 | load time: 0.0002 | back time: 1.1444 | lr: 0.00009973 | best AP50 acc: 0.7865 | best AP70 acc: 0.4873 | best mAP acc: 0.5056 | best mAR acc: 0.6489 | best Score: 0.5056 | best Score epoch:  6 
epoch  7, iter  801: loss: 0.0071 | load time: 0.0001 | back time: 1.1677 | lr: 0.00009972 | best AP50 acc: 0.7865 | best AP70 acc: 0.4873 | best mAP acc: 0.5056 | best mAR acc: 0.6489 | best Score: 0.5056 | best Score epoch:  6 
epoch  7, iter  851: loss: 0.0098 | load time: 0.0001 | back time: 1.1741 | lr: 0.00009970 | best AP50 acc: 0.7865 | best AP70 acc: 0.4873 | best mAP acc: 0.5056 | best mAR acc: 0.6489 | best Score: 0.5056 | best Score epoch:  6 
epoch  7, iter  901: loss: 0.0090 | load time: 0.0002 | back time: 1.1517 | lr: 0.00009969 | best AP50 acc: 0.7865 | best AP70 acc: 0.4873 | best mAP acc: 0.5056 | best mAR acc: 0.6489 | best Score: 0.5056 | best Score epoch:  6 
epoch  7, iter  951: loss: 0.0064 | load time: 0.0002 | back time: 1.1717 | lr: 0.00009967 | best AP50 acc: 0.7865 | best AP70 acc: 0.4873 | best mAP acc: 0.5056 | best mAR acc: 0.6489 | best Score: 0.5056 | best Score epoch:  6 
epoch  7, iter 1001: loss: 0.0078 | load time: 0.0002 | back time: 1.1709 | lr: 0.00009966 | best AP50 acc: 0.7865 | best AP70 acc: 0.4873 | best mAP acc: 0.5056 | best mAR acc: 0.6489 | best Score: 0.5056 | best Score epoch:  6 
epoch  7, iter 1051: loss: 0.0107 | load time: 0.0002 | back time: 1.1651 | lr: 0.00009964 | best AP50 acc: 0.7865 | best AP70 acc: 0.4873 | best mAP acc: 0.5056 | best mAR acc: 0.6489 | best Score: 0.5056 | best Score epoch:  6 
epoch  7, iter 1101: loss: 0.0059 | load time: 0.0004 | back time: 1.1740 | lr: 0.00009963 | best AP50 acc: 0.7865 | best AP70 acc: 0.4873 | best mAP acc: 0.5056 | best mAR acc: 0.6489 | best Score: 0.5056 | best Score epoch:  6 
epoch  7, iter 1151: loss: 0.0084 | load time: 0.0001 | back time: 1.1771 | lr: 0.00009961 | best AP50 acc: 0.7865 | best AP70 acc: 0.4873 | best mAP acc: 0.5056 | best mAR acc: 0.6489 | best Score: 0.5056 | best Score epoch:  6 
UAV_SEQS_2 | mAP50:90: 40.3461 | AP50: 63.2875 | AP70: 38.9041 
UAV_SEQS_37 | mAP50:90: 83.6024 | AP50: 100.0000 | AP70: 89.6272 
UAV_SEQS_45 | mAP50:90: 82.6487 | AP50: 100.0000 | AP70: 96.4126 
UAV_SEQS_47 | mAP50:90: 83.4436 | AP50: 100.0000 | AP70: 96.7067 
UAV_SEQS_55 | mAP50:90: 52.4252 | AP50: 79.5294 | AP70: 59.3768 
UAV_SEQS_59 | mAP50:90: 47.8808 | AP50: 80.2884 | AP70: 50.0653 
UAV_SEQS_6 | mAP50:90: 39.7393 | AP50: 51.2117 | AP70: 42.7628 
UAV_SEQS_63 | mAP50:90: 40.7976 | AP50: 85.9245 | AP70: 39.7712 
UAV_SEQS_65 | mAP50:90: 82.7763 | AP50: 97.6997 | AP70: 95.5550 
UAV_SEQS_7 | mAP50:90: 86.9850 | AP50: 100.0000 | AP70: 100.0000 
UAV_SEQS_71 | mAP50:90: 69.4036 | AP50: 96.7008 | AP70: 76.8853 
UAV_SEQS_73 | mAP50:90: 61.0952 | AP50: 87.2559 | AP70: 69.2508 
UAV_SEQS_74 | mAP50:90: 98.0472 | AP50: 100.0000 | AP70: 100.0000 
UAV_SEQS_77 | mAP50:90: 38.7105 | AP50: 54.4554 | AP70: 37.0359 
UAV_SEQS_8 | mAP50:90: 90.5947 | AP50: 95.0495 | AP70: 95.0495 
Overall            | mAP50:95: 65.8488 | AP50: 85.9685 | AP70: 72.9252 
epoch  8, iter    1: loss: 0.0076 | load time: 0.0020 | back time: 0.7044 | lr: 0.00009961 | best AP50 acc: 0.8597 | best AP70 acc: 0.7293 | best mAP acc: 0.6585 | best mAR acc: 0.7530 | best Score: 0.6585 | best Score epoch:  7 
epoch  8, iter   51: loss: 0.0081 | load time: 0.0003 | back time: 1.1662 | lr: 0.00009959 | best AP50 acc: 0.8597 | best AP70 acc: 0.7293 | best mAP acc: 0.6585 | best mAR acc: 0.7530 | best Score: 0.6585 | best Score epoch:  7 
epoch  8, iter  101: loss: 0.0080 | load time: 0.0002 | back time: 1.1469 | lr: 0.00009957 | best AP50 acc: 0.8597 | best AP70 acc: 0.7293 | best mAP acc: 0.6585 | best mAR acc: 0.7530 | best Score: 0.6585 | best Score epoch:  7 
epoch  8, iter  151: loss: 0.0074 | load time: 0.0003 | back time: 1.1714 | lr: 0.00009956 | best AP50 acc: 0.8597 | best AP70 acc: 0.7293 | best mAP acc: 0.6585 | best mAR acc: 0.7530 | best Score: 0.6585 | best Score epoch:  7 
epoch  8, iter  201: loss: 0.0072 | load time: 0.0003 | back time: 1.1745 | lr: 0.00009954 | best AP50 acc: 0.8597 | best AP70 acc: 0.7293 | best mAP acc: 0.6585 | best mAR acc: 0.7530 | best Score: 0.6585 | best Score epoch:  7 
epoch  8, iter  251: loss: 0.0077 | load time: 0.0002 | back time: 1.1740 | lr: 0.00009952 | best AP50 acc: 0.8597 | best AP70 acc: 0.7293 | best mAP acc: 0.6585 | best mAR acc: 0.7530 | best Score: 0.6585 | best Score epoch:  7 
epoch  8, iter  301: loss: 0.0062 | load time: 0.0002 | back time: 1.1793 | lr: 0.00009950 | best AP50 acc: 0.8597 | best AP70 acc: 0.7293 | best mAP acc: 0.6585 | best mAR acc: 0.7530 | best Score: 0.6585 | best Score epoch:  7 
epoch  8, iter  351: loss: 0.0068 | load time: 0.0002 | back time: 1.1731 | lr: 0.00009948 | best AP50 acc: 0.8597 | best AP70 acc: 0.7293 | best mAP acc: 0.6585 | best mAR acc: 0.7530 | best Score: 0.6585 | best Score epoch:  7 
epoch  8, iter  401: loss: 0.0095 | load time: 0.0002 | back time: 1.1547 | lr: 0.00009946 | best AP50 acc: 0.8597 | best AP70 acc: 0.7293 | best mAP acc: 0.6585 | best mAR acc: 0.7530 | best Score: 0.6585 | best Score epoch:  7 
epoch  8, iter  451: loss: 0.0057 | load time: 0.0002 | back time: 1.1723 | lr: 0.00009944 | best AP50 acc: 0.8597 | best AP70 acc: 0.7293 | best mAP acc: 0.6585 | best mAR acc: 0.7530 | best Score: 0.6585 | best Score epoch:  7 
epoch  8, iter  501: loss: 0.0066 | load time: 0.0001 | back time: 1.1567 | lr: 0.00009942 | best AP50 acc: 0.8597 | best AP70 acc: 0.7293 | best mAP acc: 0.6585 | best mAR acc: 0.7530 | best Score: 0.6585 | best Score epoch:  7 
epoch  8, iter  551: loss: 0.0076 | load time: 0.0003 | back time: 1.1530 | lr: 0.00009940 | best AP50 acc: 0.8597 | best AP70 acc: 0.7293 | best mAP acc: 0.6585 | best mAR acc: 0.7530 | best Score: 0.6585 | best Score epoch:  7 
epoch  8, iter  601: loss: 0.0082 | load time: 0.0003 | back time: 1.1777 | lr: 0.00009938 | best AP50 acc: 0.8597 | best AP70 acc: 0.7293 | best mAP acc: 0.6585 | best mAR acc: 0.7530 | best Score: 0.6585 | best Score epoch:  7 
epoch  8, iter  651: loss: 0.0095 | load time: 0.0002 | back time: 1.1587 | lr: 0.00009936 | best AP50 acc: 0.8597 | best AP70 acc: 0.7293 | best mAP acc: 0.6585 | best mAR acc: 0.7530 | best Score: 0.6585 | best Score epoch:  7 
epoch  8, iter  701: loss: 0.0069 | load time: 0.0001 | back time: 1.1475 | lr: 0.00009934 | best AP50 acc: 0.8597 | best AP70 acc: 0.7293 | best mAP acc: 0.6585 | best mAR acc: 0.7530 | best Score: 0.6585 | best Score epoch:  7 
epoch  8, iter  751: loss: 0.0108 | load time: 0.0002 | back time: 1.1709 | lr: 0.00009931 | best AP50 acc: 0.8597 | best AP70 acc: 0.7293 | best mAP acc: 0.6585 | best mAR acc: 0.7530 | best Score: 0.6585 | best Score epoch:  7 
epoch  8, iter  801: loss: 0.0070 | load time: 0.0002 | back time: 1.1601 | lr: 0.00009929 | best AP50 acc: 0.8597 | best AP70 acc: 0.7293 | best mAP acc: 0.6585 | best mAR acc: 0.7530 | best Score: 0.6585 | best Score epoch:  7 
epoch  8, iter  851: loss: 0.0081 | load time: 0.0003 | back time: 1.1383 | lr: 0.00009927 | best AP50 acc: 0.8597 | best AP70 acc: 0.7293 | best mAP acc: 0.6585 | best mAR acc: 0.7530 | best Score: 0.6585 | best Score epoch:  7 
epoch  8, iter  901: loss: 0.0084 | load time: 0.0003 | back time: 1.1710 | lr: 0.00009925 | best AP50 acc: 0.8597 | best AP70 acc: 0.7293 | best mAP acc: 0.6585 | best mAR acc: 0.7530 | best Score: 0.6585 | best Score epoch:  7 
epoch  8, iter  951: loss: 0.0062 | load time: 0.0002 | back time: 1.1719 | lr: 0.00009922 | best AP50 acc: 0.8597 | best AP70 acc: 0.7293 | best mAP acc: 0.6585 | best mAR acc: 0.7530 | best Score: 0.6585 | best Score epoch:  7 
epoch  8, iter 1001: loss: 0.0063 | load time: 0.0002 | back time: 1.1794 | lr: 0.00009920 | best AP50 acc: 0.8597 | best AP70 acc: 0.7293 | best mAP acc: 0.6585 | best mAR acc: 0.7530 | best Score: 0.6585 | best Score epoch:  7 
epoch  8, iter 1051: loss: 0.0079 | load time: 0.0002 | back time: 1.1872 | lr: 0.00009917 | best AP50 acc: 0.8597 | best AP70 acc: 0.7293 | best mAP acc: 0.6585 | best mAR acc: 0.7530 | best Score: 0.6585 | best Score epoch:  7 
epoch  8, iter 1101: loss: 0.0062 | load time: 0.0002 | back time: 1.1740 | lr: 0.00009915 | best AP50 acc: 0.8597 | best AP70 acc: 0.7293 | best mAP acc: 0.6585 | best mAR acc: 0.7530 | best Score: 0.6585 | best Score epoch:  7 
epoch  8, iter 1151: loss: 0.0067 | load time: 0.0002 | back time: 1.1672 | lr: 0.00009912 | best AP50 acc: 0.8597 | best AP70 acc: 0.7293 | best mAP acc: 0.6585 | best mAR acc: 0.7530 | best Score: 0.6585 | best Score epoch:  7 
UAV_SEQS_2 | mAP50:90: 35.5528 | AP50: 52.0208 | AP70: 43.5497 
UAV_SEQS_37 | mAP50:90: 76.6857 | AP50: 98.4884 | AP70: 75.8460 
UAV_SEQS_45 | mAP50:90: 97.3409 | AP50: 100.0000 | AP70: 100.0000 
UAV_SEQS_47 | mAP50:90: 96.5895 | AP50: 100.0000 | AP70: 100.0000 
UAV_SEQS_55 | mAP50:90: 23.8528 | AP50: 40.4870 | AP70: 26.9562 
UAV_SEQS_59 | mAP50:90: 67.6625 | AP50: 95.9462 | AP70: 77.3414 
UAV_SEQS_6 | mAP50:90: 23.7396 | AP50: 38.6721 | AP70: 22.1080 
UAV_SEQS_63 | mAP50:90: 9.1074 | AP50: 14.8515 | AP70: 12.2035 
UAV_SEQS_65 | mAP50:90: 85.4951 | AP50: 93.7618 | AP70: 90.6554 
UAV_SEQS_7 | mAP50:90: 61.7558 | AP50: 100.0000 | AP70: 43.9556 
UAV_SEQS_71 | mAP50:90: 54.1145 | AP50: 73.7333 | AP70: 62.8775 
UAV_SEQS_73 | mAP50:90: 59.9393 | AP50: 80.3698 | AP70: 65.3979 
UAV_SEQS_74 | mAP50:90: 93.4397 | AP50: 100.0000 | AP70: 100.0000 
UAV_SEQS_77 | mAP50:90: 36.7330 | AP50: 39.6040 | AP70: 39.6040 
UAV_SEQS_8 | mAP50:90: 79.9228 | AP50: 89.1089 | AP70: 85.7130 
Overall            | mAP50:95: 58.9090 | AP50: 73.9886 | AP70: 61.0997 
epoch  9, iter    1: loss: 0.0076 | load time: 0.0033 | back time: 0.8236 | lr: 0.00009912 | best AP50 acc: 0.8597 | best AP70 acc: 0.7293 | best mAP acc: 0.6585 | best mAR acc: 0.7530 | best Score: 0.6585 | best Score epoch:  7 
epoch  9, iter   51: loss: 0.0084 | load time: 0.0003 | back time: 1.1701 | lr: 0.00009910 | best AP50 acc: 0.8597 | best AP70 acc: 0.7293 | best mAP acc: 0.6585 | best mAR acc: 0.7530 | best Score: 0.6585 | best Score epoch:  7 
epoch  9, iter  101: loss: 0.0109 | load time: 0.0002 | back time: 1.1705 | lr: 0.00009907 | best AP50 acc: 0.8597 | best AP70 acc: 0.7293 | best mAP acc: 0.6585 | best mAR acc: 0.7530 | best Score: 0.6585 | best Score epoch:  7 
epoch  9, iter  151: loss: 0.0060 | load time: 0.0002 | back time: 1.1677 | lr: 0.00009905 | best AP50 acc: 0.8597 | best AP70 acc: 0.7293 | best mAP acc: 0.6585 | best mAR acc: 0.7530 | best Score: 0.6585 | best Score epoch:  7 
epoch  9, iter  201: loss: 0.0062 | load time: 0.0002 | back time: 1.1725 | lr: 0.00009902 | best AP50 acc: 0.8597 | best AP70 acc: 0.7293 | best mAP acc: 0.6585 | best mAR acc: 0.7530 | best Score: 0.6585 | best Score epoch:  7 
epoch  9, iter  251: loss: 0.0072 | load time: 0.0004 | back time: 1.1685 | lr: 0.00009899 | best AP50 acc: 0.8597 | best AP70 acc: 0.7293 | best mAP acc: 0.6585 | best mAR acc: 0.7530 | best Score: 0.6585 | best Score epoch:  7 
epoch  9, iter  301: loss: 0.0060 | load time: 0.0002 | back time: 1.1684 | lr: 0.00009896 | best AP50 acc: 0.8597 | best AP70 acc: 0.7293 | best mAP acc: 0.6585 | best mAR acc: 0.7530 | best Score: 0.6585 | best Score epoch:  7 
epoch  9, iter  351: loss: 0.0083 | load time: 0.0002 | back time: 1.1723 | lr: 0.00009894 | best AP50 acc: 0.8597 | best AP70 acc: 0.7293 | best mAP acc: 0.6585 | best mAR acc: 0.7530 | best Score: 0.6585 | best Score epoch:  7 
epoch  9, iter  401: loss: 0.0086 | load time: 0.0003 | back time: 1.1715 | lr: 0.00009891 | best AP50 acc: 0.8597 | best AP70 acc: 0.7293 | best mAP acc: 0.6585 | best mAR acc: 0.7530 | best Score: 0.6585 | best Score epoch:  7 
epoch  9, iter  451: loss: 0.0071 | load time: 0.0003 | back time: 1.1705 | lr: 0.00009888 | best AP50 acc: 0.8597 | best AP70 acc: 0.7293 | best mAP acc: 0.6585 | best mAR acc: 0.7530 | best Score: 0.6585 | best Score epoch:  7 
epoch  9, iter  501: loss: 0.0081 | load time: 0.0003 | back time: 1.1757 | lr: 0.00009885 | best AP50 acc: 0.8597 | best AP70 acc: 0.7293 | best mAP acc: 0.6585 | best mAR acc: 0.7530 | best Score: 0.6585 | best Score epoch:  7 
epoch  9, iter  551: loss: 0.0080 | load time: 0.0003 | back time: 1.1657 | lr: 0.00009882 | best AP50 acc: 0.8597 | best AP70 acc: 0.7293 | best mAP acc: 0.6585 | best mAR acc: 0.7530 | best Score: 0.6585 | best Score epoch:  7 
epoch  9, iter  601: loss: 0.0086 | load time: 0.0003 | back time: 1.1490 | lr: 0.00009879 | best AP50 acc: 0.8597 | best AP70 acc: 0.7293 | best mAP acc: 0.6585 | best mAR acc: 0.7530 | best Score: 0.6585 | best Score epoch:  7 
epoch  9, iter  651: loss: 0.0085 | load time: 0.0002 | back time: 1.1703 | lr: 0.00009876 | best AP50 acc: 0.8597 | best AP70 acc: 0.7293 | best mAP acc: 0.6585 | best mAR acc: 0.7530 | best Score: 0.6585 | best Score epoch:  7 
epoch  9, iter  701: loss: 0.0062 | load time: 0.0003 | back time: 1.1696 | lr: 0.00009873 | best AP50 acc: 0.8597 | best AP70 acc: 0.7293 | best mAP acc: 0.6585 | best mAR acc: 0.7530 | best Score: 0.6585 | best Score epoch:  7 
epoch  9, iter  751: loss: 0.0062 | load time: 0.0002 | back time: 1.1694 | lr: 0.00009870 | best AP50 acc: 0.8597 | best AP70 acc: 0.7293 | best mAP acc: 0.6585 | best mAR acc: 0.7530 | best Score: 0.6585 | best Score epoch:  7 
epoch  9, iter  801: loss: 0.0082 | load time: 0.0002 | back time: 1.1658 | lr: 0.00009867 | best AP50 acc: 0.8597 | best AP70 acc: 0.7293 | best mAP acc: 0.6585 | best mAR acc: 0.7530 | best Score: 0.6585 | best Score epoch:  7 
epoch  9, iter  851: loss: 0.0070 | load time: 0.0002 | back time: 1.1555 | lr: 0.00009864 | best AP50 acc: 0.8597 | best AP70 acc: 0.7293 | best mAP acc: 0.6585 | best mAR acc: 0.7530 | best Score: 0.6585 | best Score epoch:  7 
epoch  9, iter  901: loss: 0.0084 | load time: 0.0004 | back time: 1.1446 | lr: 0.00009861 | best AP50 acc: 0.8597 | best AP70 acc: 0.7293 | best mAP acc: 0.6585 | best mAR acc: 0.7530 | best Score: 0.6585 | best Score epoch:  7 
epoch  9, iter  951: loss: 0.0091 | load time: 0.0002 | back time: 1.1701 | lr: 0.00009858 | best AP50 acc: 0.8597 | best AP70 acc: 0.7293 | best mAP acc: 0.6585 | best mAR acc: 0.7530 | best Score: 0.6585 | best Score epoch:  7 
epoch  9, iter 1001: loss: 0.0083 | load time: 0.0002 | back time: 1.1697 | lr: 0.00009854 | best AP50 acc: 0.8597 | best AP70 acc: 0.7293 | best mAP acc: 0.6585 | best mAR acc: 0.7530 | best Score: 0.6585 | best Score epoch:  7 
epoch  9, iter 1051: loss: 0.0086 | load time: 0.0001 | back time: 1.1451 | lr: 0.00009851 | best AP50 acc: 0.8597 | best AP70 acc: 0.7293 | best mAP acc: 0.6585 | best mAR acc: 0.7530 | best Score: 0.6585 | best Score epoch:  7 
epoch  9, iter 1101: loss: 0.0063 | load time: 0.0002 | back time: 1.1655 | lr: 0.00009848 | best AP50 acc: 0.8597 | best AP70 acc: 0.7293 | best mAP acc: 0.6585 | best mAR acc: 0.7530 | best Score: 0.6585 | best Score epoch:  7 
epoch  9, iter 1151: loss: 0.0078 | load time: 0.0001 | back time: 1.1628 | lr: 0.00009845 | best AP50 acc: 0.8597 | best AP70 acc: 0.7293 | best mAP acc: 0.6585 | best mAR acc: 0.7530 | best Score: 0.6585 | best Score epoch:  7 
UAV_SEQS_2 | mAP50:90: 28.6694 | AP50: 44.1983 | AP70: 31.7646 
UAV_SEQS_37 | mAP50:90: 75.6061 | AP50: 98.7609 | AP70: 82.2578 
UAV_SEQS_45 | mAP50:90: 91.9902 | AP50: 100.0000 | AP70: 97.5115 
UAV_SEQS_47 | mAP50:90: 97.5636 | AP50: 100.0000 | AP70: 100.0000 
UAV_SEQS_55 | mAP50:90: 36.5643 | AP50: 73.4566 | AP70: 39.1716 
UAV_SEQS_59 | mAP50:90: 60.6113 | AP50: 86.8164 | AP70: 66.2474 
UAV_SEQS_6 | mAP50:90: 40.8091 | AP50: 66.9307 | AP70: 42.9109 
UAV_SEQS_63 | mAP50:90: 68.6082 | AP50: 94.0223 | AP70: 74.6089 
UAV_SEQS_65 | mAP50:90: 88.7302 | AP50: 96.2308 | AP70: 91.7906 
UAV_SEQS_7 | mAP50:90: 91.9031 | AP50: 100.0000 | AP70: 97.8635 
UAV_SEQS_71 | mAP50:90: 76.0031 | AP50: 97.0297 | AP70: 89.3792 
UAV_SEQS_73 | mAP50:90: 56.3791 | AP50: 91.4513 | AP70: 63.0687 
UAV_SEQS_74 | mAP50:90: 98.7884 | AP50: 100.0000 | AP70: 100.0000 
UAV_SEQS_77 | mAP50:90: 48.9302 | AP50: 81.1841 | AP70: 58.1575 
UAV_SEQS_8 | mAP50:90: 75.6489 | AP50: 96.0396 | AP70: 85.1858 
Overall            | mAP50:95: 70.0968 | AP50: 89.5515 | AP70: 75.7139 
epoch 10, iter    1: loss: 0.0067 | load time: 0.0018 | back time: 0.6743 | lr: 0.00009844 | best AP50 acc: 0.8955 | best AP70 acc: 0.7571 | best mAP acc: 0.7010 | best mAR acc: 0.7822 | best Score: 0.7010 | best Score epoch:  9 
epoch 10, iter   51: loss: 0.0097 | load time: 0.0002 | back time: 1.1507 | lr: 0.00009841 | best AP50 acc: 0.8955 | best AP70 acc: 0.7571 | best mAP acc: 0.7010 | best mAR acc: 0.7822 | best Score: 0.7010 | best Score epoch:  9 
epoch 10, iter  101: loss: 0.0077 | load time: 0.0002 | back time: 1.1409 | lr: 0.00009838 | best AP50 acc: 0.8955 | best AP70 acc: 0.7571 | best mAP acc: 0.7010 | best mAR acc: 0.7822 | best Score: 0.7010 | best Score epoch:  9 
epoch 10, iter  151: loss: 0.0071 | load time: 0.0004 | back time: 1.1682 | lr: 0.00009834 | best AP50 acc: 0.8955 | best AP70 acc: 0.7571 | best mAP acc: 0.7010 | best mAR acc: 0.7822 | best Score: 0.7010 | best Score epoch:  9 
epoch 10, iter  201: loss: 0.0080 | load time: 0.0002 | back time: 1.1693 | lr: 0.00009831 | best AP50 acc: 0.8955 | best AP70 acc: 0.7571 | best mAP acc: 0.7010 | best mAR acc: 0.7822 | best Score: 0.7010 | best Score epoch:  9 
epoch 10, iter  251: loss: 0.0061 | load time: 0.0002 | back time: 1.1682 | lr: 0.00009827 | best AP50 acc: 0.8955 | best AP70 acc: 0.7571 | best mAP acc: 0.7010 | best mAR acc: 0.7822 | best Score: 0.7010 | best Score epoch:  9 
epoch 10, iter  301: loss: 0.0062 | load time: 0.0003 | back time: 1.1711 | lr: 0.00009824 | best AP50 acc: 0.8955 | best AP70 acc: 0.7571 | best mAP acc: 0.7010 | best mAR acc: 0.7822 | best Score: 0.7010 | best Score epoch:  9 
epoch 10, iter  351: loss: 0.0068 | load time: 0.0002 | back time: 1.1834 | lr: 0.00009820 | best AP50 acc: 0.8955 | best AP70 acc: 0.7571 | best mAP acc: 0.7010 | best mAR acc: 0.7822 | best Score: 0.7010 | best Score epoch:  9 
epoch 10, iter  401: loss: 0.0067 | load time: 0.0002 | back time: 1.1653 | lr: 0.00009816 | best AP50 acc: 0.8955 | best AP70 acc: 0.7571 | best mAP acc: 0.7010 | best mAR acc: 0.7822 | best Score: 0.7010 | best Score epoch:  9 
epoch 10, iter  451: loss: 0.0066 | load time: 0.0002 | back time: 1.1698 | lr: 0.00009813 | best AP50 acc: 0.8955 | best AP70 acc: 0.7571 | best mAP acc: 0.7010 | best mAR acc: 0.7822 | best Score: 0.7010 | best Score epoch:  9 
epoch 10, iter  501: loss: 0.0064 | load time: 0.0003 | back time: 1.1681 | lr: 0.00009809 | best AP50 acc: 0.8955 | best AP70 acc: 0.7571 | best mAP acc: 0.7010 | best mAR acc: 0.7822 | best Score: 0.7010 | best Score epoch:  9 
epoch 10, iter  551: loss: 0.0086 | load time: 0.0002 | back time: 1.1699 | lr: 0.00009805 | best AP50 acc: 0.8955 | best AP70 acc: 0.7571 | best mAP acc: 0.7010 | best mAR acc: 0.7822 | best Score: 0.7010 | best Score epoch:  9 
epoch 10, iter  601: loss: 0.0083 | load time: 0.0002 | back time: 1.1634 | lr: 0.00009802 | best AP50 acc: 0.8955 | best AP70 acc: 0.7571 | best mAP acc: 0.7010 | best mAR acc: 0.7822 | best Score: 0.7010 | best Score epoch:  9 
epoch 10, iter  651: loss: 0.0083 | load time: 0.0002 | back time: 1.1584 | lr: 0.00009798 | best AP50 acc: 0.8955 | best AP70 acc: 0.7571 | best mAP acc: 0.7010 | best mAR acc: 0.7822 | best Score: 0.7010 | best Score epoch:  9 
epoch 10, iter  701: loss: 0.0055 | load time: 0.0002 | back time: 1.1488 | lr: 0.00009794 | best AP50 acc: 0.8955 | best AP70 acc: 0.7571 | best mAP acc: 0.7010 | best mAR acc: 0.7822 | best Score: 0.7010 | best Score epoch:  9 
epoch 10, iter  751: loss: 0.0074 | load time: 0.0002 | back time: 1.1722 | lr: 0.00009790 | best AP50 acc: 0.8955 | best AP70 acc: 0.7571 | best mAP acc: 0.7010 | best mAR acc: 0.7822 | best Score: 0.7010 | best Score epoch:  9 
epoch 10, iter  801: loss: 0.0072 | load time: 0.0002 | back time: 1.1713 | lr: 0.00009786 | best AP50 acc: 0.8955 | best AP70 acc: 0.7571 | best mAP acc: 0.7010 | best mAR acc: 0.7822 | best Score: 0.7010 | best Score epoch:  9 
epoch 10, iter  851: loss: 0.0061 | load time: 0.0004 | back time: 1.1659 | lr: 0.00009782 | best AP50 acc: 0.8955 | best AP70 acc: 0.7571 | best mAP acc: 0.7010 | best mAR acc: 0.7822 | best Score: 0.7010 | best Score epoch:  9 
epoch 10, iter  901: loss: 0.0057 | load time: 0.0003 | back time: 1.1504 | lr: 0.00009778 | best AP50 acc: 0.8955 | best AP70 acc: 0.7571 | best mAP acc: 0.7010 | best mAR acc: 0.7822 | best Score: 0.7010 | best Score epoch:  9 
epoch 10, iter  951: loss: 0.0066 | load time: 0.0002 | back time: 1.1679 | lr: 0.00009774 | best AP50 acc: 0.8955 | best AP70 acc: 0.7571 | best mAP acc: 0.7010 | best mAR acc: 0.7822 | best Score: 0.7010 | best Score epoch:  9 
epoch 10, iter 1001: loss: 0.0066 | load time: 0.0002 | back time: 1.1566 | lr: 0.00009770 | best AP50 acc: 0.8955 | best AP70 acc: 0.7571 | best mAP acc: 0.7010 | best mAR acc: 0.7822 | best Score: 0.7010 | best Score epoch:  9 
epoch 10, iter 1051: loss: 0.0089 | load time: 0.0001 | back time: 1.1722 | lr: 0.00009766 | best AP50 acc: 0.8955 | best AP70 acc: 0.7571 | best mAP acc: 0.7010 | best mAR acc: 0.7822 | best Score: 0.7010 | best Score epoch:  9 
epoch 10, iter 1101: loss: 0.0073 | load time: 0.0002 | back time: 1.1669 | lr: 0.00009762 | best AP50 acc: 0.8955 | best AP70 acc: 0.7571 | best mAP acc: 0.7010 | best mAR acc: 0.7822 | best Score: 0.7010 | best Score epoch:  9 
epoch 10, iter 1151: loss: 0.0064 | load time: 0.0002 | back time: 1.1414 | lr: 0.00009758 | best AP50 acc: 0.8955 | best AP70 acc: 0.7571 | best mAP acc: 0.7010 | best mAR acc: 0.7822 | best Score: 0.7010 | best Score epoch:  9 
UAV_SEQS_2 | mAP50:90: 17.4974 | AP50: 46.7480 | AP70: 12.8386 
UAV_SEQS_37 | mAP50:90: 70.0198 | AP50: 91.7770 | AP70: 77.7888 
UAV_SEQS_45 | mAP50:90: 83.5986 | AP50: 100.0000 | AP70: 97.1751 
UAV_SEQS_47 | mAP50:90: 95.7821 | AP50: 100.0000 | AP70: 100.0000 
UAV_SEQS_55 | mAP50:90: 35.0042 | AP50: 60.4478 | AP70: 36.5962 
UAV_SEQS_59 | mAP50:90: 53.6457 | AP50: 87.0142 | AP70: 53.1070 
UAV_SEQS_6 | mAP50:90: 37.0857 | AP50: 46.8073 | AP70: 39.4589 
UAV_SEQS_63 | mAP50:90: 0.0109 | AP50: 0.0490 | AP70: 0.0000 
UAV_SEQS_65 | mAP50:90: 77.4224 | AP50: 96.5300 | AP70: 91.8272 
UAV_SEQS_7 | mAP50:90: 87.3081 | AP50: 100.0000 | AP70: 90.7164 
UAV_SEQS_71 | mAP50:90: 67.4164 | AP50: 93.5655 | AP70: 70.4513 
UAV_SEQS_73 | mAP50:90: 71.0471 | AP50: 93.2414 | AP70: 76.9057 
UAV_SEQS_74 | mAP50:90: 98.5864 | AP50: 100.0000 | AP70: 100.0000 
UAV_SEQS_77 | mAP50:90: 34.7350 | AP50: 46.5347 | AP70: 38.8632 
UAV_SEQS_8 | mAP50:90: 39.3552 | AP50: 77.3324 | AP70: 34.6947 
Overall            | mAP50:95: 58.0093 | AP50: 77.3484 | AP70: 62.1767 
epoch 11, iter    1: loss: 0.0066 | load time: 0.0023 | back time: 0.8037 | lr: 0.00009758 | best AP50 acc: 0.8955 | best AP70 acc: 0.7571 | best mAP acc: 0.7010 | best mAR acc: 0.7822 | best Score: 0.7010 | best Score epoch:  9 
epoch 11, iter   51: loss: 0.0086 | load time: 0.0002 | back time: 1.1675 | lr: 0.00009753 | best AP50 acc: 0.8955 | best AP70 acc: 0.7571 | best mAP acc: 0.7010 | best mAR acc: 0.7822 | best Score: 0.7010 | best Score epoch:  9 
epoch 11, iter  101: loss: 0.0069 | load time: 0.0002 | back time: 1.1828 | lr: 0.00009749 | best AP50 acc: 0.8955 | best AP70 acc: 0.7571 | best mAP acc: 0.7010 | best mAR acc: 0.7822 | best Score: 0.7010 | best Score epoch:  9 
epoch 11, iter  151: loss: 0.0058 | load time: 0.0002 | back time: 1.1642 | lr: 0.00009745 | best AP50 acc: 0.8955 | best AP70 acc: 0.7571 | best mAP acc: 0.7010 | best mAR acc: 0.7822 | best Score: 0.7010 | best Score epoch:  9 
epoch 11, iter  201: loss: 0.0061 | load time: 0.0003 | back time: 1.1674 | lr: 0.00009741 | best AP50 acc: 0.8955 | best AP70 acc: 0.7571 | best mAP acc: 0.7010 | best mAR acc: 0.7822 | best Score: 0.7010 | best Score epoch:  9 
epoch 11, iter  251: loss: 0.0058 | load time: 0.0002 | back time: 1.1931 | lr: 0.00009736 | best AP50 acc: 0.8955 | best AP70 acc: 0.7571 | best mAP acc: 0.7010 | best mAR acc: 0.7822 | best Score: 0.7010 | best Score epoch:  9 
epoch 11, iter  301: loss: 0.0060 | load time: 0.0003 | back time: 1.1640 | lr: 0.00009732 | best AP50 acc: 0.8955 | best AP70 acc: 0.7571 | best mAP acc: 0.7010 | best mAR acc: 0.7822 | best Score: 0.7010 | best Score epoch:  9 
epoch 11, iter  351: loss: 0.0057 | load time: 0.0002 | back time: 1.1613 | lr: 0.00009728 | best AP50 acc: 0.8955 | best AP70 acc: 0.7571 | best mAP acc: 0.7010 | best mAR acc: 0.7822 | best Score: 0.7010 | best Score epoch:  9 
epoch 11, iter  401: loss: 0.0060 | load time: 0.0002 | back time: 1.1627 | lr: 0.00009723 | best AP50 acc: 0.8955 | best AP70 acc: 0.7571 | best mAP acc: 0.7010 | best mAR acc: 0.7822 | best Score: 0.7010 | best Score epoch:  9 
epoch 11, iter  451: loss: 0.0078 | load time: 0.0003 | back time: 1.1584 | lr: 0.00009719 | best AP50 acc: 0.8955 | best AP70 acc: 0.7571 | best mAP acc: 0.7010 | best mAR acc: 0.7822 | best Score: 0.7010 | best Score epoch:  9 
epoch 11, iter  501: loss: 0.0084 | load time: 0.0003 | back time: 1.1641 | lr: 0.00009714 | best AP50 acc: 0.8955 | best AP70 acc: 0.7571 | best mAP acc: 0.7010 | best mAR acc: 0.7822 | best Score: 0.7010 | best Score epoch:  9 
epoch 11, iter  551: loss: 0.0066 | load time: 0.0002 | back time: 1.1758 | lr: 0.00009710 | best AP50 acc: 0.8955 | best AP70 acc: 0.7571 | best mAP acc: 0.7010 | best mAR acc: 0.7822 | best Score: 0.7010 | best Score epoch:  9 
epoch 11, iter  601: loss: 0.0084 | load time: 0.0002 | back time: 1.1679 | lr: 0.00009705 | best AP50 acc: 0.8955 | best AP70 acc: 0.7571 | best mAP acc: 0.7010 | best mAR acc: 0.7822 | best Score: 0.7010 | best Score epoch:  9 
epoch 11, iter  651: loss: 0.0067 | load time: 0.0002 | back time: 1.1676 | lr: 0.00009700 | best AP50 acc: 0.8955 | best AP70 acc: 0.7571 | best mAP acc: 0.7010 | best mAR acc: 0.7822 | best Score: 0.7010 | best Score epoch:  9 
epoch 11, iter  701: loss: 0.0065 | load time: 0.0002 | back time: 1.1674 | lr: 0.00009696 | best AP50 acc: 0.8955 | best AP70 acc: 0.7571 | best mAP acc: 0.7010 | best mAR acc: 0.7822 | best Score: 0.7010 | best Score epoch:  9 
epoch 11, iter  751: loss: 0.0075 | load time: 0.0004 | back time: 1.1673 | lr: 0.00009691 | best AP50 acc: 0.8955 | best AP70 acc: 0.7571 | best mAP acc: 0.7010 | best mAR acc: 0.7822 | best Score: 0.7010 | best Score epoch:  9 
epoch 11, iter  801: loss: 0.0058 | load time: 0.0002 | back time: 1.1603 | lr: 0.00009686 | best AP50 acc: 0.8955 | best AP70 acc: 0.7571 | best mAP acc: 0.7010 | best mAR acc: 0.7822 | best Score: 0.7010 | best Score epoch:  9 
epoch 11, iter  851: loss: 0.0061 | load time: 0.0002 | back time: 1.1514 | lr: 0.00009682 | best AP50 acc: 0.8955 | best AP70 acc: 0.7571 | best mAP acc: 0.7010 | best mAR acc: 0.7822 | best Score: 0.7010 | best Score epoch:  9 
epoch 11, iter  901: loss: 0.0063 | load time: 0.0002 | back time: 1.1714 | lr: 0.00009677 | best AP50 acc: 0.8955 | best AP70 acc: 0.7571 | best mAP acc: 0.7010 | best mAR acc: 0.7822 | best Score: 0.7010 | best Score epoch:  9 
epoch 11, iter  951: loss: 0.0093 | load time: 0.0002 | back time: 1.1604 | lr: 0.00009672 | best AP50 acc: 0.8955 | best AP70 acc: 0.7571 | best mAP acc: 0.7010 | best mAR acc: 0.7822 | best Score: 0.7010 | best Score epoch:  9 
epoch 11, iter 1001: loss: 0.0071 | load time: 0.0002 | back time: 1.1717 | lr: 0.00009667 | best AP50 acc: 0.8955 | best AP70 acc: 0.7571 | best mAP acc: 0.7010 | best mAR acc: 0.7822 | best Score: 0.7010 | best Score epoch:  9 
epoch 11, iter 1051: loss: 0.0065 | load time: 0.0002 | back time: 1.1713 | lr: 0.00009662 | best AP50 acc: 0.8955 | best AP70 acc: 0.7571 | best mAP acc: 0.7010 | best mAR acc: 0.7822 | best Score: 0.7010 | best Score epoch:  9 
epoch 11, iter 1101: loss: 0.0073 | load time: 0.0002 | back time: 1.1629 | lr: 0.00009657 | best AP50 acc: 0.8955 | best AP70 acc: 0.7571 | best mAP acc: 0.7010 | best mAR acc: 0.7822 | best Score: 0.7010 | best Score epoch:  9 
epoch 11, iter 1151: loss: 0.0093 | load time: 0.0001 | back time: 1.1652 | lr: 0.00009652 | best AP50 acc: 0.8955 | best AP70 acc: 0.7571 | best mAP acc: 0.7010 | best mAR acc: 0.7822 | best Score: 0.7010 | best Score epoch:  9 
UAV_SEQS_2 | mAP50:90: 41.2273 | AP50: 72.4228 | AP70: 38.1434 
UAV_SEQS_37 | mAP50:90: 71.5088 | AP50: 96.3713 | AP70: 78.2280 
UAV_SEQS_45 | mAP50:90: 96.9496 | AP50: 100.0000 | AP70: 100.0000 
UAV_SEQS_47 | mAP50:90: 99.0863 | AP50: 100.0000 | AP70: 100.0000 
UAV_SEQS_55 | mAP50:90: 39.3592 | AP50: 63.0342 | AP70: 39.0156 
UAV_SEQS_59 | mAP50:90: 64.7479 | AP50: 94.5895 | AP70: 67.3861 
UAV_SEQS_6 | mAP50:90: 47.3598 | AP50: 73.6777 | AP70: 46.7315 
UAV_SEQS_63 | mAP50:90: 63.5501 | AP50: 94.6430 | AP70: 70.1591 
UAV_SEQS_65 | mAP50:90: 79.5997 | AP50: 95.0262 | AP70: 90.5540 
UAV_SEQS_7 | mAP50:90: 91.1279 | AP50: 100.0000 | AP70: 93.6792 
UAV_SEQS_71 | mAP50:90: 71.7400 | AP50: 91.0712 | AP70: 75.3620 
UAV_SEQS_73 | mAP50:90: 53.7596 | AP50: 84.2751 | AP70: 63.2688 
UAV_SEQS_74 | mAP50:90: 78.5194 | AP50: 100.0000 | AP70: 100.0000 
UAV_SEQS_77 | mAP50:90: 7.7828 | AP50: 7.9208 | AP70: 7.9208 
UAV_SEQS_8 | mAP50:90: 62.1312 | AP50: 92.0792 | AP70: 78.6805 
Overall            | mAP50:95: 65.5135 | AP50: 84.7827 | AP70: 71.5967 
epoch 12, iter    1: loss: 0.0060 | load time: 0.0025 | back time: 0.8245 | lr: 0.00009652 | best AP50 acc: 0.8955 | best AP70 acc: 0.7571 | best mAP acc: 0.7010 | best mAR acc: 0.7822 | best Score: 0.7010 | best Score epoch:  9 
epoch 12, iter   51: loss: 0.0064 | load time: 0.0002 | back time: 1.1523 | lr: 0.00009647 | best AP50 acc: 0.8955 | best AP70 acc: 0.7571 | best mAP acc: 0.7010 | best mAR acc: 0.7822 | best Score: 0.7010 | best Score epoch:  9 
epoch 12, iter  101: loss: 0.0058 | load time: 0.0002 | back time: 1.1622 | lr: 0.00009642 | best AP50 acc: 0.8955 | best AP70 acc: 0.7571 | best mAP acc: 0.7010 | best mAR acc: 0.7822 | best Score: 0.7010 | best Score epoch:  9 
epoch 12, iter  151: loss: 0.0061 | load time: 0.0002 | back time: 1.1698 | lr: 0.00009637 | best AP50 acc: 0.8955 | best AP70 acc: 0.7571 | best mAP acc: 0.7010 | best mAR acc: 0.7822 | best Score: 0.7010 | best Score epoch:  9 
epoch 12, iter  201: loss: 0.0062 | load time: 0.0002 | back time: 1.1690 | lr: 0.00009632 | best AP50 acc: 0.8955 | best AP70 acc: 0.7571 | best mAP acc: 0.7010 | best mAR acc: 0.7822 | best Score: 0.7010 | best Score epoch:  9 
epoch 12, iter  251: loss: 0.0076 | load time: 0.0002 | back time: 1.1596 | lr: 0.00009627 | best AP50 acc: 0.8955 | best AP70 acc: 0.7571 | best mAP acc: 0.7010 | best mAR acc: 0.7822 | best Score: 0.7010 | best Score epoch:  9 
epoch 12, iter  301: loss: 0.0069 | load time: 0.0001 | back time: 1.1673 | lr: 0.00009622 | best AP50 acc: 0.8955 | best AP70 acc: 0.7571 | best mAP acc: 0.7010 | best mAR acc: 0.7822 | best Score: 0.7010 | best Score epoch:  9 
epoch 12, iter  351: loss: 0.0058 | load time: 0.0002 | back time: 1.1743 | lr: 0.00009617 | best AP50 acc: 0.8955 | best AP70 acc: 0.7571 | best mAP acc: 0.7010 | best mAR acc: 0.7822 | best Score: 0.7010 | best Score epoch:  9 
epoch 12, iter  401: loss: 0.0064 | load time: 0.0003 | back time: 1.1636 | lr: 0.00009611 | best AP50 acc: 0.8955 | best AP70 acc: 0.7571 | best mAP acc: 0.7010 | best mAR acc: 0.7822 | best Score: 0.7010 | best Score epoch:  9 
epoch 12, iter  451: loss: 0.0072 | load time: 0.0001 | back time: 1.1651 | lr: 0.00009606 | best AP50 acc: 0.8955 | best AP70 acc: 0.7571 | best mAP acc: 0.7010 | best mAR acc: 0.7822 | best Score: 0.7010 | best Score epoch:  9 
epoch 12, iter  501: loss: 0.0077 | load time: 0.0003 | back time: 1.1657 | lr: 0.00009601 | best AP50 acc: 0.8955 | best AP70 acc: 0.7571 | best mAP acc: 0.7010 | best mAR acc: 0.7822 | best Score: 0.7010 | best Score epoch:  9 
epoch 12, iter  551: loss: 0.0062 | load time: 0.0003 | back time: 1.1649 | lr: 0.00009596 | best AP50 acc: 0.8955 | best AP70 acc: 0.7571 | best mAP acc: 0.7010 | best mAR acc: 0.7822 | best Score: 0.7010 | best Score epoch:  9 
epoch 12, iter  601: loss: 0.0078 | load time: 0.0002 | back time: 1.1641 | lr: 0.00009590 | best AP50 acc: 0.8955 | best AP70 acc: 0.7571 | best mAP acc: 0.7010 | best mAR acc: 0.7822 | best Score: 0.7010 | best Score epoch:  9 
epoch 12, iter  651: loss: 0.0057 | load time: 0.0003 | back time: 1.1656 | lr: 0.00009585 | best AP50 acc: 0.8955 | best AP70 acc: 0.7571 | best mAP acc: 0.7010 | best mAR acc: 0.7822 | best Score: 0.7010 | best Score epoch:  9 
epoch 12, iter  701: loss: 0.0066 | load time: 0.0002 | back time: 1.1639 | lr: 0.00009579 | best AP50 acc: 0.8955 | best AP70 acc: 0.7571 | best mAP acc: 0.7010 | best mAR acc: 0.7822 | best Score: 0.7010 | best Score epoch:  9 
epoch 12, iter  751: loss: 0.0069 | load time: 0.0003 | back time: 1.1615 | lr: 0.00009574 | best AP50 acc: 0.8955 | best AP70 acc: 0.7571 | best mAP acc: 0.7010 | best mAR acc: 0.7822 | best Score: 0.7010 | best Score epoch:  9 
epoch 12, iter  801: loss: 0.0083 | load time: 0.0001 | back time: 1.1635 | lr: 0.00009568 | best AP50 acc: 0.8955 | best AP70 acc: 0.7571 | best mAP acc: 0.7010 | best mAR acc: 0.7822 | best Score: 0.7010 | best Score epoch:  9 
epoch 12, iter  851: loss: 0.0064 | load time: 0.0001 | back time: 1.1695 | lr: 0.00009563 | best AP50 acc: 0.8955 | best AP70 acc: 0.7571 | best mAP acc: 0.7010 | best mAR acc: 0.7822 | best Score: 0.7010 | best Score epoch:  9 
epoch 12, iter  901: loss: 0.0073 | load time: 0.0002 | back time: 1.1782 | lr: 0.00009557 | best AP50 acc: 0.8955 | best AP70 acc: 0.7571 | best mAP acc: 0.7010 | best mAR acc: 0.7822 | best Score: 0.7010 | best Score epoch:  9 
epoch 12, iter  951: loss: 0.0076 | load time: 0.0002 | back time: 1.1730 | lr: 0.00009552 | best AP50 acc: 0.8955 | best AP70 acc: 0.7571 | best mAP acc: 0.7010 | best mAR acc: 0.7822 | best Score: 0.7010 | best Score epoch:  9 
epoch 12, iter 1001: loss: 0.0073 | load time: 0.0002 | back time: 1.1731 | lr: 0.00009546 | best AP50 acc: 0.8955 | best AP70 acc: 0.7571 | best mAP acc: 0.7010 | best mAR acc: 0.7822 | best Score: 0.7010 | best Score epoch:  9 
epoch 12, iter 1051: loss: 0.0075 | load time: 0.0002 | back time: 1.1566 | lr: 0.00009540 | best AP50 acc: 0.8955 | best AP70 acc: 0.7571 | best mAP acc: 0.7010 | best mAR acc: 0.7822 | best Score: 0.7010 | best Score epoch:  9 
epoch 12, iter 1101: loss: 0.0072 | load time: 0.0003 | back time: 1.1681 | lr: 0.00009535 | best AP50 acc: 0.8955 | best AP70 acc: 0.7571 | best mAP acc: 0.7010 | best mAR acc: 0.7822 | best Score: 0.7010 | best Score epoch:  9 
epoch 12, iter 1151: loss: 0.0066 | load time: 0.0001 | back time: 1.1692 | lr: 0.00009529 | best AP50 acc: 0.8955 | best AP70 acc: 0.7571 | best mAP acc: 0.7010 | best mAR acc: 0.7822 | best Score: 0.7010 | best Score epoch:  9 
UAV_SEQS_2 | mAP50:90: 18.1801 | AP50: 42.1679 | AP70: 12.1889 
UAV_SEQS_37 | mAP50:90: 79.1546 | AP50: 100.0000 | AP70: 80.7208 
UAV_SEQS_45 | mAP50:90: 87.7978 | AP50: 100.0000 | AP70: 97.7164 
UAV_SEQS_47 | mAP50:90: 89.7956 | AP50: 100.0000 | AP70: 100.0000 
UAV_SEQS_55 | mAP50:90: 23.6244 | AP50: 54.3696 | AP70: 19.0693 
UAV_SEQS_59 | mAP50:90: 52.4628 | AP50: 77.9262 | AP70: 52.8929 
UAV_SEQS_6 | mAP50:90: 44.0093 | AP50: 63.6641 | AP70: 44.0100 
UAV_SEQS_63 | mAP50:90: 40.2415 | AP50: 96.7921 | AP70: 15.6074 
UAV_SEQS_65 | mAP50:90: 84.9943 | AP50: 95.5593 | AP70: 92.1939 
UAV_SEQS_7 | mAP50:90: 54.2398 | AP50: 92.4326 | AP70: 44.8285 
UAV_SEQS_71 | mAP50:90: 63.6654 | AP50: 96.4704 | AP70: 66.7290 
UAV_SEQS_73 | mAP50:90: 57.4118 | AP50: 84.2342 | AP70: 64.4129 
UAV_SEQS_74 | mAP50:90: 99.8382 | AP50: 100.0000 | AP70: 100.0000 
UAV_SEQS_77 | mAP50:90: 34.8175 | AP50: 59.0408 | AP70: 35.1392 
UAV_SEQS_8 | mAP50:90: 61.6325 | AP50: 94.0594 | AP70: 67.8166 
Overall            | mAP50:95: 59.7166 | AP50: 84.6117 | AP70: 60.2993 
epoch 13, iter    1: loss: 0.0064 | load time: 0.0028 | back time: 0.6682 | lr: 0.00009529 | best AP50 acc: 0.8955 | best AP70 acc: 0.7571 | best mAP acc: 0.7010 | best mAR acc: 0.7822 | best Score: 0.7010 | best Score epoch:  9 
epoch 13, iter   51: loss: 0.0061 | load time: 0.0003 | back time: 1.1662 | lr: 0.00009523 | best AP50 acc: 0.8955 | best AP70 acc: 0.7571 | best mAP acc: 0.7010 | best mAR acc: 0.7822 | best Score: 0.7010 | best Score epoch:  9 
epoch 13, iter  101: loss: 0.0090 | load time: 0.0002 | back time: 1.1673 | lr: 0.00009517 | best AP50 acc: 0.8955 | best AP70 acc: 0.7571 | best mAP acc: 0.7010 | best mAR acc: 0.7822 | best Score: 0.7010 | best Score epoch:  9 
epoch 13, iter  151: loss: 0.0071 | load time: 0.0003 | back time: 1.1705 | lr: 0.00009511 | best AP50 acc: 0.8955 | best AP70 acc: 0.7571 | best mAP acc: 0.7010 | best mAR acc: 0.7822 | best Score: 0.7010 | best Score epoch:  9 
epoch 13, iter  201: loss: 0.0061 | load time: 0.0002 | back time: 1.1748 | lr: 0.00009506 | best AP50 acc: 0.8955 | best AP70 acc: 0.7571 | best mAP acc: 0.7010 | best mAR acc: 0.7822 | best Score: 0.7010 | best Score epoch:  9 
epoch 13, iter  251: loss: 0.0067 | load time: 0.0001 | back time: 1.1685 | lr: 0.00009500 | best AP50 acc: 0.8955 | best AP70 acc: 0.7571 | best mAP acc: 0.7010 | best mAR acc: 0.7822 | best Score: 0.7010 | best Score epoch:  9 
epoch 13, iter  301: loss: 0.0066 | load time: 0.0002 | back time: 1.1692 | lr: 0.00009494 | best AP50 acc: 0.8955 | best AP70 acc: 0.7571 | best mAP acc: 0.7010 | best mAR acc: 0.7822 | best Score: 0.7010 | best Score epoch:  9 
epoch 13, iter  351: loss: 0.0073 | load time: 0.0003 | back time: 1.1699 | lr: 0.00009488 | best AP50 acc: 0.8955 | best AP70 acc: 0.7571 | best mAP acc: 0.7010 | best mAR acc: 0.7822 | best Score: 0.7010 | best Score epoch:  9 
epoch 13, iter  401: loss: 0.0082 | load time: 0.0003 | back time: 1.1693 | lr: 0.00009482 | best AP50 acc: 0.8955 | best AP70 acc: 0.7571 | best mAP acc: 0.7010 | best mAR acc: 0.7822 | best Score: 0.7010 | best Score epoch:  9 
epoch 13, iter  451: loss: 0.0065 | load time: 0.0003 | back time: 1.1586 | lr: 0.00009476 | best AP50 acc: 0.8955 | best AP70 acc: 0.7571 | best mAP acc: 0.7010 | best mAR acc: 0.7822 | best Score: 0.7010 | best Score epoch:  9 
epoch 13, iter  501: loss: 0.0061 | load time: 0.0002 | back time: 1.1673 | lr: 0.00009470 | best AP50 acc: 0.8955 | best AP70 acc: 0.7571 | best mAP acc: 0.7010 | best mAR acc: 0.7822 | best Score: 0.7010 | best Score epoch:  9 
epoch 13, iter  551: loss: 0.0063 | load time: 0.0001 | back time: 1.1604 | lr: 0.00009464 | best AP50 acc: 0.8955 | best AP70 acc: 0.7571 | best mAP acc: 0.7010 | best mAR acc: 0.7822 | best Score: 0.7010 | best Score epoch:  9 
epoch 13, iter  601: loss: 0.0068 | load time: 0.0002 | back time: 1.1613 | lr: 0.00009457 | best AP50 acc: 0.8955 | best AP70 acc: 0.7571 | best mAP acc: 0.7010 | best mAR acc: 0.7822 | best Score: 0.7010 | best Score epoch:  9 
epoch 13, iter  651: loss: 0.0069 | load time: 0.0002 | back time: 1.1703 | lr: 0.00009451 | best AP50 acc: 0.8955 | best AP70 acc: 0.7571 | best mAP acc: 0.7010 | best mAR acc: 0.7822 | best Score: 0.7010 | best Score epoch:  9 
epoch 13, iter  701: loss: 0.0065 | load time: 0.0002 | back time: 1.1485 | lr: 0.00009445 | best AP50 acc: 0.8955 | best AP70 acc: 0.7571 | best mAP acc: 0.7010 | best mAR acc: 0.7822 | best Score: 0.7010 | best Score epoch:  9 
epoch 13, iter  751: loss: 0.0058 | load time: 0.0003 | back time: 1.1701 | lr: 0.00009439 | best AP50 acc: 0.8955 | best AP70 acc: 0.7571 | best mAP acc: 0.7010 | best mAR acc: 0.7822 | best Score: 0.7010 | best Score epoch:  9 
epoch 13, iter  801: loss: 0.0062 | load time: 0.0002 | back time: 1.1991 | lr: 0.00009433 | best AP50 acc: 0.8955 | best AP70 acc: 0.7571 | best mAP acc: 0.7010 | best mAR acc: 0.7822 | best Score: 0.7010 | best Score epoch:  9 
epoch 13, iter  851: loss: 0.0074 | load time: 0.0002 | back time: 1.1585 | lr: 0.00009426 | best AP50 acc: 0.8955 | best AP70 acc: 0.7571 | best mAP acc: 0.7010 | best mAR acc: 0.7822 | best Score: 0.7010 | best Score epoch:  9 
epoch 13, iter  901: loss: 0.0087 | load time: 0.0002 | back time: 1.1635 | lr: 0.00009420 | best AP50 acc: 0.8955 | best AP70 acc: 0.7571 | best mAP acc: 0.7010 | best mAR acc: 0.7822 | best Score: 0.7010 | best Score epoch:  9 
epoch 13, iter  951: loss: 0.0084 | load time: 0.0002 | back time: 1.1525 | lr: 0.00009414 | best AP50 acc: 0.8955 | best AP70 acc: 0.7571 | best mAP acc: 0.7010 | best mAR acc: 0.7822 | best Score: 0.7010 | best Score epoch:  9 
epoch 13, iter 1001: loss: 0.0089 | load time: 0.0002 | back time: 1.1062 | lr: 0.00009407 | best AP50 acc: 0.8955 | best AP70 acc: 0.7571 | best mAP acc: 0.7010 | best mAR acc: 0.7822 | best Score: 0.7010 | best Score epoch:  9 
epoch 13, iter 1051: loss: 0.0061 | load time: 0.0002 | back time: 1.1787 | lr: 0.00009401 | best AP50 acc: 0.8955 | best AP70 acc: 0.7571 | best mAP acc: 0.7010 | best mAR acc: 0.7822 | best Score: 0.7010 | best Score epoch:  9 
epoch 13, iter 1101: loss: 0.0065 | load time: 0.0003 | back time: 1.1822 | lr: 0.00009394 | best AP50 acc: 0.8955 | best AP70 acc: 0.7571 | best mAP acc: 0.7010 | best mAR acc: 0.7822 | best Score: 0.7010 | best Score epoch:  9 
epoch 13, iter 1151: loss: 0.0083 | load time: 0.0001 | back time: 1.1722 | lr: 0.00009388 | best AP50 acc: 0.8955 | best AP70 acc: 0.7571 | best mAP acc: 0.7010 | best mAR acc: 0.7822 | best Score: 0.7010 | best Score epoch:  9 
UAV_SEQS_2 | mAP50:90: 34.2516 | AP50: 51.5837 | AP70: 37.1020 
UAV_SEQS_37 | mAP50:90: 76.1073 | AP50: 100.0000 | AP70: 79.7839 
UAV_SEQS_45 | mAP50:90: 93.6010 | AP50: 100.0000 | AP70: 97.3423 
UAV_SEQS_47 | mAP50:90: 97.5616 | AP50: 100.0000 | AP70: 100.0000 
UAV_SEQS_55 | mAP50:90: 31.7096 | AP50: 63.7775 | AP70: 33.9630 
UAV_SEQS_59 | mAP50:90: 57.2261 | AP50: 84.5908 | AP70: 59.0451 
UAV_SEQS_6 | mAP50:90: 36.1669 | AP50: 61.6336 | AP70: 35.1917 
UAV_SEQS_63 | mAP50:90: 93.8360 | AP50: 100.0000 | AP70: 100.0000 
UAV_SEQS_65 | mAP50:90: 81.9031 | AP50: 93.1752 | AP70: 90.1310 
UAV_SEQS_7 | mAP50:90: 43.2874 | AP50: 97.9386 | AP70: 26.3545 
UAV_SEQS_71 | mAP50:90: 65.4032 | AP50: 94.5189 | AP70: 70.8863 
UAV_SEQS_73 | mAP50:90: 57.2062 | AP50: 89.7033 | AP70: 60.5187 
UAV_SEQS_74 | mAP50:90: 85.3655 | AP50: 100.0000 | AP70: 100.0000 
UAV_SEQS_77 | mAP50:90: 17.7489 | AP50: 19.7852 | AP70: 19.7852 
UAV_SEQS_8 | mAP50:90: 25.1022 | AP50: 71.8334 | AP70: 20.6585 
Overall            | mAP50:95: 58.4188 | AP50: 82.3128 | AP70: 60.6684 
epoch 14, iter    1: loss: 0.0065 | load time: 0.0024 | back time: 0.7626 | lr: 0.00009388 | best AP50 acc: 0.8955 | best AP70 acc: 0.7571 | best mAP acc: 0.7010 | best mAR acc: 0.7822 | best Score: 0.7010 | best Score epoch:  9 
epoch 14, iter   51: loss: 0.0065 | load time: 0.0002 | back time: 1.1664 | lr: 0.00009381 | best AP50 acc: 0.8955 | best AP70 acc: 0.7571 | best mAP acc: 0.7010 | best mAR acc: 0.7822 | best Score: 0.7010 | best Score epoch:  9 
epoch 14, iter  101: loss: 0.0062 | load time: 0.0003 | back time: 1.1691 | lr: 0.00009375 | best AP50 acc: 0.8955 | best AP70 acc: 0.7571 | best mAP acc: 0.7010 | best mAR acc: 0.7822 | best Score: 0.7010 | best Score epoch:  9 
epoch 14, iter  151: loss: 0.0057 | load time: 0.0002 | back time: 1.1700 | lr: 0.00009368 | best AP50 acc: 0.8955 | best AP70 acc: 0.7571 | best mAP acc: 0.7010 | best mAR acc: 0.7822 | best Score: 0.7010 | best Score epoch:  9 
epoch 14, iter  201: loss: 0.0057 | load time: 0.0001 | back time: 1.1726 | lr: 0.00009361 | best AP50 acc: 0.8955 | best AP70 acc: 0.7571 | best mAP acc: 0.7010 | best mAR acc: 0.7822 | best Score: 0.7010 | best Score epoch:  9 
epoch 14, iter  251: loss: 0.0092 | load time: 0.0002 | back time: 1.1820 | lr: 0.00009355 | best AP50 acc: 0.8955 | best AP70 acc: 0.7571 | best mAP acc: 0.7010 | best mAR acc: 0.7822 | best Score: 0.7010 | best Score epoch:  9 
epoch 14, iter  301: loss: 0.0085 | load time: 0.0002 | back time: 1.1754 | lr: 0.00009348 | best AP50 acc: 0.8955 | best AP70 acc: 0.7571 | best mAP acc: 0.7010 | best mAR acc: 0.7822 | best Score: 0.7010 | best Score epoch:  9 
epoch 14, iter  351: loss: 0.0083 | load time: 0.0002 | back time: 1.1701 | lr: 0.00009341 | best AP50 acc: 0.8955 | best AP70 acc: 0.7571 | best mAP acc: 0.7010 | best mAR acc: 0.7822 | best Score: 0.7010 | best Score epoch:  9 
epoch 14, iter  401: loss: 0.0057 | load time: 0.0002 | back time: 1.1490 | lr: 0.00009335 | best AP50 acc: 0.8955 | best AP70 acc: 0.7571 | best mAP acc: 0.7010 | best mAR acc: 0.7822 | best Score: 0.7010 | best Score epoch:  9 
epoch 14, iter  451: loss: 0.0068 | load time: 0.0002 | back time: 1.1495 | lr: 0.00009328 | best AP50 acc: 0.8955 | best AP70 acc: 0.7571 | best mAP acc: 0.7010 | best mAR acc: 0.7822 | best Score: 0.7010 | best Score epoch:  9 
epoch 14, iter  501: loss: 0.0081 | load time: 0.0001 | back time: 1.1756 | lr: 0.00009321 | best AP50 acc: 0.8955 | best AP70 acc: 0.7571 | best mAP acc: 0.7010 | best mAR acc: 0.7822 | best Score: 0.7010 | best Score epoch:  9 
epoch 14, iter  551: loss: 0.0063 | load time: 0.0002 | back time: 1.1826 | lr: 0.00009314 | best AP50 acc: 0.8955 | best AP70 acc: 0.7571 | best mAP acc: 0.7010 | best mAR acc: 0.7822 | best Score: 0.7010 | best Score epoch:  9 
epoch 14, iter  601: loss: 0.0080 | load time: 0.0002 | back time: 1.1432 | lr: 0.00009307 | best AP50 acc: 0.8955 | best AP70 acc: 0.7571 | best mAP acc: 0.7010 | best mAR acc: 0.7822 | best Score: 0.7010 | best Score epoch:  9 
epoch 14, iter  651: loss: 0.0061 | load time: 0.0002 | back time: 1.1693 | lr: 0.00009300 | best AP50 acc: 0.8955 | best AP70 acc: 0.7571 | best mAP acc: 0.7010 | best mAR acc: 0.7822 | best Score: 0.7010 | best Score epoch:  9 
epoch 14, iter  701: loss: 0.0067 | load time: 0.0003 | back time: 1.1705 | lr: 0.00009293 | best AP50 acc: 0.8955 | best AP70 acc: 0.7571 | best mAP acc: 0.7010 | best mAR acc: 0.7822 | best Score: 0.7010 | best Score epoch:  9 
epoch 14, iter  751: loss: 0.0059 | load time: 0.0002 | back time: 1.1634 | lr: 0.00009286 | best AP50 acc: 0.8955 | best AP70 acc: 0.7571 | best mAP acc: 0.7010 | best mAR acc: 0.7822 | best Score: 0.7010 | best Score epoch:  9 
epoch 14, iter  801: loss: 0.0061 | load time: 0.0002 | back time: 1.1769 | lr: 0.00009279 | best AP50 acc: 0.8955 | best AP70 acc: 0.7571 | best mAP acc: 0.7010 | best mAR acc: 0.7822 | best Score: 0.7010 | best Score epoch:  9 
epoch 14, iter  851: loss: 0.0065 | load time: 0.0002 | back time: 1.1595 | lr: 0.00009272 | best AP50 acc: 0.8955 | best AP70 acc: 0.7571 | best mAP acc: 0.7010 | best mAR acc: 0.7822 | best Score: 0.7010 | best Score epoch:  9 
epoch 14, iter  901: loss: 0.0070 | load time: 0.0002 | back time: 1.1526 | lr: 0.00009265 | best AP50 acc: 0.8955 | best AP70 acc: 0.7571 | best mAP acc: 0.7010 | best mAR acc: 0.7822 | best Score: 0.7010 | best Score epoch:  9 
epoch 14, iter  951: loss: 0.0067 | load time: 0.0002 | back time: 1.1658 | lr: 0.00009258 | best AP50 acc: 0.8955 | best AP70 acc: 0.7571 | best mAP acc: 0.7010 | best mAR acc: 0.7822 | best Score: 0.7010 | best Score epoch:  9 
epoch 14, iter 1001: loss: 0.0085 | load time: 0.0002 | back time: 1.1757 | lr: 0.00009251 | best AP50 acc: 0.8955 | best AP70 acc: 0.7571 | best mAP acc: 0.7010 | best mAR acc: 0.7822 | best Score: 0.7010 | best Score epoch:  9 
epoch 14, iter 1051: loss: 0.0057 | load time: 0.0001 | back time: 1.1436 | lr: 0.00009244 | best AP50 acc: 0.8955 | best AP70 acc: 0.7571 | best mAP acc: 0.7010 | best mAR acc: 0.7822 | best Score: 0.7010 | best Score epoch:  9 
epoch 14, iter 1101: loss: 0.0075 | load time: 0.0002 | back time: 1.1538 | lr: 0.00009237 | best AP50 acc: 0.8955 | best AP70 acc: 0.7571 | best mAP acc: 0.7010 | best mAR acc: 0.7822 | best Score: 0.7010 | best Score epoch:  9 
epoch 14, iter 1151: loss: 0.0058 | load time: 0.0001 | back time: 1.1842 | lr: 0.00009230 | best AP50 acc: 0.8955 | best AP70 acc: 0.7571 | best mAP acc: 0.7010 | best mAR acc: 0.7822 | best Score: 0.7010 | best Score epoch:  9 
UAV_SEQS_2 | mAP50:90: 21.3554 | AP50: 40.7863 | AP70: 21.5194 
UAV_SEQS_37 | mAP50:90: 58.0465 | AP50: 95.6051 | AP70: 58.3561 
UAV_SEQS_45 | mAP50:90: 91.4427 | AP50: 100.0000 | AP70: 98.8097 
UAV_SEQS_47 | mAP50:90: 93.0542 | AP50: 100.0000 | AP70: 100.0000 
UAV_SEQS_55 | mAP50:90: 14.4705 | AP50: 37.2762 | AP70: 11.7372 
UAV_SEQS_59 | mAP50:90: 53.2865 | AP50: 85.6136 | AP70: 54.8024 
UAV_SEQS_6 | mAP50:90: 35.5817 | AP50: 44.8207 | AP70: 34.9267 
UAV_SEQS_63 | mAP50:90: 47.2535 | AP50: 98.8746 | AP70: 27.1947 
UAV_SEQS_65 | mAP50:90: 79.0914 | AP50: 96.1727 | AP70: 86.2894 
UAV_SEQS_7 | mAP50:90: 4.2096 | AP50: 30.7226 | AP70: 0.0000 
UAV_SEQS_71 | mAP50:90: 51.1824 | AP50: 79.2656 | AP70: 50.8897 
UAV_SEQS_73 | mAP50:90: 45.5398 | AP50: 80.0538 | AP70: 50.5409 
UAV_SEQS_74 | mAP50:90: 95.2255 | AP50: 100.0000 | AP70: 100.0000 
UAV_SEQS_77 | mAP50:90: 9.7612 | AP50: 11.4710 | AP70: 11.4710 
UAV_SEQS_8 | mAP50:90: 78.8063 | AP50: 94.0594 | AP70: 87.0022 
Overall            | mAP50:95: 49.3966 | AP50: 73.5268 | AP70: 50.0266 
epoch 15, iter    1: loss: 0.0056 | load time: 0.0036 | back time: 0.8313 | lr: 0.00009229 | best AP50 acc: 0.8955 | best AP70 acc: 0.7571 | best mAP acc: 0.7010 | best mAR acc: 0.7822 | best Score: 0.7010 | best Score epoch:  9 
epoch 15, iter   51: loss: 0.0061 | load time: 0.0002 | back time: 1.1652 | lr: 0.00009222 | best AP50 acc: 0.8955 | best AP70 acc: 0.7571 | best mAP acc: 0.7010 | best mAR acc: 0.7822 | best Score: 0.7010 | best Score epoch:  9 
epoch 15, iter  101: loss: 0.0078 | load time: 0.0002 | back time: 1.1591 | lr: 0.00009215 | best AP50 acc: 0.8955 | best AP70 acc: 0.7571 | best mAP acc: 0.7010 | best mAR acc: 0.7822 | best Score: 0.7010 | best Score epoch:  9 
epoch 15, iter  151: loss: 0.0060 | load time: 0.0003 | back time: 1.1695 | lr: 0.00009207 | best AP50 acc: 0.8955 | best AP70 acc: 0.7571 | best mAP acc: 0.7010 | best mAR acc: 0.7822 | best Score: 0.7010 | best Score epoch:  9 
epoch 15, iter  201: loss: 0.0061 | load time: 0.0002 | back time: 1.1738 | lr: 0.00009200 | best AP50 acc: 0.8955 | best AP70 acc: 0.7571 | best mAP acc: 0.7010 | best mAR acc: 0.7822 | best Score: 0.7010 | best Score epoch:  9 
epoch 15, iter  251: loss: 0.0063 | load time: 0.0003 | back time: 1.1795 | lr: 0.00009193 | best AP50 acc: 0.8955 | best AP70 acc: 0.7571 | best mAP acc: 0.7010 | best mAR acc: 0.7822 | best Score: 0.7010 | best Score epoch:  9 
epoch 15, iter  301: loss: 0.0061 | load time: 0.0003 | back time: 1.1718 | lr: 0.00009185 | best AP50 acc: 0.8955 | best AP70 acc: 0.7571 | best mAP acc: 0.7010 | best mAR acc: 0.7822 | best Score: 0.7010 | best Score epoch:  9 
epoch 15, iter  351: loss: 0.0069 | load time: 0.0002 | back time: 1.1600 | lr: 0.00009178 | best AP50 acc: 0.8955 | best AP70 acc: 0.7571 | best mAP acc: 0.7010 | best mAR acc: 0.7822 | best Score: 0.7010 | best Score epoch:  9 
epoch 15, iter  401: loss: 0.0086 | load time: 0.0003 | back time: 1.1527 | lr: 0.00009170 | best AP50 acc: 0.8955 | best AP70 acc: 0.7571 | best mAP acc: 0.7010 | best mAR acc: 0.7822 | best Score: 0.7010 | best Score epoch:  9 
epoch 15, iter  451: loss: 0.0055 | load time: 0.0002 | back time: 1.1704 | lr: 0.00009163 | best AP50 acc: 0.8955 | best AP70 acc: 0.7571 | best mAP acc: 0.7010 | best mAR acc: 0.7822 | best Score: 0.7010 | best Score epoch:  9 
epoch 15, iter  501: loss: 0.0075 | load time: 0.0002 | back time: 1.1715 | lr: 0.00009155 | best AP50 acc: 0.8955 | best AP70 acc: 0.7571 | best mAP acc: 0.7010 | best mAR acc: 0.7822 | best Score: 0.7010 | best Score epoch:  9 
epoch 15, iter  551: loss: 0.0065 | load time: 0.0002 | back time: 1.1679 | lr: 0.00009148 | best AP50 acc: 0.8955 | best AP70 acc: 0.7571 | best mAP acc: 0.7010 | best mAR acc: 0.7822 | best Score: 0.7010 | best Score epoch:  9 
epoch 15, iter  601: loss: 0.0057 | load time: 0.0003 | back time: 1.1781 | lr: 0.00009140 | best AP50 acc: 0.8955 | best AP70 acc: 0.7571 | best mAP acc: 0.7010 | best mAR acc: 0.7822 | best Score: 0.7010 | best Score epoch:  9 
epoch 15, iter  651: loss: 0.0059 | load time: 0.0002 | back time: 1.1693 | lr: 0.00009133 | best AP50 acc: 0.8955 | best AP70 acc: 0.7571 | best mAP acc: 0.7010 | best mAR acc: 0.7822 | best Score: 0.7010 | best Score epoch:  9 
epoch 15, iter  701: loss: 0.0080 | load time: 0.0002 | back time: 1.1789 | lr: 0.00009125 | best AP50 acc: 0.8955 | best AP70 acc: 0.7571 | best mAP acc: 0.7010 | best mAR acc: 0.7822 | best Score: 0.7010 | best Score epoch:  9 
epoch 15, iter  751: loss: 0.0073 | load time: 0.0002 | back time: 1.1676 | lr: 0.00009117 | best AP50 acc: 0.8955 | best AP70 acc: 0.7571 | best mAP acc: 0.7010 | best mAR acc: 0.7822 | best Score: 0.7010 | best Score epoch:  9 
epoch 15, iter  801: loss: 0.0076 | load time: 0.0003 | back time: 1.1724 | lr: 0.00009110 | best AP50 acc: 0.8955 | best AP70 acc: 0.7571 | best mAP acc: 0.7010 | best mAR acc: 0.7822 | best Score: 0.7010 | best Score epoch:  9 
epoch 15, iter  851: loss: 0.0070 | load time: 0.0002 | back time: 1.1796 | lr: 0.00009102 | best AP50 acc: 0.8955 | best AP70 acc: 0.7571 | best mAP acc: 0.7010 | best mAR acc: 0.7822 | best Score: 0.7010 | best Score epoch:  9 
epoch 15, iter  901: loss: 0.0060 | load time: 0.0002 | back time: 1.1556 | lr: 0.00009094 | best AP50 acc: 0.8955 | best AP70 acc: 0.7571 | best mAP acc: 0.7010 | best mAR acc: 0.7822 | best Score: 0.7010 | best Score epoch:  9 
epoch 15, iter  951: loss: 0.0059 | load time: 0.0003 | back time: 1.1550 | lr: 0.00009086 | best AP50 acc: 0.8955 | best AP70 acc: 0.7571 | best mAP acc: 0.7010 | best mAR acc: 0.7822 | best Score: 0.7010 | best Score epoch:  9 
epoch 15, iter 1001: loss: 0.0075 | load time: 0.0002 | back time: 1.1571 | lr: 0.00009078 | best AP50 acc: 0.8955 | best AP70 acc: 0.7571 | best mAP acc: 0.7010 | best mAR acc: 0.7822 | best Score: 0.7010 | best Score epoch:  9 
epoch 15, iter 1051: loss: 0.0075 | load time: 0.0002 | back time: 1.1713 | lr: 0.00009071 | best AP50 acc: 0.8955 | best AP70 acc: 0.7571 | best mAP acc: 0.7010 | best mAR acc: 0.7822 | best Score: 0.7010 | best Score epoch:  9 
epoch 15, iter 1101: loss: 0.0057 | load time: 0.0002 | back time: 1.1603 | lr: 0.00009063 | best AP50 acc: 0.8955 | best AP70 acc: 0.7571 | best mAP acc: 0.7010 | best mAR acc: 0.7822 | best Score: 0.7010 | best Score epoch:  9 
epoch 15, iter 1151: loss: 0.0077 | load time: 0.0003 | back time: 1.1518 | lr: 0.00009055 | best AP50 acc: 0.8955 | best AP70 acc: 0.7571 | best mAP acc: 0.7010 | best mAR acc: 0.7822 | best Score: 0.7010 | best Score epoch:  9 
UAV_SEQS_2 | mAP50:90: 14.8958 | AP50: 34.9409 | AP70: 12.4624 
UAV_SEQS_37 | mAP50:90: 77.6759 | AP50: 100.0000 | AP70: 84.9804 
UAV_SEQS_45 | mAP50:90: 78.0179 | AP50: 100.0000 | AP70: 91.0755 
UAV_SEQS_47 | mAP50:90: 92.7520 | AP50: 100.0000 | AP70: 100.0000 
UAV_SEQS_55 | mAP50:90: 22.5046 | AP50: 52.3713 | AP70: 17.5859 
UAV_SEQS_59 | mAP50:90: 49.9308 | AP50: 74.5017 | AP70: 51.6193 
UAV_SEQS_6 | mAP50:90: 37.6119 | AP50: 60.3831 | AP70: 35.3223 
UAV_SEQS_63 | mAP50:90: 29.6669 | AP50: 77.7888 | AP70: 10.0044 
UAV_SEQS_65 | mAP50:90: 83.8068 | AP50: 95.3340 | AP70: 89.6184 
UAV_SEQS_7 | mAP50:90: 38.4709 | AP50: 85.3628 | AP70: 21.1335 
UAV_SEQS_71 | mAP50:90: 63.2506 | AP50: 89.4978 | AP70: 69.4820 
UAV_SEQS_73 | mAP50:90: 60.1179 | AP50: 89.1906 | AP70: 70.3051 
UAV_SEQS_74 | mAP50:90: 93.6945 | AP50: 100.0000 | AP70: 100.0000 
UAV_SEQS_77 | mAP50:90: 22.3675 | AP50: 28.5359 | AP70: 19.1855 
UAV_SEQS_8 | mAP50:90: 55.2655 | AP50: 92.4985 | AP70: 67.8114 
Overall            | mAP50:95: 54.3715 | AP50: 80.4161 | AP70: 55.3968 
epoch 16, iter    1: loss: 0.0065 | load time: 0.0053 | back time: 0.7533 | lr: 0.00009054 | best AP50 acc: 0.8955 | best AP70 acc: 0.7571 | best mAP acc: 0.7010 | best mAR acc: 0.7822 | best Score: 0.7010 | best Score epoch:  9 
epoch 16, iter   51: loss: 0.0067 | load time: 0.0002 | back time: 1.1686 | lr: 0.00009047 | best AP50 acc: 0.8955 | best AP70 acc: 0.7571 | best mAP acc: 0.7010 | best mAR acc: 0.7822 | best Score: 0.7010 | best Score epoch:  9 
epoch 16, iter  101: loss: 0.0063 | load time: 0.0002 | back time: 1.1774 | lr: 0.00009039 | best AP50 acc: 0.8955 | best AP70 acc: 0.7571 | best mAP acc: 0.7010 | best mAR acc: 0.7822 | best Score: 0.7010 | best Score epoch:  9 
epoch 16, iter  151: loss: 0.0058 | load time: 0.0002 | back time: 1.1873 | lr: 0.00009031 | best AP50 acc: 0.8955 | best AP70 acc: 0.7571 | best mAP acc: 0.7010 | best mAR acc: 0.7822 | best Score: 0.7010 | best Score epoch:  9 
epoch 16, iter  201: loss: 0.0076 | load time: 0.0002 | back time: 1.1697 | lr: 0.00009022 | best AP50 acc: 0.8955 | best AP70 acc: 0.7571 | best mAP acc: 0.7010 | best mAR acc: 0.7822 | best Score: 0.7010 | best Score epoch:  9 
epoch 16, iter  251: loss: 0.0073 | load time: 0.0002 | back time: 1.1738 | lr: 0.00009014 | best AP50 acc: 0.8955 | best AP70 acc: 0.7571 | best mAP acc: 0.7010 | best mAR acc: 0.7822 | best Score: 0.7010 | best Score epoch:  9 
epoch 16, iter  301: loss: 0.0065 | load time: 0.0002 | back time: 1.1596 | lr: 0.00009006 | best AP50 acc: 0.8955 | best AP70 acc: 0.7571 | best mAP acc: 0.7010 | best mAR acc: 0.7822 | best Score: 0.7010 | best Score epoch:  9 
epoch 16, iter  351: loss: 0.0064 | load time: 0.0001 | back time: 1.1386 | lr: 0.00008998 | best AP50 acc: 0.8955 | best AP70 acc: 0.7571 | best mAP acc: 0.7010 | best mAR acc: 0.7822 | best Score: 0.7010 | best Score epoch:  9 
epoch 16, iter  401: loss: 0.0061 | load time: 0.0002 | back time: 1.1711 | lr: 0.00008990 | best AP50 acc: 0.8955 | best AP70 acc: 0.7571 | best mAP acc: 0.7010 | best mAR acc: 0.7822 | best Score: 0.7010 | best Score epoch:  9 
epoch 16, iter  451: loss: 0.0082 | load time: 0.0002 | back time: 1.1712 | lr: 0.00008982 | best AP50 acc: 0.8955 | best AP70 acc: 0.7571 | best mAP acc: 0.7010 | best mAR acc: 0.7822 | best Score: 0.7010 | best Score epoch:  9 
epoch 16, iter  501: loss: 0.0075 | load time: 0.0002 | back time: 1.1441 | lr: 0.00008974 | best AP50 acc: 0.8955 | best AP70 acc: 0.7571 | best mAP acc: 0.7010 | best mAR acc: 0.7822 | best Score: 0.7010 | best Score epoch:  9 
epoch 16, iter  551: loss: 0.0065 | load time: 0.0001 | back time: 1.1706 | lr: 0.00008965 | best AP50 acc: 0.8955 | best AP70 acc: 0.7571 | best mAP acc: 0.7010 | best mAR acc: 0.7822 | best Score: 0.7010 | best Score epoch:  9 
epoch 16, iter  601: loss: 0.0075 | load time: 0.0001 | back time: 1.1623 | lr: 0.00008957 | best AP50 acc: 0.8955 | best AP70 acc: 0.7571 | best mAP acc: 0.7010 | best mAR acc: 0.7822 | best Score: 0.7010 | best Score epoch:  9 
epoch 16, iter  651: loss: 0.0074 | load time: 0.0002 | back time: 1.1464 | lr: 0.00008949 | best AP50 acc: 0.8955 | best AP70 acc: 0.7571 | best mAP acc: 0.7010 | best mAR acc: 0.7822 | best Score: 0.7010 | best Score epoch:  9 
epoch 16, iter  701: loss: 0.0056 | load time: 0.0002 | back time: 1.1732 | lr: 0.00008940 | best AP50 acc: 0.8955 | best AP70 acc: 0.7571 | best mAP acc: 0.7010 | best mAR acc: 0.7822 | best Score: 0.7010 | best Score epoch:  9 
epoch 16, iter  751: loss: 0.0066 | load time: 0.0001 | back time: 1.1814 | lr: 0.00008932 | best AP50 acc: 0.8955 | best AP70 acc: 0.7571 | best mAP acc: 0.7010 | best mAR acc: 0.7822 | best Score: 0.7010 | best Score epoch:  9 
epoch 16, iter  801: loss: 0.0084 | load time: 0.0002 | back time: 1.1797 | lr: 0.00008924 | best AP50 acc: 0.8955 | best AP70 acc: 0.7571 | best mAP acc: 0.7010 | best mAR acc: 0.7822 | best Score: 0.7010 | best Score epoch:  9 
epoch 16, iter  851: loss: 0.0060 | load time: 0.0002 | back time: 1.1499 | lr: 0.00008915 | best AP50 acc: 0.8955 | best AP70 acc: 0.7571 | best mAP acc: 0.7010 | best mAR acc: 0.7822 | best Score: 0.7010 | best Score epoch:  9 
epoch 16, iter  901: loss: 0.0057 | load time: 0.0003 | back time: 1.1696 | lr: 0.00008907 | best AP50 acc: 0.8955 | best AP70 acc: 0.7571 | best mAP acc: 0.7010 | best mAR acc: 0.7822 | best Score: 0.7010 | best Score epoch:  9 
epoch 16, iter  951: loss: 0.0077 | load time: 0.0003 | back time: 1.1603 | lr: 0.00008898 | best AP50 acc: 0.8955 | best AP70 acc: 0.7571 | best mAP acc: 0.7010 | best mAR acc: 0.7822 | best Score: 0.7010 | best Score epoch:  9 
epoch 16, iter 1001: loss: 0.0062 | load time: 0.0003 | back time: 1.0720 | lr: 0.00008890 | best AP50 acc: 0.8955 | best AP70 acc: 0.7571 | best mAP acc: 0.7010 | best mAR acc: 0.7822 | best Score: 0.7010 | best Score epoch:  9 
epoch 16, iter 1051: loss: 0.0063 | load time: 0.0002 | back time: 1.1772 | lr: 0.00008881 | best AP50 acc: 0.8955 | best AP70 acc: 0.7571 | best mAP acc: 0.7010 | best mAR acc: 0.7822 | best Score: 0.7010 | best Score epoch:  9 
epoch 16, iter 1101: loss: 0.0070 | load time: 0.0003 | back time: 1.1647 | lr: 0.00008873 | best AP50 acc: 0.8955 | best AP70 acc: 0.7571 | best mAP acc: 0.7010 | best mAR acc: 0.7822 | best Score: 0.7010 | best Score epoch:  9 
epoch 16, iter 1151: loss: 0.0071 | load time: 0.0001 | back time: 1.1336 | lr: 0.00008864 | best AP50 acc: 0.8955 | best AP70 acc: 0.7571 | best mAP acc: 0.7010 | best mAR acc: 0.7822 | best Score: 0.7010 | best Score epoch:  9 
UAV_SEQS_2 | mAP50:90: 11.6648 | AP50: 25.9057 | AP70: 8.5832 
UAV_SEQS_37 | mAP50:90: 71.9623 | AP50: 98.9505 | AP70: 78.6586 
UAV_SEQS_45 | mAP50:90: 89.9945 | AP50: 100.0000 | AP70: 96.8449 
UAV_SEQS_47 | mAP50:90: 97.4194 | AP50: 100.0000 | AP70: 100.0000 
UAV_SEQS_55 | mAP50:90: 32.9443 | AP50: 61.6309 | AP70: 36.3834 
UAV_SEQS_59 | mAP50:90: 63.1142 | AP50: 86.9378 | AP70: 62.6860 
UAV_SEQS_6 | mAP50:90: 40.0356 | AP50: 58.3054 | AP70: 37.7007 
UAV_SEQS_63 | mAP50:90: 83.2312 | AP50: 100.0000 | AP70: 95.0717 
UAV_SEQS_65 | mAP50:90: 86.5714 | AP50: 96.2076 | AP70: 91.4652 
UAV_SEQS_7 | mAP50:90: 57.3766 | AP50: 75.2503 | AP70: 57.5615 
UAV_SEQS_71 | mAP50:90: 64.0606 | AP50: 93.9705 | AP70: 65.6004 
UAV_SEQS_73 | mAP50:90: 55.5772 | AP50: 87.0026 | AP70: 63.3527 
UAV_SEQS_74 | mAP50:90: 78.4434 | AP50: 100.0000 | AP70: 98.3391 
UAV_SEQS_77 | mAP50:90: 30.1730 | AP50: 34.4447 | AP70: 34.4447 
UAV_SEQS_8 | mAP50:90: 49.9694 | AP50: 89.4288 | AP70: 64.9474 
Overall            | mAP50:95: 61.6274 | AP50: 82.2417 | AP70: 67.3354 
epoch 17, iter    1: loss: 0.0068 | load time: 0.0025 | back time: 0.7407 | lr: 0.00008864 | best AP50 acc: 0.8955 | best AP70 acc: 0.7571 | best mAP acc: 0.7010 | best mAR acc: 0.7822 | best Score: 0.7010 | best Score epoch:  9 
epoch 17, iter   51: loss: 0.0058 | load time: 0.0002 | back time: 1.1712 | lr: 0.00008855 | best AP50 acc: 0.8955 | best AP70 acc: 0.7571 | best mAP acc: 0.7010 | best mAR acc: 0.7822 | best Score: 0.7010 | best Score epoch:  9 
epoch 17, iter  101: loss: 0.0065 | load time: 0.0002 | back time: 1.1078 | lr: 0.00008847 | best AP50 acc: 0.8955 | best AP70 acc: 0.7571 | best mAP acc: 0.7010 | best mAR acc: 0.7822 | best Score: 0.7010 | best Score epoch:  9 
epoch 17, iter  151: loss: 0.0063 | load time: 0.0002 | back time: 1.1635 | lr: 0.00008838 | best AP50 acc: 0.8955 | best AP70 acc: 0.7571 | best mAP acc: 0.7010 | best mAR acc: 0.7822 | best Score: 0.7010 | best Score epoch:  9 
epoch 17, iter  201: loss: 0.0061 | load time: 0.0001 | back time: 1.1680 | lr: 0.00008829 | best AP50 acc: 0.8955 | best AP70 acc: 0.7571 | best mAP acc: 0.7010 | best mAR acc: 0.7822 | best Score: 0.7010 | best Score epoch:  9 
epoch 17, iter  251: loss: 0.0065 | load time: 0.0002 | back time: 1.1738 | lr: 0.00008820 | best AP50 acc: 0.8955 | best AP70 acc: 0.7571 | best mAP acc: 0.7010 | best mAR acc: 0.7822 | best Score: 0.7010 | best Score epoch:  9 
epoch 17, iter  301: loss: 0.0056 | load time: 0.0002 | back time: 1.1570 | lr: 0.00008812 | best AP50 acc: 0.8955 | best AP70 acc: 0.7571 | best mAP acc: 0.7010 | best mAR acc: 0.7822 | best Score: 0.7010 | best Score epoch:  9 
epoch 17, iter  351: loss: 0.0106 | load time: 0.0003 | back time: 1.1747 | lr: 0.00008803 | best AP50 acc: 0.8955 | best AP70 acc: 0.7571 | best mAP acc: 0.7010 | best mAR acc: 0.7822 | best Score: 0.7010 | best Score epoch:  9 
epoch 17, iter  401: loss: 0.0067 | load time: 0.0002 | back time: 1.1597 | lr: 0.00008794 | best AP50 acc: 0.8955 | best AP70 acc: 0.7571 | best mAP acc: 0.7010 | best mAR acc: 0.7822 | best Score: 0.7010 | best Score epoch:  9 
epoch 17, iter  451: loss: 0.0061 | load time: 0.0004 | back time: 1.1514 | lr: 0.00008785 | best AP50 acc: 0.8955 | best AP70 acc: 0.7571 | best mAP acc: 0.7010 | best mAR acc: 0.7822 | best Score: 0.7010 | best Score epoch:  9 
epoch 17, iter  501: loss: 0.0058 | load time: 0.0002 | back time: 1.1728 | lr: 0.00008776 | best AP50 acc: 0.8955 | best AP70 acc: 0.7571 | best mAP acc: 0.7010 | best mAR acc: 0.7822 | best Score: 0.7010 | best Score epoch:  9 
epoch 17, iter  551: loss: 0.0065 | load time: 0.0002 | back time: 1.1732 | lr: 0.00008768 | best AP50 acc: 0.8955 | best AP70 acc: 0.7571 | best mAP acc: 0.7010 | best mAR acc: 0.7822 | best Score: 0.7010 | best Score epoch:  9 
epoch 17, iter  601: loss: 0.0075 | load time: 0.0003 | back time: 1.1698 | lr: 0.00008759 | best AP50 acc: 0.8955 | best AP70 acc: 0.7571 | best mAP acc: 0.7010 | best mAR acc: 0.7822 | best Score: 0.7010 | best Score epoch:  9 
epoch 17, iter  651: loss: 0.0061 | load time: 0.0002 | back time: 1.1655 | lr: 0.00008750 | best AP50 acc: 0.8955 | best AP70 acc: 0.7571 | best mAP acc: 0.7010 | best mAR acc: 0.7822 | best Score: 0.7010 | best Score epoch:  9 
epoch 17, iter  701: loss: 0.0065 | load time: 0.0002 | back time: 1.1605 | lr: 0.00008741 | best AP50 acc: 0.8955 | best AP70 acc: 0.7571 | best mAP acc: 0.7010 | best mAR acc: 0.7822 | best Score: 0.7010 | best Score epoch:  9 
epoch 17, iter  751: loss: 0.0059 | load time: 0.0001 | back time: 1.1443 | lr: 0.00008732 | best AP50 acc: 0.8955 | best AP70 acc: 0.7571 | best mAP acc: 0.7010 | best mAR acc: 0.7822 | best Score: 0.7010 | best Score epoch:  9 
epoch 17, iter  801: loss: 0.0082 | load time: 0.0002 | back time: 1.1719 | lr: 0.00008723 | best AP50 acc: 0.8955 | best AP70 acc: 0.7571 | best mAP acc: 0.7010 | best mAR acc: 0.7822 | best Score: 0.7010 | best Score epoch:  9 
epoch 17, iter  851: loss: 0.0064 | load time: 0.0002 | back time: 1.1544 | lr: 0.00008714 | best AP50 acc: 0.8955 | best AP70 acc: 0.7571 | best mAP acc: 0.7010 | best mAR acc: 0.7822 | best Score: 0.7010 | best Score epoch:  9 
epoch 17, iter  901: loss: 0.0060 | load time: 0.0002 | back time: 1.1554 | lr: 0.00008704 | best AP50 acc: 0.8955 | best AP70 acc: 0.7571 | best mAP acc: 0.7010 | best mAR acc: 0.7822 | best Score: 0.7010 | best Score epoch:  9 
epoch 17, iter  951: loss: 0.0071 | load time: 0.0002 | back time: 1.1543 | lr: 0.00008695 | best AP50 acc: 0.8955 | best AP70 acc: 0.7571 | best mAP acc: 0.7010 | best mAR acc: 0.7822 | best Score: 0.7010 | best Score epoch:  9 
epoch 17, iter 1001: loss: 0.0063 | load time: 0.0002 | back time: 1.1839 | lr: 0.00008686 | best AP50 acc: 0.8955 | best AP70 acc: 0.7571 | best mAP acc: 0.7010 | best mAR acc: 0.7822 | best Score: 0.7010 | best Score epoch:  9 
epoch 17, iter 1051: loss: 0.0060 | load time: 0.0002 | back time: 1.1543 | lr: 0.00008677 | best AP50 acc: 0.8955 | best AP70 acc: 0.7571 | best mAP acc: 0.7010 | best mAR acc: 0.7822 | best Score: 0.7010 | best Score epoch:  9 
epoch 17, iter 1101: loss: 0.0073 | load time: 0.0002 | back time: 1.1697 | lr: 0.00008668 | best AP50 acc: 0.8955 | best AP70 acc: 0.7571 | best mAP acc: 0.7010 | best mAR acc: 0.7822 | best Score: 0.7010 | best Score epoch:  9 
epoch 17, iter 1151: loss: 0.0057 | load time: 0.0001 | back time: 1.1636 | lr: 0.00008659 | best AP50 acc: 0.8955 | best AP70 acc: 0.7571 | best mAP acc: 0.7010 | best mAR acc: 0.7822 | best Score: 0.7010 | best Score epoch:  9 
UAV_SEQS_2 | mAP50:90: 16.1815 | AP50: 32.8682 | AP70: 14.4190 
UAV_SEQS_37 | mAP50:90: 79.4085 | AP50: 100.0000 | AP70: 85.0957 
UAV_SEQS_45 | mAP50:90: 88.5044 | AP50: 100.0000 | AP70: 97.2581 
UAV_SEQS_47 | mAP50:90: 98.5974 | AP50: 100.0000 | AP70: 100.0000 
UAV_SEQS_55 | mAP50:90: 20.0128 | AP50: 47.4277 | AP70: 14.8114 
UAV_SEQS_59 | mAP50:90: 52.6065 | AP50: 76.7599 | AP70: 57.9698 
UAV_SEQS_6 | mAP50:90: 42.6450 | AP50: 49.7076 | AP70: 44.6793 
UAV_SEQS_63 | mAP50:90: 35.2375 | AP50: 82.0630 | AP70: 23.7284 
UAV_SEQS_65 | mAP50:90: 81.9068 | AP50: 97.6913 | AP70: 92.7756 
UAV_SEQS_7 | mAP50:90: 66.7188 | AP50: 96.8624 | AP70: 66.5782 
UAV_SEQS_71 | mAP50:90: 71.4970 | AP50: 95.6378 | AP70: 74.1641 
UAV_SEQS_73 | mAP50:90: 52.9540 | AP50: 84.3378 | AP70: 60.1419 
UAV_SEQS_74 | mAP50:90: 93.7073 | AP50: 100.0000 | AP70: 100.0000 
UAV_SEQS_77 | mAP50:90: 16.0505 | AP50: 20.5999 | AP70: 20.5999 
UAV_SEQS_8 | mAP50:90: 64.1573 | AP50: 91.9444 | AP70: 76.7372 
Overall            | mAP50:95: 59.8958 | AP50: 80.9243 | AP70: 63.5445 
epoch 18, iter    1: loss: 0.0060 | load time: 0.0041 | back time: 0.6704 | lr: 0.00008658 | best AP50 acc: 0.8955 | best AP70 acc: 0.7571 | best mAP acc: 0.7010 | best mAR acc: 0.7822 | best Score: 0.7010 | best Score epoch:  9 
epoch 18, iter   51: loss: 0.0059 | load time: 0.0003 | back time: 1.1607 | lr: 0.00008649 | best AP50 acc: 0.8955 | best AP70 acc: 0.7571 | best mAP acc: 0.7010 | best mAR acc: 0.7822 | best Score: 0.7010 | best Score epoch:  9 
epoch 18, iter  101: loss: 0.0065 | load time: 0.0002 | back time: 1.1637 | lr: 0.00008640 | best AP50 acc: 0.8955 | best AP70 acc: 0.7571 | best mAP acc: 0.7010 | best mAR acc: 0.7822 | best Score: 0.7010 | best Score epoch:  9 
epoch 18, iter  151: loss: 0.0060 | load time: 0.0003 | back time: 1.1814 | lr: 0.00008630 | best AP50 acc: 0.8955 | best AP70 acc: 0.7571 | best mAP acc: 0.7010 | best mAR acc: 0.7822 | best Score: 0.7010 | best Score epoch:  9 
epoch 18, iter  201: loss: 0.0064 | load time: 0.0002 | back time: 1.1914 | lr: 0.00008621 | best AP50 acc: 0.8955 | best AP70 acc: 0.7571 | best mAP acc: 0.7010 | best mAR acc: 0.7822 | best Score: 0.7010 | best Score epoch:  9 
epoch 18, iter  251: loss: 0.0067 | load time: 0.0003 | back time: 1.1556 | lr: 0.00008612 | best AP50 acc: 0.8955 | best AP70 acc: 0.7571 | best mAP acc: 0.7010 | best mAR acc: 0.7822 | best Score: 0.7010 | best Score epoch:  9 
epoch 18, iter  301: loss: 0.0066 | load time: 0.0003 | back time: 1.1427 | lr: 0.00008602 | best AP50 acc: 0.8955 | best AP70 acc: 0.7571 | best mAP acc: 0.7010 | best mAR acc: 0.7822 | best Score: 0.7010 | best Score epoch:  9 
epoch 18, iter  351: loss: 0.0069 | load time: 0.0002 | back time: 1.1694 | lr: 0.00008593 | best AP50 acc: 0.8955 | best AP70 acc: 0.7571 | best mAP acc: 0.7010 | best mAR acc: 0.7822 | best Score: 0.7010 | best Score epoch:  9 
epoch 18, iter  401: loss: 0.0063 | load time: 0.0004 | back time: 1.2591 | lr: 0.00008583 | best AP50 acc: 0.8955 | best AP70 acc: 0.7571 | best mAP acc: 0.7010 | best mAR acc: 0.7822 | best Score: 0.7010 | best Score epoch:  9 
epoch 18, iter  451: loss: 0.0060 | load time: 0.0003 | back time: 1.1704 | lr: 0.00008574 | best AP50 acc: 0.8955 | best AP70 acc: 0.7571 | best mAP acc: 0.7010 | best mAR acc: 0.7822 | best Score: 0.7010 | best Score epoch:  9 
epoch 18, iter  501: loss: 0.0059 | load time: 0.0002 | back time: 1.1633 | lr: 0.00008564 | best AP50 acc: 0.8955 | best AP70 acc: 0.7571 | best mAP acc: 0.7010 | best mAR acc: 0.7822 | best Score: 0.7010 | best Score epoch:  9 
epoch 18, iter  551: loss: 0.0061 | load time: 0.0002 | back time: 1.1647 | lr: 0.00008555 | best AP50 acc: 0.8955 | best AP70 acc: 0.7571 | best mAP acc: 0.7010 | best mAR acc: 0.7822 | best Score: 0.7010 | best Score epoch:  9 
epoch 18, iter  601: loss: 0.0060 | load time: 0.0004 | back time: 1.1612 | lr: 0.00008545 | best AP50 acc: 0.8955 | best AP70 acc: 0.7571 | best mAP acc: 0.7010 | best mAR acc: 0.7822 | best Score: 0.7010 | best Score epoch:  9 
epoch 18, iter  651: loss: 0.0067 | load time: 0.0002 | back time: 1.1638 | lr: 0.00008536 | best AP50 acc: 0.8955 | best AP70 acc: 0.7571 | best mAP acc: 0.7010 | best mAR acc: 0.7822 | best Score: 0.7010 | best Score epoch:  9 
epoch 18, iter  701: loss: 0.0062 | load time: 0.0002 | back time: 1.1567 | lr: 0.00008526 | best AP50 acc: 0.8955 | best AP70 acc: 0.7571 | best mAP acc: 0.7010 | best mAR acc: 0.7822 | best Score: 0.7010 | best Score epoch:  9 
epoch 18, iter  751: loss: 0.0065 | load time: 0.0002 | back time: 1.1539 | lr: 0.00008517 | best AP50 acc: 0.8955 | best AP70 acc: 0.7571 | best mAP acc: 0.7010 | best mAR acc: 0.7822 | best Score: 0.7010 | best Score epoch:  9 
epoch 18, iter  801: loss: 0.0058 | load time: 0.0003 | back time: 1.1702 | lr: 0.00008507 | best AP50 acc: 0.8955 | best AP70 acc: 0.7571 | best mAP acc: 0.7010 | best mAR acc: 0.7822 | best Score: 0.7010 | best Score epoch:  9 
epoch 18, iter  851: loss: 0.0061 | load time: 0.0002 | back time: 1.1643 | lr: 0.00008497 | best AP50 acc: 0.8955 | best AP70 acc: 0.7571 | best mAP acc: 0.7010 | best mAR acc: 0.7822 | best Score: 0.7010 | best Score epoch:  9 
epoch 18, iter  901: loss: 0.0133 | load time: 0.0003 | back time: 1.1635 | lr: 0.00008488 | best AP50 acc: 0.8955 | best AP70 acc: 0.7571 | best mAP acc: 0.7010 | best mAR acc: 0.7822 | best Score: 0.7010 | best Score epoch:  9 
epoch 18, iter  951: loss: 0.0060 | load time: 0.0002 | back time: 1.1630 | lr: 0.00008478 | best AP50 acc: 0.8955 | best AP70 acc: 0.7571 | best mAP acc: 0.7010 | best mAR acc: 0.7822 | best Score: 0.7010 | best Score epoch:  9 
epoch 18, iter 1001: loss: 0.0066 | load time: 0.0002 | back time: 1.1568 | lr: 0.00008468 | best AP50 acc: 0.8955 | best AP70 acc: 0.7571 | best mAP acc: 0.7010 | best mAR acc: 0.7822 | best Score: 0.7010 | best Score epoch:  9 
epoch 18, iter 1051: loss: 0.0054 | load time: 0.0002 | back time: 1.1634 | lr: 0.00008458 | best AP50 acc: 0.8955 | best AP70 acc: 0.7571 | best mAP acc: 0.7010 | best mAR acc: 0.7822 | best Score: 0.7010 | best Score epoch:  9 
epoch 18, iter 1101: loss: 0.0059 | load time: 0.0002 | back time: 1.1447 | lr: 0.00008449 | best AP50 acc: 0.8955 | best AP70 acc: 0.7571 | best mAP acc: 0.7010 | best mAR acc: 0.7822 | best Score: 0.7010 | best Score epoch:  9 
epoch 18, iter 1151: loss: 0.0067 | load time: 0.0001 | back time: 1.1751 | lr: 0.00008439 | best AP50 acc: 0.8955 | best AP70 acc: 0.7571 | best mAP acc: 0.7010 | best mAR acc: 0.7822 | best Score: 0.7010 | best Score epoch:  9 
UAV_SEQS_2 | mAP50:90: 14.4478 | AP50: 31.8645 | AP70: 12.5680 
UAV_SEQS_37 | mAP50:90: 78.9998 | AP50: 100.0000 | AP70: 83.2729 
UAV_SEQS_45 | mAP50:90: 84.5572 | AP50: 100.0000 | AP70: 96.7077 
UAV_SEQS_47 | mAP50:90: 94.5188 | AP50: 100.0000 | AP70: 100.0000 
UAV_SEQS_55 | mAP50:90: 32.3265 | AP50: 64.0707 | AP70: 33.4405 
UAV_SEQS_59 | mAP50:90: 61.3878 | AP50: 85.1894 | AP70: 65.6040 
UAV_SEQS_6 | mAP50:90: 16.3343 | AP50: 23.3076 | AP70: 17.2438 
UAV_SEQS_63 | mAP50:90: 79.0111 | AP50: 100.0000 | AP70: 92.1666 
UAV_SEQS_65 | mAP50:90: 87.4253 | AP50: 96.4576 | AP70: 92.0351 
UAV_SEQS_7 | mAP50:90: 41.5403 | AP50: 83.3196 | AP70: 29.2149 
UAV_SEQS_71 | mAP50:90: 75.5918 | AP50: 94.9607 | AP70: 84.4058 
UAV_SEQS_73 | mAP50:90: 51.4680 | AP50: 81.4258 | AP70: 61.0607 
UAV_SEQS_74 | mAP50:90: 87.2994 | AP50: 100.0000 | AP70: 100.0000 
UAV_SEQS_77 | mAP50:90: 29.8624 | AP50: 33.6634 | AP70: 33.6634 
UAV_SEQS_8 | mAP50:90: 58.7394 | AP50: 89.9206 | AP70: 71.6399 
Overall            | mAP50:95: 60.0698 | AP50: 80.3009 | AP70: 65.4310 
epoch 19, iter    1: loss: 0.0057 | load time: 0.0026 | back time: 0.7605 | lr: 0.00008438 | best AP50 acc: 0.8955 | best AP70 acc: 0.7571 | best mAP acc: 0.7010 | best mAR acc: 0.7822 | best Score: 0.7010 | best Score epoch:  9 
epoch 19, iter   51: loss: 0.0060 | load time: 0.0003 | back time: 1.1652 | lr: 0.00008428 | best AP50 acc: 0.8955 | best AP70 acc: 0.7571 | best mAP acc: 0.7010 | best mAR acc: 0.7822 | best Score: 0.7010 | best Score epoch:  9 
epoch 19, iter  101: loss: 0.0056 | load time: 0.0002 | back time: 1.2594 | lr: 0.00008419 | best AP50 acc: 0.8955 | best AP70 acc: 0.7571 | best mAP acc: 0.7010 | best mAR acc: 0.7822 | best Score: 0.7010 | best Score epoch:  9 
epoch 19, iter  151: loss: 0.0062 | load time: 0.0004 | back time: 1.1735 | lr: 0.00008409 | best AP50 acc: 0.8955 | best AP70 acc: 0.7571 | best mAP acc: 0.7010 | best mAR acc: 0.7822 | best Score: 0.7010 | best Score epoch:  9 
epoch 19, iter  201: loss: 0.0060 | load time: 0.0002 | back time: 1.1702 | lr: 0.00008399 | best AP50 acc: 0.8955 | best AP70 acc: 0.7571 | best mAP acc: 0.7010 | best mAR acc: 0.7822 | best Score: 0.7010 | best Score epoch:  9 
epoch 19, iter  251: loss: 0.0054 | load time: 0.0002 | back time: 1.1939 | lr: 0.00008389 | best AP50 acc: 0.8955 | best AP70 acc: 0.7571 | best mAP acc: 0.7010 | best mAR acc: 0.7822 | best Score: 0.7010 | best Score epoch:  9 
epoch 19, iter  301: loss: 0.0059 | load time: 0.0002 | back time: 1.1617 | lr: 0.00008379 | best AP50 acc: 0.8955 | best AP70 acc: 0.7571 | best mAP acc: 0.7010 | best mAR acc: 0.7822 | best Score: 0.7010 | best Score epoch:  9 
epoch 19, iter  351: loss: 0.0064 | load time: 0.0002 | back time: 1.1521 | lr: 0.00008369 | best AP50 acc: 0.8955 | best AP70 acc: 0.7571 | best mAP acc: 0.7010 | best mAR acc: 0.7822 | best Score: 0.7010 | best Score epoch:  9 
epoch 19, iter  401: loss: 0.0061 | load time: 0.0002 | back time: 1.1720 | lr: 0.00008359 | best AP50 acc: 0.8955 | best AP70 acc: 0.7571 | best mAP acc: 0.7010 | best mAR acc: 0.7822 | best Score: 0.7010 | best Score epoch:  9 
epoch 19, iter  451: loss: 0.0061 | load time: 0.0003 | back time: 1.1714 | lr: 0.00008349 | best AP50 acc: 0.8955 | best AP70 acc: 0.7571 | best mAP acc: 0.7010 | best mAR acc: 0.7822 | best Score: 0.7010 | best Score epoch:  9 
epoch 19, iter  501: loss: 0.0059 | load time: 0.0002 | back time: 1.1772 | lr: 0.00008339 | best AP50 acc: 0.8955 | best AP70 acc: 0.7571 | best mAP acc: 0.7010 | best mAR acc: 0.7822 | best Score: 0.7010 | best Score epoch:  9 
epoch 19, iter  551: loss: 0.0060 | load time: 0.0003 | back time: 1.1814 | lr: 0.00008329 | best AP50 acc: 0.8955 | best AP70 acc: 0.7571 | best mAP acc: 0.7010 | best mAR acc: 0.7822 | best Score: 0.7010 | best Score epoch:  9 
epoch 19, iter  601: loss: 0.0063 | load time: 0.0002 | back time: 1.1758 | lr: 0.00008318 | best AP50 acc: 0.8955 | best AP70 acc: 0.7571 | best mAP acc: 0.7010 | best mAR acc: 0.7822 | best Score: 0.7010 | best Score epoch:  9 
epoch 19, iter  651: loss: 0.0058 | load time: 0.0001 | back time: 1.1713 | lr: 0.00008308 | best AP50 acc: 0.8955 | best AP70 acc: 0.7571 | best mAP acc: 0.7010 | best mAR acc: 0.7822 | best Score: 0.7010 | best Score epoch:  9 
epoch 19, iter  701: loss: 0.0059 | load time: 0.0002 | back time: 1.1649 | lr: 0.00008298 | best AP50 acc: 0.8955 | best AP70 acc: 0.7571 | best mAP acc: 0.7010 | best mAR acc: 0.7822 | best Score: 0.7010 | best Score epoch:  9 
epoch 19, iter  751: loss: 0.0065 | load time: 0.0001 | back time: 1.1618 | lr: 0.00008288 | best AP50 acc: 0.8955 | best AP70 acc: 0.7571 | best mAP acc: 0.7010 | best mAR acc: 0.7822 | best Score: 0.7010 | best Score epoch:  9 
epoch 19, iter  801: loss: 0.0077 | load time: 0.0002 | back time: 1.1717 | lr: 0.00008278 | best AP50 acc: 0.8955 | best AP70 acc: 0.7571 | best mAP acc: 0.7010 | best mAR acc: 0.7822 | best Score: 0.7010 | best Score epoch:  9 
epoch 19, iter  851: loss: 0.0056 | load time: 0.0003 | back time: 1.2040 | lr: 0.00008267 | best AP50 acc: 0.8955 | best AP70 acc: 0.7571 | best mAP acc: 0.7010 | best mAR acc: 0.7822 | best Score: 0.7010 | best Score epoch:  9 
epoch 19, iter  901: loss: 0.0063 | load time: 0.0002 | back time: 1.1792 | lr: 0.00008257 | best AP50 acc: 0.8955 | best AP70 acc: 0.7571 | best mAP acc: 0.7010 | best mAR acc: 0.7822 | best Score: 0.7010 | best Score epoch:  9 
epoch 19, iter  951: loss: 0.0072 | load time: 0.0002 | back time: 1.1677 | lr: 0.00008247 | best AP50 acc: 0.8955 | best AP70 acc: 0.7571 | best mAP acc: 0.7010 | best mAR acc: 0.7822 | best Score: 0.7010 | best Score epoch:  9 
epoch 19, iter 1001: loss: 0.0063 | load time: 0.0002 | back time: 1.1650 | lr: 0.00008237 | best AP50 acc: 0.8955 | best AP70 acc: 0.7571 | best mAP acc: 0.7010 | best mAR acc: 0.7822 | best Score: 0.7010 | best Score epoch:  9 
epoch 19, iter 1051: loss: 0.0059 | load time: 0.0003 | back time: 1.1540 | lr: 0.00008226 | best AP50 acc: 0.8955 | best AP70 acc: 0.7571 | best mAP acc: 0.7010 | best mAR acc: 0.7822 | best Score: 0.7010 | best Score epoch:  9 
epoch 19, iter 1101: loss: 0.0061 | load time: 0.0002 | back time: 1.1452 | lr: 0.00008216 | best AP50 acc: 0.8955 | best AP70 acc: 0.7571 | best mAP acc: 0.7010 | best mAR acc: 0.7822 | best Score: 0.7010 | best Score epoch:  9 
epoch 19, iter 1151: loss: 0.0056 | load time: 0.0003 | back time: 1.1725 | lr: 0.00008205 | best AP50 acc: 0.8955 | best AP70 acc: 0.7571 | best mAP acc: 0.7010 | best mAR acc: 0.7822 | best Score: 0.7010 | best Score epoch:  9 
UAV_SEQS_2 | mAP50:90: 20.5974 | AP50: 38.6586 | AP70: 19.6962 
UAV_SEQS_37 | mAP50:90: 71.0173 | AP50: 97.6857 | AP70: 77.3819 
UAV_SEQS_45 | mAP50:90: 92.5980 | AP50: 100.0000 | AP70: 100.0000 
UAV_SEQS_47 | mAP50:90: 99.8618 | AP50: 100.0000 | AP70: 100.0000 
UAV_SEQS_55 | mAP50:90: 32.0395 | AP50: 65.2278 | AP70: 29.8306 
UAV_SEQS_59 | mAP50:90: 56.0613 | AP50: 82.2693 | AP70: 60.4445 
UAV_SEQS_6 | mAP50:90: 28.0687 | AP50: 41.0346 | AP70: 28.2918 
UAV_SEQS_63 | mAP50:90: 68.8212 | AP50: 96.4686 | AP70: 80.5188 
UAV_SEQS_65 | mAP50:90: 84.0630 | AP50: 94.4028 | AP70: 92.1995 
UAV_SEQS_7 | mAP50:90: 52.2696 | AP50: 92.3251 | AP70: 45.3655 
UAV_SEQS_71 | mAP50:90: 60.2246 | AP50: 90.6610 | AP70: 62.9687 
UAV_SEQS_73 | mAP50:90: 50.3930 | AP50: 84.5940 | AP70: 59.9714 
UAV_SEQS_74 | mAP50:90: 85.2994 | AP50: 100.0000 | AP70: 100.0000 
UAV_SEQS_77 | mAP50:90: 28.5165 | AP50: 31.4848 | AP70: 31.4848 
UAV_SEQS_8 | mAP50:90: 37.4245 | AP50: 74.3736 | AP70: 34.1190 
Overall            | mAP50:95: 59.5717 | AP50: 81.5339 | AP70: 64.0082 
