epoch  1, iter    1: loss: 0.6834 | load time: 0.1113 | back time: 2.1862 | lr: 0.00000012 | best AP50 acc: 0.0000 | best AP70 acc: 0.0000 | best mAP acc: 0.0000 | best mAR acc: 0.0000 | best Score: 0.0000 | best Score epoch: -1 
epoch  1, iter   51: loss: 0.5013 | load time: 0.0002 | back time: 1.2159 | lr: 0.00000098 | best AP50 acc: 0.0000 | best AP70 acc: 0.0000 | best mAP acc: 0.0000 | best mAR acc: 0.0000 | best Score: 0.0000 | best Score epoch: -1 
epoch  1, iter  101: loss: 0.3174 | load time: 0.0001 | back time: 1.1477 | lr: 0.00000185 | best AP50 acc: 0.0000 | best AP70 acc: 0.0000 | best mAP acc: 0.0000 | best mAR acc: 0.0000 | best Score: 0.0000 | best Score epoch: -1 
epoch  1, iter  151: loss: 0.1335 | load time: 0.0003 | back time: 1.1497 | lr: 0.00000272 | best AP50 acc: 0.0000 | best AP70 acc: 0.0000 | best mAP acc: 0.0000 | best mAR acc: 0.0000 | best Score: 0.0000 | best Score epoch: -1 
epoch  1, iter  201: loss: 0.0775 | load time: 0.0002 | back time: 1.1531 | lr: 0.00000359 | best AP50 acc: 0.0000 | best AP70 acc: 0.0000 | best mAP acc: 0.0000 | best mAR acc: 0.0000 | best Score: 0.0000 | best Score epoch: -1 
epoch  1, iter  251: loss: 0.0613 | load time: 0.0002 | back time: 1.1542 | lr: 0.00000445 | best AP50 acc: 0.0000 | best AP70 acc: 0.0000 | best mAP acc: 0.0000 | best mAR acc: 0.0000 | best Score: 0.0000 | best Score epoch: -1 
epoch  1, iter  301: loss: 0.0444 | load time: 0.0002 | back time: 1.1593 | lr: 0.00000532 | best AP50 acc: 0.0000 | best AP70 acc: 0.0000 | best mAP acc: 0.0000 | best mAR acc: 0.0000 | best Score: 0.0000 | best Score epoch: -1 
epoch  1, iter  351: loss: 0.0409 | load time: 0.0002 | back time: 1.1508 | lr: 0.00000619 | best AP50 acc: 0.0000 | best AP70 acc: 0.0000 | best mAP acc: 0.0000 | best mAR acc: 0.0000 | best Score: 0.0000 | best Score epoch: -1 
epoch  1, iter  401: loss: 0.0317 | load time: 0.0002 | back time: 1.1494 | lr: 0.00000705 | best AP50 acc: 0.0000 | best AP70 acc: 0.0000 | best mAP acc: 0.0000 | best mAR acc: 0.0000 | best Score: 0.0000 | best Score epoch: -1 
epoch  1, iter  451: loss: 0.0281 | load time: 0.0002 | back time: 1.2027 | lr: 0.00000792 | best AP50 acc: 0.0000 | best AP70 acc: 0.0000 | best mAP acc: 0.0000 | best mAR acc: 0.0000 | best Score: 0.0000 | best Score epoch: -1 
epoch  1, iter  501: loss: 0.0253 | load time: 0.0001 | back time: 1.1459 | lr: 0.00000879 | best AP50 acc: 0.0000 | best AP70 acc: 0.0000 | best mAP acc: 0.0000 | best mAR acc: 0.0000 | best Score: 0.0000 | best Score epoch: -1 
epoch  1, iter  551: loss: 0.0238 | load time: 0.0002 | back time: 1.1468 | lr: 0.00000966 | best AP50 acc: 0.0000 | best AP70 acc: 0.0000 | best mAP acc: 0.0000 | best mAR acc: 0.0000 | best Score: 0.0000 | best Score epoch: -1 
epoch  1, iter  601: loss: 0.0219 | load time: 0.0002 | back time: 1.1554 | lr: 0.00001052 | best AP50 acc: 0.0000 | best AP70 acc: 0.0000 | best mAP acc: 0.0000 | best mAR acc: 0.0000 | best Score: 0.0000 | best Score epoch: -1 
epoch  1, iter  651: loss: 0.0205 | load time: 0.0003 | back time: 1.1527 | lr: 0.00001139 | best AP50 acc: 0.0000 | best AP70 acc: 0.0000 | best mAP acc: 0.0000 | best mAR acc: 0.0000 | best Score: 0.0000 | best Score epoch: -1 
epoch  1, iter  701: loss: 0.0193 | load time: 0.0002 | back time: 1.1516 | lr: 0.00001226 | best AP50 acc: 0.0000 | best AP70 acc: 0.0000 | best mAP acc: 0.0000 | best mAR acc: 0.0000 | best Score: 0.0000 | best Score epoch: -1 
epoch  1, iter  751: loss: 0.0167 | load time: 0.0004 | back time: 1.1511 | lr: 0.00001313 | best AP50 acc: 0.0000 | best AP70 acc: 0.0000 | best mAP acc: 0.0000 | best mAR acc: 0.0000 | best Score: 0.0000 | best Score epoch: -1 
epoch  1, iter  801: loss: 0.0162 | load time: 0.0002 | back time: 1.1525 | lr: 0.00001399 | best AP50 acc: 0.0000 | best AP70 acc: 0.0000 | best mAP acc: 0.0000 | best mAR acc: 0.0000 | best Score: 0.0000 | best Score epoch: -1 
epoch  1, iter  851: loss: 0.0161 | load time: 0.0002 | back time: 1.1506 | lr: 0.00001486 | best AP50 acc: 0.0000 | best AP70 acc: 0.0000 | best mAP acc: 0.0000 | best mAR acc: 0.0000 | best Score: 0.0000 | best Score epoch: -1 
epoch  1, iter  901: loss: 0.0170 | load time: 0.0002 | back time: 1.1532 | lr: 0.00001573 | best AP50 acc: 0.0000 | best AP70 acc: 0.0000 | best mAP acc: 0.0000 | best mAR acc: 0.0000 | best Score: 0.0000 | best Score epoch: -1 
epoch  1, iter  951: loss: 0.0156 | load time: 0.0002 | back time: 1.1558 | lr: 0.00001659 | best AP50 acc: 0.0000 | best AP70 acc: 0.0000 | best mAP acc: 0.0000 | best mAR acc: 0.0000 | best Score: 0.0000 | best Score epoch: -1 
epoch  1, iter 1001: loss: 0.0170 | load time: 0.0002 | back time: 1.1560 | lr: 0.00001746 | best AP50 acc: 0.0000 | best AP70 acc: 0.0000 | best mAP acc: 0.0000 | best mAR acc: 0.0000 | best Score: 0.0000 | best Score epoch: -1 
epoch  1, iter 1051: loss: 0.0151 | load time: 0.0002 | back time: 1.1531 | lr: 0.00001833 | best AP50 acc: 0.0000 | best AP70 acc: 0.0000 | best mAP acc: 0.0000 | best mAR acc: 0.0000 | best Score: 0.0000 | best Score epoch: -1 
epoch  1, iter 1101: loss: 0.0123 | load time: 0.0003 | back time: 1.1923 | lr: 0.00001920 | best AP50 acc: 0.0000 | best AP70 acc: 0.0000 | best mAP acc: 0.0000 | best mAR acc: 0.0000 | best Score: 0.0000 | best Score epoch: -1 
epoch  1, iter 1151: loss: 0.0162 | load time: 0.0001 | back time: 1.1377 | lr: 0.00002006 | best AP50 acc: 0.0000 | best AP70 acc: 0.0000 | best mAP acc: 0.0000 | best mAR acc: 0.0000 | best Score: 0.0000 | best Score epoch: -1 
epoch  2, iter    1: loss: 0.0127 | load time: 0.0009 | back time: 0.6561 | lr: 0.00002010 | best AP50 acc: 0.0000 | best AP70 acc: 0.0000 | best mAP acc: 0.0000 | best mAR acc: 0.0000 | best Score: 0.0000 | best Score epoch: -1 
epoch  2, iter   51: loss: 0.0150 | load time: 0.0002 | back time: 1.1582 | lr: 0.00002096 | best AP50 acc: 0.0000 | best AP70 acc: 0.0000 | best mAP acc: 0.0000 | best mAR acc: 0.0000 | best Score: 0.0000 | best Score epoch: -1 
epoch  2, iter  101: loss: 0.0110 | load time: 0.0002 | back time: 1.1593 | lr: 0.00002183 | best AP50 acc: 0.0000 | best AP70 acc: 0.0000 | best mAP acc: 0.0000 | best mAR acc: 0.0000 | best Score: 0.0000 | best Score epoch: -1 
epoch  2, iter  151: loss: 0.0157 | load time: 0.0002 | back time: 1.2275 | lr: 0.00002270 | best AP50 acc: 0.0000 | best AP70 acc: 0.0000 | best mAP acc: 0.0000 | best mAR acc: 0.0000 | best Score: 0.0000 | best Score epoch: -1 
epoch  2, iter  201: loss: 0.0103 | load time: 0.0006 | back time: 1.1287 | lr: 0.00002357 | best AP50 acc: 0.0000 | best AP70 acc: 0.0000 | best mAP acc: 0.0000 | best mAR acc: 0.0000 | best Score: 0.0000 | best Score epoch: -1 
epoch  2, iter  251: loss: 0.0135 | load time: 0.0002 | back time: 1.1417 | lr: 0.00002443 | best AP50 acc: 0.0000 | best AP70 acc: 0.0000 | best mAP acc: 0.0000 | best mAR acc: 0.0000 | best Score: 0.0000 | best Score epoch: -1 
epoch  2, iter  301: loss: 0.0126 | load time: 0.0002 | back time: 1.1842 | lr: 0.00002530 | best AP50 acc: 0.0000 | best AP70 acc: 0.0000 | best mAP acc: 0.0000 | best mAR acc: 0.0000 | best Score: 0.0000 | best Score epoch: -1 
epoch  2, iter  351: loss: 0.0154 | load time: 0.0003 | back time: 1.1749 | lr: 0.00002617 | best AP50 acc: 0.0000 | best AP70 acc: 0.0000 | best mAP acc: 0.0000 | best mAR acc: 0.0000 | best Score: 0.0000 | best Score epoch: -1 
epoch  2, iter  401: loss: 0.0094 | load time: 0.0003 | back time: 1.1478 | lr: 0.00002703 | best AP50 acc: 0.0000 | best AP70 acc: 0.0000 | best mAP acc: 0.0000 | best mAR acc: 0.0000 | best Score: 0.0000 | best Score epoch: -1 
epoch  2, iter  451: loss: 0.0125 | load time: 0.0002 | back time: 1.1306 | lr: 0.00002790 | best AP50 acc: 0.0000 | best AP70 acc: 0.0000 | best mAP acc: 0.0000 | best mAR acc: 0.0000 | best Score: 0.0000 | best Score epoch: -1 
epoch  2, iter  501: loss: 0.0091 | load time: 0.0001 | back time: 1.1495 | lr: 0.00002877 | best AP50 acc: 0.0000 | best AP70 acc: 0.0000 | best mAP acc: 0.0000 | best mAR acc: 0.0000 | best Score: 0.0000 | best Score epoch: -1 
epoch  2, iter  551: loss: 0.0096 | load time: 0.0002 | back time: 1.1754 | lr: 0.00002964 | best AP50 acc: 0.0000 | best AP70 acc: 0.0000 | best mAP acc: 0.0000 | best mAR acc: 0.0000 | best Score: 0.0000 | best Score epoch: -1 
epoch  2, iter  601: loss: 0.0142 | load time: 0.0002 | back time: 1.2027 | lr: 0.00003050 | best AP50 acc: 0.0000 | best AP70 acc: 0.0000 | best mAP acc: 0.0000 | best mAR acc: 0.0000 | best Score: 0.0000 | best Score epoch: -1 
epoch  2, iter  651: loss: 0.0139 | load time: 0.0002 | back time: 1.1390 | lr: 0.00003137 | best AP50 acc: 0.0000 | best AP70 acc: 0.0000 | best mAP acc: 0.0000 | best mAR acc: 0.0000 | best Score: 0.0000 | best Score epoch: -1 
epoch  2, iter  701: loss: 0.0106 | load time: 0.0001 | back time: 1.1703 | lr: 0.00003224 | best AP50 acc: 0.0000 | best AP70 acc: 0.0000 | best mAP acc: 0.0000 | best mAR acc: 0.0000 | best Score: 0.0000 | best Score epoch: -1 
epoch  2, iter  751: loss: 0.0093 | load time: 0.0001 | back time: 1.1673 | lr: 0.00003311 | best AP50 acc: 0.0000 | best AP70 acc: 0.0000 | best mAP acc: 0.0000 | best mAR acc: 0.0000 | best Score: 0.0000 | best Score epoch: -1 
epoch  2, iter  801: loss: 0.0105 | load time: 0.0003 | back time: 1.1613 | lr: 0.00003397 | best AP50 acc: 0.0000 | best AP70 acc: 0.0000 | best mAP acc: 0.0000 | best mAR acc: 0.0000 | best Score: 0.0000 | best Score epoch: -1 
epoch  2, iter  851: loss: 0.0090 | load time: 0.0003 | back time: 1.1567 | lr: 0.00003484 | best AP50 acc: 0.0000 | best AP70 acc: 0.0000 | best mAP acc: 0.0000 | best mAR acc: 0.0000 | best Score: 0.0000 | best Score epoch: -1 
epoch  2, iter  901: loss: 0.0122 | load time: 0.0002 | back time: 1.1553 | lr: 0.00003571 | best AP50 acc: 0.0000 | best AP70 acc: 0.0000 | best mAP acc: 0.0000 | best mAR acc: 0.0000 | best Score: 0.0000 | best Score epoch: -1 
epoch  2, iter  951: loss: 0.0098 | load time: 0.0001 | back time: 1.1410 | lr: 0.00003657 | best AP50 acc: 0.0000 | best AP70 acc: 0.0000 | best mAP acc: 0.0000 | best mAR acc: 0.0000 | best Score: 0.0000 | best Score epoch: -1 
epoch  2, iter 1001: loss: 0.0074 | load time: 0.0002 | back time: 1.1554 | lr: 0.00003744 | best AP50 acc: 0.0000 | best AP70 acc: 0.0000 | best mAP acc: 0.0000 | best mAR acc: 0.0000 | best Score: 0.0000 | best Score epoch: -1 
epoch  2, iter 1051: loss: 0.0112 | load time: 0.0002 | back time: 1.1532 | lr: 0.00003831 | best AP50 acc: 0.0000 | best AP70 acc: 0.0000 | best mAP acc: 0.0000 | best mAR acc: 0.0000 | best Score: 0.0000 | best Score epoch: -1 
epoch  2, iter 1101: loss: 0.0097 | load time: 0.0004 | back time: 1.1538 | lr: 0.00003918 | best AP50 acc: 0.0000 | best AP70 acc: 0.0000 | best mAP acc: 0.0000 | best mAR acc: 0.0000 | best Score: 0.0000 | best Score epoch: -1 
epoch  2, iter 1151: loss: 0.0087 | load time: 0.0001 | back time: 1.1567 | lr: 0.00004004 | best AP50 acc: 0.0000 | best AP70 acc: 0.0000 | best mAP acc: 0.0000 | best mAR acc: 0.0000 | best Score: 0.0000 | best Score epoch: -1 
epoch  3, iter    1: loss: 0.0087 | load time: 0.0004 | back time: 0.6599 | lr: 0.00004008 | best AP50 acc: 0.0000 | best AP70 acc: 0.0000 | best mAP acc: 0.0000 | best mAR acc: 0.0000 | best Score: 0.0000 | best Score epoch: -1 
epoch  3, iter   51: loss: 0.0104 | load time: 0.0002 | back time: 1.1621 | lr: 0.00004094 | best AP50 acc: 0.0000 | best AP70 acc: 0.0000 | best mAP acc: 0.0000 | best mAR acc: 0.0000 | best Score: 0.0000 | best Score epoch: -1 
epoch  3, iter  101: loss: 0.0079 | load time: 0.0002 | back time: 1.1661 | lr: 0.00004181 | best AP50 acc: 0.0000 | best AP70 acc: 0.0000 | best mAP acc: 0.0000 | best mAR acc: 0.0000 | best Score: 0.0000 | best Score epoch: -1 
epoch  3, iter  151: loss: 0.0087 | load time: 0.0003 | back time: 1.1570 | lr: 0.00004268 | best AP50 acc: 0.0000 | best AP70 acc: 0.0000 | best mAP acc: 0.0000 | best mAR acc: 0.0000 | best Score: 0.0000 | best Score epoch: -1 
epoch  3, iter  201: loss: 0.0095 | load time: 0.0001 | back time: 1.1630 | lr: 0.00004355 | best AP50 acc: 0.0000 | best AP70 acc: 0.0000 | best mAP acc: 0.0000 | best mAR acc: 0.0000 | best Score: 0.0000 | best Score epoch: -1 
epoch  3, iter  251: loss: 0.0115 | load time: 0.0001 | back time: 1.1682 | lr: 0.00004441 | best AP50 acc: 0.0000 | best AP70 acc: 0.0000 | best mAP acc: 0.0000 | best mAR acc: 0.0000 | best Score: 0.0000 | best Score epoch: -1 
epoch  3, iter  301: loss: 0.0117 | load time: 0.0002 | back time: 1.1634 | lr: 0.00004528 | best AP50 acc: 0.0000 | best AP70 acc: 0.0000 | best mAP acc: 0.0000 | best mAR acc: 0.0000 | best Score: 0.0000 | best Score epoch: -1 
epoch  3, iter  351: loss: 0.0091 | load time: 0.0002 | back time: 1.1578 | lr: 0.00004615 | best AP50 acc: 0.0000 | best AP70 acc: 0.0000 | best mAP acc: 0.0000 | best mAR acc: 0.0000 | best Score: 0.0000 | best Score epoch: -1 
epoch  3, iter  401: loss: 0.0114 | load time: 0.0002 | back time: 1.1569 | lr: 0.00004701 | best AP50 acc: 0.0000 | best AP70 acc: 0.0000 | best mAP acc: 0.0000 | best mAR acc: 0.0000 | best Score: 0.0000 | best Score epoch: -1 
epoch  3, iter  451: loss: 0.0074 | load time: 0.0002 | back time: 1.1640 | lr: 0.00004788 | best AP50 acc: 0.0000 | best AP70 acc: 0.0000 | best mAP acc: 0.0000 | best mAR acc: 0.0000 | best Score: 0.0000 | best Score epoch: -1 
epoch  3, iter  501: loss: 0.0095 | load time: 0.0002 | back time: 1.1821 | lr: 0.00004875 | best AP50 acc: 0.0000 | best AP70 acc: 0.0000 | best mAP acc: 0.0000 | best mAR acc: 0.0000 | best Score: 0.0000 | best Score epoch: -1 
epoch  3, iter  551: loss: 0.0098 | load time: 0.0001 | back time: 1.1433 | lr: 0.00004962 | best AP50 acc: 0.0000 | best AP70 acc: 0.0000 | best mAP acc: 0.0000 | best mAR acc: 0.0000 | best Score: 0.0000 | best Score epoch: -1 
epoch  3, iter  601: loss: 0.0096 | load time: 0.0004 | back time: 1.1549 | lr: 0.00005048 | best AP50 acc: 0.0000 | best AP70 acc: 0.0000 | best mAP acc: 0.0000 | best mAR acc: 0.0000 | best Score: 0.0000 | best Score epoch: -1 
epoch  3, iter  651: loss: 0.0119 | load time: 0.0002 | back time: 1.1558 | lr: 0.00005135 | best AP50 acc: 0.0000 | best AP70 acc: 0.0000 | best mAP acc: 0.0000 | best mAR acc: 0.0000 | best Score: 0.0000 | best Score epoch: -1 
epoch  3, iter  701: loss: 0.0078 | load time: 0.0002 | back time: 1.1574 | lr: 0.00005222 | best AP50 acc: 0.0000 | best AP70 acc: 0.0000 | best mAP acc: 0.0000 | best mAR acc: 0.0000 | best Score: 0.0000 | best Score epoch: -1 
epoch  3, iter  751: loss: 0.0071 | load time: 0.0003 | back time: 1.1577 | lr: 0.00005309 | best AP50 acc: 0.0000 | best AP70 acc: 0.0000 | best mAP acc: 0.0000 | best mAR acc: 0.0000 | best Score: 0.0000 | best Score epoch: -1 
epoch  3, iter  801: loss: 0.0077 | load time: 0.0002 | back time: 1.1590 | lr: 0.00005395 | best AP50 acc: 0.0000 | best AP70 acc: 0.0000 | best mAP acc: 0.0000 | best mAR acc: 0.0000 | best Score: 0.0000 | best Score epoch: -1 
epoch  3, iter  851: loss: 0.0087 | load time: 0.0003 | back time: 1.1581 | lr: 0.00005482 | best AP50 acc: 0.0000 | best AP70 acc: 0.0000 | best mAP acc: 0.0000 | best mAR acc: 0.0000 | best Score: 0.0000 | best Score epoch: -1 
epoch  3, iter  901: loss: 0.0114 | load time: 0.0003 | back time: 1.1673 | lr: 0.00005569 | best AP50 acc: 0.0000 | best AP70 acc: 0.0000 | best mAP acc: 0.0000 | best mAR acc: 0.0000 | best Score: 0.0000 | best Score epoch: -1 
epoch  3, iter  951: loss: 0.0107 | load time: 0.0001 | back time: 1.1682 | lr: 0.00005655 | best AP50 acc: 0.0000 | best AP70 acc: 0.0000 | best mAP acc: 0.0000 | best mAR acc: 0.0000 | best Score: 0.0000 | best Score epoch: -1 
epoch  3, iter 1001: loss: 0.0070 | load time: 0.0001 | back time: 1.1432 | lr: 0.00005742 | best AP50 acc: 0.0000 | best AP70 acc: 0.0000 | best mAP acc: 0.0000 | best mAR acc: 0.0000 | best Score: 0.0000 | best Score epoch: -1 
epoch  3, iter 1051: loss: 0.0071 | load time: 0.0002 | back time: 1.1459 | lr: 0.00005829 | best AP50 acc: 0.0000 | best AP70 acc: 0.0000 | best mAP acc: 0.0000 | best mAR acc: 0.0000 | best Score: 0.0000 | best Score epoch: -1 
epoch  3, iter 1101: loss: 0.0068 | load time: 0.0002 | back time: 1.1585 | lr: 0.00005916 | best AP50 acc: 0.0000 | best AP70 acc: 0.0000 | best mAP acc: 0.0000 | best mAR acc: 0.0000 | best Score: 0.0000 | best Score epoch: -1 
epoch  3, iter 1151: loss: 0.0131 | load time: 0.0001 | back time: 1.1607 | lr: 0.00006002 | best AP50 acc: 0.0000 | best AP70 acc: 0.0000 | best mAP acc: 0.0000 | best mAR acc: 0.0000 | best Score: 0.0000 | best Score epoch: -1 
epoch  4, iter    1: loss: 0.0081 | load time: 0.0005 | back time: 0.5733 | lr: 0.00006006 | best AP50 acc: 0.0000 | best AP70 acc: 0.0000 | best mAP acc: 0.0000 | best mAR acc: 0.0000 | best Score: 0.0000 | best Score epoch: -1 
epoch  4, iter   51: loss: 0.0107 | load time: 0.0002 | back time: 1.1702 | lr: 0.00006092 | best AP50 acc: 0.0000 | best AP70 acc: 0.0000 | best mAP acc: 0.0000 | best mAR acc: 0.0000 | best Score: 0.0000 | best Score epoch: -1 
epoch  4, iter  101: loss: 0.0070 | load time: 0.0003 | back time: 1.1287 | lr: 0.00006179 | best AP50 acc: 0.0000 | best AP70 acc: 0.0000 | best mAP acc: 0.0000 | best mAR acc: 0.0000 | best Score: 0.0000 | best Score epoch: -1 
epoch  4, iter  151: loss: 0.0125 | load time: 0.0002 | back time: 1.2299 | lr: 0.00006266 | best AP50 acc: 0.0000 | best AP70 acc: 0.0000 | best mAP acc: 0.0000 | best mAR acc: 0.0000 | best Score: 0.0000 | best Score epoch: -1 
epoch  4, iter  201: loss: 0.0072 | load time: 0.0002 | back time: 1.1363 | lr: 0.00006353 | best AP50 acc: 0.0000 | best AP70 acc: 0.0000 | best mAP acc: 0.0000 | best mAR acc: 0.0000 | best Score: 0.0000 | best Score epoch: -1 
epoch  4, iter  251: loss: 0.0070 | load time: 0.0002 | back time: 1.1456 | lr: 0.00006439 | best AP50 acc: 0.0000 | best AP70 acc: 0.0000 | best mAP acc: 0.0000 | best mAR acc: 0.0000 | best Score: 0.0000 | best Score epoch: -1 
epoch  4, iter  301: loss: 0.0074 | load time: 0.0002 | back time: 1.1295 | lr: 0.00006526 | best AP50 acc: 0.0000 | best AP70 acc: 0.0000 | best mAP acc: 0.0000 | best mAR acc: 0.0000 | best Score: 0.0000 | best Score epoch: -1 
epoch  4, iter  351: loss: 0.0073 | load time: 0.0002 | back time: 1.1315 | lr: 0.00006613 | best AP50 acc: 0.0000 | best AP70 acc: 0.0000 | best mAP acc: 0.0000 | best mAR acc: 0.0000 | best Score: 0.0000 | best Score epoch: -1 
epoch  4, iter  401: loss: 0.0098 | load time: 0.0002 | back time: 1.1442 | lr: 0.00006699 | best AP50 acc: 0.0000 | best AP70 acc: 0.0000 | best mAP acc: 0.0000 | best mAR acc: 0.0000 | best Score: 0.0000 | best Score epoch: -1 
epoch  4, iter  451: loss: 0.0077 | load time: 0.0003 | back time: 1.1437 | lr: 0.00006786 | best AP50 acc: 0.0000 | best AP70 acc: 0.0000 | best mAP acc: 0.0000 | best mAR acc: 0.0000 | best Score: 0.0000 | best Score epoch: -1 
epoch  4, iter  501: loss: 0.0082 | load time: 0.0002 | back time: 1.1495 | lr: 0.00006873 | best AP50 acc: 0.0000 | best AP70 acc: 0.0000 | best mAP acc: 0.0000 | best mAR acc: 0.0000 | best Score: 0.0000 | best Score epoch: -1 
epoch  4, iter  551: loss: 0.0075 | load time: 0.0002 | back time: 1.2236 | lr: 0.00006960 | best AP50 acc: 0.0000 | best AP70 acc: 0.0000 | best mAP acc: 0.0000 | best mAR acc: 0.0000 | best Score: 0.0000 | best Score epoch: -1 
epoch  4, iter  601: loss: 0.0064 | load time: 0.0004 | back time: 1.1549 | lr: 0.00007046 | best AP50 acc: 0.0000 | best AP70 acc: 0.0000 | best mAP acc: 0.0000 | best mAR acc: 0.0000 | best Score: 0.0000 | best Score epoch: -1 
epoch  4, iter  651: loss: 0.0098 | load time: 0.0002 | back time: 1.1482 | lr: 0.00007133 | best AP50 acc: 0.0000 | best AP70 acc: 0.0000 | best mAP acc: 0.0000 | best mAR acc: 0.0000 | best Score: 0.0000 | best Score epoch: -1 
epoch  4, iter  701: loss: 0.0073 | load time: 0.0002 | back time: 1.1344 | lr: 0.00007220 | best AP50 acc: 0.0000 | best AP70 acc: 0.0000 | best mAP acc: 0.0000 | best mAR acc: 0.0000 | best Score: 0.0000 | best Score epoch: -1 
epoch  4, iter  751: loss: 0.0098 | load time: 0.0002 | back time: 1.1520 | lr: 0.00007307 | best AP50 acc: 0.0000 | best AP70 acc: 0.0000 | best mAP acc: 0.0000 | best mAR acc: 0.0000 | best Score: 0.0000 | best Score epoch: -1 
epoch  4, iter  801: loss: 0.0097 | load time: 0.0002 | back time: 1.1527 | lr: 0.00007393 | best AP50 acc: 0.0000 | best AP70 acc: 0.0000 | best mAP acc: 0.0000 | best mAR acc: 0.0000 | best Score: 0.0000 | best Score epoch: -1 
epoch  4, iter  851: loss: 0.0092 | load time: 0.0003 | back time: 1.1832 | lr: 0.00007480 | best AP50 acc: 0.0000 | best AP70 acc: 0.0000 | best mAP acc: 0.0000 | best mAR acc: 0.0000 | best Score: 0.0000 | best Score epoch: -1 
epoch  4, iter  901: loss: 0.0071 | load time: 0.0002 | back time: 1.1825 | lr: 0.00007567 | best AP50 acc: 0.0000 | best AP70 acc: 0.0000 | best mAP acc: 0.0000 | best mAR acc: 0.0000 | best Score: 0.0000 | best Score epoch: -1 
epoch  4, iter  951: loss: 0.0084 | load time: 0.0003 | back time: 1.1342 | lr: 0.00007653 | best AP50 acc: 0.0000 | best AP70 acc: 0.0000 | best mAP acc: 0.0000 | best mAR acc: 0.0000 | best Score: 0.0000 | best Score epoch: -1 
epoch  4, iter 1001: loss: 0.0070 | load time: 0.0002 | back time: 1.1502 | lr: 0.00007740 | best AP50 acc: 0.0000 | best AP70 acc: 0.0000 | best mAP acc: 0.0000 | best mAR acc: 0.0000 | best Score: 0.0000 | best Score epoch: -1 
epoch  4, iter 1051: loss: 0.0071 | load time: 0.0002 | back time: 1.1541 | lr: 0.00007827 | best AP50 acc: 0.0000 | best AP70 acc: 0.0000 | best mAP acc: 0.0000 | best mAR acc: 0.0000 | best Score: 0.0000 | best Score epoch: -1 
epoch  4, iter 1101: loss: 0.0095 | load time: 0.0002 | back time: 1.1544 | lr: 0.00007914 | best AP50 acc: 0.0000 | best AP70 acc: 0.0000 | best mAP acc: 0.0000 | best mAR acc: 0.0000 | best Score: 0.0000 | best Score epoch: -1 
epoch  4, iter 1151: loss: 0.0078 | load time: 0.0001 | back time: 1.1692 | lr: 0.00008000 | best AP50 acc: 0.0000 | best AP70 acc: 0.0000 | best mAP acc: 0.0000 | best mAR acc: 0.0000 | best Score: 0.0000 | best Score epoch: -1 
epoch  5, iter    1: loss: 0.0083 | load time: 0.0012 | back time: 0.5577 | lr: 0.00008004 | best AP50 acc: 0.0000 | best AP70 acc: 0.0000 | best mAP acc: 0.0000 | best mAR acc: 0.0000 | best Score: 0.0000 | best Score epoch: -1 
epoch  5, iter   51: loss: 0.0107 | load time: 0.0001 | back time: 1.1620 | lr: 0.00008090 | best AP50 acc: 0.0000 | best AP70 acc: 0.0000 | best mAP acc: 0.0000 | best mAR acc: 0.0000 | best Score: 0.0000 | best Score epoch: -1 
epoch  5, iter  101: loss: 0.0074 | load time: 0.0009 | back time: 1.1642 | lr: 0.00008177 | best AP50 acc: 0.0000 | best AP70 acc: 0.0000 | best mAP acc: 0.0000 | best mAR acc: 0.0000 | best Score: 0.0000 | best Score epoch: -1 
epoch  5, iter  151: loss: 0.0093 | load time: 0.0002 | back time: 1.1455 | lr: 0.00008264 | best AP50 acc: 0.0000 | best AP70 acc: 0.0000 | best mAP acc: 0.0000 | best mAR acc: 0.0000 | best Score: 0.0000 | best Score epoch: -1 
epoch  5, iter  201: loss: 0.0066 | load time: 0.0003 | back time: 1.1548 | lr: 0.00008351 | best AP50 acc: 0.0000 | best AP70 acc: 0.0000 | best mAP acc: 0.0000 | best mAR acc: 0.0000 | best Score: 0.0000 | best Score epoch: -1 
epoch  5, iter  251: loss: 0.0089 | load time: 0.0002 | back time: 1.1549 | lr: 0.00008437 | best AP50 acc: 0.0000 | best AP70 acc: 0.0000 | best mAP acc: 0.0000 | best mAR acc: 0.0000 | best Score: 0.0000 | best Score epoch: -1 
epoch  5, iter  301: loss: 0.0086 | load time: 0.0001 | back time: 1.1619 | lr: 0.00008524 | best AP50 acc: 0.0000 | best AP70 acc: 0.0000 | best mAP acc: 0.0000 | best mAR acc: 0.0000 | best Score: 0.0000 | best Score epoch: -1 
epoch  5, iter  351: loss: 0.0078 | load time: 0.0002 | back time: 1.1542 | lr: 0.00008611 | best AP50 acc: 0.0000 | best AP70 acc: 0.0000 | best mAP acc: 0.0000 | best mAR acc: 0.0000 | best Score: 0.0000 | best Score epoch: -1 
epoch  5, iter  401: loss: 0.0103 | load time: 0.0003 | back time: 1.2229 | lr: 0.00008697 | best AP50 acc: 0.0000 | best AP70 acc: 0.0000 | best mAP acc: 0.0000 | best mAR acc: 0.0000 | best Score: 0.0000 | best Score epoch: -1 
epoch  5, iter  451: loss: 0.0099 | load time: 0.0003 | back time: 1.1332 | lr: 0.00008784 | best AP50 acc: 0.0000 | best AP70 acc: 0.0000 | best mAP acc: 0.0000 | best mAR acc: 0.0000 | best Score: 0.0000 | best Score epoch: -1 
epoch  5, iter  501: loss: 0.0083 | load time: 0.0002 | back time: 1.1486 | lr: 0.00008871 | best AP50 acc: 0.0000 | best AP70 acc: 0.0000 | best mAP acc: 0.0000 | best mAR acc: 0.0000 | best Score: 0.0000 | best Score epoch: -1 
epoch  5, iter  551: loss: 0.0107 | load time: 0.0001 | back time: 1.1492 | lr: 0.00008958 | best AP50 acc: 0.0000 | best AP70 acc: 0.0000 | best mAP acc: 0.0000 | best mAR acc: 0.0000 | best Score: 0.0000 | best Score epoch: -1 
epoch  5, iter  601: loss: 0.0065 | load time: 0.0002 | back time: 1.1547 | lr: 0.00009044 | best AP50 acc: 0.0000 | best AP70 acc: 0.0000 | best mAP acc: 0.0000 | best mAR acc: 0.0000 | best Score: 0.0000 | best Score epoch: -1 
epoch  5, iter  651: loss: 0.0091 | load time: 0.0002 | back time: 1.1615 | lr: 0.00009131 | best AP50 acc: 0.0000 | best AP70 acc: 0.0000 | best mAP acc: 0.0000 | best mAR acc: 0.0000 | best Score: 0.0000 | best Score epoch: -1 
epoch  5, iter  701: loss: 0.0092 | load time: 0.0002 | back time: 1.1572 | lr: 0.00009218 | best AP50 acc: 0.0000 | best AP70 acc: 0.0000 | best mAP acc: 0.0000 | best mAR acc: 0.0000 | best Score: 0.0000 | best Score epoch: -1 
epoch  5, iter  751: loss: 0.0069 | load time: 0.0001 | back time: 1.1534 | lr: 0.00009305 | best AP50 acc: 0.0000 | best AP70 acc: 0.0000 | best mAP acc: 0.0000 | best mAR acc: 0.0000 | best Score: 0.0000 | best Score epoch: -1 
epoch  5, iter  801: loss: 0.0139 | load time: 0.0003 | back time: 1.1544 | lr: 0.00009391 | best AP50 acc: 0.0000 | best AP70 acc: 0.0000 | best mAP acc: 0.0000 | best mAR acc: 0.0000 | best Score: 0.0000 | best Score epoch: -1 
epoch  5, iter  851: loss: 0.0082 | load time: 0.0002 | back time: 1.1554 | lr: 0.00009478 | best AP50 acc: 0.0000 | best AP70 acc: 0.0000 | best mAP acc: 0.0000 | best mAR acc: 0.0000 | best Score: 0.0000 | best Score epoch: -1 
epoch  5, iter  901: loss: 0.0101 | load time: 0.0002 | back time: 1.1492 | lr: 0.00009565 | best AP50 acc: 0.0000 | best AP70 acc: 0.0000 | best mAP acc: 0.0000 | best mAR acc: 0.0000 | best Score: 0.0000 | best Score epoch: -1 
epoch  5, iter  951: loss: 0.0084 | load time: 0.0003 | back time: 1.1531 | lr: 0.00009651 | best AP50 acc: 0.0000 | best AP70 acc: 0.0000 | best mAP acc: 0.0000 | best mAR acc: 0.0000 | best Score: 0.0000 | best Score epoch: -1 
epoch  5, iter 1001: loss: 0.0092 | load time: 0.0002 | back time: 1.1496 | lr: 0.00009738 | best AP50 acc: 0.0000 | best AP70 acc: 0.0000 | best mAP acc: 0.0000 | best mAR acc: 0.0000 | best Score: 0.0000 | best Score epoch: -1 
epoch  5, iter 1051: loss: 0.0075 | load time: 0.0002 | back time: 1.1371 | lr: 0.00009825 | best AP50 acc: 0.0000 | best AP70 acc: 0.0000 | best mAP acc: 0.0000 | best mAR acc: 0.0000 | best Score: 0.0000 | best Score epoch: -1 
epoch  5, iter 1101: loss: 0.0065 | load time: 0.0002 | back time: 1.1527 | lr: 0.00009912 | best AP50 acc: 0.0000 | best AP70 acc: 0.0000 | best mAP acc: 0.0000 | best mAR acc: 0.0000 | best Score: 0.0000 | best Score epoch: -1 
epoch  5, iter 1151: loss: 0.0069 | load time: 0.0001 | back time: 1.2041 | lr: 0.00009998 | best AP50 acc: 0.0000 | best AP70 acc: 0.0000 | best mAP acc: 0.0000 | best mAR acc: 0.0000 | best Score: 0.0000 | best Score epoch: -1 
epoch  6, iter    1: loss: 0.0098 | load time: 0.0003 | back time: 0.6502 | lr: 0.00010000 | best AP50 acc: 0.0000 | best AP70 acc: 0.0000 | best mAP acc: 0.0000 | best mAR acc: 0.0000 | best Score: 0.0000 | best Score epoch: -1 
epoch  6, iter   51: loss: 0.0070 | load time: 0.0003 | back time: 1.1649 | lr: 0.00010000 | best AP50 acc: 0.0000 | best AP70 acc: 0.0000 | best mAP acc: 0.0000 | best mAR acc: 0.0000 | best Score: 0.0000 | best Score epoch: -1 
epoch  6, iter  101: loss: 0.0073 | load time: 0.0002 | back time: 1.1632 | lr: 0.00010000 | best AP50 acc: 0.0000 | best AP70 acc: 0.0000 | best mAP acc: 0.0000 | best mAR acc: 0.0000 | best Score: 0.0000 | best Score epoch: -1 
epoch  6, iter  151: loss: 0.0113 | load time: 0.0001 | back time: 1.1641 | lr: 0.00010000 | best AP50 acc: 0.0000 | best AP70 acc: 0.0000 | best mAP acc: 0.0000 | best mAR acc: 0.0000 | best Score: 0.0000 | best Score epoch: -1 
epoch  6, iter  201: loss: 0.0080 | load time: 0.0002 | back time: 1.1620 | lr: 0.00010000 | best AP50 acc: 0.0000 | best AP70 acc: 0.0000 | best mAP acc: 0.0000 | best mAR acc: 0.0000 | best Score: 0.0000 | best Score epoch: -1 
epoch  6, iter  251: loss: 0.0083 | load time: 0.0001 | back time: 1.1742 | lr: 0.00010000 | best AP50 acc: 0.0000 | best AP70 acc: 0.0000 | best mAP acc: 0.0000 | best mAR acc: 0.0000 | best Score: 0.0000 | best Score epoch: -1 
epoch  6, iter  301: loss: 0.0081 | load time: 0.0002 | back time: 1.1560 | lr: 0.00009999 | best AP50 acc: 0.0000 | best AP70 acc: 0.0000 | best mAP acc: 0.0000 | best mAR acc: 0.0000 | best Score: 0.0000 | best Score epoch: -1 
epoch  6, iter  351: loss: 0.0066 | load time: 0.0003 | back time: 1.1490 | lr: 0.00009999 | best AP50 acc: 0.0000 | best AP70 acc: 0.0000 | best mAP acc: 0.0000 | best mAR acc: 0.0000 | best Score: 0.0000 | best Score epoch: -1 
epoch  6, iter  401: loss: 0.0062 | load time: 0.0002 | back time: 1.2002 | lr: 0.00009999 | best AP50 acc: 0.0000 | best AP70 acc: 0.0000 | best mAP acc: 0.0000 | best mAR acc: 0.0000 | best Score: 0.0000 | best Score epoch: -1 
epoch  6, iter  451: loss: 0.0091 | load time: 0.0002 | back time: 1.1557 | lr: 0.00009999 | best AP50 acc: 0.0000 | best AP70 acc: 0.0000 | best mAP acc: 0.0000 | best mAR acc: 0.0000 | best Score: 0.0000 | best Score epoch: -1 
epoch  6, iter  501: loss: 0.0126 | load time: 0.0002 | back time: 1.1455 | lr: 0.00009998 | best AP50 acc: 0.0000 | best AP70 acc: 0.0000 | best mAP acc: 0.0000 | best mAR acc: 0.0000 | best Score: 0.0000 | best Score epoch: -1 
epoch  6, iter  551: loss: 0.0116 | load time: 0.0002 | back time: 1.1290 | lr: 0.00009998 | best AP50 acc: 0.0000 | best AP70 acc: 0.0000 | best mAP acc: 0.0000 | best mAR acc: 0.0000 | best Score: 0.0000 | best Score epoch: -1 
epoch  6, iter  601: loss: 0.0130 | load time: 0.0002 | back time: 1.1447 | lr: 0.00009997 | best AP50 acc: 0.0000 | best AP70 acc: 0.0000 | best mAP acc: 0.0000 | best mAR acc: 0.0000 | best Score: 0.0000 | best Score epoch: -1 
epoch  6, iter  651: loss: 0.0105 | load time: 0.0002 | back time: 1.1465 | lr: 0.00009997 | best AP50 acc: 0.0000 | best AP70 acc: 0.0000 | best mAP acc: 0.0000 | best mAR acc: 0.0000 | best Score: 0.0000 | best Score epoch: -1 
epoch  6, iter  701: loss: 0.0088 | load time: 0.0002 | back time: 1.1469 | lr: 0.00009996 | best AP50 acc: 0.0000 | best AP70 acc: 0.0000 | best mAP acc: 0.0000 | best mAR acc: 0.0000 | best Score: 0.0000 | best Score epoch: -1 
epoch  6, iter  751: loss: 0.0060 | load time: 0.0002 | back time: 1.1511 | lr: 0.00009996 | best AP50 acc: 0.0000 | best AP70 acc: 0.0000 | best mAP acc: 0.0000 | best mAR acc: 0.0000 | best Score: 0.0000 | best Score epoch: -1 
epoch  6, iter  801: loss: 0.0100 | load time: 0.0001 | back time: 1.1522 | lr: 0.00009995 | best AP50 acc: 0.0000 | best AP70 acc: 0.0000 | best mAP acc: 0.0000 | best mAR acc: 0.0000 | best Score: 0.0000 | best Score epoch: -1 
epoch  6, iter  851: loss: 0.0153 | load time: 0.0002 | back time: 1.1619 | lr: 0.00009995 | best AP50 acc: 0.0000 | best AP70 acc: 0.0000 | best mAP acc: 0.0000 | best mAR acc: 0.0000 | best Score: 0.0000 | best Score epoch: -1 
epoch  6, iter  901: loss: 0.0077 | load time: 0.0002 | back time: 1.1600 | lr: 0.00009994 | best AP50 acc: 0.0000 | best AP70 acc: 0.0000 | best mAP acc: 0.0000 | best mAR acc: 0.0000 | best Score: 0.0000 | best Score epoch: -1 
epoch  6, iter  951: loss: 0.0070 | load time: 0.0002 | back time: 1.1496 | lr: 0.00009993 | best AP50 acc: 0.0000 | best AP70 acc: 0.0000 | best mAP acc: 0.0000 | best mAR acc: 0.0000 | best Score: 0.0000 | best Score epoch: -1 
epoch  6, iter 1001: loss: 0.0099 | load time: 0.0003 | back time: 1.1499 | lr: 0.00009993 | best AP50 acc: 0.0000 | best AP70 acc: 0.0000 | best mAP acc: 0.0000 | best mAR acc: 0.0000 | best Score: 0.0000 | best Score epoch: -1 
epoch  6, iter 1051: loss: 0.0068 | load time: 0.0003 | back time: 1.1528 | lr: 0.00009992 | best AP50 acc: 0.0000 | best AP70 acc: 0.0000 | best mAP acc: 0.0000 | best mAR acc: 0.0000 | best Score: 0.0000 | best Score epoch: -1 
epoch  6, iter 1101: loss: 0.0073 | load time: 0.0002 | back time: 1.1503 | lr: 0.00009991 | best AP50 acc: 0.0000 | best AP70 acc: 0.0000 | best mAP acc: 0.0000 | best mAR acc: 0.0000 | best Score: 0.0000 | best Score epoch: -1 
epoch  6, iter 1151: loss: 0.0066 | load time: 0.0001 | back time: 1.1510 | lr: 0.00009990 | best AP50 acc: 0.0000 | best AP70 acc: 0.0000 | best mAP acc: 0.0000 | best mAR acc: 0.0000 | best Score: 0.0000 | best Score epoch: -1 
UAV_SEQS_2 | mAP50:90: 44.4571 | AP50: 71.8505 | AP70: 50.8439 
UAV_SEQS_37 | mAP50:90: 90.5564 | AP50: 100.0000 | AP70: 93.7221 
UAV_SEQS_45 | mAP50:90: 90.7748 | AP50: 100.0000 | AP70: 98.8878 
UAV_SEQS_47 | mAP50:90: 89.4216 | AP50: 100.0000 | AP70: 98.7415 
UAV_SEQS_55 | mAP50:90: 20.8544 | AP50: 41.0340 | AP70: 18.9609 
UAV_SEQS_59 | mAP50:90: 50.8112 | AP50: 83.7490 | AP70: 57.7350 
UAV_SEQS_6 | mAP50:90: 32.4475 | AP50: 53.5616 | AP70: 30.0027 
UAV_SEQS_63 | mAP50:90: 12.7165 | AP50: 60.5063 | AP70: 0.0938 
UAV_SEQS_65 | mAP50:90: 83.0128 | AP50: 95.4673 | AP70: 90.6278 
UAV_SEQS_7 | mAP50:90: 39.6211 | AP50: 97.0744 | AP70: 15.3212 
UAV_SEQS_71 | mAP50:90: 64.0942 | AP50: 76.6716 | AP70: 72.8567 
UAV_SEQS_73 | mAP50:90: 55.0246 | AP50: 78.8214 | AP70: 64.6145 
UAV_SEQS_74 | mAP50:90: 97.5984 | AP50: 100.0000 | AP70: 100.0000 
UAV_SEQS_77 | mAP50:90: 23.1887 | AP50: 24.7525 | AP70: 24.7391 
UAV_SEQS_8 | mAP50:90: 51.3955 | AP50: 96.8022 | AP70: 42.1904 
Overall            | mAP50:95: 56.6018 | AP50: 78.9010 | AP70: 57.3897 
epoch  7, iter    1: loss: 0.0059 | load time: 0.0031 | back time: 0.6459 | lr: 0.00009990 | best AP50 acc: 0.7890 | best AP70 acc: 0.5739 | best mAP acc: 0.5660 | best mAR acc: 0.6450 | best Score: 0.5660 | best Score epoch:  6 
epoch  7, iter   51: loss: 0.0083 | load time: 0.0003 | back time: 1.1493 | lr: 0.00009989 | best AP50 acc: 0.7890 | best AP70 acc: 0.5739 | best mAP acc: 0.5660 | best mAR acc: 0.6450 | best Score: 0.5660 | best Score epoch:  6 
epoch  7, iter  101: loss: 0.0062 | load time: 0.0003 | back time: 1.1597 | lr: 0.00009988 | best AP50 acc: 0.7890 | best AP70 acc: 0.5739 | best mAP acc: 0.5660 | best mAR acc: 0.6450 | best Score: 0.5660 | best Score epoch:  6 
epoch  7, iter  151: loss: 0.0104 | load time: 0.0002 | back time: 1.1657 | lr: 0.00009988 | best AP50 acc: 0.7890 | best AP70 acc: 0.5739 | best mAP acc: 0.5660 | best mAR acc: 0.6450 | best Score: 0.5660 | best Score epoch:  6 
epoch  7, iter  201: loss: 0.0084 | load time: 0.0003 | back time: 1.1592 | lr: 0.00009987 | best AP50 acc: 0.7890 | best AP70 acc: 0.5739 | best mAP acc: 0.5660 | best mAR acc: 0.6450 | best Score: 0.5660 | best Score epoch:  6 
epoch  7, iter  251: loss: 0.0074 | load time: 0.0002 | back time: 1.1650 | lr: 0.00009986 | best AP50 acc: 0.7890 | best AP70 acc: 0.5739 | best mAP acc: 0.5660 | best mAR acc: 0.6450 | best Score: 0.5660 | best Score epoch:  6 
epoch  7, iter  301: loss: 0.0093 | load time: 0.0002 | back time: 1.1573 | lr: 0.00009984 | best AP50 acc: 0.7890 | best AP70 acc: 0.5739 | best mAP acc: 0.5660 | best mAR acc: 0.6450 | best Score: 0.5660 | best Score epoch:  6 
epoch  7, iter  351: loss: 0.0106 | load time: 0.0002 | back time: 1.1531 | lr: 0.00009983 | best AP50 acc: 0.7890 | best AP70 acc: 0.5739 | best mAP acc: 0.5660 | best mAR acc: 0.6450 | best Score: 0.5660 | best Score epoch:  6 
epoch  7, iter  401: loss: 0.0066 | load time: 0.0003 | back time: 1.1706 | lr: 0.00009982 | best AP50 acc: 0.7890 | best AP70 acc: 0.5739 | best mAP acc: 0.5660 | best mAR acc: 0.6450 | best Score: 0.5660 | best Score epoch:  6 
epoch  7, iter  451: loss: 0.0080 | load time: 0.0002 | back time: 1.1311 | lr: 0.00009981 | best AP50 acc: 0.7890 | best AP70 acc: 0.5739 | best mAP acc: 0.5660 | best mAR acc: 0.6450 | best Score: 0.5660 | best Score epoch:  6 
epoch  7, iter  501: loss: 0.0079 | load time: 0.0003 | back time: 1.0788 | lr: 0.00009980 | best AP50 acc: 0.7890 | best AP70 acc: 0.5739 | best mAP acc: 0.5660 | best mAR acc: 0.6450 | best Score: 0.5660 | best Score epoch:  6 
epoch  7, iter  551: loss: 0.0092 | load time: 0.0001 | back time: 1.1475 | lr: 0.00009979 | best AP50 acc: 0.7890 | best AP70 acc: 0.5739 | best mAP acc: 0.5660 | best mAR acc: 0.6450 | best Score: 0.5660 | best Score epoch:  6 
epoch  7, iter  601: loss: 0.0089 | load time: 0.0002 | back time: 1.1507 | lr: 0.00009977 | best AP50 acc: 0.7890 | best AP70 acc: 0.5739 | best mAP acc: 0.5660 | best mAR acc: 0.6450 | best Score: 0.5660 | best Score epoch:  6 
epoch  7, iter  651: loss: 0.0098 | load time: 0.0002 | back time: 1.1506 | lr: 0.00009976 | best AP50 acc: 0.7890 | best AP70 acc: 0.5739 | best mAP acc: 0.5660 | best mAR acc: 0.6450 | best Score: 0.5660 | best Score epoch:  6 
epoch  7, iter  701: loss: 0.0097 | load time: 0.0002 | back time: 1.1482 | lr: 0.00009975 | best AP50 acc: 0.7890 | best AP70 acc: 0.5739 | best mAP acc: 0.5660 | best mAR acc: 0.6450 | best Score: 0.5660 | best Score epoch:  6 
epoch  7, iter  751: loss: 0.0085 | load time: 0.0002 | back time: 1.1342 | lr: 0.00009973 | best AP50 acc: 0.7890 | best AP70 acc: 0.5739 | best mAP acc: 0.5660 | best mAR acc: 0.6450 | best Score: 0.5660 | best Score epoch:  6 
epoch  7, iter  801: loss: 0.0069 | load time: 0.0002 | back time: 1.1958 | lr: 0.00009972 | best AP50 acc: 0.7890 | best AP70 acc: 0.5739 | best mAP acc: 0.5660 | best mAR acc: 0.6450 | best Score: 0.5660 | best Score epoch:  6 
epoch  7, iter  851: loss: 0.0109 | load time: 0.0002 | back time: 1.1331 | lr: 0.00009970 | best AP50 acc: 0.7890 | best AP70 acc: 0.5739 | best mAP acc: 0.5660 | best mAR acc: 0.6450 | best Score: 0.5660 | best Score epoch:  6 
epoch  7, iter  901: loss: 0.0096 | load time: 0.0002 | back time: 1.1393 | lr: 0.00009969 | best AP50 acc: 0.7890 | best AP70 acc: 0.5739 | best mAP acc: 0.5660 | best mAR acc: 0.6450 | best Score: 0.5660 | best Score epoch:  6 
epoch  7, iter  951: loss: 0.0063 | load time: 0.0002 | back time: 1.1614 | lr: 0.00009967 | best AP50 acc: 0.7890 | best AP70 acc: 0.5739 | best mAP acc: 0.5660 | best mAR acc: 0.6450 | best Score: 0.5660 | best Score epoch:  6 
epoch  7, iter 1001: loss: 0.0099 | load time: 0.0002 | back time: 1.1651 | lr: 0.00009966 | best AP50 acc: 0.7890 | best AP70 acc: 0.5739 | best mAP acc: 0.5660 | best mAR acc: 0.6450 | best Score: 0.5660 | best Score epoch:  6 
epoch  7, iter 1051: loss: 0.0107 | load time: 0.0002 | back time: 1.1627 | lr: 0.00009964 | best AP50 acc: 0.7890 | best AP70 acc: 0.5739 | best mAP acc: 0.5660 | best mAR acc: 0.6450 | best Score: 0.5660 | best Score epoch:  6 
epoch  7, iter 1101: loss: 0.0059 | load time: 0.0002 | back time: 1.1564 | lr: 0.00009963 | best AP50 acc: 0.7890 | best AP70 acc: 0.5739 | best mAP acc: 0.5660 | best mAR acc: 0.6450 | best Score: 0.5660 | best Score epoch:  6 
epoch  7, iter 1151: loss: 0.0096 | load time: 0.0001 | back time: 1.1510 | lr: 0.00009961 | best AP50 acc: 0.7890 | best AP70 acc: 0.5739 | best mAP acc: 0.5660 | best mAR acc: 0.6450 | best Score: 0.5660 | best Score epoch:  6 
UAV_SEQS_2 | mAP50:90: 54.1400 | AP50: 67.9911 | AP70: 60.5471 
UAV_SEQS_37 | mAP50:90: 87.9602 | AP50: 100.0000 | AP70: 94.6415 
UAV_SEQS_45 | mAP50:90: 71.2863 | AP50: 100.0000 | AP70: 93.9956 
UAV_SEQS_47 | mAP50:90: 95.2214 | AP50: 100.0000 | AP70: 100.0000 
UAV_SEQS_55 | mAP50:90: 26.7140 | AP50: 49.2067 | AP70: 25.9031 
UAV_SEQS_59 | mAP50:90: 40.2043 | AP50: 73.6471 | AP70: 37.0666 
UAV_SEQS_6 | mAP50:90: 52.0782 | AP50: 66.4759 | AP70: 57.8453 
UAV_SEQS_63 | mAP50:90: 0.1891 | AP50: 1.6049 | AP70: 0.0000 
UAV_SEQS_65 | mAP50:90: 79.2708 | AP50: 97.6952 | AP70: 94.4433 
UAV_SEQS_7 | mAP50:90: 50.5891 | AP50: 100.0000 | AP70: 46.0243 
UAV_SEQS_71 | mAP50:90: 54.8586 | AP50: 79.1663 | AP70: 63.8378 
UAV_SEQS_73 | mAP50:90: 43.9517 | AP50: 78.5088 | AP70: 41.7565 
UAV_SEQS_74 | mAP50:90: 90.5391 | AP50: 100.0000 | AP70: 100.0000 
UAV_SEQS_77 | mAP50:90: 8.8463 | AP50: 9.9010 | AP70: 9.9010 
UAV_SEQS_8 | mAP50:90: 84.8711 | AP50: 100.0000 | AP70: 100.0000 
Overall            | mAP50:95: 55.7438 | AP50: 74.2485 | AP70: 62.4619 
epoch  8, iter    1: loss: 0.0078 | load time: 0.0023 | back time: 0.7280 | lr: 0.00009961 | best AP50 acc: 0.7890 | best AP70 acc: 0.5739 | best mAP acc: 0.5660 | best mAR acc: 0.6450 | best Score: 0.5660 | best Score epoch:  6 
epoch  8, iter   51: loss: 0.0078 | load time: 0.0003 | back time: 1.1475 | lr: 0.00009959 | best AP50 acc: 0.7890 | best AP70 acc: 0.5739 | best mAP acc: 0.5660 | best mAR acc: 0.6450 | best Score: 0.5660 | best Score epoch:  6 
epoch  8, iter  101: loss: 0.0087 | load time: 0.0002 | back time: 1.1620 | lr: 0.00009957 | best AP50 acc: 0.7890 | best AP70 acc: 0.5739 | best mAP acc: 0.5660 | best mAR acc: 0.6450 | best Score: 0.5660 | best Score epoch:  6 
epoch  8, iter  151: loss: 0.0083 | load time: 0.0002 | back time: 1.1607 | lr: 0.00009956 | best AP50 acc: 0.7890 | best AP70 acc: 0.5739 | best mAP acc: 0.5660 | best mAR acc: 0.6450 | best Score: 0.5660 | best Score epoch:  6 
epoch  8, iter  201: loss: 0.0072 | load time: 0.0002 | back time: 1.1586 | lr: 0.00009954 | best AP50 acc: 0.7890 | best AP70 acc: 0.5739 | best mAP acc: 0.5660 | best mAR acc: 0.6450 | best Score: 0.5660 | best Score epoch:  6 
epoch  8, iter  251: loss: 0.0075 | load time: 0.0003 | back time: 1.1572 | lr: 0.00009952 | best AP50 acc: 0.7890 | best AP70 acc: 0.5739 | best mAP acc: 0.5660 | best mAR acc: 0.6450 | best Score: 0.5660 | best Score epoch:  6 
epoch  8, iter  301: loss: 0.0060 | load time: 0.0002 | back time: 1.1543 | lr: 0.00009950 | best AP50 acc: 0.7890 | best AP70 acc: 0.5739 | best mAP acc: 0.5660 | best mAR acc: 0.6450 | best Score: 0.5660 | best Score epoch:  6 
epoch  8, iter  351: loss: 0.0071 | load time: 0.0003 | back time: 1.1530 | lr: 0.00009948 | best AP50 acc: 0.7890 | best AP70 acc: 0.5739 | best mAP acc: 0.5660 | best mAR acc: 0.6450 | best Score: 0.5660 | best Score epoch:  6 
epoch  8, iter  401: loss: 0.0086 | load time: 0.0002 | back time: 1.1720 | lr: 0.00009946 | best AP50 acc: 0.7890 | best AP70 acc: 0.5739 | best mAP acc: 0.5660 | best mAR acc: 0.6450 | best Score: 0.5660 | best Score epoch:  6 
epoch  8, iter  451: loss: 0.0057 | load time: 0.0002 | back time: 1.1710 | lr: 0.00009944 | best AP50 acc: 0.7890 | best AP70 acc: 0.5739 | best mAP acc: 0.5660 | best mAR acc: 0.6450 | best Score: 0.5660 | best Score epoch:  6 
epoch  8, iter  501: loss: 0.0060 | load time: 0.0003 | back time: 1.1604 | lr: 0.00009942 | best AP50 acc: 0.7890 | best AP70 acc: 0.5739 | best mAP acc: 0.5660 | best mAR acc: 0.6450 | best Score: 0.5660 | best Score epoch:  6 
epoch  8, iter  551: loss: 0.0082 | load time: 0.0004 | back time: 1.1578 | lr: 0.00009940 | best AP50 acc: 0.7890 | best AP70 acc: 0.5739 | best mAP acc: 0.5660 | best mAR acc: 0.6450 | best Score: 0.5660 | best Score epoch:  6 
epoch  8, iter  601: loss: 0.0089 | load time: 0.0001 | back time: 1.1555 | lr: 0.00009938 | best AP50 acc: 0.7890 | best AP70 acc: 0.5739 | best mAP acc: 0.5660 | best mAR acc: 0.6450 | best Score: 0.5660 | best Score epoch:  6 
epoch  8, iter  651: loss: 0.0094 | load time: 0.0002 | back time: 1.1604 | lr: 0.00009936 | best AP50 acc: 0.7890 | best AP70 acc: 0.5739 | best mAP acc: 0.5660 | best mAR acc: 0.6450 | best Score: 0.5660 | best Score epoch:  6 
epoch  8, iter  701: loss: 0.0068 | load time: 0.0002 | back time: 1.1736 | lr: 0.00009934 | best AP50 acc: 0.7890 | best AP70 acc: 0.5739 | best mAP acc: 0.5660 | best mAR acc: 0.6450 | best Score: 0.5660 | best Score epoch:  6 
epoch  8, iter  751: loss: 0.0116 | load time: 0.0003 | back time: 1.1472 | lr: 0.00009931 | best AP50 acc: 0.7890 | best AP70 acc: 0.5739 | best mAP acc: 0.5660 | best mAR acc: 0.6450 | best Score: 0.5660 | best Score epoch:  6 
epoch  8, iter  801: loss: 0.0073 | load time: 0.0001 | back time: 1.1507 | lr: 0.00009929 | best AP50 acc: 0.7890 | best AP70 acc: 0.5739 | best mAP acc: 0.5660 | best mAR acc: 0.6450 | best Score: 0.5660 | best Score epoch:  6 
epoch  8, iter  851: loss: 0.0081 | load time: 0.0002 | back time: 1.1568 | lr: 0.00009927 | best AP50 acc: 0.7890 | best AP70 acc: 0.5739 | best mAP acc: 0.5660 | best mAR acc: 0.6450 | best Score: 0.5660 | best Score epoch:  6 
epoch  8, iter  901: loss: 0.0088 | load time: 0.0003 | back time: 1.1496 | lr: 0.00009925 | best AP50 acc: 0.7890 | best AP70 acc: 0.5739 | best mAP acc: 0.5660 | best mAR acc: 0.6450 | best Score: 0.5660 | best Score epoch:  6 
epoch  8, iter  951: loss: 0.0062 | load time: 0.0002 | back time: 1.1569 | lr: 0.00009922 | best AP50 acc: 0.7890 | best AP70 acc: 0.5739 | best mAP acc: 0.5660 | best mAR acc: 0.6450 | best Score: 0.5660 | best Score epoch:  6 
epoch  8, iter 1001: loss: 0.0068 | load time: 0.0002 | back time: 1.1596 | lr: 0.00009920 | best AP50 acc: 0.7890 | best AP70 acc: 0.5739 | best mAP acc: 0.5660 | best mAR acc: 0.6450 | best Score: 0.5660 | best Score epoch:  6 
epoch  8, iter 1051: loss: 0.0085 | load time: 0.0004 | back time: 1.1589 | lr: 0.00009917 | best AP50 acc: 0.7890 | best AP70 acc: 0.5739 | best mAP acc: 0.5660 | best mAR acc: 0.6450 | best Score: 0.5660 | best Score epoch:  6 
epoch  8, iter 1101: loss: 0.0062 | load time: 0.0003 | back time: 1.1684 | lr: 0.00009915 | best AP50 acc: 0.7890 | best AP70 acc: 0.5739 | best mAP acc: 0.5660 | best mAR acc: 0.6450 | best Score: 0.5660 | best Score epoch:  6 
epoch  8, iter 1151: loss: 0.0069 | load time: 0.0002 | back time: 1.1719 | lr: 0.00009912 | best AP50 acc: 0.7890 | best AP70 acc: 0.5739 | best mAP acc: 0.5660 | best mAR acc: 0.6450 | best Score: 0.5660 | best Score epoch:  6 
UAV_SEQS_2 | mAP50:90: 56.4908 | AP50: 73.0063 | AP70: 59.6876 
UAV_SEQS_37 | mAP50:90: 95.5806 | AP50: 100.0000 | AP70: 98.9076 
UAV_SEQS_45 | mAP50:90: 82.4136 | AP50: 100.0000 | AP70: 89.8199 
UAV_SEQS_47 | mAP50:90: 92.6489 | AP50: 100.0000 | AP70: 100.0000 
UAV_SEQS_55 | mAP50:90: 20.8427 | AP50: 36.2026 | AP70: 22.3353 
UAV_SEQS_59 | mAP50:90: 57.1034 | AP50: 82.2039 | AP70: 62.1447 
UAV_SEQS_6 | mAP50:90: 68.3305 | AP50: 97.0297 | AP70: 73.1130 
UAV_SEQS_63 | mAP50:90: 0.2338 | AP50: 1.5417 | AP70: 0.0000 
UAV_SEQS_65 | mAP50:90: 82.4088 | AP50: 97.5684 | AP70: 94.0224 
UAV_SEQS_7 | mAP50:90: 97.7760 | AP50: 100.0000 | AP70: 100.0000 
UAV_SEQS_71 | mAP50:90: 67.0982 | AP50: 85.4833 | AP70: 75.9424 
UAV_SEQS_73 | mAP50:90: 54.9543 | AP50: 83.0937 | AP70: 56.2695 
UAV_SEQS_74 | mAP50:90: 94.0490 | AP50: 100.0000 | AP70: 100.0000 
UAV_SEQS_77 | mAP50:90: 10.2615 | AP50: 16.4941 | AP70: 12.6815 
UAV_SEQS_8 | mAP50:90: 100.0000 | AP50: 100.0000 | AP70: 100.0000 
Overall            | mAP50:95: 64.9601 | AP50: 77.5319 | AP70: 69.6889 
epoch  9, iter    1: loss: 0.0075 | load time: 0.0028 | back time: 0.7430 | lr: 0.00009912 | best AP50 acc: 0.7753 | best AP70 acc: 0.6969 | best mAP acc: 0.6496 | best mAR acc: 0.7136 | best Score: 0.6496 | best Score epoch:  8 
epoch  9, iter   51: loss: 0.0076 | load time: 0.0001 | back time: 1.1529 | lr: 0.00009910 | best AP50 acc: 0.7753 | best AP70 acc: 0.6969 | best mAP acc: 0.6496 | best mAR acc: 0.7136 | best Score: 0.6496 | best Score epoch:  8 
epoch  9, iter  101: loss: 0.0102 | load time: 0.0002 | back time: 1.1655 | lr: 0.00009907 | best AP50 acc: 0.7753 | best AP70 acc: 0.6969 | best mAP acc: 0.6496 | best mAR acc: 0.7136 | best Score: 0.6496 | best Score epoch:  8 
epoch  9, iter  151: loss: 0.0059 | load time: 0.0003 | back time: 1.1745 | lr: 0.00009905 | best AP50 acc: 0.7753 | best AP70 acc: 0.6969 | best mAP acc: 0.6496 | best mAR acc: 0.7136 | best Score: 0.6496 | best Score epoch:  8 
epoch  9, iter  201: loss: 0.0062 | load time: 0.0002 | back time: 1.1673 | lr: 0.00009902 | best AP50 acc: 0.7753 | best AP70 acc: 0.6969 | best mAP acc: 0.6496 | best mAR acc: 0.7136 | best Score: 0.6496 | best Score epoch:  8 
epoch  9, iter  251: loss: 0.0067 | load time: 0.0003 | back time: 1.1624 | lr: 0.00009899 | best AP50 acc: 0.7753 | best AP70 acc: 0.6969 | best mAP acc: 0.6496 | best mAR acc: 0.7136 | best Score: 0.6496 | best Score epoch:  8 
epoch  9, iter  301: loss: 0.0060 | load time: 0.0002 | back time: 1.1588 | lr: 0.00009896 | best AP50 acc: 0.7753 | best AP70 acc: 0.6969 | best mAP acc: 0.6496 | best mAR acc: 0.7136 | best Score: 0.6496 | best Score epoch:  8 
epoch  9, iter  351: loss: 0.0076 | load time: 0.0002 | back time: 1.1575 | lr: 0.00009894 | best AP50 acc: 0.7753 | best AP70 acc: 0.6969 | best mAP acc: 0.6496 | best mAR acc: 0.7136 | best Score: 0.6496 | best Score epoch:  8 
epoch  9, iter  401: loss: 0.0077 | load time: 0.0001 | back time: 1.1558 | lr: 0.00009891 | best AP50 acc: 0.7753 | best AP70 acc: 0.6969 | best mAP acc: 0.6496 | best mAR acc: 0.7136 | best Score: 0.6496 | best Score epoch:  8 
epoch  9, iter  451: loss: 0.0071 | load time: 0.0001 | back time: 1.1296 | lr: 0.00009888 | best AP50 acc: 0.7753 | best AP70 acc: 0.6969 | best mAP acc: 0.6496 | best mAR acc: 0.7136 | best Score: 0.6496 | best Score epoch:  8 
epoch  9, iter  501: loss: 0.0076 | load time: 0.0002 | back time: 1.1726 | lr: 0.00009885 | best AP50 acc: 0.7753 | best AP70 acc: 0.6969 | best mAP acc: 0.6496 | best mAR acc: 0.7136 | best Score: 0.6496 | best Score epoch:  8 
epoch  9, iter  551: loss: 0.0088 | load time: 0.0002 | back time: 1.1710 | lr: 0.00009882 | best AP50 acc: 0.7753 | best AP70 acc: 0.6969 | best mAP acc: 0.6496 | best mAR acc: 0.7136 | best Score: 0.6496 | best Score epoch:  8 
epoch  9, iter  601: loss: 0.0076 | load time: 0.0003 | back time: 1.2211 | lr: 0.00009879 | best AP50 acc: 0.7753 | best AP70 acc: 0.6969 | best mAP acc: 0.6496 | best mAR acc: 0.7136 | best Score: 0.6496 | best Score epoch:  8 
epoch  9, iter  651: loss: 0.0080 | load time: 0.0002 | back time: 1.1616 | lr: 0.00009876 | best AP50 acc: 0.7753 | best AP70 acc: 0.6969 | best mAP acc: 0.6496 | best mAR acc: 0.7136 | best Score: 0.6496 | best Score epoch:  8 
epoch  9, iter  701: loss: 0.0066 | load time: 0.0002 | back time: 1.1598 | lr: 0.00009873 | best AP50 acc: 0.7753 | best AP70 acc: 0.6969 | best mAP acc: 0.6496 | best mAR acc: 0.7136 | best Score: 0.6496 | best Score epoch:  8 
epoch  9, iter  751: loss: 0.0068 | load time: 0.0002 | back time: 1.1549 | lr: 0.00009870 | best AP50 acc: 0.7753 | best AP70 acc: 0.6969 | best mAP acc: 0.6496 | best mAR acc: 0.7136 | best Score: 0.6496 | best Score epoch:  8 
epoch  9, iter  801: loss: 0.0084 | load time: 0.0002 | back time: 1.1593 | lr: 0.00009867 | best AP50 acc: 0.7753 | best AP70 acc: 0.6969 | best mAP acc: 0.6496 | best mAR acc: 0.7136 | best Score: 0.6496 | best Score epoch:  8 
epoch  9, iter  851: loss: 0.0065 | load time: 0.0002 | back time: 1.1608 | lr: 0.00009864 | best AP50 acc: 0.7753 | best AP70 acc: 0.6969 | best mAP acc: 0.6496 | best mAR acc: 0.7136 | best Score: 0.6496 | best Score epoch:  8 
epoch  9, iter  901: loss: 0.0102 | load time: 0.0002 | back time: 1.1553 | lr: 0.00009861 | best AP50 acc: 0.7753 | best AP70 acc: 0.6969 | best mAP acc: 0.6496 | best mAR acc: 0.7136 | best Score: 0.6496 | best Score epoch:  8 
epoch  9, iter  951: loss: 0.0097 | load time: 0.0002 | back time: 1.1661 | lr: 0.00009858 | best AP50 acc: 0.7753 | best AP70 acc: 0.6969 | best mAP acc: 0.6496 | best mAR acc: 0.7136 | best Score: 0.6496 | best Score epoch:  8 
epoch  9, iter 1001: loss: 0.0072 | load time: 0.0002 | back time: 1.1557 | lr: 0.00009854 | best AP50 acc: 0.7753 | best AP70 acc: 0.6969 | best mAP acc: 0.6496 | best mAR acc: 0.7136 | best Score: 0.6496 | best Score epoch:  8 
epoch  9, iter 1051: loss: 0.0095 | load time: 0.0002 | back time: 1.1555 | lr: 0.00009851 | best AP50 acc: 0.7753 | best AP70 acc: 0.6969 | best mAP acc: 0.6496 | best mAR acc: 0.7136 | best Score: 0.6496 | best Score epoch:  8 
epoch  9, iter 1101: loss: 0.0062 | load time: 0.0003 | back time: 1.1541 | lr: 0.00009848 | best AP50 acc: 0.7753 | best AP70 acc: 0.6969 | best mAP acc: 0.6496 | best mAR acc: 0.7136 | best Score: 0.6496 | best Score epoch:  8 
epoch  9, iter 1151: loss: 0.0103 | load time: 0.0001 | back time: 1.1517 | lr: 0.00009845 | best AP50 acc: 0.7753 | best AP70 acc: 0.6969 | best mAP acc: 0.6496 | best mAR acc: 0.7136 | best Score: 0.6496 | best Score epoch:  8 
UAV_SEQS_2 | mAP50:90: 63.6957 | AP50: 85.6549 | AP70: 65.2652 
UAV_SEQS_37 | mAP50:90: 90.5184 | AP50: 100.0000 | AP70: 95.8422 
UAV_SEQS_45 | mAP50:90: 83.0854 | AP50: 100.0000 | AP70: 87.9149 
UAV_SEQS_47 | mAP50:90: 96.7458 | AP50: 100.0000 | AP70: 100.0000 
UAV_SEQS_55 | mAP50:90: 43.5774 | AP50: 69.4060 | AP70: 48.8189 
UAV_SEQS_59 | mAP50:90: 51.8100 | AP50: 75.6746 | AP70: 54.7241 
UAV_SEQS_6 | mAP50:90: 69.4710 | AP50: 86.6179 | AP70: 74.9273 
UAV_SEQS_63 | mAP50:90: 2.5826 | AP50: 12.2100 | AP70: 0.0410 
UAV_SEQS_65 | mAP50:90: 82.4742 | AP50: 97.5097 | AP70: 93.9421 
UAV_SEQS_7 | mAP50:90: 91.1894 | AP50: 100.0000 | AP70: 100.0000 
UAV_SEQS_71 | mAP50:90: 63.7713 | AP50: 98.7862 | AP70: 76.0023 
UAV_SEQS_73 | mAP50:90: 55.4721 | AP50: 88.1912 | AP70: 56.4576 
UAV_SEQS_74 | mAP50:90: 100.0000 | AP50: 100.0000 | AP70: 100.0000 
UAV_SEQS_77 | mAP50:90: 17.0233 | AP50: 32.8933 | AP70: 21.5138 
UAV_SEQS_8 | mAP50:90: 99.6906 | AP50: 100.0000 | AP70: 100.0000 
Overall            | mAP50:95: 67.5189 | AP50: 82.9174 | AP70: 71.3772 
epoch 10, iter    1: loss: 0.0068 | load time: 0.0019 | back time: 0.6501 | lr: 0.00009844 | best AP50 acc: 0.8292 | best AP70 acc: 0.7138 | best mAP acc: 0.6752 | best mAR acc: 0.7420 | best Score: 0.6752 | best Score epoch:  9 
epoch 10, iter   51: loss: 0.0103 | load time: 0.0001 | back time: 1.1501 | lr: 0.00009841 | best AP50 acc: 0.8292 | best AP70 acc: 0.7138 | best mAP acc: 0.6752 | best mAR acc: 0.7420 | best Score: 0.6752 | best Score epoch:  9 
epoch 10, iter  101: loss: 0.0068 | load time: 0.0002 | back time: 1.1543 | lr: 0.00009838 | best AP50 acc: 0.8292 | best AP70 acc: 0.7138 | best mAP acc: 0.6752 | best mAR acc: 0.7420 | best Score: 0.6752 | best Score epoch:  9 
epoch 10, iter  151: loss: 0.0074 | load time: 0.0002 | back time: 1.1617 | lr: 0.00009834 | best AP50 acc: 0.8292 | best AP70 acc: 0.7138 | best mAP acc: 0.6752 | best mAR acc: 0.7420 | best Score: 0.6752 | best Score epoch:  9 
epoch 10, iter  201: loss: 0.0078 | load time: 0.0002 | back time: 1.1597 | lr: 0.00009831 | best AP50 acc: 0.8292 | best AP70 acc: 0.7138 | best mAP acc: 0.6752 | best mAR acc: 0.7420 | best Score: 0.6752 | best Score epoch:  9 
epoch 10, iter  251: loss: 0.0062 | load time: 0.0002 | back time: 1.1342 | lr: 0.00009827 | best AP50 acc: 0.8292 | best AP70 acc: 0.7138 | best mAP acc: 0.6752 | best mAR acc: 0.7420 | best Score: 0.6752 | best Score epoch:  9 
epoch 10, iter  301: loss: 0.0059 | load time: 0.0002 | back time: 1.1395 | lr: 0.00009824 | best AP50 acc: 0.8292 | best AP70 acc: 0.7138 | best mAP acc: 0.6752 | best mAR acc: 0.7420 | best Score: 0.6752 | best Score epoch:  9 
epoch 10, iter  351: loss: 0.0068 | load time: 0.0002 | back time: 1.1295 | lr: 0.00009820 | best AP50 acc: 0.8292 | best AP70 acc: 0.7138 | best mAP acc: 0.6752 | best mAR acc: 0.7420 | best Score: 0.6752 | best Score epoch:  9 
epoch 10, iter  401: loss: 0.0064 | load time: 0.0001 | back time: 1.1110 | lr: 0.00009816 | best AP50 acc: 0.8292 | best AP70 acc: 0.7138 | best mAP acc: 0.6752 | best mAR acc: 0.7420 | best Score: 0.6752 | best Score epoch:  9 
epoch 10, iter  451: loss: 0.0057 | load time: 0.0002 | back time: 1.1322 | lr: 0.00009813 | best AP50 acc: 0.8292 | best AP70 acc: 0.7138 | best mAP acc: 0.6752 | best mAR acc: 0.7420 | best Score: 0.6752 | best Score epoch:  9 
epoch 10, iter  501: loss: 0.0065 | load time: 0.0002 | back time: 1.1272 | lr: 0.00009809 | best AP50 acc: 0.8292 | best AP70 acc: 0.7138 | best mAP acc: 0.6752 | best mAR acc: 0.7420 | best Score: 0.6752 | best Score epoch:  9 
epoch 10, iter  551: loss: 0.0085 | load time: 0.0002 | back time: 1.1346 | lr: 0.00009805 | best AP50 acc: 0.8292 | best AP70 acc: 0.7138 | best mAP acc: 0.6752 | best mAR acc: 0.7420 | best Score: 0.6752 | best Score epoch:  9 
epoch 10, iter  601: loss: 0.0073 | load time: 0.0003 | back time: 1.1529 | lr: 0.00009802 | best AP50 acc: 0.8292 | best AP70 acc: 0.7138 | best mAP acc: 0.6752 | best mAR acc: 0.7420 | best Score: 0.6752 | best Score epoch:  9 
epoch 10, iter  651: loss: 0.0067 | load time: 0.0002 | back time: 1.1559 | lr: 0.00009798 | best AP50 acc: 0.8292 | best AP70 acc: 0.7138 | best mAP acc: 0.6752 | best mAR acc: 0.7420 | best Score: 0.6752 | best Score epoch:  9 
epoch 10, iter  701: loss: 0.0059 | load time: 0.0002 | back time: 1.1268 | lr: 0.00009794 | best AP50 acc: 0.8292 | best AP70 acc: 0.7138 | best mAP acc: 0.6752 | best mAR acc: 0.7420 | best Score: 0.6752 | best Score epoch:  9 
epoch 10, iter  751: loss: 0.0068 | load time: 0.0001 | back time: 1.1407 | lr: 0.00009790 | best AP50 acc: 0.8292 | best AP70 acc: 0.7138 | best mAP acc: 0.6752 | best mAR acc: 0.7420 | best Score: 0.6752 | best Score epoch:  9 
epoch 10, iter  801: loss: 0.0070 | load time: 0.0003 | back time: 1.1495 | lr: 0.00009786 | best AP50 acc: 0.8292 | best AP70 acc: 0.7138 | best mAP acc: 0.6752 | best mAR acc: 0.7420 | best Score: 0.6752 | best Score epoch:  9 
epoch 10, iter  851: loss: 0.0069 | load time: 0.0003 | back time: 1.1511 | lr: 0.00009782 | best AP50 acc: 0.8292 | best AP70 acc: 0.7138 | best mAP acc: 0.6752 | best mAR acc: 0.7420 | best Score: 0.6752 | best Score epoch:  9 
epoch 10, iter  901: loss: 0.0058 | load time: 0.0003 | back time: 1.1486 | lr: 0.00009778 | best AP50 acc: 0.8292 | best AP70 acc: 0.7138 | best mAP acc: 0.6752 | best mAR acc: 0.7420 | best Score: 0.6752 | best Score epoch:  9 
epoch 10, iter  951: loss: 0.0069 | load time: 0.0002 | back time: 1.1494 | lr: 0.00009774 | best AP50 acc: 0.8292 | best AP70 acc: 0.7138 | best mAP acc: 0.6752 | best mAR acc: 0.7420 | best Score: 0.6752 | best Score epoch:  9 
epoch 10, iter 1001: loss: 0.0069 | load time: 0.0002 | back time: 1.1422 | lr: 0.00009770 | best AP50 acc: 0.8292 | best AP70 acc: 0.7138 | best mAP acc: 0.6752 | best mAR acc: 0.7420 | best Score: 0.6752 | best Score epoch:  9 
epoch 10, iter 1051: loss: 0.0074 | load time: 0.0002 | back time: 1.1497 | lr: 0.00009766 | best AP50 acc: 0.8292 | best AP70 acc: 0.7138 | best mAP acc: 0.6752 | best mAR acc: 0.7420 | best Score: 0.6752 | best Score epoch:  9 
epoch 10, iter 1101: loss: 0.0067 | load time: 0.0001 | back time: 1.1520 | lr: 0.00009762 | best AP50 acc: 0.8292 | best AP70 acc: 0.7138 | best mAP acc: 0.6752 | best mAR acc: 0.7420 | best Score: 0.6752 | best Score epoch:  9 
epoch 10, iter 1151: loss: 0.0065 | load time: 0.0001 | back time: 1.1266 | lr: 0.00009758 | best AP50 acc: 0.8292 | best AP70 acc: 0.7138 | best mAP acc: 0.6752 | best mAR acc: 0.7420 | best Score: 0.6752 | best Score epoch:  9 
UAV_SEQS_2 | mAP50:90: 57.5682 | AP50: 81.0352 | AP70: 65.2746 
UAV_SEQS_37 | mAP50:90: 93.1132 | AP50: 100.0000 | AP70: 100.0000 
UAV_SEQS_45 | mAP50:90: 94.6851 | AP50: 100.0000 | AP70: 98.9901 
UAV_SEQS_47 | mAP50:90: 99.5752 | AP50: 100.0000 | AP70: 100.0000 
UAV_SEQS_55 | mAP50:90: 45.7395 | AP50: 69.1999 | AP70: 47.7333 
UAV_SEQS_59 | mAP50:90: 55.4208 | AP50: 86.2240 | AP70: 58.4488 
UAV_SEQS_6 | mAP50:90: 75.3731 | AP50: 90.3242 | AP70: 76.0481 
UAV_SEQS_63 | mAP50:90: 9.8016 | AP50: 46.4707 | AP70: 1.1750 
UAV_SEQS_65 | mAP50:90: 72.4449 | AP50: 94.7332 | AP70: 86.1129 
UAV_SEQS_7 | mAP50:90: 91.0911 | AP50: 100.0000 | AP70: 100.0000 
UAV_SEQS_71 | mAP50:90: 73.0024 | AP50: 90.9427 | AP70: 80.0972 
UAV_SEQS_73 | mAP50:90: 64.2609 | AP50: 87.2076 | AP70: 74.2287 
UAV_SEQS_74 | mAP50:90: 84.0653 | AP50: 100.0000 | AP70: 94.4551 
UAV_SEQS_77 | mAP50:90: 27.5017 | AP50: 31.1782 | AP70: 27.7348 
UAV_SEQS_8 | mAP50:90: 35.7383 | AP50: 79.7451 | AP70: 33.3848 
Overall            | mAP50:95: 63.9302 | AP50: 84.1771 | AP70: 67.5318 
epoch 11, iter    1: loss: 0.0065 | load time: 0.0021 | back time: 0.7356 | lr: 0.00009758 | best AP50 acc: 0.8292 | best AP70 acc: 0.7138 | best mAP acc: 0.6752 | best mAR acc: 0.7420 | best Score: 0.6752 | best Score epoch:  9 
epoch 11, iter   51: loss: 0.0072 | load time: 0.0001 | back time: 1.1351 | lr: 0.00009753 | best AP50 acc: 0.8292 | best AP70 acc: 0.7138 | best mAP acc: 0.6752 | best mAR acc: 0.7420 | best Score: 0.6752 | best Score epoch:  9 
epoch 11, iter  101: loss: 0.0069 | load time: 0.0002 | back time: 1.1370 | lr: 0.00009749 | best AP50 acc: 0.8292 | best AP70 acc: 0.7138 | best mAP acc: 0.6752 | best mAR acc: 0.7420 | best Score: 0.6752 | best Score epoch:  9 
epoch 11, iter  151: loss: 0.0061 | load time: 0.0003 | back time: 1.1490 | lr: 0.00009745 | best AP50 acc: 0.8292 | best AP70 acc: 0.7138 | best mAP acc: 0.6752 | best mAR acc: 0.7420 | best Score: 0.6752 | best Score epoch:  9 
epoch 11, iter  201: loss: 0.0058 | load time: 0.0002 | back time: 1.1518 | lr: 0.00009741 | best AP50 acc: 0.8292 | best AP70 acc: 0.7138 | best mAP acc: 0.6752 | best mAR acc: 0.7420 | best Score: 0.6752 | best Score epoch:  9 
epoch 11, iter  251: loss: 0.0061 | load time: 0.0002 | back time: 1.1526 | lr: 0.00009736 | best AP50 acc: 0.8292 | best AP70 acc: 0.7138 | best mAP acc: 0.6752 | best mAR acc: 0.7420 | best Score: 0.6752 | best Score epoch:  9 
epoch 11, iter  301: loss: 0.0058 | load time: 0.0002 | back time: 1.1501 | lr: 0.00009732 | best AP50 acc: 0.8292 | best AP70 acc: 0.7138 | best mAP acc: 0.6752 | best mAR acc: 0.7420 | best Score: 0.6752 | best Score epoch:  9 
epoch 11, iter  351: loss: 0.0060 | load time: 0.0003 | back time: 1.1471 | lr: 0.00009728 | best AP50 acc: 0.8292 | best AP70 acc: 0.7138 | best mAP acc: 0.6752 | best mAR acc: 0.7420 | best Score: 0.6752 | best Score epoch:  9 
epoch 11, iter  401: loss: 0.0060 | load time: 0.0002 | back time: 1.1499 | lr: 0.00009723 | best AP50 acc: 0.8292 | best AP70 acc: 0.7138 | best mAP acc: 0.6752 | best mAR acc: 0.7420 | best Score: 0.6752 | best Score epoch:  9 
epoch 11, iter  451: loss: 0.0070 | load time: 0.0002 | back time: 1.1535 | lr: 0.00009719 | best AP50 acc: 0.8292 | best AP70 acc: 0.7138 | best mAP acc: 0.6752 | best mAR acc: 0.7420 | best Score: 0.6752 | best Score epoch:  9 
epoch 11, iter  501: loss: 0.0080 | load time: 0.0002 | back time: 1.1485 | lr: 0.00009714 | best AP50 acc: 0.8292 | best AP70 acc: 0.7138 | best mAP acc: 0.6752 | best mAR acc: 0.7420 | best Score: 0.6752 | best Score epoch:  9 
epoch 11, iter  551: loss: 0.0063 | load time: 0.0004 | back time: 1.1561 | lr: 0.00009710 | best AP50 acc: 0.8292 | best AP70 acc: 0.7138 | best mAP acc: 0.6752 | best mAR acc: 0.7420 | best Score: 0.6752 | best Score epoch:  9 
epoch 11, iter  601: loss: 0.0066 | load time: 0.0002 | back time: 1.1494 | lr: 0.00009705 | best AP50 acc: 0.8292 | best AP70 acc: 0.7138 | best mAP acc: 0.6752 | best mAR acc: 0.7420 | best Score: 0.6752 | best Score epoch:  9 
epoch 11, iter  651: loss: 0.0070 | load time: 0.0002 | back time: 1.1486 | lr: 0.00009700 | best AP50 acc: 0.8292 | best AP70 acc: 0.7138 | best mAP acc: 0.6752 | best mAR acc: 0.7420 | best Score: 0.6752 | best Score epoch:  9 
epoch 11, iter  701: loss: 0.0064 | load time: 0.0002 | back time: 1.1388 | lr: 0.00009696 | best AP50 acc: 0.8292 | best AP70 acc: 0.7138 | best mAP acc: 0.6752 | best mAR acc: 0.7420 | best Score: 0.6752 | best Score epoch:  9 
epoch 11, iter  751: loss: 0.0062 | load time: 0.0002 | back time: 1.1615 | lr: 0.00009691 | best AP50 acc: 0.8292 | best AP70 acc: 0.7138 | best mAP acc: 0.6752 | best mAR acc: 0.7420 | best Score: 0.6752 | best Score epoch:  9 
epoch 11, iter  801: loss: 0.0059 | load time: 0.0002 | back time: 1.1395 | lr: 0.00009686 | best AP50 acc: 0.8292 | best AP70 acc: 0.7138 | best mAP acc: 0.6752 | best mAR acc: 0.7420 | best Score: 0.6752 | best Score epoch:  9 
epoch 11, iter  851: loss: 0.0062 | load time: 0.0003 | back time: 1.1539 | lr: 0.00009682 | best AP50 acc: 0.8292 | best AP70 acc: 0.7138 | best mAP acc: 0.6752 | best mAR acc: 0.7420 | best Score: 0.6752 | best Score epoch:  9 
epoch 11, iter  901: loss: 0.0063 | load time: 0.0002 | back time: 1.1681 | lr: 0.00009677 | best AP50 acc: 0.8292 | best AP70 acc: 0.7138 | best mAP acc: 0.6752 | best mAR acc: 0.7420 | best Score: 0.6752 | best Score epoch:  9 
epoch 11, iter  951: loss: 0.0084 | load time: 0.0002 | back time: 1.1518 | lr: 0.00009672 | best AP50 acc: 0.8292 | best AP70 acc: 0.7138 | best mAP acc: 0.6752 | best mAR acc: 0.7420 | best Score: 0.6752 | best Score epoch:  9 
epoch 11, iter 1001: loss: 0.0068 | load time: 0.0002 | back time: 1.1579 | lr: 0.00009667 | best AP50 acc: 0.8292 | best AP70 acc: 0.7138 | best mAP acc: 0.6752 | best mAR acc: 0.7420 | best Score: 0.6752 | best Score epoch:  9 
epoch 11, iter 1051: loss: 0.0064 | load time: 0.0002 | back time: 1.1553 | lr: 0.00009662 | best AP50 acc: 0.8292 | best AP70 acc: 0.7138 | best mAP acc: 0.6752 | best mAR acc: 0.7420 | best Score: 0.6752 | best Score epoch:  9 
epoch 11, iter 1101: loss: 0.0064 | load time: 0.0002 | back time: 1.1555 | lr: 0.00009657 | best AP50 acc: 0.8292 | best AP70 acc: 0.7138 | best mAP acc: 0.6752 | best mAR acc: 0.7420 | best Score: 0.6752 | best Score epoch:  9 
epoch 11, iter 1151: loss: 0.0075 | load time: 0.0001 | back time: 1.1472 | lr: 0.00009652 | best AP50 acc: 0.8292 | best AP70 acc: 0.7138 | best mAP acc: 0.6752 | best mAR acc: 0.7420 | best Score: 0.6752 | best Score epoch:  9 
UAV_SEQS_2 | mAP50:90: 58.0986 | AP50: 83.2721 | AP70: 62.9749 
UAV_SEQS_37 | mAP50:90: 80.4159 | AP50: 100.0000 | AP70: 86.7364 
UAV_SEQS_45 | mAP50:90: 95.5934 | AP50: 100.0000 | AP70: 100.0000 
UAV_SEQS_47 | mAP50:90: 99.4968 | AP50: 100.0000 | AP70: 100.0000 
UAV_SEQS_55 | mAP50:90: 38.2543 | AP50: 66.0747 | AP70: 41.0172 
UAV_SEQS_59 | mAP50:90: 81.2875 | AP50: 97.5426 | AP70: 90.1311 
UAV_SEQS_6 | mAP50:90: 52.0370 | AP50: 70.1697 | AP70: 48.6884 
UAV_SEQS_63 | mAP50:90: 39.2754 | AP50: 98.7069 | AP70: 43.4975 
UAV_SEQS_65 | mAP50:90: 85.7617 | AP50: 94.7620 | AP70: 93.6234 
UAV_SEQS_7 | mAP50:90: 96.4440 | AP50: 100.0000 | AP70: 98.8000 
UAV_SEQS_71 | mAP50:90: 73.2928 | AP50: 90.9173 | AP70: 81.9300 
UAV_SEQS_73 | mAP50:90: 63.0085 | AP50: 89.2064 | AP70: 72.3985 
UAV_SEQS_74 | mAP50:90: 93.7595 | AP50: 100.0000 | AP70: 100.0000 
UAV_SEQS_77 | mAP50:90: 6.5376 | AP50: 9.7575 | AP70: 7.9428 
UAV_SEQS_8 | mAP50:90: 82.0905 | AP50: 100.0000 | AP70: 88.8481 
Overall            | mAP50:95: 70.8625 | AP50: 87.3173 | AP70: 75.9922 
epoch 12, iter    1: loss: 0.0061 | load time: 0.0035 | back time: 0.6387 | lr: 0.00009652 | best AP50 acc: 0.8732 | best AP70 acc: 0.7599 | best mAP acc: 0.7086 | best mAR acc: 0.7645 | best Score: 0.7086 | best Score epoch: 11 
epoch 12, iter   51: loss: 0.0063 | load time: 0.0001 | back time: 1.1490 | lr: 0.00009647 | best AP50 acc: 0.8732 | best AP70 acc: 0.7599 | best mAP acc: 0.7086 | best mAR acc: 0.7645 | best Score: 0.7086 | best Score epoch: 11 
epoch 12, iter  101: loss: 0.0057 | load time: 0.0003 | back time: 1.1594 | lr: 0.00009642 | best AP50 acc: 0.8732 | best AP70 acc: 0.7599 | best mAP acc: 0.7086 | best mAR acc: 0.7645 | best Score: 0.7086 | best Score epoch: 11 
epoch 12, iter  151: loss: 0.0063 | load time: 0.0001 | back time: 1.1637 | lr: 0.00009637 | best AP50 acc: 0.8732 | best AP70 acc: 0.7599 | best mAP acc: 0.7086 | best mAR acc: 0.7645 | best Score: 0.7086 | best Score epoch: 11 
epoch 12, iter  201: loss: 0.0062 | load time: 0.0002 | back time: 1.1690 | lr: 0.00009632 | best AP50 acc: 0.8732 | best AP70 acc: 0.7599 | best mAP acc: 0.7086 | best mAR acc: 0.7645 | best Score: 0.7086 | best Score epoch: 11 
epoch 12, iter  251: loss: 0.0069 | load time: 0.0003 | back time: 1.1581 | lr: 0.00009627 | best AP50 acc: 0.8732 | best AP70 acc: 0.7599 | best mAP acc: 0.7086 | best mAR acc: 0.7645 | best Score: 0.7086 | best Score epoch: 11 
epoch 12, iter  301: loss: 0.0064 | load time: 0.0002 | back time: 1.1662 | lr: 0.00009622 | best AP50 acc: 0.8732 | best AP70 acc: 0.7599 | best mAP acc: 0.7086 | best mAR acc: 0.7645 | best Score: 0.7086 | best Score epoch: 11 
epoch 12, iter  351: loss: 0.0058 | load time: 0.0002 | back time: 1.1684 | lr: 0.00009617 | best AP50 acc: 0.8732 | best AP70 acc: 0.7599 | best mAP acc: 0.7086 | best mAR acc: 0.7645 | best Score: 0.7086 | best Score epoch: 11 
epoch 12, iter  401: loss: 0.0062 | load time: 0.0004 | back time: 1.1615 | lr: 0.00009611 | best AP50 acc: 0.8732 | best AP70 acc: 0.7599 | best mAP acc: 0.7086 | best mAR acc: 0.7645 | best Score: 0.7086 | best Score epoch: 11 
epoch 12, iter  451: loss: 0.0064 | load time: 0.0002 | back time: 1.1562 | lr: 0.00009606 | best AP50 acc: 0.8732 | best AP70 acc: 0.7599 | best mAP acc: 0.7086 | best mAR acc: 0.7645 | best Score: 0.7086 | best Score epoch: 11 
epoch 12, iter  501: loss: 0.0093 | load time: 0.0002 | back time: 1.1499 | lr: 0.00009601 | best AP50 acc: 0.8732 | best AP70 acc: 0.7599 | best mAP acc: 0.7086 | best mAR acc: 0.7645 | best Score: 0.7086 | best Score epoch: 11 
epoch 12, iter  551: loss: 0.0059 | load time: 0.0002 | back time: 1.1657 | lr: 0.00009596 | best AP50 acc: 0.8732 | best AP70 acc: 0.7599 | best mAP acc: 0.7086 | best mAR acc: 0.7645 | best Score: 0.7086 | best Score epoch: 11 
epoch 12, iter  601: loss: 0.0072 | load time: 0.0001 | back time: 1.1570 | lr: 0.00009590 | best AP50 acc: 0.8732 | best AP70 acc: 0.7599 | best mAP acc: 0.7086 | best mAR acc: 0.7645 | best Score: 0.7086 | best Score epoch: 11 
epoch 12, iter  651: loss: 0.0058 | load time: 0.0002 | back time: 1.1542 | lr: 0.00009585 | best AP50 acc: 0.8732 | best AP70 acc: 0.7599 | best mAP acc: 0.7086 | best mAR acc: 0.7645 | best Score: 0.7086 | best Score epoch: 11 
epoch 12, iter  701: loss: 0.0062 | load time: 0.0003 | back time: 1.1567 | lr: 0.00009579 | best AP50 acc: 0.8732 | best AP70 acc: 0.7599 | best mAP acc: 0.7086 | best mAR acc: 0.7645 | best Score: 0.7086 | best Score epoch: 11 
epoch 12, iter  751: loss: 0.0061 | load time: 0.0002 | back time: 1.1580 | lr: 0.00009574 | best AP50 acc: 0.8732 | best AP70 acc: 0.7599 | best mAP acc: 0.7086 | best mAR acc: 0.7645 | best Score: 0.7086 | best Score epoch: 11 
epoch 12, iter  801: loss: 0.0067 | load time: 0.0002 | back time: 1.1568 | lr: 0.00009568 | best AP50 acc: 0.8732 | best AP70 acc: 0.7599 | best mAP acc: 0.7086 | best mAR acc: 0.7645 | best Score: 0.7086 | best Score epoch: 11 
epoch 12, iter  851: loss: 0.0067 | load time: 0.0001 | back time: 1.1555 | lr: 0.00009563 | best AP50 acc: 0.8732 | best AP70 acc: 0.7599 | best mAP acc: 0.7086 | best mAR acc: 0.7645 | best Score: 0.7086 | best Score epoch: 11 
epoch 12, iter  901: loss: 0.0064 | load time: 0.0002 | back time: 1.1550 | lr: 0.00009557 | best AP50 acc: 0.8732 | best AP70 acc: 0.7599 | best mAP acc: 0.7086 | best mAR acc: 0.7645 | best Score: 0.7086 | best Score epoch: 11 
epoch 12, iter  951: loss: 0.0106 | load time: 0.0002 | back time: 1.1547 | lr: 0.00009552 | best AP50 acc: 0.8732 | best AP70 acc: 0.7599 | best mAP acc: 0.7086 | best mAR acc: 0.7645 | best Score: 0.7086 | best Score epoch: 11 
epoch 12, iter 1001: loss: 0.0068 | load time: 0.0002 | back time: 1.1670 | lr: 0.00009546 | best AP50 acc: 0.8732 | best AP70 acc: 0.7599 | best mAP acc: 0.7086 | best mAR acc: 0.7645 | best Score: 0.7086 | best Score epoch: 11 
epoch 12, iter 1051: loss: 0.0072 | load time: 0.0002 | back time: 1.1637 | lr: 0.00009540 | best AP50 acc: 0.8732 | best AP70 acc: 0.7599 | best mAP acc: 0.7086 | best mAR acc: 0.7645 | best Score: 0.7086 | best Score epoch: 11 
epoch 12, iter 1101: loss: 0.0072 | load time: 0.0002 | back time: 1.1607 | lr: 0.00009535 | best AP50 acc: 0.8732 | best AP70 acc: 0.7599 | best mAP acc: 0.7086 | best mAR acc: 0.7645 | best Score: 0.7086 | best Score epoch: 11 
epoch 12, iter 1151: loss: 0.0066 | load time: 0.0001 | back time: 1.1544 | lr: 0.00009529 | best AP50 acc: 0.8732 | best AP70 acc: 0.7599 | best mAP acc: 0.7086 | best mAR acc: 0.7645 | best Score: 0.7086 | best Score epoch: 11 
UAV_SEQS_2 | mAP50:90: 47.7268 | AP50: 75.0362 | AP70: 43.9716 
UAV_SEQS_37 | mAP50:90: 84.1782 | AP50: 100.0000 | AP70: 85.5503 
UAV_SEQS_45 | mAP50:90: 90.1816 | AP50: 100.0000 | AP70: 99.0033 
UAV_SEQS_47 | mAP50:90: 99.7390 | AP50: 100.0000 | AP70: 100.0000 
UAV_SEQS_55 | mAP50:90: 51.6147 | AP50: 73.9168 | AP70: 55.7088 
UAV_SEQS_59 | mAP50:90: 69.5082 | AP50: 96.2950 | AP70: 74.2146 
UAV_SEQS_6 | mAP50:90: 67.5664 | AP50: 91.1010 | AP70: 68.1245 
UAV_SEQS_63 | mAP50:90: 46.0493 | AP50: 100.0000 | AP70: 51.7358 
UAV_SEQS_65 | mAP50:90: 80.4976 | AP50: 94.8444 | AP70: 90.6318 
UAV_SEQS_7 | mAP50:90: 90.3969 | AP50: 100.0000 | AP70: 100.0000 
UAV_SEQS_71 | mAP50:90: 72.2847 | AP50: 98.8642 | AP70: 75.0568 
UAV_SEQS_73 | mAP50:90: 67.1046 | AP50: 87.9701 | AP70: 76.0281 
UAV_SEQS_74 | mAP50:90: 97.9138 | AP50: 100.0000 | AP70: 100.0000 
UAV_SEQS_77 | mAP50:90: 19.6300 | AP50: 26.5849 | AP70: 24.6743 
UAV_SEQS_8 | mAP50:90: 70.6550 | AP50: 100.0000 | AP70: 83.9109 
Overall            | mAP50:95: 71.9671 | AP50: 90.2619 | AP70: 77.1873 
epoch 13, iter    1: loss: 0.0063 | load time: 0.0019 | back time: 0.7450 | lr: 0.00009529 | best AP50 acc: 0.9026 | best AP70 acc: 0.7719 | best mAP acc: 0.7197 | best mAR acc: 0.7723 | best Score: 0.7197 | best Score epoch: 12 
epoch 13, iter   51: loss: 0.0063 | load time: 0.0003 | back time: 1.1527 | lr: 0.00009523 | best AP50 acc: 0.9026 | best AP70 acc: 0.7719 | best mAP acc: 0.7197 | best mAR acc: 0.7723 | best Score: 0.7197 | best Score epoch: 12 
epoch 13, iter  101: loss: 0.0084 | load time: 0.0002 | back time: 1.1564 | lr: 0.00009517 | best AP50 acc: 0.9026 | best AP70 acc: 0.7719 | best mAP acc: 0.7197 | best mAR acc: 0.7723 | best Score: 0.7197 | best Score epoch: 12 
epoch 13, iter  151: loss: 0.0056 | load time: 0.0002 | back time: 1.1639 | lr: 0.00009511 | best AP50 acc: 0.9026 | best AP70 acc: 0.7719 | best mAP acc: 0.7197 | best mAR acc: 0.7723 | best Score: 0.7197 | best Score epoch: 12 
epoch 13, iter  201: loss: 0.0061 | load time: 0.0002 | back time: 1.1638 | lr: 0.00009506 | best AP50 acc: 0.9026 | best AP70 acc: 0.7719 | best mAP acc: 0.7197 | best mAR acc: 0.7723 | best Score: 0.7197 | best Score epoch: 12 
epoch 13, iter  251: loss: 0.0061 | load time: 0.0002 | back time: 1.1622 | lr: 0.00009500 | best AP50 acc: 0.9026 | best AP70 acc: 0.7719 | best mAP acc: 0.7197 | best mAR acc: 0.7723 | best Score: 0.7197 | best Score epoch: 12 
epoch 13, iter  301: loss: 0.0062 | load time: 0.0002 | back time: 1.1584 | lr: 0.00009494 | best AP50 acc: 0.9026 | best AP70 acc: 0.7719 | best mAP acc: 0.7197 | best mAR acc: 0.7723 | best Score: 0.7197 | best Score epoch: 12 
epoch 13, iter  351: loss: 0.0066 | load time: 0.0003 | back time: 1.1472 | lr: 0.00009488 | best AP50 acc: 0.9026 | best AP70 acc: 0.7719 | best mAP acc: 0.7197 | best mAR acc: 0.7723 | best Score: 0.7197 | best Score epoch: 12 
epoch 13, iter  401: loss: 0.0060 | load time: 0.0003 | back time: 1.1350 | lr: 0.00009482 | best AP50 acc: 0.9026 | best AP70 acc: 0.7719 | best mAP acc: 0.7197 | best mAR acc: 0.7723 | best Score: 0.7197 | best Score epoch: 12 
epoch 13, iter  451: loss: 0.0062 | load time: 0.0002 | back time: 1.1478 | lr: 0.00009476 | best AP50 acc: 0.9026 | best AP70 acc: 0.7719 | best mAP acc: 0.7197 | best mAR acc: 0.7723 | best Score: 0.7197 | best Score epoch: 12 
epoch 13, iter  501: loss: 0.0060 | load time: 0.0002 | back time: 1.1621 | lr: 0.00009470 | best AP50 acc: 0.9026 | best AP70 acc: 0.7719 | best mAP acc: 0.7197 | best mAR acc: 0.7723 | best Score: 0.7197 | best Score epoch: 12 
epoch 13, iter  551: loss: 0.0059 | load time: 0.0002 | back time: 1.1565 | lr: 0.00009464 | best AP50 acc: 0.9026 | best AP70 acc: 0.7719 | best mAP acc: 0.7197 | best mAR acc: 0.7723 | best Score: 0.7197 | best Score epoch: 12 
epoch 13, iter  601: loss: 0.0060 | load time: 0.0002 | back time: 1.1512 | lr: 0.00009457 | best AP50 acc: 0.9026 | best AP70 acc: 0.7719 | best mAP acc: 0.7197 | best mAR acc: 0.7723 | best Score: 0.7197 | best Score epoch: 12 
epoch 13, iter  651: loss: 0.0066 | load time: 0.0002 | back time: 1.1811 | lr: 0.00009451 | best AP50 acc: 0.9026 | best AP70 acc: 0.7719 | best mAP acc: 0.7197 | best mAR acc: 0.7723 | best Score: 0.7197 | best Score epoch: 12 
epoch 13, iter  701: loss: 0.0064 | load time: 0.0002 | back time: 1.1288 | lr: 0.00009445 | best AP50 acc: 0.9026 | best AP70 acc: 0.7719 | best mAP acc: 0.7197 | best mAR acc: 0.7723 | best Score: 0.7197 | best Score epoch: 12 
epoch 13, iter  751: loss: 0.0058 | load time: 0.0002 | back time: 1.1443 | lr: 0.00009439 | best AP50 acc: 0.9026 | best AP70 acc: 0.7719 | best mAP acc: 0.7197 | best mAR acc: 0.7723 | best Score: 0.7197 | best Score epoch: 12 
epoch 13, iter  801: loss: 0.0063 | load time: 0.0002 | back time: 1.1368 | lr: 0.00009433 | best AP50 acc: 0.9026 | best AP70 acc: 0.7719 | best mAP acc: 0.7197 | best mAR acc: 0.7723 | best Score: 0.7197 | best Score epoch: 12 
epoch 13, iter  851: loss: 0.0080 | load time: 0.0001 | back time: 1.1294 | lr: 0.00009426 | best AP50 acc: 0.9026 | best AP70 acc: 0.7719 | best mAP acc: 0.7197 | best mAR acc: 0.7723 | best Score: 0.7197 | best Score epoch: 12 
epoch 13, iter  901: loss: 0.0066 | load time: 0.0002 | back time: 1.1464 | lr: 0.00009420 | best AP50 acc: 0.9026 | best AP70 acc: 0.7719 | best mAP acc: 0.7197 | best mAR acc: 0.7723 | best Score: 0.7197 | best Score epoch: 12 
epoch 13, iter  951: loss: 0.0073 | load time: 0.0002 | back time: 1.1344 | lr: 0.00009414 | best AP50 acc: 0.9026 | best AP70 acc: 0.7719 | best mAP acc: 0.7197 | best mAR acc: 0.7723 | best Score: 0.7197 | best Score epoch: 12 
epoch 13, iter 1001: loss: 0.0066 | load time: 0.0003 | back time: 1.1315 | lr: 0.00009407 | best AP50 acc: 0.9026 | best AP70 acc: 0.7719 | best mAP acc: 0.7197 | best mAR acc: 0.7723 | best Score: 0.7197 | best Score epoch: 12 
epoch 13, iter 1051: loss: 0.0059 | load time: 0.0004 | back time: 1.2263 | lr: 0.00009401 | best AP50 acc: 0.9026 | best AP70 acc: 0.7719 | best mAP acc: 0.7197 | best mAR acc: 0.7723 | best Score: 0.7197 | best Score epoch: 12 
epoch 13, iter 1101: loss: 0.0067 | load time: 0.0002 | back time: 1.1345 | lr: 0.00009394 | best AP50 acc: 0.9026 | best AP70 acc: 0.7719 | best mAP acc: 0.7197 | best mAR acc: 0.7723 | best Score: 0.7197 | best Score epoch: 12 
epoch 13, iter 1151: loss: 0.0077 | load time: 0.0001 | back time: 1.1418 | lr: 0.00009388 | best AP50 acc: 0.9026 | best AP70 acc: 0.7719 | best mAP acc: 0.7197 | best mAR acc: 0.7723 | best Score: 0.7197 | best Score epoch: 12 
UAV_SEQS_2 | mAP50:90: 38.5657 | AP50: 68.4292 | AP70: 40.9205 
UAV_SEQS_37 | mAP50:90: 71.5998 | AP50: 98.9299 | AP70: 75.4341 
UAV_SEQS_45 | mAP50:90: 94.5712 | AP50: 100.0000 | AP70: 100.0000 
UAV_SEQS_47 | mAP50:90: 96.1414 | AP50: 100.0000 | AP70: 100.0000 
UAV_SEQS_55 | mAP50:90: 50.4154 | AP50: 76.0175 | AP70: 49.9420 
UAV_SEQS_59 | mAP50:90: 65.0308 | AP50: 95.4526 | AP70: 74.8314 
UAV_SEQS_6 | mAP50:90: 63.7925 | AP50: 89.8819 | AP70: 65.9320 
UAV_SEQS_63 | mAP50:90: 70.3160 | AP50: 100.0000 | AP70: 82.5367 
UAV_SEQS_65 | mAP50:90: 73.8467 | AP50: 95.3929 | AP70: 88.6161 
UAV_SEQS_7 | mAP50:90: 94.7962 | AP50: 100.0000 | AP70: 100.0000 
UAV_SEQS_71 | mAP50:90: 68.4310 | AP50: 91.1187 | AP70: 80.3884 
UAV_SEQS_73 | mAP50:90: 63.8816 | AP50: 87.4693 | AP70: 72.3375 
UAV_SEQS_74 | mAP50:90: 73.5173 | AP50: 100.0000 | AP70: 92.6740 
UAV_SEQS_77 | mAP50:90: 30.9226 | AP50: 35.6949 | AP70: 35.6949 
UAV_SEQS_8 | mAP50:90: 60.0494 | AP50: 100.0000 | AP70: 75.4488 
Overall            | mAP50:95: 67.8034 | AP50: 89.2619 | AP70: 76.1110 
epoch 14, iter    1: loss: 0.0069 | load time: 0.0016 | back time: 0.7167 | lr: 0.00009388 | best AP50 acc: 0.9026 | best AP70 acc: 0.7719 | best mAP acc: 0.7197 | best mAR acc: 0.7723 | best Score: 0.7197 | best Score epoch: 12 
epoch 14, iter   51: loss: 0.0057 | load time: 0.0001 | back time: 1.1573 | lr: 0.00009381 | best AP50 acc: 0.9026 | best AP70 acc: 0.7719 | best mAP acc: 0.7197 | best mAR acc: 0.7723 | best Score: 0.7197 | best Score epoch: 12 
epoch 14, iter  101: loss: 0.0062 | load time: 0.0002 | back time: 1.1411 | lr: 0.00009375 | best AP50 acc: 0.9026 | best AP70 acc: 0.7719 | best mAP acc: 0.7197 | best mAR acc: 0.7723 | best Score: 0.7197 | best Score epoch: 12 
epoch 14, iter  151: loss: 0.0060 | load time: 0.0002 | back time: 1.1742 | lr: 0.00009368 | best AP50 acc: 0.9026 | best AP70 acc: 0.7719 | best mAP acc: 0.7197 | best mAR acc: 0.7723 | best Score: 0.7197 | best Score epoch: 12 
epoch 14, iter  201: loss: 0.0058 | load time: 0.0002 | back time: 1.1862 | lr: 0.00009361 | best AP50 acc: 0.9026 | best AP70 acc: 0.7719 | best mAP acc: 0.7197 | best mAR acc: 0.7723 | best Score: 0.7197 | best Score epoch: 12 
epoch 14, iter  251: loss: 0.0081 | load time: 0.0002 | back time: 1.1342 | lr: 0.00009355 | best AP50 acc: 0.9026 | best AP70 acc: 0.7719 | best mAP acc: 0.7197 | best mAR acc: 0.7723 | best Score: 0.7197 | best Score epoch: 12 
epoch 14, iter  301: loss: 0.0059 | load time: 0.0002 | back time: 1.1337 | lr: 0.00009348 | best AP50 acc: 0.9026 | best AP70 acc: 0.7719 | best mAP acc: 0.7197 | best mAR acc: 0.7723 | best Score: 0.7197 | best Score epoch: 12 
epoch 14, iter  351: loss: 0.0067 | load time: 0.0002 | back time: 1.1298 | lr: 0.00009341 | best AP50 acc: 0.9026 | best AP70 acc: 0.7719 | best mAP acc: 0.7197 | best mAR acc: 0.7723 | best Score: 0.7197 | best Score epoch: 12 
epoch 14, iter  401: loss: 0.0058 | load time: 0.0002 | back time: 1.1285 | lr: 0.00009335 | best AP50 acc: 0.9026 | best AP70 acc: 0.7719 | best mAP acc: 0.7197 | best mAR acc: 0.7723 | best Score: 0.7197 | best Score epoch: 12 
epoch 14, iter  451: loss: 0.0060 | load time: 0.0002 | back time: 1.1324 | lr: 0.00009328 | best AP50 acc: 0.9026 | best AP70 acc: 0.7719 | best mAP acc: 0.7197 | best mAR acc: 0.7723 | best Score: 0.7197 | best Score epoch: 12 
epoch 14, iter  501: loss: 0.0076 | load time: 0.0002 | back time: 1.1327 | lr: 0.00009321 | best AP50 acc: 0.9026 | best AP70 acc: 0.7719 | best mAP acc: 0.7197 | best mAR acc: 0.7723 | best Score: 0.7197 | best Score epoch: 12 
epoch 14, iter  551: loss: 0.0060 | load time: 0.0003 | back time: 1.1510 | lr: 0.00009314 | best AP50 acc: 0.9026 | best AP70 acc: 0.7719 | best mAP acc: 0.7197 | best mAR acc: 0.7723 | best Score: 0.7197 | best Score epoch: 12 
epoch 14, iter  601: loss: 0.0074 | load time: 0.0001 | back time: 1.2366 | lr: 0.00009307 | best AP50 acc: 0.9026 | best AP70 acc: 0.7719 | best mAP acc: 0.7197 | best mAR acc: 0.7723 | best Score: 0.7197 | best Score epoch: 12 
epoch 14, iter  651: loss: 0.0059 | load time: 0.0002 | back time: 1.1368 | lr: 0.00009300 | best AP50 acc: 0.9026 | best AP70 acc: 0.7719 | best mAP acc: 0.7197 | best mAR acc: 0.7723 | best Score: 0.7197 | best Score epoch: 12 
epoch 14, iter  701: loss: 0.0062 | load time: 0.0001 | back time: 1.1441 | lr: 0.00009293 | best AP50 acc: 0.9026 | best AP70 acc: 0.7719 | best mAP acc: 0.7197 | best mAR acc: 0.7723 | best Score: 0.7197 | best Score epoch: 12 
epoch 14, iter  751: loss: 0.0061 | load time: 0.0003 | back time: 1.1477 | lr: 0.00009286 | best AP50 acc: 0.9026 | best AP70 acc: 0.7719 | best mAP acc: 0.7197 | best mAR acc: 0.7723 | best Score: 0.7197 | best Score epoch: 12 
epoch 14, iter  801: loss: 0.0059 | load time: 0.0002 | back time: 1.1591 | lr: 0.00009279 | best AP50 acc: 0.9026 | best AP70 acc: 0.7719 | best mAP acc: 0.7197 | best mAR acc: 0.7723 | best Score: 0.7197 | best Score epoch: 12 
epoch 14, iter  851: loss: 0.0063 | load time: 0.0001 | back time: 1.1879 | lr: 0.00009272 | best AP50 acc: 0.9026 | best AP70 acc: 0.7719 | best mAP acc: 0.7197 | best mAR acc: 0.7723 | best Score: 0.7197 | best Score epoch: 12 
epoch 14, iter  901: loss: 0.0065 | load time: 0.0002 | back time: 1.1505 | lr: 0.00009265 | best AP50 acc: 0.9026 | best AP70 acc: 0.7719 | best mAP acc: 0.7197 | best mAR acc: 0.7723 | best Score: 0.7197 | best Score epoch: 12 
epoch 14, iter  951: loss: 0.0063 | load time: 0.0002 | back time: 1.1527 | lr: 0.00009258 | best AP50 acc: 0.9026 | best AP70 acc: 0.7719 | best mAP acc: 0.7197 | best mAR acc: 0.7723 | best Score: 0.7197 | best Score epoch: 12 
epoch 14, iter 1001: loss: 0.0064 | load time: 0.0002 | back time: 1.1528 | lr: 0.00009251 | best AP50 acc: 0.9026 | best AP70 acc: 0.7719 | best mAP acc: 0.7197 | best mAR acc: 0.7723 | best Score: 0.7197 | best Score epoch: 12 
epoch 14, iter 1051: loss: 0.0056 | load time: 0.0002 | back time: 1.1518 | lr: 0.00009244 | best AP50 acc: 0.9026 | best AP70 acc: 0.7719 | best mAP acc: 0.7197 | best mAR acc: 0.7723 | best Score: 0.7197 | best Score epoch: 12 
epoch 14, iter 1101: loss: 0.0066 | load time: 0.0002 | back time: 1.1478 | lr: 0.00009237 | best AP50 acc: 0.9026 | best AP70 acc: 0.7719 | best mAP acc: 0.7197 | best mAR acc: 0.7723 | best Score: 0.7197 | best Score epoch: 12 
epoch 14, iter 1151: loss: 0.0058 | load time: 0.0001 | back time: 1.0377 | lr: 0.00009230 | best AP50 acc: 0.9026 | best AP70 acc: 0.7719 | best mAP acc: 0.7197 | best mAR acc: 0.7723 | best Score: 0.7197 | best Score epoch: 12 
UAV_SEQS_2 | mAP50:90: 55.0616 | AP50: 82.9548 | AP70: 61.5848 
UAV_SEQS_37 | mAP50:90: 78.2858 | AP50: 98.8925 | AP70: 81.0439 
UAV_SEQS_45 | mAP50:90: 97.8293 | AP50: 100.0000 | AP70: 100.0000 
UAV_SEQS_47 | mAP50:90: 99.0971 | AP50: 100.0000 | AP70: 100.0000 
UAV_SEQS_55 | mAP50:90: 33.4357 | AP50: 60.9468 | AP70: 35.3650 
UAV_SEQS_59 | mAP50:90: 71.2118 | AP50: 96.9118 | AP70: 81.1150 
UAV_SEQS_6 | mAP50:90: 65.4240 | AP50: 88.0444 | AP70: 64.9015 
UAV_SEQS_63 | mAP50:90: 27.8762 | AP50: 82.4411 | AP70: 7.6597 
UAV_SEQS_65 | mAP50:90: 80.2882 | AP50: 96.3458 | AP70: 91.2369 
UAV_SEQS_7 | mAP50:90: 80.1043 | AP50: 100.0000 | AP70: 96.9796 
UAV_SEQS_71 | mAP50:90: 71.9476 | AP50: 98.7257 | AP70: 78.5410 
UAV_SEQS_73 | mAP50:90: 63.6699 | AP50: 88.4190 | AP70: 73.5094 
UAV_SEQS_74 | mAP50:90: 96.3011 | AP50: 100.0000 | AP70: 100.0000 
UAV_SEQS_77 | mAP50:90: 38.7229 | AP50: 42.9647 | AP70: 42.7624 
UAV_SEQS_8 | mAP50:90: 88.4943 | AP50: 100.0000 | AP70: 91.2475 
Overall            | mAP50:95: 69.9076 | AP50: 89.9259 | AP70: 73.3538 
epoch 15, iter    1: loss: 0.0055 | load time: 0.0028 | back time: 0.7723 | lr: 0.00009229 | best AP50 acc: 0.9026 | best AP70 acc: 0.7719 | best mAP acc: 0.7197 | best mAR acc: 0.7723 | best Score: 0.7197 | best Score epoch: 12 
epoch 15, iter   51: loss: 0.0064 | load time: 0.0002 | back time: 1.1431 | lr: 0.00009222 | best AP50 acc: 0.9026 | best AP70 acc: 0.7719 | best mAP acc: 0.7197 | best mAR acc: 0.7723 | best Score: 0.7197 | best Score epoch: 12 
epoch 15, iter  101: loss: 0.0063 | load time: 0.0002 | back time: 1.1490 | lr: 0.00009215 | best AP50 acc: 0.9026 | best AP70 acc: 0.7719 | best mAP acc: 0.7197 | best mAR acc: 0.7723 | best Score: 0.7197 | best Score epoch: 12 
epoch 15, iter  151: loss: 0.0061 | load time: 0.0002 | back time: 1.1571 | lr: 0.00009207 | best AP50 acc: 0.9026 | best AP70 acc: 0.7719 | best mAP acc: 0.7197 | best mAR acc: 0.7723 | best Score: 0.7197 | best Score epoch: 12 
epoch 15, iter  201: loss: 0.0058 | load time: 0.0002 | back time: 1.1779 | lr: 0.00009200 | best AP50 acc: 0.9026 | best AP70 acc: 0.7719 | best mAP acc: 0.7197 | best mAR acc: 0.7723 | best Score: 0.7197 | best Score epoch: 12 
epoch 15, iter  251: loss: 0.0064 | load time: 0.0002 | back time: 1.1545 | lr: 0.00009193 | best AP50 acc: 0.9026 | best AP70 acc: 0.7719 | best mAP acc: 0.7197 | best mAR acc: 0.7723 | best Score: 0.7197 | best Score epoch: 12 
epoch 15, iter  301: loss: 0.0061 | load time: 0.0001 | back time: 1.1493 | lr: 0.00009185 | best AP50 acc: 0.9026 | best AP70 acc: 0.7719 | best mAP acc: 0.7197 | best mAR acc: 0.7723 | best Score: 0.7197 | best Score epoch: 12 
epoch 15, iter  351: loss: 0.0073 | load time: 0.0003 | back time: 1.1521 | lr: 0.00009178 | best AP50 acc: 0.9026 | best AP70 acc: 0.7719 | best mAP acc: 0.7197 | best mAR acc: 0.7723 | best Score: 0.7197 | best Score epoch: 12 
epoch 15, iter  401: loss: 0.0061 | load time: 0.0002 | back time: 1.1367 | lr: 0.00009170 | best AP50 acc: 0.9026 | best AP70 acc: 0.7719 | best mAP acc: 0.7197 | best mAR acc: 0.7723 | best Score: 0.7197 | best Score epoch: 12 
epoch 15, iter  451: loss: 0.0056 | load time: 0.0002 | back time: 1.1365 | lr: 0.00009163 | best AP50 acc: 0.9026 | best AP70 acc: 0.7719 | best mAP acc: 0.7197 | best mAR acc: 0.7723 | best Score: 0.7197 | best Score epoch: 12 
epoch 15, iter  501: loss: 0.0069 | load time: 0.0002 | back time: 1.1489 | lr: 0.00009155 | best AP50 acc: 0.9026 | best AP70 acc: 0.7719 | best mAP acc: 0.7197 | best mAR acc: 0.7723 | best Score: 0.7197 | best Score epoch: 12 
epoch 15, iter  551: loss: 0.0063 | load time: 0.0002 | back time: 1.1526 | lr: 0.00009148 | best AP50 acc: 0.9026 | best AP70 acc: 0.7719 | best mAP acc: 0.7197 | best mAR acc: 0.7723 | best Score: 0.7197 | best Score epoch: 12 
epoch 15, iter  601: loss: 0.0057 | load time: 0.0002 | back time: 1.1540 | lr: 0.00009140 | best AP50 acc: 0.9026 | best AP70 acc: 0.7719 | best mAP acc: 0.7197 | best mAR acc: 0.7723 | best Score: 0.7197 | best Score epoch: 12 
epoch 15, iter  651: loss: 0.0061 | load time: 0.0002 | back time: 1.1474 | lr: 0.00009133 | best AP50 acc: 0.9026 | best AP70 acc: 0.7719 | best mAP acc: 0.7197 | best mAR acc: 0.7723 | best Score: 0.7197 | best Score epoch: 12 
epoch 15, iter  701: loss: 0.0068 | load time: 0.0002 | back time: 1.1554 | lr: 0.00009125 | best AP50 acc: 0.9026 | best AP70 acc: 0.7719 | best mAP acc: 0.7197 | best mAR acc: 0.7723 | best Score: 0.7197 | best Score epoch: 12 
epoch 15, iter  751: loss: 0.0066 | load time: 0.0003 | back time: 1.1611 | lr: 0.00009117 | best AP50 acc: 0.9026 | best AP70 acc: 0.7719 | best mAP acc: 0.7197 | best mAR acc: 0.7723 | best Score: 0.7197 | best Score epoch: 12 
epoch 15, iter  801: loss: 0.0066 | load time: 0.0002 | back time: 1.1611 | lr: 0.00009110 | best AP50 acc: 0.9026 | best AP70 acc: 0.7719 | best mAP acc: 0.7197 | best mAR acc: 0.7723 | best Score: 0.7197 | best Score epoch: 12 
epoch 15, iter  851: loss: 0.0064 | load time: 0.0002 | back time: 1.1613 | lr: 0.00009102 | best AP50 acc: 0.9026 | best AP70 acc: 0.7719 | best mAP acc: 0.7197 | best mAR acc: 0.7723 | best Score: 0.7197 | best Score epoch: 12 
epoch 15, iter  901: loss: 0.0059 | load time: 0.0001 | back time: 1.1496 | lr: 0.00009094 | best AP50 acc: 0.9026 | best AP70 acc: 0.7719 | best mAP acc: 0.7197 | best mAR acc: 0.7723 | best Score: 0.7197 | best Score epoch: 12 
epoch 15, iter  951: loss: 0.0058 | load time: 0.0004 | back time: 1.1540 | lr: 0.00009086 | best AP50 acc: 0.9026 | best AP70 acc: 0.7719 | best mAP acc: 0.7197 | best mAR acc: 0.7723 | best Score: 0.7197 | best Score epoch: 12 
epoch 15, iter 1001: loss: 0.0057 | load time: 0.0003 | back time: 1.1621 | lr: 0.00009078 | best AP50 acc: 0.9026 | best AP70 acc: 0.7719 | best mAP acc: 0.7197 | best mAR acc: 0.7723 | best Score: 0.7197 | best Score epoch: 12 
epoch 15, iter 1051: loss: 0.0063 | load time: 0.0002 | back time: 1.1559 | lr: 0.00009071 | best AP50 acc: 0.9026 | best AP70 acc: 0.7719 | best mAP acc: 0.7197 | best mAR acc: 0.7723 | best Score: 0.7197 | best Score epoch: 12 
epoch 15, iter 1101: loss: 0.0056 | load time: 0.0001 | back time: 1.1558 | lr: 0.00009063 | best AP50 acc: 0.9026 | best AP70 acc: 0.7719 | best mAP acc: 0.7197 | best mAR acc: 0.7723 | best Score: 0.7197 | best Score epoch: 12 
epoch 15, iter 1151: loss: 0.0067 | load time: 0.0002 | back time: 1.1618 | lr: 0.00009055 | best AP50 acc: 0.9026 | best AP70 acc: 0.7719 | best mAP acc: 0.7197 | best mAR acc: 0.7723 | best Score: 0.7197 | best Score epoch: 12 
UAV_SEQS_2 | mAP50:90: 59.8351 | AP50: 82.0340 | AP70: 67.0053 
UAV_SEQS_37 | mAP50:90: 87.9346 | AP50: 100.0000 | AP70: 97.3130 
UAV_SEQS_45 | mAP50:90: 91.8097 | AP50: 100.0000 | AP70: 100.0000 
UAV_SEQS_47 | mAP50:90: 99.3133 | AP50: 100.0000 | AP70: 100.0000 
UAV_SEQS_55 | mAP50:90: 41.8672 | AP50: 68.1358 | AP70: 42.2930 
UAV_SEQS_59 | mAP50:90: 68.4114 | AP50: 94.8368 | AP70: 69.7382 
UAV_SEQS_6 | mAP50:90: 64.7849 | AP50: 82.2011 | AP70: 67.8940 
UAV_SEQS_63 | mAP50:90: 50.0188 | AP50: 98.8878 | AP70: 46.5959 
UAV_SEQS_65 | mAP50:90: 79.2865 | AP50: 94.6910 | AP70: 91.2625 
UAV_SEQS_7 | mAP50:90: 98.2587 | AP50: 100.0000 | AP70: 100.0000 
UAV_SEQS_71 | mAP50:90: 68.2834 | AP50: 98.9735 | AP70: 68.8742 
UAV_SEQS_73 | mAP50:90: 65.4405 | AP50: 87.5004 | AP70: 77.7369 
UAV_SEQS_74 | mAP50:90: 94.5017 | AP50: 100.0000 | AP70: 100.0000 
UAV_SEQS_77 | mAP50:90: 33.2292 | AP50: 35.4916 | AP70: 35.4916 
UAV_SEQS_8 | mAP50:90: 92.2654 | AP50: 100.0000 | AP70: 100.0000 
Overall            | mAP50:95: 74.5628 | AP50: 90.1242 | AP70: 79.8997 
epoch 16, iter    1: loss: 0.0063 | load time: 0.0018 | back time: 0.7963 | lr: 0.00009054 | best AP50 acc: 0.9012 | best AP70 acc: 0.7990 | best mAP acc: 0.7456 | best mAR acc: 0.7964 | best Score: 0.7456 | best Score epoch: 15 
epoch 16, iter   51: loss: 0.0065 | load time: 0.0003 | back time: 1.1554 | lr: 0.00009047 | best AP50 acc: 0.9012 | best AP70 acc: 0.7990 | best mAP acc: 0.7456 | best mAR acc: 0.7964 | best Score: 0.7456 | best Score epoch: 15 
epoch 16, iter  101: loss: 0.0062 | load time: 0.0002 | back time: 1.1668 | lr: 0.00009039 | best AP50 acc: 0.9012 | best AP70 acc: 0.7990 | best mAP acc: 0.7456 | best mAR acc: 0.7964 | best Score: 0.7456 | best Score epoch: 15 
epoch 16, iter  151: loss: 0.0057 | load time: 0.0002 | back time: 1.1632 | lr: 0.00009031 | best AP50 acc: 0.9012 | best AP70 acc: 0.7990 | best mAP acc: 0.7456 | best mAR acc: 0.7964 | best Score: 0.7456 | best Score epoch: 15 
epoch 16, iter  201: loss: 0.0060 | load time: 0.0002 | back time: 1.1665 | lr: 0.00009022 | best AP50 acc: 0.9012 | best AP70 acc: 0.7990 | best mAP acc: 0.7456 | best mAR acc: 0.7964 | best Score: 0.7456 | best Score epoch: 15 
epoch 16, iter  251: loss: 0.0062 | load time: 0.0002 | back time: 1.1612 | lr: 0.00009014 | best AP50 acc: 0.9012 | best AP70 acc: 0.7990 | best mAP acc: 0.7456 | best mAR acc: 0.7964 | best Score: 0.7456 | best Score epoch: 15 
epoch 16, iter  301: loss: 0.0060 | load time: 0.0003 | back time: 1.1583 | lr: 0.00009006 | best AP50 acc: 0.9012 | best AP70 acc: 0.7990 | best mAP acc: 0.7456 | best mAR acc: 0.7964 | best Score: 0.7456 | best Score epoch: 15 
epoch 16, iter  351: loss: 0.0064 | load time: 0.0002 | back time: 1.1547 | lr: 0.00008998 | best AP50 acc: 0.9012 | best AP70 acc: 0.7990 | best mAP acc: 0.7456 | best mAR acc: 0.7964 | best Score: 0.7456 | best Score epoch: 15 
epoch 16, iter  401: loss: 0.0059 | load time: 0.0001 | back time: 1.1550 | lr: 0.00008990 | best AP50 acc: 0.9012 | best AP70 acc: 0.7990 | best mAP acc: 0.7456 | best mAR acc: 0.7964 | best Score: 0.7456 | best Score epoch: 15 
epoch 16, iter  451: loss: 0.0073 | load time: 0.0002 | back time: 1.1575 | lr: 0.00008982 | best AP50 acc: 0.9012 | best AP70 acc: 0.7990 | best mAP acc: 0.7456 | best mAR acc: 0.7964 | best Score: 0.7456 | best Score epoch: 15 
epoch 16, iter  501: loss: 0.0067 | load time: 0.0002 | back time: 1.1697 | lr: 0.00008974 | best AP50 acc: 0.9012 | best AP70 acc: 0.7990 | best mAP acc: 0.7456 | best mAR acc: 0.7964 | best Score: 0.7456 | best Score epoch: 15 
epoch 16, iter  551: loss: 0.0060 | load time: 0.0003 | back time: 1.1749 | lr: 0.00008965 | best AP50 acc: 0.9012 | best AP70 acc: 0.7990 | best mAP acc: 0.7456 | best mAR acc: 0.7964 | best Score: 0.7456 | best Score epoch: 15 
epoch 16, iter  601: loss: 0.0061 | load time: 0.0002 | back time: 1.1589 | lr: 0.00008957 | best AP50 acc: 0.9012 | best AP70 acc: 0.7990 | best mAP acc: 0.7456 | best mAR acc: 0.7964 | best Score: 0.7456 | best Score epoch: 15 
epoch 16, iter  651: loss: 0.0065 | load time: 0.0003 | back time: 1.1589 | lr: 0.00008949 | best AP50 acc: 0.9012 | best AP70 acc: 0.7990 | best mAP acc: 0.7456 | best mAR acc: 0.7964 | best Score: 0.7456 | best Score epoch: 15 
epoch 16, iter  701: loss: 0.0057 | load time: 0.0002 | back time: 1.1614 | lr: 0.00008940 | best AP50 acc: 0.9012 | best AP70 acc: 0.7990 | best mAP acc: 0.7456 | best mAR acc: 0.7964 | best Score: 0.7456 | best Score epoch: 15 
epoch 16, iter  751: loss: 0.0061 | load time: 0.0005 | back time: 1.1582 | lr: 0.00008932 | best AP50 acc: 0.9012 | best AP70 acc: 0.7990 | best mAP acc: 0.7456 | best mAR acc: 0.7964 | best Score: 0.7456 | best Score epoch: 15 
epoch 16, iter  801: loss: 0.0059 | load time: 0.0002 | back time: 1.1581 | lr: 0.00008924 | best AP50 acc: 0.9012 | best AP70 acc: 0.7990 | best mAP acc: 0.7456 | best mAR acc: 0.7964 | best Score: 0.7456 | best Score epoch: 15 
epoch 16, iter  851: loss: 0.0059 | load time: 0.0002 | back time: 1.1632 | lr: 0.00008915 | best AP50 acc: 0.9012 | best AP70 acc: 0.7990 | best mAP acc: 0.7456 | best mAR acc: 0.7964 | best Score: 0.7456 | best Score epoch: 15 
epoch 16, iter  901: loss: 0.0057 | load time: 0.0002 | back time: 1.1748 | lr: 0.00008907 | best AP50 acc: 0.9012 | best AP70 acc: 0.7990 | best mAP acc: 0.7456 | best mAR acc: 0.7964 | best Score: 0.7456 | best Score epoch: 15 
epoch 16, iter  951: loss: 0.0059 | load time: 0.0003 | back time: 1.1689 | lr: 0.00008898 | best AP50 acc: 0.9012 | best AP70 acc: 0.7990 | best mAP acc: 0.7456 | best mAR acc: 0.7964 | best Score: 0.7456 | best Score epoch: 15 
epoch 16, iter 1001: loss: 0.0062 | load time: 0.0003 | back time: 1.1628 | lr: 0.00008890 | best AP50 acc: 0.9012 | best AP70 acc: 0.7990 | best mAP acc: 0.7456 | best mAR acc: 0.7964 | best Score: 0.7456 | best Score epoch: 15 
epoch 16, iter 1051: loss: 0.0062 | load time: 0.0004 | back time: 1.1604 | lr: 0.00008881 | best AP50 acc: 0.9012 | best AP70 acc: 0.7990 | best mAP acc: 0.7456 | best mAR acc: 0.7964 | best Score: 0.7456 | best Score epoch: 15 
epoch 16, iter 1101: loss: 0.0061 | load time: 0.0002 | back time: 1.1578 | lr: 0.00008873 | best AP50 acc: 0.9012 | best AP70 acc: 0.7990 | best mAP acc: 0.7456 | best mAR acc: 0.7964 | best Score: 0.7456 | best Score epoch: 15 
epoch 16, iter 1151: loss: 0.0064 | load time: 0.0002 | back time: 1.1559 | lr: 0.00008864 | best AP50 acc: 0.9012 | best AP70 acc: 0.7990 | best mAP acc: 0.7456 | best mAR acc: 0.7964 | best Score: 0.7456 | best Score epoch: 15 
UAV_SEQS_2 | mAP50:90: 62.4054 | AP50: 85.0257 | AP70: 66.1531 
UAV_SEQS_37 | mAP50:90: 80.9663 | AP50: 98.8495 | AP70: 88.0728 
UAV_SEQS_45 | mAP50:90: 97.7056 | AP50: 100.0000 | AP70: 100.0000 
UAV_SEQS_47 | mAP50:90: 96.8127 | AP50: 100.0000 | AP70: 100.0000 
UAV_SEQS_55 | mAP50:90: 41.1187 | AP50: 64.7777 | AP70: 41.7389 
UAV_SEQS_59 | mAP50:90: 78.4910 | AP50: 97.4301 | AP70: 87.2551 
UAV_SEQS_6 | mAP50:90: 61.7026 | AP50: 84.7537 | AP70: 59.7911 
UAV_SEQS_63 | mAP50:90: 45.3422 | AP50: 98.9111 | AP70: 38.6566 
UAV_SEQS_65 | mAP50:90: 85.3452 | AP50: 95.1882 | AP70: 94.1491 
UAV_SEQS_7 | mAP50:90: 96.2135 | AP50: 100.0000 | AP70: 100.0000 
UAV_SEQS_71 | mAP50:90: 62.3081 | AP50: 91.9313 | AP70: 65.8752 
UAV_SEQS_73 | mAP50:90: 63.9569 | AP50: 87.6627 | AP70: 73.8456 
UAV_SEQS_74 | mAP50:90: 94.3147 | AP50: 100.0000 | AP70: 100.0000 
UAV_SEQS_77 | mAP50:90: 20.5480 | AP50: 26.8557 | AP70: 23.9495 
UAV_SEQS_8 | mAP50:90: 95.3960 | AP50: 100.0000 | AP70: 96.7261 
Overall            | mAP50:95: 73.6619 | AP50: 89.2129 | AP70: 77.9717 
epoch 17, iter    1: loss: 0.0060 | load time: 0.0022 | back time: 0.8162 | lr: 0.00008864 | best AP50 acc: 0.9012 | best AP70 acc: 0.7990 | best mAP acc: 0.7456 | best mAR acc: 0.7964 | best Score: 0.7456 | best Score epoch: 15 
epoch 17, iter   51: loss: 0.0059 | load time: 0.0002 | back time: 1.1516 | lr: 0.00008855 | best AP50 acc: 0.9012 | best AP70 acc: 0.7990 | best mAP acc: 0.7456 | best mAR acc: 0.7964 | best Score: 0.7456 | best Score epoch: 15 
epoch 17, iter  101: loss: 0.0060 | load time: 0.0003 | back time: 1.1635 | lr: 0.00008847 | best AP50 acc: 0.9012 | best AP70 acc: 0.7990 | best mAP acc: 0.7456 | best mAR acc: 0.7964 | best Score: 0.7456 | best Score epoch: 15 
epoch 17, iter  151: loss: 0.0064 | load time: 0.0003 | back time: 1.1731 | lr: 0.00008838 | best AP50 acc: 0.9012 | best AP70 acc: 0.7990 | best mAP acc: 0.7456 | best mAR acc: 0.7964 | best Score: 0.7456 | best Score epoch: 15 
epoch 17, iter  201: loss: 0.0062 | load time: 0.0002 | back time: 1.1717 | lr: 0.00008829 | best AP50 acc: 0.9012 | best AP70 acc: 0.7990 | best mAP acc: 0.7456 | best mAR acc: 0.7964 | best Score: 0.7456 | best Score epoch: 15 
epoch 17, iter  251: loss: 0.0062 | load time: 0.0002 | back time: 1.1659 | lr: 0.00008820 | best AP50 acc: 0.9012 | best AP70 acc: 0.7990 | best mAP acc: 0.7456 | best mAR acc: 0.7964 | best Score: 0.7456 | best Score epoch: 15 
epoch 17, iter  301: loss: 0.0057 | load time: 0.0002 | back time: 1.1586 | lr: 0.00008812 | best AP50 acc: 0.9012 | best AP70 acc: 0.7990 | best mAP acc: 0.7456 | best mAR acc: 0.7964 | best Score: 0.7456 | best Score epoch: 15 
epoch 17, iter  351: loss: 0.0061 | load time: 0.0002 | back time: 1.1715 | lr: 0.00008803 | best AP50 acc: 0.9012 | best AP70 acc: 0.7990 | best mAP acc: 0.7456 | best mAR acc: 0.7964 | best Score: 0.7456 | best Score epoch: 15 
epoch 17, iter  401: loss: 0.0060 | load time: 0.0002 | back time: 1.1669 | lr: 0.00008794 | best AP50 acc: 0.9012 | best AP70 acc: 0.7990 | best mAP acc: 0.7456 | best mAR acc: 0.7964 | best Score: 0.7456 | best Score epoch: 15 
epoch 17, iter  451: loss: 0.0060 | load time: 0.0002 | back time: 1.1625 | lr: 0.00008785 | best AP50 acc: 0.9012 | best AP70 acc: 0.7990 | best mAP acc: 0.7456 | best mAR acc: 0.7964 | best Score: 0.7456 | best Score epoch: 15 
epoch 17, iter  501: loss: 0.0056 | load time: 0.0003 | back time: 1.1553 | lr: 0.00008776 | best AP50 acc: 0.9012 | best AP70 acc: 0.7990 | best mAP acc: 0.7456 | best mAR acc: 0.7964 | best Score: 0.7456 | best Score epoch: 15 
epoch 17, iter  551: loss: 0.0066 | load time: 0.0002 | back time: 1.1520 | lr: 0.00008768 | best AP50 acc: 0.9012 | best AP70 acc: 0.7990 | best mAP acc: 0.7456 | best mAR acc: 0.7964 | best Score: 0.7456 | best Score epoch: 15 
epoch 17, iter  601: loss: 0.0062 | load time: 0.0002 | back time: 1.1597 | lr: 0.00008759 | best AP50 acc: 0.9012 | best AP70 acc: 0.7990 | best mAP acc: 0.7456 | best mAR acc: 0.7964 | best Score: 0.7456 | best Score epoch: 15 
epoch 17, iter  651: loss: 0.0059 | load time: 0.0003 | back time: 1.1679 | lr: 0.00008750 | best AP50 acc: 0.9012 | best AP70 acc: 0.7990 | best mAP acc: 0.7456 | best mAR acc: 0.7964 | best Score: 0.7456 | best Score epoch: 15 
epoch 17, iter  701: loss: 0.0068 | load time: 0.0002 | back time: 1.1369 | lr: 0.00008741 | best AP50 acc: 0.9012 | best AP70 acc: 0.7990 | best mAP acc: 0.7456 | best mAR acc: 0.7964 | best Score: 0.7456 | best Score epoch: 15 
epoch 17, iter  751: loss: 0.0060 | load time: 0.0002 | back time: 1.0987 | lr: 0.00008732 | best AP50 acc: 0.9012 | best AP70 acc: 0.7990 | best mAP acc: 0.7456 | best mAR acc: 0.7964 | best Score: 0.7456 | best Score epoch: 15 
epoch 17, iter  801: loss: 0.0061 | load time: 0.0003 | back time: 1.1652 | lr: 0.00008723 | best AP50 acc: 0.9012 | best AP70 acc: 0.7990 | best mAP acc: 0.7456 | best mAR acc: 0.7964 | best Score: 0.7456 | best Score epoch: 15 
epoch 17, iter  851: loss: 0.0063 | load time: 0.0001 | back time: 1.1421 | lr: 0.00008714 | best AP50 acc: 0.9012 | best AP70 acc: 0.7990 | best mAP acc: 0.7456 | best mAR acc: 0.7964 | best Score: 0.7456 | best Score epoch: 15 
epoch 17, iter  901: loss: 0.0059 | load time: 0.0002 | back time: 1.1586 | lr: 0.00008704 | best AP50 acc: 0.9012 | best AP70 acc: 0.7990 | best mAP acc: 0.7456 | best mAR acc: 0.7964 | best Score: 0.7456 | best Score epoch: 15 
epoch 17, iter  951: loss: 0.0060 | load time: 0.0001 | back time: 1.1616 | lr: 0.00008695 | best AP50 acc: 0.9012 | best AP70 acc: 0.7990 | best mAP acc: 0.7456 | best mAR acc: 0.7964 | best Score: 0.7456 | best Score epoch: 15 
epoch 17, iter 1001: loss: 0.0061 | load time: 0.0003 | back time: 1.1958 | lr: 0.00008686 | best AP50 acc: 0.9012 | best AP70 acc: 0.7990 | best mAP acc: 0.7456 | best mAR acc: 0.7964 | best Score: 0.7456 | best Score epoch: 15 
epoch 17, iter 1051: loss: 0.0058 | load time: 0.0002 | back time: 1.1774 | lr: 0.00008677 | best AP50 acc: 0.9012 | best AP70 acc: 0.7990 | best mAP acc: 0.7456 | best mAR acc: 0.7964 | best Score: 0.7456 | best Score epoch: 15 
epoch 17, iter 1101: loss: 0.0068 | load time: 0.0003 | back time: 1.1416 | lr: 0.00008668 | best AP50 acc: 0.9012 | best AP70 acc: 0.7990 | best mAP acc: 0.7456 | best mAR acc: 0.7964 | best Score: 0.7456 | best Score epoch: 15 
epoch 17, iter 1151: loss: 0.0057 | load time: 0.0001 | back time: 1.1228 | lr: 0.00008659 | best AP50 acc: 0.9012 | best AP70 acc: 0.7990 | best mAP acc: 0.7456 | best mAR acc: 0.7964 | best Score: 0.7456 | best Score epoch: 15 
UAV_SEQS_2 | mAP50:90: 47.2583 | AP50: 68.2078 | AP70: 45.5328 
UAV_SEQS_37 | mAP50:90: 72.5411 | AP50: 96.5991 | AP70: 73.3914 
UAV_SEQS_45 | mAP50:90: 96.8146 | AP50: 100.0000 | AP70: 100.0000 
UAV_SEQS_47 | mAP50:90: 98.4438 | AP50: 100.0000 | AP70: 100.0000 
UAV_SEQS_55 | mAP50:90: 34.6996 | AP50: 60.2300 | AP70: 33.3754 
UAV_SEQS_59 | mAP50:90: 64.7728 | AP50: 92.0706 | AP70: 71.3988 
UAV_SEQS_6 | mAP50:90: 45.7184 | AP50: 59.3357 | AP70: 46.0664 
UAV_SEQS_63 | mAP50:90: 56.2501 | AP50: 100.0000 | AP70: 58.7389 
UAV_SEQS_65 | mAP50:90: 84.2027 | AP50: 94.1249 | AP70: 92.9918 
UAV_SEQS_7 | mAP50:90: 95.9636 | AP50: 100.0000 | AP70: 100.0000 
UAV_SEQS_71 | mAP50:90: 61.0595 | AP50: 92.5403 | AP70: 69.0479 
UAV_SEQS_73 | mAP50:90: 63.5133 | AP50: 88.1314 | AP70: 71.7223 
UAV_SEQS_74 | mAP50:90: 97.0680 | AP50: 100.0000 | AP70: 100.0000 
UAV_SEQS_77 | mAP50:90: 15.4053 | AP50: 17.9366 | AP70: 17.9366 
UAV_SEQS_8 | mAP50:90: 81.7443 | AP50: 100.0000 | AP70: 89.0099 
Overall            | mAP50:95: 69.9251 | AP50: 85.8364 | AP70: 73.9054 
epoch 18, iter    1: loss: 0.0061 | load time: 0.0020 | back time: 0.8067 | lr: 0.00008658 | best AP50 acc: 0.9012 | best AP70 acc: 0.7990 | best mAP acc: 0.7456 | best mAR acc: 0.7964 | best Score: 0.7456 | best Score epoch: 15 
epoch 18, iter   51: loss: 0.0058 | load time: 0.0001 | back time: 1.1240 | lr: 0.00008649 | best AP50 acc: 0.9012 | best AP70 acc: 0.7990 | best mAP acc: 0.7456 | best mAR acc: 0.7964 | best Score: 0.7456 | best Score epoch: 15 
epoch 18, iter  101: loss: 0.0062 | load time: 0.0002 | back time: 1.1554 | lr: 0.00008640 | best AP50 acc: 0.9012 | best AP70 acc: 0.7990 | best mAP acc: 0.7456 | best mAR acc: 0.7964 | best Score: 0.7456 | best Score epoch: 15 
epoch 18, iter  151: loss: 0.0058 | load time: 0.0002 | back time: 1.1442 | lr: 0.00008630 | best AP50 acc: 0.9012 | best AP70 acc: 0.7990 | best mAP acc: 0.7456 | best mAR acc: 0.7964 | best Score: 0.7456 | best Score epoch: 15 
epoch 18, iter  201: loss: 0.0062 | load time: 0.0002 | back time: 1.1628 | lr: 0.00008621 | best AP50 acc: 0.9012 | best AP70 acc: 0.7990 | best mAP acc: 0.7456 | best mAR acc: 0.7964 | best Score: 0.7456 | best Score epoch: 15 
epoch 18, iter  251: loss: 0.0062 | load time: 0.0002 | back time: 1.1477 | lr: 0.00008612 | best AP50 acc: 0.9012 | best AP70 acc: 0.7990 | best mAP acc: 0.7456 | best mAR acc: 0.7964 | best Score: 0.7456 | best Score epoch: 15 
epoch 18, iter  301: loss: 0.0061 | load time: 0.0001 | back time: 1.1482 | lr: 0.00008602 | best AP50 acc: 0.9012 | best AP70 acc: 0.7990 | best mAP acc: 0.7456 | best mAR acc: 0.7964 | best Score: 0.7456 | best Score epoch: 15 
epoch 18, iter  351: loss: 0.0056 | load time: 0.0003 | back time: 1.1516 | lr: 0.00008593 | best AP50 acc: 0.9012 | best AP70 acc: 0.7990 | best mAP acc: 0.7456 | best mAR acc: 0.7964 | best Score: 0.7456 | best Score epoch: 15 
epoch 18, iter  401: loss: 0.0057 | load time: 0.0002 | back time: 1.1445 | lr: 0.00008583 | best AP50 acc: 0.9012 | best AP70 acc: 0.7990 | best mAP acc: 0.7456 | best mAR acc: 0.7964 | best Score: 0.7456 | best Score epoch: 15 
epoch 18, iter  451: loss: 0.0060 | load time: 0.0003 | back time: 1.1415 | lr: 0.00008574 | best AP50 acc: 0.9012 | best AP70 acc: 0.7990 | best mAP acc: 0.7456 | best mAR acc: 0.7964 | best Score: 0.7456 | best Score epoch: 15 
epoch 18, iter  501: loss: 0.0058 | load time: 0.0002 | back time: 1.1647 | lr: 0.00008564 | best AP50 acc: 0.9012 | best AP70 acc: 0.7990 | best mAP acc: 0.7456 | best mAR acc: 0.7964 | best Score: 0.7456 | best Score epoch: 15 
epoch 18, iter  551: loss: 0.0061 | load time: 0.0003 | back time: 1.1642 | lr: 0.00008555 | best AP50 acc: 0.9012 | best AP70 acc: 0.7990 | best mAP acc: 0.7456 | best mAR acc: 0.7964 | best Score: 0.7456 | best Score epoch: 15 
epoch 18, iter  601: loss: 0.0063 | load time: 0.0003 | back time: 1.1563 | lr: 0.00008545 | best AP50 acc: 0.9012 | best AP70 acc: 0.7990 | best mAP acc: 0.7456 | best mAR acc: 0.7964 | best Score: 0.7456 | best Score epoch: 15 
epoch 18, iter  651: loss: 0.0080 | load time: 0.0002 | back time: 1.1603 | lr: 0.00008536 | best AP50 acc: 0.9012 | best AP70 acc: 0.7990 | best mAP acc: 0.7456 | best mAR acc: 0.7964 | best Score: 0.7456 | best Score epoch: 15 
epoch 18, iter  701: loss: 0.0068 | load time: 0.0002 | back time: 1.1544 | lr: 0.00008526 | best AP50 acc: 0.9012 | best AP70 acc: 0.7990 | best mAP acc: 0.7456 | best mAR acc: 0.7964 | best Score: 0.7456 | best Score epoch: 15 
epoch 18, iter  751: loss: 0.0065 | load time: 0.0002 | back time: 1.1512 | lr: 0.00008517 | best AP50 acc: 0.9012 | best AP70 acc: 0.7990 | best mAP acc: 0.7456 | best mAR acc: 0.7964 | best Score: 0.7456 | best Score epoch: 15 
epoch 18, iter  801: loss: 0.0060 | load time: 0.0003 | back time: 1.1576 | lr: 0.00008507 | best AP50 acc: 0.9012 | best AP70 acc: 0.7990 | best mAP acc: 0.7456 | best mAR acc: 0.7964 | best Score: 0.7456 | best Score epoch: 15 
epoch 18, iter  851: loss: 0.0062 | load time: 0.0003 | back time: 1.1531 | lr: 0.00008497 | best AP50 acc: 0.9012 | best AP70 acc: 0.7990 | best mAP acc: 0.7456 | best mAR acc: 0.7964 | best Score: 0.7456 | best Score epoch: 15 
epoch 18, iter  901: loss: 0.0060 | load time: 0.0001 | back time: 1.1562 | lr: 0.00008488 | best AP50 acc: 0.9012 | best AP70 acc: 0.7990 | best mAP acc: 0.7456 | best mAR acc: 0.7964 | best Score: 0.7456 | best Score epoch: 15 
epoch 18, iter  951: loss: 0.0060 | load time: 0.0003 | back time: 1.1523 | lr: 0.00008478 | best AP50 acc: 0.9012 | best AP70 acc: 0.7990 | best mAP acc: 0.7456 | best mAR acc: 0.7964 | best Score: 0.7456 | best Score epoch: 15 
epoch 18, iter 1001: loss: 0.0062 | load time: 0.0002 | back time: 1.1558 | lr: 0.00008468 | best AP50 acc: 0.9012 | best AP70 acc: 0.7990 | best mAP acc: 0.7456 | best mAR acc: 0.7964 | best Score: 0.7456 | best Score epoch: 15 
epoch 18, iter 1051: loss: 0.0054 | load time: 0.0003 | back time: 1.1602 | lr: 0.00008458 | best AP50 acc: 0.9012 | best AP70 acc: 0.7990 | best mAP acc: 0.7456 | best mAR acc: 0.7964 | best Score: 0.7456 | best Score epoch: 15 
epoch 18, iter 1101: loss: 0.0061 | load time: 0.0002 | back time: 1.1589 | lr: 0.00008449 | best AP50 acc: 0.9012 | best AP70 acc: 0.7990 | best mAP acc: 0.7456 | best mAR acc: 0.7964 | best Score: 0.7456 | best Score epoch: 15 
epoch 18, iter 1151: loss: 0.0063 | load time: 0.0001 | back time: 1.1536 | lr: 0.00008439 | best AP50 acc: 0.9012 | best AP70 acc: 0.7990 | best mAP acc: 0.7456 | best mAR acc: 0.7964 | best Score: 0.7456 | best Score epoch: 15 
UAV_SEQS_2 | mAP50:90: 51.4013 | AP50: 81.3988 | AP70: 53.5351 
UAV_SEQS_37 | mAP50:90: 77.5197 | AP50: 98.9472 | AP70: 85.9959 
UAV_SEQS_45 | mAP50:90: 94.8214 | AP50: 100.0000 | AP70: 100.0000 
UAV_SEQS_47 | mAP50:90: 98.2580 | AP50: 100.0000 | AP70: 100.0000 
UAV_SEQS_55 | mAP50:90: 43.9610 | AP50: 67.7621 | AP70: 42.6363 
UAV_SEQS_59 | mAP50:90: 70.0385 | AP50: 96.2418 | AP70: 77.2153 
UAV_SEQS_6 | mAP50:90: 68.3772 | AP50: 88.2492 | AP70: 71.1011 
UAV_SEQS_63 | mAP50:90: 72.5682 | AP50: 100.0000 | AP70: 88.6021 
UAV_SEQS_65 | mAP50:90: 80.8060 | AP50: 96.3238 | AP70: 92.6815 
UAV_SEQS_7 | mAP50:90: 92.4330 | AP50: 100.0000 | AP70: 99.0099 
UAV_SEQS_71 | mAP50:90: 62.7389 | AP50: 95.1886 | AP70: 72.6473 
UAV_SEQS_73 | mAP50:90: 66.8319 | AP50: 88.5541 | AP70: 77.8082 
UAV_SEQS_74 | mAP50:90: 99.2534 | AP50: 100.0000 | AP70: 100.0000 
UAV_SEQS_77 | mAP50:90: 3.6940 | AP50: 4.1142 | AP70: 3.8690 
UAV_SEQS_8 | mAP50:90: 94.8593 | AP50: 100.0000 | AP70: 100.0000 
Overall            | mAP50:95: 73.4005 | AP50: 88.3193 | AP70: 79.2329 
epoch 19, iter    1: loss: 0.0057 | load time: 0.0021 | back time: 0.7038 | lr: 0.00008438 | best AP50 acc: 0.9012 | best AP70 acc: 0.7990 | best mAP acc: 0.7456 | best mAR acc: 0.7964 | best Score: 0.7456 | best Score epoch: 15 
epoch 19, iter   51: loss: 0.0061 | load time: 0.0001 | back time: 1.1530 | lr: 0.00008428 | best AP50 acc: 0.9012 | best AP70 acc: 0.7990 | best mAP acc: 0.7456 | best mAR acc: 0.7964 | best Score: 0.7456 | best Score epoch: 15 
epoch 19, iter  101: loss: 0.0057 | load time: 0.0002 | back time: 1.1600 | lr: 0.00008419 | best AP50 acc: 0.9012 | best AP70 acc: 0.7990 | best mAP acc: 0.7456 | best mAR acc: 0.7964 | best Score: 0.7456 | best Score epoch: 15 
epoch 19, iter  151: loss: 0.0059 | load time: 0.0004 | back time: 1.1642 | lr: 0.00008409 | best AP50 acc: 0.9012 | best AP70 acc: 0.7990 | best mAP acc: 0.7456 | best mAR acc: 0.7964 | best Score: 0.7456 | best Score epoch: 15 
epoch 19, iter  201: loss: 0.0060 | load time: 0.0002 | back time: 1.1635 | lr: 0.00008399 | best AP50 acc: 0.9012 | best AP70 acc: 0.7990 | best mAP acc: 0.7456 | best mAR acc: 0.7964 | best Score: 0.7456 | best Score epoch: 15 
epoch 19, iter  251: loss: 0.0054 | load time: 0.0002 | back time: 1.1617 | lr: 0.00008389 | best AP50 acc: 0.9012 | best AP70 acc: 0.7990 | best mAP acc: 0.7456 | best mAR acc: 0.7964 | best Score: 0.7456 | best Score epoch: 15 
epoch 19, iter  301: loss: 0.0061 | load time: 0.0004 | back time: 1.1548 | lr: 0.00008379 | best AP50 acc: 0.9012 | best AP70 acc: 0.7990 | best mAP acc: 0.7456 | best mAR acc: 0.7964 | best Score: 0.7456 | best Score epoch: 15 
epoch 19, iter  351: loss: 0.0062 | load time: 0.0001 | back time: 1.1588 | lr: 0.00008369 | best AP50 acc: 0.9012 | best AP70 acc: 0.7990 | best mAP acc: 0.7456 | best mAR acc: 0.7964 | best Score: 0.7456 | best Score epoch: 15 
epoch 19, iter  401: loss: 0.0061 | load time: 0.0003 | back time: 1.1546 | lr: 0.00008359 | best AP50 acc: 0.9012 | best AP70 acc: 0.7990 | best mAP acc: 0.7456 | best mAR acc: 0.7964 | best Score: 0.7456 | best Score epoch: 15 
epoch 19, iter  451: loss: 0.0061 | load time: 0.0002 | back time: 1.1585 | lr: 0.00008349 | best AP50 acc: 0.9012 | best AP70 acc: 0.7990 | best mAP acc: 0.7456 | best mAR acc: 0.7964 | best Score: 0.7456 | best Score epoch: 15 
epoch 19, iter  501: loss: 0.0060 | load time: 0.0002 | back time: 1.1567 | lr: 0.00008339 | best AP50 acc: 0.9012 | best AP70 acc: 0.7990 | best mAP acc: 0.7456 | best mAR acc: 0.7964 | best Score: 0.7456 | best Score epoch: 15 
epoch 19, iter  551: loss: 0.0061 | load time: 0.0003 | back time: 1.1615 | lr: 0.00008329 | best AP50 acc: 0.9012 | best AP70 acc: 0.7990 | best mAP acc: 0.7456 | best mAR acc: 0.7964 | best Score: 0.7456 | best Score epoch: 15 
epoch 19, iter  601: loss: 0.0057 | load time: 0.0002 | back time: 1.1648 | lr: 0.00008318 | best AP50 acc: 0.9012 | best AP70 acc: 0.7990 | best mAP acc: 0.7456 | best mAR acc: 0.7964 | best Score: 0.7456 | best Score epoch: 15 
epoch 19, iter  651: loss: 0.0056 | load time: 0.0002 | back time: 1.1666 | lr: 0.00008308 | best AP50 acc: 0.9012 | best AP70 acc: 0.7990 | best mAP acc: 0.7456 | best mAR acc: 0.7964 | best Score: 0.7456 | best Score epoch: 15 
epoch 19, iter  701: loss: 0.0058 | load time: 0.0002 | back time: 1.1733 | lr: 0.00008298 | best AP50 acc: 0.9012 | best AP70 acc: 0.7990 | best mAP acc: 0.7456 | best mAR acc: 0.7964 | best Score: 0.7456 | best Score epoch: 15 
epoch 19, iter  751: loss: 0.0060 | load time: 0.0002 | back time: 1.1615 | lr: 0.00008288 | best AP50 acc: 0.9012 | best AP70 acc: 0.7990 | best mAP acc: 0.7456 | best mAR acc: 0.7964 | best Score: 0.7456 | best Score epoch: 15 
epoch 19, iter  801: loss: 0.0061 | load time: 0.0001 | back time: 1.1597 | lr: 0.00008278 | best AP50 acc: 0.9012 | best AP70 acc: 0.7990 | best mAP acc: 0.7456 | best mAR acc: 0.7964 | best Score: 0.7456 | best Score epoch: 15 
epoch 19, iter  851: loss: 0.0058 | load time: 0.0002 | back time: 1.1566 | lr: 0.00008267 | best AP50 acc: 0.9012 | best AP70 acc: 0.7990 | best mAP acc: 0.7456 | best mAR acc: 0.7964 | best Score: 0.7456 | best Score epoch: 15 
epoch 19, iter  901: loss: 0.0061 | load time: 0.0001 | back time: 1.1582 | lr: 0.00008257 | best AP50 acc: 0.9012 | best AP70 acc: 0.7990 | best mAP acc: 0.7456 | best mAR acc: 0.7964 | best Score: 0.7456 | best Score epoch: 15 
epoch 19, iter  951: loss: 0.0058 | load time: 0.0002 | back time: 1.1556 | lr: 0.00008247 | best AP50 acc: 0.9012 | best AP70 acc: 0.7990 | best mAP acc: 0.7456 | best mAR acc: 0.7964 | best Score: 0.7456 | best Score epoch: 15 
epoch 19, iter 1001: loss: 0.0061 | load time: 0.0002 | back time: 1.1601 | lr: 0.00008237 | best AP50 acc: 0.9012 | best AP70 acc: 0.7990 | best mAP acc: 0.7456 | best mAR acc: 0.7964 | best Score: 0.7456 | best Score epoch: 15 
epoch 19, iter 1051: loss: 0.0059 | load time: 0.0004 | back time: 1.1639 | lr: 0.00008226 | best AP50 acc: 0.9012 | best AP70 acc: 0.7990 | best mAP acc: 0.7456 | best mAR acc: 0.7964 | best Score: 0.7456 | best Score epoch: 15 
epoch 19, iter 1101: loss: 0.0060 | load time: 0.0002 | back time: 1.1675 | lr: 0.00008216 | best AP50 acc: 0.9012 | best AP70 acc: 0.7990 | best mAP acc: 0.7456 | best mAR acc: 0.7964 | best Score: 0.7456 | best Score epoch: 15 
epoch 19, iter 1151: loss: 0.0056 | load time: 0.0001 | back time: 1.1616 | lr: 0.00008205 | best AP50 acc: 0.9012 | best AP70 acc: 0.7990 | best mAP acc: 0.7456 | best mAR acc: 0.7964 | best Score: 0.7456 | best Score epoch: 15 
UAV_SEQS_2 | mAP50:90: 46.9820 | AP50: 73.7819 | AP70: 50.1376 
UAV_SEQS_37 | mAP50:90: 72.5171 | AP50: 98.8690 | AP70: 78.2225 
UAV_SEQS_45 | mAP50:90: 95.7876 | AP50: 100.0000 | AP70: 100.0000 
UAV_SEQS_47 | mAP50:90: 99.7431 | AP50: 100.0000 | AP70: 100.0000 
UAV_SEQS_55 | mAP50:90: 54.6132 | AP50: 75.1777 | AP70: 57.3769 
UAV_SEQS_59 | mAP50:90: 72.2953 | AP50: 93.9120 | AP70: 77.0441 
UAV_SEQS_6 | mAP50:90: 62.3094 | AP50: 76.3770 | AP70: 63.4165 
UAV_SEQS_63 | mAP50:90: 77.6883 | AP50: 100.0000 | AP70: 92.2949 
UAV_SEQS_65 | mAP50:90: 80.6255 | AP50: 93.8618 | AP70: 89.2060 
UAV_SEQS_7 | mAP50:90: 96.2559 | AP50: 100.0000 | AP70: 100.0000 
UAV_SEQS_71 | mAP50:90: 68.0591 | AP50: 97.4867 | AP70: 77.0202 
UAV_SEQS_73 | mAP50:90: 66.9314 | AP50: 89.9917 | AP70: 73.9836 
UAV_SEQS_74 | mAP50:90: 97.7353 | AP50: 100.0000 | AP70: 100.0000 
UAV_SEQS_77 | mAP50:90: 8.2867 | AP50: 11.9447 | AP70: 9.8906 
UAV_SEQS_8 | mAP50:90: 92.0901 | AP50: 100.0000 | AP70: 97.0161 
Overall            | mAP50:95: 73.9039 | AP50: 88.1251 | AP70: 78.7719 
epoch 20, iter    1: loss: 0.0060 | load time: 0.0037 | back time: 0.7731 | lr: 0.00008205 | best AP50 acc: 0.9012 | best AP70 acc: 0.7990 | best mAP acc: 0.7456 | best mAR acc: 0.7964 | best Score: 0.7456 | best Score epoch: 15 
epoch 20, iter   51: loss: 0.0058 | load time: 0.0003 | back time: 1.1499 | lr: 0.00008195 | best AP50 acc: 0.9012 | best AP70 acc: 0.7990 | best mAP acc: 0.7456 | best mAR acc: 0.7964 | best Score: 0.7456 | best Score epoch: 15 
epoch 20, iter  101: loss: 0.0056 | load time: 0.0002 | back time: 1.1628 | lr: 0.00008184 | best AP50 acc: 0.9012 | best AP70 acc: 0.7990 | best mAP acc: 0.7456 | best mAR acc: 0.7964 | best Score: 0.7456 | best Score epoch: 15 
epoch 20, iter  151: loss: 0.0063 | load time: 0.0002 | back time: 1.0719 | lr: 0.00008174 | best AP50 acc: 0.9012 | best AP70 acc: 0.7990 | best mAP acc: 0.7456 | best mAR acc: 0.7964 | best Score: 0.7456 | best Score epoch: 15 
epoch 20, iter  201: loss: 0.0056 | load time: 0.0002 | back time: 1.1683 | lr: 0.00008163 | best AP50 acc: 0.9012 | best AP70 acc: 0.7990 | best mAP acc: 0.7456 | best mAR acc: 0.7964 | best Score: 0.7456 | best Score epoch: 15 
epoch 20, iter  251: loss: 0.0057 | load time: 0.0003 | back time: 1.1646 | lr: 0.00008153 | best AP50 acc: 0.9012 | best AP70 acc: 0.7990 | best mAP acc: 0.7456 | best mAR acc: 0.7964 | best Score: 0.7456 | best Score epoch: 15 
epoch 20, iter  301: loss: 0.0060 | load time: 0.0002 | back time: 1.1666 | lr: 0.00008142 | best AP50 acc: 0.9012 | best AP70 acc: 0.7990 | best mAP acc: 0.7456 | best mAR acc: 0.7964 | best Score: 0.7456 | best Score epoch: 15 
epoch 20, iter  351: loss: 0.0058 | load time: 0.0002 | back time: 1.1538 | lr: 0.00008132 | best AP50 acc: 0.9012 | best AP70 acc: 0.7990 | best mAP acc: 0.7456 | best mAR acc: 0.7964 | best Score: 0.7456 | best Score epoch: 15 
epoch 20, iter  401: loss: 0.0058 | load time: 0.0002 | back time: 1.1322 | lr: 0.00008121 | best AP50 acc: 0.9012 | best AP70 acc: 0.7990 | best mAP acc: 0.7456 | best mAR acc: 0.7964 | best Score: 0.7456 | best Score epoch: 15 
epoch 20, iter  451: loss: 0.0056 | load time: 0.0002 | back time: 1.2258 | lr: 0.00008110 | best AP50 acc: 0.9012 | best AP70 acc: 0.7990 | best mAP acc: 0.7456 | best mAR acc: 0.7964 | best Score: 0.7456 | best Score epoch: 15 
epoch 20, iter  501: loss: 0.0054 | load time: 0.0002 | back time: 1.1318 | lr: 0.00008100 | best AP50 acc: 0.9012 | best AP70 acc: 0.7990 | best mAP acc: 0.7456 | best mAR acc: 0.7964 | best Score: 0.7456 | best Score epoch: 15 
epoch 20, iter  551: loss: 0.0059 | load time: 0.0002 | back time: 1.2275 | lr: 0.00008089 | best AP50 acc: 0.9012 | best AP70 acc: 0.7990 | best mAP acc: 0.7456 | best mAR acc: 0.7964 | best Score: 0.7456 | best Score epoch: 15 
epoch 20, iter  601: loss: 0.0057 | load time: 0.0003 | back time: 1.1585 | lr: 0.00008079 | best AP50 acc: 0.9012 | best AP70 acc: 0.7990 | best mAP acc: 0.7456 | best mAR acc: 0.7964 | best Score: 0.7456 | best Score epoch: 15 
epoch 20, iter  651: loss: 0.0058 | load time: 0.0002 | back time: 1.1474 | lr: 0.00008068 | best AP50 acc: 0.9012 | best AP70 acc: 0.7990 | best mAP acc: 0.7456 | best mAR acc: 0.7964 | best Score: 0.7456 | best Score epoch: 15 
epoch 20, iter  701: loss: 0.0058 | load time: 0.0002 | back time: 1.1471 | lr: 0.00008057 | best AP50 acc: 0.9012 | best AP70 acc: 0.7990 | best mAP acc: 0.7456 | best mAR acc: 0.7964 | best Score: 0.7456 | best Score epoch: 15 
epoch 20, iter  751: loss: 0.0057 | load time: 0.0002 | back time: 1.1420 | lr: 0.00008046 | best AP50 acc: 0.9012 | best AP70 acc: 0.7990 | best mAP acc: 0.7456 | best mAR acc: 0.7964 | best Score: 0.7456 | best Score epoch: 15 
epoch 20, iter  801: loss: 0.0056 | load time: 0.0001 | back time: 1.1460 | lr: 0.00008036 | best AP50 acc: 0.9012 | best AP70 acc: 0.7990 | best mAP acc: 0.7456 | best mAR acc: 0.7964 | best Score: 0.7456 | best Score epoch: 15 
epoch 20, iter  851: loss: 0.0059 | load time: 0.0001 | back time: 1.1552 | lr: 0.00008025 | best AP50 acc: 0.9012 | best AP70 acc: 0.7990 | best mAP acc: 0.7456 | best mAR acc: 0.7964 | best Score: 0.7456 | best Score epoch: 15 
epoch 20, iter  901: loss: 0.0058 | load time: 0.0003 | back time: 1.1606 | lr: 0.00008014 | best AP50 acc: 0.9012 | best AP70 acc: 0.7990 | best mAP acc: 0.7456 | best mAR acc: 0.7964 | best Score: 0.7456 | best Score epoch: 15 
epoch 20, iter  951: loss: 0.0060 | load time: 0.0002 | back time: 1.1523 | lr: 0.00008003 | best AP50 acc: 0.9012 | best AP70 acc: 0.7990 | best mAP acc: 0.7456 | best mAR acc: 0.7964 | best Score: 0.7456 | best Score epoch: 15 
epoch 20, iter 1001: loss: 0.0064 | load time: 0.0002 | back time: 1.1287 | lr: 0.00007992 | best AP50 acc: 0.9012 | best AP70 acc: 0.7990 | best mAP acc: 0.7456 | best mAR acc: 0.7964 | best Score: 0.7456 | best Score epoch: 15 
epoch 20, iter 1051: loss: 0.0059 | load time: 0.0002 | back time: 1.1541 | lr: 0.00007982 | best AP50 acc: 0.9012 | best AP70 acc: 0.7990 | best mAP acc: 0.7456 | best mAR acc: 0.7964 | best Score: 0.7456 | best Score epoch: 15 
epoch 20, iter 1101: loss: 0.0060 | load time: 0.0002 | back time: 1.1314 | lr: 0.00007971 | best AP50 acc: 0.9012 | best AP70 acc: 0.7990 | best mAP acc: 0.7456 | best mAR acc: 0.7964 | best Score: 0.7456 | best Score epoch: 15 
epoch 20, iter 1151: loss: 0.0055 | load time: 0.0001 | back time: 1.1706 | lr: 0.00007960 | best AP50 acc: 0.9012 | best AP70 acc: 0.7990 | best mAP acc: 0.7456 | best mAR acc: 0.7964 | best Score: 0.7456 | best Score epoch: 15 
UAV_SEQS_2 | mAP50:90: 47.3773 | AP50: 78.0249 | AP70: 44.8703 
UAV_SEQS_37 | mAP50:90: 71.6052 | AP50: 96.2512 | AP70: 74.8155 
UAV_SEQS_45 | mAP50:90: 95.4640 | AP50: 100.0000 | AP70: 100.0000 
UAV_SEQS_47 | mAP50:90: 99.8845 | AP50: 100.0000 | AP70: 100.0000 
UAV_SEQS_55 | mAP50:90: 43.5932 | AP50: 67.0483 | AP70: 45.2569 
UAV_SEQS_59 | mAP50:90: 76.7121 | AP50: 96.9050 | AP70: 81.8697 
UAV_SEQS_6 | mAP50:90: 58.0544 | AP50: 79.8784 | AP70: 56.3608 
UAV_SEQS_63 | mAP50:90: 70.0286 | AP50: 97.9342 | AP70: 73.7696 
UAV_SEQS_65 | mAP50:90: 78.0856 | AP50: 96.4523 | AP70: 91.1756 
UAV_SEQS_7 | mAP50:90: 91.0814 | AP50: 100.0000 | AP70: 100.0000 
UAV_SEQS_71 | mAP50:90: 62.8951 | AP50: 93.3078 | AP70: 70.1037 
UAV_SEQS_73 | mAP50:90: 66.6592 | AP50: 88.9765 | AP70: 75.7886 
UAV_SEQS_74 | mAP50:90: 98.4245 | AP50: 100.0000 | AP70: 100.0000 
UAV_SEQS_77 | mAP50:90: 15.8141 | AP50: 19.5915 | AP70: 17.8493 
UAV_SEQS_8 | mAP50:90: 97.9343 | AP50: 100.0000 | AP70: 100.0000 
Overall            | mAP50:95: 73.2458 | AP50: 89.1164 | AP70: 77.4202 
epoch 21, iter    1: loss: 0.0057 | load time: 0.0023 | back time: 0.7923 | lr: 0.00007959 | best AP50 acc: 0.9012 | best AP70 acc: 0.7990 | best mAP acc: 0.7456 | best mAR acc: 0.7964 | best Score: 0.7456 | best Score epoch: 15 
epoch 21, iter   51: loss: 0.0060 | load time: 0.0001 | back time: 1.1410 | lr: 0.00007948 | best AP50 acc: 0.9012 | best AP70 acc: 0.7990 | best mAP acc: 0.7456 | best mAR acc: 0.7964 | best Score: 0.7456 | best Score epoch: 15 
epoch 21, iter  101: loss: 0.0058 | load time: 0.0002 | back time: 1.2257 | lr: 0.00007937 | best AP50 acc: 0.9012 | best AP70 acc: 0.7990 | best mAP acc: 0.7456 | best mAR acc: 0.7964 | best Score: 0.7456 | best Score epoch: 15 
epoch 21, iter  151: loss: 0.0066 | load time: 0.0002 | back time: 1.1375 | lr: 0.00007926 | best AP50 acc: 0.9012 | best AP70 acc: 0.7990 | best mAP acc: 0.7456 | best mAR acc: 0.7964 | best Score: 0.7456 | best Score epoch: 15 
epoch 21, iter  201: loss: 0.0057 | load time: 0.0002 | back time: 1.1359 | lr: 0.00007915 | best AP50 acc: 0.9012 | best AP70 acc: 0.7990 | best mAP acc: 0.7456 | best mAR acc: 0.7964 | best Score: 0.7456 | best Score epoch: 15 
epoch 21, iter  251: loss: 0.0064 | load time: 0.0001 | back time: 1.1432 | lr: 0.00007904 | best AP50 acc: 0.9012 | best AP70 acc: 0.7990 | best mAP acc: 0.7456 | best mAR acc: 0.7964 | best Score: 0.7456 | best Score epoch: 15 
epoch 21, iter  301: loss: 0.0058 | load time: 0.0002 | back time: 1.2366 | lr: 0.00007893 | best AP50 acc: 0.9012 | best AP70 acc: 0.7990 | best mAP acc: 0.7456 | best mAR acc: 0.7964 | best Score: 0.7456 | best Score epoch: 15 
epoch 21, iter  351: loss: 0.0058 | load time: 0.0001 | back time: 1.1521 | lr: 0.00007882 | best AP50 acc: 0.9012 | best AP70 acc: 0.7990 | best mAP acc: 0.7456 | best mAR acc: 0.7964 | best Score: 0.7456 | best Score epoch: 15 
epoch 21, iter  401: loss: 0.0057 | load time: 0.0002 | back time: 1.1487 | lr: 0.00007871 | best AP50 acc: 0.9012 | best AP70 acc: 0.7990 | best mAP acc: 0.7456 | best mAR acc: 0.7964 | best Score: 0.7456 | best Score epoch: 15 
epoch 21, iter  451: loss: 0.0057 | load time: 0.0002 | back time: 1.1470 | lr: 0.00007860 | best AP50 acc: 0.9012 | best AP70 acc: 0.7990 | best mAP acc: 0.7456 | best mAR acc: 0.7964 | best Score: 0.7456 | best Score epoch: 15 
epoch 21, iter  501: loss: 0.0059 | load time: 0.0003 | back time: 1.1466 | lr: 0.00007849 | best AP50 acc: 0.9012 | best AP70 acc: 0.7990 | best mAP acc: 0.7456 | best mAR acc: 0.7964 | best Score: 0.7456 | best Score epoch: 15 
epoch 21, iter  551: loss: 0.0061 | load time: 0.0002 | back time: 1.1507 | lr: 0.00007838 | best AP50 acc: 0.9012 | best AP70 acc: 0.7990 | best mAP acc: 0.7456 | best mAR acc: 0.7964 | best Score: 0.7456 | best Score epoch: 15 
epoch 21, iter  601: loss: 0.0056 | load time: 0.0003 | back time: 1.1473 | lr: 0.00007827 | best AP50 acc: 0.9012 | best AP70 acc: 0.7990 | best mAP acc: 0.7456 | best mAR acc: 0.7964 | best Score: 0.7456 | best Score epoch: 15 
epoch 21, iter  651: loss: 0.0056 | load time: 0.0002 | back time: 1.1534 | lr: 0.00007816 | best AP50 acc: 0.9012 | best AP70 acc: 0.7990 | best mAP acc: 0.7456 | best mAR acc: 0.7964 | best Score: 0.7456 | best Score epoch: 15 
epoch 21, iter  701: loss: 0.0056 | load time: 0.0002 | back time: 1.1615 | lr: 0.00007804 | best AP50 acc: 0.9012 | best AP70 acc: 0.7990 | best mAP acc: 0.7456 | best mAR acc: 0.7964 | best Score: 0.7456 | best Score epoch: 15 
epoch 21, iter  751: loss: 0.0059 | load time: 0.0003 | back time: 1.1471 | lr: 0.00007793 | best AP50 acc: 0.9012 | best AP70 acc: 0.7990 | best mAP acc: 0.7456 | best mAR acc: 0.7964 | best Score: 0.7456 | best Score epoch: 15 
epoch 21, iter  801: loss: 0.0058 | load time: 0.0002 | back time: 1.1578 | lr: 0.00007782 | best AP50 acc: 0.9012 | best AP70 acc: 0.7990 | best mAP acc: 0.7456 | best mAR acc: 0.7964 | best Score: 0.7456 | best Score epoch: 15 
epoch 21, iter  851: loss: 0.0057 | load time: 0.0003 | back time: 1.1527 | lr: 0.00007771 | best AP50 acc: 0.9012 | best AP70 acc: 0.7990 | best mAP acc: 0.7456 | best mAR acc: 0.7964 | best Score: 0.7456 | best Score epoch: 15 
epoch 21, iter  901: loss: 0.0057 | load time: 0.0002 | back time: 1.1512 | lr: 0.00007759 | best AP50 acc: 0.9012 | best AP70 acc: 0.7990 | best mAP acc: 0.7456 | best mAR acc: 0.7964 | best Score: 0.7456 | best Score epoch: 15 
epoch 21, iter  951: loss: 0.0058 | load time: 0.0002 | back time: 1.1626 | lr: 0.00007748 | best AP50 acc: 0.9012 | best AP70 acc: 0.7990 | best mAP acc: 0.7456 | best mAR acc: 0.7964 | best Score: 0.7456 | best Score epoch: 15 
epoch 21, iter 1001: loss: 0.0056 | load time: 0.0001 | back time: 1.1657 | lr: 0.00007737 | best AP50 acc: 0.9012 | best AP70 acc: 0.7990 | best mAP acc: 0.7456 | best mAR acc: 0.7964 | best Score: 0.7456 | best Score epoch: 15 
epoch 21, iter 1051: loss: 0.0056 | load time: 0.0002 | back time: 1.1630 | lr: 0.00007725 | best AP50 acc: 0.9012 | best AP70 acc: 0.7990 | best mAP acc: 0.7456 | best mAR acc: 0.7964 | best Score: 0.7456 | best Score epoch: 15 
epoch 21, iter 1101: loss: 0.0056 | load time: 0.0004 | back time: 1.1572 | lr: 0.00007714 | best AP50 acc: 0.9012 | best AP70 acc: 0.7990 | best mAP acc: 0.7456 | best mAR acc: 0.7964 | best Score: 0.7456 | best Score epoch: 15 
epoch 21, iter 1151: loss: 0.0056 | load time: 0.0001 | back time: 1.1337 | lr: 0.00007703 | best AP50 acc: 0.9012 | best AP70 acc: 0.7990 | best mAP acc: 0.7456 | best mAR acc: 0.7964 | best Score: 0.7456 | best Score epoch: 15 
UAV_SEQS_2 | mAP50:90: 43.7004 | AP50: 72.5505 | AP70: 45.0003 
UAV_SEQS_37 | mAP50:90: 84.2461 | AP50: 100.0000 | AP70: 87.8473 
UAV_SEQS_45 | mAP50:90: 91.0064 | AP50: 100.0000 | AP70: 98.5541 
UAV_SEQS_47 | mAP50:90: 96.4851 | AP50: 100.0000 | AP70: 100.0000 
UAV_SEQS_55 | mAP50:90: 39.5362 | AP50: 60.9902 | AP70: 41.8562 
UAV_SEQS_59 | mAP50:90: 70.1230 | AP50: 93.9158 | AP70: 73.6920 
UAV_SEQS_6 | mAP50:90: 48.1048 | AP50: 72.6874 | AP70: 44.0061 
UAV_SEQS_63 | mAP50:90: 76.0585 | AP50: 100.0000 | AP70: 85.3545 
UAV_SEQS_65 | mAP50:90: 84.8404 | AP50: 95.6944 | AP70: 92.1363 
UAV_SEQS_7 | mAP50:90: 92.9257 | AP50: 100.0000 | AP70: 97.8788 
UAV_SEQS_71 | mAP50:90: 70.3502 | AP50: 97.6026 | AP70: 79.1940 
UAV_SEQS_73 | mAP50:90: 63.9370 | AP50: 87.6817 | AP70: 71.7223 
UAV_SEQS_74 | mAP50:90: 99.1169 | AP50: 100.0000 | AP70: 100.0000 
UAV_SEQS_77 | mAP50:90: 11.7607 | AP50: 14.1708 | AP70: 12.6944 
UAV_SEQS_8 | mAP50:90: 77.9352 | AP50: 100.0000 | AP70: 91.4059 
Overall            | mAP50:95: 72.3020 | AP50: 87.8171 | AP70: 77.2578 
epoch 22, iter    1: loss: 0.0058 | load time: 0.0015 | back time: 0.6378 | lr: 0.00007702 | best AP50 acc: 0.9012 | best AP70 acc: 0.7990 | best mAP acc: 0.7456 | best mAR acc: 0.7964 | best Score: 0.7456 | best Score epoch: 15 
epoch 22, iter   51: loss: 0.0057 | load time: 0.0002 | back time: 1.1484 | lr: 0.00007691 | best AP50 acc: 0.9012 | best AP70 acc: 0.7990 | best mAP acc: 0.7456 | best mAR acc: 0.7964 | best Score: 0.7456 | best Score epoch: 15 
epoch 22, iter  101: loss: 0.0058 | load time: 0.0002 | back time: 1.1413 | lr: 0.00007679 | best AP50 acc: 0.9012 | best AP70 acc: 0.7990 | best mAP acc: 0.7456 | best mAR acc: 0.7964 | best Score: 0.7456 | best Score epoch: 15 
epoch 22, iter  151: loss: 0.0060 | load time: 0.0002 | back time: 1.1640 | lr: 0.00007668 | best AP50 acc: 0.9012 | best AP70 acc: 0.7990 | best mAP acc: 0.7456 | best mAR acc: 0.7964 | best Score: 0.7456 | best Score epoch: 15 
epoch 22, iter  201: loss: 0.0056 | load time: 0.0002 | back time: 1.1689 | lr: 0.00007656 | best AP50 acc: 0.9012 | best AP70 acc: 0.7990 | best mAP acc: 0.7456 | best mAR acc: 0.7964 | best Score: 0.7456 | best Score epoch: 15 
epoch 22, iter  251: loss: 0.0058 | load time: 0.0002 | back time: 1.1533 | lr: 0.00007645 | best AP50 acc: 0.9012 | best AP70 acc: 0.7990 | best mAP acc: 0.7456 | best mAR acc: 0.7964 | best Score: 0.7456 | best Score epoch: 15 
epoch 22, iter  301: loss: 0.0057 | load time: 0.0002 | back time: 1.1443 | lr: 0.00007633 | best AP50 acc: 0.9012 | best AP70 acc: 0.7990 | best mAP acc: 0.7456 | best mAR acc: 0.7964 | best Score: 0.7456 | best Score epoch: 15 
epoch 22, iter  351: loss: 0.0060 | load time: 0.0003 | back time: 1.1544 | lr: 0.00007622 | best AP50 acc: 0.9012 | best AP70 acc: 0.7990 | best mAP acc: 0.7456 | best mAR acc: 0.7964 | best Score: 0.7456 | best Score epoch: 15 
epoch 22, iter  401: loss: 0.0055 | load time: 0.0002 | back time: 1.1519 | lr: 0.00007610 | best AP50 acc: 0.9012 | best AP70 acc: 0.7990 | best mAP acc: 0.7456 | best mAR acc: 0.7964 | best Score: 0.7456 | best Score epoch: 15 
epoch 22, iter  451: loss: 0.0056 | load time: 0.0002 | back time: 1.1510 | lr: 0.00007599 | best AP50 acc: 0.9012 | best AP70 acc: 0.7990 | best mAP acc: 0.7456 | best mAR acc: 0.7964 | best Score: 0.7456 | best Score epoch: 15 
epoch 22, iter  501: loss: 0.0057 | load time: 0.0001 | back time: 1.1618 | lr: 0.00007587 | best AP50 acc: 0.9012 | best AP70 acc: 0.7990 | best mAP acc: 0.7456 | best mAR acc: 0.7964 | best Score: 0.7456 | best Score epoch: 15 
epoch 22, iter  551: loss: 0.0060 | load time: 0.0001 | back time: 1.1732 | lr: 0.00007576 | best AP50 acc: 0.9012 | best AP70 acc: 0.7990 | best mAP acc: 0.7456 | best mAR acc: 0.7964 | best Score: 0.7456 | best Score epoch: 15 
epoch 22, iter  601: loss: 0.0060 | load time: 0.0002 | back time: 1.1468 | lr: 0.00007564 | best AP50 acc: 0.9012 | best AP70 acc: 0.7990 | best mAP acc: 0.7456 | best mAR acc: 0.7964 | best Score: 0.7456 | best Score epoch: 15 
epoch 22, iter  651: loss: 0.0056 | load time: 0.0002 | back time: 1.1457 | lr: 0.00007552 | best AP50 acc: 0.9012 | best AP70 acc: 0.7990 | best mAP acc: 0.7456 | best mAR acc: 0.7964 | best Score: 0.7456 | best Score epoch: 15 
epoch 22, iter  701: loss: 0.0056 | load time: 0.0002 | back time: 1.1517 | lr: 0.00007541 | best AP50 acc: 0.9012 | best AP70 acc: 0.7990 | best mAP acc: 0.7456 | best mAR acc: 0.7964 | best Score: 0.7456 | best Score epoch: 15 
epoch 22, iter  751: loss: 0.0058 | load time: 0.0002 | back time: 1.1581 | lr: 0.00007529 | best AP50 acc: 0.9012 | best AP70 acc: 0.7990 | best mAP acc: 0.7456 | best mAR acc: 0.7964 | best Score: 0.7456 | best Score epoch: 15 
epoch 22, iter  801: loss: 0.0058 | load time: 0.0002 | back time: 1.1566 | lr: 0.00007517 | best AP50 acc: 0.9012 | best AP70 acc: 0.7990 | best mAP acc: 0.7456 | best mAR acc: 0.7964 | best Score: 0.7456 | best Score epoch: 15 
epoch 22, iter  851: loss: 0.0055 | load time: 0.0001 | back time: 1.1527 | lr: 0.00007506 | best AP50 acc: 0.9012 | best AP70 acc: 0.7990 | best mAP acc: 0.7456 | best mAR acc: 0.7964 | best Score: 0.7456 | best Score epoch: 15 
epoch 22, iter  901: loss: 0.0058 | load time: 0.0002 | back time: 1.1563 | lr: 0.00007494 | best AP50 acc: 0.9012 | best AP70 acc: 0.7990 | best mAP acc: 0.7456 | best mAR acc: 0.7964 | best Score: 0.7456 | best Score epoch: 15 
epoch 22, iter  951: loss: 0.0057 | load time: 0.0003 | back time: 1.1592 | lr: 0.00007482 | best AP50 acc: 0.9012 | best AP70 acc: 0.7990 | best mAP acc: 0.7456 | best mAR acc: 0.7964 | best Score: 0.7456 | best Score epoch: 15 
epoch 22, iter 1001: loss: 0.0059 | load time: 0.0002 | back time: 1.1571 | lr: 0.00007470 | best AP50 acc: 0.9012 | best AP70 acc: 0.7990 | best mAP acc: 0.7456 | best mAR acc: 0.7964 | best Score: 0.7456 | best Score epoch: 15 
epoch 22, iter 1051: loss: 0.0056 | load time: 0.0001 | back time: 1.1603 | lr: 0.00007459 | best AP50 acc: 0.9012 | best AP70 acc: 0.7990 | best mAP acc: 0.7456 | best mAR acc: 0.7964 | best Score: 0.7456 | best Score epoch: 15 
epoch 22, iter 1101: loss: 0.0059 | load time: 0.0002 | back time: 1.1565 | lr: 0.00007447 | best AP50 acc: 0.9012 | best AP70 acc: 0.7990 | best mAP acc: 0.7456 | best mAR acc: 0.7964 | best Score: 0.7456 | best Score epoch: 15 
epoch 22, iter 1151: loss: 0.0057 | load time: 0.0002 | back time: 1.1671 | lr: 0.00007435 | best AP50 acc: 0.9012 | best AP70 acc: 0.7990 | best mAP acc: 0.7456 | best mAR acc: 0.7964 | best Score: 0.7456 | best Score epoch: 15 
UAV_SEQS_2 | mAP50:90: 49.5408 | AP50: 77.5021 | AP70: 53.7945 
UAV_SEQS_37 | mAP50:90: 83.8354 | AP50: 100.0000 | AP70: 91.0952 
UAV_SEQS_45 | mAP50:90: 91.0832 | AP50: 100.0000 | AP70: 100.0000 
UAV_SEQS_47 | mAP50:90: 96.3240 | AP50: 100.0000 | AP70: 100.0000 
UAV_SEQS_55 | mAP50:90: 40.7676 | AP50: 64.4823 | AP70: 41.2958 
UAV_SEQS_59 | mAP50:90: 61.2137 | AP50: 90.4189 | AP70: 62.3313 
UAV_SEQS_6 | mAP50:90: 54.9596 | AP50: 79.2295 | AP70: 51.4704 
UAV_SEQS_63 | mAP50:90: 67.0220 | AP50: 100.0000 | AP70: 75.2512 
UAV_SEQS_65 | mAP50:90: 76.5319 | AP50: 94.9942 | AP70: 90.6322 
UAV_SEQS_7 | mAP50:90: 91.0022 | AP50: 100.0000 | AP70: 95.7686 
UAV_SEQS_71 | mAP50:90: 68.6080 | AP50: 95.5041 | AP70: 78.9177 
UAV_SEQS_73 | mAP50:90: 65.2074 | AP50: 89.3399 | AP70: 75.0517 
UAV_SEQS_74 | mAP50:90: 99.1174 | AP50: 100.0000 | AP70: 100.0000 
UAV_SEQS_77 | mAP50:90: 27.5675 | AP50: 37.1439 | AP70: 33.4484 
UAV_SEQS_8 | mAP50:90: 95.0052 | AP50: 100.0000 | AP70: 100.0000 
Overall            | mAP50:95: 72.7231 | AP50: 89.1271 | AP70: 78.4301 
epoch 23, iter    1: loss: 0.0061 | load time: 0.0026 | back time: 0.7513 | lr: 0.00007434 | best AP50 acc: 0.9012 | best AP70 acc: 0.7990 | best mAP acc: 0.7456 | best mAR acc: 0.7964 | best Score: 0.7456 | best Score epoch: 15 
epoch 23, iter   51: loss: 0.0061 | load time: 0.0002 | back time: 1.1521 | lr: 0.00007423 | best AP50 acc: 0.9012 | best AP70 acc: 0.7990 | best mAP acc: 0.7456 | best mAR acc: 0.7964 | best Score: 0.7456 | best Score epoch: 15 
epoch 23, iter  101: loss: 0.0056 | load time: 0.0002 | back time: 1.1575 | lr: 0.00007411 | best AP50 acc: 0.9012 | best AP70 acc: 0.7990 | best mAP acc: 0.7456 | best mAR acc: 0.7964 | best Score: 0.7456 | best Score epoch: 15 
epoch 23, iter  151: loss: 0.0057 | load time: 0.0003 | back time: 1.1670 | lr: 0.00007399 | best AP50 acc: 0.9012 | best AP70 acc: 0.7990 | best mAP acc: 0.7456 | best mAR acc: 0.7964 | best Score: 0.7456 | best Score epoch: 15 
epoch 23, iter  201: loss: 0.0059 | load time: 0.0004 | back time: 1.1640 | lr: 0.00007387 | best AP50 acc: 0.9012 | best AP70 acc: 0.7990 | best mAP acc: 0.7456 | best mAR acc: 0.7964 | best Score: 0.7456 | best Score epoch: 15 
epoch 23, iter  251: loss: 0.0058 | load time: 0.0002 | back time: 1.1660 | lr: 0.00007375 | best AP50 acc: 0.9012 | best AP70 acc: 0.7990 | best mAP acc: 0.7456 | best mAR acc: 0.7964 | best Score: 0.7456 | best Score epoch: 15 
epoch 23, iter  301: loss: 0.0057 | load time: 0.0002 | back time: 1.1569 | lr: 0.00007363 | best AP50 acc: 0.9012 | best AP70 acc: 0.7990 | best mAP acc: 0.7456 | best mAR acc: 0.7964 | best Score: 0.7456 | best Score epoch: 15 
epoch 23, iter  351: loss: 0.0056 | load time: 0.0003 | back time: 1.1598 | lr: 0.00007351 | best AP50 acc: 0.9012 | best AP70 acc: 0.7990 | best mAP acc: 0.7456 | best mAR acc: 0.7964 | best Score: 0.7456 | best Score epoch: 15 
epoch 23, iter  401: loss: 0.0058 | load time: 0.0001 | back time: 1.1541 | lr: 0.00007339 | best AP50 acc: 0.9012 | best AP70 acc: 0.7990 | best mAP acc: 0.7456 | best mAR acc: 0.7964 | best Score: 0.7456 | best Score epoch: 15 
epoch 23, iter  451: loss: 0.0058 | load time: 0.0002 | back time: 1.1483 | lr: 0.00007327 | best AP50 acc: 0.9012 | best AP70 acc: 0.7990 | best mAP acc: 0.7456 | best mAR acc: 0.7964 | best Score: 0.7456 | best Score epoch: 15 
epoch 23, iter  501: loss: 0.0057 | load time: 0.0002 | back time: 1.1593 | lr: 0.00007315 | best AP50 acc: 0.9012 | best AP70 acc: 0.7990 | best mAP acc: 0.7456 | best mAR acc: 0.7964 | best Score: 0.7456 | best Score epoch: 15 
epoch 23, iter  551: loss: 0.0056 | load time: 0.0002 | back time: 1.1582 | lr: 0.00007303 | best AP50 acc: 0.9012 | best AP70 acc: 0.7990 | best mAP acc: 0.7456 | best mAR acc: 0.7964 | best Score: 0.7456 | best Score epoch: 15 
epoch 23, iter  601: loss: 0.0059 | load time: 0.0002 | back time: 1.1737 | lr: 0.00007291 | best AP50 acc: 0.9012 | best AP70 acc: 0.7990 | best mAP acc: 0.7456 | best mAR acc: 0.7964 | best Score: 0.7456 | best Score epoch: 15 
epoch 23, iter  651: loss: 0.0058 | load time: 0.0002 | back time: 1.1749 | lr: 0.00007279 | best AP50 acc: 0.9012 | best AP70 acc: 0.7990 | best mAP acc: 0.7456 | best mAR acc: 0.7964 | best Score: 0.7456 | best Score epoch: 15 
epoch 23, iter  701: loss: 0.0057 | load time: 0.0002 | back time: 1.1635 | lr: 0.00007267 | best AP50 acc: 0.9012 | best AP70 acc: 0.7990 | best mAP acc: 0.7456 | best mAR acc: 0.7964 | best Score: 0.7456 | best Score epoch: 15 
epoch 23, iter  751: loss: 0.0057 | load time: 0.0001 | back time: 1.1572 | lr: 0.00007255 | best AP50 acc: 0.9012 | best AP70 acc: 0.7990 | best mAP acc: 0.7456 | best mAR acc: 0.7964 | best Score: 0.7456 | best Score epoch: 15 
epoch 23, iter  801: loss: 0.0056 | load time: 0.0002 | back time: 1.1575 | lr: 0.00007243 | best AP50 acc: 0.9012 | best AP70 acc: 0.7990 | best mAP acc: 0.7456 | best mAR acc: 0.7964 | best Score: 0.7456 | best Score epoch: 15 
epoch 23, iter  851: loss: 0.0059 | load time: 0.0002 | back time: 1.1662 | lr: 0.00007231 | best AP50 acc: 0.9012 | best AP70 acc: 0.7990 | best mAP acc: 0.7456 | best mAR acc: 0.7964 | best Score: 0.7456 | best Score epoch: 15 
epoch 23, iter  901: loss: 0.0057 | load time: 0.0002 | back time: 1.1576 | lr: 0.00007219 | best AP50 acc: 0.9012 | best AP70 acc: 0.7990 | best mAP acc: 0.7456 | best mAR acc: 0.7964 | best Score: 0.7456 | best Score epoch: 15 
epoch 23, iter  951: loss: 0.0056 | load time: 0.0002 | back time: 1.1546 | lr: 0.00007207 | best AP50 acc: 0.9012 | best AP70 acc: 0.7990 | best mAP acc: 0.7456 | best mAR acc: 0.7964 | best Score: 0.7456 | best Score epoch: 15 
epoch 23, iter 1001: loss: 0.0058 | load time: 0.0002 | back time: 1.1640 | lr: 0.00007194 | best AP50 acc: 0.9012 | best AP70 acc: 0.7990 | best mAP acc: 0.7456 | best mAR acc: 0.7964 | best Score: 0.7456 | best Score epoch: 15 
epoch 23, iter 1051: loss: 0.0056 | load time: 0.0002 | back time: 1.1609 | lr: 0.00007182 | best AP50 acc: 0.9012 | best AP70 acc: 0.7990 | best mAP acc: 0.7456 | best mAR acc: 0.7964 | best Score: 0.7456 | best Score epoch: 15 
epoch 23, iter 1101: loss: 0.0057 | load time: 0.0002 | back time: 1.1610 | lr: 0.00007170 | best AP50 acc: 0.9012 | best AP70 acc: 0.7990 | best mAP acc: 0.7456 | best mAR acc: 0.7964 | best Score: 0.7456 | best Score epoch: 15 
epoch 23, iter 1151: loss: 0.0057 | load time: 0.0004 | back time: 1.1593 | lr: 0.00007158 | best AP50 acc: 0.9012 | best AP70 acc: 0.7990 | best mAP acc: 0.7456 | best mAR acc: 0.7964 | best Score: 0.7456 | best Score epoch: 15 
UAV_SEQS_2 | mAP50:90: 48.4059 | AP50: 77.7331 | AP70: 48.9962 
UAV_SEQS_37 | mAP50:90: 75.8412 | AP50: 98.7812 | AP70: 81.3336 
UAV_SEQS_45 | mAP50:90: 95.0906 | AP50: 100.0000 | AP70: 100.0000 
UAV_SEQS_47 | mAP50:90: 96.9367 | AP50: 100.0000 | AP70: 100.0000 
UAV_SEQS_55 | mAP50:90: 36.1230 | AP50: 55.7516 | AP70: 35.5241 
UAV_SEQS_59 | mAP50:90: 74.9186 | AP50: 95.9450 | AP70: 81.2332 
UAV_SEQS_6 | mAP50:90: 49.9263 | AP50: 71.7587 | AP70: 49.4827 
UAV_SEQS_63 | mAP50:90: 74.1517 | AP50: 100.0000 | AP70: 81.6898 
UAV_SEQS_65 | mAP50:90: 82.4519 | AP50: 94.7807 | AP70: 92.2572 
UAV_SEQS_7 | mAP50:90: 70.2404 | AP50: 93.9585 | AP70: 73.5700 
UAV_SEQS_71 | mAP50:90: 63.8557 | AP50: 90.5865 | AP70: 72.2968 
UAV_SEQS_73 | mAP50:90: 66.7171 | AP50: 87.0025 | AP70: 75.0867 
UAV_SEQS_74 | mAP50:90: 100.0000 | AP50: 100.0000 | AP70: 100.0000 
UAV_SEQS_77 | mAP50:90: 12.3975 | AP50: 19.7373 | AP70: 13.6342 
UAV_SEQS_8 | mAP50:90: 96.4286 | AP50: 100.0000 | AP70: 100.0000 
Overall            | mAP50:95: 71.7035 | AP50: 87.6491 | AP70: 75.8646 
epoch 24, iter    1: loss: 0.0059 | load time: 0.0026 | back time: 0.6284 | lr: 0.00007157 | best AP50 acc: 0.9012 | best AP70 acc: 0.7990 | best mAP acc: 0.7456 | best mAR acc: 0.7964 | best Score: 0.7456 | best Score epoch: 15 
epoch 24, iter   51: loss: 0.0057 | load time: 0.0004 | back time: 1.1304 | lr: 0.00007145 | best AP50 acc: 0.9012 | best AP70 acc: 0.7990 | best mAP acc: 0.7456 | best mAR acc: 0.7964 | best Score: 0.7456 | best Score epoch: 15 
epoch 24, iter  101: loss: 0.0057 | load time: 0.0002 | back time: 1.1453 | lr: 0.00007133 | best AP50 acc: 0.9012 | best AP70 acc: 0.7990 | best mAP acc: 0.7456 | best mAR acc: 0.7964 | best Score: 0.7456 | best Score epoch: 15 
epoch 24, iter  151: loss: 0.0056 | load time: 0.0002 | back time: 1.0562 | lr: 0.00007121 | best AP50 acc: 0.9012 | best AP70 acc: 0.7990 | best mAP acc: 0.7456 | best mAR acc: 0.7964 | best Score: 0.7456 | best Score epoch: 15 
epoch 24, iter  201: loss: 0.0055 | load time: 0.0002 | back time: 1.1461 | lr: 0.00007108 | best AP50 acc: 0.9012 | best AP70 acc: 0.7990 | best mAP acc: 0.7456 | best mAR acc: 0.7964 | best Score: 0.7456 | best Score epoch: 15 
epoch 24, iter  251: loss: 0.0057 | load time: 0.0001 | back time: 1.1353 | lr: 0.00007096 | best AP50 acc: 0.9012 | best AP70 acc: 0.7990 | best mAP acc: 0.7456 | best mAR acc: 0.7964 | best Score: 0.7456 | best Score epoch: 15 
epoch 24, iter  301: loss: 0.0057 | load time: 0.0002 | back time: 1.1351 | lr: 0.00007084 | best AP50 acc: 0.9012 | best AP70 acc: 0.7990 | best mAP acc: 0.7456 | best mAR acc: 0.7964 | best Score: 0.7456 | best Score epoch: 15 
epoch 24, iter  351: loss: 0.0056 | load time: 0.0002 | back time: 1.1276 | lr: 0.00007071 | best AP50 acc: 0.9012 | best AP70 acc: 0.7990 | best mAP acc: 0.7456 | best mAR acc: 0.7964 | best Score: 0.7456 | best Score epoch: 15 
epoch 24, iter  401: loss: 0.0058 | load time: 0.0002 | back time: 1.1328 | lr: 0.00007059 | best AP50 acc: 0.9012 | best AP70 acc: 0.7990 | best mAP acc: 0.7456 | best mAR acc: 0.7964 | best Score: 0.7456 | best Score epoch: 15 
epoch 24, iter  451: loss: 0.0058 | load time: 0.0003 | back time: 1.1397 | lr: 0.00007047 | best AP50 acc: 0.9012 | best AP70 acc: 0.7990 | best mAP acc: 0.7456 | best mAR acc: 0.7964 | best Score: 0.7456 | best Score epoch: 15 
epoch 24, iter  501: loss: 0.0059 | load time: 0.0001 | back time: 1.1756 | lr: 0.00007034 | best AP50 acc: 0.9012 | best AP70 acc: 0.7990 | best mAP acc: 0.7456 | best mAR acc: 0.7964 | best Score: 0.7456 | best Score epoch: 15 
epoch 24, iter  551: loss: 0.0059 | load time: 0.0001 | back time: 1.1533 | lr: 0.00007022 | best AP50 acc: 0.9012 | best AP70 acc: 0.7990 | best mAP acc: 0.7456 | best mAR acc: 0.7964 | best Score: 0.7456 | best Score epoch: 15 
epoch 24, iter  601: loss: 0.0057 | load time: 0.0002 | back time: 1.1708 | lr: 0.00007010 | best AP50 acc: 0.9012 | best AP70 acc: 0.7990 | best mAP acc: 0.7456 | best mAR acc: 0.7964 | best Score: 0.7456 | best Score epoch: 15 
epoch 24, iter  651: loss: 0.0057 | load time: 0.0002 | back time: 1.1526 | lr: 0.00006997 | best AP50 acc: 0.9012 | best AP70 acc: 0.7990 | best mAP acc: 0.7456 | best mAR acc: 0.7964 | best Score: 0.7456 | best Score epoch: 15 
epoch 24, iter  701: loss: 0.0057 | load time: 0.0002 | back time: 1.1409 | lr: 0.00006985 | best AP50 acc: 0.9012 | best AP70 acc: 0.7990 | best mAP acc: 0.7456 | best mAR acc: 0.7964 | best Score: 0.7456 | best Score epoch: 15 
epoch 24, iter  751: loss: 0.0057 | load time: 0.0003 | back time: 1.1510 | lr: 0.00006972 | best AP50 acc: 0.9012 | best AP70 acc: 0.7990 | best mAP acc: 0.7456 | best mAR acc: 0.7964 | best Score: 0.7456 | best Score epoch: 15 
epoch 24, iter  801: loss: 0.0059 | load time: 0.0002 | back time: 1.1636 | lr: 0.00006960 | best AP50 acc: 0.9012 | best AP70 acc: 0.7990 | best mAP acc: 0.7456 | best mAR acc: 0.7964 | best Score: 0.7456 | best Score epoch: 15 
epoch 24, iter  851: loss: 0.0058 | load time: 0.0003 | back time: 1.1567 | lr: 0.00006948 | best AP50 acc: 0.9012 | best AP70 acc: 0.7990 | best mAP acc: 0.7456 | best mAR acc: 0.7964 | best Score: 0.7456 | best Score epoch: 15 
epoch 24, iter  901: loss: 0.0058 | load time: 0.0002 | back time: 1.1472 | lr: 0.00006935 | best AP50 acc: 0.9012 | best AP70 acc: 0.7990 | best mAP acc: 0.7456 | best mAR acc: 0.7964 | best Score: 0.7456 | best Score epoch: 15 
epoch 24, iter  951: loss: 0.0059 | load time: 0.0001 | back time: 1.1313 | lr: 0.00006923 | best AP50 acc: 0.9012 | best AP70 acc: 0.7990 | best mAP acc: 0.7456 | best mAR acc: 0.7964 | best Score: 0.7456 | best Score epoch: 15 
epoch 24, iter 1001: loss: 0.0056 | load time: 0.0002 | back time: 1.1430 | lr: 0.00006910 | best AP50 acc: 0.9012 | best AP70 acc: 0.7990 | best mAP acc: 0.7456 | best mAR acc: 0.7964 | best Score: 0.7456 | best Score epoch: 15 
epoch 24, iter 1051: loss: 0.0057 | load time: 0.0002 | back time: 1.1287 | lr: 0.00006898 | best AP50 acc: 0.9012 | best AP70 acc: 0.7990 | best mAP acc: 0.7456 | best mAR acc: 0.7964 | best Score: 0.7456 | best Score epoch: 15 
epoch 24, iter 1101: loss: 0.0056 | load time: 0.0003 | back time: 1.1501 | lr: 0.00006885 | best AP50 acc: 0.9012 | best AP70 acc: 0.7990 | best mAP acc: 0.7456 | best mAR acc: 0.7964 | best Score: 0.7456 | best Score epoch: 15 
epoch 24, iter 1151: loss: 0.0057 | load time: 0.0001 | back time: 1.1493 | lr: 0.00006872 | best AP50 acc: 0.9012 | best AP70 acc: 0.7990 | best mAP acc: 0.7456 | best mAR acc: 0.7964 | best Score: 0.7456 | best Score epoch: 15 
UAV_SEQS_2 | mAP50:90: 45.7704 | AP50: 79.1158 | AP70: 46.8983 
UAV_SEQS_37 | mAP50:90: 79.3646 | AP50: 100.0000 | AP70: 83.7331 
UAV_SEQS_45 | mAP50:90: 96.2646 | AP50: 100.0000 | AP70: 100.0000 
UAV_SEQS_47 | mAP50:90: 95.5595 | AP50: 100.0000 | AP70: 100.0000 
UAV_SEQS_55 | mAP50:90: 46.2359 | AP50: 67.2111 | AP70: 46.8694 
UAV_SEQS_59 | mAP50:90: 66.6865 | AP50: 89.1976 | AP70: 71.3681 
UAV_SEQS_6 | mAP50:90: 51.1762 | AP50: 68.1388 | AP70: 53.7934 
UAV_SEQS_63 | mAP50:90: 64.4443 | AP50: 100.0000 | AP70: 70.6085 
UAV_SEQS_65 | mAP50:90: 81.8943 | AP50: 96.4368 | AP70: 93.1264 
UAV_SEQS_7 | mAP50:90: 84.2225 | AP50: 100.0000 | AP70: 91.9920 
UAV_SEQS_71 | mAP50:90: 70.3905 | AP50: 93.7415 | AP70: 83.0722 
UAV_SEQS_73 | mAP50:90: 69.1329 | AP50: 86.2267 | AP70: 79.2831 
UAV_SEQS_74 | mAP50:90: 99.8878 | AP50: 100.0000 | AP70: 100.0000 
UAV_SEQS_77 | mAP50:90: 29.4992 | AP50: 38.2917 | AP70: 34.9030 
UAV_SEQS_8 | mAP50:90: 92.7618 | AP50: 100.0000 | AP70: 100.0000 
Overall            | mAP50:95: 73.6149 | AP50: 88.7658 | AP70: 79.3941 
epoch 25, iter    1: loss: 0.0056 | load time: 0.0014 | back time: 0.6393 | lr: 0.00006872 | best AP50 acc: 0.9012 | best AP70 acc: 0.7990 | best mAP acc: 0.7456 | best mAR acc: 0.7964 | best Score: 0.7456 | best Score epoch: 15 
epoch 25, iter   51: loss: 0.0060 | load time: 0.0003 | back time: 1.1408 | lr: 0.00006859 | best AP50 acc: 0.9012 | best AP70 acc: 0.7990 | best mAP acc: 0.7456 | best mAR acc: 0.7964 | best Score: 0.7456 | best Score epoch: 15 
epoch 25, iter  101: loss: 0.0056 | load time: 0.0003 | back time: 1.1260 | lr: 0.00006847 | best AP50 acc: 0.9012 | best AP70 acc: 0.7990 | best mAP acc: 0.7456 | best mAR acc: 0.7964 | best Score: 0.7456 | best Score epoch: 15 
epoch 25, iter  151: loss: 0.0056 | load time: 0.0002 | back time: 1.1564 | lr: 0.00006834 | best AP50 acc: 0.9012 | best AP70 acc: 0.7990 | best mAP acc: 0.7456 | best mAR acc: 0.7964 | best Score: 0.7456 | best Score epoch: 15 
epoch 25, iter  201: loss: 0.0058 | load time: 0.0002 | back time: 1.1602 | lr: 0.00006822 | best AP50 acc: 0.9012 | best AP70 acc: 0.7990 | best mAP acc: 0.7456 | best mAR acc: 0.7964 | best Score: 0.7456 | best Score epoch: 15 
epoch 25, iter  251: loss: 0.0058 | load time: 0.0002 | back time: 1.1622 | lr: 0.00006809 | best AP50 acc: 0.9012 | best AP70 acc: 0.7990 | best mAP acc: 0.7456 | best mAR acc: 0.7964 | best Score: 0.7456 | best Score epoch: 15 
epoch 25, iter  301: loss: 0.0057 | load time: 0.0002 | back time: 1.1401 | lr: 0.00006796 | best AP50 acc: 0.9012 | best AP70 acc: 0.7990 | best mAP acc: 0.7456 | best mAR acc: 0.7964 | best Score: 0.7456 | best Score epoch: 15 
epoch 25, iter  351: loss: 0.0054 | load time: 0.0004 | back time: 1.1728 | lr: 0.00006784 | best AP50 acc: 0.9012 | best AP70 acc: 0.7990 | best mAP acc: 0.7456 | best mAR acc: 0.7964 | best Score: 0.7456 | best Score epoch: 15 
epoch 25, iter  401: loss: 0.0057 | load time: 0.0002 | back time: 1.1305 | lr: 0.00006771 | best AP50 acc: 0.9012 | best AP70 acc: 0.7990 | best mAP acc: 0.7456 | best mAR acc: 0.7964 | best Score: 0.7456 | best Score epoch: 15 
epoch 25, iter  451: loss: 0.0059 | load time: 0.0003 | back time: 1.1560 | lr: 0.00006758 | best AP50 acc: 0.9012 | best AP70 acc: 0.7990 | best mAP acc: 0.7456 | best mAR acc: 0.7964 | best Score: 0.7456 | best Score epoch: 15 
epoch 25, iter  501: loss: 0.0057 | load time: 0.0001 | back time: 1.1326 | lr: 0.00006746 | best AP50 acc: 0.9012 | best AP70 acc: 0.7990 | best mAP acc: 0.7456 | best mAR acc: 0.7964 | best Score: 0.7456 | best Score epoch: 15 
epoch 25, iter  551: loss: 0.0056 | load time: 0.0003 | back time: 1.1377 | lr: 0.00006733 | best AP50 acc: 0.9012 | best AP70 acc: 0.7990 | best mAP acc: 0.7456 | best mAR acc: 0.7964 | best Score: 0.7456 | best Score epoch: 15 
epoch 25, iter  601: loss: 0.0057 | load time: 0.0003 | back time: 1.1660 | lr: 0.00006720 | best AP50 acc: 0.9012 | best AP70 acc: 0.7990 | best mAP acc: 0.7456 | best mAR acc: 0.7964 | best Score: 0.7456 | best Score epoch: 15 
epoch 25, iter  651: loss: 0.0057 | load time: 0.0002 | back time: 1.1509 | lr: 0.00006708 | best AP50 acc: 0.9012 | best AP70 acc: 0.7990 | best mAP acc: 0.7456 | best mAR acc: 0.7964 | best Score: 0.7456 | best Score epoch: 15 
epoch 25, iter  701: loss: 0.0057 | load time: 0.0002 | back time: 1.1502 | lr: 0.00006695 | best AP50 acc: 0.9012 | best AP70 acc: 0.7990 | best mAP acc: 0.7456 | best mAR acc: 0.7964 | best Score: 0.7456 | best Score epoch: 15 
epoch 25, iter  751: loss: 0.0055 | load time: 0.0002 | back time: 1.1509 | lr: 0.00006682 | best AP50 acc: 0.9012 | best AP70 acc: 0.7990 | best mAP acc: 0.7456 | best mAR acc: 0.7964 | best Score: 0.7456 | best Score epoch: 15 
epoch 25, iter  801: loss: 0.0057 | load time: 0.0002 | back time: 1.1488 | lr: 0.00006669 | best AP50 acc: 0.9012 | best AP70 acc: 0.7990 | best mAP acc: 0.7456 | best mAR acc: 0.7964 | best Score: 0.7456 | best Score epoch: 15 
epoch 25, iter  851: loss: 0.0057 | load time: 0.0003 | back time: 1.1460 | lr: 0.00006657 | best AP50 acc: 0.9012 | best AP70 acc: 0.7990 | best mAP acc: 0.7456 | best mAR acc: 0.7964 | best Score: 0.7456 | best Score epoch: 15 
epoch 25, iter  901: loss: 0.0059 | load time: 0.0003 | back time: 1.1588 | lr: 0.00006644 | best AP50 acc: 0.9012 | best AP70 acc: 0.7990 | best mAP acc: 0.7456 | best mAR acc: 0.7964 | best Score: 0.7456 | best Score epoch: 15 
epoch 25, iter  951: loss: 0.0056 | load time: 0.0003 | back time: 1.1576 | lr: 0.00006631 | best AP50 acc: 0.9012 | best AP70 acc: 0.7990 | best mAP acc: 0.7456 | best mAR acc: 0.7964 | best Score: 0.7456 | best Score epoch: 15 
epoch 25, iter 1001: loss: 0.0058 | load time: 0.0003 | back time: 1.1529 | lr: 0.00006618 | best AP50 acc: 0.9012 | best AP70 acc: 0.7990 | best mAP acc: 0.7456 | best mAR acc: 0.7964 | best Score: 0.7456 | best Score epoch: 15 
epoch 25, iter 1051: loss: 0.0056 | load time: 0.0002 | back time: 1.1543 | lr: 0.00006606 | best AP50 acc: 0.9012 | best AP70 acc: 0.7990 | best mAP acc: 0.7456 | best mAR acc: 0.7964 | best Score: 0.7456 | best Score epoch: 15 
epoch 25, iter 1101: loss: 0.0056 | load time: 0.0002 | back time: 1.1565 | lr: 0.00006593 | best AP50 acc: 0.9012 | best AP70 acc: 0.7990 | best mAP acc: 0.7456 | best mAR acc: 0.7964 | best Score: 0.7456 | best Score epoch: 15 
epoch 25, iter 1151: loss: 0.0059 | load time: 0.0001 | back time: 1.1654 | lr: 0.00006580 | best AP50 acc: 0.9012 | best AP70 acc: 0.7990 | best mAP acc: 0.7456 | best mAR acc: 0.7964 | best Score: 0.7456 | best Score epoch: 15 
UAV_SEQS_2 | mAP50:90: 45.1124 | AP50: 81.2808 | AP70: 42.7005 
UAV_SEQS_37 | mAP50:90: 86.5755 | AP50: 100.0000 | AP70: 93.3820 
UAV_SEQS_45 | mAP50:90: 93.5286 | AP50: 100.0000 | AP70: 100.0000 
UAV_SEQS_47 | mAP50:90: 98.3477 | AP50: 100.0000 | AP70: 100.0000 
UAV_SEQS_55 | mAP50:90: 40.5605 | AP50: 57.1975 | AP70: 41.1857 
UAV_SEQS_59 | mAP50:90: 66.4244 | AP50: 93.1954 | AP70: 70.0327 
UAV_SEQS_6 | mAP50:90: 54.7294 | AP50: 79.6804 | AP70: 53.7036 
UAV_SEQS_63 | mAP50:90: 58.1258 | AP50: 98.8812 | AP70: 59.9802 
UAV_SEQS_65 | mAP50:90: 79.9205 | AP50: 96.3991 | AP70: 92.7112 
UAV_SEQS_7 | mAP50:90: 85.0647 | AP50: 99.0033 | AP70: 94.8097 
UAV_SEQS_71 | mAP50:90: 71.9327 | AP50: 96.0040 | AP70: 84.1034 
UAV_SEQS_73 | mAP50:90: 72.0787 | AP50: 90.4241 | AP70: 81.2365 
UAV_SEQS_74 | mAP50:90: 94.0767 | AP50: 100.0000 | AP70: 97.9210 
UAV_SEQS_77 | mAP50:90: 27.5410 | AP50: 37.2238 | AP70: 35.0870 
UAV_SEQS_8 | mAP50:90: 89.1489 | AP50: 100.0000 | AP70: 100.0000 
Overall            | mAP50:95: 72.7096 | AP50: 89.0887 | AP70: 78.5348 
