epoch  1, iter    1: loss: 0.6533 | load time: 0.2094 | back time: 2.6827 | lr: 0.00000012 | best AP50 acc: 0.0000 | best AP70 acc: 0.0000 | best mAP acc: 0.0000 | best mAR acc: 0.0000 | best Score: 0.0000 | best Score epoch: -1 
epoch  1, iter   51: loss: 0.6302 | load time: 0.0002 | back time: 1.9413 | lr: 0.00000098 | best AP50 acc: 0.0000 | best AP70 acc: 0.0000 | best mAP acc: 0.0000 | best mAR acc: 0.0000 | best Score: 0.0000 | best Score epoch: -1 
epoch  1, iter  101: loss: 0.5103 | load time: 0.0002 | back time: 1.9246 | lr: 0.00000185 | best AP50 acc: 0.0000 | best AP70 acc: 0.0000 | best mAP acc: 0.0000 | best mAR acc: 0.0000 | best Score: 0.0000 | best Score epoch: -1 
epoch  1, iter  151: loss: 0.2183 | load time: 0.0002 | back time: 2.0300 | lr: 0.00000272 | best AP50 acc: 0.0000 | best AP70 acc: 0.0000 | best mAP acc: 0.0000 | best mAR acc: 0.0000 | best Score: 0.0000 | best Score epoch: -1 
epoch  1, iter  201: loss: 0.0824 | load time: 0.0002 | back time: 1.8455 | lr: 0.00000359 | best AP50 acc: 0.0000 | best AP70 acc: 0.0000 | best mAP acc: 0.0000 | best mAR acc: 0.0000 | best Score: 0.0000 | best Score epoch: -1 
epoch  1, iter  251: loss: 0.0495 | load time: 0.0002 | back time: 1.8787 | lr: 0.00000445 | best AP50 acc: 0.0000 | best AP70 acc: 0.0000 | best mAP acc: 0.0000 | best mAR acc: 0.0000 | best Score: 0.0000 | best Score epoch: -1 
epoch  1, iter  301: loss: 0.0363 | load time: 0.0001 | back time: 1.9202 | lr: 0.00000532 | best AP50 acc: 0.0000 | best AP70 acc: 0.0000 | best mAP acc: 0.0000 | best mAR acc: 0.0000 | best Score: 0.0000 | best Score epoch: -1 
epoch  1, iter  351: loss: 0.0290 | load time: 0.0001 | back time: 1.9233 | lr: 0.00000619 | best AP50 acc: 0.0000 | best AP70 acc: 0.0000 | best mAP acc: 0.0000 | best mAR acc: 0.0000 | best Score: 0.0000 | best Score epoch: -1 
epoch  1, iter  401: loss: 0.0274 | load time: 0.0004 | back time: 1.9488 | lr: 0.00000705 | best AP50 acc: 0.0000 | best AP70 acc: 0.0000 | best mAP acc: 0.0000 | best mAR acc: 0.0000 | best Score: 0.0000 | best Score epoch: -1 
epoch  1, iter  451: loss: 0.0236 | load time: 0.0003 | back time: 1.9351 | lr: 0.00000792 | best AP50 acc: 0.0000 | best AP70 acc: 0.0000 | best mAP acc: 0.0000 | best mAR acc: 0.0000 | best Score: 0.0000 | best Score epoch: -1 
epoch  1, iter  501: loss: 0.0253 | load time: 0.0001 | back time: 1.9358 | lr: 0.00000879 | best AP50 acc: 0.0000 | best AP70 acc: 0.0000 | best mAP acc: 0.0000 | best mAR acc: 0.0000 | best Score: 0.0000 | best Score epoch: -1 
epoch  1, iter  551: loss: 0.0220 | load time: 0.0002 | back time: 1.9539 | lr: 0.00000966 | best AP50 acc: 0.0000 | best AP70 acc: 0.0000 | best mAP acc: 0.0000 | best mAR acc: 0.0000 | best Score: 0.0000 | best Score epoch: -1 
epoch  1, iter  601: loss: 0.0205 | load time: 0.0002 | back time: 1.9566 | lr: 0.00001052 | best AP50 acc: 0.0000 | best AP70 acc: 0.0000 | best mAP acc: 0.0000 | best mAR acc: 0.0000 | best Score: 0.0000 | best Score epoch: -1 
epoch  1, iter  651: loss: 0.0235 | load time: 0.0003 | back time: 1.9431 | lr: 0.00001139 | best AP50 acc: 0.0000 | best AP70 acc: 0.0000 | best mAP acc: 0.0000 | best mAR acc: 0.0000 | best Score: 0.0000 | best Score epoch: -1 
epoch  1, iter  701: loss: 0.0236 | load time: 0.0002 | back time: 1.9539 | lr: 0.00001226 | best AP50 acc: 0.0000 | best AP70 acc: 0.0000 | best mAP acc: 0.0000 | best mAR acc: 0.0000 | best Score: 0.0000 | best Score epoch: -1 
epoch  1, iter  751: loss: 0.0208 | load time: 0.0003 | back time: 1.9561 | lr: 0.00001313 | best AP50 acc: 0.0000 | best AP70 acc: 0.0000 | best mAP acc: 0.0000 | best mAR acc: 0.0000 | best Score: 0.0000 | best Score epoch: -1 
epoch  1, iter  801: loss: 0.0157 | load time: 0.0002 | back time: 1.9709 | lr: 0.00001399 | best AP50 acc: 0.0000 | best AP70 acc: 0.0000 | best mAP acc: 0.0000 | best mAR acc: 0.0000 | best Score: 0.0000 | best Score epoch: -1 
epoch  1, iter  851: loss: 0.0238 | load time: 0.0002 | back time: 1.9551 | lr: 0.00001486 | best AP50 acc: 0.0000 | best AP70 acc: 0.0000 | best mAP acc: 0.0000 | best mAR acc: 0.0000 | best Score: 0.0000 | best Score epoch: -1 
epoch  1, iter  901: loss: 0.0141 | load time: 0.0003 | back time: 1.9556 | lr: 0.00001573 | best AP50 acc: 0.0000 | best AP70 acc: 0.0000 | best mAP acc: 0.0000 | best mAR acc: 0.0000 | best Score: 0.0000 | best Score epoch: -1 
epoch  1, iter  951: loss: 0.0179 | load time: 0.0002 | back time: 1.9580 | lr: 0.00001659 | best AP50 acc: 0.0000 | best AP70 acc: 0.0000 | best mAP acc: 0.0000 | best mAR acc: 0.0000 | best Score: 0.0000 | best Score epoch: -1 
epoch  1, iter 1001: loss: 0.0139 | load time: 0.0002 | back time: 1.9625 | lr: 0.00001746 | best AP50 acc: 0.0000 | best AP70 acc: 0.0000 | best mAP acc: 0.0000 | best mAR acc: 0.0000 | best Score: 0.0000 | best Score epoch: -1 
epoch  1, iter 1051: loss: 0.0181 | load time: 0.0002 | back time: 1.9492 | lr: 0.00001833 | best AP50 acc: 0.0000 | best AP70 acc: 0.0000 | best mAP acc: 0.0000 | best mAR acc: 0.0000 | best Score: 0.0000 | best Score epoch: -1 
epoch  1, iter 1101: loss: 0.0217 | load time: 0.0002 | back time: 1.9541 | lr: 0.00001920 | best AP50 acc: 0.0000 | best AP70 acc: 0.0000 | best mAP acc: 0.0000 | best mAR acc: 0.0000 | best Score: 0.0000 | best Score epoch: -1 
epoch  1, iter 1151: loss: 0.0168 | load time: 0.0002 | back time: 1.9574 | lr: 0.00002006 | best AP50 acc: 0.0000 | best AP70 acc: 0.0000 | best mAP acc: 0.0000 | best mAR acc: 0.0000 | best Score: 0.0000 | best Score epoch: -1 
epoch  2, iter    1: loss: 0.0158 | load time: 0.0006 | back time: 0.0130 | lr: 0.00002010 | best AP50 acc: 0.0000 | best AP70 acc: 0.0000 | best mAP acc: 0.0000 | best mAR acc: 0.0000 | best Score: 0.0000 | best Score epoch: -1 
epoch  2, iter   51: loss: 0.0194 | load time: 0.0003 | back time: 1.9720 | lr: 0.00002096 | best AP50 acc: 0.0000 | best AP70 acc: 0.0000 | best mAP acc: 0.0000 | best mAR acc: 0.0000 | best Score: 0.0000 | best Score epoch: -1 
epoch  2, iter  101: loss: 0.0194 | load time: 0.0002 | back time: 1.9739 | lr: 0.00002183 | best AP50 acc: 0.0000 | best AP70 acc: 0.0000 | best mAP acc: 0.0000 | best mAR acc: 0.0000 | best Score: 0.0000 | best Score epoch: -1 
epoch  2, iter  151: loss: 0.0207 | load time: 0.0003 | back time: 1.9664 | lr: 0.00002270 | best AP50 acc: 0.0000 | best AP70 acc: 0.0000 | best mAP acc: 0.0000 | best mAR acc: 0.0000 | best Score: 0.0000 | best Score epoch: -1 
epoch  2, iter  201: loss: 0.0144 | load time: 0.0002 | back time: 1.9691 | lr: 0.00002357 | best AP50 acc: 0.0000 | best AP70 acc: 0.0000 | best mAP acc: 0.0000 | best mAR acc: 0.0000 | best Score: 0.0000 | best Score epoch: -1 
epoch  2, iter  251: loss: 0.0175 | load time: 0.0003 | back time: 1.9556 | lr: 0.00002443 | best AP50 acc: 0.0000 | best AP70 acc: 0.0000 | best mAP acc: 0.0000 | best mAR acc: 0.0000 | best Score: 0.0000 | best Score epoch: -1 
epoch  2, iter  301: loss: 0.0189 | load time: 0.0004 | back time: 1.9643 | lr: 0.00002530 | best AP50 acc: 0.0000 | best AP70 acc: 0.0000 | best mAP acc: 0.0000 | best mAR acc: 0.0000 | best Score: 0.0000 | best Score epoch: -1 
epoch  2, iter  351: loss: 0.0128 | load time: 0.0003 | back time: 1.9613 | lr: 0.00002617 | best AP50 acc: 0.0000 | best AP70 acc: 0.0000 | best mAP acc: 0.0000 | best mAR acc: 0.0000 | best Score: 0.0000 | best Score epoch: -1 
epoch  2, iter  401: loss: 0.0168 | load time: 0.0002 | back time: 1.9605 | lr: 0.00002703 | best AP50 acc: 0.0000 | best AP70 acc: 0.0000 | best mAP acc: 0.0000 | best mAR acc: 0.0000 | best Score: 0.0000 | best Score epoch: -1 
epoch  2, iter  451: loss: 0.0206 | load time: 0.0003 | back time: 1.9599 | lr: 0.00002790 | best AP50 acc: 0.0000 | best AP70 acc: 0.0000 | best mAP acc: 0.0000 | best mAR acc: 0.0000 | best Score: 0.0000 | best Score epoch: -1 
epoch  2, iter  501: loss: 0.0162 | load time: 0.0002 | back time: 1.9582 | lr: 0.00002877 | best AP50 acc: 0.0000 | best AP70 acc: 0.0000 | best mAP acc: 0.0000 | best mAR acc: 0.0000 | best Score: 0.0000 | best Score epoch: -1 
epoch  2, iter  551: loss: 0.0203 | load time: 0.0002 | back time: 1.9609 | lr: 0.00002964 | best AP50 acc: 0.0000 | best AP70 acc: 0.0000 | best mAP acc: 0.0000 | best mAR acc: 0.0000 | best Score: 0.0000 | best Score epoch: -1 
epoch  2, iter  601: loss: 0.0155 | load time: 0.0002 | back time: 1.9695 | lr: 0.00003050 | best AP50 acc: 0.0000 | best AP70 acc: 0.0000 | best mAP acc: 0.0000 | best mAR acc: 0.0000 | best Score: 0.0000 | best Score epoch: -1 
epoch  2, iter  651: loss: 0.0176 | load time: 0.0002 | back time: 1.9684 | lr: 0.00003137 | best AP50 acc: 0.0000 | best AP70 acc: 0.0000 | best mAP acc: 0.0000 | best mAR acc: 0.0000 | best Score: 0.0000 | best Score epoch: -1 
epoch  2, iter  701: loss: 0.0136 | load time: 0.0002 | back time: 1.9649 | lr: 0.00003224 | best AP50 acc: 0.0000 | best AP70 acc: 0.0000 | best mAP acc: 0.0000 | best mAR acc: 0.0000 | best Score: 0.0000 | best Score epoch: -1 
epoch  2, iter  751: loss: 0.0102 | load time: 0.0002 | back time: 1.9709 | lr: 0.00003311 | best AP50 acc: 0.0000 | best AP70 acc: 0.0000 | best mAP acc: 0.0000 | best mAR acc: 0.0000 | best Score: 0.0000 | best Score epoch: -1 
epoch  2, iter  801: loss: 0.0127 | load time: 0.0002 | back time: 1.9618 | lr: 0.00003397 | best AP50 acc: 0.0000 | best AP70 acc: 0.0000 | best mAP acc: 0.0000 | best mAR acc: 0.0000 | best Score: 0.0000 | best Score epoch: -1 
epoch  2, iter  851: loss: 0.0255 | load time: 0.0003 | back time: 1.9761 | lr: 0.00003484 | best AP50 acc: 0.0000 | best AP70 acc: 0.0000 | best mAP acc: 0.0000 | best mAR acc: 0.0000 | best Score: 0.0000 | best Score epoch: -1 
epoch  2, iter  901: loss: 0.0230 | load time: 0.0003 | back time: 1.9630 | lr: 0.00003571 | best AP50 acc: 0.0000 | best AP70 acc: 0.0000 | best mAP acc: 0.0000 | best mAR acc: 0.0000 | best Score: 0.0000 | best Score epoch: -1 
epoch  2, iter  951: loss: 0.0180 | load time: 0.0003 | back time: 1.9602 | lr: 0.00003657 | best AP50 acc: 0.0000 | best AP70 acc: 0.0000 | best mAP acc: 0.0000 | best mAR acc: 0.0000 | best Score: 0.0000 | best Score epoch: -1 
epoch  2, iter 1001: loss: 0.0143 | load time: 0.0002 | back time: 1.9748 | lr: 0.00003744 | best AP50 acc: 0.0000 | best AP70 acc: 0.0000 | best mAP acc: 0.0000 | best mAR acc: 0.0000 | best Score: 0.0000 | best Score epoch: -1 
epoch  2, iter 1051: loss: 0.0167 | load time: 0.0001 | back time: 1.9626 | lr: 0.00003831 | best AP50 acc: 0.0000 | best AP70 acc: 0.0000 | best mAP acc: 0.0000 | best mAR acc: 0.0000 | best Score: 0.0000 | best Score epoch: -1 
epoch  2, iter 1101: loss: 0.0152 | load time: 0.0002 | back time: 1.9647 | lr: 0.00003918 | best AP50 acc: 0.0000 | best AP70 acc: 0.0000 | best mAP acc: 0.0000 | best mAR acc: 0.0000 | best Score: 0.0000 | best Score epoch: -1 
epoch  2, iter 1151: loss: 0.0155 | load time: 0.0004 | back time: 1.9621 | lr: 0.00004004 | best AP50 acc: 0.0000 | best AP70 acc: 0.0000 | best mAP acc: 0.0000 | best mAR acc: 0.0000 | best Score: 0.0000 | best Score epoch: -1 
epoch  3, iter    1: loss: 0.0260 | load time: 0.0004 | back time: 0.0114 | lr: 0.00004008 | best AP50 acc: 0.0000 | best AP70 acc: 0.0000 | best mAP acc: 0.0000 | best mAR acc: 0.0000 | best Score: 0.0000 | best Score epoch: -1 
epoch  3, iter   51: loss: 0.0241 | load time: 0.0002 | back time: 1.9766 | lr: 0.00004094 | best AP50 acc: 0.0000 | best AP70 acc: 0.0000 | best mAP acc: 0.0000 | best mAR acc: 0.0000 | best Score: 0.0000 | best Score epoch: -1 
epoch  3, iter  101: loss: 0.0141 | load time: 0.0002 | back time: 1.9631 | lr: 0.00004181 | best AP50 acc: 0.0000 | best AP70 acc: 0.0000 | best mAP acc: 0.0000 | best mAR acc: 0.0000 | best Score: 0.0000 | best Score epoch: -1 
epoch  3, iter  151: loss: 0.0120 | load time: 0.0002 | back time: 1.9687 | lr: 0.00004268 | best AP50 acc: 0.0000 | best AP70 acc: 0.0000 | best mAP acc: 0.0000 | best mAR acc: 0.0000 | best Score: 0.0000 | best Score epoch: -1 
epoch  3, iter  201: loss: 0.0206 | load time: 0.0002 | back time: 1.9644 | lr: 0.00004355 | best AP50 acc: 0.0000 | best AP70 acc: 0.0000 | best mAP acc: 0.0000 | best mAR acc: 0.0000 | best Score: 0.0000 | best Score epoch: -1 
epoch  3, iter  251: loss: 0.0313 | load time: 0.0002 | back time: 1.9825 | lr: 0.00004441 | best AP50 acc: 0.0000 | best AP70 acc: 0.0000 | best mAP acc: 0.0000 | best mAR acc: 0.0000 | best Score: 0.0000 | best Score epoch: -1 
epoch  3, iter  301: loss: 0.0164 | load time: 0.0002 | back time: 1.9797 | lr: 0.00004528 | best AP50 acc: 0.0000 | best AP70 acc: 0.0000 | best mAP acc: 0.0000 | best mAR acc: 0.0000 | best Score: 0.0000 | best Score epoch: -1 
epoch  3, iter  351: loss: 0.0122 | load time: 0.0002 | back time: 1.9493 | lr: 0.00004615 | best AP50 acc: 0.0000 | best AP70 acc: 0.0000 | best mAP acc: 0.0000 | best mAR acc: 0.0000 | best Score: 0.0000 | best Score epoch: -1 
epoch  3, iter  401: loss: 0.0139 | load time: 0.0001 | back time: 1.9698 | lr: 0.00004701 | best AP50 acc: 0.0000 | best AP70 acc: 0.0000 | best mAP acc: 0.0000 | best mAR acc: 0.0000 | best Score: 0.0000 | best Score epoch: -1 
epoch  3, iter  451: loss: 0.0124 | load time: 0.0002 | back time: 1.9624 | lr: 0.00004788 | best AP50 acc: 0.0000 | best AP70 acc: 0.0000 | best mAP acc: 0.0000 | best mAR acc: 0.0000 | best Score: 0.0000 | best Score epoch: -1 
epoch  3, iter  501: loss: 0.0230 | load time: 0.0002 | back time: 1.9614 | lr: 0.00004875 | best AP50 acc: 0.0000 | best AP70 acc: 0.0000 | best mAP acc: 0.0000 | best mAR acc: 0.0000 | best Score: 0.0000 | best Score epoch: -1 
epoch  3, iter  551: loss: 0.0148 | load time: 0.0002 | back time: 1.9609 | lr: 0.00004962 | best AP50 acc: 0.0000 | best AP70 acc: 0.0000 | best mAP acc: 0.0000 | best mAR acc: 0.0000 | best Score: 0.0000 | best Score epoch: -1 
epoch  3, iter  601: loss: 0.0212 | load time: 0.0002 | back time: 1.9720 | lr: 0.00005048 | best AP50 acc: 0.0000 | best AP70 acc: 0.0000 | best mAP acc: 0.0000 | best mAR acc: 0.0000 | best Score: 0.0000 | best Score epoch: -1 
epoch  3, iter  651: loss: 0.0162 | load time: 0.0002 | back time: 1.9690 | lr: 0.00005135 | best AP50 acc: 0.0000 | best AP70 acc: 0.0000 | best mAP acc: 0.0000 | best mAR acc: 0.0000 | best Score: 0.0000 | best Score epoch: -1 
epoch  3, iter  701: loss: 0.0160 | load time: 0.0002 | back time: 1.9595 | lr: 0.00005222 | best AP50 acc: 0.0000 | best AP70 acc: 0.0000 | best mAP acc: 0.0000 | best mAR acc: 0.0000 | best Score: 0.0000 | best Score epoch: -1 
epoch  3, iter  751: loss: 0.0160 | load time: 0.0003 | back time: 1.9594 | lr: 0.00005309 | best AP50 acc: 0.0000 | best AP70 acc: 0.0000 | best mAP acc: 0.0000 | best mAR acc: 0.0000 | best Score: 0.0000 | best Score epoch: -1 
epoch  3, iter  801: loss: 0.0159 | load time: 0.0002 | back time: 1.9771 | lr: 0.00005395 | best AP50 acc: 0.0000 | best AP70 acc: 0.0000 | best mAP acc: 0.0000 | best mAR acc: 0.0000 | best Score: 0.0000 | best Score epoch: -1 
epoch  3, iter  851: loss: 0.0116 | load time: 0.0002 | back time: 1.9631 | lr: 0.00005482 | best AP50 acc: 0.0000 | best AP70 acc: 0.0000 | best mAP acc: 0.0000 | best mAR acc: 0.0000 | best Score: 0.0000 | best Score epoch: -1 
epoch  3, iter  901: loss: 0.0156 | load time: 0.0005 | back time: 1.9667 | lr: 0.00005569 | best AP50 acc: 0.0000 | best AP70 acc: 0.0000 | best mAP acc: 0.0000 | best mAR acc: 0.0000 | best Score: 0.0000 | best Score epoch: -1 
epoch  3, iter  951: loss: 0.0123 | load time: 0.0002 | back time: 1.9760 | lr: 0.00005655 | best AP50 acc: 0.0000 | best AP70 acc: 0.0000 | best mAP acc: 0.0000 | best mAR acc: 0.0000 | best Score: 0.0000 | best Score epoch: -1 
epoch  3, iter 1001: loss: 0.0195 | load time: 0.0002 | back time: 1.9706 | lr: 0.00005742 | best AP50 acc: 0.0000 | best AP70 acc: 0.0000 | best mAP acc: 0.0000 | best mAR acc: 0.0000 | best Score: 0.0000 | best Score epoch: -1 
epoch  3, iter 1051: loss: 0.0109 | load time: 0.0002 | back time: 1.9631 | lr: 0.00005829 | best AP50 acc: 0.0000 | best AP70 acc: 0.0000 | best mAP acc: 0.0000 | best mAR acc: 0.0000 | best Score: 0.0000 | best Score epoch: -1 
epoch  3, iter 1101: loss: 0.0189 | load time: 0.0002 | back time: 1.9637 | lr: 0.00005916 | best AP50 acc: 0.0000 | best AP70 acc: 0.0000 | best mAP acc: 0.0000 | best mAR acc: 0.0000 | best Score: 0.0000 | best Score epoch: -1 
epoch  3, iter 1151: loss: 0.0125 | load time: 0.0002 | back time: 1.9649 | lr: 0.00006002 | best AP50 acc: 0.0000 | best AP70 acc: 0.0000 | best mAP acc: 0.0000 | best mAR acc: 0.0000 | best Score: 0.0000 | best Score epoch: -1 
epoch  4, iter    1: loss: 0.0153 | load time: 0.0006 | back time: 0.0227 | lr: 0.00006006 | best AP50 acc: 0.0000 | best AP70 acc: 0.0000 | best mAP acc: 0.0000 | best mAR acc: 0.0000 | best Score: 0.0000 | best Score epoch: -1 
epoch  4, iter   51: loss: 0.0127 | load time: 0.0002 | back time: 1.9651 | lr: 0.00006092 | best AP50 acc: 0.0000 | best AP70 acc: 0.0000 | best mAP acc: 0.0000 | best mAR acc: 0.0000 | best Score: 0.0000 | best Score epoch: -1 
epoch  4, iter  101: loss: 0.0146 | load time: 0.0002 | back time: 1.9608 | lr: 0.00006179 | best AP50 acc: 0.0000 | best AP70 acc: 0.0000 | best mAP acc: 0.0000 | best mAR acc: 0.0000 | best Score: 0.0000 | best Score epoch: -1 
epoch  4, iter  151: loss: 0.0132 | load time: 0.0002 | back time: 1.9659 | lr: 0.00006266 | best AP50 acc: 0.0000 | best AP70 acc: 0.0000 | best mAP acc: 0.0000 | best mAR acc: 0.0000 | best Score: 0.0000 | best Score epoch: -1 
epoch  4, iter  201: loss: 0.0168 | load time: 0.0002 | back time: 1.9656 | lr: 0.00006353 | best AP50 acc: 0.0000 | best AP70 acc: 0.0000 | best mAP acc: 0.0000 | best mAR acc: 0.0000 | best Score: 0.0000 | best Score epoch: -1 
epoch  4, iter  251: loss: 0.0139 | load time: 0.0002 | back time: 1.9646 | lr: 0.00006439 | best AP50 acc: 0.0000 | best AP70 acc: 0.0000 | best mAP acc: 0.0000 | best mAR acc: 0.0000 | best Score: 0.0000 | best Score epoch: -1 
epoch  4, iter  301: loss: 0.0240 | load time: 0.0001 | back time: 1.7195 | lr: 0.00006526 | best AP50 acc: 0.0000 | best AP70 acc: 0.0000 | best mAP acc: 0.0000 | best mAR acc: 0.0000 | best Score: 0.0000 | best Score epoch: -1 
epoch  4, iter  351: loss: 0.0118 | load time: 0.0002 | back time: 1.9245 | lr: 0.00006613 | best AP50 acc: 0.0000 | best AP70 acc: 0.0000 | best mAP acc: 0.0000 | best mAR acc: 0.0000 | best Score: 0.0000 | best Score epoch: -1 
epoch  4, iter  401: loss: 0.0165 | load time: 0.0002 | back time: 1.9459 | lr: 0.00006699 | best AP50 acc: 0.0000 | best AP70 acc: 0.0000 | best mAP acc: 0.0000 | best mAR acc: 0.0000 | best Score: 0.0000 | best Score epoch: -1 
epoch  4, iter  451: loss: 0.0169 | load time: 0.0002 | back time: 1.9939 | lr: 0.00006786 | best AP50 acc: 0.0000 | best AP70 acc: 0.0000 | best mAP acc: 0.0000 | best mAR acc: 0.0000 | best Score: 0.0000 | best Score epoch: -1 
epoch  4, iter  501: loss: 0.0115 | load time: 0.0003 | back time: 1.8976 | lr: 0.00006873 | best AP50 acc: 0.0000 | best AP70 acc: 0.0000 | best mAP acc: 0.0000 | best mAR acc: 0.0000 | best Score: 0.0000 | best Score epoch: -1 
epoch  4, iter  551: loss: 0.0105 | load time: 0.0004 | back time: 1.8689 | lr: 0.00006960 | best AP50 acc: 0.0000 | best AP70 acc: 0.0000 | best mAP acc: 0.0000 | best mAR acc: 0.0000 | best Score: 0.0000 | best Score epoch: -1 
epoch  4, iter  601: loss: 0.0109 | load time: 0.0002 | back time: 2.0327 | lr: 0.00007046 | best AP50 acc: 0.0000 | best AP70 acc: 0.0000 | best mAP acc: 0.0000 | best mAR acc: 0.0000 | best Score: 0.0000 | best Score epoch: -1 
epoch  4, iter  651: loss: 0.0256 | load time: 0.0002 | back time: 1.9464 | lr: 0.00007133 | best AP50 acc: 0.0000 | best AP70 acc: 0.0000 | best mAP acc: 0.0000 | best mAR acc: 0.0000 | best Score: 0.0000 | best Score epoch: -1 
epoch  4, iter  701: loss: 0.0179 | load time: 0.0001 | back time: 1.8782 | lr: 0.00007220 | best AP50 acc: 0.0000 | best AP70 acc: 0.0000 | best mAP acc: 0.0000 | best mAR acc: 0.0000 | best Score: 0.0000 | best Score epoch: -1 
epoch  4, iter  751: loss: 0.0137 | load time: 0.0002 | back time: 1.9679 | lr: 0.00007307 | best AP50 acc: 0.0000 | best AP70 acc: 0.0000 | best mAP acc: 0.0000 | best mAR acc: 0.0000 | best Score: 0.0000 | best Score epoch: -1 
epoch  4, iter  801: loss: 0.0135 | load time: 0.0002 | back time: 1.9362 | lr: 0.00007393 | best AP50 acc: 0.0000 | best AP70 acc: 0.0000 | best mAP acc: 0.0000 | best mAR acc: 0.0000 | best Score: 0.0000 | best Score epoch: -1 
epoch  4, iter  851: loss: 0.0126 | load time: 0.0002 | back time: 1.9564 | lr: 0.00007480 | best AP50 acc: 0.0000 | best AP70 acc: 0.0000 | best mAP acc: 0.0000 | best mAR acc: 0.0000 | best Score: 0.0000 | best Score epoch: -1 
epoch  4, iter  901: loss: 0.0150 | load time: 0.0002 | back time: 1.9477 | lr: 0.00007567 | best AP50 acc: 0.0000 | best AP70 acc: 0.0000 | best mAP acc: 0.0000 | best mAR acc: 0.0000 | best Score: 0.0000 | best Score epoch: -1 
epoch  4, iter  951: loss: 0.0205 | load time: 0.0002 | back time: 1.9546 | lr: 0.00007653 | best AP50 acc: 0.0000 | best AP70 acc: 0.0000 | best mAP acc: 0.0000 | best mAR acc: 0.0000 | best Score: 0.0000 | best Score epoch: -1 
epoch  4, iter 1001: loss: 0.0144 | load time: 0.0003 | back time: 1.9593 | lr: 0.00007740 | best AP50 acc: 0.0000 | best AP70 acc: 0.0000 | best mAP acc: 0.0000 | best mAR acc: 0.0000 | best Score: 0.0000 | best Score epoch: -1 
epoch  4, iter 1051: loss: 0.0179 | load time: 0.0002 | back time: 1.9631 | lr: 0.00007827 | best AP50 acc: 0.0000 | best AP70 acc: 0.0000 | best mAP acc: 0.0000 | best mAR acc: 0.0000 | best Score: 0.0000 | best Score epoch: -1 
epoch  4, iter 1101: loss: 0.0152 | load time: 0.0003 | back time: 1.9792 | lr: 0.00007914 | best AP50 acc: 0.0000 | best AP70 acc: 0.0000 | best mAP acc: 0.0000 | best mAR acc: 0.0000 | best Score: 0.0000 | best Score epoch: -1 
epoch  4, iter 1151: loss: 0.0116 | load time: 0.0002 | back time: 1.9731 | lr: 0.00008000 | best AP50 acc: 0.0000 | best AP70 acc: 0.0000 | best mAP acc: 0.0000 | best mAR acc: 0.0000 | best Score: 0.0000 | best Score epoch: -1 
epoch  5, iter    1: loss: 0.0131 | load time: 0.0010 | back time: 0.0271 | lr: 0.00008004 | best AP50 acc: 0.0000 | best AP70 acc: 0.0000 | best mAP acc: 0.0000 | best mAR acc: 0.0000 | best Score: 0.0000 | best Score epoch: -1 
epoch  5, iter   51: loss: 0.0159 | load time: 0.0002 | back time: 1.9681 | lr: 0.00008090 | best AP50 acc: 0.0000 | best AP70 acc: 0.0000 | best mAP acc: 0.0000 | best mAR acc: 0.0000 | best Score: 0.0000 | best Score epoch: -1 
epoch  5, iter  101: loss: 0.0120 | load time: 0.0002 | back time: 1.9660 | lr: 0.00008177 | best AP50 acc: 0.0000 | best AP70 acc: 0.0000 | best mAP acc: 0.0000 | best mAR acc: 0.0000 | best Score: 0.0000 | best Score epoch: -1 
epoch  5, iter  151: loss: 0.0218 | load time: 0.0002 | back time: 1.9949 | lr: 0.00008264 | best AP50 acc: 0.0000 | best AP70 acc: 0.0000 | best mAP acc: 0.0000 | best mAR acc: 0.0000 | best Score: 0.0000 | best Score epoch: -1 
epoch  5, iter  201: loss: 0.0194 | load time: 0.0002 | back time: 1.9826 | lr: 0.00008351 | best AP50 acc: 0.0000 | best AP70 acc: 0.0000 | best mAP acc: 0.0000 | best mAR acc: 0.0000 | best Score: 0.0000 | best Score epoch: -1 
epoch  5, iter  251: loss: 0.0121 | load time: 0.0002 | back time: 2.0086 | lr: 0.00008437 | best AP50 acc: 0.0000 | best AP70 acc: 0.0000 | best mAP acc: 0.0000 | best mAR acc: 0.0000 | best Score: 0.0000 | best Score epoch: -1 
epoch  5, iter  301: loss: 0.0118 | load time: 0.0003 | back time: 1.9704 | lr: 0.00008524 | best AP50 acc: 0.0000 | best AP70 acc: 0.0000 | best mAP acc: 0.0000 | best mAR acc: 0.0000 | best Score: 0.0000 | best Score epoch: -1 
epoch  5, iter  351: loss: 0.0148 | load time: 0.0002 | back time: 1.9549 | lr: 0.00008611 | best AP50 acc: 0.0000 | best AP70 acc: 0.0000 | best mAP acc: 0.0000 | best mAR acc: 0.0000 | best Score: 0.0000 | best Score epoch: -1 
epoch  5, iter  401: loss: 0.0195 | load time: 0.0002 | back time: 1.9576 | lr: 0.00008697 | best AP50 acc: 0.0000 | best AP70 acc: 0.0000 | best mAP acc: 0.0000 | best mAR acc: 0.0000 | best Score: 0.0000 | best Score epoch: -1 
epoch  5, iter  451: loss: 0.0133 | load time: 0.0002 | back time: 1.9658 | lr: 0.00008784 | best AP50 acc: 0.0000 | best AP70 acc: 0.0000 | best mAP acc: 0.0000 | best mAR acc: 0.0000 | best Score: 0.0000 | best Score epoch: -1 
epoch  5, iter  501: loss: 0.0153 | load time: 0.0002 | back time: 1.9657 | lr: 0.00008871 | best AP50 acc: 0.0000 | best AP70 acc: 0.0000 | best mAP acc: 0.0000 | best mAR acc: 0.0000 | best Score: 0.0000 | best Score epoch: -1 
epoch  5, iter  551: loss: 0.0145 | load time: 0.0002 | back time: 1.9603 | lr: 0.00008958 | best AP50 acc: 0.0000 | best AP70 acc: 0.0000 | best mAP acc: 0.0000 | best mAR acc: 0.0000 | best Score: 0.0000 | best Score epoch: -1 
epoch  5, iter  601: loss: 0.0115 | load time: 0.0002 | back time: 1.9620 | lr: 0.00009044 | best AP50 acc: 0.0000 | best AP70 acc: 0.0000 | best mAP acc: 0.0000 | best mAR acc: 0.0000 | best Score: 0.0000 | best Score epoch: -1 
epoch  5, iter  651: loss: 0.0125 | load time: 0.0002 | back time: 1.9631 | lr: 0.00009131 | best AP50 acc: 0.0000 | best AP70 acc: 0.0000 | best mAP acc: 0.0000 | best mAR acc: 0.0000 | best Score: 0.0000 | best Score epoch: -1 
epoch  5, iter  701: loss: 0.0157 | load time: 0.0003 | back time: 1.9620 | lr: 0.00009218 | best AP50 acc: 0.0000 | best AP70 acc: 0.0000 | best mAP acc: 0.0000 | best mAR acc: 0.0000 | best Score: 0.0000 | best Score epoch: -1 
epoch  5, iter  751: loss: 0.0155 | load time: 0.0003 | back time: 1.9522 | lr: 0.00009305 | best AP50 acc: 0.0000 | best AP70 acc: 0.0000 | best mAP acc: 0.0000 | best mAR acc: 0.0000 | best Score: 0.0000 | best Score epoch: -1 
epoch  5, iter  801: loss: 0.0202 | load time: 0.0003 | back time: 1.9652 | lr: 0.00009391 | best AP50 acc: 0.0000 | best AP70 acc: 0.0000 | best mAP acc: 0.0000 | best mAR acc: 0.0000 | best Score: 0.0000 | best Score epoch: -1 
epoch  5, iter  851: loss: 0.0104 | load time: 0.0002 | back time: 1.9583 | lr: 0.00009478 | best AP50 acc: 0.0000 | best AP70 acc: 0.0000 | best mAP acc: 0.0000 | best mAR acc: 0.0000 | best Score: 0.0000 | best Score epoch: -1 
epoch  5, iter  901: loss: 0.0119 | load time: 0.0002 | back time: 1.9670 | lr: 0.00009565 | best AP50 acc: 0.0000 | best AP70 acc: 0.0000 | best mAP acc: 0.0000 | best mAR acc: 0.0000 | best Score: 0.0000 | best Score epoch: -1 
epoch  5, iter  951: loss: 0.0093 | load time: 0.0002 | back time: 1.9678 | lr: 0.00009651 | best AP50 acc: 0.0000 | best AP70 acc: 0.0000 | best mAP acc: 0.0000 | best mAR acc: 0.0000 | best Score: 0.0000 | best Score epoch: -1 
epoch  5, iter 1001: loss: 0.0151 | load time: 0.0002 | back time: 1.9634 | lr: 0.00009738 | best AP50 acc: 0.0000 | best AP70 acc: 0.0000 | best mAP acc: 0.0000 | best mAR acc: 0.0000 | best Score: 0.0000 | best Score epoch: -1 
epoch  5, iter 1051: loss: 0.0147 | load time: 0.0003 | back time: 1.9537 | lr: 0.00009825 | best AP50 acc: 0.0000 | best AP70 acc: 0.0000 | best mAP acc: 0.0000 | best mAR acc: 0.0000 | best Score: 0.0000 | best Score epoch: -1 
epoch  5, iter 1101: loss: 0.0161 | load time: 0.0002 | back time: 1.9626 | lr: 0.00009912 | best AP50 acc: 0.0000 | best AP70 acc: 0.0000 | best mAP acc: 0.0000 | best mAR acc: 0.0000 | best Score: 0.0000 | best Score epoch: -1 
epoch  5, iter 1151: loss: 0.0128 | load time: 0.0002 | back time: 1.9654 | lr: 0.00009998 | best AP50 acc: 0.0000 | best AP70 acc: 0.0000 | best mAP acc: 0.0000 | best mAR acc: 0.0000 | best Score: 0.0000 | best Score epoch: -1 
epoch  6, iter    1: loss: 0.0137 | load time: 0.0011 | back time: 0.0214 | lr: 0.00010000 | best AP50 acc: 0.0000 | best AP70 acc: 0.0000 | best mAP acc: 0.0000 | best mAR acc: 0.0000 | best Score: 0.0000 | best Score epoch: -1 
epoch  6, iter   51: loss: 0.0126 | load time: 0.0002 | back time: 1.9608 | lr: 0.00010000 | best AP50 acc: 0.0000 | best AP70 acc: 0.0000 | best mAP acc: 0.0000 | best mAR acc: 0.0000 | best Score: 0.0000 | best Score epoch: -1 
epoch  6, iter  101: loss: 0.0143 | load time: 0.0002 | back time: 1.9744 | lr: 0.00010000 | best AP50 acc: 0.0000 | best AP70 acc: 0.0000 | best mAP acc: 0.0000 | best mAR acc: 0.0000 | best Score: 0.0000 | best Score epoch: -1 
epoch  6, iter  151: loss: 0.0124 | load time: 0.0002 | back time: 1.9690 | lr: 0.00010000 | best AP50 acc: 0.0000 | best AP70 acc: 0.0000 | best mAP acc: 0.0000 | best mAR acc: 0.0000 | best Score: 0.0000 | best Score epoch: -1 
epoch  6, iter  201: loss: 0.0114 | load time: 0.0002 | back time: 1.9339 | lr: 0.00010000 | best AP50 acc: 0.0000 | best AP70 acc: 0.0000 | best mAP acc: 0.0000 | best mAR acc: 0.0000 | best Score: 0.0000 | best Score epoch: -1 
epoch  6, iter  251: loss: 0.0100 | load time: 0.0003 | back time: 1.9981 | lr: 0.00010000 | best AP50 acc: 0.0000 | best AP70 acc: 0.0000 | best mAP acc: 0.0000 | best mAR acc: 0.0000 | best Score: 0.0000 | best Score epoch: -1 
epoch  6, iter  301: loss: 0.0128 | load time: 0.0002 | back time: 1.9678 | lr: 0.00009999 | best AP50 acc: 0.0000 | best AP70 acc: 0.0000 | best mAP acc: 0.0000 | best mAR acc: 0.0000 | best Score: 0.0000 | best Score epoch: -1 
epoch  6, iter  351: loss: 0.0126 | load time: 0.0001 | back time: 1.9650 | lr: 0.00009999 | best AP50 acc: 0.0000 | best AP70 acc: 0.0000 | best mAP acc: 0.0000 | best mAR acc: 0.0000 | best Score: 0.0000 | best Score epoch: -1 
epoch  6, iter  401: loss: 0.0100 | load time: 0.0002 | back time: 1.9625 | lr: 0.00009999 | best AP50 acc: 0.0000 | best AP70 acc: 0.0000 | best mAP acc: 0.0000 | best mAR acc: 0.0000 | best Score: 0.0000 | best Score epoch: -1 
epoch  6, iter  451: loss: 0.0095 | load time: 0.0002 | back time: 1.9629 | lr: 0.00009999 | best AP50 acc: 0.0000 | best AP70 acc: 0.0000 | best mAP acc: 0.0000 | best mAR acc: 0.0000 | best Score: 0.0000 | best Score epoch: -1 
epoch  6, iter  501: loss: 0.0121 | load time: 0.0003 | back time: 1.9632 | lr: 0.00009998 | best AP50 acc: 0.0000 | best AP70 acc: 0.0000 | best mAP acc: 0.0000 | best mAR acc: 0.0000 | best Score: 0.0000 | best Score epoch: -1 
epoch  6, iter  551: loss: 0.0148 | load time: 0.0002 | back time: 1.9665 | lr: 0.00009998 | best AP50 acc: 0.0000 | best AP70 acc: 0.0000 | best mAP acc: 0.0000 | best mAR acc: 0.0000 | best Score: 0.0000 | best Score epoch: -1 
epoch  6, iter  601: loss: 0.0122 | load time: 0.0002 | back time: 1.9669 | lr: 0.00009997 | best AP50 acc: 0.0000 | best AP70 acc: 0.0000 | best mAP acc: 0.0000 | best mAR acc: 0.0000 | best Score: 0.0000 | best Score epoch: -1 
epoch  6, iter  651: loss: 0.0133 | load time: 0.0002 | back time: 1.9598 | lr: 0.00009997 | best AP50 acc: 0.0000 | best AP70 acc: 0.0000 | best mAP acc: 0.0000 | best mAR acc: 0.0000 | best Score: 0.0000 | best Score epoch: -1 
epoch  6, iter  701: loss: 0.0126 | load time: 0.0002 | back time: 1.9651 | lr: 0.00009996 | best AP50 acc: 0.0000 | best AP70 acc: 0.0000 | best mAP acc: 0.0000 | best mAR acc: 0.0000 | best Score: 0.0000 | best Score epoch: -1 
epoch  6, iter  751: loss: 0.0109 | load time: 0.0002 | back time: 1.9626 | lr: 0.00009996 | best AP50 acc: 0.0000 | best AP70 acc: 0.0000 | best mAP acc: 0.0000 | best mAR acc: 0.0000 | best Score: 0.0000 | best Score epoch: -1 
epoch  6, iter  801: loss: 0.0159 | load time: 0.0003 | back time: 1.9609 | lr: 0.00009995 | best AP50 acc: 0.0000 | best AP70 acc: 0.0000 | best mAP acc: 0.0000 | best mAR acc: 0.0000 | best Score: 0.0000 | best Score epoch: -1 
epoch  6, iter  851: loss: 0.0126 | load time: 0.0002 | back time: 1.7197 | lr: 0.00009995 | best AP50 acc: 0.0000 | best AP70 acc: 0.0000 | best mAP acc: 0.0000 | best mAR acc: 0.0000 | best Score: 0.0000 | best Score epoch: -1 
epoch  6, iter  901: loss: 0.0102 | load time: 0.0002 | back time: 2.0352 | lr: 0.00009994 | best AP50 acc: 0.0000 | best AP70 acc: 0.0000 | best mAP acc: 0.0000 | best mAR acc: 0.0000 | best Score: 0.0000 | best Score epoch: -1 
epoch  6, iter  951: loss: 0.0158 | load time: 0.0002 | back time: 2.0240 | lr: 0.00009993 | best AP50 acc: 0.0000 | best AP70 acc: 0.0000 | best mAP acc: 0.0000 | best mAR acc: 0.0000 | best Score: 0.0000 | best Score epoch: -1 
epoch  6, iter 1001: loss: 0.0114 | load time: 0.0002 | back time: 1.9640 | lr: 0.00009993 | best AP50 acc: 0.0000 | best AP70 acc: 0.0000 | best mAP acc: 0.0000 | best mAR acc: 0.0000 | best Score: 0.0000 | best Score epoch: -1 
epoch  6, iter 1051: loss: 0.0173 | load time: 0.0002 | back time: 1.9340 | lr: 0.00009992 | best AP50 acc: 0.0000 | best AP70 acc: 0.0000 | best mAP acc: 0.0000 | best mAR acc: 0.0000 | best Score: 0.0000 | best Score epoch: -1 
epoch  6, iter 1101: loss: 0.0110 | load time: 0.0002 | back time: 1.9745 | lr: 0.00009991 | best AP50 acc: 0.0000 | best AP70 acc: 0.0000 | best mAP acc: 0.0000 | best mAR acc: 0.0000 | best Score: 0.0000 | best Score epoch: -1 
epoch  6, iter 1151: loss: 0.0118 | load time: 0.0004 | back time: 1.9938 | lr: 0.00009990 | best AP50 acc: 0.0000 | best AP70 acc: 0.0000 | best mAP acc: 0.0000 | best mAR acc: 0.0000 | best Score: 0.0000 | best Score epoch: -1 
UAV_SEQS_2 | mAP50:90: 9.6785 | AP50: 16.8809 | AP70: 9.0696 
UAV_SEQS_37 | mAP50:90: 73.2453 | AP50: 98.8911 | AP70: 84.1318 
UAV_SEQS_45 | mAP50:90: 62.4396 | AP50: 91.1157 | AP70: 65.8054 
UAV_SEQS_47 | mAP50:90: 72.9908 | AP50: 100.0000 | AP70: 87.7411 
UAV_SEQS_55 | mAP50:90: 28.6893 | AP50: 57.5944 | AP70: 25.7834 
UAV_SEQS_59 | mAP50:90: 51.8539 | AP50: 90.2887 | AP70: 47.2251 
UAV_SEQS_6 | mAP50:90: 30.5140 | AP50: 57.3387 | AP70: 29.2151 
UAV_SEQS_63 | mAP50:90: 58.2748 | AP50: 98.9868 | AP70: 46.8641 
UAV_SEQS_65 | mAP50:90: 80.9376 | AP50: 94.5470 | AP70: 85.6627 
UAV_SEQS_7 | mAP50:90: 45.4396 | AP50: 95.5242 | AP70: 45.6470 
UAV_SEQS_71 | mAP50:90: 26.7836 | AP50: 59.0403 | AP70: 22.4519 
UAV_SEQS_73 | mAP50:90: 53.3604 | AP50: 81.4397 | AP70: 61.3995 
UAV_SEQS_74 | mAP50:90: 98.9594 | AP50: 100.0000 | AP70: 100.0000 
UAV_SEQS_77 | mAP50:90: 0.0000 | AP50: 0.0000 | AP70: 0.0000 
UAV_SEQS_8 | mAP50:90: 1.5376 | AP50: 9.8965 | AP70: 0.0034 
Overall            | mAP50:95: 46.0100 | AP50: 71.1039 | AP70: 47.3823 
epoch  7, iter    1: loss: 0.0133 | load time: 0.0045 | back time: 0.0857 | lr: 0.00009990 | best AP50 acc: 0.7110 | best AP70 acc: 0.4738 | best mAP acc: 0.4601 | best mAR acc: 0.5702 | best Score: 0.4601 | best Score epoch:  6 
epoch  7, iter   51: loss: 0.0100 | load time: 0.0003 | back time: 1.9491 | lr: 0.00009989 | best AP50 acc: 0.7110 | best AP70 acc: 0.4738 | best mAP acc: 0.4601 | best mAR acc: 0.5702 | best Score: 0.4601 | best Score epoch:  6 
epoch  7, iter  101: loss: 0.0093 | load time: 0.0002 | back time: 1.9479 | lr: 0.00009988 | best AP50 acc: 0.7110 | best AP70 acc: 0.4738 | best mAP acc: 0.4601 | best mAR acc: 0.5702 | best Score: 0.4601 | best Score epoch:  6 
epoch  7, iter  151: loss: 0.0102 | load time: 0.0003 | back time: 1.9519 | lr: 0.00009988 | best AP50 acc: 0.7110 | best AP70 acc: 0.4738 | best mAP acc: 0.4601 | best mAR acc: 0.5702 | best Score: 0.4601 | best Score epoch:  6 
epoch  7, iter  201: loss: 0.0094 | load time: 0.0003 | back time: 1.9399 | lr: 0.00009987 | best AP50 acc: 0.7110 | best AP70 acc: 0.4738 | best mAP acc: 0.4601 | best mAR acc: 0.5702 | best Score: 0.4601 | best Score epoch:  6 
epoch  7, iter  251: loss: 0.0111 | load time: 0.0003 | back time: 1.9507 | lr: 0.00009986 | best AP50 acc: 0.7110 | best AP70 acc: 0.4738 | best mAP acc: 0.4601 | best mAR acc: 0.5702 | best Score: 0.4601 | best Score epoch:  6 
epoch  7, iter  301: loss: 0.0101 | load time: 0.0003 | back time: 1.9545 | lr: 0.00009984 | best AP50 acc: 0.7110 | best AP70 acc: 0.4738 | best mAP acc: 0.4601 | best mAR acc: 0.5702 | best Score: 0.4601 | best Score epoch:  6 
epoch  7, iter  351: loss: 0.0130 | load time: 0.0004 | back time: 1.9304 | lr: 0.00009983 | best AP50 acc: 0.7110 | best AP70 acc: 0.4738 | best mAP acc: 0.4601 | best mAR acc: 0.5702 | best Score: 0.4601 | best Score epoch:  6 
epoch  7, iter  401: loss: 0.0091 | load time: 0.0002 | back time: 1.9464 | lr: 0.00009982 | best AP50 acc: 0.7110 | best AP70 acc: 0.4738 | best mAP acc: 0.4601 | best mAR acc: 0.5702 | best Score: 0.4601 | best Score epoch:  6 
epoch  7, iter  451: loss: 0.0117 | load time: 0.0002 | back time: 1.9559 | lr: 0.00009981 | best AP50 acc: 0.7110 | best AP70 acc: 0.4738 | best mAP acc: 0.4601 | best mAR acc: 0.5702 | best Score: 0.4601 | best Score epoch:  6 
epoch  7, iter  501: loss: 0.0154 | load time: 0.0002 | back time: 1.9447 | lr: 0.00009980 | best AP50 acc: 0.7110 | best AP70 acc: 0.4738 | best mAP acc: 0.4601 | best mAR acc: 0.5702 | best Score: 0.4601 | best Score epoch:  6 
epoch  7, iter  551: loss: 0.0092 | load time: 0.0004 | back time: 2.0166 | lr: 0.00009979 | best AP50 acc: 0.7110 | best AP70 acc: 0.4738 | best mAP acc: 0.4601 | best mAR acc: 0.5702 | best Score: 0.4601 | best Score epoch:  6 
epoch  7, iter  601: loss: 0.0129 | load time: 0.0002 | back time: 1.9493 | lr: 0.00009977 | best AP50 acc: 0.7110 | best AP70 acc: 0.4738 | best mAP acc: 0.4601 | best mAR acc: 0.5702 | best Score: 0.4601 | best Score epoch:  6 
epoch  7, iter  651: loss: 0.0121 | load time: 0.0002 | back time: 1.9479 | lr: 0.00009976 | best AP50 acc: 0.7110 | best AP70 acc: 0.4738 | best mAP acc: 0.4601 | best mAR acc: 0.5702 | best Score: 0.4601 | best Score epoch:  6 
epoch  7, iter  701: loss: 0.0099 | load time: 0.0003 | back time: 1.9595 | lr: 0.00009975 | best AP50 acc: 0.7110 | best AP70 acc: 0.4738 | best mAP acc: 0.4601 | best mAR acc: 0.5702 | best Score: 0.4601 | best Score epoch:  6 
epoch  7, iter  751: loss: 0.0140 | load time: 0.0002 | back time: 1.9586 | lr: 0.00009973 | best AP50 acc: 0.7110 | best AP70 acc: 0.4738 | best mAP acc: 0.4601 | best mAR acc: 0.5702 | best Score: 0.4601 | best Score epoch:  6 
epoch  7, iter  801: loss: 0.0119 | load time: 0.0002 | back time: 1.9556 | lr: 0.00009972 | best AP50 acc: 0.7110 | best AP70 acc: 0.4738 | best mAP acc: 0.4601 | best mAR acc: 0.5702 | best Score: 0.4601 | best Score epoch:  6 
epoch  7, iter  851: loss: 0.0098 | load time: 0.0002 | back time: 1.8995 | lr: 0.00009970 | best AP50 acc: 0.7110 | best AP70 acc: 0.4738 | best mAP acc: 0.4601 | best mAR acc: 0.5702 | best Score: 0.4601 | best Score epoch:  6 
epoch  7, iter  901: loss: 0.0108 | load time: 0.0003 | back time: 2.0150 | lr: 0.00009969 | best AP50 acc: 0.7110 | best AP70 acc: 0.4738 | best mAP acc: 0.4601 | best mAR acc: 0.5702 | best Score: 0.4601 | best Score epoch:  6 
epoch  7, iter  951: loss: 0.0094 | load time: 0.0002 | back time: 2.0301 | lr: 0.00009967 | best AP50 acc: 0.7110 | best AP70 acc: 0.4738 | best mAP acc: 0.4601 | best mAR acc: 0.5702 | best Score: 0.4601 | best Score epoch:  6 
epoch  7, iter 1001: loss: 0.0126 | load time: 0.0004 | back time: 1.9766 | lr: 0.00009966 | best AP50 acc: 0.7110 | best AP70 acc: 0.4738 | best mAP acc: 0.4601 | best mAR acc: 0.5702 | best Score: 0.4601 | best Score epoch:  6 
epoch  7, iter 1051: loss: 0.0133 | load time: 0.0002 | back time: 1.9410 | lr: 0.00009964 | best AP50 acc: 0.7110 | best AP70 acc: 0.4738 | best mAP acc: 0.4601 | best mAR acc: 0.5702 | best Score: 0.4601 | best Score epoch:  6 
epoch  7, iter 1101: loss: 0.0119 | load time: 0.0001 | back time: 1.8729 | lr: 0.00009963 | best AP50 acc: 0.7110 | best AP70 acc: 0.4738 | best mAP acc: 0.4601 | best mAR acc: 0.5702 | best Score: 0.4601 | best Score epoch:  6 
epoch  7, iter 1151: loss: 0.0117 | load time: 0.0002 | back time: 1.9338 | lr: 0.00009961 | best AP50 acc: 0.7110 | best AP70 acc: 0.4738 | best mAP acc: 0.4601 | best mAR acc: 0.5702 | best Score: 0.4601 | best Score epoch:  6 
UAV_SEQS_2 | mAP50:90: 52.4283 | AP50: 85.2335 | AP70: 53.1434 
UAV_SEQS_37 | mAP50:90: 92.5910 | AP50: 100.0000 | AP70: 98.7723 
UAV_SEQS_45 | mAP50:90: 20.1179 | AP50: 52.2868 | AP70: 17.7967 
UAV_SEQS_47 | mAP50:90: 27.3934 | AP50: 73.9571 | AP70: 21.3777 
UAV_SEQS_55 | mAP50:90: 21.6911 | AP50: 46.3752 | AP70: 19.0222 
UAV_SEQS_59 | mAP50:90: 22.3277 | AP50: 59.6282 | AP70: 15.9758 
UAV_SEQS_6 | mAP50:90: 62.5683 | AP50: 92.7877 | AP70: 66.9791 
UAV_SEQS_63 | mAP50:90: 10.8885 | AP50: 49.1690 | AP70: 0.7629 
UAV_SEQS_65 | mAP50:90: 68.0317 | AP50: 90.5950 | AP70: 77.0729 
UAV_SEQS_7 | mAP50:90: 71.0561 | AP50: 99.0066 | AP70: 72.3175 
UAV_SEQS_71 | mAP50:90: 15.5521 | AP50: 37.4974 | AP70: 12.6571 
UAV_SEQS_73 | mAP50:90: 26.9998 | AP50: 53.2478 | AP70: 22.6989 
UAV_SEQS_74 | mAP50:90: 77.8345 | AP50: 99.9364 | AP70: 86.0679 
UAV_SEQS_77 | mAP50:90: 0.0000 | AP50: 0.0000 | AP70: 0.0000 
UAV_SEQS_8 | mAP50:90: 48.9170 | AP50: 90.0312 | AP70: 56.0424 
Overall            | mAP50:95: 37.6482 | AP50: 69.1711 | AP70: 37.0207 
epoch  8, iter    1: loss: 0.0151 | load time: 0.0052 | back time: 0.0655 | lr: 0.00009961 | best AP50 acc: 0.7110 | best AP70 acc: 0.4738 | best mAP acc: 0.4601 | best mAR acc: 0.5702 | best Score: 0.4601 | best Score epoch:  6 
epoch  8, iter   51: loss: 0.0105 | load time: 0.0002 | back time: 1.9639 | lr: 0.00009959 | best AP50 acc: 0.7110 | best AP70 acc: 0.4738 | best mAP acc: 0.4601 | best mAR acc: 0.5702 | best Score: 0.4601 | best Score epoch:  6 
epoch  8, iter  101: loss: 0.0101 | load time: 0.0002 | back time: 1.8810 | lr: 0.00009957 | best AP50 acc: 0.7110 | best AP70 acc: 0.4738 | best mAP acc: 0.4601 | best mAR acc: 0.5702 | best Score: 0.4601 | best Score epoch:  6 
epoch  8, iter  151: loss: 0.0103 | load time: 0.0002 | back time: 1.8804 | lr: 0.00009956 | best AP50 acc: 0.7110 | best AP70 acc: 0.4738 | best mAP acc: 0.4601 | best mAR acc: 0.5702 | best Score: 0.4601 | best Score epoch:  6 
epoch  8, iter  201: loss: 0.0106 | load time: 0.0002 | back time: 1.9818 | lr: 0.00009954 | best AP50 acc: 0.7110 | best AP70 acc: 0.4738 | best mAP acc: 0.4601 | best mAR acc: 0.5702 | best Score: 0.4601 | best Score epoch:  6 
epoch  8, iter  251: loss: 0.0095 | load time: 0.0003 | back time: 1.9445 | lr: 0.00009952 | best AP50 acc: 0.7110 | best AP70 acc: 0.4738 | best mAP acc: 0.4601 | best mAR acc: 0.5702 | best Score: 0.4601 | best Score epoch:  6 
epoch  8, iter  301: loss: 0.0089 | load time: 0.0001 | back time: 1.9007 | lr: 0.00009950 | best AP50 acc: 0.7110 | best AP70 acc: 0.4738 | best mAP acc: 0.4601 | best mAR acc: 0.5702 | best Score: 0.4601 | best Score epoch:  6 
epoch  8, iter  351: loss: 0.0091 | load time: 0.0002 | back time: 1.8807 | lr: 0.00009948 | best AP50 acc: 0.7110 | best AP70 acc: 0.4738 | best mAP acc: 0.4601 | best mAR acc: 0.5702 | best Score: 0.4601 | best Score epoch:  6 
epoch  8, iter  401: loss: 0.0102 | load time: 0.0004 | back time: 1.9578 | lr: 0.00009946 | best AP50 acc: 0.7110 | best AP70 acc: 0.4738 | best mAP acc: 0.4601 | best mAR acc: 0.5702 | best Score: 0.4601 | best Score epoch:  6 
epoch  8, iter  451: loss: 0.0096 | load time: 0.0002 | back time: 1.9312 | lr: 0.00009944 | best AP50 acc: 0.7110 | best AP70 acc: 0.4738 | best mAP acc: 0.4601 | best mAR acc: 0.5702 | best Score: 0.4601 | best Score epoch:  6 
epoch  8, iter  501: loss: 0.0128 | load time: 0.0003 | back time: 1.7171 | lr: 0.00009942 | best AP50 acc: 0.7110 | best AP70 acc: 0.4738 | best mAP acc: 0.4601 | best mAR acc: 0.5702 | best Score: 0.4601 | best Score epoch:  6 
epoch  8, iter  551: loss: 0.0108 | load time: 0.0002 | back time: 1.8787 | lr: 0.00009940 | best AP50 acc: 0.7110 | best AP70 acc: 0.4738 | best mAP acc: 0.4601 | best mAR acc: 0.5702 | best Score: 0.4601 | best Score epoch:  6 
epoch  8, iter  601: loss: 0.0091 | load time: 0.0002 | back time: 1.9249 | lr: 0.00009938 | best AP50 acc: 0.7110 | best AP70 acc: 0.4738 | best mAP acc: 0.4601 | best mAR acc: 0.5702 | best Score: 0.4601 | best Score epoch:  6 
epoch  8, iter  651: loss: 0.0092 | load time: 0.0002 | back time: 1.9499 | lr: 0.00009936 | best AP50 acc: 0.7110 | best AP70 acc: 0.4738 | best mAP acc: 0.4601 | best mAR acc: 0.5702 | best Score: 0.4601 | best Score epoch:  6 
epoch  8, iter  701: loss: 0.0094 | load time: 0.0002 | back time: 1.9332 | lr: 0.00009934 | best AP50 acc: 0.7110 | best AP70 acc: 0.4738 | best mAP acc: 0.4601 | best mAR acc: 0.5702 | best Score: 0.4601 | best Score epoch:  6 
epoch  8, iter  751: loss: 0.0096 | load time: 0.0003 | back time: 1.9330 | lr: 0.00009931 | best AP50 acc: 0.7110 | best AP70 acc: 0.4738 | best mAP acc: 0.4601 | best mAR acc: 0.5702 | best Score: 0.4601 | best Score epoch:  6 
epoch  8, iter  801: loss: 0.0104 | load time: 0.0003 | back time: 1.9385 | lr: 0.00009929 | best AP50 acc: 0.7110 | best AP70 acc: 0.4738 | best mAP acc: 0.4601 | best mAR acc: 0.5702 | best Score: 0.4601 | best Score epoch:  6 
epoch  8, iter  851: loss: 0.0142 | load time: 0.0002 | back time: 1.9561 | lr: 0.00009927 | best AP50 acc: 0.7110 | best AP70 acc: 0.4738 | best mAP acc: 0.4601 | best mAR acc: 0.5702 | best Score: 0.4601 | best Score epoch:  6 
epoch  8, iter  901: loss: 0.0104 | load time: 0.0002 | back time: 1.9454 | lr: 0.00009925 | best AP50 acc: 0.7110 | best AP70 acc: 0.4738 | best mAP acc: 0.4601 | best mAR acc: 0.5702 | best Score: 0.4601 | best Score epoch:  6 
epoch  8, iter  951: loss: 0.0087 | load time: 0.0002 | back time: 1.9440 | lr: 0.00009922 | best AP50 acc: 0.7110 | best AP70 acc: 0.4738 | best mAP acc: 0.4601 | best mAR acc: 0.5702 | best Score: 0.4601 | best Score epoch:  6 
epoch  8, iter 1001: loss: 0.0093 | load time: 0.0002 | back time: 1.9081 | lr: 0.00009920 | best AP50 acc: 0.7110 | best AP70 acc: 0.4738 | best mAP acc: 0.4601 | best mAR acc: 0.5702 | best Score: 0.4601 | best Score epoch:  6 
epoch  8, iter 1051: loss: 0.0094 | load time: 0.0003 | back time: 1.9374 | lr: 0.00009917 | best AP50 acc: 0.7110 | best AP70 acc: 0.4738 | best mAP acc: 0.4601 | best mAR acc: 0.5702 | best Score: 0.4601 | best Score epoch:  6 
epoch  8, iter 1101: loss: 0.0100 | load time: 0.0002 | back time: 1.9505 | lr: 0.00009915 | best AP50 acc: 0.7110 | best AP70 acc: 0.4738 | best mAP acc: 0.4601 | best mAR acc: 0.5702 | best Score: 0.4601 | best Score epoch:  6 
epoch  8, iter 1151: loss: 0.0094 | load time: 0.0002 | back time: 1.9434 | lr: 0.00009912 | best AP50 acc: 0.7110 | best AP70 acc: 0.4738 | best mAP acc: 0.4601 | best mAR acc: 0.5702 | best Score: 0.4601 | best Score epoch:  6 
UAV_SEQS_2 | mAP50:90: 36.4959 | AP50: 81.5150 | AP70: 32.1935 
UAV_SEQS_37 | mAP50:90: 90.1432 | AP50: 100.0000 | AP70: 93.7644 
UAV_SEQS_45 | mAP50:90: 49.4554 | AP50: 88.7387 | AP70: 52.8640 
UAV_SEQS_47 | mAP50:90: 68.7174 | AP50: 98.9505 | AP70: 86.3683 
UAV_SEQS_55 | mAP50:90: 27.5501 | AP50: 54.2647 | AP70: 24.2859 
UAV_SEQS_59 | mAP50:90: 42.6233 | AP50: 90.5121 | AP70: 36.2376 
UAV_SEQS_6 | mAP50:90: 51.1339 | AP50: 88.1407 | AP70: 50.1808 
UAV_SEQS_63 | mAP50:90: 63.5902 | AP50: 92.0679 | AP70: 67.0035 
UAV_SEQS_65 | mAP50:90: 80.2652 | AP50: 95.8176 | AP70: 89.9758 
UAV_SEQS_7 | mAP50:90: 60.1670 | AP50: 97.0297 | AP70: 56.7103 
UAV_SEQS_71 | mAP50:90: 17.3066 | AP50: 40.8485 | AP70: 15.3186 
UAV_SEQS_73 | mAP50:90: 34.9381 | AP50: 66.4784 | AP70: 33.1728 
UAV_SEQS_74 | mAP50:90: 98.5480 | AP50: 100.0000 | AP70: 100.0000 
UAV_SEQS_77 | mAP50:90: 0.0000 | AP50: 0.0000 | AP70: 0.0000 
UAV_SEQS_8 | mAP50:90: 15.6986 | AP50: 39.5511 | AP70: 13.9311 
Overall            | mAP50:95: 50.3974 | AP50: 78.1744 | AP70: 52.2834 
epoch  9, iter    1: loss: 0.0112 | load time: 0.0131 | back time: 0.1170 | lr: 0.00009912 | best AP50 acc: 0.7817 | best AP70 acc: 0.5228 | best mAP acc: 0.5040 | best mAR acc: 0.6094 | best Score: 0.5040 | best Score epoch:  8 
epoch  9, iter   51: loss: 0.0105 | load time: 0.0002 | back time: 2.0167 | lr: 0.00009910 | best AP50 acc: 0.7817 | best AP70 acc: 0.5228 | best mAP acc: 0.5040 | best mAR acc: 0.6094 | best Score: 0.5040 | best Score epoch:  8 
epoch  9, iter  101: loss: 0.0110 | load time: 0.0002 | back time: 2.0247 | lr: 0.00009907 | best AP50 acc: 0.7817 | best AP70 acc: 0.5228 | best mAP acc: 0.5040 | best mAR acc: 0.6094 | best Score: 0.5040 | best Score epoch:  8 
epoch  9, iter  151: loss: 0.0089 | load time: 0.0002 | back time: 2.0265 | lr: 0.00009905 | best AP50 acc: 0.7817 | best AP70 acc: 0.5228 | best mAP acc: 0.5040 | best mAR acc: 0.6094 | best Score: 0.5040 | best Score epoch:  8 
epoch  9, iter  201: loss: 0.0096 | load time: 0.0002 | back time: 2.0301 | lr: 0.00009902 | best AP50 acc: 0.7817 | best AP70 acc: 0.5228 | best mAP acc: 0.5040 | best mAR acc: 0.6094 | best Score: 0.5040 | best Score epoch:  8 
epoch  9, iter  251: loss: 0.0090 | load time: 0.0009 | back time: 2.0247 | lr: 0.00009899 | best AP50 acc: 0.7817 | best AP70 acc: 0.5228 | best mAP acc: 0.5040 | best mAR acc: 0.6094 | best Score: 0.5040 | best Score epoch:  8 
epoch  9, iter  301: loss: 0.0090 | load time: 0.0005 | back time: 2.0034 | lr: 0.00009896 | best AP50 acc: 0.7817 | best AP70 acc: 0.5228 | best mAP acc: 0.5040 | best mAR acc: 0.6094 | best Score: 0.5040 | best Score epoch:  8 
epoch  9, iter  351: loss: 0.0105 | load time: 0.0003 | back time: 2.0402 | lr: 0.00009894 | best AP50 acc: 0.7817 | best AP70 acc: 0.5228 | best mAP acc: 0.5040 | best mAR acc: 0.6094 | best Score: 0.5040 | best Score epoch:  8 
epoch  9, iter  401: loss: 0.0098 | load time: 0.0002 | back time: 1.7363 | lr: 0.00009891 | best AP50 acc: 0.7817 | best AP70 acc: 0.5228 | best mAP acc: 0.5040 | best mAR acc: 0.6094 | best Score: 0.5040 | best Score epoch:  8 
epoch  9, iter  451: loss: 0.0095 | load time: 0.0002 | back time: 1.9736 | lr: 0.00009888 | best AP50 acc: 0.7817 | best AP70 acc: 0.5228 | best mAP acc: 0.5040 | best mAR acc: 0.6094 | best Score: 0.5040 | best Score epoch:  8 
epoch  9, iter  501: loss: 0.0103 | load time: 0.0002 | back time: 2.0258 | lr: 0.00009885 | best AP50 acc: 0.7817 | best AP70 acc: 0.5228 | best mAP acc: 0.5040 | best mAR acc: 0.6094 | best Score: 0.5040 | best Score epoch:  8 
epoch  9, iter  551: loss: 0.0085 | load time: 0.0003 | back time: 1.9966 | lr: 0.00009882 | best AP50 acc: 0.7817 | best AP70 acc: 0.5228 | best mAP acc: 0.5040 | best mAR acc: 0.6094 | best Score: 0.5040 | best Score epoch:  8 
epoch  9, iter  601: loss: 0.0113 | load time: 0.0001 | back time: 1.9488 | lr: 0.00009879 | best AP50 acc: 0.7817 | best AP70 acc: 0.5228 | best mAP acc: 0.5040 | best mAR acc: 0.6094 | best Score: 0.5040 | best Score epoch:  8 
epoch  9, iter  651: loss: 0.0090 | load time: 0.0004 | back time: 1.9479 | lr: 0.00009876 | best AP50 acc: 0.7817 | best AP70 acc: 0.5228 | best mAP acc: 0.5040 | best mAR acc: 0.6094 | best Score: 0.5040 | best Score epoch:  8 
epoch  9, iter  701: loss: 0.0129 | load time: 0.0003 | back time: 2.0076 | lr: 0.00009873 | best AP50 acc: 0.7817 | best AP70 acc: 0.5228 | best mAP acc: 0.5040 | best mAR acc: 0.6094 | best Score: 0.5040 | best Score epoch:  8 
epoch  9, iter  751: loss: 0.0113 | load time: 0.0002 | back time: 2.0250 | lr: 0.00009870 | best AP50 acc: 0.7817 | best AP70 acc: 0.5228 | best mAP acc: 0.5040 | best mAR acc: 0.6094 | best Score: 0.5040 | best Score epoch:  8 
epoch  9, iter  801: loss: 0.0097 | load time: 0.0004 | back time: 2.0381 | lr: 0.00009867 | best AP50 acc: 0.7817 | best AP70 acc: 0.5228 | best mAP acc: 0.5040 | best mAR acc: 0.6094 | best Score: 0.5040 | best Score epoch:  8 
epoch  9, iter  851: loss: 0.0093 | load time: 0.0002 | back time: 2.0178 | lr: 0.00009864 | best AP50 acc: 0.7817 | best AP70 acc: 0.5228 | best mAP acc: 0.5040 | best mAR acc: 0.6094 | best Score: 0.5040 | best Score epoch:  8 
epoch  9, iter  901: loss: 0.0090 | load time: 0.0001 | back time: 1.9781 | lr: 0.00009861 | best AP50 acc: 0.7817 | best AP70 acc: 0.5228 | best mAP acc: 0.5040 | best mAR acc: 0.6094 | best Score: 0.5040 | best Score epoch:  8 
epoch  9, iter  951: loss: 0.0093 | load time: 0.0003 | back time: 2.0694 | lr: 0.00009858 | best AP50 acc: 0.7817 | best AP70 acc: 0.5228 | best mAP acc: 0.5040 | best mAR acc: 0.6094 | best Score: 0.5040 | best Score epoch:  8 
epoch  9, iter 1001: loss: 0.0107 | load time: 0.0003 | back time: 2.0264 | lr: 0.00009854 | best AP50 acc: 0.7817 | best AP70 acc: 0.5228 | best mAP acc: 0.5040 | best mAR acc: 0.6094 | best Score: 0.5040 | best Score epoch:  8 
epoch  9, iter 1051: loss: 0.0086 | load time: 0.0004 | back time: 2.0326 | lr: 0.00009851 | best AP50 acc: 0.7817 | best AP70 acc: 0.5228 | best mAP acc: 0.5040 | best mAR acc: 0.6094 | best Score: 0.5040 | best Score epoch:  8 
epoch  9, iter 1101: loss: 0.0104 | load time: 0.0002 | back time: 2.0347 | lr: 0.00009848 | best AP50 acc: 0.7817 | best AP70 acc: 0.5228 | best mAP acc: 0.5040 | best mAR acc: 0.6094 | best Score: 0.5040 | best Score epoch:  8 
epoch  9, iter 1151: loss: 0.0091 | load time: 0.0001 | back time: 2.0322 | lr: 0.00009845 | best AP50 acc: 0.7817 | best AP70 acc: 0.5228 | best mAP acc: 0.5040 | best mAR acc: 0.6094 | best Score: 0.5040 | best Score epoch:  8 
UAV_SEQS_2 | mAP50:90: 40.7767 | AP50: 65.8117 | AP70: 42.0149 
UAV_SEQS_37 | mAP50:90: 82.7591 | AP50: 100.0000 | AP70: 88.3190 
UAV_SEQS_45 | mAP50:90: 67.4414 | AP50: 92.6878 | AP70: 76.3004 
UAV_SEQS_47 | mAP50:90: 84.9332 | AP50: 100.0000 | AP70: 97.8997 
UAV_SEQS_55 | mAP50:90: 32.4206 | AP50: 65.4526 | AP70: 33.7651 
UAV_SEQS_59 | mAP50:90: 63.6396 | AP50: 95.3850 | AP70: 65.2609 
UAV_SEQS_6 | mAP50:90: 38.4369 | AP50: 75.9048 | AP70: 34.6269 
UAV_SEQS_63 | mAP50:90: 69.0311 | AP50: 92.9786 | AP70: 72.1837 
UAV_SEQS_65 | mAP50:90: 80.8710 | AP50: 96.5747 | AP70: 88.7789 
UAV_SEQS_7 | mAP50:90: 57.7636 | AP50: 96.0396 | AP70: 45.5207 
UAV_SEQS_71 | mAP50:90: 28.6248 | AP50: 62.3337 | AP70: 23.5974 
UAV_SEQS_73 | mAP50:90: 48.8062 | AP50: 80.2260 | AP70: 52.5137 
UAV_SEQS_74 | mAP50:90: 100.0000 | AP50: 100.0000 | AP70: 100.0000 
UAV_SEQS_77 | mAP50:90: 0.0000 | AP50: 0.0000 | AP70: 0.0000 
UAV_SEQS_8 | mAP50:90: 9.5677 | AP50: 47.6608 | AP70: 3.9936 
Overall            | mAP50:95: 54.4589 | AP50: 79.7686 | AP70: 56.7129 
epoch 10, iter    1: loss: 0.0090 | load time: 0.0072 | back time: 0.0873 | lr: 0.00009844 | best AP50 acc: 0.7977 | best AP70 acc: 0.5671 | best mAP acc: 0.5446 | best mAR acc: 0.6362 | best Score: 0.5446 | best Score epoch:  9 
epoch 10, iter   51: loss: 0.0086 | load time: 0.0002 | back time: 2.0357 | lr: 0.00009841 | best AP50 acc: 0.7977 | best AP70 acc: 0.5671 | best mAP acc: 0.5446 | best mAR acc: 0.6362 | best Score: 0.5446 | best Score epoch:  9 
epoch 10, iter  101: loss: 0.0101 | load time: 0.0002 | back time: 2.0348 | lr: 0.00009838 | best AP50 acc: 0.7977 | best AP70 acc: 0.5671 | best mAP acc: 0.5446 | best mAR acc: 0.6362 | best Score: 0.5446 | best Score epoch:  9 
epoch 10, iter  151: loss: 0.0102 | load time: 0.0003 | back time: 2.0343 | lr: 0.00009834 | best AP50 acc: 0.7977 | best AP70 acc: 0.5671 | best mAP acc: 0.5446 | best mAR acc: 0.6362 | best Score: 0.5446 | best Score epoch:  9 
epoch 10, iter  201: loss: 0.0100 | load time: 0.0004 | back time: 2.0328 | lr: 0.00009831 | best AP50 acc: 0.7977 | best AP70 acc: 0.5671 | best mAP acc: 0.5446 | best mAR acc: 0.6362 | best Score: 0.5446 | best Score epoch:  9 
epoch 10, iter  251: loss: 0.0084 | load time: 0.0003 | back time: 2.1043 | lr: 0.00009827 | best AP50 acc: 0.7977 | best AP70 acc: 0.5671 | best mAP acc: 0.5446 | best mAR acc: 0.6362 | best Score: 0.5446 | best Score epoch:  9 
epoch 10, iter  301: loss: 0.0097 | load time: 0.0002 | back time: 2.0399 | lr: 0.00009824 | best AP50 acc: 0.7977 | best AP70 acc: 0.5671 | best mAP acc: 0.5446 | best mAR acc: 0.6362 | best Score: 0.5446 | best Score epoch:  9 
epoch 10, iter  351: loss: 0.0093 | load time: 0.0002 | back time: 2.0421 | lr: 0.00009820 | best AP50 acc: 0.7977 | best AP70 acc: 0.5671 | best mAP acc: 0.5446 | best mAR acc: 0.6362 | best Score: 0.5446 | best Score epoch:  9 
epoch 10, iter  401: loss: 0.0105 | load time: 0.0003 | back time: 2.0354 | lr: 0.00009816 | best AP50 acc: 0.7977 | best AP70 acc: 0.5671 | best mAP acc: 0.5446 | best mAR acc: 0.6362 | best Score: 0.5446 | best Score epoch:  9 
epoch 10, iter  451: loss: 0.0087 | load time: 0.0003 | back time: 2.0286 | lr: 0.00009813 | best AP50 acc: 0.7977 | best AP70 acc: 0.5671 | best mAP acc: 0.5446 | best mAR acc: 0.6362 | best Score: 0.5446 | best Score epoch:  9 
epoch 10, iter  501: loss: 0.0107 | load time: 0.0003 | back time: 2.0453 | lr: 0.00009809 | best AP50 acc: 0.7977 | best AP70 acc: 0.5671 | best mAP acc: 0.5446 | best mAR acc: 0.6362 | best Score: 0.5446 | best Score epoch:  9 
epoch 10, iter  551: loss: 0.0094 | load time: 0.0003 | back time: 2.0405 | lr: 0.00009805 | best AP50 acc: 0.7977 | best AP70 acc: 0.5671 | best mAP acc: 0.5446 | best mAR acc: 0.6362 | best Score: 0.5446 | best Score epoch:  9 
epoch 10, iter  601: loss: 0.0120 | load time: 0.0003 | back time: 2.0347 | lr: 0.00009802 | best AP50 acc: 0.7977 | best AP70 acc: 0.5671 | best mAP acc: 0.5446 | best mAR acc: 0.6362 | best Score: 0.5446 | best Score epoch:  9 
epoch 10, iter  651: loss: 0.0103 | load time: 0.0002 | back time: 2.0151 | lr: 0.00009798 | best AP50 acc: 0.7977 | best AP70 acc: 0.5671 | best mAP acc: 0.5446 | best mAR acc: 0.6362 | best Score: 0.5446 | best Score epoch:  9 
epoch 10, iter  701: loss: 0.0100 | load time: 0.0002 | back time: 2.0385 | lr: 0.00009794 | best AP50 acc: 0.7977 | best AP70 acc: 0.5671 | best mAP acc: 0.5446 | best mAR acc: 0.6362 | best Score: 0.5446 | best Score epoch:  9 
epoch 10, iter  751: loss: 0.0090 | load time: 0.0001 | back time: 2.0464 | lr: 0.00009790 | best AP50 acc: 0.7977 | best AP70 acc: 0.5671 | best mAP acc: 0.5446 | best mAR acc: 0.6362 | best Score: 0.5446 | best Score epoch:  9 
epoch 10, iter  801: loss: 0.0119 | load time: 0.0002 | back time: 1.9422 | lr: 0.00009786 | best AP50 acc: 0.7977 | best AP70 acc: 0.5671 | best mAP acc: 0.5446 | best mAR acc: 0.6362 | best Score: 0.5446 | best Score epoch:  9 
epoch 10, iter  851: loss: 0.0094 | load time: 0.0003 | back time: 2.1115 | lr: 0.00009782 | best AP50 acc: 0.7977 | best AP70 acc: 0.5671 | best mAP acc: 0.5446 | best mAR acc: 0.6362 | best Score: 0.5446 | best Score epoch:  9 
epoch 10, iter  901: loss: 0.0118 | load time: 0.0002 | back time: 2.0450 | lr: 0.00009778 | best AP50 acc: 0.7977 | best AP70 acc: 0.5671 | best mAP acc: 0.5446 | best mAR acc: 0.6362 | best Score: 0.5446 | best Score epoch:  9 
epoch 10, iter  951: loss: 0.0086 | load time: 0.0002 | back time: 2.0347 | lr: 0.00009774 | best AP50 acc: 0.7977 | best AP70 acc: 0.5671 | best mAP acc: 0.5446 | best mAR acc: 0.6362 | best Score: 0.5446 | best Score epoch:  9 
epoch 10, iter 1001: loss: 0.0115 | load time: 0.0002 | back time: 2.0233 | lr: 0.00009770 | best AP50 acc: 0.7977 | best AP70 acc: 0.5671 | best mAP acc: 0.5446 | best mAR acc: 0.6362 | best Score: 0.5446 | best Score epoch:  9 
epoch 10, iter 1051: loss: 0.0082 | load time: 0.0004 | back time: 2.0243 | lr: 0.00009766 | best AP50 acc: 0.7977 | best AP70 acc: 0.5671 | best mAP acc: 0.5446 | best mAR acc: 0.6362 | best Score: 0.5446 | best Score epoch:  9 
epoch 10, iter 1101: loss: 0.0104 | load time: 0.0005 | back time: 2.0304 | lr: 0.00009762 | best AP50 acc: 0.7977 | best AP70 acc: 0.5671 | best mAP acc: 0.5446 | best mAR acc: 0.6362 | best Score: 0.5446 | best Score epoch:  9 
epoch 10, iter 1151: loss: 0.0107 | load time: 0.0001 | back time: 2.0227 | lr: 0.00009758 | best AP50 acc: 0.7977 | best AP70 acc: 0.5671 | best mAP acc: 0.5446 | best mAR acc: 0.6362 | best Score: 0.5446 | best Score epoch:  9 
UAV_SEQS_2 | mAP50:90: 35.1686 | AP50: 56.3301 | AP70: 38.6109 
UAV_SEQS_37 | mAP50:90: 72.0021 | AP50: 95.6304 | AP70: 76.6077 
UAV_SEQS_45 | mAP50:90: 80.2823 | AP50: 96.9961 | AP70: 93.1782 
UAV_SEQS_47 | mAP50:90: 89.1321 | AP50: 100.0000 | AP70: 98.9934 
UAV_SEQS_55 | mAP50:90: 36.9697 | AP50: 67.6942 | AP70: 34.6771 
UAV_SEQS_59 | mAP50:90: 63.8152 | AP50: 96.8231 | AP70: 68.0497 
UAV_SEQS_6 | mAP50:90: 50.5863 | AP50: 83.8109 | AP70: 49.8098 
UAV_SEQS_63 | mAP50:90: 81.5243 | AP50: 100.0000 | AP70: 86.4452 
UAV_SEQS_65 | mAP50:90: 82.5513 | AP50: 96.2685 | AP70: 90.0723 
UAV_SEQS_7 | mAP50:90: 69.4212 | AP50: 97.0229 | AP70: 61.1242 
UAV_SEQS_71 | mAP50:90: 32.1736 | AP50: 66.9902 | AP70: 26.5236 
UAV_SEQS_73 | mAP50:90: 49.3203 | AP50: 72.9263 | AP70: 57.7374 
UAV_SEQS_74 | mAP50:90: 98.6910 | AP50: 100.0000 | AP70: 100.0000 
UAV_SEQS_77 | mAP50:90: 0.0000 | AP50: 0.0000 | AP70: 0.0000 
UAV_SEQS_8 | mAP50:90: 11.4209 | AP50: 39.0808 | AP70: 8.4356 
Overall            | mAP50:95: 58.0342 | AP50: 79.3421 | AP70: 60.8445 
epoch 11, iter    1: loss: 0.0094 | load time: 0.0093 | back time: 0.0776 | lr: 0.00009758 | best AP50 acc: 0.7934 | best AP70 acc: 0.6084 | best mAP acc: 0.5803 | best mAR acc: 0.6577 | best Score: 0.5803 | best Score epoch: 10 
epoch 11, iter   51: loss: 0.0104 | load time: 0.0002 | back time: 2.0199 | lr: 0.00009753 | best AP50 acc: 0.7934 | best AP70 acc: 0.6084 | best mAP acc: 0.5803 | best mAR acc: 0.6577 | best Score: 0.5803 | best Score epoch: 10 
epoch 11, iter  101: loss: 0.0090 | load time: 0.0002 | back time: 2.0262 | lr: 0.00009749 | best AP50 acc: 0.7934 | best AP70 acc: 0.6084 | best mAP acc: 0.5803 | best mAR acc: 0.6577 | best Score: 0.5803 | best Score epoch: 10 
epoch 11, iter  151: loss: 0.0098 | load time: 0.0003 | back time: 2.0296 | lr: 0.00009745 | best AP50 acc: 0.7934 | best AP70 acc: 0.6084 | best mAP acc: 0.5803 | best mAR acc: 0.6577 | best Score: 0.5803 | best Score epoch: 10 
epoch 11, iter  201: loss: 0.0087 | load time: 0.0003 | back time: 2.0322 | lr: 0.00009741 | best AP50 acc: 0.7934 | best AP70 acc: 0.6084 | best mAP acc: 0.5803 | best mAR acc: 0.6577 | best Score: 0.5803 | best Score epoch: 10 
epoch 11, iter  251: loss: 0.0097 | load time: 0.0003 | back time: 2.0341 | lr: 0.00009736 | best AP50 acc: 0.7934 | best AP70 acc: 0.6084 | best mAP acc: 0.5803 | best mAR acc: 0.6577 | best Score: 0.5803 | best Score epoch: 10 
epoch 11, iter  301: loss: 0.0097 | load time: 0.0003 | back time: 2.0397 | lr: 0.00009732 | best AP50 acc: 0.7934 | best AP70 acc: 0.6084 | best mAP acc: 0.5803 | best mAR acc: 0.6577 | best Score: 0.5803 | best Score epoch: 10 
epoch 11, iter  351: loss: 0.0086 | load time: 0.0004 | back time: 2.0314 | lr: 0.00009728 | best AP50 acc: 0.7934 | best AP70 acc: 0.6084 | best mAP acc: 0.5803 | best mAR acc: 0.6577 | best Score: 0.5803 | best Score epoch: 10 
epoch 11, iter  401: loss: 0.0098 | load time: 0.0002 | back time: 2.0352 | lr: 0.00009723 | best AP50 acc: 0.7934 | best AP70 acc: 0.6084 | best mAP acc: 0.5803 | best mAR acc: 0.6577 | best Score: 0.5803 | best Score epoch: 10 
epoch 11, iter  451: loss: 0.0095 | load time: 0.0002 | back time: 2.0435 | lr: 0.00009719 | best AP50 acc: 0.7934 | best AP70 acc: 0.6084 | best mAP acc: 0.5803 | best mAR acc: 0.6577 | best Score: 0.5803 | best Score epoch: 10 
epoch 11, iter  501: loss: 0.0100 | load time: 0.0002 | back time: 2.0414 | lr: 0.00009714 | best AP50 acc: 0.7934 | best AP70 acc: 0.6084 | best mAP acc: 0.5803 | best mAR acc: 0.6577 | best Score: 0.5803 | best Score epoch: 10 
epoch 11, iter  551: loss: 0.0097 | load time: 0.0003 | back time: 2.0022 | lr: 0.00009710 | best AP50 acc: 0.7934 | best AP70 acc: 0.6084 | best mAP acc: 0.5803 | best mAR acc: 0.6577 | best Score: 0.5803 | best Score epoch: 10 
epoch 11, iter  601: loss: 0.0107 | load time: 0.0002 | back time: 2.0307 | lr: 0.00009705 | best AP50 acc: 0.7934 | best AP70 acc: 0.6084 | best mAP acc: 0.5803 | best mAR acc: 0.6577 | best Score: 0.5803 | best Score epoch: 10 
epoch 11, iter  651: loss: 0.0094 | load time: 0.0002 | back time: 1.9628 | lr: 0.00009700 | best AP50 acc: 0.7934 | best AP70 acc: 0.6084 | best mAP acc: 0.5803 | best mAR acc: 0.6577 | best Score: 0.5803 | best Score epoch: 10 
epoch 11, iter  701: loss: 0.0091 | load time: 0.0003 | back time: 2.0251 | lr: 0.00009696 | best AP50 acc: 0.7934 | best AP70 acc: 0.6084 | best mAP acc: 0.5803 | best mAR acc: 0.6577 | best Score: 0.5803 | best Score epoch: 10 
epoch 11, iter  751: loss: 0.0094 | load time: 0.0002 | back time: 2.0183 | lr: 0.00009691 | best AP50 acc: 0.7934 | best AP70 acc: 0.6084 | best mAP acc: 0.5803 | best mAR acc: 0.6577 | best Score: 0.5803 | best Score epoch: 10 
epoch 11, iter  801: loss: 0.0097 | load time: 0.0005 | back time: 2.0477 | lr: 0.00009686 | best AP50 acc: 0.7934 | best AP70 acc: 0.6084 | best mAP acc: 0.5803 | best mAR acc: 0.6577 | best Score: 0.5803 | best Score epoch: 10 
epoch 11, iter  851: loss: 0.0090 | load time: 0.0002 | back time: 1.9521 | lr: 0.00009682 | best AP50 acc: 0.7934 | best AP70 acc: 0.6084 | best mAP acc: 0.5803 | best mAR acc: 0.6577 | best Score: 0.5803 | best Score epoch: 10 
epoch 11, iter  901: loss: 0.0102 | load time: 0.0003 | back time: 2.0206 | lr: 0.00009677 | best AP50 acc: 0.7934 | best AP70 acc: 0.6084 | best mAP acc: 0.5803 | best mAR acc: 0.6577 | best Score: 0.5803 | best Score epoch: 10 
epoch 11, iter  951: loss: 0.0090 | load time: 0.0004 | back time: 2.0257 | lr: 0.00009672 | best AP50 acc: 0.7934 | best AP70 acc: 0.6084 | best mAP acc: 0.5803 | best mAR acc: 0.6577 | best Score: 0.5803 | best Score epoch: 10 
epoch 11, iter 1001: loss: 0.0092 | load time: 0.0002 | back time: 2.0330 | lr: 0.00009667 | best AP50 acc: 0.7934 | best AP70 acc: 0.6084 | best mAP acc: 0.5803 | best mAR acc: 0.6577 | best Score: 0.5803 | best Score epoch: 10 
epoch 11, iter 1051: loss: 0.0096 | load time: 0.0002 | back time: 2.0201 | lr: 0.00009662 | best AP50 acc: 0.7934 | best AP70 acc: 0.6084 | best mAP acc: 0.5803 | best mAR acc: 0.6577 | best Score: 0.5803 | best Score epoch: 10 
epoch 11, iter 1101: loss: 0.0094 | load time: 0.0005 | back time: 2.0442 | lr: 0.00009657 | best AP50 acc: 0.7934 | best AP70 acc: 0.6084 | best mAP acc: 0.5803 | best mAR acc: 0.6577 | best Score: 0.5803 | best Score epoch: 10 
epoch 11, iter 1151: loss: 0.0095 | load time: 0.0002 | back time: 2.0254 | lr: 0.00009652 | best AP50 acc: 0.7934 | best AP70 acc: 0.6084 | best mAP acc: 0.5803 | best mAR acc: 0.6577 | best Score: 0.5803 | best Score epoch: 10 
UAV_SEQS_2 | mAP50:90: 22.9486 | AP50: 59.3182 | AP70: 12.9842 
UAV_SEQS_37 | mAP50:90: 90.7416 | AP50: 100.0000 | AP70: 95.5365 
UAV_SEQS_45 | mAP50:90: 57.0221 | AP50: 95.5881 | AP70: 61.0208 
UAV_SEQS_47 | mAP50:90: 64.3136 | AP50: 98.9868 | AP70: 75.1528 
UAV_SEQS_55 | mAP50:90: 38.0411 | AP50: 75.8420 | AP70: 35.7184 
UAV_SEQS_59 | mAP50:90: 60.3153 | AP50: 96.1114 | AP70: 65.1040 
UAV_SEQS_6 | mAP50:90: 70.8545 | AP50: 97.2573 | AP70: 79.4807 
UAV_SEQS_63 | mAP50:90: 82.8054 | AP50: 98.0198 | AP70: 97.7790 
UAV_SEQS_65 | mAP50:90: 86.4831 | AP50: 97.2554 | AP70: 96.8331 
UAV_SEQS_7 | mAP50:90: 88.4365 | AP50: 97.0297 | AP70: 97.0195 
UAV_SEQS_71 | mAP50:90: 38.2382 | AP50: 68.7699 | AP70: 45.5055 
UAV_SEQS_73 | mAP50:90: 45.9939 | AP50: 74.2252 | AP70: 50.2080 
UAV_SEQS_74 | mAP50:90: 99.7353 | AP50: 100.0000 | AP70: 100.0000 
UAV_SEQS_77 | mAP50:90: 0.0000 | AP50: 0.0000 | AP70: 0.0000 
UAV_SEQS_8 | mAP50:90: 45.4552 | AP50: 86.7042 | AP70: 45.3264 
Overall            | mAP50:95: 60.2407 | AP50: 83.8886 | AP70: 64.9146 
epoch 12, iter    1: loss: 0.0088 | load time: 0.0012 | back time: 0.0196 | lr: 0.00009652 | best AP50 acc: 0.8389 | best AP70 acc: 0.6491 | best mAP acc: 0.6024 | best mAR acc: 0.6849 | best Score: 0.6024 | best Score epoch: 11 
epoch 12, iter   51: loss: 0.0087 | load time: 0.0003 | back time: 2.0211 | lr: 0.00009647 | best AP50 acc: 0.8389 | best AP70 acc: 0.6491 | best mAP acc: 0.6024 | best mAR acc: 0.6849 | best Score: 0.6024 | best Score epoch: 11 
epoch 12, iter  101: loss: 0.0100 | load time: 0.0003 | back time: 2.0273 | lr: 0.00009642 | best AP50 acc: 0.8389 | best AP70 acc: 0.6491 | best mAP acc: 0.6024 | best mAR acc: 0.6849 | best Score: 0.6024 | best Score epoch: 11 
epoch 12, iter  151: loss: 0.0088 | load time: 0.0003 | back time: 1.9516 | lr: 0.00009637 | best AP50 acc: 0.8389 | best AP70 acc: 0.6491 | best mAP acc: 0.6024 | best mAR acc: 0.6849 | best Score: 0.6024 | best Score epoch: 11 
epoch 12, iter  201: loss: 0.0088 | load time: 0.0004 | back time: 2.0901 | lr: 0.00009632 | best AP50 acc: 0.8389 | best AP70 acc: 0.6491 | best mAP acc: 0.6024 | best mAR acc: 0.6849 | best Score: 0.6024 | best Score epoch: 11 
epoch 12, iter  251: loss: 0.0096 | load time: 0.0004 | back time: 2.0859 | lr: 0.00009627 | best AP50 acc: 0.8389 | best AP70 acc: 0.6491 | best mAP acc: 0.6024 | best mAR acc: 0.6849 | best Score: 0.6024 | best Score epoch: 11 
epoch 12, iter  301: loss: 0.0090 | load time: 0.0002 | back time: 1.9634 | lr: 0.00009622 | best AP50 acc: 0.8389 | best AP70 acc: 0.6491 | best mAP acc: 0.6024 | best mAR acc: 0.6849 | best Score: 0.6024 | best Score epoch: 11 
epoch 12, iter  351: loss: 0.0089 | load time: 0.0002 | back time: 2.1211 | lr: 0.00009617 | best AP50 acc: 0.8389 | best AP70 acc: 0.6491 | best mAP acc: 0.6024 | best mAR acc: 0.6849 | best Score: 0.6024 | best Score epoch: 11 
epoch 12, iter  401: loss: 0.0093 | load time: 0.0002 | back time: 1.9686 | lr: 0.00009611 | best AP50 acc: 0.8389 | best AP70 acc: 0.6491 | best mAP acc: 0.6024 | best mAR acc: 0.6849 | best Score: 0.6024 | best Score epoch: 11 
epoch 12, iter  451: loss: 0.0111 | load time: 0.0003 | back time: 1.9336 | lr: 0.00009606 | best AP50 acc: 0.8389 | best AP70 acc: 0.6491 | best mAP acc: 0.6024 | best mAR acc: 0.6849 | best Score: 0.6024 | best Score epoch: 11 
epoch 12, iter  501: loss: 0.0121 | load time: 0.0003 | back time: 2.0052 | lr: 0.00009601 | best AP50 acc: 0.8389 | best AP70 acc: 0.6491 | best mAP acc: 0.6024 | best mAR acc: 0.6849 | best Score: 0.6024 | best Score epoch: 11 
epoch 12, iter  551: loss: 0.0091 | load time: 0.0005 | back time: 2.1111 | lr: 0.00009596 | best AP50 acc: 0.8389 | best AP70 acc: 0.6491 | best mAP acc: 0.6024 | best mAR acc: 0.6849 | best Score: 0.6024 | best Score epoch: 11 
epoch 12, iter  601: loss: 0.0089 | load time: 0.0002 | back time: 2.0224 | lr: 0.00009590 | best AP50 acc: 0.8389 | best AP70 acc: 0.6491 | best mAP acc: 0.6024 | best mAR acc: 0.6849 | best Score: 0.6024 | best Score epoch: 11 
epoch 12, iter  651: loss: 0.0099 | load time: 0.0004 | back time: 2.0313 | lr: 0.00009585 | best AP50 acc: 0.8389 | best AP70 acc: 0.6491 | best mAP acc: 0.6024 | best mAR acc: 0.6849 | best Score: 0.6024 | best Score epoch: 11 
epoch 12, iter  701: loss: 0.0093 | load time: 0.0002 | back time: 1.9940 | lr: 0.00009579 | best AP50 acc: 0.8389 | best AP70 acc: 0.6491 | best mAP acc: 0.6024 | best mAR acc: 0.6849 | best Score: 0.6024 | best Score epoch: 11 
epoch 12, iter  751: loss: 0.0106 | load time: 0.0002 | back time: 1.8551 | lr: 0.00009574 | best AP50 acc: 0.8389 | best AP70 acc: 0.6491 | best mAP acc: 0.6024 | best mAR acc: 0.6849 | best Score: 0.6024 | best Score epoch: 11 
epoch 12, iter  801: loss: 0.0090 | load time: 0.0003 | back time: 1.9551 | lr: 0.00009568 | best AP50 acc: 0.8389 | best AP70 acc: 0.6491 | best mAP acc: 0.6024 | best mAR acc: 0.6849 | best Score: 0.6024 | best Score epoch: 11 
epoch 12, iter  851: loss: 0.0080 | load time: 0.0002 | back time: 2.0113 | lr: 0.00009563 | best AP50 acc: 0.8389 | best AP70 acc: 0.6491 | best mAP acc: 0.6024 | best mAR acc: 0.6849 | best Score: 0.6024 | best Score epoch: 11 
epoch 12, iter  901: loss: 0.0089 | load time: 0.0003 | back time: 2.0237 | lr: 0.00009557 | best AP50 acc: 0.8389 | best AP70 acc: 0.6491 | best mAP acc: 0.6024 | best mAR acc: 0.6849 | best Score: 0.6024 | best Score epoch: 11 
epoch 12, iter  951: loss: 0.0095 | load time: 0.0004 | back time: 2.1179 | lr: 0.00009552 | best AP50 acc: 0.8389 | best AP70 acc: 0.6491 | best mAP acc: 0.6024 | best mAR acc: 0.6849 | best Score: 0.6024 | best Score epoch: 11 
epoch 12, iter 1001: loss: 0.0087 | load time: 0.0002 | back time: 2.0782 | lr: 0.00009546 | best AP50 acc: 0.8389 | best AP70 acc: 0.6491 | best mAP acc: 0.6024 | best mAR acc: 0.6849 | best Score: 0.6024 | best Score epoch: 11 
epoch 12, iter 1051: loss: 0.0104 | load time: 0.0002 | back time: 1.9992 | lr: 0.00009540 | best AP50 acc: 0.8389 | best AP70 acc: 0.6491 | best mAP acc: 0.6024 | best mAR acc: 0.6849 | best Score: 0.6024 | best Score epoch: 11 
epoch 12, iter 1101: loss: 0.0091 | load time: 0.0002 | back time: 2.0146 | lr: 0.00009535 | best AP50 acc: 0.8389 | best AP70 acc: 0.6491 | best mAP acc: 0.6024 | best mAR acc: 0.6849 | best Score: 0.6024 | best Score epoch: 11 
epoch 12, iter 1151: loss: 0.0095 | load time: 0.0002 | back time: 1.9963 | lr: 0.00009529 | best AP50 acc: 0.8389 | best AP70 acc: 0.6491 | best mAP acc: 0.6024 | best mAR acc: 0.6849 | best Score: 0.6024 | best Score epoch: 11 
UAV_SEQS_2 | mAP50:90: 39.2657 | AP50: 70.9572 | AP70: 38.8270 
UAV_SEQS_37 | mAP50:90: 94.1311 | AP50: 100.0000 | AP70: 96.9241 
UAV_SEQS_45 | mAP50:90: 57.3966 | AP50: 91.3722 | AP70: 65.1417 
UAV_SEQS_47 | mAP50:90: 60.7256 | AP50: 100.0000 | AP70: 68.2734 
UAV_SEQS_55 | mAP50:90: 30.2578 | AP50: 58.4393 | AP70: 28.8666 
UAV_SEQS_59 | mAP50:90: 57.1155 | AP50: 91.2802 | AP70: 61.2706 
UAV_SEQS_6 | mAP50:90: 59.2487 | AP50: 96.7525 | AP70: 62.5743 
UAV_SEQS_63 | mAP50:90: 59.5808 | AP50: 100.0000 | AP70: 81.7696 
UAV_SEQS_65 | mAP50:90: 82.9341 | AP50: 97.4574 | AP70: 92.2640 
UAV_SEQS_7 | mAP50:90: 89.9465 | AP50: 97.0297 | AP70: 95.4348 
UAV_SEQS_71 | mAP50:90: 34.9856 | AP50: 67.0329 | AP70: 32.7421 
UAV_SEQS_73 | mAP50:90: 40.6270 | AP50: 70.6485 | AP70: 41.3959 
UAV_SEQS_74 | mAP50:90: 98.9501 | AP50: 100.0000 | AP70: 100.0000 
UAV_SEQS_77 | mAP50:90: 0.0000 | AP50: 0.0000 | AP70: 0.0000 
UAV_SEQS_8 | mAP50:90: 48.4299 | AP50: 89.8612 | AP70: 54.2396 
Overall            | mAP50:95: 56.2377 | AP50: 83.2720 | AP70: 62.4568 
epoch 13, iter    1: loss: 0.0087 | load time: 0.0112 | back time: 0.0880 | lr: 0.00009529 | best AP50 acc: 0.8389 | best AP70 acc: 0.6491 | best mAP acc: 0.6024 | best mAR acc: 0.6849 | best Score: 0.6024 | best Score epoch: 11 
epoch 13, iter   51: loss: 0.0085 | load time: 0.0003 | back time: 2.0741 | lr: 0.00009523 | best AP50 acc: 0.8389 | best AP70 acc: 0.6491 | best mAP acc: 0.6024 | best mAR acc: 0.6849 | best Score: 0.6024 | best Score epoch: 11 
epoch 13, iter  101: loss: 0.0094 | load time: 0.0005 | back time: 2.0274 | lr: 0.00009517 | best AP50 acc: 0.8389 | best AP70 acc: 0.6491 | best mAP acc: 0.6024 | best mAR acc: 0.6849 | best Score: 0.6024 | best Score epoch: 11 
epoch 13, iter  151: loss: 0.0092 | load time: 0.0002 | back time: 2.0252 | lr: 0.00009511 | best AP50 acc: 0.8389 | best AP70 acc: 0.6491 | best mAP acc: 0.6024 | best mAR acc: 0.6849 | best Score: 0.6024 | best Score epoch: 11 
epoch 13, iter  201: loss: 0.0085 | load time: 0.0002 | back time: 2.0474 | lr: 0.00009506 | best AP50 acc: 0.8389 | best AP70 acc: 0.6491 | best mAP acc: 0.6024 | best mAR acc: 0.6849 | best Score: 0.6024 | best Score epoch: 11 
epoch 13, iter  251: loss: 0.0085 | load time: 0.0002 | back time: 2.0367 | lr: 0.00009500 | best AP50 acc: 0.8389 | best AP70 acc: 0.6491 | best mAP acc: 0.6024 | best mAR acc: 0.6849 | best Score: 0.6024 | best Score epoch: 11 
epoch 13, iter  301: loss: 0.0084 | load time: 0.0003 | back time: 2.0366 | lr: 0.00009494 | best AP50 acc: 0.8389 | best AP70 acc: 0.6491 | best mAP acc: 0.6024 | best mAR acc: 0.6849 | best Score: 0.6024 | best Score epoch: 11 
epoch 13, iter  351: loss: 0.0088 | load time: 0.0002 | back time: 1.9694 | lr: 0.00009488 | best AP50 acc: 0.8389 | best AP70 acc: 0.6491 | best mAP acc: 0.6024 | best mAR acc: 0.6849 | best Score: 0.6024 | best Score epoch: 11 
epoch 13, iter  401: loss: 0.0083 | load time: 0.0004 | back time: 2.1129 | lr: 0.00009482 | best AP50 acc: 0.8389 | best AP70 acc: 0.6491 | best mAP acc: 0.6024 | best mAR acc: 0.6849 | best Score: 0.6024 | best Score epoch: 11 
epoch 13, iter  451: loss: 0.0090 | load time: 0.0002 | back time: 2.0435 | lr: 0.00009476 | best AP50 acc: 0.8389 | best AP70 acc: 0.6491 | best mAP acc: 0.6024 | best mAR acc: 0.6849 | best Score: 0.6024 | best Score epoch: 11 
epoch 13, iter  501: loss: 0.0092 | load time: 0.0003 | back time: 2.0203 | lr: 0.00009470 | best AP50 acc: 0.8389 | best AP70 acc: 0.6491 | best mAP acc: 0.6024 | best mAR acc: 0.6849 | best Score: 0.6024 | best Score epoch: 11 
epoch 13, iter  551: loss: 0.0077 | load time: 0.0003 | back time: 2.0206 | lr: 0.00009464 | best AP50 acc: 0.8389 | best AP70 acc: 0.6491 | best mAP acc: 0.6024 | best mAR acc: 0.6849 | best Score: 0.6024 | best Score epoch: 11 
epoch 13, iter  601: loss: 0.0089 | load time: 0.0002 | back time: 2.0354 | lr: 0.00009457 | best AP50 acc: 0.8389 | best AP70 acc: 0.6491 | best mAP acc: 0.6024 | best mAR acc: 0.6849 | best Score: 0.6024 | best Score epoch: 11 
epoch 13, iter  651: loss: 0.0083 | load time: 0.0001 | back time: 2.0269 | lr: 0.00009451 | best AP50 acc: 0.8389 | best AP70 acc: 0.6491 | best mAP acc: 0.6024 | best mAR acc: 0.6849 | best Score: 0.6024 | best Score epoch: 11 
epoch 13, iter  701: loss: 0.0084 | load time: 0.0003 | back time: 2.0495 | lr: 0.00009445 | best AP50 acc: 0.8389 | best AP70 acc: 0.6491 | best mAP acc: 0.6024 | best mAR acc: 0.6849 | best Score: 0.6024 | best Score epoch: 11 
epoch 13, iter  751: loss: 0.0093 | load time: 0.0002 | back time: 2.0486 | lr: 0.00009439 | best AP50 acc: 0.8389 | best AP70 acc: 0.6491 | best mAP acc: 0.6024 | best mAR acc: 0.6849 | best Score: 0.6024 | best Score epoch: 11 
epoch 13, iter  801: loss: 0.0095 | load time: 0.0002 | back time: 2.0215 | lr: 0.00009433 | best AP50 acc: 0.8389 | best AP70 acc: 0.6491 | best mAP acc: 0.6024 | best mAR acc: 0.6849 | best Score: 0.6024 | best Score epoch: 11 
epoch 13, iter  851: loss: 0.0087 | load time: 0.0003 | back time: 2.0437 | lr: 0.00009426 | best AP50 acc: 0.8389 | best AP70 acc: 0.6491 | best mAP acc: 0.6024 | best mAR acc: 0.6849 | best Score: 0.6024 | best Score epoch: 11 
epoch 13, iter  901: loss: 0.0092 | load time: 0.0005 | back time: 2.0386 | lr: 0.00009420 | best AP50 acc: 0.8389 | best AP70 acc: 0.6491 | best mAP acc: 0.6024 | best mAR acc: 0.6849 | best Score: 0.6024 | best Score epoch: 11 
epoch 13, iter  951: loss: 0.0092 | load time: 0.0003 | back time: 2.0461 | lr: 0.00009414 | best AP50 acc: 0.8389 | best AP70 acc: 0.6491 | best mAP acc: 0.6024 | best mAR acc: 0.6849 | best Score: 0.6024 | best Score epoch: 11 
epoch 13, iter 1001: loss: 0.0090 | load time: 0.0003 | back time: 2.0362 | lr: 0.00009407 | best AP50 acc: 0.8389 | best AP70 acc: 0.6491 | best mAP acc: 0.6024 | best mAR acc: 0.6849 | best Score: 0.6024 | best Score epoch: 11 
epoch 13, iter 1051: loss: 0.0088 | load time: 0.0003 | back time: 2.0415 | lr: 0.00009401 | best AP50 acc: 0.8389 | best AP70 acc: 0.6491 | best mAP acc: 0.6024 | best mAR acc: 0.6849 | best Score: 0.6024 | best Score epoch: 11 
epoch 13, iter 1101: loss: 0.0091 | load time: 0.0002 | back time: 2.0479 | lr: 0.00009394 | best AP50 acc: 0.8389 | best AP70 acc: 0.6491 | best mAP acc: 0.6024 | best mAR acc: 0.6849 | best Score: 0.6024 | best Score epoch: 11 
epoch 13, iter 1151: loss: 0.0085 | load time: 0.0004 | back time: 2.0896 | lr: 0.00009388 | best AP50 acc: 0.8389 | best AP70 acc: 0.6491 | best mAP acc: 0.6024 | best mAR acc: 0.6849 | best Score: 0.6024 | best Score epoch: 11 
UAV_SEQS_2 | mAP50:90: 43.3880 | AP50: 74.9808 | AP70: 46.0679 
UAV_SEQS_37 | mAP50:90: 88.3835 | AP50: 100.0000 | AP70: 94.6271 
UAV_SEQS_45 | mAP50:90: 66.2106 | AP50: 95.0495 | AP70: 72.1886 
UAV_SEQS_47 | mAP50:90: 67.6339 | AP50: 100.0000 | AP70: 74.8927 
UAV_SEQS_55 | mAP50:90: 45.9903 | AP50: 67.5089 | AP70: 50.5612 
UAV_SEQS_59 | mAP50:90: 84.4952 | AP50: 100.0000 | AP70: 92.0114 
UAV_SEQS_6 | mAP50:90: 55.5191 | AP50: 91.4554 | AP70: 60.9779 
UAV_SEQS_63 | mAP50:90: 48.6368 | AP50: 100.0000 | AP70: 28.5417 
UAV_SEQS_65 | mAP50:90: 82.8111 | AP50: 95.9991 | AP70: 93.9249 
UAV_SEQS_7 | mAP50:90: 87.2837 | AP50: 95.0495 | AP70: 93.1528 
UAV_SEQS_71 | mAP50:90: 51.2731 | AP50: 83.0655 | AP70: 53.2180 
UAV_SEQS_73 | mAP50:90: 57.7827 | AP50: 76.5776 | AP70: 67.2499 
UAV_SEQS_74 | mAP50:90: 99.4452 | AP50: 100.0000 | AP70: 100.0000 
UAV_SEQS_77 | mAP50:90: 0.0000 | AP50: 0.0000 | AP70: 0.0000 
UAV_SEQS_8 | mAP50:90: 45.3662 | AP50: 90.6341 | AP70: 52.7083 
Overall            | mAP50:95: 60.1722 | AP50: 85.3411 | AP70: 63.6930 
epoch 14, iter    1: loss: 0.0088 | load time: 0.0066 | back time: 0.0791 | lr: 0.00009388 | best AP50 acc: 0.8389 | best AP70 acc: 0.6491 | best mAP acc: 0.6024 | best mAR acc: 0.6849 | best Score: 0.6024 | best Score epoch: 11 
epoch 14, iter   51: loss: 0.0085 | load time: 0.0004 | back time: 2.0435 | lr: 0.00009381 | best AP50 acc: 0.8389 | best AP70 acc: 0.6491 | best mAP acc: 0.6024 | best mAR acc: 0.6849 | best Score: 0.6024 | best Score epoch: 11 
epoch 14, iter  101: loss: 0.0102 | load time: 0.0005 | back time: 2.0548 | lr: 0.00009375 | best AP50 acc: 0.8389 | best AP70 acc: 0.6491 | best mAP acc: 0.6024 | best mAR acc: 0.6849 | best Score: 0.6024 | best Score epoch: 11 
epoch 14, iter  151: loss: 0.0102 | load time: 0.0004 | back time: 2.0444 | lr: 0.00009368 | best AP50 acc: 0.8389 | best AP70 acc: 0.6491 | best mAP acc: 0.6024 | best mAR acc: 0.6849 | best Score: 0.6024 | best Score epoch: 11 
epoch 14, iter  201: loss: 0.0102 | load time: 0.0002 | back time: 2.0473 | lr: 0.00009361 | best AP50 acc: 0.8389 | best AP70 acc: 0.6491 | best mAP acc: 0.6024 | best mAR acc: 0.6849 | best Score: 0.6024 | best Score epoch: 11 
epoch 14, iter  251: loss: 0.0089 | load time: 0.0004 | back time: 2.0496 | lr: 0.00009355 | best AP50 acc: 0.8389 | best AP70 acc: 0.6491 | best mAP acc: 0.6024 | best mAR acc: 0.6849 | best Score: 0.6024 | best Score epoch: 11 
epoch 14, iter  301: loss: 0.0094 | load time: 0.0002 | back time: 2.0552 | lr: 0.00009348 | best AP50 acc: 0.8389 | best AP70 acc: 0.6491 | best mAP acc: 0.6024 | best mAR acc: 0.6849 | best Score: 0.6024 | best Score epoch: 11 
epoch 14, iter  351: loss: 0.0094 | load time: 0.0003 | back time: 2.0516 | lr: 0.00009341 | best AP50 acc: 0.8389 | best AP70 acc: 0.6491 | best mAP acc: 0.6024 | best mAR acc: 0.6849 | best Score: 0.6024 | best Score epoch: 11 
epoch 14, iter  401: loss: 0.0087 | load time: 0.0003 | back time: 2.0339 | lr: 0.00009335 | best AP50 acc: 0.8389 | best AP70 acc: 0.6491 | best mAP acc: 0.6024 | best mAR acc: 0.6849 | best Score: 0.6024 | best Score epoch: 11 
epoch 14, iter  451: loss: 0.0095 | load time: 0.0003 | back time: 2.0574 | lr: 0.00009328 | best AP50 acc: 0.8389 | best AP70 acc: 0.6491 | best mAP acc: 0.6024 | best mAR acc: 0.6849 | best Score: 0.6024 | best Score epoch: 11 
epoch 14, iter  501: loss: 0.0091 | load time: 0.0004 | back time: 2.0566 | lr: 0.00009321 | best AP50 acc: 0.8389 | best AP70 acc: 0.6491 | best mAP acc: 0.6024 | best mAR acc: 0.6849 | best Score: 0.6024 | best Score epoch: 11 
epoch 14, iter  551: loss: 0.0089 | load time: 0.0002 | back time: 2.0220 | lr: 0.00009314 | best AP50 acc: 0.8389 | best AP70 acc: 0.6491 | best mAP acc: 0.6024 | best mAR acc: 0.6849 | best Score: 0.6024 | best Score epoch: 11 
epoch 14, iter  601: loss: 0.0089 | load time: 0.0004 | back time: 2.0524 | lr: 0.00009307 | best AP50 acc: 0.8389 | best AP70 acc: 0.6491 | best mAP acc: 0.6024 | best mAR acc: 0.6849 | best Score: 0.6024 | best Score epoch: 11 
epoch 14, iter  651: loss: 0.0090 | load time: 0.0003 | back time: 2.0531 | lr: 0.00009300 | best AP50 acc: 0.8389 | best AP70 acc: 0.6491 | best mAP acc: 0.6024 | best mAR acc: 0.6849 | best Score: 0.6024 | best Score epoch: 11 
epoch 14, iter  701: loss: 0.0093 | load time: 0.0002 | back time: 2.0631 | lr: 0.00009293 | best AP50 acc: 0.8389 | best AP70 acc: 0.6491 | best mAP acc: 0.6024 | best mAR acc: 0.6849 | best Score: 0.6024 | best Score epoch: 11 
epoch 14, iter  751: loss: 0.0099 | load time: 0.0002 | back time: 2.0580 | lr: 0.00009286 | best AP50 acc: 0.8389 | best AP70 acc: 0.6491 | best mAP acc: 0.6024 | best mAR acc: 0.6849 | best Score: 0.6024 | best Score epoch: 11 
epoch 14, iter  801: loss: 0.0087 | load time: 0.0002 | back time: 2.0239 | lr: 0.00009279 | best AP50 acc: 0.8389 | best AP70 acc: 0.6491 | best mAP acc: 0.6024 | best mAR acc: 0.6849 | best Score: 0.6024 | best Score epoch: 11 
epoch 14, iter  851: loss: 0.0083 | load time: 0.0002 | back time: 2.0566 | lr: 0.00009272 | best AP50 acc: 0.8389 | best AP70 acc: 0.6491 | best mAP acc: 0.6024 | best mAR acc: 0.6849 | best Score: 0.6024 | best Score epoch: 11 
epoch 14, iter  901: loss: 0.0087 | load time: 0.0002 | back time: 2.0517 | lr: 0.00009265 | best AP50 acc: 0.8389 | best AP70 acc: 0.6491 | best mAP acc: 0.6024 | best mAR acc: 0.6849 | best Score: 0.6024 | best Score epoch: 11 
epoch 14, iter  951: loss: 0.0102 | load time: 0.0003 | back time: 2.0449 | lr: 0.00009258 | best AP50 acc: 0.8389 | best AP70 acc: 0.6491 | best mAP acc: 0.6024 | best mAR acc: 0.6849 | best Score: 0.6024 | best Score epoch: 11 
epoch 14, iter 1001: loss: 0.0093 | load time: 0.0005 | back time: 2.0541 | lr: 0.00009251 | best AP50 acc: 0.8389 | best AP70 acc: 0.6491 | best mAP acc: 0.6024 | best mAR acc: 0.6849 | best Score: 0.6024 | best Score epoch: 11 
epoch 14, iter 1051: loss: 0.0084 | load time: 0.0002 | back time: 2.0532 | lr: 0.00009244 | best AP50 acc: 0.8389 | best AP70 acc: 0.6491 | best mAP acc: 0.6024 | best mAR acc: 0.6849 | best Score: 0.6024 | best Score epoch: 11 
epoch 14, iter 1101: loss: 0.0093 | load time: 0.0003 | back time: 2.0572 | lr: 0.00009237 | best AP50 acc: 0.8389 | best AP70 acc: 0.6491 | best mAP acc: 0.6024 | best mAR acc: 0.6849 | best Score: 0.6024 | best Score epoch: 11 
epoch 14, iter 1151: loss: 0.0088 | load time: 0.0006 | back time: 2.0496 | lr: 0.00009230 | best AP50 acc: 0.8389 | best AP70 acc: 0.6491 | best mAP acc: 0.6024 | best mAR acc: 0.6849 | best Score: 0.6024 | best Score epoch: 11 
UAV_SEQS_2 | mAP50:90: 47.5299 | AP50: 83.8314 | AP70: 44.6470 
UAV_SEQS_37 | mAP50:90: 91.6115 | AP50: 100.0000 | AP70: 96.5780 
UAV_SEQS_45 | mAP50:90: 75.7013 | AP50: 97.0297 | AP70: 91.6684 
UAV_SEQS_47 | mAP50:90: 61.6192 | AP50: 97.6998 | AP70: 61.4405 
UAV_SEQS_55 | mAP50:90: 41.4946 | AP50: 78.5971 | AP70: 39.9009 
UAV_SEQS_59 | mAP50:90: 77.9503 | AP50: 98.7558 | AP70: 89.2013 
UAV_SEQS_6 | mAP50:90: 47.2403 | AP50: 87.8082 | AP70: 47.2619 
UAV_SEQS_63 | mAP50:90: 80.4386 | AP50: 100.0000 | AP70: 96.2608 
UAV_SEQS_65 | mAP50:90: 85.0373 | AP50: 96.8116 | AP70: 93.1588 
UAV_SEQS_7 | mAP50:90: 67.9893 | AP50: 96.0396 | AP70: 77.5943 
UAV_SEQS_71 | mAP50:90: 40.0336 | AP50: 73.0734 | AP70: 40.5581 
UAV_SEQS_73 | mAP50:90: 51.7730 | AP50: 72.0150 | AP70: 60.8060 
UAV_SEQS_74 | mAP50:90: 100.0000 | AP50: 100.0000 | AP70: 100.0000 
UAV_SEQS_77 | mAP50:90: 0.4400 | AP50: 0.9901 | AP70: 0.0000 
UAV_SEQS_8 | mAP50:90: 63.1158 | AP50: 93.5074 | AP70: 69.7251 
Overall            | mAP50:95: 62.8555 | AP50: 85.9753 | AP70: 68.9213 
epoch 15, iter    1: loss: 0.0083 | load time: 0.0065 | back time: 0.0901 | lr: 0.00009229 | best AP50 acc: 0.8598 | best AP70 acc: 0.6892 | best mAP acc: 0.6286 | best mAR acc: 0.7157 | best Score: 0.6286 | best Score epoch: 14 
epoch 15, iter   51: loss: 0.0091 | load time: 0.0003 | back time: 2.0541 | lr: 0.00009222 | best AP50 acc: 0.8598 | best AP70 acc: 0.6892 | best mAP acc: 0.6286 | best mAR acc: 0.7157 | best Score: 0.6286 | best Score epoch: 14 
epoch 15, iter  101: loss: 0.0089 | load time: 0.0002 | back time: 2.0248 | lr: 0.00009215 | best AP50 acc: 0.8598 | best AP70 acc: 0.6892 | best mAP acc: 0.6286 | best mAR acc: 0.7157 | best Score: 0.6286 | best Score epoch: 14 
epoch 15, iter  151: loss: 0.0086 | load time: 0.0001 | back time: 2.0596 | lr: 0.00009207 | best AP50 acc: 0.8598 | best AP70 acc: 0.6892 | best mAP acc: 0.6286 | best mAR acc: 0.7157 | best Score: 0.6286 | best Score epoch: 14 
epoch 15, iter  201: loss: 0.0090 | load time: 0.0002 | back time: 2.0614 | lr: 0.00009200 | best AP50 acc: 0.8598 | best AP70 acc: 0.6892 | best mAP acc: 0.6286 | best mAR acc: 0.7157 | best Score: 0.6286 | best Score epoch: 14 
epoch 15, iter  251: loss: 0.0083 | load time: 0.0002 | back time: 2.0284 | lr: 0.00009193 | best AP50 acc: 0.8598 | best AP70 acc: 0.6892 | best mAP acc: 0.6286 | best mAR acc: 0.7157 | best Score: 0.6286 | best Score epoch: 14 
epoch 15, iter  301: loss: 0.0083 | load time: 0.0004 | back time: 2.0574 | lr: 0.00009185 | best AP50 acc: 0.8598 | best AP70 acc: 0.6892 | best mAP acc: 0.6286 | best mAR acc: 0.7157 | best Score: 0.6286 | best Score epoch: 14 
epoch 15, iter  351: loss: 0.0085 | load time: 0.0003 | back time: 2.0576 | lr: 0.00009178 | best AP50 acc: 0.8598 | best AP70 acc: 0.6892 | best mAP acc: 0.6286 | best mAR acc: 0.7157 | best Score: 0.6286 | best Score epoch: 14 
epoch 15, iter  401: loss: 0.0083 | load time: 0.0002 | back time: 2.0565 | lr: 0.00009170 | best AP50 acc: 0.8598 | best AP70 acc: 0.6892 | best mAP acc: 0.6286 | best mAR acc: 0.7157 | best Score: 0.6286 | best Score epoch: 14 
epoch 15, iter  451: loss: 0.0081 | load time: 0.0002 | back time: 2.0574 | lr: 0.00009163 | best AP50 acc: 0.8598 | best AP70 acc: 0.6892 | best mAP acc: 0.6286 | best mAR acc: 0.7157 | best Score: 0.6286 | best Score epoch: 14 
epoch 15, iter  501: loss: 0.0085 | load time: 0.0002 | back time: 2.0593 | lr: 0.00009155 | best AP50 acc: 0.8598 | best AP70 acc: 0.6892 | best mAP acc: 0.6286 | best mAR acc: 0.7157 | best Score: 0.6286 | best Score epoch: 14 
epoch 15, iter  551: loss: 0.0086 | load time: 0.0002 | back time: 2.0558 | lr: 0.00009148 | best AP50 acc: 0.8598 | best AP70 acc: 0.6892 | best mAP acc: 0.6286 | best mAR acc: 0.7157 | best Score: 0.6286 | best Score epoch: 14 
epoch 15, iter  601: loss: 0.0090 | load time: 0.0002 | back time: 2.0622 | lr: 0.00009140 | best AP50 acc: 0.8598 | best AP70 acc: 0.6892 | best mAP acc: 0.6286 | best mAR acc: 0.7157 | best Score: 0.6286 | best Score epoch: 14 
epoch 15, iter  651: loss: 0.0085 | load time: 0.0004 | back time: 2.0574 | lr: 0.00009133 | best AP50 acc: 0.8598 | best AP70 acc: 0.6892 | best mAP acc: 0.6286 | best mAR acc: 0.7157 | best Score: 0.6286 | best Score epoch: 14 
epoch 15, iter  701: loss: 0.0093 | load time: 0.0003 | back time: 2.0587 | lr: 0.00009125 | best AP50 acc: 0.8598 | best AP70 acc: 0.6892 | best mAP acc: 0.6286 | best mAR acc: 0.7157 | best Score: 0.6286 | best Score epoch: 14 
epoch 15, iter  751: loss: 0.0086 | load time: 0.0002 | back time: 2.0528 | lr: 0.00009117 | best AP50 acc: 0.8598 | best AP70 acc: 0.6892 | best mAP acc: 0.6286 | best mAR acc: 0.7157 | best Score: 0.6286 | best Score epoch: 14 
epoch 15, iter  801: loss: 0.0088 | load time: 0.0002 | back time: 2.0391 | lr: 0.00009110 | best AP50 acc: 0.8598 | best AP70 acc: 0.6892 | best mAP acc: 0.6286 | best mAR acc: 0.7157 | best Score: 0.6286 | best Score epoch: 14 
epoch 15, iter  851: loss: 0.0093 | load time: 0.0003 | back time: 2.0681 | lr: 0.00009102 | best AP50 acc: 0.8598 | best AP70 acc: 0.6892 | best mAP acc: 0.6286 | best mAR acc: 0.7157 | best Score: 0.6286 | best Score epoch: 14 
epoch 15, iter  901: loss: 0.0088 | load time: 0.0003 | back time: 2.0629 | lr: 0.00009094 | best AP50 acc: 0.8598 | best AP70 acc: 0.6892 | best mAP acc: 0.6286 | best mAR acc: 0.7157 | best Score: 0.6286 | best Score epoch: 14 
epoch 15, iter  951: loss: 0.0090 | load time: 0.0003 | back time: 2.0395 | lr: 0.00009086 | best AP50 acc: 0.8598 | best AP70 acc: 0.6892 | best mAP acc: 0.6286 | best mAR acc: 0.7157 | best Score: 0.6286 | best Score epoch: 14 
epoch 15, iter 1001: loss: 0.0083 | load time: 0.0003 | back time: 2.0465 | lr: 0.00009078 | best AP50 acc: 0.8598 | best AP70 acc: 0.6892 | best mAP acc: 0.6286 | best mAR acc: 0.7157 | best Score: 0.6286 | best Score epoch: 14 
epoch 15, iter 1051: loss: 0.0092 | load time: 0.0004 | back time: 2.0587 | lr: 0.00009071 | best AP50 acc: 0.8598 | best AP70 acc: 0.6892 | best mAP acc: 0.6286 | best mAR acc: 0.7157 | best Score: 0.6286 | best Score epoch: 14 
epoch 15, iter 1101: loss: 0.0084 | load time: 0.0002 | back time: 2.0722 | lr: 0.00009063 | best AP50 acc: 0.8598 | best AP70 acc: 0.6892 | best mAP acc: 0.6286 | best mAR acc: 0.7157 | best Score: 0.6286 | best Score epoch: 14 
epoch 15, iter 1151: loss: 0.0080 | load time: 0.0002 | back time: 2.0422 | lr: 0.00009055 | best AP50 acc: 0.8598 | best AP70 acc: 0.6892 | best mAP acc: 0.6286 | best mAR acc: 0.7157 | best Score: 0.6286 | best Score epoch: 14 
UAV_SEQS_2 | mAP50:90: 38.0524 | AP50: 58.0261 | AP70: 38.0114 
UAV_SEQS_37 | mAP50:90: 91.5972 | AP50: 100.0000 | AP70: 96.4191 
UAV_SEQS_45 | mAP50:90: 73.0096 | AP50: 95.0495 | AP70: 89.7569 
UAV_SEQS_47 | mAP50:90: 73.4968 | AP50: 100.0000 | AP70: 82.9802 
UAV_SEQS_55 | mAP50:90: 41.1384 | AP50: 75.3582 | AP70: 39.5756 
UAV_SEQS_59 | mAP50:90: 65.7296 | AP50: 95.2829 | AP70: 69.6282 
UAV_SEQS_6 | mAP50:90: 54.7722 | AP50: 92.3074 | AP70: 60.6862 
UAV_SEQS_63 | mAP50:90: 77.9007 | AP50: 98.0198 | AP70: 89.7684 
UAV_SEQS_65 | mAP50:90: 87.0568 | AP50: 97.8449 | AP70: 95.1643 
UAV_SEQS_7 | mAP50:90: 76.4379 | AP50: 95.0495 | AP70: 94.9945 
UAV_SEQS_71 | mAP50:90: 36.0627 | AP50: 68.1006 | AP70: 36.2751 
UAV_SEQS_73 | mAP50:90: 46.6132 | AP50: 74.0057 | AP70: 47.9247 
UAV_SEQS_74 | mAP50:90: 99.8777 | AP50: 100.0000 | AP70: 100.0000 
UAV_SEQS_77 | mAP50:90: 0.5904 | AP50: 2.1617 | AP70: 0.0000 
UAV_SEQS_8 | mAP50:90: 17.6853 | AP50: 50.8575 | AP70: 14.8974 
Overall            | mAP50:95: 59.2044 | AP50: 82.1334 | AP70: 65.5428 
epoch 16, iter    1: loss: 0.0087 | load time: 0.0058 | back time: 0.0848 | lr: 0.00009054 | best AP50 acc: 0.8598 | best AP70 acc: 0.6892 | best mAP acc: 0.6286 | best mAR acc: 0.7157 | best Score: 0.6286 | best Score epoch: 14 
epoch 16, iter   51: loss: 0.0082 | load time: 0.0002 | back time: 2.0543 | lr: 0.00009047 | best AP50 acc: 0.8598 | best AP70 acc: 0.6892 | best mAP acc: 0.6286 | best mAR acc: 0.7157 | best Score: 0.6286 | best Score epoch: 14 
epoch 16, iter  101: loss: 0.0080 | load time: 0.0002 | back time: 2.0019 | lr: 0.00009039 | best AP50 acc: 0.8598 | best AP70 acc: 0.6892 | best mAP acc: 0.6286 | best mAR acc: 0.7157 | best Score: 0.6286 | best Score epoch: 14 
epoch 16, iter  151: loss: 0.0078 | load time: 0.0002 | back time: 1.9766 | lr: 0.00009031 | best AP50 acc: 0.8598 | best AP70 acc: 0.6892 | best mAP acc: 0.6286 | best mAR acc: 0.7157 | best Score: 0.6286 | best Score epoch: 14 
epoch 16, iter  201: loss: 0.0086 | load time: 0.0003 | back time: 1.8749 | lr: 0.00009022 | best AP50 acc: 0.8598 | best AP70 acc: 0.6892 | best mAP acc: 0.6286 | best mAR acc: 0.7157 | best Score: 0.6286 | best Score epoch: 14 
epoch 16, iter  251: loss: 0.0085 | load time: 0.0002 | back time: 1.9509 | lr: 0.00009014 | best AP50 acc: 0.8598 | best AP70 acc: 0.6892 | best mAP acc: 0.6286 | best mAR acc: 0.7157 | best Score: 0.6286 | best Score epoch: 14 
epoch 16, iter  301: loss: 0.0083 | load time: 0.0002 | back time: 1.9481 | lr: 0.00009006 | best AP50 acc: 0.8598 | best AP70 acc: 0.6892 | best mAP acc: 0.6286 | best mAR acc: 0.7157 | best Score: 0.6286 | best Score epoch: 14 
epoch 16, iter  351: loss: 0.0083 | load time: 0.0003 | back time: 1.9331 | lr: 0.00008998 | best AP50 acc: 0.8598 | best AP70 acc: 0.6892 | best mAP acc: 0.6286 | best mAR acc: 0.7157 | best Score: 0.6286 | best Score epoch: 14 
epoch 16, iter  401: loss: 0.0088 | load time: 0.0002 | back time: 1.9354 | lr: 0.00008990 | best AP50 acc: 0.8598 | best AP70 acc: 0.6892 | best mAP acc: 0.6286 | best mAR acc: 0.7157 | best Score: 0.6286 | best Score epoch: 14 
epoch 16, iter  451: loss: 0.0082 | load time: 0.0002 | back time: 1.9307 | lr: 0.00008982 | best AP50 acc: 0.8598 | best AP70 acc: 0.6892 | best mAP acc: 0.6286 | best mAR acc: 0.7157 | best Score: 0.6286 | best Score epoch: 14 
epoch 16, iter  501: loss: 0.0086 | load time: 0.0003 | back time: 1.9892 | lr: 0.00008974 | best AP50 acc: 0.8598 | best AP70 acc: 0.6892 | best mAP acc: 0.6286 | best mAR acc: 0.7157 | best Score: 0.6286 | best Score epoch: 14 
epoch 16, iter  551: loss: 0.0091 | load time: 0.0002 | back time: 1.9476 | lr: 0.00008965 | best AP50 acc: 0.8598 | best AP70 acc: 0.6892 | best mAP acc: 0.6286 | best mAR acc: 0.7157 | best Score: 0.6286 | best Score epoch: 14 
epoch 16, iter  601: loss: 0.0088 | load time: 0.0002 | back time: 1.9487 | lr: 0.00008957 | best AP50 acc: 0.8598 | best AP70 acc: 0.6892 | best mAP acc: 0.6286 | best mAR acc: 0.7157 | best Score: 0.6286 | best Score epoch: 14 
epoch 16, iter  651: loss: 0.0090 | load time: 0.0003 | back time: 1.9467 | lr: 0.00008949 | best AP50 acc: 0.8598 | best AP70 acc: 0.6892 | best mAP acc: 0.6286 | best mAR acc: 0.7157 | best Score: 0.6286 | best Score epoch: 14 
epoch 16, iter  701: loss: 0.0090 | load time: 0.0002 | back time: 1.9598 | lr: 0.00008940 | best AP50 acc: 0.8598 | best AP70 acc: 0.6892 | best mAP acc: 0.6286 | best mAR acc: 0.7157 | best Score: 0.6286 | best Score epoch: 14 
epoch 16, iter  751: loss: 0.0085 | load time: 0.0002 | back time: 1.9496 | lr: 0.00008932 | best AP50 acc: 0.8598 | best AP70 acc: 0.6892 | best mAP acc: 0.6286 | best mAR acc: 0.7157 | best Score: 0.6286 | best Score epoch: 14 
epoch 16, iter  801: loss: 0.0083 | load time: 0.0003 | back time: 1.9523 | lr: 0.00008924 | best AP50 acc: 0.8598 | best AP70 acc: 0.6892 | best mAP acc: 0.6286 | best mAR acc: 0.7157 | best Score: 0.6286 | best Score epoch: 14 
epoch 16, iter  851: loss: 0.0088 | load time: 0.0002 | back time: 1.9576 | lr: 0.00008915 | best AP50 acc: 0.8598 | best AP70 acc: 0.6892 | best mAP acc: 0.6286 | best mAR acc: 0.7157 | best Score: 0.6286 | best Score epoch: 14 
epoch 16, iter  901: loss: 0.0087 | load time: 0.0003 | back time: 1.9597 | lr: 0.00008907 | best AP50 acc: 0.8598 | best AP70 acc: 0.6892 | best mAP acc: 0.6286 | best mAR acc: 0.7157 | best Score: 0.6286 | best Score epoch: 14 
epoch 16, iter  951: loss: 0.0079 | load time: 0.0002 | back time: 1.9540 | lr: 0.00008898 | best AP50 acc: 0.8598 | best AP70 acc: 0.6892 | best mAP acc: 0.6286 | best mAR acc: 0.7157 | best Score: 0.6286 | best Score epoch: 14 
epoch 16, iter 1001: loss: 0.0087 | load time: 0.0003 | back time: 1.9551 | lr: 0.00008890 | best AP50 acc: 0.8598 | best AP70 acc: 0.6892 | best mAP acc: 0.6286 | best mAR acc: 0.7157 | best Score: 0.6286 | best Score epoch: 14 
epoch 16, iter 1051: loss: 0.0082 | load time: 0.0003 | back time: 1.9726 | lr: 0.00008881 | best AP50 acc: 0.8598 | best AP70 acc: 0.6892 | best mAP acc: 0.6286 | best mAR acc: 0.7157 | best Score: 0.6286 | best Score epoch: 14 
epoch 16, iter 1101: loss: 0.0086 | load time: 0.0004 | back time: 1.9602 | lr: 0.00008873 | best AP50 acc: 0.8598 | best AP70 acc: 0.6892 | best mAP acc: 0.6286 | best mAR acc: 0.7157 | best Score: 0.6286 | best Score epoch: 14 
epoch 16, iter 1151: loss: 0.0086 | load time: 0.0002 | back time: 1.9604 | lr: 0.00008864 | best AP50 acc: 0.8598 | best AP70 acc: 0.6892 | best mAP acc: 0.6286 | best mAR acc: 0.7157 | best Score: 0.6286 | best Score epoch: 14 
UAV_SEQS_2 | mAP50:90: 31.0472 | AP50: 49.9737 | AP70: 30.8737 
UAV_SEQS_37 | mAP50:90: 82.5918 | AP50: 100.0000 | AP70: 91.0209 
UAV_SEQS_45 | mAP50:90: 85.8141 | AP50: 95.0495 | AP70: 93.6241 
UAV_SEQS_47 | mAP50:90: 81.7655 | AP50: 100.0000 | AP70: 96.0575 
UAV_SEQS_55 | mAP50:90: 54.4754 | AP50: 80.7712 | AP70: 57.8000 
UAV_SEQS_59 | mAP50:90: 75.9602 | AP50: 97.4170 | AP70: 89.4110 
UAV_SEQS_6 | mAP50:90: 33.2792 | AP50: 67.3050 | AP70: 31.4565 
UAV_SEQS_63 | mAP50:90: 82.3094 | AP50: 100.0000 | AP70: 94.2227 
UAV_SEQS_65 | mAP50:90: 88.9841 | AP50: 97.3537 | AP70: 95.9701 
UAV_SEQS_7 | mAP50:90: 58.8438 | AP50: 96.0396 | AP70: 75.7129 
UAV_SEQS_71 | mAP50:90: 38.7168 | AP50: 72.1641 | AP70: 37.2791 
UAV_SEQS_73 | mAP50:90: 61.0438 | AP50: 79.9625 | AP70: 68.8110 
UAV_SEQS_74 | mAP50:90: 98.6066 | AP50: 100.0000 | AP70: 100.0000 
UAV_SEQS_77 | mAP50:90: 0.0000 | AP50: 0.0000 | AP70: 0.0000 
UAV_SEQS_8 | mAP50:90: 12.6634 | AP50: 46.8654 | AP70: 7.4050 
Overall            | mAP50:95: 59.8043 | AP50: 80.5423 | AP70: 67.0790 
epoch 17, iter    1: loss: 0.0094 | load time: 0.0080 | back time: 0.0849 | lr: 0.00008864 | best AP50 acc: 0.8598 | best AP70 acc: 0.6892 | best mAP acc: 0.6286 | best mAR acc: 0.7157 | best Score: 0.6286 | best Score epoch: 14 
epoch 17, iter   51: loss: 0.0085 | load time: 0.0003 | back time: 1.9694 | lr: 0.00008855 | best AP50 acc: 0.8598 | best AP70 acc: 0.6892 | best mAP acc: 0.6286 | best mAR acc: 0.7157 | best Score: 0.6286 | best Score epoch: 14 
epoch 17, iter  101: loss: 0.0083 | load time: 0.0003 | back time: 1.9681 | lr: 0.00008847 | best AP50 acc: 0.8598 | best AP70 acc: 0.6892 | best mAP acc: 0.6286 | best mAR acc: 0.7157 | best Score: 0.6286 | best Score epoch: 14 
epoch 17, iter  151: loss: 0.0091 | load time: 0.0003 | back time: 1.9758 | lr: 0.00008838 | best AP50 acc: 0.8598 | best AP70 acc: 0.6892 | best mAP acc: 0.6286 | best mAR acc: 0.7157 | best Score: 0.6286 | best Score epoch: 14 
epoch 17, iter  201: loss: 0.0091 | load time: 0.0002 | back time: 1.9749 | lr: 0.00008829 | best AP50 acc: 0.8598 | best AP70 acc: 0.6892 | best mAP acc: 0.6286 | best mAR acc: 0.7157 | best Score: 0.6286 | best Score epoch: 14 
epoch 17, iter  251: loss: 0.0084 | load time: 0.0004 | back time: 1.9761 | lr: 0.00008820 | best AP50 acc: 0.8598 | best AP70 acc: 0.6892 | best mAP acc: 0.6286 | best mAR acc: 0.7157 | best Score: 0.6286 | best Score epoch: 14 
epoch 17, iter  301: loss: 0.0087 | load time: 0.0003 | back time: 1.9664 | lr: 0.00008812 | best AP50 acc: 0.8598 | best AP70 acc: 0.6892 | best mAP acc: 0.6286 | best mAR acc: 0.7157 | best Score: 0.6286 | best Score epoch: 14 
epoch 17, iter  351: loss: 0.0088 | load time: 0.0002 | back time: 1.9866 | lr: 0.00008803 | best AP50 acc: 0.8598 | best AP70 acc: 0.6892 | best mAP acc: 0.6286 | best mAR acc: 0.7157 | best Score: 0.6286 | best Score epoch: 14 
epoch 17, iter  401: loss: 0.0083 | load time: 0.0003 | back time: 1.9754 | lr: 0.00008794 | best AP50 acc: 0.8598 | best AP70 acc: 0.6892 | best mAP acc: 0.6286 | best mAR acc: 0.7157 | best Score: 0.6286 | best Score epoch: 14 
epoch 17, iter  451: loss: 0.0084 | load time: 0.0003 | back time: 1.9798 | lr: 0.00008785 | best AP50 acc: 0.8598 | best AP70 acc: 0.6892 | best mAP acc: 0.6286 | best mAR acc: 0.7157 | best Score: 0.6286 | best Score epoch: 14 
epoch 17, iter  501: loss: 0.0085 | load time: 0.0003 | back time: 1.9793 | lr: 0.00008776 | best AP50 acc: 0.8598 | best AP70 acc: 0.6892 | best mAP acc: 0.6286 | best mAR acc: 0.7157 | best Score: 0.6286 | best Score epoch: 14 
epoch 17, iter  551: loss: 0.0082 | load time: 0.0003 | back time: 1.9773 | lr: 0.00008768 | best AP50 acc: 0.8598 | best AP70 acc: 0.6892 | best mAP acc: 0.6286 | best mAR acc: 0.7157 | best Score: 0.6286 | best Score epoch: 14 
epoch 17, iter  601: loss: 0.0087 | load time: 0.0002 | back time: 1.9796 | lr: 0.00008759 | best AP50 acc: 0.8598 | best AP70 acc: 0.6892 | best mAP acc: 0.6286 | best mAR acc: 0.7157 | best Score: 0.6286 | best Score epoch: 14 
epoch 17, iter  651: loss: 0.0080 | load time: 0.0002 | back time: 1.9933 | lr: 0.00008750 | best AP50 acc: 0.8598 | best AP70 acc: 0.6892 | best mAP acc: 0.6286 | best mAR acc: 0.7157 | best Score: 0.6286 | best Score epoch: 14 
epoch 17, iter  701: loss: 0.0083 | load time: 0.0003 | back time: 1.9697 | lr: 0.00008741 | best AP50 acc: 0.8598 | best AP70 acc: 0.6892 | best mAP acc: 0.6286 | best mAR acc: 0.7157 | best Score: 0.6286 | best Score epoch: 14 
epoch 17, iter  751: loss: 0.0081 | load time: 0.0002 | back time: 1.9965 | lr: 0.00008732 | best AP50 acc: 0.8598 | best AP70 acc: 0.6892 | best mAP acc: 0.6286 | best mAR acc: 0.7157 | best Score: 0.6286 | best Score epoch: 14 
epoch 17, iter  801: loss: 0.0086 | load time: 0.0004 | back time: 1.9737 | lr: 0.00008723 | best AP50 acc: 0.8598 | best AP70 acc: 0.6892 | best mAP acc: 0.6286 | best mAR acc: 0.7157 | best Score: 0.6286 | best Score epoch: 14 
epoch 17, iter  851: loss: 0.0084 | load time: 0.0002 | back time: 1.9757 | lr: 0.00008714 | best AP50 acc: 0.8598 | best AP70 acc: 0.6892 | best mAP acc: 0.6286 | best mAR acc: 0.7157 | best Score: 0.6286 | best Score epoch: 14 
epoch 17, iter  901: loss: 0.0083 | load time: 0.0003 | back time: 1.9739 | lr: 0.00008704 | best AP50 acc: 0.8598 | best AP70 acc: 0.6892 | best mAP acc: 0.6286 | best mAR acc: 0.7157 | best Score: 0.6286 | best Score epoch: 14 
epoch 17, iter  951: loss: 0.0088 | load time: 0.0002 | back time: 1.9788 | lr: 0.00008695 | best AP50 acc: 0.8598 | best AP70 acc: 0.6892 | best mAP acc: 0.6286 | best mAR acc: 0.7157 | best Score: 0.6286 | best Score epoch: 14 
epoch 17, iter 1001: loss: 0.0088 | load time: 0.0008 | back time: 1.9720 | lr: 0.00008686 | best AP50 acc: 0.8598 | best AP70 acc: 0.6892 | best mAP acc: 0.6286 | best mAR acc: 0.7157 | best Score: 0.6286 | best Score epoch: 14 
epoch 17, iter 1051: loss: 0.0088 | load time: 0.0002 | back time: 1.9774 | lr: 0.00008677 | best AP50 acc: 0.8598 | best AP70 acc: 0.6892 | best mAP acc: 0.6286 | best mAR acc: 0.7157 | best Score: 0.6286 | best Score epoch: 14 
epoch 17, iter 1101: loss: 0.0094 | load time: 0.0004 | back time: 1.9804 | lr: 0.00008668 | best AP50 acc: 0.8598 | best AP70 acc: 0.6892 | best mAP acc: 0.6286 | best mAR acc: 0.7157 | best Score: 0.6286 | best Score epoch: 14 
epoch 17, iter 1151: loss: 0.0086 | load time: 0.0006 | back time: 1.9526 | lr: 0.00008659 | best AP50 acc: 0.8598 | best AP70 acc: 0.6892 | best mAP acc: 0.6286 | best mAR acc: 0.7157 | best Score: 0.6286 | best Score epoch: 14 
UAV_SEQS_2 | mAP50:90: 42.6993 | AP50: 60.4377 | AP70: 44.0034 
UAV_SEQS_37 | mAP50:90: 87.4572 | AP50: 100.0000 | AP70: 93.3913 
UAV_SEQS_45 | mAP50:90: 78.0063 | AP50: 95.0495 | AP70: 90.8120 
UAV_SEQS_47 | mAP50:90: 89.9782 | AP50: 100.0000 | AP70: 99.0033 
UAV_SEQS_55 | mAP50:90: 45.7040 | AP50: 74.5845 | AP70: 47.5774 
UAV_SEQS_59 | mAP50:90: 74.0589 | AP50: 97.5865 | AP70: 85.7744 
UAV_SEQS_6 | mAP50:90: 23.7856 | AP50: 48.0533 | AP70: 21.7593 
UAV_SEQS_63 | mAP50:90: 76.6700 | AP50: 100.0000 | AP70: 82.0377 
UAV_SEQS_65 | mAP50:90: 88.9115 | AP50: 97.4455 | AP70: 94.5718 
UAV_SEQS_7 | mAP50:90: 81.6720 | AP50: 97.0229 | AP70: 97.0229 
UAV_SEQS_71 | mAP50:90: 44.9149 | AP50: 72.3789 | AP70: 46.6503 
UAV_SEQS_73 | mAP50:90: 61.1309 | AP50: 82.8970 | AP70: 64.9993 
UAV_SEQS_74 | mAP50:90: 99.7439 | AP50: 100.0000 | AP70: 100.0000 
UAV_SEQS_77 | mAP50:90: 0.0000 | AP50: 0.0000 | AP70: 0.0000 
UAV_SEQS_8 | mAP50:90: 35.3661 | AP50: 66.9353 | AP70: 31.1268 
Overall            | mAP50:95: 63.8566 | AP50: 81.6474 | AP70: 69.7053 
epoch 18, iter    1: loss: 0.0082 | load time: 0.0070 | back time: 0.0839 | lr: 0.00008658 | best AP50 acc: 0.8165 | best AP70 acc: 0.6971 | best mAP acc: 0.6386 | best mAR acc: 0.7042 | best Score: 0.6386 | best Score epoch: 17 
epoch 18, iter   51: loss: 0.0083 | load time: 0.0002 | back time: 1.9748 | lr: 0.00008649 | best AP50 acc: 0.8165 | best AP70 acc: 0.6971 | best mAP acc: 0.6386 | best mAR acc: 0.7042 | best Score: 0.6386 | best Score epoch: 17 
epoch 18, iter  101: loss: 0.0079 | load time: 0.0002 | back time: 1.9929 | lr: 0.00008640 | best AP50 acc: 0.8165 | best AP70 acc: 0.6971 | best mAP acc: 0.6386 | best mAR acc: 0.7042 | best Score: 0.6386 | best Score epoch: 17 
epoch 18, iter  151: loss: 0.0086 | load time: 0.0003 | back time: 1.9822 | lr: 0.00008630 | best AP50 acc: 0.8165 | best AP70 acc: 0.6971 | best mAP acc: 0.6386 | best mAR acc: 0.7042 | best Score: 0.6386 | best Score epoch: 17 
epoch 18, iter  201: loss: 0.0084 | load time: 0.0003 | back time: 1.9954 | lr: 0.00008621 | best AP50 acc: 0.8165 | best AP70 acc: 0.6971 | best mAP acc: 0.6386 | best mAR acc: 0.7042 | best Score: 0.6386 | best Score epoch: 17 
epoch 18, iter  251: loss: 0.0092 | load time: 0.0004 | back time: 1.9873 | lr: 0.00008612 | best AP50 acc: 0.8165 | best AP70 acc: 0.6971 | best mAP acc: 0.6386 | best mAR acc: 0.7042 | best Score: 0.6386 | best Score epoch: 17 
epoch 18, iter  301: loss: 0.0081 | load time: 0.0004 | back time: 1.9812 | lr: 0.00008602 | best AP50 acc: 0.8165 | best AP70 acc: 0.6971 | best mAP acc: 0.6386 | best mAR acc: 0.7042 | best Score: 0.6386 | best Score epoch: 17 
epoch 18, iter  351: loss: 0.0085 | load time: 0.0002 | back time: 1.8913 | lr: 0.00008593 | best AP50 acc: 0.8165 | best AP70 acc: 0.6971 | best mAP acc: 0.6386 | best mAR acc: 0.7042 | best Score: 0.6386 | best Score epoch: 17 
epoch 18, iter  401: loss: 0.0084 | load time: 0.0003 | back time: 1.9022 | lr: 0.00008583 | best AP50 acc: 0.8165 | best AP70 acc: 0.6971 | best mAP acc: 0.6386 | best mAR acc: 0.7042 | best Score: 0.6386 | best Score epoch: 17 
epoch 18, iter  451: loss: 0.0085 | load time: 0.0003 | back time: 1.9266 | lr: 0.00008574 | best AP50 acc: 0.8165 | best AP70 acc: 0.6971 | best mAP acc: 0.6386 | best mAR acc: 0.7042 | best Score: 0.6386 | best Score epoch: 17 
epoch 18, iter  501: loss: 0.0082 | load time: 0.0002 | back time: 1.9575 | lr: 0.00008564 | best AP50 acc: 0.8165 | best AP70 acc: 0.6971 | best mAP acc: 0.6386 | best mAR acc: 0.7042 | best Score: 0.6386 | best Score epoch: 17 
epoch 18, iter  551: loss: 0.0082 | load time: 0.0003 | back time: 1.9370 | lr: 0.00008555 | best AP50 acc: 0.8165 | best AP70 acc: 0.6971 | best mAP acc: 0.6386 | best mAR acc: 0.7042 | best Score: 0.6386 | best Score epoch: 17 
epoch 18, iter  601: loss: 0.0084 | load time: 0.0002 | back time: 1.8864 | lr: 0.00008545 | best AP50 acc: 0.8165 | best AP70 acc: 0.6971 | best mAP acc: 0.6386 | best mAR acc: 0.7042 | best Score: 0.6386 | best Score epoch: 17 
epoch 18, iter  651: loss: 0.0083 | load time: 0.0003 | back time: 1.9631 | lr: 0.00008536 | best AP50 acc: 0.8165 | best AP70 acc: 0.6971 | best mAP acc: 0.6386 | best mAR acc: 0.7042 | best Score: 0.6386 | best Score epoch: 17 
epoch 18, iter  701: loss: 0.0082 | load time: 0.0003 | back time: 1.9553 | lr: 0.00008526 | best AP50 acc: 0.8165 | best AP70 acc: 0.6971 | best mAP acc: 0.6386 | best mAR acc: 0.7042 | best Score: 0.6386 | best Score epoch: 17 
epoch 18, iter  751: loss: 0.0079 | load time: 0.0003 | back time: 1.9671 | lr: 0.00008517 | best AP50 acc: 0.8165 | best AP70 acc: 0.6971 | best mAP acc: 0.6386 | best mAR acc: 0.7042 | best Score: 0.6386 | best Score epoch: 17 
epoch 18, iter  801: loss: 0.0086 | load time: 0.0003 | back time: 1.9788 | lr: 0.00008507 | best AP50 acc: 0.8165 | best AP70 acc: 0.6971 | best mAP acc: 0.6386 | best mAR acc: 0.7042 | best Score: 0.6386 | best Score epoch: 17 
epoch 18, iter  851: loss: 0.0087 | load time: 0.0003 | back time: 1.9729 | lr: 0.00008497 | best AP50 acc: 0.8165 | best AP70 acc: 0.6971 | best mAP acc: 0.6386 | best mAR acc: 0.7042 | best Score: 0.6386 | best Score epoch: 17 
epoch 18, iter  901: loss: 0.0081 | load time: 0.0002 | back time: 1.9686 | lr: 0.00008488 | best AP50 acc: 0.8165 | best AP70 acc: 0.6971 | best mAP acc: 0.6386 | best mAR acc: 0.7042 | best Score: 0.6386 | best Score epoch: 17 
epoch 18, iter  951: loss: 0.0084 | load time: 0.0005 | back time: 1.9684 | lr: 0.00008478 | best AP50 acc: 0.8165 | best AP70 acc: 0.6971 | best mAP acc: 0.6386 | best mAR acc: 0.7042 | best Score: 0.6386 | best Score epoch: 17 
epoch 18, iter 1001: loss: 0.0087 | load time: 0.0003 | back time: 1.9647 | lr: 0.00008468 | best AP50 acc: 0.8165 | best AP70 acc: 0.6971 | best mAP acc: 0.6386 | best mAR acc: 0.7042 | best Score: 0.6386 | best Score epoch: 17 
epoch 18, iter 1051: loss: 0.0083 | load time: 0.0002 | back time: 1.9909 | lr: 0.00008458 | best AP50 acc: 0.8165 | best AP70 acc: 0.6971 | best mAP acc: 0.6386 | best mAR acc: 0.7042 | best Score: 0.6386 | best Score epoch: 17 
epoch 18, iter 1101: loss: 0.0083 | load time: 0.0002 | back time: 1.8905 | lr: 0.00008449 | best AP50 acc: 0.8165 | best AP70 acc: 0.6971 | best mAP acc: 0.6386 | best mAR acc: 0.7042 | best Score: 0.6386 | best Score epoch: 17 
epoch 18, iter 1151: loss: 0.0081 | load time: 0.0002 | back time: 1.9685 | lr: 0.00008439 | best AP50 acc: 0.8165 | best AP70 acc: 0.6971 | best mAP acc: 0.6386 | best mAR acc: 0.7042 | best Score: 0.6386 | best Score epoch: 17 
UAV_SEQS_2 | mAP50:90: 39.7772 | AP50: 60.0160 | AP70: 35.1785 
UAV_SEQS_37 | mAP50:90: 72.3356 | AP50: 93.9415 | AP70: 79.8607 
UAV_SEQS_45 | mAP50:90: 87.4898 | AP50: 97.0297 | AP70: 97.0297 
UAV_SEQS_47 | mAP50:90: 88.7800 | AP50: 100.0000 | AP70: 95.6144 
UAV_SEQS_55 | mAP50:90: 46.6571 | AP50: 72.8713 | AP70: 48.9416 
UAV_SEQS_59 | mAP50:90: 76.2903 | AP50: 94.3964 | AP70: 86.4872 
UAV_SEQS_6 | mAP50:90: 45.7141 | AP50: 83.9113 | AP70: 48.7995 
UAV_SEQS_63 | mAP50:90: 90.5933 | AP50: 100.0000 | AP70: 100.0000 
UAV_SEQS_65 | mAP50:90: 87.4802 | AP50: 97.8453 | AP70: 93.8522 
UAV_SEQS_7 | mAP50:90: 79.5019 | AP50: 96.0396 | AP70: 96.0396 
UAV_SEQS_71 | mAP50:90: 29.8895 | AP50: 63.8519 | AP70: 26.4137 
UAV_SEQS_73 | mAP50:90: 53.3131 | AP50: 76.8127 | AP70: 63.8588 
UAV_SEQS_74 | mAP50:90: 100.0000 | AP50: 100.0000 | AP70: 100.0000 
UAV_SEQS_77 | mAP50:90: 0.0000 | AP50: 0.0000 | AP70: 0.0000 
UAV_SEQS_8 | mAP50:90: 13.5200 | AP50: 34.4433 | AP70: 10.8224 
Overall            | mAP50:95: 61.5866 | AP50: 79.0081 | AP70: 67.2591 
epoch 19, iter    1: loss: 0.0084 | load time: 0.0062 | back time: 0.0968 | lr: 0.00008438 | best AP50 acc: 0.8165 | best AP70 acc: 0.6971 | best mAP acc: 0.6386 | best mAR acc: 0.7042 | best Score: 0.6386 | best Score epoch: 17 
epoch 19, iter   51: loss: 0.0082 | load time: 0.0003 | back time: 1.9622 | lr: 0.00008428 | best AP50 acc: 0.8165 | best AP70 acc: 0.6971 | best mAP acc: 0.6386 | best mAR acc: 0.7042 | best Score: 0.6386 | best Score epoch: 17 
epoch 19, iter  101: loss: 0.0086 | load time: 0.0003 | back time: 1.9736 | lr: 0.00008419 | best AP50 acc: 0.8165 | best AP70 acc: 0.6971 | best mAP acc: 0.6386 | best mAR acc: 0.7042 | best Score: 0.6386 | best Score epoch: 17 
epoch 19, iter  151: loss: 0.0084 | load time: 0.0003 | back time: 1.9758 | lr: 0.00008409 | best AP50 acc: 0.8165 | best AP70 acc: 0.6971 | best mAP acc: 0.6386 | best mAR acc: 0.7042 | best Score: 0.6386 | best Score epoch: 17 
epoch 19, iter  201: loss: 0.0082 | load time: 0.0002 | back time: 1.9697 | lr: 0.00008399 | best AP50 acc: 0.8165 | best AP70 acc: 0.6971 | best mAP acc: 0.6386 | best mAR acc: 0.7042 | best Score: 0.6386 | best Score epoch: 17 
epoch 19, iter  251: loss: 0.0086 | load time: 0.0002 | back time: 1.9724 | lr: 0.00008389 | best AP50 acc: 0.8165 | best AP70 acc: 0.6971 | best mAP acc: 0.6386 | best mAR acc: 0.7042 | best Score: 0.6386 | best Score epoch: 17 
epoch 19, iter  301: loss: 0.0084 | load time: 0.0003 | back time: 1.9733 | lr: 0.00008379 | best AP50 acc: 0.8165 | best AP70 acc: 0.6971 | best mAP acc: 0.6386 | best mAR acc: 0.7042 | best Score: 0.6386 | best Score epoch: 17 
epoch 19, iter  351: loss: 0.0087 | load time: 0.0004 | back time: 1.9982 | lr: 0.00008369 | best AP50 acc: 0.8165 | best AP70 acc: 0.6971 | best mAP acc: 0.6386 | best mAR acc: 0.7042 | best Score: 0.6386 | best Score epoch: 17 
epoch 19, iter  401: loss: 0.0083 | load time: 0.0003 | back time: 1.9742 | lr: 0.00008359 | best AP50 acc: 0.8165 | best AP70 acc: 0.6971 | best mAP acc: 0.6386 | best mAR acc: 0.7042 | best Score: 0.6386 | best Score epoch: 17 
epoch 19, iter  451: loss: 0.0083 | load time: 0.0003 | back time: 1.9870 | lr: 0.00008349 | best AP50 acc: 0.8165 | best AP70 acc: 0.6971 | best mAP acc: 0.6386 | best mAR acc: 0.7042 | best Score: 0.6386 | best Score epoch: 17 
epoch 19, iter  501: loss: 0.0082 | load time: 0.0004 | back time: 1.9752 | lr: 0.00008339 | best AP50 acc: 0.8165 | best AP70 acc: 0.6971 | best mAP acc: 0.6386 | best mAR acc: 0.7042 | best Score: 0.6386 | best Score epoch: 17 
epoch 19, iter  551: loss: 0.0083 | load time: 0.0002 | back time: 1.8811 | lr: 0.00008329 | best AP50 acc: 0.8165 | best AP70 acc: 0.6971 | best mAP acc: 0.6386 | best mAR acc: 0.7042 | best Score: 0.6386 | best Score epoch: 17 
epoch 19, iter  601: loss: 0.0079 | load time: 0.0002 | back time: 1.8818 | lr: 0.00008318 | best AP50 acc: 0.8165 | best AP70 acc: 0.6971 | best mAP acc: 0.6386 | best mAR acc: 0.7042 | best Score: 0.6386 | best Score epoch: 17 
epoch 19, iter  651: loss: 0.0088 | load time: 0.0002 | back time: 1.9512 | lr: 0.00008308 | best AP50 acc: 0.8165 | best AP70 acc: 0.6971 | best mAP acc: 0.6386 | best mAR acc: 0.7042 | best Score: 0.6386 | best Score epoch: 17 
epoch 19, iter  701: loss: 0.0085 | load time: 0.0004 | back time: 1.9528 | lr: 0.00008298 | best AP50 acc: 0.8165 | best AP70 acc: 0.6971 | best mAP acc: 0.6386 | best mAR acc: 0.7042 | best Score: 0.6386 | best Score epoch: 17 
epoch 19, iter  751: loss: 0.0081 | load time: 0.0003 | back time: 1.9065 | lr: 0.00008288 | best AP50 acc: 0.8165 | best AP70 acc: 0.6971 | best mAP acc: 0.6386 | best mAR acc: 0.7042 | best Score: 0.6386 | best Score epoch: 17 
epoch 19, iter  801: loss: 0.0083 | load time: 0.0002 | back time: 1.9824 | lr: 0.00008278 | best AP50 acc: 0.8165 | best AP70 acc: 0.6971 | best mAP acc: 0.6386 | best mAR acc: 0.7042 | best Score: 0.6386 | best Score epoch: 17 
epoch 19, iter  851: loss: 0.0082 | load time: 0.0004 | back time: 1.9774 | lr: 0.00008267 | best AP50 acc: 0.8165 | best AP70 acc: 0.6971 | best mAP acc: 0.6386 | best mAR acc: 0.7042 | best Score: 0.6386 | best Score epoch: 17 
epoch 19, iter  901: loss: 0.0085 | load time: 0.0002 | back time: 1.9539 | lr: 0.00008257 | best AP50 acc: 0.8165 | best AP70 acc: 0.6971 | best mAP acc: 0.6386 | best mAR acc: 0.7042 | best Score: 0.6386 | best Score epoch: 17 
epoch 19, iter  951: loss: 0.0083 | load time: 0.0003 | back time: 1.9662 | lr: 0.00008247 | best AP50 acc: 0.8165 | best AP70 acc: 0.6971 | best mAP acc: 0.6386 | best mAR acc: 0.7042 | best Score: 0.6386 | best Score epoch: 17 
epoch 19, iter 1001: loss: 0.0085 | load time: 0.0003 | back time: 1.7340 | lr: 0.00008237 | best AP50 acc: 0.8165 | best AP70 acc: 0.6971 | best mAP acc: 0.6386 | best mAR acc: 0.7042 | best Score: 0.6386 | best Score epoch: 17 
epoch 19, iter 1051: loss: 0.0089 | load time: 0.0002 | back time: 2.0445 | lr: 0.00008226 | best AP50 acc: 0.8165 | best AP70 acc: 0.6971 | best mAP acc: 0.6386 | best mAR acc: 0.7042 | best Score: 0.6386 | best Score epoch: 17 
epoch 19, iter 1101: loss: 0.0083 | load time: 0.0002 | back time: 2.0373 | lr: 0.00008216 | best AP50 acc: 0.8165 | best AP70 acc: 0.6971 | best mAP acc: 0.6386 | best mAR acc: 0.7042 | best Score: 0.6386 | best Score epoch: 17 
epoch 19, iter 1151: loss: 0.0087 | load time: 0.0001 | back time: 2.0184 | lr: 0.00008205 | best AP50 acc: 0.8165 | best AP70 acc: 0.6971 | best mAP acc: 0.6386 | best mAR acc: 0.7042 | best Score: 0.6386 | best Score epoch: 17 
UAV_SEQS_2 | mAP50:90: 37.7757 | AP50: 59.5865 | AP70: 38.6796 
UAV_SEQS_37 | mAP50:90: 79.2456 | AP50: 96.9393 | AP70: 83.6582 
UAV_SEQS_45 | mAP50:90: 83.0668 | AP50: 94.9960 | AP70: 91.5371 
UAV_SEQS_47 | mAP50:90: 91.2992 | AP50: 100.0000 | AP70: 100.0000 
UAV_SEQS_55 | mAP50:90: 40.3707 | AP50: 66.3277 | AP70: 44.5646 
UAV_SEQS_59 | mAP50:90: 78.4916 | AP50: 94.6811 | AP70: 85.8725 
UAV_SEQS_6 | mAP50:90: 56.9062 | AP50: 86.9034 | AP70: 63.2253 
UAV_SEQS_63 | mAP50:90: 80.4839 | AP50: 100.0000 | AP70: 88.6391 
UAV_SEQS_65 | mAP50:90: 88.3964 | AP50: 97.4812 | AP70: 96.1560 
UAV_SEQS_7 | mAP50:90: 82.5187 | AP50: 94.0559 | AP70: 91.4308 
UAV_SEQS_71 | mAP50:90: 38.7915 | AP50: 69.6381 | AP70: 39.9027 
UAV_SEQS_73 | mAP50:90: 57.2640 | AP50: 75.2453 | AP70: 66.9447 
UAV_SEQS_74 | mAP50:90: 99.6784 | AP50: 100.0000 | AP70: 100.0000 
UAV_SEQS_77 | mAP50:90: 0.0000 | AP50: 0.0000 | AP70: 0.0000 
UAV_SEQS_8 | mAP50:90: 27.9104 | AP50: 49.9010 | AP70: 25.6895 
Overall            | mAP50:95: 64.2031 | AP50: 80.2728 | AP70: 69.9251 
epoch 20, iter    1: loss: 0.0085 | load time: 0.0078 | back time: 0.0963 | lr: 0.00008205 | best AP50 acc: 0.8027 | best AP70 acc: 0.6993 | best mAP acc: 0.6420 | best mAR acc: 0.7064 | best Score: 0.6420 | best Score epoch: 19 
epoch 20, iter   51: loss: 0.0082 | load time: 0.0003 | back time: 1.9515 | lr: 0.00008195 | best AP50 acc: 0.8027 | best AP70 acc: 0.6993 | best mAP acc: 0.6420 | best mAR acc: 0.7064 | best Score: 0.6420 | best Score epoch: 19 
epoch 20, iter  101: loss: 0.0084 | load time: 0.0003 | back time: 1.9340 | lr: 0.00008184 | best AP50 acc: 0.8027 | best AP70 acc: 0.6993 | best mAP acc: 0.6420 | best mAR acc: 0.7064 | best Score: 0.6420 | best Score epoch: 19 
epoch 20, iter  151: loss: 0.0080 | load time: 0.0002 | back time: 1.9556 | lr: 0.00008174 | best AP50 acc: 0.8027 | best AP70 acc: 0.6993 | best mAP acc: 0.6420 | best mAR acc: 0.7064 | best Score: 0.6420 | best Score epoch: 19 
epoch 20, iter  201: loss: 0.0079 | load time: 0.0003 | back time: 1.9817 | lr: 0.00008163 | best AP50 acc: 0.8027 | best AP70 acc: 0.6993 | best mAP acc: 0.6420 | best mAR acc: 0.7064 | best Score: 0.6420 | best Score epoch: 19 
epoch 20, iter  251: loss: 0.0084 | load time: 0.0002 | back time: 1.9476 | lr: 0.00008153 | best AP50 acc: 0.8027 | best AP70 acc: 0.6993 | best mAP acc: 0.6420 | best mAR acc: 0.7064 | best Score: 0.6420 | best Score epoch: 19 
epoch 20, iter  301: loss: 0.0082 | load time: 0.0002 | back time: 1.9584 | lr: 0.00008142 | best AP50 acc: 0.8027 | best AP70 acc: 0.6993 | best mAP acc: 0.6420 | best mAR acc: 0.7064 | best Score: 0.6420 | best Score epoch: 19 
epoch 20, iter  351: loss: 0.0090 | load time: 0.0002 | back time: 2.0763 | lr: 0.00008132 | best AP50 acc: 0.8027 | best AP70 acc: 0.6993 | best mAP acc: 0.6420 | best mAR acc: 0.7064 | best Score: 0.6420 | best Score epoch: 19 
epoch 20, iter  401: loss: 0.0085 | load time: 0.0002 | back time: 1.9628 | lr: 0.00008121 | best AP50 acc: 0.8027 | best AP70 acc: 0.6993 | best mAP acc: 0.6420 | best mAR acc: 0.7064 | best Score: 0.6420 | best Score epoch: 19 
epoch 20, iter  451: loss: 0.0081 | load time: 0.0003 | back time: 1.9535 | lr: 0.00008110 | best AP50 acc: 0.8027 | best AP70 acc: 0.6993 | best mAP acc: 0.6420 | best mAR acc: 0.7064 | best Score: 0.6420 | best Score epoch: 19 
epoch 20, iter  501: loss: 0.0082 | load time: 0.0005 | back time: 1.9627 | lr: 0.00008100 | best AP50 acc: 0.8027 | best AP70 acc: 0.6993 | best mAP acc: 0.6420 | best mAR acc: 0.7064 | best Score: 0.6420 | best Score epoch: 19 
epoch 20, iter  551: loss: 0.0082 | load time: 0.0003 | back time: 1.9634 | lr: 0.00008089 | best AP50 acc: 0.8027 | best AP70 acc: 0.6993 | best mAP acc: 0.6420 | best mAR acc: 0.7064 | best Score: 0.6420 | best Score epoch: 19 
epoch 20, iter  601: loss: 0.0082 | load time: 0.0002 | back time: 1.9797 | lr: 0.00008079 | best AP50 acc: 0.8027 | best AP70 acc: 0.6993 | best mAP acc: 0.6420 | best mAR acc: 0.7064 | best Score: 0.6420 | best Score epoch: 19 
epoch 20, iter  651: loss: 0.0084 | load time: 0.0003 | back time: 1.9678 | lr: 0.00008068 | best AP50 acc: 0.8027 | best AP70 acc: 0.6993 | best mAP acc: 0.6420 | best mAR acc: 0.7064 | best Score: 0.6420 | best Score epoch: 19 
epoch 20, iter  701: loss: 0.0083 | load time: 0.0003 | back time: 1.9684 | lr: 0.00008057 | best AP50 acc: 0.8027 | best AP70 acc: 0.6993 | best mAP acc: 0.6420 | best mAR acc: 0.7064 | best Score: 0.6420 | best Score epoch: 19 
epoch 20, iter  751: loss: 0.0082 | load time: 0.0003 | back time: 1.9683 | lr: 0.00008046 | best AP50 acc: 0.8027 | best AP70 acc: 0.6993 | best mAP acc: 0.6420 | best mAR acc: 0.7064 | best Score: 0.6420 | best Score epoch: 19 
epoch 20, iter  801: loss: 0.0083 | load time: 0.0002 | back time: 1.9831 | lr: 0.00008036 | best AP50 acc: 0.8027 | best AP70 acc: 0.6993 | best mAP acc: 0.6420 | best mAR acc: 0.7064 | best Score: 0.6420 | best Score epoch: 19 
epoch 20, iter  851: loss: 0.0085 | load time: 0.0004 | back time: 1.9657 | lr: 0.00008025 | best AP50 acc: 0.8027 | best AP70 acc: 0.6993 | best mAP acc: 0.6420 | best mAR acc: 0.7064 | best Score: 0.6420 | best Score epoch: 19 
epoch 20, iter  901: loss: 0.0083 | load time: 0.0003 | back time: 1.9634 | lr: 0.00008014 | best AP50 acc: 0.8027 | best AP70 acc: 0.6993 | best mAP acc: 0.6420 | best mAR acc: 0.7064 | best Score: 0.6420 | best Score epoch: 19 
epoch 20, iter  951: loss: 0.0086 | load time: 0.0002 | back time: 1.9672 | lr: 0.00008003 | best AP50 acc: 0.8027 | best AP70 acc: 0.6993 | best mAP acc: 0.6420 | best mAR acc: 0.7064 | best Score: 0.6420 | best Score epoch: 19 
epoch 20, iter 1001: loss: 0.0087 | load time: 0.0004 | back time: 1.9831 | lr: 0.00007992 | best AP50 acc: 0.8027 | best AP70 acc: 0.6993 | best mAP acc: 0.6420 | best mAR acc: 0.7064 | best Score: 0.6420 | best Score epoch: 19 
epoch 20, iter 1051: loss: 0.0081 | load time: 0.0002 | back time: 1.9660 | lr: 0.00007982 | best AP50 acc: 0.8027 | best AP70 acc: 0.6993 | best mAP acc: 0.6420 | best mAR acc: 0.7064 | best Score: 0.6420 | best Score epoch: 19 
epoch 20, iter 1101: loss: 0.0087 | load time: 0.0003 | back time: 1.9714 | lr: 0.00007971 | best AP50 acc: 0.8027 | best AP70 acc: 0.6993 | best mAP acc: 0.6420 | best mAR acc: 0.7064 | best Score: 0.6420 | best Score epoch: 19 
epoch 20, iter 1151: loss: 0.0079 | load time: 0.0001 | back time: 1.9725 | lr: 0.00007960 | best AP50 acc: 0.8027 | best AP70 acc: 0.6993 | best mAP acc: 0.6420 | best mAR acc: 0.7064 | best Score: 0.6420 | best Score epoch: 19 
UAV_SEQS_2 | mAP50:90: 32.5238 | AP50: 57.0565 | AP70: 28.6076 
UAV_SEQS_37 | mAP50:90: 83.8342 | AP50: 100.0000 | AP70: 90.0936 
UAV_SEQS_45 | mAP50:90: 85.4403 | AP50: 95.9859 | AP70: 95.9826 
UAV_SEQS_47 | mAP50:90: 88.7437 | AP50: 100.0000 | AP70: 98.9604 
UAV_SEQS_55 | mAP50:90: 42.0752 | AP50: 69.1020 | AP70: 44.2831 
UAV_SEQS_59 | mAP50:90: 81.0794 | AP50: 98.8647 | AP70: 89.6880 
UAV_SEQS_6 | mAP50:90: 45.2080 | AP50: 83.6028 | AP70: 42.1584 
UAV_SEQS_63 | mAP50:90: 86.8014 | AP50: 100.0000 | AP70: 93.3354 
UAV_SEQS_65 | mAP50:90: 88.5672 | AP50: 97.4407 | AP70: 96.0968 
UAV_SEQS_7 | mAP50:90: 61.7241 | AP50: 97.0297 | AP70: 78.7452 
UAV_SEQS_71 | mAP50:90: 34.8872 | AP50: 68.6894 | AP70: 35.6335 
UAV_SEQS_73 | mAP50:90: 60.6292 | AP50: 81.8684 | AP70: 71.8471 
UAV_SEQS_74 | mAP50:90: 98.4645 | AP50: 100.0000 | AP70: 98.9768 
UAV_SEQS_77 | mAP50:90: 0.0000 | AP50: 0.0000 | AP70: 0.0000 
UAV_SEQS_8 | mAP50:90: 9.4976 | AP50: 29.2370 | AP70: 4.9090 
Overall            | mAP50:95: 61.1196 | AP50: 80.3205 | AP70: 67.0257 
epoch 21, iter    1: loss: 0.0082 | load time: 0.0066 | back time: 0.0798 | lr: 0.00007959 | best AP50 acc: 0.8027 | best AP70 acc: 0.6993 | best mAP acc: 0.6420 | best mAR acc: 0.7064 | best Score: 0.6420 | best Score epoch: 19 
epoch 21, iter   51: loss: 0.0083 | load time: 0.0003 | back time: 1.9679 | lr: 0.00007948 | best AP50 acc: 0.8027 | best AP70 acc: 0.6993 | best mAP acc: 0.6420 | best mAR acc: 0.7064 | best Score: 0.6420 | best Score epoch: 19 
epoch 21, iter  101: loss: 0.0081 | load time: 0.0003 | back time: 1.9715 | lr: 0.00007937 | best AP50 acc: 0.8027 | best AP70 acc: 0.6993 | best mAP acc: 0.6420 | best mAR acc: 0.7064 | best Score: 0.6420 | best Score epoch: 19 
epoch 21, iter  151: loss: 0.0083 | load time: 0.0003 | back time: 2.0186 | lr: 0.00007926 | best AP50 acc: 0.8027 | best AP70 acc: 0.6993 | best mAP acc: 0.6420 | best mAR acc: 0.7064 | best Score: 0.6420 | best Score epoch: 19 
epoch 21, iter  201: loss: 0.0083 | load time: 0.0002 | back time: 1.9625 | lr: 0.00007915 | best AP50 acc: 0.8027 | best AP70 acc: 0.6993 | best mAP acc: 0.6420 | best mAR acc: 0.7064 | best Score: 0.6420 | best Score epoch: 19 
epoch 21, iter  251: loss: 0.0082 | load time: 0.0002 | back time: 1.9766 | lr: 0.00007904 | best AP50 acc: 0.8027 | best AP70 acc: 0.6993 | best mAP acc: 0.6420 | best mAR acc: 0.7064 | best Score: 0.6420 | best Score epoch: 19 
epoch 21, iter  301: loss: 0.0079 | load time: 0.0002 | back time: 1.9710 | lr: 0.00007893 | best AP50 acc: 0.8027 | best AP70 acc: 0.6993 | best mAP acc: 0.6420 | best mAR acc: 0.7064 | best Score: 0.6420 | best Score epoch: 19 
epoch 21, iter  351: loss: 0.0080 | load time: 0.0003 | back time: 1.9727 | lr: 0.00007882 | best AP50 acc: 0.8027 | best AP70 acc: 0.6993 | best mAP acc: 0.6420 | best mAR acc: 0.7064 | best Score: 0.6420 | best Score epoch: 19 
epoch 21, iter  401: loss: 0.0084 | load time: 0.0004 | back time: 1.9717 | lr: 0.00007871 | best AP50 acc: 0.8027 | best AP70 acc: 0.6993 | best mAP acc: 0.6420 | best mAR acc: 0.7064 | best Score: 0.6420 | best Score epoch: 19 
epoch 21, iter  451: loss: 0.0087 | load time: 0.0003 | back time: 1.9761 | lr: 0.00007860 | best AP50 acc: 0.8027 | best AP70 acc: 0.6993 | best mAP acc: 0.6420 | best mAR acc: 0.7064 | best Score: 0.6420 | best Score epoch: 19 
epoch 21, iter  501: loss: 0.0084 | load time: 0.0003 | back time: 1.9775 | lr: 0.00007849 | best AP50 acc: 0.8027 | best AP70 acc: 0.6993 | best mAP acc: 0.6420 | best mAR acc: 0.7064 | best Score: 0.6420 | best Score epoch: 19 
epoch 21, iter  551: loss: 0.0084 | load time: 0.0003 | back time: 1.9766 | lr: 0.00007838 | best AP50 acc: 0.8027 | best AP70 acc: 0.6993 | best mAP acc: 0.6420 | best mAR acc: 0.7064 | best Score: 0.6420 | best Score epoch: 19 
epoch 21, iter  601: loss: 0.0083 | load time: 0.0003 | back time: 1.9758 | lr: 0.00007827 | best AP50 acc: 0.8027 | best AP70 acc: 0.6993 | best mAP acc: 0.6420 | best mAR acc: 0.7064 | best Score: 0.6420 | best Score epoch: 19 
epoch 21, iter  651: loss: 0.0082 | load time: 0.0004 | back time: 1.9771 | lr: 0.00007816 | best AP50 acc: 0.8027 | best AP70 acc: 0.6993 | best mAP acc: 0.6420 | best mAR acc: 0.7064 | best Score: 0.6420 | best Score epoch: 19 
epoch 21, iter  701: loss: 0.0082 | load time: 0.0002 | back time: 1.9770 | lr: 0.00007804 | best AP50 acc: 0.8027 | best AP70 acc: 0.6993 | best mAP acc: 0.6420 | best mAR acc: 0.7064 | best Score: 0.6420 | best Score epoch: 19 
epoch 21, iter  751: loss: 0.0081 | load time: 0.0002 | back time: 1.9841 | lr: 0.00007793 | best AP50 acc: 0.8027 | best AP70 acc: 0.6993 | best mAP acc: 0.6420 | best mAR acc: 0.7064 | best Score: 0.6420 | best Score epoch: 19 
epoch 21, iter  801: loss: 0.0084 | load time: 0.0003 | back time: 1.9729 | lr: 0.00007782 | best AP50 acc: 0.8027 | best AP70 acc: 0.6993 | best mAP acc: 0.6420 | best mAR acc: 0.7064 | best Score: 0.6420 | best Score epoch: 19 
epoch 21, iter  851: loss: 0.0081 | load time: 0.0003 | back time: 1.9845 | lr: 0.00007771 | best AP50 acc: 0.8027 | best AP70 acc: 0.6993 | best mAP acc: 0.6420 | best mAR acc: 0.7064 | best Score: 0.6420 | best Score epoch: 19 
epoch 21, iter  901: loss: 0.0084 | load time: 0.0002 | back time: 1.9785 | lr: 0.00007759 | best AP50 acc: 0.8027 | best AP70 acc: 0.6993 | best mAP acc: 0.6420 | best mAR acc: 0.7064 | best Score: 0.6420 | best Score epoch: 19 
epoch 21, iter  951: loss: 0.0084 | load time: 0.0004 | back time: 1.9931 | lr: 0.00007748 | best AP50 acc: 0.8027 | best AP70 acc: 0.6993 | best mAP acc: 0.6420 | best mAR acc: 0.7064 | best Score: 0.6420 | best Score epoch: 19 
epoch 21, iter 1001: loss: 0.0082 | load time: 0.0004 | back time: 1.9767 | lr: 0.00007737 | best AP50 acc: 0.8027 | best AP70 acc: 0.6993 | best mAP acc: 0.6420 | best mAR acc: 0.7064 | best Score: 0.6420 | best Score epoch: 19 
epoch 21, iter 1051: loss: 0.0087 | load time: 0.0004 | back time: 1.9806 | lr: 0.00007725 | best AP50 acc: 0.8027 | best AP70 acc: 0.6993 | best mAP acc: 0.6420 | best mAR acc: 0.7064 | best Score: 0.6420 | best Score epoch: 19 
epoch 21, iter 1101: loss: 0.0082 | load time: 0.0004 | back time: 1.9761 | lr: 0.00007714 | best AP50 acc: 0.8027 | best AP70 acc: 0.6993 | best mAP acc: 0.6420 | best mAR acc: 0.7064 | best Score: 0.6420 | best Score epoch: 19 
epoch 21, iter 1151: loss: 0.0081 | load time: 0.0007 | back time: 1.9819 | lr: 0.00007703 | best AP50 acc: 0.8027 | best AP70 acc: 0.6993 | best mAP acc: 0.6420 | best mAR acc: 0.7064 | best Score: 0.6420 | best Score epoch: 19 
UAV_SEQS_2 | mAP50:90: 39.0228 | AP50: 64.2401 | AP70: 37.9332 
UAV_SEQS_37 | mAP50:90: 82.7590 | AP50: 100.0000 | AP70: 88.6463 
UAV_SEQS_45 | mAP50:90: 87.1488 | AP50: 97.0059 | AP70: 96.9992 
UAV_SEQS_47 | mAP50:90: 80.5181 | AP50: 100.0000 | AP70: 94.5435 
UAV_SEQS_55 | mAP50:90: 49.3405 | AP50: 73.8122 | AP70: 59.1439 
UAV_SEQS_59 | mAP50:90: 82.1412 | AP50: 98.7635 | AP70: 91.0704 
UAV_SEQS_6 | mAP50:90: 41.4365 | AP50: 72.4607 | AP70: 42.0812 
UAV_SEQS_63 | mAP50:90: 70.0221 | AP50: 97.9660 | AP70: 88.1959 
UAV_SEQS_65 | mAP50:90: 87.7568 | AP50: 97.6603 | AP70: 95.9042 
UAV_SEQS_7 | mAP50:90: 68.9606 | AP50: 97.0297 | AP70: 95.8024 
UAV_SEQS_71 | mAP50:90: 44.0639 | AP50: 75.5263 | AP70: 45.1386 
UAV_SEQS_73 | mAP50:90: 63.2966 | AP50: 82.2747 | AP70: 73.8418 
UAV_SEQS_74 | mAP50:90: 99.8805 | AP50: 100.0000 | AP70: 100.0000 
UAV_SEQS_77 | mAP50:90: 0.0000 | AP50: 0.0000 | AP70: 0.0000 
UAV_SEQS_8 | mAP50:90: 31.7194 | AP50: 66.3366 | AP70: 28.6771 
Overall            | mAP50:95: 63.0495 | AP50: 82.6799 | AP70: 71.8376 
epoch 22, iter    1: loss: 0.0083 | load time: 0.0075 | back time: 0.0733 | lr: 0.00007702 | best AP50 acc: 0.8027 | best AP70 acc: 0.6993 | best mAP acc: 0.6420 | best mAR acc: 0.7064 | best Score: 0.6420 | best Score epoch: 19 
epoch 22, iter   51: loss: 0.0082 | load time: 0.0003 | back time: 1.9745 | lr: 0.00007691 | best AP50 acc: 0.8027 | best AP70 acc: 0.6993 | best mAP acc: 0.6420 | best mAR acc: 0.7064 | best Score: 0.6420 | best Score epoch: 19 
epoch 22, iter  101: loss: 0.0083 | load time: 0.0003 | back time: 1.9810 | lr: 0.00007679 | best AP50 acc: 0.8027 | best AP70 acc: 0.6993 | best mAP acc: 0.6420 | best mAR acc: 0.7064 | best Score: 0.6420 | best Score epoch: 19 
epoch 22, iter  151: loss: 0.0082 | load time: 0.0003 | back time: 1.9778 | lr: 0.00007668 | best AP50 acc: 0.8027 | best AP70 acc: 0.6993 | best mAP acc: 0.6420 | best mAR acc: 0.7064 | best Score: 0.6420 | best Score epoch: 19 
epoch 22, iter  201: loss: 0.0082 | load time: 0.0003 | back time: 1.9826 | lr: 0.00007656 | best AP50 acc: 0.8027 | best AP70 acc: 0.6993 | best mAP acc: 0.6420 | best mAR acc: 0.7064 | best Score: 0.6420 | best Score epoch: 19 
epoch 22, iter  251: loss: 0.0079 | load time: 0.0003 | back time: 1.9796 | lr: 0.00007645 | best AP50 acc: 0.8027 | best AP70 acc: 0.6993 | best mAP acc: 0.6420 | best mAR acc: 0.7064 | best Score: 0.6420 | best Score epoch: 19 
epoch 22, iter  301: loss: 0.0078 | load time: 0.0003 | back time: 1.9840 | lr: 0.00007633 | best AP50 acc: 0.8027 | best AP70 acc: 0.6993 | best mAP acc: 0.6420 | best mAR acc: 0.7064 | best Score: 0.6420 | best Score epoch: 19 
epoch 22, iter  351: loss: 0.0080 | load time: 0.0002 | back time: 1.9801 | lr: 0.00007622 | best AP50 acc: 0.8027 | best AP70 acc: 0.6993 | best mAP acc: 0.6420 | best mAR acc: 0.7064 | best Score: 0.6420 | best Score epoch: 19 
epoch 22, iter  401: loss: 0.0084 | load time: 0.0003 | back time: 1.9800 | lr: 0.00007610 | best AP50 acc: 0.8027 | best AP70 acc: 0.6993 | best mAP acc: 0.6420 | best mAR acc: 0.7064 | best Score: 0.6420 | best Score epoch: 19 
epoch 22, iter  451: loss: 0.0083 | load time: 0.0003 | back time: 1.9846 | lr: 0.00007599 | best AP50 acc: 0.8027 | best AP70 acc: 0.6993 | best mAP acc: 0.6420 | best mAR acc: 0.7064 | best Score: 0.6420 | best Score epoch: 19 
epoch 22, iter  501: loss: 0.0082 | load time: 0.0002 | back time: 1.9760 | lr: 0.00007587 | best AP50 acc: 0.8027 | best AP70 acc: 0.6993 | best mAP acc: 0.6420 | best mAR acc: 0.7064 | best Score: 0.6420 | best Score epoch: 19 
epoch 22, iter  551: loss: 0.0083 | load time: 0.0003 | back time: 1.9839 | lr: 0.00007576 | best AP50 acc: 0.8027 | best AP70 acc: 0.6993 | best mAP acc: 0.6420 | best mAR acc: 0.7064 | best Score: 0.6420 | best Score epoch: 19 
epoch 22, iter  601: loss: 0.0080 | load time: 0.0003 | back time: 1.9811 | lr: 0.00007564 | best AP50 acc: 0.8027 | best AP70 acc: 0.6993 | best mAP acc: 0.6420 | best mAR acc: 0.7064 | best Score: 0.6420 | best Score epoch: 19 
epoch 22, iter  651: loss: 0.0084 | load time: 0.0002 | back time: 1.9810 | lr: 0.00007552 | best AP50 acc: 0.8027 | best AP70 acc: 0.6993 | best mAP acc: 0.6420 | best mAR acc: 0.7064 | best Score: 0.6420 | best Score epoch: 19 
epoch 22, iter  701: loss: 0.0080 | load time: 0.0003 | back time: 1.9832 | lr: 0.00007541 | best AP50 acc: 0.8027 | best AP70 acc: 0.6993 | best mAP acc: 0.6420 | best mAR acc: 0.7064 | best Score: 0.6420 | best Score epoch: 19 
epoch 22, iter  751: loss: 0.0082 | load time: 0.0003 | back time: 1.9903 | lr: 0.00007529 | best AP50 acc: 0.8027 | best AP70 acc: 0.6993 | best mAP acc: 0.6420 | best mAR acc: 0.7064 | best Score: 0.6420 | best Score epoch: 19 
epoch 22, iter  801: loss: 0.0082 | load time: 0.0002 | back time: 1.9924 | lr: 0.00007517 | best AP50 acc: 0.8027 | best AP70 acc: 0.6993 | best mAP acc: 0.6420 | best mAR acc: 0.7064 | best Score: 0.6420 | best Score epoch: 19 
epoch 22, iter  851: loss: 0.0079 | load time: 0.0002 | back time: 1.9862 | lr: 0.00007506 | best AP50 acc: 0.8027 | best AP70 acc: 0.6993 | best mAP acc: 0.6420 | best mAR acc: 0.7064 | best Score: 0.6420 | best Score epoch: 19 
epoch 22, iter  901: loss: 0.0083 | load time: 0.0003 | back time: 1.9852 | lr: 0.00007494 | best AP50 acc: 0.8027 | best AP70 acc: 0.6993 | best mAP acc: 0.6420 | best mAR acc: 0.7064 | best Score: 0.6420 | best Score epoch: 19 
epoch 22, iter  951: loss: 0.0079 | load time: 0.0004 | back time: 1.9966 | lr: 0.00007482 | best AP50 acc: 0.8027 | best AP70 acc: 0.6993 | best mAP acc: 0.6420 | best mAR acc: 0.7064 | best Score: 0.6420 | best Score epoch: 19 
epoch 22, iter 1001: loss: 0.0084 | load time: 0.0002 | back time: 1.9969 | lr: 0.00007470 | best AP50 acc: 0.8027 | best AP70 acc: 0.6993 | best mAP acc: 0.6420 | best mAR acc: 0.7064 | best Score: 0.6420 | best Score epoch: 19 
epoch 22, iter 1051: loss: 0.0081 | load time: 0.0001 | back time: 1.9800 | lr: 0.00007459 | best AP50 acc: 0.8027 | best AP70 acc: 0.6993 | best mAP acc: 0.6420 | best mAR acc: 0.7064 | best Score: 0.6420 | best Score epoch: 19 
epoch 22, iter 1101: loss: 0.0083 | load time: 0.0003 | back time: 1.9840 | lr: 0.00007447 | best AP50 acc: 0.8027 | best AP70 acc: 0.6993 | best mAP acc: 0.6420 | best mAR acc: 0.7064 | best Score: 0.6420 | best Score epoch: 19 
epoch 22, iter 1151: loss: 0.0081 | load time: 0.0005 | back time: 1.9878 | lr: 0.00007435 | best AP50 acc: 0.8027 | best AP70 acc: 0.6993 | best mAP acc: 0.6420 | best mAR acc: 0.7064 | best Score: 0.6420 | best Score epoch: 19 
UAV_SEQS_2 | mAP50:90: 47.6580 | AP50: 71.5067 | AP70: 47.5390 
UAV_SEQS_37 | mAP50:90: 79.3240 | AP50: 95.0495 | AP70: 85.7889 
UAV_SEQS_45 | mAP50:90: 82.2319 | AP50: 95.0495 | AP70: 93.3201 
UAV_SEQS_47 | mAP50:90: 76.9462 | AP50: 100.0000 | AP70: 89.2422 
UAV_SEQS_55 | mAP50:90: 42.5721 | AP50: 67.0721 | AP70: 47.4818 
UAV_SEQS_59 | mAP50:90: 78.5490 | AP50: 98.8251 | AP70: 89.5373 
UAV_SEQS_6 | mAP50:90: 38.5032 | AP50: 75.5285 | AP70: 36.3503 
UAV_SEQS_63 | mAP50:90: 71.5112 | AP50: 99.0099 | AP70: 85.1219 
UAV_SEQS_65 | mAP50:90: 88.6599 | AP50: 97.2297 | AP70: 95.7380 
UAV_SEQS_7 | mAP50:90: 70.6263 | AP50: 97.0297 | AP70: 93.8560 
UAV_SEQS_71 | mAP50:90: 33.8013 | AP50: 67.2141 | AP70: 33.6196 
UAV_SEQS_73 | mAP50:90: 59.4424 | AP50: 79.3100 | AP70: 70.8323 
UAV_SEQS_74 | mAP50:90: 100.0000 | AP50: 100.0000 | AP70: 100.0000 
UAV_SEQS_77 | mAP50:90: 0.0000 | AP50: 0.0000 | AP70: 0.0000 
UAV_SEQS_8 | mAP50:90: 32.1656 | AP50: 67.3914 | AP70: 27.0205 
Overall            | mAP50:95: 61.2754 | AP50: 82.5703 | AP70: 68.9576 
epoch 23, iter    1: loss: 0.0085 | load time: 0.0075 | back time: 0.0897 | lr: 0.00007434 | best AP50 acc: 0.8027 | best AP70 acc: 0.6993 | best mAP acc: 0.6420 | best mAR acc: 0.7064 | best Score: 0.6420 | best Score epoch: 19 
epoch 23, iter   51: loss: 0.0080 | load time: 0.0003 | back time: 1.9960 | lr: 0.00007423 | best AP50 acc: 0.8027 | best AP70 acc: 0.6993 | best mAP acc: 0.6420 | best mAR acc: 0.7064 | best Score: 0.6420 | best Score epoch: 19 
epoch 23, iter  101: loss: 0.0081 | load time: 0.0002 | back time: 1.9904 | lr: 0.00007411 | best AP50 acc: 0.8027 | best AP70 acc: 0.6993 | best mAP acc: 0.6420 | best mAR acc: 0.7064 | best Score: 0.6420 | best Score epoch: 19 
epoch 23, iter  151: loss: 0.0082 | load time: 0.0002 | back time: 1.9863 | lr: 0.00007399 | best AP50 acc: 0.8027 | best AP70 acc: 0.6993 | best mAP acc: 0.6420 | best mAR acc: 0.7064 | best Score: 0.6420 | best Score epoch: 19 
epoch 23, iter  201: loss: 0.0081 | load time: 0.0004 | back time: 1.9891 | lr: 0.00007387 | best AP50 acc: 0.8027 | best AP70 acc: 0.6993 | best mAP acc: 0.6420 | best mAR acc: 0.7064 | best Score: 0.6420 | best Score epoch: 19 
epoch 23, iter  251: loss: 0.0083 | load time: 0.0003 | back time: 1.9899 | lr: 0.00007375 | best AP50 acc: 0.8027 | best AP70 acc: 0.6993 | best mAP acc: 0.6420 | best mAR acc: 0.7064 | best Score: 0.6420 | best Score epoch: 19 
epoch 23, iter  301: loss: 0.0084 | load time: 0.0004 | back time: 1.9840 | lr: 0.00007363 | best AP50 acc: 0.8027 | best AP70 acc: 0.6993 | best mAP acc: 0.6420 | best mAR acc: 0.7064 | best Score: 0.6420 | best Score epoch: 19 
epoch 23, iter  351: loss: 0.0080 | load time: 0.0003 | back time: 1.9916 | lr: 0.00007351 | best AP50 acc: 0.8027 | best AP70 acc: 0.6993 | best mAP acc: 0.6420 | best mAR acc: 0.7064 | best Score: 0.6420 | best Score epoch: 19 
epoch 23, iter  401: loss: 0.0083 | load time: 0.0002 | back time: 2.0053 | lr: 0.00007339 | best AP50 acc: 0.8027 | best AP70 acc: 0.6993 | best mAP acc: 0.6420 | best mAR acc: 0.7064 | best Score: 0.6420 | best Score epoch: 19 
epoch 23, iter  451: loss: 0.0080 | load time: 0.0003 | back time: 1.9850 | lr: 0.00007327 | best AP50 acc: 0.8027 | best AP70 acc: 0.6993 | best mAP acc: 0.6420 | best mAR acc: 0.7064 | best Score: 0.6420 | best Score epoch: 19 
epoch 23, iter  501: loss: 0.0082 | load time: 0.0002 | back time: 1.9902 | lr: 0.00007315 | best AP50 acc: 0.8027 | best AP70 acc: 0.6993 | best mAP acc: 0.6420 | best mAR acc: 0.7064 | best Score: 0.6420 | best Score epoch: 19 
epoch 23, iter  551: loss: 0.0083 | load time: 0.0003 | back time: 1.9888 | lr: 0.00007303 | best AP50 acc: 0.8027 | best AP70 acc: 0.6993 | best mAP acc: 0.6420 | best mAR acc: 0.7064 | best Score: 0.6420 | best Score epoch: 19 
epoch 23, iter  601: loss: 0.0078 | load time: 0.0003 | back time: 1.9896 | lr: 0.00007291 | best AP50 acc: 0.8027 | best AP70 acc: 0.6993 | best mAP acc: 0.6420 | best mAR acc: 0.7064 | best Score: 0.6420 | best Score epoch: 19 
epoch 23, iter  651: loss: 0.0076 | load time: 0.0002 | back time: 1.9889 | lr: 0.00007279 | best AP50 acc: 0.8027 | best AP70 acc: 0.6993 | best mAP acc: 0.6420 | best mAR acc: 0.7064 | best Score: 0.6420 | best Score epoch: 19 
epoch 23, iter  701: loss: 0.0080 | load time: 0.0003 | back time: 1.9932 | lr: 0.00007267 | best AP50 acc: 0.8027 | best AP70 acc: 0.6993 | best mAP acc: 0.6420 | best mAR acc: 0.7064 | best Score: 0.6420 | best Score epoch: 19 
epoch 23, iter  751: loss: 0.0079 | load time: 0.0004 | back time: 1.9915 | lr: 0.00007255 | best AP50 acc: 0.8027 | best AP70 acc: 0.6993 | best mAP acc: 0.6420 | best mAR acc: 0.7064 | best Score: 0.6420 | best Score epoch: 19 
epoch 23, iter  801: loss: 0.0081 | load time: 0.0003 | back time: 1.9933 | lr: 0.00007243 | best AP50 acc: 0.8027 | best AP70 acc: 0.6993 | best mAP acc: 0.6420 | best mAR acc: 0.7064 | best Score: 0.6420 | best Score epoch: 19 
epoch 23, iter  851: loss: 0.0084 | load time: 0.0003 | back time: 1.9904 | lr: 0.00007231 | best AP50 acc: 0.8027 | best AP70 acc: 0.6993 | best mAP acc: 0.6420 | best mAR acc: 0.7064 | best Score: 0.6420 | best Score epoch: 19 
epoch 23, iter  901: loss: 0.0083 | load time: 0.0003 | back time: 1.9934 | lr: 0.00007219 | best AP50 acc: 0.8027 | best AP70 acc: 0.6993 | best mAP acc: 0.6420 | best mAR acc: 0.7064 | best Score: 0.6420 | best Score epoch: 19 
epoch 23, iter  951: loss: 0.0082 | load time: 0.0003 | back time: 1.9996 | lr: 0.00007207 | best AP50 acc: 0.8027 | best AP70 acc: 0.6993 | best mAP acc: 0.6420 | best mAR acc: 0.7064 | best Score: 0.6420 | best Score epoch: 19 
epoch 23, iter 1001: loss: 0.0079 | load time: 0.0002 | back time: 1.9905 | lr: 0.00007194 | best AP50 acc: 0.8027 | best AP70 acc: 0.6993 | best mAP acc: 0.6420 | best mAR acc: 0.7064 | best Score: 0.6420 | best Score epoch: 19 
epoch 23, iter 1051: loss: 0.0078 | load time: 0.0002 | back time: 1.9906 | lr: 0.00007182 | best AP50 acc: 0.8027 | best AP70 acc: 0.6993 | best mAP acc: 0.6420 | best mAR acc: 0.7064 | best Score: 0.6420 | best Score epoch: 19 
epoch 23, iter 1101: loss: 0.0081 | load time: 0.0002 | back time: 1.9918 | lr: 0.00007170 | best AP50 acc: 0.8027 | best AP70 acc: 0.6993 | best mAP acc: 0.6420 | best mAR acc: 0.7064 | best Score: 0.6420 | best Score epoch: 19 
epoch 23, iter 1151: loss: 0.0082 | load time: 0.0002 | back time: 1.9942 | lr: 0.00007158 | best AP50 acc: 0.8027 | best AP70 acc: 0.6993 | best mAP acc: 0.6420 | best mAR acc: 0.7064 | best Score: 0.6420 | best Score epoch: 19 
UAV_SEQS_2 | mAP50:90: 37.6090 | AP50: 63.3739 | AP70: 33.0262 
UAV_SEQS_37 | mAP50:90: 89.2704 | AP50: 100.0000 | AP70: 95.7897 
UAV_SEQS_45 | mAP50:90: 74.0607 | AP50: 95.0495 | AP70: 85.1485 
UAV_SEQS_47 | mAP50:90: 76.9318 | AP50: 100.0000 | AP70: 95.0462 
UAV_SEQS_55 | mAP50:90: 46.4887 | AP50: 73.3616 | AP70: 53.3852 
UAV_SEQS_59 | mAP50:90: 69.0043 | AP50: 96.7921 | AP70: 76.6271 
UAV_SEQS_6 | mAP50:90: 38.8304 | AP50: 73.4068 | AP70: 37.7009 
UAV_SEQS_63 | mAP50:90: 74.2954 | AP50: 99.0066 | AP70: 93.5267 
UAV_SEQS_65 | mAP50:90: 87.7898 | AP50: 97.6401 | AP70: 95.4168 
UAV_SEQS_7 | mAP50:90: 68.6725 | AP50: 97.0297 | AP70: 87.6305 
UAV_SEQS_71 | mAP50:90: 40.6373 | AP50: 72.3535 | AP70: 38.9928 
UAV_SEQS_73 | mAP50:90: 59.1913 | AP50: 81.2512 | AP70: 67.0718 
UAV_SEQS_74 | mAP50:90: 99.8691 | AP50: 100.0000 | AP70: 100.0000 
UAV_SEQS_77 | mAP50:90: 0.0000 | AP50: 0.0000 | AP70: 0.0000 
UAV_SEQS_8 | mAP50:90: 7.4920 | AP50: 31.5098 | AP70: 2.4936 
Overall            | mAP50:95: 57.7100 | AP50: 80.5651 | AP70: 65.0693 
epoch 24, iter    1: loss: 0.0080 | load time: 0.0090 | back time: 0.1015 | lr: 0.00007157 | best AP50 acc: 0.8027 | best AP70 acc: 0.6993 | best mAP acc: 0.6420 | best mAR acc: 0.7064 | best Score: 0.6420 | best Score epoch: 19 
epoch 24, iter   51: loss: 0.0082 | load time: 0.0003 | back time: 1.9948 | lr: 0.00007145 | best AP50 acc: 0.8027 | best AP70 acc: 0.6993 | best mAP acc: 0.6420 | best mAR acc: 0.7064 | best Score: 0.6420 | best Score epoch: 19 
epoch 24, iter  101: loss: 0.0079 | load time: 0.0004 | back time: 1.9926 | lr: 0.00007133 | best AP50 acc: 0.8027 | best AP70 acc: 0.6993 | best mAP acc: 0.6420 | best mAR acc: 0.7064 | best Score: 0.6420 | best Score epoch: 19 
epoch 24, iter  151: loss: 0.0080 | load time: 0.0002 | back time: 1.9975 | lr: 0.00007121 | best AP50 acc: 0.8027 | best AP70 acc: 0.6993 | best mAP acc: 0.6420 | best mAR acc: 0.7064 | best Score: 0.6420 | best Score epoch: 19 
epoch 24, iter  201: loss: 0.0080 | load time: 0.0002 | back time: 1.9888 | lr: 0.00007108 | best AP50 acc: 0.8027 | best AP70 acc: 0.6993 | best mAP acc: 0.6420 | best mAR acc: 0.7064 | best Score: 0.6420 | best Score epoch: 19 
epoch 24, iter  251: loss: 0.0081 | load time: 0.0003 | back time: 1.9991 | lr: 0.00007096 | best AP50 acc: 0.8027 | best AP70 acc: 0.6993 | best mAP acc: 0.6420 | best mAR acc: 0.7064 | best Score: 0.6420 | best Score epoch: 19 
epoch 24, iter  301: loss: 0.0084 | load time: 0.0002 | back time: 1.9906 | lr: 0.00007084 | best AP50 acc: 0.8027 | best AP70 acc: 0.6993 | best mAP acc: 0.6420 | best mAR acc: 0.7064 | best Score: 0.6420 | best Score epoch: 19 
epoch 24, iter  351: loss: 0.0081 | load time: 0.0003 | back time: 1.9936 | lr: 0.00007071 | best AP50 acc: 0.8027 | best AP70 acc: 0.6993 | best mAP acc: 0.6420 | best mAR acc: 0.7064 | best Score: 0.6420 | best Score epoch: 19 
epoch 24, iter  401: loss: 0.0083 | load time: 0.0002 | back time: 1.9811 | lr: 0.00007059 | best AP50 acc: 0.8027 | best AP70 acc: 0.6993 | best mAP acc: 0.6420 | best mAR acc: 0.7064 | best Score: 0.6420 | best Score epoch: 19 
epoch 24, iter  451: loss: 0.0083 | load time: 0.0004 | back time: 1.9842 | lr: 0.00007047 | best AP50 acc: 0.8027 | best AP70 acc: 0.6993 | best mAP acc: 0.6420 | best mAR acc: 0.7064 | best Score: 0.6420 | best Score epoch: 19 
epoch 24, iter  501: loss: 0.0082 | load time: 0.0004 | back time: 1.9889 | lr: 0.00007034 | best AP50 acc: 0.8027 | best AP70 acc: 0.6993 | best mAP acc: 0.6420 | best mAR acc: 0.7064 | best Score: 0.6420 | best Score epoch: 19 
epoch 24, iter  551: loss: 0.0080 | load time: 0.0003 | back time: 1.9828 | lr: 0.00007022 | best AP50 acc: 0.8027 | best AP70 acc: 0.6993 | best mAP acc: 0.6420 | best mAR acc: 0.7064 | best Score: 0.6420 | best Score epoch: 19 
epoch 24, iter  601: loss: 0.0080 | load time: 0.0002 | back time: 1.9848 | lr: 0.00007010 | best AP50 acc: 0.8027 | best AP70 acc: 0.6993 | best mAP acc: 0.6420 | best mAR acc: 0.7064 | best Score: 0.6420 | best Score epoch: 19 
epoch 24, iter  651: loss: 0.0078 | load time: 0.0002 | back time: 1.9897 | lr: 0.00006997 | best AP50 acc: 0.8027 | best AP70 acc: 0.6993 | best mAP acc: 0.6420 | best mAR acc: 0.7064 | best Score: 0.6420 | best Score epoch: 19 
epoch 24, iter  701: loss: 0.0080 | load time: 0.0003 | back time: 1.9871 | lr: 0.00006985 | best AP50 acc: 0.8027 | best AP70 acc: 0.6993 | best mAP acc: 0.6420 | best mAR acc: 0.7064 | best Score: 0.6420 | best Score epoch: 19 
epoch 24, iter  751: loss: 0.0080 | load time: 0.0003 | back time: 2.0016 | lr: 0.00006972 | best AP50 acc: 0.8027 | best AP70 acc: 0.6993 | best mAP acc: 0.6420 | best mAR acc: 0.7064 | best Score: 0.6420 | best Score epoch: 19 
epoch 24, iter  801: loss: 0.0083 | load time: 0.0003 | back time: 1.9937 | lr: 0.00006960 | best AP50 acc: 0.8027 | best AP70 acc: 0.6993 | best mAP acc: 0.6420 | best mAR acc: 0.7064 | best Score: 0.6420 | best Score epoch: 19 
epoch 24, iter  851: loss: 0.0080 | load time: 0.0003 | back time: 1.9938 | lr: 0.00006948 | best AP50 acc: 0.8027 | best AP70 acc: 0.6993 | best mAP acc: 0.6420 | best mAR acc: 0.7064 | best Score: 0.6420 | best Score epoch: 19 
epoch 24, iter  901: loss: 0.0081 | load time: 0.0002 | back time: 1.9964 | lr: 0.00006935 | best AP50 acc: 0.8027 | best AP70 acc: 0.6993 | best mAP acc: 0.6420 | best mAR acc: 0.7064 | best Score: 0.6420 | best Score epoch: 19 
epoch 24, iter  951: loss: 0.0082 | load time: 0.0004 | back time: 1.9909 | lr: 0.00006923 | best AP50 acc: 0.8027 | best AP70 acc: 0.6993 | best mAP acc: 0.6420 | best mAR acc: 0.7064 | best Score: 0.6420 | best Score epoch: 19 
epoch 24, iter 1001: loss: 0.0083 | load time: 0.0004 | back time: 1.9883 | lr: 0.00006910 | best AP50 acc: 0.8027 | best AP70 acc: 0.6993 | best mAP acc: 0.6420 | best mAR acc: 0.7064 | best Score: 0.6420 | best Score epoch: 19 
epoch 24, iter 1051: loss: 0.0083 | load time: 0.0004 | back time: 1.9880 | lr: 0.00006898 | best AP50 acc: 0.8027 | best AP70 acc: 0.6993 | best mAP acc: 0.6420 | best mAR acc: 0.7064 | best Score: 0.6420 | best Score epoch: 19 
epoch 24, iter 1101: loss: 0.0081 | load time: 0.0003 | back time: 1.9974 | lr: 0.00006885 | best AP50 acc: 0.8027 | best AP70 acc: 0.6993 | best mAP acc: 0.6420 | best mAR acc: 0.7064 | best Score: 0.6420 | best Score epoch: 19 
epoch 24, iter 1151: loss: 0.0083 | load time: 0.0002 | back time: 1.9950 | lr: 0.00006872 | best AP50 acc: 0.8027 | best AP70 acc: 0.6993 | best mAP acc: 0.6420 | best mAR acc: 0.7064 | best Score: 0.6420 | best Score epoch: 19 
UAV_SEQS_2 | mAP50:90: 40.6446 | AP50: 67.0573 | AP70: 36.6814 
UAV_SEQS_37 | mAP50:90: 81.2555 | AP50: 97.0297 | AP70: 90.8502 
UAV_SEQS_45 | mAP50:90: 78.5217 | AP50: 96.0396 | AP70: 89.0028 
UAV_SEQS_47 | mAP50:90: 82.6876 | AP50: 100.0000 | AP70: 98.7848 
UAV_SEQS_55 | mAP50:90: 44.4950 | AP50: 69.9177 | AP70: 50.2660 
UAV_SEQS_59 | mAP50:90: 71.7344 | AP50: 98.8284 | AP70: 84.3090 
UAV_SEQS_6 | mAP50:90: 51.4076 | AP50: 89.6733 | AP70: 54.6665 
UAV_SEQS_63 | mAP50:90: 85.3172 | AP50: 97.0297 | AP70: 95.8729 
UAV_SEQS_65 | mAP50:90: 86.3034 | AP50: 97.7016 | AP70: 95.3798 
UAV_SEQS_7 | mAP50:90: 74.7309 | AP50: 95.0495 | AP70: 93.1621 
UAV_SEQS_71 | mAP50:90: 37.8167 | AP50: 70.4976 | AP70: 35.8713 
UAV_SEQS_73 | mAP50:90: 52.3530 | AP50: 75.3631 | AP70: 56.1021 
UAV_SEQS_74 | mAP50:90: 99.8720 | AP50: 100.0000 | AP70: 100.0000 
UAV_SEQS_77 | mAP50:90: 0.0000 | AP50: 0.0000 | AP70: 0.0000 
UAV_SEQS_8 | mAP50:90: 11.9195 | AP50: 29.2553 | AP70: 10.4627 
Overall            | mAP50:95: 60.4789 | AP50: 80.2146 | AP70: 68.0559 
