epoch  1, iter    1: loss: 0.4851 | load time: 0.1238 | back time: 1.6888 | lr: 0.00000012 | best AP50 acc: 0.0000 | best AP70 acc: 0.0000 | best mAP acc: 0.0000 | best mAR acc: 0.0000 | best Score: 0.0000 | best Score epoch: -1 
epoch  1, iter   51: loss: 0.3808 | load time: 0.0002 | back time: 0.8271 | lr: 0.00000098 | best AP50 acc: 0.0000 | best AP70 acc: 0.0000 | best mAP acc: 0.0000 | best mAR acc: 0.0000 | best Score: 0.0000 | best Score epoch: -1 
epoch  1, iter  101: loss: 0.2421 | load time: 0.0002 | back time: 0.8333 | lr: 0.00000185 | best AP50 acc: 0.0000 | best AP70 acc: 0.0000 | best mAP acc: 0.0000 | best mAR acc: 0.0000 | best Score: 0.0000 | best Score epoch: -1 
epoch  1, iter  151: loss: 0.1014 | load time: 0.0002 | back time: 0.8439 | lr: 0.00000272 | best AP50 acc: 0.0000 | best AP70 acc: 0.0000 | best mAP acc: 0.0000 | best mAR acc: 0.0000 | best Score: 0.0000 | best Score epoch: -1 
epoch  1, iter  201: loss: 0.0587 | load time: 0.0002 | back time: 0.8381 | lr: 0.00000359 | best AP50 acc: 0.0000 | best AP70 acc: 0.0000 | best mAP acc: 0.0000 | best mAR acc: 0.0000 | best Score: 0.0000 | best Score epoch: -1 
epoch  1, iter  251: loss: 0.0452 | load time: 0.0001 | back time: 0.8397 | lr: 0.00000445 | best AP50 acc: 0.0000 | best AP70 acc: 0.0000 | best mAP acc: 0.0000 | best mAR acc: 0.0000 | best Score: 0.0000 | best Score epoch: -1 
epoch  1, iter  301: loss: 0.0325 | load time: 0.0002 | back time: 0.8407 | lr: 0.00000532 | best AP50 acc: 0.0000 | best AP70 acc: 0.0000 | best mAP acc: 0.0000 | best mAR acc: 0.0000 | best Score: 0.0000 | best Score epoch: -1 
epoch  1, iter  351: loss: 0.0283 | load time: 0.0001 | back time: 0.8414 | lr: 0.00000619 | best AP50 acc: 0.0000 | best AP70 acc: 0.0000 | best mAP acc: 0.0000 | best mAR acc: 0.0000 | best Score: 0.0000 | best Score epoch: -1 
epoch  1, iter  401: loss: 0.0211 | load time: 0.0001 | back time: 0.8416 | lr: 0.00000705 | best AP50 acc: 0.0000 | best AP70 acc: 0.0000 | best mAP acc: 0.0000 | best mAR acc: 0.0000 | best Score: 0.0000 | best Score epoch: -1 
epoch  1, iter  451: loss: 0.0179 | load time: 0.0002 | back time: 0.8340 | lr: 0.00000792 | best AP50 acc: 0.0000 | best AP70 acc: 0.0000 | best mAP acc: 0.0000 | best mAR acc: 0.0000 | best Score: 0.0000 | best Score epoch: -1 
epoch  1, iter  501: loss: 0.0160 | load time: 0.0002 | back time: 0.8412 | lr: 0.00000879 | best AP50 acc: 0.0000 | best AP70 acc: 0.0000 | best mAP acc: 0.0000 | best mAR acc: 0.0000 | best Score: 0.0000 | best Score epoch: -1 
epoch  1, iter  551: loss: 0.0141 | load time: 0.0002 | back time: 0.8417 | lr: 0.00000966 | best AP50 acc: 0.0000 | best AP70 acc: 0.0000 | best mAP acc: 0.0000 | best mAR acc: 0.0000 | best Score: 0.0000 | best Score epoch: -1 
epoch  1, iter  601: loss: 0.0127 | load time: 0.0002 | back time: 0.8412 | lr: 0.00001052 | best AP50 acc: 0.0000 | best AP70 acc: 0.0000 | best mAP acc: 0.0000 | best mAR acc: 0.0000 | best Score: 0.0000 | best Score epoch: -1 
epoch  1, iter  651: loss: 0.0110 | load time: 0.0002 | back time: 0.8436 | lr: 0.00001139 | best AP50 acc: 0.0000 | best AP70 acc: 0.0000 | best mAP acc: 0.0000 | best mAR acc: 0.0000 | best Score: 0.0000 | best Score epoch: -1 
epoch  1, iter  701: loss: 0.0101 | load time: 0.0002 | back time: 0.8437 | lr: 0.00001226 | best AP50 acc: 0.0000 | best AP70 acc: 0.0000 | best mAP acc: 0.0000 | best mAR acc: 0.0000 | best Score: 0.0000 | best Score epoch: -1 
epoch  1, iter  751: loss: 0.0092 | load time: 0.0002 | back time: 0.8276 | lr: 0.00001313 | best AP50 acc: 0.0000 | best AP70 acc: 0.0000 | best mAP acc: 0.0000 | best mAR acc: 0.0000 | best Score: 0.0000 | best Score epoch: -1 
epoch  1, iter  801: loss: 0.0086 | load time: 0.0004 | back time: 0.8402 | lr: 0.00001399 | best AP50 acc: 0.0000 | best AP70 acc: 0.0000 | best mAP acc: 0.0000 | best mAR acc: 0.0000 | best Score: 0.0000 | best Score epoch: -1 
epoch  1, iter  851: loss: 0.0080 | load time: 0.0002 | back time: 0.8412 | lr: 0.00001486 | best AP50 acc: 0.0000 | best AP70 acc: 0.0000 | best mAP acc: 0.0000 | best mAR acc: 0.0000 | best Score: 0.0000 | best Score epoch: -1 
epoch  1, iter  901: loss: 0.0076 | load time: 0.0002 | back time: 0.8420 | lr: 0.00001573 | best AP50 acc: 0.0000 | best AP70 acc: 0.0000 | best mAP acc: 0.0000 | best mAR acc: 0.0000 | best Score: 0.0000 | best Score epoch: -1 
epoch  1, iter  951: loss: 0.0074 | load time: 0.0002 | back time: 0.8430 | lr: 0.00001659 | best AP50 acc: 0.0000 | best AP70 acc: 0.0000 | best mAP acc: 0.0000 | best mAR acc: 0.0000 | best Score: 0.0000 | best Score epoch: -1 
epoch  1, iter 1001: loss: 0.0070 | load time: 0.0002 | back time: 0.8437 | lr: 0.00001746 | best AP50 acc: 0.0000 | best AP70 acc: 0.0000 | best mAP acc: 0.0000 | best mAR acc: 0.0000 | best Score: 0.0000 | best Score epoch: -1 
epoch  1, iter 1051: loss: 0.0067 | load time: 0.0002 | back time: 0.8406 | lr: 0.00001833 | best AP50 acc: 0.0000 | best AP70 acc: 0.0000 | best mAP acc: 0.0000 | best mAR acc: 0.0000 | best Score: 0.0000 | best Score epoch: -1 
epoch  1, iter 1101: loss: 0.0064 | load time: 0.0001 | back time: 0.8422 | lr: 0.00001920 | best AP50 acc: 0.0000 | best AP70 acc: 0.0000 | best mAP acc: 0.0000 | best mAR acc: 0.0000 | best Score: 0.0000 | best Score epoch: -1 
epoch  1, iter 1151: loss: 0.0062 | load time: 0.0001 | back time: 0.8419 | lr: 0.00002006 | best AP50 acc: 0.0000 | best AP70 acc: 0.0000 | best mAP acc: 0.0000 | best mAR acc: 0.0000 | best Score: 0.0000 | best Score epoch: -1 
epoch  2, iter    1: loss: 0.0062 | load time: 0.0004 | back time: 0.3573 | lr: 0.00002010 | best AP50 acc: 0.0000 | best AP70 acc: 0.0000 | best mAP acc: 0.0000 | best mAR acc: 0.0000 | best Score: 0.0000 | best Score epoch: -1 
epoch  2, iter   51: loss: 0.0061 | load time: 0.0001 | back time: 0.8423 | lr: 0.00002096 | best AP50 acc: 0.0000 | best AP70 acc: 0.0000 | best mAP acc: 0.0000 | best mAR acc: 0.0000 | best Score: 0.0000 | best Score epoch: -1 
epoch  2, iter  101: loss: 0.0060 | load time: 0.0002 | back time: 0.8494 | lr: 0.00002183 | best AP50 acc: 0.0000 | best AP70 acc: 0.0000 | best mAP acc: 0.0000 | best mAR acc: 0.0000 | best Score: 0.0000 | best Score epoch: -1 
epoch  2, iter  151: loss: 0.0058 | load time: 0.0002 | back time: 0.8422 | lr: 0.00002270 | best AP50 acc: 0.0000 | best AP70 acc: 0.0000 | best mAP acc: 0.0000 | best mAR acc: 0.0000 | best Score: 0.0000 | best Score epoch: -1 
epoch  2, iter  201: loss: 0.0057 | load time: 0.0002 | back time: 0.8426 | lr: 0.00002357 | best AP50 acc: 0.0000 | best AP70 acc: 0.0000 | best mAP acc: 0.0000 | best mAR acc: 0.0000 | best Score: 0.0000 | best Score epoch: -1 
epoch  2, iter  251: loss: 0.0056 | load time: 0.0002 | back time: 0.8426 | lr: 0.00002443 | best AP50 acc: 0.0000 | best AP70 acc: 0.0000 | best mAP acc: 0.0000 | best mAR acc: 0.0000 | best Score: 0.0000 | best Score epoch: -1 
epoch  2, iter  301: loss: 0.0056 | load time: 0.0002 | back time: 0.8431 | lr: 0.00002530 | best AP50 acc: 0.0000 | best AP70 acc: 0.0000 | best mAP acc: 0.0000 | best mAR acc: 0.0000 | best Score: 0.0000 | best Score epoch: -1 
epoch  2, iter  351: loss: 0.0055 | load time: 0.0002 | back time: 0.8421 | lr: 0.00002617 | best AP50 acc: 0.0000 | best AP70 acc: 0.0000 | best mAP acc: 0.0000 | best mAR acc: 0.0000 | best Score: 0.0000 | best Score epoch: -1 
epoch  2, iter  401: loss: 0.0054 | load time: 0.0003 | back time: 0.8440 | lr: 0.00002703 | best AP50 acc: 0.0000 | best AP70 acc: 0.0000 | best mAP acc: 0.0000 | best mAR acc: 0.0000 | best Score: 0.0000 | best Score epoch: -1 
epoch  2, iter  451: loss: 0.0053 | load time: 0.0002 | back time: 0.8454 | lr: 0.00002790 | best AP50 acc: 0.0000 | best AP70 acc: 0.0000 | best mAP acc: 0.0000 | best mAR acc: 0.0000 | best Score: 0.0000 | best Score epoch: -1 
epoch  2, iter  501: loss: 0.0052 | load time: 0.0003 | back time: 0.8412 | lr: 0.00002877 | best AP50 acc: 0.0000 | best AP70 acc: 0.0000 | best mAP acc: 0.0000 | best mAR acc: 0.0000 | best Score: 0.0000 | best Score epoch: -1 
epoch  2, iter  551: loss: 0.0053 | load time: 0.0002 | back time: 0.8427 | lr: 0.00002964 | best AP50 acc: 0.0000 | best AP70 acc: 0.0000 | best mAP acc: 0.0000 | best mAR acc: 0.0000 | best Score: 0.0000 | best Score epoch: -1 
epoch  2, iter  601: loss: 0.0054 | load time: 0.0002 | back time: 0.8448 | lr: 0.00003050 | best AP50 acc: 0.0000 | best AP70 acc: 0.0000 | best mAP acc: 0.0000 | best mAR acc: 0.0000 | best Score: 0.0000 | best Score epoch: -1 
epoch  2, iter  651: loss: 0.0050 | load time: 0.0002 | back time: 0.8433 | lr: 0.00003137 | best AP50 acc: 0.0000 | best AP70 acc: 0.0000 | best mAP acc: 0.0000 | best mAR acc: 0.0000 | best Score: 0.0000 | best Score epoch: -1 
epoch  2, iter  701: loss: 0.0053 | load time: 0.0002 | back time: 0.8427 | lr: 0.00003224 | best AP50 acc: 0.0000 | best AP70 acc: 0.0000 | best mAP acc: 0.0000 | best mAR acc: 0.0000 | best Score: 0.0000 | best Score epoch: -1 
epoch  2, iter  751: loss: 0.0052 | load time: 0.0002 | back time: 0.8462 | lr: 0.00003311 | best AP50 acc: 0.0000 | best AP70 acc: 0.0000 | best mAP acc: 0.0000 | best mAR acc: 0.0000 | best Score: 0.0000 | best Score epoch: -1 
epoch  2, iter  801: loss: 0.0051 | load time: 0.0003 | back time: 0.8441 | lr: 0.00003397 | best AP50 acc: 0.0000 | best AP70 acc: 0.0000 | best mAP acc: 0.0000 | best mAR acc: 0.0000 | best Score: 0.0000 | best Score epoch: -1 
epoch  2, iter  851: loss: 0.0049 | load time: 0.0002 | back time: 0.8437 | lr: 0.00003484 | best AP50 acc: 0.0000 | best AP70 acc: 0.0000 | best mAP acc: 0.0000 | best mAR acc: 0.0000 | best Score: 0.0000 | best Score epoch: -1 
epoch  2, iter  901: loss: 0.0051 | load time: 0.0002 | back time: 0.8437 | lr: 0.00003571 | best AP50 acc: 0.0000 | best AP70 acc: 0.0000 | best mAP acc: 0.0000 | best mAR acc: 0.0000 | best Score: 0.0000 | best Score epoch: -1 
epoch  2, iter  951: loss: 0.0049 | load time: 0.0002 | back time: 0.8436 | lr: 0.00003657 | best AP50 acc: 0.0000 | best AP70 acc: 0.0000 | best mAP acc: 0.0000 | best mAR acc: 0.0000 | best Score: 0.0000 | best Score epoch: -1 
epoch  2, iter 1001: loss: 0.0032 | load time: 0.0001 | back time: 0.8438 | lr: 0.00003744 | best AP50 acc: 0.0000 | best AP70 acc: 0.0000 | best mAP acc: 0.0000 | best mAR acc: 0.0000 | best Score: 0.0000 | best Score epoch: -1 
epoch  2, iter 1051: loss: 0.0049 | load time: 0.0001 | back time: 0.8453 | lr: 0.00003831 | best AP50 acc: 0.0000 | best AP70 acc: 0.0000 | best mAP acc: 0.0000 | best mAR acc: 0.0000 | best Score: 0.0000 | best Score epoch: -1 
epoch  2, iter 1101: loss: 0.0040 | load time: 0.0002 | back time: 0.8425 | lr: 0.00003918 | best AP50 acc: 0.0000 | best AP70 acc: 0.0000 | best mAP acc: 0.0000 | best mAR acc: 0.0000 | best Score: 0.0000 | best Score epoch: -1 
epoch  2, iter 1151: loss: 0.0039 | load time: 0.0001 | back time: 0.8423 | lr: 0.00004004 | best AP50 acc: 0.0000 | best AP70 acc: 0.0000 | best mAP acc: 0.0000 | best mAR acc: 0.0000 | best Score: 0.0000 | best Score epoch: -1 
epoch  3, iter    1: loss: 0.0044 | load time: 0.0006 | back time: 0.3690 | lr: 0.00004008 | best AP50 acc: 0.0000 | best AP70 acc: 0.0000 | best mAP acc: 0.0000 | best mAR acc: 0.0000 | best Score: 0.0000 | best Score epoch: -1 
epoch  3, iter   51: loss: 0.0049 | load time: 0.0002 | back time: 0.8421 | lr: 0.00004094 | best AP50 acc: 0.0000 | best AP70 acc: 0.0000 | best mAP acc: 0.0000 | best mAR acc: 0.0000 | best Score: 0.0000 | best Score epoch: -1 
epoch  3, iter  101: loss: 0.0045 | load time: 0.0002 | back time: 0.8433 | lr: 0.00004181 | best AP50 acc: 0.0000 | best AP70 acc: 0.0000 | best mAP acc: 0.0000 | best mAR acc: 0.0000 | best Score: 0.0000 | best Score epoch: -1 
epoch  3, iter  151: loss: 0.0042 | load time: 0.0002 | back time: 0.8459 | lr: 0.00004268 | best AP50 acc: 0.0000 | best AP70 acc: 0.0000 | best mAP acc: 0.0000 | best mAR acc: 0.0000 | best Score: 0.0000 | best Score epoch: -1 
epoch  3, iter  201: loss: 0.0042 | load time: 0.0002 | back time: 0.8442 | lr: 0.00004355 | best AP50 acc: 0.0000 | best AP70 acc: 0.0000 | best mAP acc: 0.0000 | best mAR acc: 0.0000 | best Score: 0.0000 | best Score epoch: -1 
epoch  3, iter  251: loss: 0.0044 | load time: 0.0002 | back time: 0.8458 | lr: 0.00004441 | best AP50 acc: 0.0000 | best AP70 acc: 0.0000 | best mAP acc: 0.0000 | best mAR acc: 0.0000 | best Score: 0.0000 | best Score epoch: -1 
epoch  3, iter  301: loss: 0.0051 | load time: 0.0002 | back time: 0.8436 | lr: 0.00004528 | best AP50 acc: 0.0000 | best AP70 acc: 0.0000 | best mAP acc: 0.0000 | best mAR acc: 0.0000 | best Score: 0.0000 | best Score epoch: -1 
epoch  3, iter  351: loss: 0.0041 | load time: 0.0001 | back time: 0.8418 | lr: 0.00004615 | best AP50 acc: 0.0000 | best AP70 acc: 0.0000 | best mAP acc: 0.0000 | best mAR acc: 0.0000 | best Score: 0.0000 | best Score epoch: -1 
epoch  3, iter  401: loss: 0.0050 | load time: 0.0001 | back time: 0.8432 | lr: 0.00004701 | best AP50 acc: 0.0000 | best AP70 acc: 0.0000 | best mAP acc: 0.0000 | best mAR acc: 0.0000 | best Score: 0.0000 | best Score epoch: -1 
epoch  3, iter  451: loss: 0.0033 | load time: 0.0002 | back time: 0.8437 | lr: 0.00004788 | best AP50 acc: 0.0000 | best AP70 acc: 0.0000 | best mAP acc: 0.0000 | best mAR acc: 0.0000 | best Score: 0.0000 | best Score epoch: -1 
epoch  3, iter  501: loss: 0.0034 | load time: 0.0002 | back time: 0.8457 | lr: 0.00004875 | best AP50 acc: 0.0000 | best AP70 acc: 0.0000 | best mAP acc: 0.0000 | best mAR acc: 0.0000 | best Score: 0.0000 | best Score epoch: -1 
epoch  3, iter  551: loss: 0.0046 | load time: 0.0001 | back time: 0.8377 | lr: 0.00004962 | best AP50 acc: 0.0000 | best AP70 acc: 0.0000 | best mAP acc: 0.0000 | best mAR acc: 0.0000 | best Score: 0.0000 | best Score epoch: -1 
epoch  3, iter  601: loss: 0.0036 | load time: 0.0002 | back time: 0.8438 | lr: 0.00005048 | best AP50 acc: 0.0000 | best AP70 acc: 0.0000 | best mAP acc: 0.0000 | best mAR acc: 0.0000 | best Score: 0.0000 | best Score epoch: -1 
epoch  3, iter  651: loss: 0.0037 | load time: 0.0001 | back time: 0.8451 | lr: 0.00005135 | best AP50 acc: 0.0000 | best AP70 acc: 0.0000 | best mAP acc: 0.0000 | best mAR acc: 0.0000 | best Score: 0.0000 | best Score epoch: -1 
epoch  3, iter  701: loss: 0.0040 | load time: 0.0002 | back time: 0.8435 | lr: 0.00005222 | best AP50 acc: 0.0000 | best AP70 acc: 0.0000 | best mAP acc: 0.0000 | best mAR acc: 0.0000 | best Score: 0.0000 | best Score epoch: -1 
epoch  3, iter  751: loss: 0.0030 | load time: 0.0002 | back time: 0.8448 | lr: 0.00005309 | best AP50 acc: 0.0000 | best AP70 acc: 0.0000 | best mAP acc: 0.0000 | best mAR acc: 0.0000 | best Score: 0.0000 | best Score epoch: -1 
epoch  3, iter  801: loss: 0.0033 | load time: 0.0002 | back time: 0.8474 | lr: 0.00005395 | best AP50 acc: 0.0000 | best AP70 acc: 0.0000 | best mAP acc: 0.0000 | best mAR acc: 0.0000 | best Score: 0.0000 | best Score epoch: -1 
epoch  3, iter  851: loss: 0.0034 | load time: 0.0001 | back time: 0.8434 | lr: 0.00005482 | best AP50 acc: 0.0000 | best AP70 acc: 0.0000 | best mAP acc: 0.0000 | best mAR acc: 0.0000 | best Score: 0.0000 | best Score epoch: -1 
epoch  3, iter  901: loss: 0.0040 | load time: 0.0002 | back time: 0.8452 | lr: 0.00005569 | best AP50 acc: 0.0000 | best AP70 acc: 0.0000 | best mAP acc: 0.0000 | best mAR acc: 0.0000 | best Score: 0.0000 | best Score epoch: -1 
epoch  3, iter  951: loss: 0.0044 | load time: 0.0002 | back time: 0.8460 | lr: 0.00005655 | best AP50 acc: 0.0000 | best AP70 acc: 0.0000 | best mAP acc: 0.0000 | best mAR acc: 0.0000 | best Score: 0.0000 | best Score epoch: -1 
epoch  3, iter 1001: loss: 0.0038 | load time: 0.0002 | back time: 0.8435 | lr: 0.00005742 | best AP50 acc: 0.0000 | best AP70 acc: 0.0000 | best mAP acc: 0.0000 | best mAR acc: 0.0000 | best Score: 0.0000 | best Score epoch: -1 
epoch  3, iter 1051: loss: 0.0031 | load time: 0.0001 | back time: 0.8441 | lr: 0.00005829 | best AP50 acc: 0.0000 | best AP70 acc: 0.0000 | best mAP acc: 0.0000 | best mAR acc: 0.0000 | best Score: 0.0000 | best Score epoch: -1 
epoch  3, iter 1101: loss: 0.0032 | load time: 0.0002 | back time: 0.8438 | lr: 0.00005916 | best AP50 acc: 0.0000 | best AP70 acc: 0.0000 | best mAP acc: 0.0000 | best mAR acc: 0.0000 | best Score: 0.0000 | best Score epoch: -1 
epoch  3, iter 1151: loss: 0.0042 | load time: 0.0001 | back time: 0.8439 | lr: 0.00006002 | best AP50 acc: 0.0000 | best AP70 acc: 0.0000 | best mAP acc: 0.0000 | best mAR acc: 0.0000 | best Score: 0.0000 | best Score epoch: -1 
epoch  4, iter    1: loss: 0.0036 | load time: 0.0006 | back time: 0.2863 | lr: 0.00006006 | best AP50 acc: 0.0000 | best AP70 acc: 0.0000 | best mAP acc: 0.0000 | best mAR acc: 0.0000 | best Score: 0.0000 | best Score epoch: -1 
epoch  4, iter   51: loss: 0.0043 | load time: 0.0001 | back time: 0.8442 | lr: 0.00006092 | best AP50 acc: 0.0000 | best AP70 acc: 0.0000 | best mAP acc: 0.0000 | best mAR acc: 0.0000 | best Score: 0.0000 | best Score epoch: -1 
epoch  4, iter  101: loss: 0.0040 | load time: 0.0002 | back time: 0.8449 | lr: 0.00006179 | best AP50 acc: 0.0000 | best AP70 acc: 0.0000 | best mAP acc: 0.0000 | best mAR acc: 0.0000 | best Score: 0.0000 | best Score epoch: -1 
epoch  4, iter  151: loss: 0.0041 | load time: 0.0001 | back time: 0.8424 | lr: 0.00006266 | best AP50 acc: 0.0000 | best AP70 acc: 0.0000 | best mAP acc: 0.0000 | best mAR acc: 0.0000 | best Score: 0.0000 | best Score epoch: -1 
epoch  4, iter  201: loss: 0.0041 | load time: 0.0001 | back time: 0.8446 | lr: 0.00006353 | best AP50 acc: 0.0000 | best AP70 acc: 0.0000 | best mAP acc: 0.0000 | best mAR acc: 0.0000 | best Score: 0.0000 | best Score epoch: -1 
epoch  4, iter  251: loss: 0.0030 | load time: 0.0002 | back time: 0.8447 | lr: 0.00006439 | best AP50 acc: 0.0000 | best AP70 acc: 0.0000 | best mAP acc: 0.0000 | best mAR acc: 0.0000 | best Score: 0.0000 | best Score epoch: -1 
epoch  4, iter  301: loss: 0.0035 | load time: 0.0002 | back time: 0.8435 | lr: 0.00006526 | best AP50 acc: 0.0000 | best AP70 acc: 0.0000 | best mAP acc: 0.0000 | best mAR acc: 0.0000 | best Score: 0.0000 | best Score epoch: -1 
epoch  4, iter  351: loss: 0.0024 | load time: 0.0002 | back time: 0.8439 | lr: 0.00006613 | best AP50 acc: 0.0000 | best AP70 acc: 0.0000 | best mAP acc: 0.0000 | best mAR acc: 0.0000 | best Score: 0.0000 | best Score epoch: -1 
epoch  4, iter  401: loss: 0.0043 | load time: 0.0003 | back time: 0.8437 | lr: 0.00006699 | best AP50 acc: 0.0000 | best AP70 acc: 0.0000 | best mAP acc: 0.0000 | best mAR acc: 0.0000 | best Score: 0.0000 | best Score epoch: -1 
epoch  4, iter  451: loss: 0.0032 | load time: 0.0001 | back time: 0.8449 | lr: 0.00006786 | best AP50 acc: 0.0000 | best AP70 acc: 0.0000 | best mAP acc: 0.0000 | best mAR acc: 0.0000 | best Score: 0.0000 | best Score epoch: -1 
epoch  4, iter  501: loss: 0.0037 | load time: 0.0002 | back time: 0.8447 | lr: 0.00006873 | best AP50 acc: 0.0000 | best AP70 acc: 0.0000 | best mAP acc: 0.0000 | best mAR acc: 0.0000 | best Score: 0.0000 | best Score epoch: -1 
epoch  4, iter  551: loss: 0.0031 | load time: 0.0003 | back time: 0.8483 | lr: 0.00006960 | best AP50 acc: 0.0000 | best AP70 acc: 0.0000 | best mAP acc: 0.0000 | best mAR acc: 0.0000 | best Score: 0.0000 | best Score epoch: -1 
epoch  4, iter  601: loss: 0.0023 | load time: 0.0002 | back time: 0.8444 | lr: 0.00007046 | best AP50 acc: 0.0000 | best AP70 acc: 0.0000 | best mAP acc: 0.0000 | best mAR acc: 0.0000 | best Score: 0.0000 | best Score epoch: -1 
epoch  4, iter  651: loss: 0.0033 | load time: 0.0002 | back time: 0.8446 | lr: 0.00007133 | best AP50 acc: 0.0000 | best AP70 acc: 0.0000 | best mAP acc: 0.0000 | best mAR acc: 0.0000 | best Score: 0.0000 | best Score epoch: -1 
epoch  4, iter  701: loss: 0.0033 | load time: 0.0003 | back time: 0.8428 | lr: 0.00007220 | best AP50 acc: 0.0000 | best AP70 acc: 0.0000 | best mAP acc: 0.0000 | best mAR acc: 0.0000 | best Score: 0.0000 | best Score epoch: -1 
epoch  4, iter  751: loss: 0.0041 | load time: 0.0002 | back time: 0.8431 | lr: 0.00007307 | best AP50 acc: 0.0000 | best AP70 acc: 0.0000 | best mAP acc: 0.0000 | best mAR acc: 0.0000 | best Score: 0.0000 | best Score epoch: -1 
epoch  4, iter  801: loss: 0.0042 | load time: 0.0002 | back time: 0.8437 | lr: 0.00007393 | best AP50 acc: 0.0000 | best AP70 acc: 0.0000 | best mAP acc: 0.0000 | best mAR acc: 0.0000 | best Score: 0.0000 | best Score epoch: -1 
epoch  4, iter  851: loss: 0.0034 | load time: 0.0003 | back time: 0.8508 | lr: 0.00007480 | best AP50 acc: 0.0000 | best AP70 acc: 0.0000 | best mAP acc: 0.0000 | best mAR acc: 0.0000 | best Score: 0.0000 | best Score epoch: -1 
epoch  4, iter  901: loss: 0.0030 | load time: 0.0002 | back time: 0.8505 | lr: 0.00007567 | best AP50 acc: 0.0000 | best AP70 acc: 0.0000 | best mAP acc: 0.0000 | best mAR acc: 0.0000 | best Score: 0.0000 | best Score epoch: -1 
epoch  4, iter  951: loss: 0.0035 | load time: 0.0002 | back time: 0.8431 | lr: 0.00007653 | best AP50 acc: 0.0000 | best AP70 acc: 0.0000 | best mAP acc: 0.0000 | best mAR acc: 0.0000 | best Score: 0.0000 | best Score epoch: -1 
epoch  4, iter 1001: loss: 0.0045 | load time: 0.0005 | back time: 0.8450 | lr: 0.00007740 | best AP50 acc: 0.0000 | best AP70 acc: 0.0000 | best mAP acc: 0.0000 | best mAR acc: 0.0000 | best Score: 0.0000 | best Score epoch: -1 
epoch  4, iter 1051: loss: 0.0031 | load time: 0.0002 | back time: 0.8454 | lr: 0.00007827 | best AP50 acc: 0.0000 | best AP70 acc: 0.0000 | best mAP acc: 0.0000 | best mAR acc: 0.0000 | best Score: 0.0000 | best Score epoch: -1 
epoch  4, iter 1101: loss: 0.0030 | load time: 0.0002 | back time: 0.8442 | lr: 0.00007914 | best AP50 acc: 0.0000 | best AP70 acc: 0.0000 | best mAP acc: 0.0000 | best mAR acc: 0.0000 | best Score: 0.0000 | best Score epoch: -1 
epoch  4, iter 1151: loss: 0.0039 | load time: 0.0002 | back time: 0.8450 | lr: 0.00008000 | best AP50 acc: 0.0000 | best AP70 acc: 0.0000 | best mAP acc: 0.0000 | best mAR acc: 0.0000 | best Score: 0.0000 | best Score epoch: -1 
epoch  5, iter    1: loss: 0.0038 | load time: 0.0003 | back time: 0.3778 | lr: 0.00008004 | best AP50 acc: 0.0000 | best AP70 acc: 0.0000 | best mAP acc: 0.0000 | best mAR acc: 0.0000 | best Score: 0.0000 | best Score epoch: -1 
epoch  5, iter   51: loss: 0.0037 | load time: 0.0001 | back time: 0.8430 | lr: 0.00008090 | best AP50 acc: 0.0000 | best AP70 acc: 0.0000 | best mAP acc: 0.0000 | best mAR acc: 0.0000 | best Score: 0.0000 | best Score epoch: -1 
epoch  5, iter  101: loss: 0.0024 | load time: 0.0010 | back time: 0.8446 | lr: 0.00008177 | best AP50 acc: 0.0000 | best AP70 acc: 0.0000 | best mAP acc: 0.0000 | best mAR acc: 0.0000 | best Score: 0.0000 | best Score epoch: -1 
epoch  5, iter  151: loss: 0.0037 | load time: 0.0002 | back time: 0.8427 | lr: 0.00008264 | best AP50 acc: 0.0000 | best AP70 acc: 0.0000 | best mAP acc: 0.0000 | best mAR acc: 0.0000 | best Score: 0.0000 | best Score epoch: -1 
epoch  5, iter  201: loss: 0.0019 | load time: 0.0002 | back time: 0.8454 | lr: 0.00008351 | best AP50 acc: 0.0000 | best AP70 acc: 0.0000 | best mAP acc: 0.0000 | best mAR acc: 0.0000 | best Score: 0.0000 | best Score epoch: -1 
epoch  5, iter  251: loss: 0.0034 | load time: 0.0003 | back time: 0.8456 | lr: 0.00008437 | best AP50 acc: 0.0000 | best AP70 acc: 0.0000 | best mAP acc: 0.0000 | best mAR acc: 0.0000 | best Score: 0.0000 | best Score epoch: -1 
epoch  5, iter  301: loss: 0.0038 | load time: 0.0003 | back time: 0.8454 | lr: 0.00008524 | best AP50 acc: 0.0000 | best AP70 acc: 0.0000 | best mAP acc: 0.0000 | best mAR acc: 0.0000 | best Score: 0.0000 | best Score epoch: -1 
epoch  5, iter  351: loss: 0.0041 | load time: 0.0001 | back time: 0.8435 | lr: 0.00008611 | best AP50 acc: 0.0000 | best AP70 acc: 0.0000 | best mAP acc: 0.0000 | best mAR acc: 0.0000 | best Score: 0.0000 | best Score epoch: -1 
epoch  5, iter  401: loss: 0.0042 | load time: 0.0003 | back time: 0.8455 | lr: 0.00008697 | best AP50 acc: 0.0000 | best AP70 acc: 0.0000 | best mAP acc: 0.0000 | best mAR acc: 0.0000 | best Score: 0.0000 | best Score epoch: -1 
epoch  5, iter  451: loss: 0.0021 | load time: 0.0002 | back time: 0.8431 | lr: 0.00008784 | best AP50 acc: 0.0000 | best AP70 acc: 0.0000 | best mAP acc: 0.0000 | best mAR acc: 0.0000 | best Score: 0.0000 | best Score epoch: -1 
epoch  5, iter  501: loss: 0.0030 | load time: 0.0002 | back time: 0.8438 | lr: 0.00008871 | best AP50 acc: 0.0000 | best AP70 acc: 0.0000 | best mAP acc: 0.0000 | best mAR acc: 0.0000 | best Score: 0.0000 | best Score epoch: -1 
epoch  5, iter  551: loss: 0.0043 | load time: 0.0002 | back time: 0.8434 | lr: 0.00008958 | best AP50 acc: 0.0000 | best AP70 acc: 0.0000 | best mAP acc: 0.0000 | best mAR acc: 0.0000 | best Score: 0.0000 | best Score epoch: -1 
epoch  5, iter  601: loss: 0.0026 | load time: 0.0003 | back time: 0.8472 | lr: 0.00009044 | best AP50 acc: 0.0000 | best AP70 acc: 0.0000 | best mAP acc: 0.0000 | best mAR acc: 0.0000 | best Score: 0.0000 | best Score epoch: -1 
epoch  5, iter  651: loss: 0.0036 | load time: 0.0003 | back time: 0.8436 | lr: 0.00009131 | best AP50 acc: 0.0000 | best AP70 acc: 0.0000 | best mAP acc: 0.0000 | best mAR acc: 0.0000 | best Score: 0.0000 | best Score epoch: -1 
epoch  5, iter  701: loss: 0.0041 | load time: 0.0002 | back time: 0.8454 | lr: 0.00009218 | best AP50 acc: 0.0000 | best AP70 acc: 0.0000 | best mAP acc: 0.0000 | best mAR acc: 0.0000 | best Score: 0.0000 | best Score epoch: -1 
epoch  5, iter  751: loss: 0.0020 | load time: 0.0002 | back time: 0.8458 | lr: 0.00009305 | best AP50 acc: 0.0000 | best AP70 acc: 0.0000 | best mAP acc: 0.0000 | best mAR acc: 0.0000 | best Score: 0.0000 | best Score epoch: -1 
epoch  5, iter  801: loss: 0.0050 | load time: 0.0003 | back time: 0.8448 | lr: 0.00009391 | best AP50 acc: 0.0000 | best AP70 acc: 0.0000 | best mAP acc: 0.0000 | best mAR acc: 0.0000 | best Score: 0.0000 | best Score epoch: -1 
epoch  5, iter  851: loss: 0.0043 | load time: 0.0002 | back time: 0.8461 | lr: 0.00009478 | best AP50 acc: 0.0000 | best AP70 acc: 0.0000 | best mAP acc: 0.0000 | best mAR acc: 0.0000 | best Score: 0.0000 | best Score epoch: -1 
epoch  5, iter  901: loss: 0.0031 | load time: 0.0002 | back time: 0.8438 | lr: 0.00009565 | best AP50 acc: 0.0000 | best AP70 acc: 0.0000 | best mAP acc: 0.0000 | best mAR acc: 0.0000 | best Score: 0.0000 | best Score epoch: -1 
epoch  5, iter  951: loss: 0.0033 | load time: 0.0003 | back time: 0.8430 | lr: 0.00009651 | best AP50 acc: 0.0000 | best AP70 acc: 0.0000 | best mAP acc: 0.0000 | best mAR acc: 0.0000 | best Score: 0.0000 | best Score epoch: -1 
epoch  5, iter 1001: loss: 0.0034 | load time: 0.0002 | back time: 0.8420 | lr: 0.00009738 | best AP50 acc: 0.0000 | best AP70 acc: 0.0000 | best mAP acc: 0.0000 | best mAR acc: 0.0000 | best Score: 0.0000 | best Score epoch: -1 
epoch  5, iter 1051: loss: 0.0034 | load time: 0.0002 | back time: 0.8429 | lr: 0.00009825 | best AP50 acc: 0.0000 | best AP70 acc: 0.0000 | best mAP acc: 0.0000 | best mAR acc: 0.0000 | best Score: 0.0000 | best Score epoch: -1 
epoch  5, iter 1101: loss: 0.0018 | load time: 0.0002 | back time: 0.8442 | lr: 0.00009912 | best AP50 acc: 0.0000 | best AP70 acc: 0.0000 | best mAP acc: 0.0000 | best mAR acc: 0.0000 | best Score: 0.0000 | best Score epoch: -1 
epoch  5, iter 1151: loss: 0.0033 | load time: 0.0011 | back time: 0.8435 | lr: 0.00009998 | best AP50 acc: 0.0000 | best AP70 acc: 0.0000 | best mAP acc: 0.0000 | best mAR acc: 0.0000 | best Score: 0.0000 | best Score epoch: -1 
epoch  6, iter    1: loss: 0.0026 | load time: 0.0003 | back time: 0.3606 | lr: 0.00010000 | best AP50 acc: 0.0000 | best AP70 acc: 0.0000 | best mAP acc: 0.0000 | best mAR acc: 0.0000 | best Score: 0.0000 | best Score epoch: -1 
epoch  6, iter   51: loss: 0.0027 | load time: 0.0002 | back time: 0.8445 | lr: 0.00010000 | best AP50 acc: 0.0000 | best AP70 acc: 0.0000 | best mAP acc: 0.0000 | best mAR acc: 0.0000 | best Score: 0.0000 | best Score epoch: -1 
epoch  6, iter  101: loss: 0.0026 | load time: 0.0001 | back time: 0.8440 | lr: 0.00010000 | best AP50 acc: 0.0000 | best AP70 acc: 0.0000 | best mAP acc: 0.0000 | best mAR acc: 0.0000 | best Score: 0.0000 | best Score epoch: -1 
epoch  6, iter  151: loss: 0.0044 | load time: 0.0002 | back time: 0.8438 | lr: 0.00010000 | best AP50 acc: 0.0000 | best AP70 acc: 0.0000 | best mAP acc: 0.0000 | best mAR acc: 0.0000 | best Score: 0.0000 | best Score epoch: -1 
epoch  6, iter  201: loss: 0.0028 | load time: 0.0001 | back time: 0.8455 | lr: 0.00010000 | best AP50 acc: 0.0000 | best AP70 acc: 0.0000 | best mAP acc: 0.0000 | best mAR acc: 0.0000 | best Score: 0.0000 | best Score epoch: -1 
epoch  6, iter  251: loss: 0.0028 | load time: 0.0003 | back time: 0.8453 | lr: 0.00010000 | best AP50 acc: 0.0000 | best AP70 acc: 0.0000 | best mAP acc: 0.0000 | best mAR acc: 0.0000 | best Score: 0.0000 | best Score epoch: -1 
epoch  6, iter  301: loss: 0.0027 | load time: 0.0001 | back time: 0.8453 | lr: 0.00009999 | best AP50 acc: 0.0000 | best AP70 acc: 0.0000 | best mAP acc: 0.0000 | best mAR acc: 0.0000 | best Score: 0.0000 | best Score epoch: -1 
epoch  6, iter  351: loss: 0.0022 | load time: 0.0002 | back time: 0.8481 | lr: 0.00009999 | best AP50 acc: 0.0000 | best AP70 acc: 0.0000 | best mAP acc: 0.0000 | best mAR acc: 0.0000 | best Score: 0.0000 | best Score epoch: -1 
epoch  6, iter  401: loss: 0.0017 | load time: 0.0002 | back time: 0.8454 | lr: 0.00009999 | best AP50 acc: 0.0000 | best AP70 acc: 0.0000 | best mAP acc: 0.0000 | best mAR acc: 0.0000 | best Score: 0.0000 | best Score epoch: -1 
epoch  6, iter  451: loss: 0.0032 | load time: 0.0002 | back time: 0.8449 | lr: 0.00009999 | best AP50 acc: 0.0000 | best AP70 acc: 0.0000 | best mAP acc: 0.0000 | best mAR acc: 0.0000 | best Score: 0.0000 | best Score epoch: -1 
epoch  6, iter  501: loss: 0.0037 | load time: 0.0002 | back time: 0.8439 | lr: 0.00009998 | best AP50 acc: 0.0000 | best AP70 acc: 0.0000 | best mAP acc: 0.0000 | best mAR acc: 0.0000 | best Score: 0.0000 | best Score epoch: -1 
epoch  6, iter  551: loss: 0.0028 | load time: 0.0002 | back time: 0.8456 | lr: 0.00009998 | best AP50 acc: 0.0000 | best AP70 acc: 0.0000 | best mAP acc: 0.0000 | best mAR acc: 0.0000 | best Score: 0.0000 | best Score epoch: -1 
epoch  6, iter  601: loss: 0.0043 | load time: 0.0001 | back time: 0.8442 | lr: 0.00009997 | best AP50 acc: 0.0000 | best AP70 acc: 0.0000 | best mAP acc: 0.0000 | best mAR acc: 0.0000 | best Score: 0.0000 | best Score epoch: -1 
epoch  6, iter  651: loss: 0.0030 | load time: 0.0002 | back time: 0.8449 | lr: 0.00009997 | best AP50 acc: 0.0000 | best AP70 acc: 0.0000 | best mAP acc: 0.0000 | best mAR acc: 0.0000 | best Score: 0.0000 | best Score epoch: -1 
epoch  6, iter  701: loss: 0.0027 | load time: 0.0003 | back time: 0.8454 | lr: 0.00009996 | best AP50 acc: 0.0000 | best AP70 acc: 0.0000 | best mAP acc: 0.0000 | best mAR acc: 0.0000 | best Score: 0.0000 | best Score epoch: -1 
epoch  6, iter  751: loss: 0.0014 | load time: 0.0003 | back time: 0.8443 | lr: 0.00009996 | best AP50 acc: 0.0000 | best AP70 acc: 0.0000 | best mAP acc: 0.0000 | best mAR acc: 0.0000 | best Score: 0.0000 | best Score epoch: -1 
epoch  6, iter  801: loss: 0.0038 | load time: 0.0002 | back time: 0.8443 | lr: 0.00009995 | best AP50 acc: 0.0000 | best AP70 acc: 0.0000 | best mAP acc: 0.0000 | best mAR acc: 0.0000 | best Score: 0.0000 | best Score epoch: -1 
epoch  6, iter  851: loss: 0.0040 | load time: 0.0002 | back time: 0.8453 | lr: 0.00009995 | best AP50 acc: 0.0000 | best AP70 acc: 0.0000 | best mAP acc: 0.0000 | best mAR acc: 0.0000 | best Score: 0.0000 | best Score epoch: -1 
epoch  6, iter  901: loss: 0.0029 | load time: 0.0003 | back time: 0.8456 | lr: 0.00009994 | best AP50 acc: 0.0000 | best AP70 acc: 0.0000 | best mAP acc: 0.0000 | best mAR acc: 0.0000 | best Score: 0.0000 | best Score epoch: -1 
epoch  6, iter  951: loss: 0.0028 | load time: 0.0002 | back time: 0.8468 | lr: 0.00009993 | best AP50 acc: 0.0000 | best AP70 acc: 0.0000 | best mAP acc: 0.0000 | best mAR acc: 0.0000 | best Score: 0.0000 | best Score epoch: -1 
epoch  6, iter 1001: loss: 0.0036 | load time: 0.0002 | back time: 0.8456 | lr: 0.00009993 | best AP50 acc: 0.0000 | best AP70 acc: 0.0000 | best mAP acc: 0.0000 | best mAR acc: 0.0000 | best Score: 0.0000 | best Score epoch: -1 
epoch  6, iter 1051: loss: 0.0026 | load time: 0.0003 | back time: 0.8456 | lr: 0.00009992 | best AP50 acc: 0.0000 | best AP70 acc: 0.0000 | best mAP acc: 0.0000 | best mAR acc: 0.0000 | best Score: 0.0000 | best Score epoch: -1 
epoch  6, iter 1101: loss: 0.0027 | load time: 0.0002 | back time: 0.8435 | lr: 0.00009991 | best AP50 acc: 0.0000 | best AP70 acc: 0.0000 | best mAP acc: 0.0000 | best mAR acc: 0.0000 | best Score: 0.0000 | best Score epoch: -1 
epoch  6, iter 1151: loss: 0.0023 | load time: 0.0004 | back time: 0.8436 | lr: 0.00009990 | best AP50 acc: 0.0000 | best AP70 acc: 0.0000 | best mAP acc: 0.0000 | best mAR acc: 0.0000 | best Score: 0.0000 | best Score epoch: -1 
UAV_SEQS_2 | mAP50:90: 42.7068 | AP50: 79.1084 | AP70: 40.1317 
UAV_SEQS_37 | mAP50:90: 74.0253 | AP50: 98.3069 | AP70: 82.2045 
UAV_SEQS_45 | mAP50:90: 95.0741 | AP50: 100.0000 | AP70: 100.0000 
UAV_SEQS_47 | mAP50:90: 98.9549 | AP50: 100.0000 | AP70: 100.0000 
UAV_SEQS_55 | mAP50:90: 22.2443 | AP50: 42.3541 | AP70: 19.8725 
UAV_SEQS_59 | mAP50:90: 55.0311 | AP50: 89.8402 | AP70: 58.3621 
UAV_SEQS_6 | mAP50:90: 34.7000 | AP50: 48.1538 | AP70: 33.7897 
UAV_SEQS_63 | mAP50:90: 22.5313 | AP50: 69.3627 | AP70: 2.4757 
UAV_SEQS_65 | mAP50:90: 88.6222 | AP50: 97.5097 | AP70: 91.6992 
UAV_SEQS_7 | mAP50:90: 23.6454 | AP50: 90.7987 | AP70: 1.0505 
UAV_SEQS_71 | mAP50:90: 68.5908 | AP50: 95.0495 | AP70: 79.2412 
UAV_SEQS_73 | mAP50:90: 63.1632 | AP50: 82.5637 | AP70: 68.7234 
UAV_SEQS_74 | mAP50:90: 100.0000 | AP50: 100.0000 | AP70: 100.0000 
UAV_SEQS_77 | mAP50:90: 18.7719 | AP50: 38.6139 | AP70: 14.6075 
UAV_SEQS_8 | mAP50:90: 53.1671 | AP50: 100.0000 | AP70: 67.5373 
Overall            | mAP50:95: 58.5345 | AP50: 83.3488 | AP70: 57.1110 
epoch  7, iter    1: loss: 0.0010 | load time: 0.0034 | back time: 0.4648 | lr: 0.00009990 | best AP50 acc: 0.8335 | best AP70 acc: 0.5711 | best mAP acc: 0.5853 | best mAR acc: 0.6523 | best Score: 0.5853 | best Score epoch:  6 
epoch  7, iter   51: loss: 0.0029 | load time: 0.0002 | back time: 0.8357 | lr: 0.00009989 | best AP50 acc: 0.8335 | best AP70 acc: 0.5711 | best mAP acc: 0.5853 | best mAR acc: 0.6523 | best Score: 0.5853 | best Score epoch:  6 
epoch  7, iter  101: loss: 0.0017 | load time: 0.0002 | back time: 0.8426 | lr: 0.00009988 | best AP50 acc: 0.8335 | best AP70 acc: 0.5711 | best mAP acc: 0.5853 | best mAR acc: 0.6523 | best Score: 0.5853 | best Score epoch:  6 
epoch  7, iter  151: loss: 0.0034 | load time: 0.0003 | back time: 0.8436 | lr: 0.00009988 | best AP50 acc: 0.8335 | best AP70 acc: 0.5711 | best mAP acc: 0.5853 | best mAR acc: 0.6523 | best Score: 0.5853 | best Score epoch:  6 
epoch  7, iter  201: loss: 0.0029 | load time: 0.0002 | back time: 0.8495 | lr: 0.00009987 | best AP50 acc: 0.8335 | best AP70 acc: 0.5711 | best mAP acc: 0.5853 | best mAR acc: 0.6523 | best Score: 0.5853 | best Score epoch:  6 
epoch  7, iter  251: loss: 0.0034 | load time: 0.0001 | back time: 0.8450 | lr: 0.00009986 | best AP50 acc: 0.8335 | best AP70 acc: 0.5711 | best mAP acc: 0.5853 | best mAR acc: 0.6523 | best Score: 0.5853 | best Score epoch:  6 
epoch  7, iter  301: loss: 0.0039 | load time: 0.0002 | back time: 0.8456 | lr: 0.00009984 | best AP50 acc: 0.8335 | best AP70 acc: 0.5711 | best mAP acc: 0.5853 | best mAR acc: 0.6523 | best Score: 0.5853 | best Score epoch:  6 
epoch  7, iter  351: loss: 0.0042 | load time: 0.0003 | back time: 0.8460 | lr: 0.00009983 | best AP50 acc: 0.8335 | best AP70 acc: 0.5711 | best mAP acc: 0.5853 | best mAR acc: 0.6523 | best Score: 0.5853 | best Score epoch:  6 
epoch  7, iter  401: loss: 0.0019 | load time: 0.0002 | back time: 0.8461 | lr: 0.00009982 | best AP50 acc: 0.8335 | best AP70 acc: 0.5711 | best mAP acc: 0.5853 | best mAR acc: 0.6523 | best Score: 0.5853 | best Score epoch:  6 
epoch  7, iter  451: loss: 0.0032 | load time: 0.0002 | back time: 0.8440 | lr: 0.00009981 | best AP50 acc: 0.8335 | best AP70 acc: 0.5711 | best mAP acc: 0.5853 | best mAR acc: 0.6523 | best Score: 0.5853 | best Score epoch:  6 
epoch  7, iter  501: loss: 0.0026 | load time: 0.0002 | back time: 0.8518 | lr: 0.00009980 | best AP50 acc: 0.8335 | best AP70 acc: 0.5711 | best mAP acc: 0.5853 | best mAR acc: 0.6523 | best Score: 0.5853 | best Score epoch:  6 
epoch  7, iter  551: loss: 0.0031 | load time: 0.0002 | back time: 0.8444 | lr: 0.00009979 | best AP50 acc: 0.8335 | best AP70 acc: 0.5711 | best mAP acc: 0.5853 | best mAR acc: 0.6523 | best Score: 0.5853 | best Score epoch:  6 
epoch  7, iter  601: loss: 0.0027 | load time: 0.0002 | back time: 0.8446 | lr: 0.00009977 | best AP50 acc: 0.8335 | best AP70 acc: 0.5711 | best mAP acc: 0.5853 | best mAR acc: 0.6523 | best Score: 0.5853 | best Score epoch:  6 
epoch  7, iter  651: loss: 0.0037 | load time: 0.0002 | back time: 0.8449 | lr: 0.00009976 | best AP50 acc: 0.8335 | best AP70 acc: 0.5711 | best mAP acc: 0.5853 | best mAR acc: 0.6523 | best Score: 0.5853 | best Score epoch:  6 
epoch  7, iter  701: loss: 0.0038 | load time: 0.0002 | back time: 0.8452 | lr: 0.00009975 | best AP50 acc: 0.8335 | best AP70 acc: 0.5711 | best mAP acc: 0.5853 | best mAR acc: 0.6523 | best Score: 0.5853 | best Score epoch:  6 
epoch  7, iter  751: loss: 0.0028 | load time: 0.0002 | back time: 0.8436 | lr: 0.00009973 | best AP50 acc: 0.8335 | best AP70 acc: 0.5711 | best mAP acc: 0.5853 | best mAR acc: 0.6523 | best Score: 0.5853 | best Score epoch:  6 
epoch  7, iter  801: loss: 0.0029 | load time: 0.0002 | back time: 0.8416 | lr: 0.00009972 | best AP50 acc: 0.8335 | best AP70 acc: 0.5711 | best mAP acc: 0.5853 | best mAR acc: 0.6523 | best Score: 0.5853 | best Score epoch:  6 
epoch  7, iter  851: loss: 0.0035 | load time: 0.0002 | back time: 0.8335 | lr: 0.00009970 | best AP50 acc: 0.8335 | best AP70 acc: 0.5711 | best mAP acc: 0.5853 | best mAR acc: 0.6523 | best Score: 0.5853 | best Score epoch:  6 
epoch  7, iter  901: loss: 0.0035 | load time: 0.0002 | back time: 0.8135 | lr: 0.00009969 | best AP50 acc: 0.8335 | best AP70 acc: 0.5711 | best mAP acc: 0.5853 | best mAR acc: 0.6523 | best Score: 0.5853 | best Score epoch:  6 
epoch  7, iter  951: loss: 0.0021 | load time: 0.0002 | back time: 0.8112 | lr: 0.00009967 | best AP50 acc: 0.8335 | best AP70 acc: 0.5711 | best mAP acc: 0.5853 | best mAR acc: 0.6523 | best Score: 0.5853 | best Score epoch:  6 
epoch  7, iter 1001: loss: 0.0030 | load time: 0.0002 | back time: 0.8220 | lr: 0.00009966 | best AP50 acc: 0.8335 | best AP70 acc: 0.5711 | best mAP acc: 0.5853 | best mAR acc: 0.6523 | best Score: 0.5853 | best Score epoch:  6 
epoch  7, iter 1051: loss: 0.0037 | load time: 0.0002 | back time: 0.8488 | lr: 0.00009964 | best AP50 acc: 0.8335 | best AP70 acc: 0.5711 | best mAP acc: 0.5853 | best mAR acc: 0.6523 | best Score: 0.5853 | best Score epoch:  6 
epoch  7, iter 1101: loss: 0.0011 | load time: 0.0002 | back time: 0.8283 | lr: 0.00009963 | best AP50 acc: 0.8335 | best AP70 acc: 0.5711 | best mAP acc: 0.5853 | best mAR acc: 0.6523 | best Score: 0.5853 | best Score epoch:  6 
epoch  7, iter 1151: loss: 0.0038 | load time: 0.0002 | back time: 0.8188 | lr: 0.00009961 | best AP50 acc: 0.8335 | best AP70 acc: 0.5711 | best mAP acc: 0.5853 | best mAR acc: 0.6523 | best Score: 0.5853 | best Score epoch:  6 
UAV_SEQS_2 | mAP50:90: 40.2929 | AP50: 63.1532 | AP70: 40.5488 
UAV_SEQS_37 | mAP50:90: 87.3701 | AP50: 100.0000 | AP70: 96.3852 
UAV_SEQS_45 | mAP50:90: 90.3001 | AP50: 100.0000 | AP70: 100.0000 
UAV_SEQS_47 | mAP50:90: 99.5798 | AP50: 100.0000 | AP70: 100.0000 
UAV_SEQS_55 | mAP50:90: 39.8506 | AP50: 69.9028 | AP70: 37.8960 
UAV_SEQS_59 | mAP50:90: 77.7674 | AP50: 100.0000 | AP70: 91.1308 
UAV_SEQS_6 | mAP50:90: 41.9320 | AP50: 54.5560 | AP70: 48.0443 
UAV_SEQS_63 | mAP50:90: 0.0030 | AP50: 0.0273 | AP70: 0.0000 
UAV_SEQS_65 | mAP50:90: 76.0308 | AP50: 93.3028 | AP70: 86.0362 
UAV_SEQS_7 | mAP50:90: 35.6725 | AP50: 97.9119 | AP70: 7.1782 
UAV_SEQS_71 | mAP50:90: 64.4957 | AP50: 94.2523 | AP70: 67.8772 
UAV_SEQS_73 | mAP50:90: 67.1982 | AP50: 89.0893 | AP70: 76.9433 
UAV_SEQS_74 | mAP50:90: 93.8426 | AP50: 100.0000 | AP70: 100.0000 
UAV_SEQS_77 | mAP50:90: 39.2030 | AP50: 46.5347 | AP70: 42.0631 
UAV_SEQS_8 | mAP50:90: 74.8913 | AP50: 100.0000 | AP70: 87.4851 
Overall            | mAP50:95: 60.7543 | AP50: 80.4508 | AP70: 62.8572 
epoch  8, iter    1: loss: 0.0025 | load time: 0.0044 | back time: 0.4403 | lr: 0.00009961 | best AP50 acc: 0.8045 | best AP70 acc: 0.6286 | best mAP acc: 0.6075 | best mAR acc: 0.6906 | best Score: 0.6075 | best Score epoch:  7 
epoch  8, iter   51: loss: 0.0026 | load time: 0.0004 | back time: 0.8245 | lr: 0.00009959 | best AP50 acc: 0.8045 | best AP70 acc: 0.6286 | best mAP acc: 0.6075 | best mAR acc: 0.6906 | best Score: 0.6075 | best Score epoch:  7 
epoch  8, iter  101: loss: 0.0029 | load time: 0.0004 | back time: 0.8309 | lr: 0.00009957 | best AP50 acc: 0.8045 | best AP70 acc: 0.6286 | best mAP acc: 0.6075 | best mAR acc: 0.6906 | best Score: 0.6075 | best Score epoch:  7 
epoch  8, iter  151: loss: 0.0032 | load time: 0.0002 | back time: 0.8322 | lr: 0.00009956 | best AP50 acc: 0.8045 | best AP70 acc: 0.6286 | best mAP acc: 0.6075 | best mAR acc: 0.6906 | best Score: 0.6075 | best Score epoch:  7 
epoch  8, iter  201: loss: 0.0020 | load time: 0.0002 | back time: 0.8324 | lr: 0.00009954 | best AP50 acc: 0.8045 | best AP70 acc: 0.6286 | best mAP acc: 0.6075 | best mAR acc: 0.6906 | best Score: 0.6075 | best Score epoch:  7 
epoch  8, iter  251: loss: 0.0017 | load time: 0.0003 | back time: 0.8328 | lr: 0.00009952 | best AP50 acc: 0.8045 | best AP70 acc: 0.6286 | best mAP acc: 0.6075 | best mAR acc: 0.6906 | best Score: 0.6075 | best Score epoch:  7 
epoch  8, iter  301: loss: 0.0015 | load time: 0.0003 | back time: 0.8347 | lr: 0.00009950 | best AP50 acc: 0.8045 | best AP70 acc: 0.6286 | best mAP acc: 0.6075 | best mAR acc: 0.6906 | best Score: 0.6075 | best Score epoch:  7 
epoch  8, iter  351: loss: 0.0024 | load time: 0.0002 | back time: 0.8385 | lr: 0.00009948 | best AP50 acc: 0.8045 | best AP70 acc: 0.6286 | best mAP acc: 0.6075 | best mAR acc: 0.6906 | best Score: 0.6075 | best Score epoch:  7 
epoch  8, iter  401: loss: 0.0032 | load time: 0.0001 | back time: 0.8399 | lr: 0.00009946 | best AP50 acc: 0.8045 | best AP70 acc: 0.6286 | best mAP acc: 0.6075 | best mAR acc: 0.6906 | best Score: 0.6075 | best Score epoch:  7 
epoch  8, iter  451: loss: 0.0007 | load time: 0.0002 | back time: 0.8368 | lr: 0.00009944 | best AP50 acc: 0.8045 | best AP70 acc: 0.6286 | best mAP acc: 0.6075 | best mAR acc: 0.6906 | best Score: 0.6075 | best Score epoch:  7 
epoch  8, iter  501: loss: 0.0027 | load time: 0.0003 | back time: 0.8408 | lr: 0.00009942 | best AP50 acc: 0.8045 | best AP70 acc: 0.6286 | best mAP acc: 0.6075 | best mAR acc: 0.6906 | best Score: 0.6075 | best Score epoch:  7 
epoch  8, iter  551: loss: 0.0031 | load time: 0.0002 | back time: 0.8363 | lr: 0.00009940 | best AP50 acc: 0.8045 | best AP70 acc: 0.6286 | best mAP acc: 0.6075 | best mAR acc: 0.6906 | best Score: 0.6075 | best Score epoch:  7 
epoch  8, iter  601: loss: 0.0029 | load time: 0.0002 | back time: 0.8333 | lr: 0.00009938 | best AP50 acc: 0.8045 | best AP70 acc: 0.6286 | best mAP acc: 0.6075 | best mAR acc: 0.6906 | best Score: 0.6075 | best Score epoch:  7 
epoch  8, iter  651: loss: 0.0029 | load time: 0.0002 | back time: 0.8396 | lr: 0.00009936 | best AP50 acc: 0.8045 | best AP70 acc: 0.6286 | best mAP acc: 0.6075 | best mAR acc: 0.6906 | best Score: 0.6075 | best Score epoch:  7 
epoch  8, iter  701: loss: 0.0027 | load time: 0.0001 | back time: 0.8393 | lr: 0.00009934 | best AP50 acc: 0.8045 | best AP70 acc: 0.6286 | best mAP acc: 0.6075 | best mAR acc: 0.6906 | best Score: 0.6075 | best Score epoch:  7 
epoch  8, iter  751: loss: 0.0039 | load time: 0.0001 | back time: 0.8400 | lr: 0.00009931 | best AP50 acc: 0.8045 | best AP70 acc: 0.6286 | best mAP acc: 0.6075 | best mAR acc: 0.6906 | best Score: 0.6075 | best Score epoch:  7 
epoch  8, iter  801: loss: 0.0026 | load time: 0.0001 | back time: 0.8393 | lr: 0.00009929 | best AP50 acc: 0.8045 | best AP70 acc: 0.6286 | best mAP acc: 0.6075 | best mAR acc: 0.6906 | best Score: 0.6075 | best Score epoch:  7 
epoch  8, iter  851: loss: 0.0025 | load time: 0.0002 | back time: 0.8391 | lr: 0.00009927 | best AP50 acc: 0.8045 | best AP70 acc: 0.6286 | best mAP acc: 0.6075 | best mAR acc: 0.6906 | best Score: 0.6075 | best Score epoch:  7 
epoch  8, iter  901: loss: 0.0047 | load time: 0.0003 | back time: 0.8492 | lr: 0.00009925 | best AP50 acc: 0.8045 | best AP70 acc: 0.6286 | best mAP acc: 0.6075 | best mAR acc: 0.6906 | best Score: 0.6075 | best Score epoch:  7 
epoch  8, iter  951: loss: 0.0017 | load time: 0.0004 | back time: 0.8373 | lr: 0.00009922 | best AP50 acc: 0.8045 | best AP70 acc: 0.6286 | best mAP acc: 0.6075 | best mAR acc: 0.6906 | best Score: 0.6075 | best Score epoch:  7 
epoch  8, iter 1001: loss: 0.0025 | load time: 0.0003 | back time: 0.8383 | lr: 0.00009920 | best AP50 acc: 0.8045 | best AP70 acc: 0.6286 | best mAP acc: 0.6075 | best mAR acc: 0.6906 | best Score: 0.6075 | best Score epoch:  7 
epoch  8, iter 1051: loss: 0.0026 | load time: 0.0002 | back time: 0.8389 | lr: 0.00009917 | best AP50 acc: 0.8045 | best AP70 acc: 0.6286 | best mAP acc: 0.6075 | best mAR acc: 0.6906 | best Score: 0.6075 | best Score epoch:  7 
epoch  8, iter 1101: loss: 0.0012 | load time: 0.0001 | back time: 0.8394 | lr: 0.00009915 | best AP50 acc: 0.8045 | best AP70 acc: 0.6286 | best mAP acc: 0.6075 | best mAR acc: 0.6906 | best Score: 0.6075 | best Score epoch:  7 
epoch  8, iter 1151: loss: 0.0024 | load time: 0.0001 | back time: 0.8412 | lr: 0.00009912 | best AP50 acc: 0.8045 | best AP70 acc: 0.6286 | best mAP acc: 0.6075 | best mAR acc: 0.6906 | best Score: 0.6075 | best Score epoch:  7 
UAV_SEQS_2 | mAP50:90: 41.5019 | AP50: 73.5678 | AP70: 39.6246 
UAV_SEQS_37 | mAP50:90: 92.9134 | AP50: 100.0000 | AP70: 97.6372 
UAV_SEQS_45 | mAP50:90: 97.4573 | AP50: 100.0000 | AP70: 100.0000 
UAV_SEQS_47 | mAP50:90: 99.4126 | AP50: 100.0000 | AP70: 100.0000 
UAV_SEQS_55 | mAP50:90: 44.5368 | AP50: 73.0326 | AP70: 45.8017 
UAV_SEQS_59 | mAP50:90: 71.8479 | AP50: 96.7853 | AP70: 76.7864 
UAV_SEQS_6 | mAP50:90: 45.4704 | AP50: 54.9322 | AP70: 48.0503 
UAV_SEQS_63 | mAP50:90: 4.8676 | AP50: 26.1625 | AP70: 0.0000 
UAV_SEQS_65 | mAP50:90: 86.6727 | AP50: 96.1618 | AP70: 90.9413 
UAV_SEQS_7 | mAP50:90: 69.7960 | AP50: 100.0000 | AP70: 82.8761 
UAV_SEQS_71 | mAP50:90: 69.6871 | AP50: 95.8884 | AP70: 76.3183 
UAV_SEQS_73 | mAP50:90: 63.2706 | AP50: 88.4364 | AP70: 72.2755 
UAV_SEQS_74 | mAP50:90: 99.7213 | AP50: 100.0000 | AP70: 100.0000 
UAV_SEQS_77 | mAP50:90: 3.7655 | AP50: 4.5105 | AP70: 4.4890 
UAV_SEQS_8 | mAP50:90: 81.7327 | AP50: 100.0000 | AP70: 96.4026 
Overall            | mAP50:95: 65.3319 | AP50: 81.3108 | AP70: 68.9643 
epoch  9, iter    1: loss: 0.0022 | load time: 0.0037 | back time: 0.3805 | lr: 0.00009912 | best AP50 acc: 0.8131 | best AP70 acc: 0.6896 | best mAP acc: 0.6533 | best mAR acc: 0.7164 | best Score: 0.6533 | best Score epoch:  8 
epoch  9, iter   51: loss: 0.0021 | load time: 0.0001 | back time: 0.8346 | lr: 0.00009910 | best AP50 acc: 0.8131 | best AP70 acc: 0.6896 | best mAP acc: 0.6533 | best mAR acc: 0.7164 | best Score: 0.6533 | best Score epoch:  8 
epoch  9, iter  101: loss: 0.0033 | load time: 0.0001 | back time: 0.8391 | lr: 0.00009907 | best AP50 acc: 0.8131 | best AP70 acc: 0.6896 | best mAP acc: 0.6533 | best mAR acc: 0.7164 | best Score: 0.6533 | best Score epoch:  8 
epoch  9, iter  151: loss: 0.0015 | load time: 0.0003 | back time: 0.8393 | lr: 0.00009905 | best AP50 acc: 0.8131 | best AP70 acc: 0.6896 | best mAP acc: 0.6533 | best mAR acc: 0.7164 | best Score: 0.6533 | best Score epoch:  8 
epoch  9, iter  201: loss: 0.0018 | load time: 0.0002 | back time: 0.8464 | lr: 0.00009902 | best AP50 acc: 0.8131 | best AP70 acc: 0.6896 | best mAP acc: 0.6533 | best mAR acc: 0.7164 | best Score: 0.6533 | best Score epoch:  8 
epoch  9, iter  251: loss: 0.0021 | load time: 0.0002 | back time: 0.8390 | lr: 0.00009899 | best AP50 acc: 0.8131 | best AP70 acc: 0.6896 | best mAP acc: 0.6533 | best mAR acc: 0.7164 | best Score: 0.6533 | best Score epoch:  8 
epoch  9, iter  301: loss: 0.0013 | load time: 0.0002 | back time: 0.8420 | lr: 0.00009896 | best AP50 acc: 0.8131 | best AP70 acc: 0.6896 | best mAP acc: 0.6533 | best mAR acc: 0.7164 | best Score: 0.6533 | best Score epoch:  8 
epoch  9, iter  351: loss: 0.0036 | load time: 0.0002 | back time: 0.8412 | lr: 0.00009894 | best AP50 acc: 0.8131 | best AP70 acc: 0.6896 | best mAP acc: 0.6533 | best mAR acc: 0.7164 | best Score: 0.6533 | best Score epoch:  8 
epoch  9, iter  401: loss: 0.0027 | load time: 0.0001 | back time: 0.8434 | lr: 0.00009891 | best AP50 acc: 0.8131 | best AP70 acc: 0.6896 | best mAP acc: 0.6533 | best mAR acc: 0.7164 | best Score: 0.6533 | best Score epoch:  8 
epoch  9, iter  451: loss: 0.0024 | load time: 0.0002 | back time: 0.8419 | lr: 0.00009888 | best AP50 acc: 0.8131 | best AP70 acc: 0.6896 | best mAP acc: 0.6533 | best mAR acc: 0.7164 | best Score: 0.6533 | best Score epoch:  8 
epoch  9, iter  501: loss: 0.0027 | load time: 0.0002 | back time: 0.8382 | lr: 0.00009885 | best AP50 acc: 0.8131 | best AP70 acc: 0.6896 | best mAP acc: 0.6533 | best mAR acc: 0.7164 | best Score: 0.6533 | best Score epoch:  8 
epoch  9, iter  551: loss: 0.0027 | load time: 0.0003 | back time: 0.8319 | lr: 0.00009882 | best AP50 acc: 0.8131 | best AP70 acc: 0.6896 | best mAP acc: 0.6533 | best mAR acc: 0.7164 | best Score: 0.6533 | best Score epoch:  8 
epoch  9, iter  601: loss: 0.0029 | load time: 0.0003 | back time: 0.8443 | lr: 0.00009879 | best AP50 acc: 0.8131 | best AP70 acc: 0.6896 | best mAP acc: 0.6533 | best mAR acc: 0.7164 | best Score: 0.6533 | best Score epoch:  8 
epoch  9, iter  651: loss: 0.0033 | load time: 0.0002 | back time: 0.8430 | lr: 0.00009876 | best AP50 acc: 0.8131 | best AP70 acc: 0.6896 | best mAP acc: 0.6533 | best mAR acc: 0.7164 | best Score: 0.6533 | best Score epoch:  8 
epoch  9, iter  701: loss: 0.0019 | load time: 0.0002 | back time: 0.8409 | lr: 0.00009873 | best AP50 acc: 0.8131 | best AP70 acc: 0.6896 | best mAP acc: 0.6533 | best mAR acc: 0.7164 | best Score: 0.6533 | best Score epoch:  8 
epoch  9, iter  751: loss: 0.0020 | load time: 0.0003 | back time: 0.8408 | lr: 0.00009870 | best AP50 acc: 0.8131 | best AP70 acc: 0.6896 | best mAP acc: 0.6533 | best mAR acc: 0.7164 | best Score: 0.6533 | best Score epoch:  8 
epoch  9, iter  801: loss: 0.0034 | load time: 0.0002 | back time: 0.8408 | lr: 0.00009867 | best AP50 acc: 0.8131 | best AP70 acc: 0.6896 | best mAP acc: 0.6533 | best mAR acc: 0.7164 | best Score: 0.6533 | best Score epoch:  8 
epoch  9, iter  851: loss: 0.0019 | load time: 0.0003 | back time: 0.8319 | lr: 0.00009864 | best AP50 acc: 0.8131 | best AP70 acc: 0.6896 | best mAP acc: 0.6533 | best mAR acc: 0.7164 | best Score: 0.6533 | best Score epoch:  8 
epoch  9, iter  901: loss: 0.0027 | load time: 0.0003 | back time: 0.8415 | lr: 0.00009861 | best AP50 acc: 0.8131 | best AP70 acc: 0.6896 | best mAP acc: 0.6533 | best mAR acc: 0.7164 | best Score: 0.6533 | best Score epoch:  8 
epoch  9, iter  951: loss: 0.0040 | load time: 0.0002 | back time: 0.8427 | lr: 0.00009858 | best AP50 acc: 0.8131 | best AP70 acc: 0.6896 | best mAP acc: 0.6533 | best mAR acc: 0.7164 | best Score: 0.6533 | best Score epoch:  8 
epoch  9, iter 1001: loss: 0.0029 | load time: 0.0003 | back time: 0.8410 | lr: 0.00009854 | best AP50 acc: 0.8131 | best AP70 acc: 0.6896 | best mAP acc: 0.6533 | best mAR acc: 0.7164 | best Score: 0.6533 | best Score epoch:  8 
epoch  9, iter 1051: loss: 0.0034 | load time: 0.0004 | back time: 0.8427 | lr: 0.00009851 | best AP50 acc: 0.8131 | best AP70 acc: 0.6896 | best mAP acc: 0.6533 | best mAR acc: 0.7164 | best Score: 0.6533 | best Score epoch:  8 
epoch  9, iter 1101: loss: 0.0017 | load time: 0.0002 | back time: 0.8425 | lr: 0.00009848 | best AP50 acc: 0.8131 | best AP70 acc: 0.6896 | best mAP acc: 0.6533 | best mAR acc: 0.7164 | best Score: 0.6533 | best Score epoch:  8 
epoch  9, iter 1151: loss: 0.0030 | load time: 0.0006 | back time: 0.8402 | lr: 0.00009845 | best AP50 acc: 0.8131 | best AP70 acc: 0.6896 | best mAP acc: 0.6533 | best mAR acc: 0.7164 | best Score: 0.6533 | best Score epoch:  8 
UAV_SEQS_2 | mAP50:90: 44.4856 | AP50: 78.0104 | AP70: 42.4897 
UAV_SEQS_37 | mAP50:90: 97.2587 | AP50: 100.0000 | AP70: 100.0000 
UAV_SEQS_45 | mAP50:90: 67.2477 | AP50: 89.3281 | AP70: 67.9981 
UAV_SEQS_47 | mAP50:90: 89.0165 | AP50: 100.0000 | AP70: 98.3475 
UAV_SEQS_55 | mAP50:90: 28.6508 | AP50: 54.4697 | AP70: 26.8329 
UAV_SEQS_59 | mAP50:90: 26.1729 | AP50: 58.1767 | AP70: 18.9836 
UAV_SEQS_6 | mAP50:90: 52.6010 | AP50: 80.5739 | AP70: 55.9640 
UAV_SEQS_63 | mAP50:90: 0.8605 | AP50: 4.6939 | AP70: 0.0434 
UAV_SEQS_65 | mAP50:90: 60.4601 | AP50: 97.7983 | AP70: 63.3188 
UAV_SEQS_7 | mAP50:90: 95.2502 | AP50: 100.0000 | AP70: 99.0099 
UAV_SEQS_71 | mAP50:90: 34.9769 | AP50: 69.3923 | AP70: 36.5441 
UAV_SEQS_73 | mAP50:90: 54.5047 | AP50: 85.0808 | AP70: 60.3647 
UAV_SEQS_74 | mAP50:90: 86.2266 | AP50: 100.0000 | AP70: 98.9867 
UAV_SEQS_77 | mAP50:90: 1.9085 | AP50: 16.8983 | AP70: 0.0000 
UAV_SEQS_8 | mAP50:90: 98.6802 | AP50: 100.0000 | AP70: 100.0000 
Overall            | mAP50:95: 55.3867 | AP50: 75.7936 | AP70: 58.1016 
epoch 10, iter    1: loss: 0.0022 | load time: 0.0037 | back time: 0.4634 | lr: 0.00009844 | best AP50 acc: 0.8131 | best AP70 acc: 0.6896 | best mAP acc: 0.6533 | best mAR acc: 0.7164 | best Score: 0.6533 | best Score epoch:  8 
epoch 10, iter   51: loss: 0.0035 | load time: 0.0002 | back time: 0.8293 | lr: 0.00009841 | best AP50 acc: 0.8131 | best AP70 acc: 0.6896 | best mAP acc: 0.6533 | best mAR acc: 0.7164 | best Score: 0.6533 | best Score epoch:  8 
epoch 10, iter  101: loss: 0.0029 | load time: 0.0002 | back time: 0.8401 | lr: 0.00009838 | best AP50 acc: 0.8131 | best AP70 acc: 0.6896 | best mAP acc: 0.6533 | best mAR acc: 0.7164 | best Score: 0.6533 | best Score epoch:  8 
epoch 10, iter  151: loss: 0.0030 | load time: 0.0002 | back time: 0.8410 | lr: 0.00009834 | best AP50 acc: 0.8131 | best AP70 acc: 0.6896 | best mAP acc: 0.6533 | best mAR acc: 0.7164 | best Score: 0.6533 | best Score epoch:  8 
epoch 10, iter  201: loss: 0.0029 | load time: 0.0002 | back time: 0.8434 | lr: 0.00009831 | best AP50 acc: 0.8131 | best AP70 acc: 0.6896 | best mAP acc: 0.6533 | best mAR acc: 0.7164 | best Score: 0.6533 | best Score epoch:  8 
epoch 10, iter  251: loss: 0.0018 | load time: 0.0003 | back time: 0.8412 | lr: 0.00009827 | best AP50 acc: 0.8131 | best AP70 acc: 0.6896 | best mAP acc: 0.6533 | best mAR acc: 0.7164 | best Score: 0.6533 | best Score epoch:  8 
epoch 10, iter  301: loss: 0.0013 | load time: 0.0002 | back time: 0.8440 | lr: 0.00009824 | best AP50 acc: 0.8131 | best AP70 acc: 0.6896 | best mAP acc: 0.6533 | best mAR acc: 0.7164 | best Score: 0.6533 | best Score epoch:  8 
epoch 10, iter  351: loss: 0.0023 | load time: 0.0002 | back time: 0.8423 | lr: 0.00009820 | best AP50 acc: 0.8131 | best AP70 acc: 0.6896 | best mAP acc: 0.6533 | best mAR acc: 0.7164 | best Score: 0.6533 | best Score epoch:  8 
epoch 10, iter  401: loss: 0.0020 | load time: 0.0002 | back time: 0.8430 | lr: 0.00009816 | best AP50 acc: 0.8131 | best AP70 acc: 0.6896 | best mAP acc: 0.6533 | best mAR acc: 0.7164 | best Score: 0.6533 | best Score epoch:  8 
epoch 10, iter  451: loss: 0.0017 | load time: 0.0002 | back time: 0.8422 | lr: 0.00009813 | best AP50 acc: 0.8131 | best AP70 acc: 0.6896 | best mAP acc: 0.6533 | best mAR acc: 0.7164 | best Score: 0.6533 | best Score epoch:  8 
epoch 10, iter  501: loss: 0.0031 | load time: 0.0002 | back time: 0.8429 | lr: 0.00009809 | best AP50 acc: 0.8131 | best AP70 acc: 0.6896 | best mAP acc: 0.6533 | best mAR acc: 0.7164 | best Score: 0.6533 | best Score epoch:  8 
epoch 10, iter  551: loss: 0.0032 | load time: 0.0003 | back time: 0.8421 | lr: 0.00009805 | best AP50 acc: 0.8131 | best AP70 acc: 0.6896 | best mAP acc: 0.6533 | best mAR acc: 0.7164 | best Score: 0.6533 | best Score epoch:  8 
epoch 10, iter  601: loss: 0.0028 | load time: 0.0001 | back time: 0.8449 | lr: 0.00009802 | best AP50 acc: 0.8131 | best AP70 acc: 0.6896 | best mAP acc: 0.6533 | best mAR acc: 0.7164 | best Score: 0.6533 | best Score epoch:  8 
epoch 10, iter  651: loss: 0.0033 | load time: 0.0001 | back time: 0.8420 | lr: 0.00009798 | best AP50 acc: 0.8131 | best AP70 acc: 0.6896 | best mAP acc: 0.6533 | best mAR acc: 0.7164 | best Score: 0.6533 | best Score epoch:  8 
epoch 10, iter  701: loss: 0.0016 | load time: 0.0001 | back time: 0.8441 | lr: 0.00009794 | best AP50 acc: 0.8131 | best AP70 acc: 0.6896 | best mAP acc: 0.6533 | best mAR acc: 0.7164 | best Score: 0.6533 | best Score epoch:  8 
epoch 10, iter  751: loss: 0.0028 | load time: 0.0002 | back time: 0.8454 | lr: 0.00009790 | best AP50 acc: 0.8131 | best AP70 acc: 0.6896 | best mAP acc: 0.6533 | best mAR acc: 0.7164 | best Score: 0.6533 | best Score epoch:  8 
epoch 10, iter  801: loss: 0.0021 | load time: 0.0002 | back time: 0.8451 | lr: 0.00009786 | best AP50 acc: 0.8131 | best AP70 acc: 0.6896 | best mAP acc: 0.6533 | best mAR acc: 0.7164 | best Score: 0.6533 | best Score epoch:  8 
epoch 10, iter  851: loss: 0.0024 | load time: 0.0003 | back time: 0.8436 | lr: 0.00009782 | best AP50 acc: 0.8131 | best AP70 acc: 0.6896 | best mAP acc: 0.6533 | best mAR acc: 0.7164 | best Score: 0.6533 | best Score epoch:  8 
epoch 10, iter  901: loss: 0.0008 | load time: 0.0003 | back time: 0.8414 | lr: 0.00009778 | best AP50 acc: 0.8131 | best AP70 acc: 0.6896 | best mAP acc: 0.6533 | best mAR acc: 0.7164 | best Score: 0.6533 | best Score epoch:  8 
epoch 10, iter  951: loss: 0.0020 | load time: 0.0002 | back time: 0.8435 | lr: 0.00009774 | best AP50 acc: 0.8131 | best AP70 acc: 0.6896 | best mAP acc: 0.6533 | best mAR acc: 0.7164 | best Score: 0.6533 | best Score epoch:  8 
epoch 10, iter 1001: loss: 0.0026 | load time: 0.0002 | back time: 0.8411 | lr: 0.00009770 | best AP50 acc: 0.8131 | best AP70 acc: 0.6896 | best mAP acc: 0.6533 | best mAR acc: 0.7164 | best Score: 0.6533 | best Score epoch:  8 
epoch 10, iter 1051: loss: 0.0027 | load time: 0.0003 | back time: 0.8431 | lr: 0.00009766 | best AP50 acc: 0.8131 | best AP70 acc: 0.6896 | best mAP acc: 0.6533 | best mAR acc: 0.7164 | best Score: 0.6533 | best Score epoch:  8 
epoch 10, iter 1101: loss: 0.0028 | load time: 0.0003 | back time: 0.8424 | lr: 0.00009762 | best AP50 acc: 0.8131 | best AP70 acc: 0.6896 | best mAP acc: 0.6533 | best mAR acc: 0.7164 | best Score: 0.6533 | best Score epoch:  8 
epoch 10, iter 1151: loss: 0.0019 | load time: 0.0003 | back time: 0.8418 | lr: 0.00009758 | best AP50 acc: 0.8131 | best AP70 acc: 0.6896 | best mAP acc: 0.6533 | best mAR acc: 0.7164 | best Score: 0.6533 | best Score epoch:  8 
UAV_SEQS_2 | mAP50:90: 39.1091 | AP50: 69.5854 | AP70: 38.5282 
UAV_SEQS_37 | mAP50:90: 95.9191 | AP50: 100.0000 | AP70: 98.9109 
UAV_SEQS_45 | mAP50:90: 91.0089 | AP50: 100.0000 | AP70: 96.3601 
UAV_SEQS_47 | mAP50:90: 99.4413 | AP50: 100.0000 | AP70: 100.0000 
UAV_SEQS_55 | mAP50:90: 36.2933 | AP50: 58.5456 | AP70: 38.7371 
UAV_SEQS_59 | mAP50:90: 59.6412 | AP50: 91.6726 | AP70: 63.2993 
UAV_SEQS_6 | mAP50:90: 43.3438 | AP50: 54.4341 | AP70: 46.6265 
UAV_SEQS_63 | mAP50:90: 49.0326 | AP50: 98.3894 | AP70: 35.6502 
UAV_SEQS_65 | mAP50:90: 78.7884 | AP50: 95.6230 | AP70: 90.1273 
UAV_SEQS_7 | mAP50:90: 95.3668 | AP50: 100.0000 | AP70: 100.0000 
UAV_SEQS_71 | mAP50:90: 49.2016 | AP50: 85.1970 | AP70: 49.7105 
UAV_SEQS_73 | mAP50:90: 70.6140 | AP50: 89.6064 | AP70: 80.4496 
UAV_SEQS_74 | mAP50:90: 98.1554 | AP50: 100.0000 | AP70: 100.0000 
UAV_SEQS_77 | mAP50:90: 0.0000 | AP50: 0.0000 | AP70: 0.0000 
UAV_SEQS_8 | mAP50:90: 85.5808 | AP50: 100.0000 | AP70: 100.0000 
Overall            | mAP50:95: 68.3334 | AP50: 84.5358 | AP70: 72.2948 
epoch 11, iter    1: loss: 0.0018 | load time: 0.0035 | back time: 0.3775 | lr: 0.00009758 | best AP50 acc: 0.8454 | best AP70 acc: 0.7229 | best mAP acc: 0.6833 | best mAR acc: 0.7358 | best Score: 0.6833 | best Score epoch: 10 
epoch 11, iter   51: loss: 0.0028 | load time: 0.0001 | back time: 0.8346 | lr: 0.00009753 | best AP50 acc: 0.8454 | best AP70 acc: 0.7229 | best mAP acc: 0.6833 | best mAR acc: 0.7358 | best Score: 0.6833 | best Score epoch: 10 
epoch 11, iter  101: loss: 0.0035 | load time: 0.0002 | back time: 0.7393 | lr: 0.00009749 | best AP50 acc: 0.8454 | best AP70 acc: 0.7229 | best mAP acc: 0.6833 | best mAR acc: 0.7358 | best Score: 0.6833 | best Score epoch: 10 
epoch 11, iter  151: loss: 0.0018 | load time: 0.0002 | back time: 0.8769 | lr: 0.00009745 | best AP50 acc: 0.8454 | best AP70 acc: 0.7229 | best mAP acc: 0.6833 | best mAR acc: 0.7358 | best Score: 0.6833 | best Score epoch: 10 
epoch 11, iter  201: loss: 0.0024 | load time: 0.0002 | back time: 0.8194 | lr: 0.00009741 | best AP50 acc: 0.8454 | best AP70 acc: 0.7229 | best mAP acc: 0.6833 | best mAR acc: 0.7358 | best Score: 0.6833 | best Score epoch: 10 
epoch 11, iter  251: loss: 0.0012 | load time: 0.0003 | back time: 0.8216 | lr: 0.00009736 | best AP50 acc: 0.8454 | best AP70 acc: 0.7229 | best mAP acc: 0.6833 | best mAR acc: 0.7358 | best Score: 0.6833 | best Score epoch: 10 
epoch 11, iter  301: loss: 0.0011 | load time: 0.0003 | back time: 0.8143 | lr: 0.00009732 | best AP50 acc: 0.8454 | best AP70 acc: 0.7229 | best mAP acc: 0.6833 | best mAR acc: 0.7358 | best Score: 0.6833 | best Score epoch: 10 
epoch 11, iter  351: loss: 0.0005 | load time: 0.0002 | back time: 0.8272 | lr: 0.00009728 | best AP50 acc: 0.8454 | best AP70 acc: 0.7229 | best mAP acc: 0.6833 | best mAR acc: 0.7358 | best Score: 0.6833 | best Score epoch: 10 
epoch 11, iter  401: loss: 0.0012 | load time: 0.0001 | back time: 0.8285 | lr: 0.00009723 | best AP50 acc: 0.8454 | best AP70 acc: 0.7229 | best mAP acc: 0.6833 | best mAR acc: 0.7358 | best Score: 0.6833 | best Score epoch: 10 
epoch 11, iter  451: loss: 0.0021 | load time: 0.0002 | back time: 0.8487 | lr: 0.00009719 | best AP50 acc: 0.8454 | best AP70 acc: 0.7229 | best mAP acc: 0.6833 | best mAR acc: 0.7358 | best Score: 0.6833 | best Score epoch: 10 
epoch 11, iter  501: loss: 0.0034 | load time: 0.0002 | back time: 0.8361 | lr: 0.00009714 | best AP50 acc: 0.8454 | best AP70 acc: 0.7229 | best mAP acc: 0.6833 | best mAR acc: 0.7358 | best Score: 0.6833 | best Score epoch: 10 
epoch 11, iter  551: loss: 0.0015 | load time: 0.0003 | back time: 0.8365 | lr: 0.00009710 | best AP50 acc: 0.8454 | best AP70 acc: 0.7229 | best mAP acc: 0.6833 | best mAR acc: 0.7358 | best Score: 0.6833 | best Score epoch: 10 
epoch 11, iter  601: loss: 0.0028 | load time: 0.0004 | back time: 0.8760 | lr: 0.00009705 | best AP50 acc: 0.8454 | best AP70 acc: 0.7229 | best mAP acc: 0.6833 | best mAR acc: 0.7358 | best Score: 0.6833 | best Score epoch: 10 
epoch 11, iter  651: loss: 0.0032 | load time: 0.0002 | back time: 0.8389 | lr: 0.00009700 | best AP50 acc: 0.8454 | best AP70 acc: 0.7229 | best mAP acc: 0.6833 | best mAR acc: 0.7358 | best Score: 0.6833 | best Score epoch: 10 
epoch 11, iter  701: loss: 0.0020 | load time: 0.0002 | back time: 0.8329 | lr: 0.00009696 | best AP50 acc: 0.8454 | best AP70 acc: 0.7229 | best mAP acc: 0.6833 | best mAR acc: 0.7358 | best Score: 0.6833 | best Score epoch: 10 
epoch 11, iter  751: loss: 0.0019 | load time: 0.0002 | back time: 0.8099 | lr: 0.00009691 | best AP50 acc: 0.8454 | best AP70 acc: 0.7229 | best mAP acc: 0.6833 | best mAR acc: 0.7358 | best Score: 0.6833 | best Score epoch: 10 
epoch 11, iter  801: loss: 0.0010 | load time: 0.0001 | back time: 0.8245 | lr: 0.00009686 | best AP50 acc: 0.8454 | best AP70 acc: 0.7229 | best mAP acc: 0.6833 | best mAR acc: 0.7358 | best Score: 0.6833 | best Score epoch: 10 
epoch 11, iter  851: loss: 0.0015 | load time: 0.0002 | back time: 0.8222 | lr: 0.00009682 | best AP50 acc: 0.8454 | best AP70 acc: 0.7229 | best mAP acc: 0.6833 | best mAR acc: 0.7358 | best Score: 0.6833 | best Score epoch: 10 
epoch 11, iter  901: loss: 0.0020 | load time: 0.0002 | back time: 0.8112 | lr: 0.00009677 | best AP50 acc: 0.8454 | best AP70 acc: 0.7229 | best mAP acc: 0.6833 | best mAR acc: 0.7358 | best Score: 0.6833 | best Score epoch: 10 
epoch 11, iter  951: loss: 0.0040 | load time: 0.0002 | back time: 0.8104 | lr: 0.00009672 | best AP50 acc: 0.8454 | best AP70 acc: 0.7229 | best mAP acc: 0.6833 | best mAR acc: 0.7358 | best Score: 0.6833 | best Score epoch: 10 
epoch 11, iter 1001: loss: 0.0023 | load time: 0.0001 | back time: 0.8095 | lr: 0.00009667 | best AP50 acc: 0.8454 | best AP70 acc: 0.7229 | best mAP acc: 0.6833 | best mAR acc: 0.7358 | best Score: 0.6833 | best Score epoch: 10 
epoch 11, iter 1051: loss: 0.0019 | load time: 0.0003 | back time: 0.8095 | lr: 0.00009662 | best AP50 acc: 0.8454 | best AP70 acc: 0.7229 | best mAP acc: 0.6833 | best mAR acc: 0.7358 | best Score: 0.6833 | best Score epoch: 10 
epoch 11, iter 1101: loss: 0.0019 | load time: 0.0002 | back time: 0.8175 | lr: 0.00009657 | best AP50 acc: 0.8454 | best AP70 acc: 0.7229 | best mAP acc: 0.6833 | best mAR acc: 0.7358 | best Score: 0.6833 | best Score epoch: 10 
epoch 11, iter 1151: loss: 0.0027 | load time: 0.0001 | back time: 0.8291 | lr: 0.00009652 | best AP50 acc: 0.8454 | best AP70 acc: 0.7229 | best mAP acc: 0.6833 | best mAR acc: 0.7358 | best Score: 0.6833 | best Score epoch: 10 
UAV_SEQS_2 | mAP50:90: 32.1921 | AP50: 64.2725 | AP70: 31.2954 
UAV_SEQS_37 | mAP50:90: 96.9875 | AP50: 100.0000 | AP70: 100.0000 
UAV_SEQS_45 | mAP50:90: 96.8661 | AP50: 100.0000 | AP70: 100.0000 
UAV_SEQS_47 | mAP50:90: 99.8522 | AP50: 100.0000 | AP70: 100.0000 
UAV_SEQS_55 | mAP50:90: 37.1907 | AP50: 63.8114 | AP70: 37.4077 
UAV_SEQS_59 | mAP50:90: 79.3272 | AP50: 96.6749 | AP70: 84.5885 
UAV_SEQS_6 | mAP50:90: 49.6610 | AP50: 62.3571 | AP70: 54.3156 
UAV_SEQS_63 | mAP50:90: 54.6031 | AP50: 100.0000 | AP70: 50.3361 
UAV_SEQS_65 | mAP50:90: 84.5586 | AP50: 95.7820 | AP70: 91.9519 
UAV_SEQS_7 | mAP50:90: 43.4322 | AP50: 98.5785 | AP70: 18.8020 
UAV_SEQS_71 | mAP50:90: 65.2795 | AP50: 94.5004 | AP70: 66.4302 
UAV_SEQS_73 | mAP50:90: 67.8821 | AP50: 88.8661 | AP70: 75.7889 
UAV_SEQS_74 | mAP50:90: 99.6097 | AP50: 100.0000 | AP70: 100.0000 
UAV_SEQS_77 | mAP50:90: 20.5383 | AP50: 25.5578 | AP70: 24.5691 
UAV_SEQS_8 | mAP50:90: 61.9124 | AP50: 100.0000 | AP70: 78.0287 
Overall            | mAP50:95: 64.4311 | AP50: 87.1595 | AP70: 66.1771 
epoch 12, iter    1: loss: 0.0013 | load time: 0.0043 | back time: 0.4462 | lr: 0.00009652 | best AP50 acc: 0.8454 | best AP70 acc: 0.7229 | best mAP acc: 0.6833 | best mAR acc: 0.7358 | best Score: 0.6833 | best Score epoch: 10 
epoch 12, iter   51: loss: 0.0027 | load time: 0.0003 | back time: 0.8270 | lr: 0.00009647 | best AP50 acc: 0.8454 | best AP70 acc: 0.7229 | best mAP acc: 0.6833 | best mAR acc: 0.7358 | best Score: 0.6833 | best Score epoch: 10 
epoch 12, iter  101: loss: 0.0009 | load time: 0.0002 | back time: 0.8348 | lr: 0.00009642 | best AP50 acc: 0.8454 | best AP70 acc: 0.7229 | best mAP acc: 0.6833 | best mAR acc: 0.7358 | best Score: 0.6833 | best Score epoch: 10 
epoch 12, iter  151: loss: 0.0012 | load time: 0.0001 | back time: 0.8308 | lr: 0.00009637 | best AP50 acc: 0.8454 | best AP70 acc: 0.7229 | best mAP acc: 0.6833 | best mAR acc: 0.7358 | best Score: 0.6833 | best Score epoch: 10 
epoch 12, iter  201: loss: 0.0010 | load time: 0.0003 | back time: 0.8896 | lr: 0.00009632 | best AP50 acc: 0.8454 | best AP70 acc: 0.7229 | best mAP acc: 0.6833 | best mAR acc: 0.7358 | best Score: 0.6833 | best Score epoch: 10 
epoch 12, iter  251: loss: 0.0021 | load time: 0.0003 | back time: 0.8367 | lr: 0.00009627 | best AP50 acc: 0.8454 | best AP70 acc: 0.7229 | best mAP acc: 0.6833 | best mAR acc: 0.7358 | best Score: 0.6833 | best Score epoch: 10 
epoch 12, iter  301: loss: 0.0024 | load time: 0.0003 | back time: 0.8362 | lr: 0.00009622 | best AP50 acc: 0.8454 | best AP70 acc: 0.7229 | best mAP acc: 0.6833 | best mAR acc: 0.7358 | best Score: 0.6833 | best Score epoch: 10 
epoch 12, iter  351: loss: 0.0010 | load time: 0.0004 | back time: 0.8398 | lr: 0.00009617 | best AP50 acc: 0.8454 | best AP70 acc: 0.7229 | best mAP acc: 0.6833 | best mAR acc: 0.7358 | best Score: 0.6833 | best Score epoch: 10 
epoch 12, iter  401: loss: 0.0017 | load time: 0.0002 | back time: 0.8397 | lr: 0.00009611 | best AP50 acc: 0.8454 | best AP70 acc: 0.7229 | best mAP acc: 0.6833 | best mAR acc: 0.7358 | best Score: 0.6833 | best Score epoch: 10 
epoch 12, iter  451: loss: 0.0027 | load time: 0.0002 | back time: 0.8353 | lr: 0.00009606 | best AP50 acc: 0.8454 | best AP70 acc: 0.7229 | best mAP acc: 0.6833 | best mAR acc: 0.7358 | best Score: 0.6833 | best Score epoch: 10 
epoch 12, iter  501: loss: 0.0020 | load time: 0.0002 | back time: 0.8422 | lr: 0.00009601 | best AP50 acc: 0.8454 | best AP70 acc: 0.7229 | best mAP acc: 0.6833 | best mAR acc: 0.7358 | best Score: 0.6833 | best Score epoch: 10 
epoch 12, iter  551: loss: 0.0016 | load time: 0.0003 | back time: 0.8385 | lr: 0.00009596 | best AP50 acc: 0.8454 | best AP70 acc: 0.7229 | best mAP acc: 0.6833 | best mAR acc: 0.7358 | best Score: 0.6833 | best Score epoch: 10 
epoch 12, iter  601: loss: 0.0017 | load time: 0.0002 | back time: 0.8393 | lr: 0.00009590 | best AP50 acc: 0.8454 | best AP70 acc: 0.7229 | best mAP acc: 0.6833 | best mAR acc: 0.7358 | best Score: 0.6833 | best Score epoch: 10 
epoch 12, iter  651: loss: 0.0012 | load time: 0.0002 | back time: 0.8408 | lr: 0.00009585 | best AP50 acc: 0.8454 | best AP70 acc: 0.7229 | best mAP acc: 0.6833 | best mAR acc: 0.7358 | best Score: 0.6833 | best Score epoch: 10 
epoch 12, iter  701: loss: 0.0024 | load time: 0.0002 | back time: 0.8434 | lr: 0.00009579 | best AP50 acc: 0.8454 | best AP70 acc: 0.7229 | best mAP acc: 0.6833 | best mAR acc: 0.7358 | best Score: 0.6833 | best Score epoch: 10 
epoch 12, iter  751: loss: 0.0030 | load time: 0.0002 | back time: 0.8406 | lr: 0.00009574 | best AP50 acc: 0.8454 | best AP70 acc: 0.7229 | best mAP acc: 0.6833 | best mAR acc: 0.7358 | best Score: 0.6833 | best Score epoch: 10 
epoch 12, iter  801: loss: 0.0032 | load time: 0.0002 | back time: 0.8405 | lr: 0.00009568 | best AP50 acc: 0.8454 | best AP70 acc: 0.7229 | best mAP acc: 0.6833 | best mAR acc: 0.7358 | best Score: 0.6833 | best Score epoch: 10 
epoch 12, iter  851: loss: 0.0018 | load time: 0.0003 | back time: 0.8411 | lr: 0.00009563 | best AP50 acc: 0.8454 | best AP70 acc: 0.7229 | best mAP acc: 0.6833 | best mAR acc: 0.7358 | best Score: 0.6833 | best Score epoch: 10 
epoch 12, iter  901: loss: 0.0027 | load time: 0.0003 | back time: 0.8395 | lr: 0.00009557 | best AP50 acc: 0.8454 | best AP70 acc: 0.7229 | best mAP acc: 0.6833 | best mAR acc: 0.7358 | best Score: 0.6833 | best Score epoch: 10 
epoch 12, iter  951: loss: 0.0019 | load time: 0.0003 | back time: 0.8403 | lr: 0.00009552 | best AP50 acc: 0.8454 | best AP70 acc: 0.7229 | best mAP acc: 0.6833 | best mAR acc: 0.7358 | best Score: 0.6833 | best Score epoch: 10 
epoch 12, iter 1001: loss: 0.0019 | load time: 0.0001 | back time: 0.8402 | lr: 0.00009546 | best AP50 acc: 0.8454 | best AP70 acc: 0.7229 | best mAP acc: 0.6833 | best mAR acc: 0.7358 | best Score: 0.6833 | best Score epoch: 10 
epoch 12, iter 1051: loss: 0.0017 | load time: 0.0002 | back time: 0.8432 | lr: 0.00009540 | best AP50 acc: 0.8454 | best AP70 acc: 0.7229 | best mAP acc: 0.6833 | best mAR acc: 0.7358 | best Score: 0.6833 | best Score epoch: 10 
epoch 12, iter 1101: loss: 0.0027 | load time: 0.0002 | back time: 0.8448 | lr: 0.00009535 | best AP50 acc: 0.8454 | best AP70 acc: 0.7229 | best mAP acc: 0.6833 | best mAR acc: 0.7358 | best Score: 0.6833 | best Score epoch: 10 
epoch 12, iter 1151: loss: 0.0027 | load time: 0.0001 | back time: 0.8414 | lr: 0.00009529 | best AP50 acc: 0.8454 | best AP70 acc: 0.7229 | best mAP acc: 0.6833 | best mAR acc: 0.7358 | best Score: 0.6833 | best Score epoch: 10 
UAV_SEQS_2 | mAP50:90: 35.8164 | AP50: 69.9121 | AP70: 32.0064 
UAV_SEQS_37 | mAP50:90: 98.6912 | AP50: 100.0000 | AP70: 100.0000 
UAV_SEQS_45 | mAP50:90: 78.9261 | AP50: 100.0000 | AP70: 85.4599 
UAV_SEQS_47 | mAP50:90: 96.7829 | AP50: 100.0000 | AP70: 100.0000 
UAV_SEQS_55 | mAP50:90: 47.4384 | AP50: 71.7008 | AP70: 50.2042 
UAV_SEQS_59 | mAP50:90: 52.0789 | AP50: 77.7660 | AP70: 53.7323 
UAV_SEQS_6 | mAP50:90: 53.6502 | AP50: 64.9990 | AP70: 58.2191 
UAV_SEQS_63 | mAP50:90: 22.5883 | AP50: 72.4525 | AP70: 3.1848 
UAV_SEQS_65 | mAP50:90: 79.1592 | AP50: 96.1425 | AP70: 88.1867 
UAV_SEQS_7 | mAP50:90: 92.5394 | AP50: 100.0000 | AP70: 92.3301 
UAV_SEQS_71 | mAP50:90: 72.1093 | AP50: 98.7585 | AP70: 79.2889 
UAV_SEQS_73 | mAP50:90: 65.4732 | AP50: 86.4709 | AP70: 73.2549 
UAV_SEQS_74 | mAP50:90: 99.8874 | AP50: 100.0000 | AP70: 100.0000 
UAV_SEQS_77 | mAP50:90: 20.2725 | AP50: 31.6832 | AP70: 19.7969 
UAV_SEQS_8 | mAP50:90: 88.2960 | AP50: 100.0000 | AP70: 98.7844 
Overall            | mAP50:95: 67.6834 | AP50: 85.8359 | AP70: 69.8563 
epoch 13, iter    1: loss: 0.0017 | load time: 0.0035 | back time: 0.4603 | lr: 0.00009529 | best AP50 acc: 0.8454 | best AP70 acc: 0.7229 | best mAP acc: 0.6833 | best mAR acc: 0.7358 | best Score: 0.6833 | best Score epoch: 10 
epoch 13, iter   51: loss: 0.0022 | load time: 0.0003 | back time: 0.8342 | lr: 0.00009523 | best AP50 acc: 0.8454 | best AP70 acc: 0.7229 | best mAP acc: 0.6833 | best mAR acc: 0.7358 | best Score: 0.6833 | best Score epoch: 10 
epoch 13, iter  101: loss: 0.0047 | load time: 0.0002 | back time: 0.8399 | lr: 0.00009517 | best AP50 acc: 0.8454 | best AP70 acc: 0.7229 | best mAP acc: 0.6833 | best mAR acc: 0.7358 | best Score: 0.6833 | best Score epoch: 10 
epoch 13, iter  151: loss: 0.0026 | load time: 0.0002 | back time: 0.8417 | lr: 0.00009511 | best AP50 acc: 0.8454 | best AP70 acc: 0.7229 | best mAP acc: 0.6833 | best mAR acc: 0.7358 | best Score: 0.6833 | best Score epoch: 10 
epoch 13, iter  201: loss: 0.0030 | load time: 0.0002 | back time: 0.8513 | lr: 0.00009506 | best AP50 acc: 0.8454 | best AP70 acc: 0.7229 | best mAP acc: 0.6833 | best mAR acc: 0.7358 | best Score: 0.6833 | best Score epoch: 10 
epoch 13, iter  251: loss: 0.0020 | load time: 0.0001 | back time: 0.8426 | lr: 0.00009500 | best AP50 acc: 0.8454 | best AP70 acc: 0.7229 | best mAP acc: 0.6833 | best mAR acc: 0.7358 | best Score: 0.6833 | best Score epoch: 10 
epoch 13, iter  301: loss: 0.0021 | load time: 0.0001 | back time: 0.8419 | lr: 0.00009494 | best AP50 acc: 0.8454 | best AP70 acc: 0.7229 | best mAP acc: 0.6833 | best mAR acc: 0.7358 | best Score: 0.6833 | best Score epoch: 10 
epoch 13, iter  351: loss: 0.0027 | load time: 0.0002 | back time: 0.8440 | lr: 0.00009488 | best AP50 acc: 0.8454 | best AP70 acc: 0.7229 | best mAP acc: 0.6833 | best mAR acc: 0.7358 | best Score: 0.6833 | best Score epoch: 10 
epoch 13, iter  401: loss: 0.0015 | load time: 0.0002 | back time: 0.8443 | lr: 0.00009482 | best AP50 acc: 0.8454 | best AP70 acc: 0.7229 | best mAP acc: 0.6833 | best mAR acc: 0.7358 | best Score: 0.6833 | best Score epoch: 10 
epoch 13, iter  451: loss: 0.0020 | load time: 0.0001 | back time: 0.8396 | lr: 0.00009476 | best AP50 acc: 0.8454 | best AP70 acc: 0.7229 | best mAP acc: 0.6833 | best mAR acc: 0.7358 | best Score: 0.6833 | best Score epoch: 10 
epoch 13, iter  501: loss: 0.0012 | load time: 0.0002 | back time: 0.8377 | lr: 0.00009470 | best AP50 acc: 0.8454 | best AP70 acc: 0.7229 | best mAP acc: 0.6833 | best mAR acc: 0.7358 | best Score: 0.6833 | best Score epoch: 10 
epoch 13, iter  551: loss: 0.0025 | load time: 0.0006 | back time: 0.8104 | lr: 0.00009464 | best AP50 acc: 0.8454 | best AP70 acc: 0.7229 | best mAP acc: 0.6833 | best mAR acc: 0.7358 | best Score: 0.6833 | best Score epoch: 10 
epoch 13, iter  601: loss: 0.0018 | load time: 0.0002 | back time: 0.8112 | lr: 0.00009457 | best AP50 acc: 0.8454 | best AP70 acc: 0.7229 | best mAP acc: 0.6833 | best mAR acc: 0.7358 | best Score: 0.6833 | best Score epoch: 10 
epoch 13, iter  651: loss: 0.0030 | load time: 0.0002 | back time: 0.8086 | lr: 0.00009451 | best AP50 acc: 0.8454 | best AP70 acc: 0.7229 | best mAP acc: 0.6833 | best mAR acc: 0.7358 | best Score: 0.6833 | best Score epoch: 10 
epoch 13, iter  701: loss: 0.0018 | load time: 0.0002 | back time: 0.8443 | lr: 0.00009445 | best AP50 acc: 0.8454 | best AP70 acc: 0.7229 | best mAP acc: 0.6833 | best mAR acc: 0.7358 | best Score: 0.6833 | best Score epoch: 10 
epoch 13, iter  751: loss: 0.0008 | load time: 0.0002 | back time: 0.8335 | lr: 0.00009439 | best AP50 acc: 0.8454 | best AP70 acc: 0.7229 | best mAP acc: 0.6833 | best mAR acc: 0.7358 | best Score: 0.6833 | best Score epoch: 10 
epoch 13, iter  801: loss: 0.0012 | load time: 0.0002 | back time: 0.8334 | lr: 0.00009433 | best AP50 acc: 0.8454 | best AP70 acc: 0.7229 | best mAP acc: 0.6833 | best mAR acc: 0.7358 | best Score: 0.6833 | best Score epoch: 10 
epoch 13, iter  851: loss: 0.0032 | load time: 0.0003 | back time: 0.8329 | lr: 0.00009426 | best AP50 acc: 0.8454 | best AP70 acc: 0.7229 | best mAP acc: 0.6833 | best mAR acc: 0.7358 | best Score: 0.6833 | best Score epoch: 10 
epoch 13, iter  901: loss: 0.0024 | load time: 0.0002 | back time: 0.8654 | lr: 0.00009420 | best AP50 acc: 0.8454 | best AP70 acc: 0.7229 | best mAP acc: 0.6833 | best mAR acc: 0.7358 | best Score: 0.6833 | best Score epoch: 10 
epoch 13, iter  951: loss: 0.0037 | load time: 0.0003 | back time: 0.8197 | lr: 0.00009414 | best AP50 acc: 0.8454 | best AP70 acc: 0.7229 | best mAP acc: 0.6833 | best mAR acc: 0.7358 | best Score: 0.6833 | best Score epoch: 10 
epoch 13, iter 1001: loss: 0.0033 | load time: 0.0002 | back time: 0.8104 | lr: 0.00009407 | best AP50 acc: 0.8454 | best AP70 acc: 0.7229 | best mAP acc: 0.6833 | best mAR acc: 0.7358 | best Score: 0.6833 | best Score epoch: 10 
epoch 13, iter 1051: loss: 0.0016 | load time: 0.0002 | back time: 0.8105 | lr: 0.00009401 | best AP50 acc: 0.8454 | best AP70 acc: 0.7229 | best mAP acc: 0.6833 | best mAR acc: 0.7358 | best Score: 0.6833 | best Score epoch: 10 
epoch 13, iter 1101: loss: 0.0027 | load time: 0.0002 | back time: 0.8094 | lr: 0.00009394 | best AP50 acc: 0.8454 | best AP70 acc: 0.7229 | best mAP acc: 0.6833 | best mAR acc: 0.7358 | best Score: 0.6833 | best Score epoch: 10 
epoch 13, iter 1151: loss: 0.0025 | load time: 0.0001 | back time: 0.7423 | lr: 0.00009388 | best AP50 acc: 0.8454 | best AP70 acc: 0.7229 | best mAP acc: 0.6833 | best mAR acc: 0.7358 | best Score: 0.6833 | best Score epoch: 10 
UAV_SEQS_2 | mAP50:90: 33.3647 | AP50: 58.6910 | AP70: 33.0164 
UAV_SEQS_37 | mAP50:90: 94.9488 | AP50: 100.0000 | AP70: 100.0000 
UAV_SEQS_45 | mAP50:90: 96.3430 | AP50: 100.0000 | AP70: 100.0000 
UAV_SEQS_47 | mAP50:90: 99.6098 | AP50: 100.0000 | AP70: 100.0000 
UAV_SEQS_55 | mAP50:90: 50.9189 | AP50: 76.4804 | AP70: 51.4514 
UAV_SEQS_59 | mAP50:90: 58.5024 | AP50: 88.5030 | AP70: 60.0006 
UAV_SEQS_6 | mAP50:90: 47.7928 | AP50: 55.4991 | AP70: 51.1681 
UAV_SEQS_63 | mAP50:90: 50.2019 | AP50: 86.7422 | AP70: 46.1216 
UAV_SEQS_65 | mAP50:90: 78.2694 | AP50: 97.4376 | AP70: 92.0219 
UAV_SEQS_7 | mAP50:90: 81.4351 | AP50: 100.0000 | AP70: 92.4481 
UAV_SEQS_71 | mAP50:90: 54.4511 | AP50: 94.8271 | AP70: 53.9969 
UAV_SEQS_73 | mAP50:90: 65.2581 | AP50: 85.2519 | AP70: 73.8515 
UAV_SEQS_74 | mAP50:90: 100.0000 | AP50: 100.0000 | AP70: 100.0000 
UAV_SEQS_77 | mAP50:90: 6.9625 | AP50: 14.6715 | AP70: 8.4105 
UAV_SEQS_8 | mAP50:90: 95.0072 | AP50: 100.0000 | AP70: 100.0000 
Overall            | mAP50:95: 70.0332 | AP50: 85.4019 | AP70: 74.2812 
epoch 14, iter    1: loss: 0.0021 | load time: 0.0032 | back time: 0.4572 | lr: 0.00009388 | best AP50 acc: 0.8540 | best AP70 acc: 0.7428 | best mAP acc: 0.7003 | best mAR acc: 0.7527 | best Score: 0.7003 | best Score epoch: 13 
epoch 14, iter   51: loss: 0.0016 | load time: 0.0002 | back time: 0.8243 | lr: 0.00009381 | best AP50 acc: 0.8540 | best AP70 acc: 0.7428 | best mAP acc: 0.7003 | best mAR acc: 0.7527 | best Score: 0.7003 | best Score epoch: 13 
epoch 14, iter  101: loss: 0.0021 | load time: 0.0003 | back time: 0.8293 | lr: 0.00009375 | best AP50 acc: 0.8540 | best AP70 acc: 0.7428 | best mAP acc: 0.7003 | best mAR acc: 0.7527 | best Score: 0.7003 | best Score epoch: 13 
epoch 14, iter  151: loss: 0.0018 | load time: 0.0003 | back time: 0.8323 | lr: 0.00009368 | best AP50 acc: 0.8540 | best AP70 acc: 0.7428 | best mAP acc: 0.7003 | best mAR acc: 0.7527 | best Score: 0.7003 | best Score epoch: 13 
epoch 14, iter  201: loss: 0.0009 | load time: 0.0002 | back time: 0.8488 | lr: 0.00009361 | best AP50 acc: 0.8540 | best AP70 acc: 0.7428 | best mAP acc: 0.7003 | best mAR acc: 0.7527 | best Score: 0.7003 | best Score epoch: 13 
epoch 14, iter  251: loss: 0.0030 | load time: 0.0003 | back time: 0.8481 | lr: 0.00009355 | best AP50 acc: 0.8540 | best AP70 acc: 0.7428 | best mAP acc: 0.7003 | best mAR acc: 0.7527 | best Score: 0.7003 | best Score epoch: 13 
epoch 14, iter  301: loss: 0.0021 | load time: 0.0002 | back time: 0.8456 | lr: 0.00009348 | best AP50 acc: 0.8540 | best AP70 acc: 0.7428 | best mAP acc: 0.7003 | best mAR acc: 0.7527 | best Score: 0.7003 | best Score epoch: 13 
epoch 14, iter  351: loss: 0.0025 | load time: 0.0002 | back time: 0.8360 | lr: 0.00009341 | best AP50 acc: 0.8540 | best AP70 acc: 0.7428 | best mAP acc: 0.7003 | best mAR acc: 0.7527 | best Score: 0.7003 | best Score epoch: 13 
epoch 14, iter  401: loss: 0.0011 | load time: 0.0001 | back time: 0.8366 | lr: 0.00009335 | best AP50 acc: 0.8540 | best AP70 acc: 0.7428 | best mAP acc: 0.7003 | best mAR acc: 0.7527 | best Score: 0.7003 | best Score epoch: 13 
epoch 14, iter  451: loss: 0.0027 | load time: 0.0001 | back time: 0.8356 | lr: 0.00009328 | best AP50 acc: 0.8540 | best AP70 acc: 0.7428 | best mAP acc: 0.7003 | best mAR acc: 0.7527 | best Score: 0.7003 | best Score epoch: 13 
epoch 14, iter  501: loss: 0.0029 | load time: 0.0001 | back time: 0.8344 | lr: 0.00009321 | best AP50 acc: 0.8540 | best AP70 acc: 0.7428 | best mAP acc: 0.7003 | best mAR acc: 0.7527 | best Score: 0.7003 | best Score epoch: 13 
epoch 14, iter  551: loss: 0.0025 | load time: 0.0002 | back time: 0.8337 | lr: 0.00009314 | best AP50 acc: 0.8540 | best AP70 acc: 0.7428 | best mAP acc: 0.7003 | best mAR acc: 0.7527 | best Score: 0.7003 | best Score epoch: 13 
epoch 14, iter  601: loss: 0.0023 | load time: 0.0002 | back time: 0.8772 | lr: 0.00009307 | best AP50 acc: 0.8540 | best AP70 acc: 0.7428 | best mAP acc: 0.7003 | best mAR acc: 0.7527 | best Score: 0.7003 | best Score epoch: 13 
epoch 14, iter  651: loss: 0.0021 | load time: 0.0002 | back time: 0.8404 | lr: 0.00009300 | best AP50 acc: 0.8540 | best AP70 acc: 0.7428 | best mAP acc: 0.7003 | best mAR acc: 0.7527 | best Score: 0.7003 | best Score epoch: 13 
epoch 14, iter  701: loss: 0.0040 | load time: 0.0002 | back time: 0.8374 | lr: 0.00009293 | best AP50 acc: 0.8540 | best AP70 acc: 0.7428 | best mAP acc: 0.7003 | best mAR acc: 0.7527 | best Score: 0.7003 | best Score epoch: 13 
epoch 14, iter  751: loss: 0.0014 | load time: 0.0003 | back time: 0.8325 | lr: 0.00009286 | best AP50 acc: 0.8540 | best AP70 acc: 0.7428 | best mAP acc: 0.7003 | best mAR acc: 0.7527 | best Score: 0.7003 | best Score epoch: 13 
epoch 14, iter  801: loss: 0.0027 | load time: 0.0002 | back time: 0.8491 | lr: 0.00009279 | best AP50 acc: 0.8540 | best AP70 acc: 0.7428 | best mAP acc: 0.7003 | best mAR acc: 0.7527 | best Score: 0.7003 | best Score epoch: 13 
epoch 14, iter  851: loss: 0.0023 | load time: 0.0003 | back time: 0.8309 | lr: 0.00009272 | best AP50 acc: 0.8540 | best AP70 acc: 0.7428 | best mAP acc: 0.7003 | best mAR acc: 0.7527 | best Score: 0.7003 | best Score epoch: 13 
epoch 14, iter  901: loss: 0.0023 | load time: 0.0002 | back time: 0.8324 | lr: 0.00009265 | best AP50 acc: 0.8540 | best AP70 acc: 0.7428 | best mAP acc: 0.7003 | best mAR acc: 0.7527 | best Score: 0.7003 | best Score epoch: 13 
epoch 14, iter  951: loss: 0.0032 | load time: 0.0002 | back time: 0.8427 | lr: 0.00009258 | best AP50 acc: 0.8540 | best AP70 acc: 0.7428 | best mAP acc: 0.7003 | best mAR acc: 0.7527 | best Score: 0.7003 | best Score epoch: 13 
epoch 14, iter 1001: loss: 0.0034 | load time: 0.0002 | back time: 0.8317 | lr: 0.00009251 | best AP50 acc: 0.8540 | best AP70 acc: 0.7428 | best mAP acc: 0.7003 | best mAR acc: 0.7527 | best Score: 0.7003 | best Score epoch: 13 
epoch 14, iter 1051: loss: 0.0027 | load time: 0.0001 | back time: 0.8386 | lr: 0.00009244 | best AP50 acc: 0.8540 | best AP70 acc: 0.7428 | best mAP acc: 0.7003 | best mAR acc: 0.7527 | best Score: 0.7003 | best Score epoch: 13 
epoch 14, iter 1101: loss: 0.0026 | load time: 0.0002 | back time: 0.8427 | lr: 0.00009237 | best AP50 acc: 0.8540 | best AP70 acc: 0.7428 | best mAP acc: 0.7003 | best mAR acc: 0.7527 | best Score: 0.7003 | best Score epoch: 13 
epoch 14, iter 1151: loss: 0.0010 | load time: 0.0005 | back time: 0.8417 | lr: 0.00009230 | best AP50 acc: 0.8540 | best AP70 acc: 0.7428 | best mAP acc: 0.7003 | best mAR acc: 0.7527 | best Score: 0.7003 | best Score epoch: 13 
UAV_SEQS_2 | mAP50:90: 34.2310 | AP50: 53.8922 | AP70: 34.1126 
UAV_SEQS_37 | mAP50:90: 96.3846 | AP50: 100.0000 | AP70: 100.0000 
UAV_SEQS_45 | mAP50:90: 99.0779 | AP50: 100.0000 | AP70: 100.0000 
UAV_SEQS_47 | mAP50:90: 96.1699 | AP50: 100.0000 | AP70: 100.0000 
UAV_SEQS_55 | mAP50:90: 38.1174 | AP50: 61.7582 | AP70: 35.1468 
UAV_SEQS_59 | mAP50:90: 71.8238 | AP50: 93.3012 | AP70: 78.5149 
UAV_SEQS_6 | mAP50:90: 63.9975 | AP50: 72.2434 | AP70: 65.8868 
UAV_SEQS_63 | mAP50:90: 72.2587 | AP50: 100.0000 | AP70: 89.4355 
UAV_SEQS_65 | mAP50:90: 81.3254 | AP50: 94.8913 | AP70: 90.9749 
UAV_SEQS_7 | mAP50:90: 88.4399 | AP50: 100.0000 | AP70: 94.6891 
UAV_SEQS_71 | mAP50:90: 71.0881 | AP50: 99.0099 | AP70: 81.8483 
UAV_SEQS_73 | mAP50:90: 64.0466 | AP50: 81.9434 | AP70: 71.4723 
UAV_SEQS_74 | mAP50:90: 94.1021 | AP50: 100.0000 | AP70: 100.0000 
UAV_SEQS_77 | mAP50:90: 16.2786 | AP50: 25.7426 | AP70: 22.3606 
UAV_SEQS_8 | mAP50:90: 78.8774 | AP50: 100.0000 | AP70: 98.7591 
Overall            | mAP50:95: 73.2270 | AP50: 87.1759 | AP70: 79.5622 
epoch 15, iter    1: loss: 0.0025 | load time: 0.0035 | back time: 0.4623 | lr: 0.00009229 | best AP50 acc: 0.8718 | best AP70 acc: 0.7956 | best mAP acc: 0.7323 | best mAR acc: 0.7853 | best Score: 0.7323 | best Score epoch: 14 
epoch 15, iter   51: loss: 0.0022 | load time: 0.0001 | back time: 0.8290 | lr: 0.00009222 | best AP50 acc: 0.8718 | best AP70 acc: 0.7956 | best mAP acc: 0.7323 | best mAR acc: 0.7853 | best Score: 0.7323 | best Score epoch: 14 
epoch 15, iter  101: loss: 0.0019 | load time: 0.0002 | back time: 0.8378 | lr: 0.00009215 | best AP50 acc: 0.8718 | best AP70 acc: 0.7956 | best mAP acc: 0.7323 | best mAR acc: 0.7853 | best Score: 0.7323 | best Score epoch: 14 
epoch 15, iter  151: loss: 0.0024 | load time: 0.0002 | back time: 0.8389 | lr: 0.00009207 | best AP50 acc: 0.8718 | best AP70 acc: 0.7956 | best mAP acc: 0.7323 | best mAR acc: 0.7853 | best Score: 0.7323 | best Score epoch: 14 
epoch 15, iter  201: loss: 0.0022 | load time: 0.0001 | back time: 0.8418 | lr: 0.00009200 | best AP50 acc: 0.8718 | best AP70 acc: 0.7956 | best mAP acc: 0.7323 | best mAR acc: 0.7853 | best Score: 0.7323 | best Score epoch: 14 
epoch 15, iter  251: loss: 0.0031 | load time: 0.0003 | back time: 0.8417 | lr: 0.00009193 | best AP50 acc: 0.8718 | best AP70 acc: 0.7956 | best mAP acc: 0.7323 | best mAR acc: 0.7853 | best Score: 0.7323 | best Score epoch: 14 
epoch 15, iter  301: loss: 0.0021 | load time: 0.0003 | back time: 0.8366 | lr: 0.00009185 | best AP50 acc: 0.8718 | best AP70 acc: 0.7956 | best mAP acc: 0.7323 | best mAR acc: 0.7853 | best Score: 0.7323 | best Score epoch: 14 
epoch 15, iter  351: loss: 0.0017 | load time: 0.0003 | back time: 0.8477 | lr: 0.00009178 | best AP50 acc: 0.8718 | best AP70 acc: 0.7956 | best mAP acc: 0.7323 | best mAR acc: 0.7853 | best Score: 0.7323 | best Score epoch: 14 
epoch 15, iter  401: loss: 0.0029 | load time: 0.0002 | back time: 0.8365 | lr: 0.00009170 | best AP50 acc: 0.8718 | best AP70 acc: 0.7956 | best mAP acc: 0.7323 | best mAR acc: 0.7853 | best Score: 0.7323 | best Score epoch: 14 
epoch 15, iter  451: loss: 0.0019 | load time: 0.0003 | back time: 0.8410 | lr: 0.00009163 | best AP50 acc: 0.8718 | best AP70 acc: 0.7956 | best mAP acc: 0.7323 | best mAR acc: 0.7853 | best Score: 0.7323 | best Score epoch: 14 
epoch 15, iter  501: loss: 0.0039 | load time: 0.0003 | back time: 0.8433 | lr: 0.00009155 | best AP50 acc: 0.8718 | best AP70 acc: 0.7956 | best mAP acc: 0.7323 | best mAR acc: 0.7853 | best Score: 0.7323 | best Score epoch: 14 
epoch 15, iter  551: loss: 0.0017 | load time: 0.0002 | back time: 0.8406 | lr: 0.00009148 | best AP50 acc: 0.8718 | best AP70 acc: 0.7956 | best mAP acc: 0.7323 | best mAR acc: 0.7853 | best Score: 0.7323 | best Score epoch: 14 
epoch 15, iter  601: loss: 0.0008 | load time: 0.0002 | back time: 0.8421 | lr: 0.00009140 | best AP50 acc: 0.8718 | best AP70 acc: 0.7956 | best mAP acc: 0.7323 | best mAR acc: 0.7853 | best Score: 0.7323 | best Score epoch: 14 
epoch 15, iter  651: loss: 0.0023 | load time: 0.0002 | back time: 0.8423 | lr: 0.00009133 | best AP50 acc: 0.8718 | best AP70 acc: 0.7956 | best mAP acc: 0.7323 | best mAR acc: 0.7853 | best Score: 0.7323 | best Score epoch: 14 
epoch 15, iter  701: loss: 0.0029 | load time: 0.0002 | back time: 0.8458 | lr: 0.00009125 | best AP50 acc: 0.8718 | best AP70 acc: 0.7956 | best mAP acc: 0.7323 | best mAR acc: 0.7853 | best Score: 0.7323 | best Score epoch: 14 
epoch 15, iter  751: loss: 0.0023 | load time: 0.0001 | back time: 0.8416 | lr: 0.00009117 | best AP50 acc: 0.8718 | best AP70 acc: 0.7956 | best mAP acc: 0.7323 | best mAR acc: 0.7853 | best Score: 0.7323 | best Score epoch: 14 
epoch 15, iter  801: loss: 0.0031 | load time: 0.0002 | back time: 0.8437 | lr: 0.00009110 | best AP50 acc: 0.8718 | best AP70 acc: 0.7956 | best mAP acc: 0.7323 | best mAR acc: 0.7853 | best Score: 0.7323 | best Score epoch: 14 
epoch 15, iter  851: loss: 0.0030 | load time: 0.0002 | back time: 0.8434 | lr: 0.00009102 | best AP50 acc: 0.8718 | best AP70 acc: 0.7956 | best mAP acc: 0.7323 | best mAR acc: 0.7853 | best Score: 0.7323 | best Score epoch: 14 
epoch 15, iter  901: loss: 0.0019 | load time: 0.0002 | back time: 0.8409 | lr: 0.00009094 | best AP50 acc: 0.8718 | best AP70 acc: 0.7956 | best mAP acc: 0.7323 | best mAR acc: 0.7853 | best Score: 0.7323 | best Score epoch: 14 
epoch 15, iter  951: loss: 0.0010 | load time: 0.0002 | back time: 0.8456 | lr: 0.00009086 | best AP50 acc: 0.8718 | best AP70 acc: 0.7956 | best mAP acc: 0.7323 | best mAR acc: 0.7853 | best Score: 0.7323 | best Score epoch: 14 
epoch 15, iter 1001: loss: 0.0027 | load time: 0.0002 | back time: 0.8458 | lr: 0.00009078 | best AP50 acc: 0.8718 | best AP70 acc: 0.7956 | best mAP acc: 0.7323 | best mAR acc: 0.7853 | best Score: 0.7323 | best Score epoch: 14 
epoch 15, iter 1051: loss: 0.0037 | load time: 0.0002 | back time: 0.8418 | lr: 0.00009071 | best AP50 acc: 0.8718 | best AP70 acc: 0.7956 | best mAP acc: 0.7323 | best mAR acc: 0.7853 | best Score: 0.7323 | best Score epoch: 14 
epoch 15, iter 1101: loss: 0.0029 | load time: 0.0002 | back time: 0.8423 | lr: 0.00009063 | best AP50 acc: 0.8718 | best AP70 acc: 0.7956 | best mAP acc: 0.7323 | best mAR acc: 0.7853 | best Score: 0.7323 | best Score epoch: 14 
epoch 15, iter 1151: loss: 0.0028 | load time: 0.0001 | back time: 0.8420 | lr: 0.00009055 | best AP50 acc: 0.8718 | best AP70 acc: 0.7956 | best mAP acc: 0.7323 | best mAR acc: 0.7853 | best Score: 0.7323 | best Score epoch: 14 
UAV_SEQS_2 | mAP50:90: 36.0193 | AP50: 52.6662 | AP70: 37.3578 
UAV_SEQS_37 | mAP50:90: 98.1946 | AP50: 100.0000 | AP70: 100.0000 
UAV_SEQS_45 | mAP50:90: 96.9726 | AP50: 100.0000 | AP70: 100.0000 
UAV_SEQS_47 | mAP50:90: 99.0169 | AP50: 100.0000 | AP70: 100.0000 
UAV_SEQS_55 | mAP50:90: 39.7884 | AP50: 66.2323 | AP70: 41.9782 
UAV_SEQS_59 | mAP50:90: 65.0828 | AP50: 87.8494 | AP70: 70.6471 
UAV_SEQS_6 | mAP50:90: 48.9928 | AP50: 56.6909 | AP70: 49.1685 
UAV_SEQS_63 | mAP50:90: 44.0341 | AP50: 90.6139 | AP70: 43.1144 
UAV_SEQS_65 | mAP50:90: 80.0272 | AP50: 95.6475 | AP70: 89.7135 
UAV_SEQS_7 | mAP50:90: 90.3811 | AP50: 100.0000 | AP70: 93.6931 
UAV_SEQS_71 | mAP50:90: 59.2231 | AP50: 88.0210 | AP70: 65.1481 
UAV_SEQS_73 | mAP50:90: 65.1553 | AP50: 84.0545 | AP70: 75.2025 
UAV_SEQS_74 | mAP50:90: 92.4757 | AP50: 100.0000 | AP70: 100.0000 
UAV_SEQS_77 | mAP50:90: 3.2257 | AP50: 6.7657 | AP70: 3.5479 
UAV_SEQS_8 | mAP50:90: 83.5865 | AP50: 100.0000 | AP70: 96.0792 
Overall            | mAP50:95: 68.8207 | AP50: 82.9290 | AP70: 73.1815 
epoch 16, iter    1: loss: 0.0022 | load time: 0.0031 | back time: 0.3861 | lr: 0.00009054 | best AP50 acc: 0.8718 | best AP70 acc: 0.7956 | best mAP acc: 0.7323 | best mAR acc: 0.7853 | best Score: 0.7323 | best Score epoch: 14 
epoch 16, iter   51: loss: 0.0027 | load time: 0.0002 | back time: 0.8343 | lr: 0.00009047 | best AP50 acc: 0.8718 | best AP70 acc: 0.7956 | best mAP acc: 0.7323 | best mAR acc: 0.7853 | best Score: 0.7323 | best Score epoch: 14 
epoch 16, iter  101: loss: 0.0018 | load time: 0.0003 | back time: 0.8387 | lr: 0.00009039 | best AP50 acc: 0.8718 | best AP70 acc: 0.7956 | best mAP acc: 0.7323 | best mAR acc: 0.7853 | best Score: 0.7323 | best Score epoch: 14 
epoch 16, iter  151: loss: 0.0009 | load time: 0.0002 | back time: 0.8411 | lr: 0.00009031 | best AP50 acc: 0.8718 | best AP70 acc: 0.7956 | best mAP acc: 0.7323 | best mAR acc: 0.7853 | best Score: 0.7323 | best Score epoch: 14 
epoch 16, iter  201: loss: 0.0019 | load time: 0.0002 | back time: 0.8424 | lr: 0.00009022 | best AP50 acc: 0.8718 | best AP70 acc: 0.7956 | best mAP acc: 0.7323 | best mAR acc: 0.7853 | best Score: 0.7323 | best Score epoch: 14 
epoch 16, iter  251: loss: 0.0027 | load time: 0.0002 | back time: 0.8436 | lr: 0.00009014 | best AP50 acc: 0.8718 | best AP70 acc: 0.7956 | best mAP acc: 0.7323 | best mAR acc: 0.7853 | best Score: 0.7323 | best Score epoch: 14 
epoch 16, iter  301: loss: 0.0016 | load time: 0.0003 | back time: 0.8439 | lr: 0.00009006 | best AP50 acc: 0.8718 | best AP70 acc: 0.7956 | best mAP acc: 0.7323 | best mAR acc: 0.7853 | best Score: 0.7323 | best Score epoch: 14 
epoch 16, iter  351: loss: 0.0033 | load time: 0.0003 | back time: 0.8436 | lr: 0.00008998 | best AP50 acc: 0.8718 | best AP70 acc: 0.7956 | best mAP acc: 0.7323 | best mAR acc: 0.7853 | best Score: 0.7323 | best Score epoch: 14 
epoch 16, iter  401: loss: 0.0019 | load time: 0.0003 | back time: 0.8462 | lr: 0.00008990 | best AP50 acc: 0.8718 | best AP70 acc: 0.7956 | best mAP acc: 0.7323 | best mAR acc: 0.7853 | best Score: 0.7323 | best Score epoch: 14 
epoch 16, iter  451: loss: 0.0042 | load time: 0.0001 | back time: 0.8423 | lr: 0.00008982 | best AP50 acc: 0.8718 | best AP70 acc: 0.7956 | best mAP acc: 0.7323 | best mAR acc: 0.7853 | best Score: 0.7323 | best Score epoch: 14 
epoch 16, iter  501: loss: 0.0048 | load time: 0.0002 | back time: 0.8454 | lr: 0.00008974 | best AP50 acc: 0.8718 | best AP70 acc: 0.7956 | best mAP acc: 0.7323 | best mAR acc: 0.7853 | best Score: 0.7323 | best Score epoch: 14 
epoch 16, iter  551: loss: 0.0018 | load time: 0.0003 | back time: 0.8407 | lr: 0.00008965 | best AP50 acc: 0.8718 | best AP70 acc: 0.7956 | best mAP acc: 0.7323 | best mAR acc: 0.7853 | best Score: 0.7323 | best Score epoch: 14 
epoch 16, iter  601: loss: 0.0028 | load time: 0.0002 | back time: 0.8427 | lr: 0.00008957 | best AP50 acc: 0.8718 | best AP70 acc: 0.7956 | best mAP acc: 0.7323 | best mAR acc: 0.7853 | best Score: 0.7323 | best Score epoch: 14 
epoch 16, iter  651: loss: 0.0037 | load time: 0.0002 | back time: 0.8458 | lr: 0.00008949 | best AP50 acc: 0.8718 | best AP70 acc: 0.7956 | best mAP acc: 0.7323 | best mAR acc: 0.7853 | best Score: 0.7323 | best Score epoch: 14 
epoch 16, iter  701: loss: 0.0028 | load time: 0.0003 | back time: 0.8452 | lr: 0.00008940 | best AP50 acc: 0.8718 | best AP70 acc: 0.7956 | best mAP acc: 0.7323 | best mAR acc: 0.7853 | best Score: 0.7323 | best Score epoch: 14 
epoch 16, iter  751: loss: 0.0017 | load time: 0.0002 | back time: 0.8429 | lr: 0.00008932 | best AP50 acc: 0.8718 | best AP70 acc: 0.7956 | best mAP acc: 0.7323 | best mAR acc: 0.7853 | best Score: 0.7323 | best Score epoch: 14 
epoch 16, iter  801: loss: 0.0016 | load time: 0.0002 | back time: 0.8447 | lr: 0.00008924 | best AP50 acc: 0.8718 | best AP70 acc: 0.7956 | best mAP acc: 0.7323 | best mAR acc: 0.7853 | best Score: 0.7323 | best Score epoch: 14 
epoch 16, iter  851: loss: 0.0020 | load time: 0.0003 | back time: 0.8445 | lr: 0.00008915 | best AP50 acc: 0.8718 | best AP70 acc: 0.7956 | best mAP acc: 0.7323 | best mAR acc: 0.7853 | best Score: 0.7323 | best Score epoch: 14 
epoch 16, iter  901: loss: 0.0008 | load time: 0.0003 | back time: 0.8428 | lr: 0.00008907 | best AP50 acc: 0.8718 | best AP70 acc: 0.7956 | best mAP acc: 0.7323 | best mAR acc: 0.7853 | best Score: 0.7323 | best Score epoch: 14 
epoch 16, iter  951: loss: 0.0026 | load time: 0.0002 | back time: 0.8430 | lr: 0.00008898 | best AP50 acc: 0.8718 | best AP70 acc: 0.7956 | best mAP acc: 0.7323 | best mAR acc: 0.7853 | best Score: 0.7323 | best Score epoch: 14 
epoch 16, iter 1001: loss: 0.0024 | load time: 0.0001 | back time: 0.8439 | lr: 0.00008890 | best AP50 acc: 0.8718 | best AP70 acc: 0.7956 | best mAP acc: 0.7323 | best mAR acc: 0.7853 | best Score: 0.7323 | best Score epoch: 14 
epoch 16, iter 1051: loss: 0.0039 | load time: 0.0002 | back time: 0.8441 | lr: 0.00008881 | best AP50 acc: 0.8718 | best AP70 acc: 0.7956 | best mAP acc: 0.7323 | best mAR acc: 0.7853 | best Score: 0.7323 | best Score epoch: 14 
epoch 16, iter 1101: loss: 0.0021 | load time: 0.0003 | back time: 0.8430 | lr: 0.00008873 | best AP50 acc: 0.8718 | best AP70 acc: 0.7956 | best mAP acc: 0.7323 | best mAR acc: 0.7853 | best Score: 0.7323 | best Score epoch: 14 
epoch 16, iter 1151: loss: 0.0036 | load time: 0.0001 | back time: 0.8445 | lr: 0.00008864 | best AP50 acc: 0.8718 | best AP70 acc: 0.7956 | best mAP acc: 0.7323 | best mAR acc: 0.7853 | best Score: 0.7323 | best Score epoch: 14 
UAV_SEQS_2 | mAP50:90: 36.0840 | AP50: 56.7656 | AP70: 38.7416 
UAV_SEQS_37 | mAP50:90: 97.7485 | AP50: 100.0000 | AP70: 100.0000 
UAV_SEQS_45 | mAP50:90: 92.7116 | AP50: 100.0000 | AP70: 96.2938 
UAV_SEQS_47 | mAP50:90: 99.1702 | AP50: 100.0000 | AP70: 100.0000 
UAV_SEQS_55 | mAP50:90: 35.7318 | AP50: 53.7065 | AP70: 36.3074 
UAV_SEQS_59 | mAP50:90: 64.2381 | AP50: 93.7636 | AP70: 66.0978 
UAV_SEQS_6 | mAP50:90: 63.4283 | AP50: 70.7929 | AP70: 68.7695 
UAV_SEQS_63 | mAP50:90: 2.2345 | AP50: 6.5305 | AP70: 2.5611 
UAV_SEQS_65 | mAP50:90: 74.5446 | AP50: 98.9307 | AP70: 90.9252 
UAV_SEQS_7 | mAP50:90: 95.1202 | AP50: 100.0000 | AP70: 100.0000 
UAV_SEQS_71 | mAP50:90: 46.7714 | AP50: 80.8479 | AP70: 45.4509 
UAV_SEQS_73 | mAP50:90: 60.4505 | AP50: 78.3630 | AP70: 63.2481 
UAV_SEQS_74 | mAP50:90: 81.8089 | AP50: 94.2602 | AP70: 94.2602 
UAV_SEQS_77 | mAP50:90: 25.2556 | AP50: 36.6337 | AP70: 30.4753 
UAV_SEQS_8 | mAP50:90: 99.2162 | AP50: 100.0000 | AP70: 100.0000 
Overall            | mAP50:95: 66.3251 | AP50: 79.7785 | AP70: 69.8358 
epoch 17, iter    1: loss: 0.0029 | load time: 0.0038 | back time: 0.3748 | lr: 0.00008864 | best AP50 acc: 0.8718 | best AP70 acc: 0.7956 | best mAP acc: 0.7323 | best mAR acc: 0.7853 | best Score: 0.7323 | best Score epoch: 14 
epoch 17, iter   51: loss: 0.0008 | load time: 0.0002 | back time: 0.8351 | lr: 0.00008855 | best AP50 acc: 0.8718 | best AP70 acc: 0.7956 | best mAP acc: 0.7323 | best mAR acc: 0.7853 | best Score: 0.7323 | best Score epoch: 14 
epoch 17, iter  101: loss: 0.0023 | load time: 0.0008 | back time: 0.8468 | lr: 0.00008847 | best AP50 acc: 0.8718 | best AP70 acc: 0.7956 | best mAP acc: 0.7323 | best mAR acc: 0.7853 | best Score: 0.7323 | best Score epoch: 14 
epoch 17, iter  151: loss: 0.0019 | load time: 0.0002 | back time: 0.8427 | lr: 0.00008838 | best AP50 acc: 0.8718 | best AP70 acc: 0.7956 | best mAP acc: 0.7323 | best mAR acc: 0.7853 | best Score: 0.7323 | best Score epoch: 14 
epoch 17, iter  201: loss: 0.0021 | load time: 0.0002 | back time: 0.8435 | lr: 0.00008829 | best AP50 acc: 0.8718 | best AP70 acc: 0.7956 | best mAP acc: 0.7323 | best mAR acc: 0.7853 | best Score: 0.7323 | best Score epoch: 14 
epoch 17, iter  251: loss: 0.0018 | load time: 0.0002 | back time: 0.8453 | lr: 0.00008820 | best AP50 acc: 0.8718 | best AP70 acc: 0.7956 | best mAP acc: 0.7323 | best mAR acc: 0.7853 | best Score: 0.7323 | best Score epoch: 14 
epoch 17, iter  301: loss: 0.0007 | load time: 0.0002 | back time: 0.8440 | lr: 0.00008812 | best AP50 acc: 0.8718 | best AP70 acc: 0.7956 | best mAP acc: 0.7323 | best mAR acc: 0.7853 | best Score: 0.7323 | best Score epoch: 14 
epoch 17, iter  351: loss: 0.0027 | load time: 0.0002 | back time: 0.8448 | lr: 0.00008803 | best AP50 acc: 0.8718 | best AP70 acc: 0.7956 | best mAP acc: 0.7323 | best mAR acc: 0.7853 | best Score: 0.7323 | best Score epoch: 14 
epoch 17, iter  401: loss: 0.0029 | load time: 0.0002 | back time: 0.8505 | lr: 0.00008794 | best AP50 acc: 0.8718 | best AP70 acc: 0.7956 | best mAP acc: 0.7323 | best mAR acc: 0.7853 | best Score: 0.7323 | best Score epoch: 14 
epoch 17, iter  451: loss: 0.0021 | load time: 0.0001 | back time: 0.8449 | lr: 0.00008785 | best AP50 acc: 0.8718 | best AP70 acc: 0.7956 | best mAP acc: 0.7323 | best mAR acc: 0.7853 | best Score: 0.7323 | best Score epoch: 14 
epoch 17, iter  501: loss: 0.0039 | load time: 0.0003 | back time: 0.8461 | lr: 0.00008776 | best AP50 acc: 0.8718 | best AP70 acc: 0.7956 | best mAP acc: 0.7323 | best mAR acc: 0.7853 | best Score: 0.7323 | best Score epoch: 14 
epoch 17, iter  551: loss: 0.0035 | load time: 0.0001 | back time: 0.8453 | lr: 0.00008768 | best AP50 acc: 0.8718 | best AP70 acc: 0.7956 | best mAP acc: 0.7323 | best mAR acc: 0.7853 | best Score: 0.7323 | best Score epoch: 14 
epoch 17, iter  601: loss: 0.0017 | load time: 0.0002 | back time: 0.8451 | lr: 0.00008759 | best AP50 acc: 0.8718 | best AP70 acc: 0.7956 | best mAP acc: 0.7323 | best mAR acc: 0.7853 | best Score: 0.7323 | best Score epoch: 14 
epoch 17, iter  651: loss: 0.0028 | load time: 0.0002 | back time: 0.8460 | lr: 0.00008750 | best AP50 acc: 0.8718 | best AP70 acc: 0.7956 | best mAP acc: 0.7323 | best mAR acc: 0.7853 | best Score: 0.7323 | best Score epoch: 14 
epoch 17, iter  701: loss: 0.0027 | load time: 0.0001 | back time: 0.8463 | lr: 0.00008741 | best AP50 acc: 0.8718 | best AP70 acc: 0.7956 | best mAP acc: 0.7323 | best mAR acc: 0.7853 | best Score: 0.7323 | best Score epoch: 14 
epoch 17, iter  751: loss: 0.0022 | load time: 0.0002 | back time: 0.8448 | lr: 0.00008732 | best AP50 acc: 0.8718 | best AP70 acc: 0.7956 | best mAP acc: 0.7323 | best mAR acc: 0.7853 | best Score: 0.7323 | best Score epoch: 14 
epoch 17, iter  801: loss: 0.0033 | load time: 0.0002 | back time: 0.8436 | lr: 0.00008723 | best AP50 acc: 0.8718 | best AP70 acc: 0.7956 | best mAP acc: 0.7323 | best mAR acc: 0.7853 | best Score: 0.7323 | best Score epoch: 14 
epoch 17, iter  851: loss: 0.0015 | load time: 0.0002 | back time: 0.8453 | lr: 0.00008714 | best AP50 acc: 0.8718 | best AP70 acc: 0.7956 | best mAP acc: 0.7323 | best mAR acc: 0.7853 | best Score: 0.7323 | best Score epoch: 14 
epoch 17, iter  901: loss: 0.0029 | load time: 0.0003 | back time: 0.8447 | lr: 0.00008704 | best AP50 acc: 0.8718 | best AP70 acc: 0.7956 | best mAP acc: 0.7323 | best mAR acc: 0.7853 | best Score: 0.7323 | best Score epoch: 14 
epoch 17, iter  951: loss: 0.0028 | load time: 0.0002 | back time: 0.8450 | lr: 0.00008695 | best AP50 acc: 0.8718 | best AP70 acc: 0.7956 | best mAP acc: 0.7323 | best mAR acc: 0.7853 | best Score: 0.7323 | best Score epoch: 14 
epoch 17, iter 1001: loss: 0.0016 | load time: 0.0002 | back time: 0.8447 | lr: 0.00008686 | best AP50 acc: 0.8718 | best AP70 acc: 0.7956 | best mAP acc: 0.7323 | best mAR acc: 0.7853 | best Score: 0.7323 | best Score epoch: 14 
epoch 17, iter 1051: loss: 0.0017 | load time: 0.0002 | back time: 0.8448 | lr: 0.00008677 | best AP50 acc: 0.8718 | best AP70 acc: 0.7956 | best mAP acc: 0.7323 | best mAR acc: 0.7853 | best Score: 0.7323 | best Score epoch: 14 
epoch 17, iter 1101: loss: 0.0028 | load time: 0.0001 | back time: 0.8457 | lr: 0.00008668 | best AP50 acc: 0.8718 | best AP70 acc: 0.7956 | best mAP acc: 0.7323 | best mAR acc: 0.7853 | best Score: 0.7323 | best Score epoch: 14 
epoch 17, iter 1151: loss: 0.0007 | load time: 0.0001 | back time: 0.8491 | lr: 0.00008659 | best AP50 acc: 0.8718 | best AP70 acc: 0.7956 | best mAP acc: 0.7323 | best mAR acc: 0.7853 | best Score: 0.7323 | best Score epoch: 14 
UAV_SEQS_2 | mAP50:90: 28.8661 | AP50: 59.9182 | AP70: 25.0899 
UAV_SEQS_37 | mAP50:90: 94.0718 | AP50: 100.0000 | AP70: 97.3837 
UAV_SEQS_45 | mAP50:90: 97.0133 | AP50: 100.0000 | AP70: 100.0000 
UAV_SEQS_47 | mAP50:90: 99.6956 | AP50: 100.0000 | AP70: 100.0000 
UAV_SEQS_55 | mAP50:90: 47.7184 | AP50: 68.2233 | AP70: 54.7727 
UAV_SEQS_59 | mAP50:90: 63.3537 | AP50: 91.1742 | AP70: 69.3484 
UAV_SEQS_6 | mAP50:90: 41.9203 | AP50: 47.2836 | AP70: 43.9983 
UAV_SEQS_63 | mAP50:90: 38.1663 | AP50: 85.3267 | AP70: 22.1334 
UAV_SEQS_65 | mAP50:90: 83.4677 | AP50: 95.3539 | AP70: 91.2179 
UAV_SEQS_7 | mAP50:90: 68.1681 | AP50: 99.0000 | AP70: 76.1131 
UAV_SEQS_71 | mAP50:90: 66.5988 | AP50: 91.7900 | AP70: 74.3881 
UAV_SEQS_73 | mAP50:90: 70.2344 | AP50: 86.9755 | AP70: 77.7282 
UAV_SEQS_74 | mAP50:90: 98.2113 | AP50: 99.0099 | AP70: 99.0099 
UAV_SEQS_77 | mAP50:90: 10.6272 | AP50: 12.8713 | AP70: 12.8713 
UAV_SEQS_8 | mAP50:90: 88.9196 | AP50: 100.0000 | AP70: 100.0000 
Overall            | mAP50:95: 67.5198 | AP50: 83.8260 | AP70: 71.6511 
epoch 18, iter    1: loss: 0.0027 | load time: 0.0041 | back time: 0.5216 | lr: 0.00008658 | best AP50 acc: 0.8718 | best AP70 acc: 0.7956 | best mAP acc: 0.7323 | best mAR acc: 0.7853 | best Score: 0.7323 | best Score epoch: 14 
epoch 18, iter   51: loss: 0.0017 | load time: 0.0002 | back time: 0.8359 | lr: 0.00008649 | best AP50 acc: 0.8718 | best AP70 acc: 0.7956 | best mAP acc: 0.7323 | best mAR acc: 0.7853 | best Score: 0.7323 | best Score epoch: 14 
epoch 18, iter  101: loss: 0.0027 | load time: 0.0001 | back time: 0.8511 | lr: 0.00008640 | best AP50 acc: 0.8718 | best AP70 acc: 0.7956 | best mAP acc: 0.7323 | best mAR acc: 0.7853 | best Score: 0.7323 | best Score epoch: 14 
epoch 18, iter  151: loss: 0.0036 | load time: 0.0002 | back time: 0.8428 | lr: 0.00008630 | best AP50 acc: 0.8718 | best AP70 acc: 0.7956 | best mAP acc: 0.7323 | best mAR acc: 0.7853 | best Score: 0.7323 | best Score epoch: 14 
epoch 18, iter  201: loss: 0.0023 | load time: 0.0002 | back time: 0.8456 | lr: 0.00008621 | best AP50 acc: 0.8718 | best AP70 acc: 0.7956 | best mAP acc: 0.7323 | best mAR acc: 0.7853 | best Score: 0.7323 | best Score epoch: 14 
epoch 18, iter  251: loss: 0.0030 | load time: 0.0003 | back time: 0.8459 | lr: 0.00008612 | best AP50 acc: 0.8718 | best AP70 acc: 0.7956 | best mAP acc: 0.7323 | best mAR acc: 0.7853 | best Score: 0.7323 | best Score epoch: 14 
epoch 18, iter  301: loss: 0.0030 | load time: 0.0002 | back time: 0.8468 | lr: 0.00008602 | best AP50 acc: 0.8718 | best AP70 acc: 0.7956 | best mAP acc: 0.7323 | best mAR acc: 0.7853 | best Score: 0.7323 | best Score epoch: 14 
epoch 18, iter  351: loss: 0.0016 | load time: 0.0002 | back time: 0.8456 | lr: 0.00008593 | best AP50 acc: 0.8718 | best AP70 acc: 0.7956 | best mAP acc: 0.7323 | best mAR acc: 0.7853 | best Score: 0.7323 | best Score epoch: 14 
epoch 18, iter  401: loss: 0.0027 | load time: 0.0002 | back time: 0.8473 | lr: 0.00008583 | best AP50 acc: 0.8718 | best AP70 acc: 0.7956 | best mAP acc: 0.7323 | best mAR acc: 0.7853 | best Score: 0.7323 | best Score epoch: 14 
epoch 18, iter  451: loss: 0.0029 | load time: 0.0002 | back time: 0.8462 | lr: 0.00008574 | best AP50 acc: 0.8718 | best AP70 acc: 0.7956 | best mAP acc: 0.7323 | best mAR acc: 0.7853 | best Score: 0.7323 | best Score epoch: 14 
epoch 18, iter  501: loss: 0.0016 | load time: 0.0003 | back time: 0.8455 | lr: 0.00008564 | best AP50 acc: 0.8718 | best AP70 acc: 0.7956 | best mAP acc: 0.7323 | best mAR acc: 0.7853 | best Score: 0.7323 | best Score epoch: 14 
epoch 18, iter  551: loss: 0.0023 | load time: 0.0003 | back time: 0.8465 | lr: 0.00008555 | best AP50 acc: 0.8718 | best AP70 acc: 0.7956 | best mAP acc: 0.7323 | best mAR acc: 0.7853 | best Score: 0.7323 | best Score epoch: 14 
epoch 18, iter  601: loss: 0.0021 | load time: 0.0002 | back time: 0.8486 | lr: 0.00008545 | best AP50 acc: 0.8718 | best AP70 acc: 0.7956 | best mAP acc: 0.7323 | best mAR acc: 0.7853 | best Score: 0.7323 | best Score epoch: 14 
epoch 18, iter  651: loss: 0.0037 | load time: 0.0002 | back time: 0.8455 | lr: 0.00008536 | best AP50 acc: 0.8718 | best AP70 acc: 0.7956 | best mAP acc: 0.7323 | best mAR acc: 0.7853 | best Score: 0.7323 | best Score epoch: 14 
epoch 18, iter  701: loss: 0.0022 | load time: 0.0002 | back time: 0.8459 | lr: 0.00008526 | best AP50 acc: 0.8718 | best AP70 acc: 0.7956 | best mAP acc: 0.7323 | best mAR acc: 0.7853 | best Score: 0.7323 | best Score epoch: 14 
epoch 18, iter  751: loss: 0.0029 | load time: 0.0002 | back time: 0.8465 | lr: 0.00008517 | best AP50 acc: 0.8718 | best AP70 acc: 0.7956 | best mAP acc: 0.7323 | best mAR acc: 0.7853 | best Score: 0.7323 | best Score epoch: 14 
epoch 18, iter  801: loss: 0.0018 | load time: 0.0002 | back time: 0.8463 | lr: 0.00008507 | best AP50 acc: 0.8718 | best AP70 acc: 0.7956 | best mAP acc: 0.7323 | best mAR acc: 0.7853 | best Score: 0.7323 | best Score epoch: 14 
epoch 18, iter  851: loss: 0.0015 | load time: 0.0001 | back time: 0.8407 | lr: 0.00008497 | best AP50 acc: 0.8718 | best AP70 acc: 0.7956 | best mAP acc: 0.7323 | best mAR acc: 0.7853 | best Score: 0.7323 | best Score epoch: 14 
epoch 18, iter  901: loss: 0.0011 | load time: 0.0002 | back time: 0.8448 | lr: 0.00008488 | best AP50 acc: 0.8718 | best AP70 acc: 0.7956 | best mAP acc: 0.7323 | best mAR acc: 0.7853 | best Score: 0.7323 | best Score epoch: 14 
epoch 18, iter  951: loss: 0.0013 | load time: 0.0001 | back time: 0.8477 | lr: 0.00008478 | best AP50 acc: 0.8718 | best AP70 acc: 0.7956 | best mAP acc: 0.7323 | best mAR acc: 0.7853 | best Score: 0.7323 | best Score epoch: 14 
epoch 18, iter 1001: loss: 0.0021 | load time: 0.0002 | back time: 0.8456 | lr: 0.00008468 | best AP50 acc: 0.8718 | best AP70 acc: 0.7956 | best mAP acc: 0.7323 | best mAR acc: 0.7853 | best Score: 0.7323 | best Score epoch: 14 
epoch 18, iter 1051: loss: 0.0028 | load time: 0.0003 | back time: 0.8455 | lr: 0.00008458 | best AP50 acc: 0.8718 | best AP70 acc: 0.7956 | best mAP acc: 0.7323 | best mAR acc: 0.7853 | best Score: 0.7323 | best Score epoch: 14 
epoch 18, iter 1101: loss: 0.0018 | load time: 0.0002 | back time: 0.8476 | lr: 0.00008449 | best AP50 acc: 0.8718 | best AP70 acc: 0.7956 | best mAP acc: 0.7323 | best mAR acc: 0.7853 | best Score: 0.7323 | best Score epoch: 14 
epoch 18, iter 1151: loss: 0.0028 | load time: 0.0071 | back time: 0.8339 | lr: 0.00008439 | best AP50 acc: 0.8718 | best AP70 acc: 0.7956 | best mAP acc: 0.7323 | best mAR acc: 0.7853 | best Score: 0.7323 | best Score epoch: 14 
UAV_SEQS_2 | mAP50:90: 31.6673 | AP50: 59.4225 | AP70: 30.4285 
UAV_SEQS_37 | mAP50:90: 96.9239 | AP50: 100.0000 | AP70: 100.0000 
UAV_SEQS_45 | mAP50:90: 90.2742 | AP50: 100.0000 | AP70: 92.6961 
UAV_SEQS_47 | mAP50:90: 95.4093 | AP50: 100.0000 | AP70: 100.0000 
UAV_SEQS_55 | mAP50:90: 36.9241 | AP50: 57.6133 | AP70: 40.6675 
UAV_SEQS_59 | mAP50:90: 51.7466 | AP50: 79.3091 | AP70: 54.2207 
UAV_SEQS_6 | mAP50:90: 60.8576 | AP50: 66.2476 | AP70: 63.7797 
UAV_SEQS_63 | mAP50:90: 53.6397 | AP50: 91.2871 | AP70: 55.3794 
UAV_SEQS_65 | mAP50:90: 76.3358 | AP50: 97.6515 | AP70: 89.8148 
UAV_SEQS_7 | mAP50:90: 84.5878 | AP50: 100.0000 | AP70: 95.4266 
UAV_SEQS_71 | mAP50:90: 71.6241 | AP50: 94.6646 | AP70: 81.1996 
UAV_SEQS_73 | mAP50:90: 70.7434 | AP50: 87.6997 | AP70: 78.9468 
UAV_SEQS_74 | mAP50:90: 91.1222 | AP50: 98.4794 | AP70: 98.4794 
UAV_SEQS_77 | mAP50:90: 28.7634 | AP50: 33.6634 | AP70: 33.6634 
UAV_SEQS_8 | mAP50:90: 91.9475 | AP50: 100.0000 | AP70: 100.0000 
Overall            | mAP50:95: 70.4019 | AP50: 85.5376 | AP70: 76.1872 
epoch 19, iter    1: loss: 0.0011 | load time: 0.0038 | back time: 0.4054 | lr: 0.00008438 | best AP50 acc: 0.8718 | best AP70 acc: 0.7956 | best mAP acc: 0.7323 | best mAR acc: 0.7853 | best Score: 0.7323 | best Score epoch: 14 
epoch 19, iter   51: loss: 0.0029 | load time: 0.0001 | back time: 0.8358 | lr: 0.00008428 | best AP50 acc: 0.8718 | best AP70 acc: 0.7956 | best mAP acc: 0.7323 | best mAR acc: 0.7853 | best Score: 0.7323 | best Score epoch: 14 
epoch 19, iter  101: loss: 0.0005 | load time: 0.0002 | back time: 0.8428 | lr: 0.00008419 | best AP50 acc: 0.8718 | best AP70 acc: 0.7956 | best mAP acc: 0.7323 | best mAR acc: 0.7853 | best Score: 0.7323 | best Score epoch: 14 
epoch 19, iter  151: loss: 0.0032 | load time: 0.0003 | back time: 0.8447 | lr: 0.00008409 | best AP50 acc: 0.8718 | best AP70 acc: 0.7956 | best mAP acc: 0.7323 | best mAR acc: 0.7853 | best Score: 0.7323 | best Score epoch: 14 
epoch 19, iter  201: loss: 0.0022 | load time: 0.0002 | back time: 0.8462 | lr: 0.00008399 | best AP50 acc: 0.8718 | best AP70 acc: 0.7956 | best mAP acc: 0.7323 | best mAR acc: 0.7853 | best Score: 0.7323 | best Score epoch: 14 
epoch 19, iter  251: loss: 0.0009 | load time: 0.0002 | back time: 0.8483 | lr: 0.00008389 | best AP50 acc: 0.8718 | best AP70 acc: 0.7956 | best mAP acc: 0.7323 | best mAR acc: 0.7853 | best Score: 0.7323 | best Score epoch: 14 
epoch 19, iter  301: loss: 0.0033 | load time: 0.0002 | back time: 0.8499 | lr: 0.00008379 | best AP50 acc: 0.8718 | best AP70 acc: 0.7956 | best mAP acc: 0.7323 | best mAR acc: 0.7853 | best Score: 0.7323 | best Score epoch: 14 
epoch 19, iter  351: loss: 0.0035 | load time: 0.0003 | back time: 0.8478 | lr: 0.00008369 | best AP50 acc: 0.8718 | best AP70 acc: 0.7956 | best mAP acc: 0.7323 | best mAR acc: 0.7853 | best Score: 0.7323 | best Score epoch: 14 
epoch 19, iter  401: loss: 0.0030 | load time: 0.0001 | back time: 0.8471 | lr: 0.00008359 | best AP50 acc: 0.8718 | best AP70 acc: 0.7956 | best mAP acc: 0.7323 | best mAR acc: 0.7853 | best Score: 0.7323 | best Score epoch: 14 
epoch 19, iter  451: loss: 0.0013 | load time: 0.0003 | back time: 0.8475 | lr: 0.00008349 | best AP50 acc: 0.8718 | best AP70 acc: 0.7956 | best mAP acc: 0.7323 | best mAR acc: 0.7853 | best Score: 0.7323 | best Score epoch: 14 
epoch 19, iter  501: loss: 0.0019 | load time: 0.0001 | back time: 0.8461 | lr: 0.00008339 | best AP50 acc: 0.8718 | best AP70 acc: 0.7956 | best mAP acc: 0.7323 | best mAR acc: 0.7853 | best Score: 0.7323 | best Score epoch: 14 
epoch 19, iter  551: loss: 0.0018 | load time: 0.0002 | back time: 0.8452 | lr: 0.00008329 | best AP50 acc: 0.8718 | best AP70 acc: 0.7956 | best mAP acc: 0.7323 | best mAR acc: 0.7853 | best Score: 0.7323 | best Score epoch: 14 
epoch 19, iter  601: loss: 0.0029 | load time: 0.0002 | back time: 0.8490 | lr: 0.00008318 | best AP50 acc: 0.8718 | best AP70 acc: 0.7956 | best mAP acc: 0.7323 | best mAR acc: 0.7853 | best Score: 0.7323 | best Score epoch: 14 
epoch 19, iter  651: loss: 0.0008 | load time: 0.0002 | back time: 0.8461 | lr: 0.00008308 | best AP50 acc: 0.8718 | best AP70 acc: 0.7956 | best mAP acc: 0.7323 | best mAR acc: 0.7853 | best Score: 0.7323 | best Score epoch: 14 
epoch 19, iter  701: loss: 0.0017 | load time: 0.0003 | back time: 0.8466 | lr: 0.00008298 | best AP50 acc: 0.8718 | best AP70 acc: 0.7956 | best mAP acc: 0.7323 | best mAR acc: 0.7853 | best Score: 0.7323 | best Score epoch: 14 
epoch 19, iter  751: loss: 0.0019 | load time: 0.0002 | back time: 0.8477 | lr: 0.00008288 | best AP50 acc: 0.8718 | best AP70 acc: 0.7956 | best mAP acc: 0.7323 | best mAR acc: 0.7853 | best Score: 0.7323 | best Score epoch: 14 
epoch 19, iter  801: loss: 0.0044 | load time: 0.0002 | back time: 0.8471 | lr: 0.00008278 | best AP50 acc: 0.8718 | best AP70 acc: 0.7956 | best mAP acc: 0.7323 | best mAR acc: 0.7853 | best Score: 0.7323 | best Score epoch: 14 
epoch 19, iter  851: loss: 0.0005 | load time: 0.0001 | back time: 0.8469 | lr: 0.00008267 | best AP50 acc: 0.8718 | best AP70 acc: 0.7956 | best mAP acc: 0.7323 | best mAR acc: 0.7853 | best Score: 0.7323 | best Score epoch: 14 
epoch 19, iter  901: loss: 0.0031 | load time: 0.0001 | back time: 0.8465 | lr: 0.00008257 | best AP50 acc: 0.8718 | best AP70 acc: 0.7956 | best mAP acc: 0.7323 | best mAR acc: 0.7853 | best Score: 0.7323 | best Score epoch: 14 
epoch 19, iter  951: loss: 0.0030 | load time: 0.0002 | back time: 0.8478 | lr: 0.00008247 | best AP50 acc: 0.8718 | best AP70 acc: 0.7956 | best mAP acc: 0.7323 | best mAR acc: 0.7853 | best Score: 0.7323 | best Score epoch: 14 
epoch 19, iter 1001: loss: 0.0024 | load time: 0.0003 | back time: 0.8443 | lr: 0.00008237 | best AP50 acc: 0.8718 | best AP70 acc: 0.7956 | best mAP acc: 0.7323 | best mAR acc: 0.7853 | best Score: 0.7323 | best Score epoch: 14 
epoch 19, iter 1051: loss: 0.0028 | load time: 0.0003 | back time: 0.8475 | lr: 0.00008226 | best AP50 acc: 0.8718 | best AP70 acc: 0.7956 | best mAP acc: 0.7323 | best mAR acc: 0.7853 | best Score: 0.7323 | best Score epoch: 14 
epoch 19, iter 1101: loss: 0.0010 | load time: 0.0002 | back time: 0.8441 | lr: 0.00008216 | best AP50 acc: 0.8718 | best AP70 acc: 0.7956 | best mAP acc: 0.7323 | best mAR acc: 0.7853 | best Score: 0.7323 | best Score epoch: 14 
epoch 19, iter 1151: loss: 0.0003 | load time: 0.0001 | back time: 0.8472 | lr: 0.00008205 | best AP50 acc: 0.8718 | best AP70 acc: 0.7956 | best mAP acc: 0.7323 | best mAR acc: 0.7853 | best Score: 0.7323 | best Score epoch: 14 
UAV_SEQS_2 | mAP50:90: 23.3184 | AP50: 51.4295 | AP70: 20.7059 
UAV_SEQS_37 | mAP50:90: 97.7949 | AP50: 100.0000 | AP70: 98.6492 
UAV_SEQS_45 | mAP50:90: 96.0654 | AP50: 100.0000 | AP70: 96.7187 
UAV_SEQS_47 | mAP50:90: 99.8064 | AP50: 100.0000 | AP70: 100.0000 
UAV_SEQS_55 | mAP50:90: 35.0349 | AP50: 59.1272 | AP70: 37.3328 
UAV_SEQS_59 | mAP50:90: 65.1602 | AP50: 93.5812 | AP70: 71.9609 
UAV_SEQS_6 | mAP50:90: 40.6997 | AP50: 47.8961 | AP70: 43.6537 
UAV_SEQS_63 | mAP50:90: 43.9484 | AP50: 87.1749 | AP70: 40.3432 
UAV_SEQS_65 | mAP50:90: 76.2226 | AP50: 96.8447 | AP70: 90.7624 
UAV_SEQS_7 | mAP50:90: 92.3433 | AP50: 100.0000 | AP70: 96.3628 
UAV_SEQS_71 | mAP50:90: 54.5633 | AP50: 78.3912 | AP70: 64.8157 
UAV_SEQS_73 | mAP50:90: 61.0348 | AP50: 83.8298 | AP70: 65.5250 
UAV_SEQS_74 | mAP50:90: 96.4603 | AP50: 100.0000 | AP70: 100.0000 
UAV_SEQS_77 | mAP50:90: 19.0148 | AP50: 24.7525 | AP70: 22.7593 
UAV_SEQS_8 | mAP50:90: 94.6474 | AP50: 100.0000 | AP70: 100.0000 
Overall            | mAP50:95: 69.1024 | AP50: 82.9246 | AP70: 72.8945 
epoch 20, iter    1: loss: 0.0015 | load time: 0.0045 | back time: 0.5171 | lr: 0.00008205 | best AP50 acc: 0.8718 | best AP70 acc: 0.7956 | best mAP acc: 0.7323 | best mAR acc: 0.7853 | best Score: 0.7323 | best Score epoch: 14 
epoch 20, iter   51: loss: 0.0008 | load time: 0.0003 | back time: 0.8405 | lr: 0.00008195 | best AP50 acc: 0.8718 | best AP70 acc: 0.7956 | best mAP acc: 0.7323 | best mAR acc: 0.7853 | best Score: 0.7323 | best Score epoch: 14 
epoch 20, iter  101: loss: 0.0006 | load time: 0.0002 | back time: 0.8455 | lr: 0.00008184 | best AP50 acc: 0.8718 | best AP70 acc: 0.7956 | best mAP acc: 0.7323 | best mAR acc: 0.7853 | best Score: 0.7323 | best Score epoch: 14 
epoch 20, iter  151: loss: 0.0018 | load time: 0.0002 | back time: 0.8461 | lr: 0.00008174 | best AP50 acc: 0.8718 | best AP70 acc: 0.7956 | best mAP acc: 0.7323 | best mAR acc: 0.7853 | best Score: 0.7323 | best Score epoch: 14 
epoch 20, iter  201: loss: 0.0004 | load time: 0.0002 | back time: 0.8457 | lr: 0.00008163 | best AP50 acc: 0.8718 | best AP70 acc: 0.7956 | best mAP acc: 0.7323 | best mAR acc: 0.7853 | best Score: 0.7323 | best Score epoch: 14 
epoch 20, iter  251: loss: 0.0020 | load time: 0.0001 | back time: 0.8484 | lr: 0.00008153 | best AP50 acc: 0.8718 | best AP70 acc: 0.7956 | best mAP acc: 0.7323 | best mAR acc: 0.7853 | best Score: 0.7323 | best Score epoch: 14 
epoch 20, iter  301: loss: 0.0013 | load time: 0.0002 | back time: 0.8458 | lr: 0.00008142 | best AP50 acc: 0.8718 | best AP70 acc: 0.7956 | best mAP acc: 0.7323 | best mAR acc: 0.7853 | best Score: 0.7323 | best Score epoch: 14 
epoch 20, iter  351: loss: 0.0018 | load time: 0.0001 | back time: 0.8476 | lr: 0.00008132 | best AP50 acc: 0.8718 | best AP70 acc: 0.7956 | best mAP acc: 0.7323 | best mAR acc: 0.7853 | best Score: 0.7323 | best Score epoch: 14 
epoch 20, iter  401: loss: 0.0017 | load time: 0.0002 | back time: 0.8486 | lr: 0.00008121 | best AP50 acc: 0.8718 | best AP70 acc: 0.7956 | best mAP acc: 0.7323 | best mAR acc: 0.7853 | best Score: 0.7323 | best Score epoch: 14 
epoch 20, iter  451: loss: 0.0020 | load time: 0.0003 | back time: 0.8472 | lr: 0.00008110 | best AP50 acc: 0.8718 | best AP70 acc: 0.7956 | best mAP acc: 0.7323 | best mAR acc: 0.7853 | best Score: 0.7323 | best Score epoch: 14 
epoch 20, iter  501: loss: 0.0018 | load time: 0.0001 | back time: 0.8476 | lr: 0.00008100 | best AP50 acc: 0.8718 | best AP70 acc: 0.7956 | best mAP acc: 0.7323 | best mAR acc: 0.7853 | best Score: 0.7323 | best Score epoch: 14 
epoch 20, iter  551: loss: 0.0030 | load time: 0.0003 | back time: 0.8494 | lr: 0.00008089 | best AP50 acc: 0.8718 | best AP70 acc: 0.7956 | best mAP acc: 0.7323 | best mAR acc: 0.7853 | best Score: 0.7323 | best Score epoch: 14 
epoch 20, iter  601: loss: 0.0007 | load time: 0.0002 | back time: 0.8482 | lr: 0.00008079 | best AP50 acc: 0.8718 | best AP70 acc: 0.7956 | best mAP acc: 0.7323 | best mAR acc: 0.7853 | best Score: 0.7323 | best Score epoch: 14 
epoch 20, iter  651: loss: 0.0014 | load time: 0.0002 | back time: 0.8467 | lr: 0.00008068 | best AP50 acc: 0.8718 | best AP70 acc: 0.7956 | best mAP acc: 0.7323 | best mAR acc: 0.7853 | best Score: 0.7323 | best Score epoch: 14 
epoch 20, iter  701: loss: 0.0010 | load time: 0.0003 | back time: 0.8469 | lr: 0.00008057 | best AP50 acc: 0.8718 | best AP70 acc: 0.7956 | best mAP acc: 0.7323 | best mAR acc: 0.7853 | best Score: 0.7323 | best Score epoch: 14 
epoch 20, iter  751: loss: 0.0018 | load time: 0.0002 | back time: 0.8455 | lr: 0.00008046 | best AP50 acc: 0.8718 | best AP70 acc: 0.7956 | best mAP acc: 0.7323 | best mAR acc: 0.7853 | best Score: 0.7323 | best Score epoch: 14 
epoch 20, iter  801: loss: 0.0017 | load time: 0.0002 | back time: 0.8479 | lr: 0.00008036 | best AP50 acc: 0.8718 | best AP70 acc: 0.7956 | best mAP acc: 0.7323 | best mAR acc: 0.7853 | best Score: 0.7323 | best Score epoch: 14 
epoch 20, iter  851: loss: 0.0022 | load time: 0.0002 | back time: 0.8463 | lr: 0.00008025 | best AP50 acc: 0.8718 | best AP70 acc: 0.7956 | best mAP acc: 0.7323 | best mAR acc: 0.7853 | best Score: 0.7323 | best Score epoch: 14 
epoch 20, iter  901: loss: 0.0017 | load time: 0.0004 | back time: 0.8470 | lr: 0.00008014 | best AP50 acc: 0.8718 | best AP70 acc: 0.7956 | best mAP acc: 0.7323 | best mAR acc: 0.7853 | best Score: 0.7323 | best Score epoch: 14 
epoch 20, iter  951: loss: 0.0009 | load time: 0.0001 | back time: 0.8471 | lr: 0.00008003 | best AP50 acc: 0.8718 | best AP70 acc: 0.7956 | best mAP acc: 0.7323 | best mAR acc: 0.7853 | best Score: 0.7323 | best Score epoch: 14 
epoch 20, iter 1001: loss: 0.0030 | load time: 0.0002 | back time: 0.8471 | lr: 0.00007992 | best AP50 acc: 0.8718 | best AP70 acc: 0.7956 | best mAP acc: 0.7323 | best mAR acc: 0.7853 | best Score: 0.7323 | best Score epoch: 14 
epoch 20, iter 1051: loss: 0.0016 | load time: 0.0003 | back time: 0.8476 | lr: 0.00007982 | best AP50 acc: 0.8718 | best AP70 acc: 0.7956 | best mAP acc: 0.7323 | best mAR acc: 0.7853 | best Score: 0.7323 | best Score epoch: 14 
epoch 20, iter 1101: loss: 0.0033 | load time: 0.0002 | back time: 0.8458 | lr: 0.00007971 | best AP50 acc: 0.8718 | best AP70 acc: 0.7956 | best mAP acc: 0.7323 | best mAR acc: 0.7853 | best Score: 0.7323 | best Score epoch: 14 
epoch 20, iter 1151: loss: 0.0005 | load time: 0.0001 | back time: 0.8474 | lr: 0.00007960 | best AP50 acc: 0.8718 | best AP70 acc: 0.7956 | best mAP acc: 0.7323 | best mAR acc: 0.7853 | best Score: 0.7323 | best Score epoch: 14 
UAV_SEQS_2 | mAP50:90: 26.2081 | AP50: 49.2646 | AP70: 26.9728 
UAV_SEQS_37 | mAP50:90: 98.8280 | AP50: 100.0000 | AP70: 100.0000 
UAV_SEQS_45 | mAP50:90: 91.0710 | AP50: 99.0099 | AP70: 91.7443 
UAV_SEQS_47 | mAP50:90: 99.4151 | AP50: 100.0000 | AP70: 100.0000 
UAV_SEQS_55 | mAP50:90: 28.8360 | AP50: 45.8289 | AP70: 31.3804 
UAV_SEQS_59 | mAP50:90: 51.2664 | AP50: 82.0849 | AP70: 52.0233 
UAV_SEQS_6 | mAP50:90: 53.5844 | AP50: 60.4528 | AP70: 59.6396 
UAV_SEQS_63 | mAP50:90: 59.8090 | AP50: 90.6113 | AP70: 66.7154 
UAV_SEQS_65 | mAP50:90: 76.6781 | AP50: 97.8395 | AP70: 89.5178 
UAV_SEQS_7 | mAP50:90: 82.3135 | AP50: 96.9347 | AP70: 91.5845 
UAV_SEQS_71 | mAP50:90: 48.5726 | AP50: 83.7027 | AP70: 46.9392 
UAV_SEQS_73 | mAP50:90: 67.0788 | AP50: 87.0504 | AP70: 69.8228 
UAV_SEQS_74 | mAP50:90: 94.3917 | AP50: 100.0000 | AP70: 98.9299 
UAV_SEQS_77 | mAP50:90: 13.3349 | AP50: 20.7921 | AP70: 16.8916 
UAV_SEQS_8 | mAP50:90: 95.0288 | AP50: 100.0000 | AP70: 100.0000 
Overall            | mAP50:95: 67.5064 | AP50: 82.1710 | AP70: 71.3925 
epoch 21, iter    1: loss: 0.0016 | load time: 0.0037 | back time: 0.3773 | lr: 0.00007959 | best AP50 acc: 0.8718 | best AP70 acc: 0.7956 | best mAP acc: 0.7323 | best mAR acc: 0.7853 | best Score: 0.7323 | best Score epoch: 14 
epoch 21, iter   51: loss: 0.0018 | load time: 0.0002 | back time: 0.8382 | lr: 0.00007948 | best AP50 acc: 0.8718 | best AP70 acc: 0.7956 | best mAP acc: 0.7323 | best mAR acc: 0.7853 | best Score: 0.7323 | best Score epoch: 14 
epoch 21, iter  101: loss: 0.0028 | load time: 0.0002 | back time: 0.8425 | lr: 0.00007937 | best AP50 acc: 0.8718 | best AP70 acc: 0.7956 | best mAP acc: 0.7323 | best mAR acc: 0.7853 | best Score: 0.7323 | best Score epoch: 14 
epoch 21, iter  151: loss: 0.0029 | load time: 0.0001 | back time: 0.8440 | lr: 0.00007926 | best AP50 acc: 0.8718 | best AP70 acc: 0.7956 | best mAP acc: 0.7323 | best mAR acc: 0.7853 | best Score: 0.7323 | best Score epoch: 14 
epoch 21, iter  201: loss: 0.0026 | load time: 0.0002 | back time: 0.8413 | lr: 0.00007915 | best AP50 acc: 0.8718 | best AP70 acc: 0.7956 | best mAP acc: 0.7323 | best mAR acc: 0.7853 | best Score: 0.7323 | best Score epoch: 14 
epoch 21, iter  251: loss: 0.0015 | load time: 0.0002 | back time: 0.8595 | lr: 0.00007904 | best AP50 acc: 0.8718 | best AP70 acc: 0.7956 | best mAP acc: 0.7323 | best mAR acc: 0.7853 | best Score: 0.7323 | best Score epoch: 14 
epoch 21, iter  301: loss: 0.0011 | load time: 0.0002 | back time: 0.8465 | lr: 0.00007893 | best AP50 acc: 0.8718 | best AP70 acc: 0.7956 | best mAP acc: 0.7323 | best mAR acc: 0.7853 | best Score: 0.7323 | best Score epoch: 14 
epoch 21, iter  351: loss: 0.0019 | load time: 0.0002 | back time: 0.8463 | lr: 0.00007882 | best AP50 acc: 0.8718 | best AP70 acc: 0.7956 | best mAP acc: 0.7323 | best mAR acc: 0.7853 | best Score: 0.7323 | best Score epoch: 14 
epoch 21, iter  401: loss: 0.0017 | load time: 0.0002 | back time: 0.8464 | lr: 0.00007871 | best AP50 acc: 0.8718 | best AP70 acc: 0.7956 | best mAP acc: 0.7323 | best mAR acc: 0.7853 | best Score: 0.7323 | best Score epoch: 14 
epoch 21, iter  451: loss: 0.0040 | load time: 0.0002 | back time: 0.8494 | lr: 0.00007860 | best AP50 acc: 0.8718 | best AP70 acc: 0.7956 | best mAP acc: 0.7323 | best mAR acc: 0.7853 | best Score: 0.7323 | best Score epoch: 14 
epoch 21, iter  501: loss: 0.0029 | load time: 0.0003 | back time: 0.8427 | lr: 0.00007849 | best AP50 acc: 0.8718 | best AP70 acc: 0.7956 | best mAP acc: 0.7323 | best mAR acc: 0.7853 | best Score: 0.7323 | best Score epoch: 14 
epoch 21, iter  551: loss: 0.0010 | load time: 0.0002 | back time: 0.8451 | lr: 0.00007838 | best AP50 acc: 0.8718 | best AP70 acc: 0.7956 | best mAP acc: 0.7323 | best mAR acc: 0.7853 | best Score: 0.7323 | best Score epoch: 14 
epoch 21, iter  601: loss: 0.0006 | load time: 0.0002 | back time: 0.8467 | lr: 0.00007827 | best AP50 acc: 0.8718 | best AP70 acc: 0.7956 | best mAP acc: 0.7323 | best mAR acc: 0.7853 | best Score: 0.7323 | best Score epoch: 14 
epoch 21, iter  651: loss: 0.0007 | load time: 0.0002 | back time: 0.8471 | lr: 0.00007816 | best AP50 acc: 0.8718 | best AP70 acc: 0.7956 | best mAP acc: 0.7323 | best mAR acc: 0.7853 | best Score: 0.7323 | best Score epoch: 14 
epoch 21, iter  701: loss: 0.0027 | load time: 0.0002 | back time: 0.8460 | lr: 0.00007804 | best AP50 acc: 0.8718 | best AP70 acc: 0.7956 | best mAP acc: 0.7323 | best mAR acc: 0.7853 | best Score: 0.7323 | best Score epoch: 14 
epoch 21, iter  751: loss: 0.0028 | load time: 0.0002 | back time: 0.8487 | lr: 0.00007793 | best AP50 acc: 0.8718 | best AP70 acc: 0.7956 | best mAP acc: 0.7323 | best mAR acc: 0.7853 | best Score: 0.7323 | best Score epoch: 14 
epoch 21, iter  801: loss: 0.0019 | load time: 0.0002 | back time: 0.8471 | lr: 0.00007782 | best AP50 acc: 0.8718 | best AP70 acc: 0.7956 | best mAP acc: 0.7323 | best mAR acc: 0.7853 | best Score: 0.7323 | best Score epoch: 14 
epoch 21, iter  851: loss: 0.0016 | load time: 0.0001 | back time: 0.8473 | lr: 0.00007771 | best AP50 acc: 0.8718 | best AP70 acc: 0.7956 | best mAP acc: 0.7323 | best mAR acc: 0.7853 | best Score: 0.7323 | best Score epoch: 14 
epoch 21, iter  901: loss: 0.0007 | load time: 0.0002 | back time: 0.8457 | lr: 0.00007759 | best AP50 acc: 0.8718 | best AP70 acc: 0.7956 | best mAP acc: 0.7323 | best mAR acc: 0.7853 | best Score: 0.7323 | best Score epoch: 14 
epoch 21, iter  951: loss: 0.0037 | load time: 0.0002 | back time: 0.8471 | lr: 0.00007748 | best AP50 acc: 0.8718 | best AP70 acc: 0.7956 | best mAP acc: 0.7323 | best mAR acc: 0.7853 | best Score: 0.7323 | best Score epoch: 14 
epoch 21, iter 1001: loss: 0.0025 | load time: 0.0002 | back time: 0.8477 | lr: 0.00007737 | best AP50 acc: 0.8718 | best AP70 acc: 0.7956 | best mAP acc: 0.7323 | best mAR acc: 0.7853 | best Score: 0.7323 | best Score epoch: 14 
epoch 21, iter 1051: loss: 0.0006 | load time: 0.0002 | back time: 0.8484 | lr: 0.00007725 | best AP50 acc: 0.8718 | best AP70 acc: 0.7956 | best mAP acc: 0.7323 | best mAR acc: 0.7853 | best Score: 0.7323 | best Score epoch: 14 
epoch 21, iter 1101: loss: 0.0015 | load time: 0.0001 | back time: 0.8504 | lr: 0.00007714 | best AP50 acc: 0.8718 | best AP70 acc: 0.7956 | best mAP acc: 0.7323 | best mAR acc: 0.7853 | best Score: 0.7323 | best Score epoch: 14 
epoch 21, iter 1151: loss: 0.0005 | load time: 0.0002 | back time: 0.8513 | lr: 0.00007703 | best AP50 acc: 0.8718 | best AP70 acc: 0.7956 | best mAP acc: 0.7323 | best mAR acc: 0.7853 | best Score: 0.7323 | best Score epoch: 14 
UAV_SEQS_2 | mAP50:90: 29.8279 | AP50: 54.7366 | AP70: 29.1576 
UAV_SEQS_37 | mAP50:90: 98.9651 | AP50: 100.0000 | AP70: 100.0000 
UAV_SEQS_45 | mAP50:90: 92.0026 | AP50: 99.0099 | AP70: 97.1697 
UAV_SEQS_47 | mAP50:90: 96.6492 | AP50: 100.0000 | AP70: 100.0000 
UAV_SEQS_55 | mAP50:90: 28.5670 | AP50: 50.8441 | AP70: 31.7665 
UAV_SEQS_59 | mAP50:90: 59.9860 | AP50: 91.7295 | AP70: 60.1027 
UAV_SEQS_6 | mAP50:90: 43.7751 | AP50: 50.5202 | AP70: 47.6753 
UAV_SEQS_63 | mAP50:90: 50.0813 | AP50: 94.1188 | AP70: 45.7269 
UAV_SEQS_65 | mAP50:90: 78.3508 | AP50: 98.9043 | AP70: 93.2456 
UAV_SEQS_7 | mAP50:90: 85.4639 | AP50: 100.0000 | AP70: 92.2563 
UAV_SEQS_71 | mAP50:90: 64.0783 | AP50: 86.3871 | AP70: 74.4847 
UAV_SEQS_73 | mAP50:90: 68.5335 | AP50: 84.4528 | AP70: 77.2398 
UAV_SEQS_74 | mAP50:90: 95.8591 | AP50: 97.5808 | AP70: 97.5808 
UAV_SEQS_77 | mAP50:90: 33.0851 | AP50: 36.6337 | AP70: 36.6337 
UAV_SEQS_8 | mAP50:90: 92.8528 | AP50: 100.0000 | AP70: 100.0000 
Overall            | mAP50:95: 69.4979 | AP50: 84.1117 | AP70: 74.4801 
epoch 22, iter    1: loss: 0.0008 | load time: 0.0053 | back time: 0.5206 | lr: 0.00007702 | best AP50 acc: 0.8718 | best AP70 acc: 0.7956 | best mAP acc: 0.7323 | best mAR acc: 0.7853 | best Score: 0.7323 | best Score epoch: 14 
epoch 22, iter   51: loss: 0.0005 | load time: 0.0002 | back time: 0.8376 | lr: 0.00007691 | best AP50 acc: 0.8718 | best AP70 acc: 0.7956 | best mAP acc: 0.7323 | best mAR acc: 0.7853 | best Score: 0.7323 | best Score epoch: 14 
epoch 22, iter  101: loss: 0.0017 | load time: 0.0001 | back time: 0.8545 | lr: 0.00007679 | best AP50 acc: 0.8718 | best AP70 acc: 0.7956 | best mAP acc: 0.7323 | best mAR acc: 0.7853 | best Score: 0.7323 | best Score epoch: 14 
epoch 22, iter  151: loss: 0.0018 | load time: 0.0002 | back time: 0.8459 | lr: 0.00007668 | best AP50 acc: 0.8718 | best AP70 acc: 0.7956 | best mAP acc: 0.7323 | best mAR acc: 0.7853 | best Score: 0.7323 | best Score epoch: 14 
epoch 22, iter  201: loss: 0.0017 | load time: 0.0002 | back time: 0.8473 | lr: 0.00007656 | best AP50 acc: 0.8718 | best AP70 acc: 0.7956 | best mAP acc: 0.7323 | best mAR acc: 0.7853 | best Score: 0.7323 | best Score epoch: 14 
epoch 22, iter  251: loss: 0.0018 | load time: 0.0001 | back time: 0.8462 | lr: 0.00007645 | best AP50 acc: 0.8718 | best AP70 acc: 0.7956 | best mAP acc: 0.7323 | best mAR acc: 0.7853 | best Score: 0.7323 | best Score epoch: 14 
epoch 22, iter  301: loss: 0.0027 | load time: 0.0001 | back time: 0.8488 | lr: 0.00007633 | best AP50 acc: 0.8718 | best AP70 acc: 0.7956 | best mAP acc: 0.7323 | best mAR acc: 0.7853 | best Score: 0.7323 | best Score epoch: 14 
epoch 22, iter  351: loss: 0.0017 | load time: 0.0003 | back time: 0.8440 | lr: 0.00007622 | best AP50 acc: 0.8718 | best AP70 acc: 0.7956 | best mAP acc: 0.7323 | best mAR acc: 0.7853 | best Score: 0.7323 | best Score epoch: 14 
epoch 22, iter  401: loss: 0.0018 | load time: 0.0002 | back time: 0.8484 | lr: 0.00007610 | best AP50 acc: 0.8718 | best AP70 acc: 0.7956 | best mAP acc: 0.7323 | best mAR acc: 0.7853 | best Score: 0.7323 | best Score epoch: 14 
epoch 22, iter  451: loss: 0.0003 | load time: 0.0003 | back time: 0.8458 | lr: 0.00007599 | best AP50 acc: 0.8718 | best AP70 acc: 0.7956 | best mAP acc: 0.7323 | best mAR acc: 0.7853 | best Score: 0.7323 | best Score epoch: 14 
epoch 22, iter  501: loss: 0.0016 | load time: 0.0003 | back time: 0.8486 | lr: 0.00007587 | best AP50 acc: 0.8718 | best AP70 acc: 0.7956 | best mAP acc: 0.7323 | best mAR acc: 0.7853 | best Score: 0.7323 | best Score epoch: 14 
epoch 22, iter  551: loss: 0.0020 | load time: 0.0002 | back time: 0.8473 | lr: 0.00007576 | best AP50 acc: 0.8718 | best AP70 acc: 0.7956 | best mAP acc: 0.7323 | best mAR acc: 0.7853 | best Score: 0.7323 | best Score epoch: 14 
epoch 22, iter  601: loss: 0.0027 | load time: 0.0002 | back time: 0.8488 | lr: 0.00007564 | best AP50 acc: 0.8718 | best AP70 acc: 0.7956 | best mAP acc: 0.7323 | best mAR acc: 0.7853 | best Score: 0.7323 | best Score epoch: 14 
epoch 22, iter  651: loss: 0.0008 | load time: 0.0002 | back time: 0.8461 | lr: 0.00007552 | best AP50 acc: 0.8718 | best AP70 acc: 0.7956 | best mAP acc: 0.7323 | best mAR acc: 0.7853 | best Score: 0.7323 | best Score epoch: 14 
epoch 22, iter  701: loss: 0.0007 | load time: 0.0002 | back time: 0.8464 | lr: 0.00007541 | best AP50 acc: 0.8718 | best AP70 acc: 0.7956 | best mAP acc: 0.7323 | best mAR acc: 0.7853 | best Score: 0.7323 | best Score epoch: 14 
epoch 22, iter  751: loss: 0.0016 | load time: 0.0002 | back time: 0.8473 | lr: 0.00007529 | best AP50 acc: 0.8718 | best AP70 acc: 0.7956 | best mAP acc: 0.7323 | best mAR acc: 0.7853 | best Score: 0.7323 | best Score epoch: 14 
epoch 22, iter  801: loss: 0.0009 | load time: 0.0001 | back time: 0.8484 | lr: 0.00007517 | best AP50 acc: 0.8718 | best AP70 acc: 0.7956 | best mAP acc: 0.7323 | best mAR acc: 0.7853 | best Score: 0.7323 | best Score epoch: 14 
epoch 22, iter  851: loss: 0.0003 | load time: 0.0001 | back time: 0.8475 | lr: 0.00007506 | best AP50 acc: 0.8718 | best AP70 acc: 0.7956 | best mAP acc: 0.7323 | best mAR acc: 0.7853 | best Score: 0.7323 | best Score epoch: 14 
epoch 22, iter  901: loss: 0.0020 | load time: 0.0003 | back time: 0.8505 | lr: 0.00007494 | best AP50 acc: 0.8718 | best AP70 acc: 0.7956 | best mAP acc: 0.7323 | best mAR acc: 0.7853 | best Score: 0.7323 | best Score epoch: 14 
epoch 22, iter  951: loss: 0.0015 | load time: 0.0002 | back time: 0.8483 | lr: 0.00007482 | best AP50 acc: 0.8718 | best AP70 acc: 0.7956 | best mAP acc: 0.7323 | best mAR acc: 0.7853 | best Score: 0.7323 | best Score epoch: 14 
epoch 22, iter 1001: loss: 0.0009 | load time: 0.0002 | back time: 0.8494 | lr: 0.00007470 | best AP50 acc: 0.8718 | best AP70 acc: 0.7956 | best mAP acc: 0.7323 | best mAR acc: 0.7853 | best Score: 0.7323 | best Score epoch: 14 
epoch 22, iter 1051: loss: 0.0005 | load time: 0.0003 | back time: 0.8473 | lr: 0.00007459 | best AP50 acc: 0.8718 | best AP70 acc: 0.7956 | best mAP acc: 0.7323 | best mAR acc: 0.7853 | best Score: 0.7323 | best Score epoch: 14 
epoch 22, iter 1101: loss: 0.0010 | load time: 0.0002 | back time: 0.8474 | lr: 0.00007447 | best AP50 acc: 0.8718 | best AP70 acc: 0.7956 | best mAP acc: 0.7323 | best mAR acc: 0.7853 | best Score: 0.7323 | best Score epoch: 14 
epoch 22, iter 1151: loss: 0.0019 | load time: 0.0001 | back time: 0.8416 | lr: 0.00007435 | best AP50 acc: 0.8718 | best AP70 acc: 0.7956 | best mAP acc: 0.7323 | best mAR acc: 0.7853 | best Score: 0.7323 | best Score epoch: 14 
UAV_SEQS_2 | mAP50:90: 36.4092 | AP50: 61.1421 | AP70: 35.3418 
UAV_SEQS_37 | mAP50:90: 97.5929 | AP50: 100.0000 | AP70: 100.0000 
UAV_SEQS_45 | mAP50:90: 85.2024 | AP50: 100.0000 | AP70: 89.7676 
UAV_SEQS_47 | mAP50:90: 98.6987 | AP50: 100.0000 | AP70: 100.0000 
UAV_SEQS_55 | mAP50:90: 34.0099 | AP50: 56.6009 | AP70: 36.3157 
UAV_SEQS_59 | mAP50:90: 57.1064 | AP50: 78.3019 | AP70: 66.5928 
UAV_SEQS_6 | mAP50:90: 58.7906 | AP50: 67.2981 | AP70: 61.0712 
UAV_SEQS_63 | mAP50:90: 38.7375 | AP50: 90.2769 | AP70: 33.5433 
UAV_SEQS_65 | mAP50:90: 74.9828 | AP50: 96.5664 | AP70: 89.8228 
UAV_SEQS_7 | mAP50:90: 84.0612 | AP50: 100.0000 | AP70: 92.0519 
UAV_SEQS_71 | mAP50:90: 62.1278 | AP50: 94.1301 | AP70: 64.1808 
UAV_SEQS_73 | mAP50:90: 64.0167 | AP50: 83.6796 | AP70: 72.7911 
UAV_SEQS_74 | mAP50:90: 92.4133 | AP50: 99.7057 | AP70: 96.8162 
UAV_SEQS_77 | mAP50:90: 35.8070 | AP50: 41.5842 | AP70: 41.5842 
UAV_SEQS_8 | mAP50:90: 83.4368 | AP50: 100.0000 | AP70: 100.0000 
Overall            | mAP50:95: 68.8460 | AP50: 86.4569 | AP70: 74.8771 
epoch 23, iter    1: loss: 0.0033 | load time: 0.0033 | back time: 0.5304 | lr: 0.00007434 | best AP50 acc: 0.8718 | best AP70 acc: 0.7956 | best mAP acc: 0.7323 | best mAR acc: 0.7853 | best Score: 0.7323 | best Score epoch: 14 
epoch 23, iter   51: loss: 0.0030 | load time: 0.0003 | back time: 0.8401 | lr: 0.00007423 | best AP50 acc: 0.8718 | best AP70 acc: 0.7956 | best mAP acc: 0.7323 | best mAR acc: 0.7853 | best Score: 0.7323 | best Score epoch: 14 
epoch 23, iter  101: loss: 0.0007 | load time: 0.0002 | back time: 0.8478 | lr: 0.00007411 | best AP50 acc: 0.8718 | best AP70 acc: 0.7956 | best mAP acc: 0.7323 | best mAR acc: 0.7853 | best Score: 0.7323 | best Score epoch: 14 
epoch 23, iter  151: loss: 0.0039 | load time: 0.0002 | back time: 0.8460 | lr: 0.00007399 | best AP50 acc: 0.8718 | best AP70 acc: 0.7956 | best mAP acc: 0.7323 | best mAR acc: 0.7853 | best Score: 0.7323 | best Score epoch: 14 
epoch 23, iter  201: loss: 0.0022 | load time: 0.0002 | back time: 0.8476 | lr: 0.00007387 | best AP50 acc: 0.8718 | best AP70 acc: 0.7956 | best mAP acc: 0.7323 | best mAR acc: 0.7853 | best Score: 0.7323 | best Score epoch: 14 
epoch 23, iter  251: loss: 0.0039 | load time: 0.0002 | back time: 0.8405 | lr: 0.00007375 | best AP50 acc: 0.8718 | best AP70 acc: 0.7956 | best mAP acc: 0.7323 | best mAR acc: 0.7853 | best Score: 0.7323 | best Score epoch: 14 
epoch 23, iter  301: loss: 0.0007 | load time: 0.0002 | back time: 0.8460 | lr: 0.00007363 | best AP50 acc: 0.8718 | best AP70 acc: 0.7956 | best mAP acc: 0.7323 | best mAR acc: 0.7853 | best Score: 0.7323 | best Score epoch: 14 
epoch 23, iter  351: loss: 0.0038 | load time: 0.0001 | back time: 0.8468 | lr: 0.00007351 | best AP50 acc: 0.8718 | best AP70 acc: 0.7956 | best mAP acc: 0.7323 | best mAR acc: 0.7853 | best Score: 0.7323 | best Score epoch: 14 
epoch 23, iter  401: loss: 0.0019 | load time: 0.0003 | back time: 0.8483 | lr: 0.00007339 | best AP50 acc: 0.8718 | best AP70 acc: 0.7956 | best mAP acc: 0.7323 | best mAR acc: 0.7853 | best Score: 0.7323 | best Score epoch: 14 
epoch 23, iter  451: loss: 0.0026 | load time: 0.0001 | back time: 0.8494 | lr: 0.00007327 | best AP50 acc: 0.8718 | best AP70 acc: 0.7956 | best mAP acc: 0.7323 | best mAR acc: 0.7853 | best Score: 0.7323 | best Score epoch: 14 
epoch 23, iter  501: loss: 0.0009 | load time: 0.0004 | back time: 0.8484 | lr: 0.00007315 | best AP50 acc: 0.8718 | best AP70 acc: 0.7956 | best mAP acc: 0.7323 | best mAR acc: 0.7853 | best Score: 0.7323 | best Score epoch: 14 
epoch 23, iter  551: loss: 0.0007 | load time: 0.0002 | back time: 0.8480 | lr: 0.00007303 | best AP50 acc: 0.8718 | best AP70 acc: 0.7956 | best mAP acc: 0.7323 | best mAR acc: 0.7853 | best Score: 0.7323 | best Score epoch: 14 
epoch 23, iter  601: loss: 0.0039 | load time: 0.0002 | back time: 0.8475 | lr: 0.00007291 | best AP50 acc: 0.8718 | best AP70 acc: 0.7956 | best mAP acc: 0.7323 | best mAR acc: 0.7853 | best Score: 0.7323 | best Score epoch: 14 
epoch 23, iter  651: loss: 0.0027 | load time: 0.0002 | back time: 0.8477 | lr: 0.00007279 | best AP50 acc: 0.8718 | best AP70 acc: 0.7956 | best mAP acc: 0.7323 | best mAR acc: 0.7853 | best Score: 0.7323 | best Score epoch: 14 
epoch 23, iter  701: loss: 0.0018 | load time: 0.0002 | back time: 0.8484 | lr: 0.00007267 | best AP50 acc: 0.8718 | best AP70 acc: 0.7956 | best mAP acc: 0.7323 | best mAR acc: 0.7853 | best Score: 0.7323 | best Score epoch: 14 
epoch 23, iter  751: loss: 0.0019 | load time: 0.0002 | back time: 0.8499 | lr: 0.00007255 | best AP50 acc: 0.8718 | best AP70 acc: 0.7956 | best mAP acc: 0.7323 | best mAR acc: 0.7853 | best Score: 0.7323 | best Score epoch: 14 
epoch 23, iter  801: loss: 0.0027 | load time: 0.0002 | back time: 0.8454 | lr: 0.00007243 | best AP50 acc: 0.8718 | best AP70 acc: 0.7956 | best mAP acc: 0.7323 | best mAR acc: 0.7853 | best Score: 0.7323 | best Score epoch: 14 
epoch 23, iter  851: loss: 0.0018 | load time: 0.0001 | back time: 0.8492 | lr: 0.00007231 | best AP50 acc: 0.8718 | best AP70 acc: 0.7956 | best mAP acc: 0.7323 | best mAR acc: 0.7853 | best Score: 0.7323 | best Score epoch: 14 
epoch 23, iter  901: loss: 0.0029 | load time: 0.0002 | back time: 0.8485 | lr: 0.00007219 | best AP50 acc: 0.8718 | best AP70 acc: 0.7956 | best mAP acc: 0.7323 | best mAR acc: 0.7853 | best Score: 0.7323 | best Score epoch: 14 
epoch 23, iter  951: loss: 0.0006 | load time: 0.0002 | back time: 0.8473 | lr: 0.00007207 | best AP50 acc: 0.8718 | best AP70 acc: 0.7956 | best mAP acc: 0.7323 | best mAR acc: 0.7853 | best Score: 0.7323 | best Score epoch: 14 
epoch 23, iter 1001: loss: 0.0017 | load time: 0.0002 | back time: 0.8468 | lr: 0.00007194 | best AP50 acc: 0.8718 | best AP70 acc: 0.7956 | best mAP acc: 0.7323 | best mAR acc: 0.7853 | best Score: 0.7323 | best Score epoch: 14 
epoch 23, iter 1051: loss: 0.0017 | load time: 0.0002 | back time: 0.8474 | lr: 0.00007182 | best AP50 acc: 0.8718 | best AP70 acc: 0.7956 | best mAP acc: 0.7323 | best mAR acc: 0.7853 | best Score: 0.7323 | best Score epoch: 14 
epoch 23, iter 1101: loss: 0.0007 | load time: 0.0003 | back time: 0.8482 | lr: 0.00007170 | best AP50 acc: 0.8718 | best AP70 acc: 0.7956 | best mAP acc: 0.7323 | best mAR acc: 0.7853 | best Score: 0.7323 | best Score epoch: 14 
epoch 23, iter 1151: loss: 0.0006 | load time: 0.0001 | back time: 0.8481 | lr: 0.00007158 | best AP50 acc: 0.8718 | best AP70 acc: 0.7956 | best mAP acc: 0.7323 | best mAR acc: 0.7853 | best Score: 0.7323 | best Score epoch: 14 
UAV_SEQS_2 | mAP50:90: 24.3625 | AP50: 50.1325 | AP70: 20.8242 
UAV_SEQS_37 | mAP50:90: 98.6242 | AP50: 100.0000 | AP70: 100.0000 
UAV_SEQS_45 | mAP50:90: 92.7079 | AP50: 100.0000 | AP70: 96.4793 
UAV_SEQS_47 | mAP50:90: 96.4413 | AP50: 100.0000 | AP70: 100.0000 
UAV_SEQS_55 | mAP50:90: 34.2863 | AP50: 53.6315 | AP70: 37.9196 
UAV_SEQS_59 | mAP50:90: 69.1860 | AP50: 93.5551 | AP70: 78.6758 
UAV_SEQS_6 | mAP50:90: 52.6333 | AP50: 60.7363 | AP70: 57.6745 
UAV_SEQS_63 | mAP50:90: 48.8758 | AP50: 91.2836 | AP70: 49.6623 
UAV_SEQS_65 | mAP50:90: 83.2698 | AP50: 97.7809 | AP70: 92.4835 
UAV_SEQS_7 | mAP50:90: 56.9577 | AP50: 98.9802 | AP70: 55.5824 
UAV_SEQS_71 | mAP50:90: 59.8663 | AP50: 87.3814 | AP70: 63.5169 
UAV_SEQS_73 | mAP50:90: 67.4528 | AP50: 84.5889 | AP70: 75.3125 
UAV_SEQS_74 | mAP50:90: 90.5687 | AP50: 99.9677 | AP70: 97.9281 
UAV_SEQS_77 | mAP50:90: 42.6321 | AP50: 50.4950 | AP70: 49.5050 
UAV_SEQS_8 | mAP50:90: 90.7451 | AP50: 100.0000 | AP70: 100.0000 
Overall            | mAP50:95: 69.3780 | AP50: 86.6130 | AP70: 74.3134 
epoch 24, iter    1: loss: 0.0009 | load time: 0.0051 | back time: 0.4602 | lr: 0.00007157 | best AP50 acc: 0.8718 | best AP70 acc: 0.7956 | best mAP acc: 0.7323 | best mAR acc: 0.7853 | best Score: 0.7323 | best Score epoch: 14 
epoch 24, iter   51: loss: 0.0017 | load time: 0.0002 | back time: 0.8391 | lr: 0.00007145 | best AP50 acc: 0.8718 | best AP70 acc: 0.7956 | best mAP acc: 0.7323 | best mAR acc: 0.7853 | best Score: 0.7323 | best Score epoch: 14 
epoch 24, iter  101: loss: 0.0009 | load time: 0.0003 | back time: 0.8459 | lr: 0.00007133 | best AP50 acc: 0.8718 | best AP70 acc: 0.7956 | best mAP acc: 0.7323 | best mAR acc: 0.7853 | best Score: 0.7323 | best Score epoch: 14 
epoch 24, iter  151: loss: 0.0005 | load time: 0.0001 | back time: 0.8491 | lr: 0.00007121 | best AP50 acc: 0.8718 | best AP70 acc: 0.7956 | best mAP acc: 0.7323 | best mAR acc: 0.7853 | best Score: 0.7323 | best Score epoch: 14 
epoch 24, iter  201: loss: 0.0026 | load time: 0.0003 | back time: 0.8458 | lr: 0.00007108 | best AP50 acc: 0.8718 | best AP70 acc: 0.7956 | best mAP acc: 0.7323 | best mAR acc: 0.7853 | best Score: 0.7323 | best Score epoch: 14 
epoch 24, iter  251: loss: 0.0027 | load time: 0.0002 | back time: 0.8495 | lr: 0.00007096 | best AP50 acc: 0.8718 | best AP70 acc: 0.7956 | best mAP acc: 0.7323 | best mAR acc: 0.7853 | best Score: 0.7323 | best Score epoch: 14 
epoch 24, iter  301: loss: 0.0016 | load time: 0.0001 | back time: 0.8494 | lr: 0.00007084 | best AP50 acc: 0.8718 | best AP70 acc: 0.7956 | best mAP acc: 0.7323 | best mAR acc: 0.7853 | best Score: 0.7323 | best Score epoch: 14 
epoch 24, iter  351: loss: 0.0006 | load time: 0.0002 | back time: 0.8482 | lr: 0.00007071 | best AP50 acc: 0.8718 | best AP70 acc: 0.7956 | best mAP acc: 0.7323 | best mAR acc: 0.7853 | best Score: 0.7323 | best Score epoch: 14 
epoch 24, iter  401: loss: 0.0009 | load time: 0.0002 | back time: 0.8437 | lr: 0.00007059 | best AP50 acc: 0.8718 | best AP70 acc: 0.7956 | best mAP acc: 0.7323 | best mAR acc: 0.7853 | best Score: 0.7323 | best Score epoch: 14 
epoch 24, iter  451: loss: 0.0017 | load time: 0.0002 | back time: 0.8469 | lr: 0.00007047 | best AP50 acc: 0.8718 | best AP70 acc: 0.7956 | best mAP acc: 0.7323 | best mAR acc: 0.7853 | best Score: 0.7323 | best Score epoch: 14 
epoch 24, iter  501: loss: 0.0019 | load time: 0.0002 | back time: 0.8461 | lr: 0.00007034 | best AP50 acc: 0.8718 | best AP70 acc: 0.7956 | best mAP acc: 0.7323 | best mAR acc: 0.7853 | best Score: 0.7323 | best Score epoch: 14 
epoch 24, iter  551: loss: 0.0007 | load time: 0.0001 | back time: 0.8470 | lr: 0.00007022 | best AP50 acc: 0.8718 | best AP70 acc: 0.7956 | best mAP acc: 0.7323 | best mAR acc: 0.7853 | best Score: 0.7323 | best Score epoch: 14 
epoch 24, iter  601: loss: 0.0027 | load time: 0.0003 | back time: 0.8463 | lr: 0.00007010 | best AP50 acc: 0.8718 | best AP70 acc: 0.7956 | best mAP acc: 0.7323 | best mAR acc: 0.7853 | best Score: 0.7323 | best Score epoch: 14 
epoch 24, iter  651: loss: 0.0018 | load time: 0.0002 | back time: 0.8483 | lr: 0.00006997 | best AP50 acc: 0.8718 | best AP70 acc: 0.7956 | best mAP acc: 0.7323 | best mAR acc: 0.7853 | best Score: 0.7323 | best Score epoch: 14 
epoch 24, iter  701: loss: 0.0016 | load time: 0.0002 | back time: 0.8466 | lr: 0.00006985 | best AP50 acc: 0.8718 | best AP70 acc: 0.7956 | best mAP acc: 0.7323 | best mAR acc: 0.7853 | best Score: 0.7323 | best Score epoch: 14 
epoch 24, iter  751: loss: 0.0005 | load time: 0.0002 | back time: 0.8476 | lr: 0.00006972 | best AP50 acc: 0.8718 | best AP70 acc: 0.7956 | best mAP acc: 0.7323 | best mAR acc: 0.7853 | best Score: 0.7323 | best Score epoch: 14 
epoch 24, iter  801: loss: 0.0017 | load time: 0.0002 | back time: 0.8475 | lr: 0.00006960 | best AP50 acc: 0.8718 | best AP70 acc: 0.7956 | best mAP acc: 0.7323 | best mAR acc: 0.7853 | best Score: 0.7323 | best Score epoch: 14 
epoch 24, iter  851: loss: 0.0027 | load time: 0.0002 | back time: 0.8486 | lr: 0.00006948 | best AP50 acc: 0.8718 | best AP70 acc: 0.7956 | best mAP acc: 0.7323 | best mAR acc: 0.7853 | best Score: 0.7323 | best Score epoch: 14 
epoch 24, iter  901: loss: 0.0013 | load time: 0.0002 | back time: 0.8503 | lr: 0.00006935 | best AP50 acc: 0.8718 | best AP70 acc: 0.7956 | best mAP acc: 0.7323 | best mAR acc: 0.7853 | best Score: 0.7323 | best Score epoch: 14 
epoch 24, iter  951: loss: 0.0019 | load time: 0.0002 | back time: 0.8480 | lr: 0.00006923 | best AP50 acc: 0.8718 | best AP70 acc: 0.7956 | best mAP acc: 0.7323 | best mAR acc: 0.7853 | best Score: 0.7323 | best Score epoch: 14 
epoch 24, iter 1001: loss: 0.0006 | load time: 0.0003 | back time: 0.8474 | lr: 0.00006910 | best AP50 acc: 0.8718 | best AP70 acc: 0.7956 | best mAP acc: 0.7323 | best mAR acc: 0.7853 | best Score: 0.7323 | best Score epoch: 14 
epoch 24, iter 1051: loss: 0.0019 | load time: 0.0002 | back time: 0.8476 | lr: 0.00006898 | best AP50 acc: 0.8718 | best AP70 acc: 0.7956 | best mAP acc: 0.7323 | best mAR acc: 0.7853 | best Score: 0.7323 | best Score epoch: 14 
epoch 24, iter 1101: loss: 0.0026 | load time: 0.0001 | back time: 0.8468 | lr: 0.00006885 | best AP50 acc: 0.8718 | best AP70 acc: 0.7956 | best mAP acc: 0.7323 | best mAR acc: 0.7853 | best Score: 0.7323 | best Score epoch: 14 
epoch 24, iter 1151: loss: 0.0018 | load time: 0.0001 | back time: 0.8472 | lr: 0.00006872 | best AP50 acc: 0.8718 | best AP70 acc: 0.7956 | best mAP acc: 0.7323 | best mAR acc: 0.7853 | best Score: 0.7323 | best Score epoch: 14 
UAV_SEQS_2 | mAP50:90: 28.7862 | AP50: 57.3987 | AP70: 25.6258 
UAV_SEQS_37 | mAP50:90: 97.6155 | AP50: 100.0000 | AP70: 98.8845 
UAV_SEQS_45 | mAP50:90: 90.0230 | AP50: 100.0000 | AP70: 94.3714 
UAV_SEQS_47 | mAP50:90: 97.6269 | AP50: 100.0000 | AP70: 100.0000 
UAV_SEQS_55 | mAP50:90: 35.4490 | AP50: 57.6475 | AP70: 35.8599 
UAV_SEQS_59 | mAP50:90: 57.6740 | AP50: 86.0849 | AP70: 65.0230 
UAV_SEQS_6 | mAP50:90: 57.6944 | AP50: 66.3887 | AP70: 63.6477 
UAV_SEQS_63 | mAP50:90: 25.0361 | AP50: 73.2330 | AP70: 9.2862 
UAV_SEQS_65 | mAP50:90: 80.2527 | AP50: 96.3659 | AP70: 90.5505 
UAV_SEQS_7 | mAP50:90: 81.7183 | AP50: 100.0000 | AP70: 92.3669 
UAV_SEQS_71 | mAP50:90: 62.1716 | AP50: 92.0115 | AP70: 72.0515 
UAV_SEQS_73 | mAP50:90: 65.6645 | AP50: 82.5732 | AP70: 74.6048 
UAV_SEQS_74 | mAP50:90: 98.5368 | AP50: 99.9967 | AP70: 99.9967 
UAV_SEQS_77 | mAP50:90: 25.0720 | AP50: 30.6931 | AP70: 29.5738 
UAV_SEQS_8 | mAP50:90: 95.0198 | AP50: 100.0000 | AP70: 98.9802 
Overall            | mAP50:95: 67.9695 | AP50: 83.8373 | AP70: 72.1288 
