epoch  1, iter    1: loss: 0.6843 | load time: 0.1071 | back time: 4.6236 | lr: 0.00000012 | best AP50 acc: 0.0000 | best AP70 acc: 0.0000 | best mAP acc: 0.0000 | best mAR acc: 0.0000 | best Score: 0.0000 | best Score epoch: -1 
epoch  1, iter   51: loss: 0.6610 | load time: 0.0002 | back time: 3.9663 | lr: 0.00000098 | best AP50 acc: 0.0000 | best AP70 acc: 0.0000 | best mAP acc: 0.0000 | best mAR acc: 0.0000 | best Score: 0.0000 | best Score epoch: -1 
epoch  1, iter  101: loss: 0.4819 | load time: 0.0003 | back time: 3.9917 | lr: 0.00000185 | best AP50 acc: 0.0000 | best AP70 acc: 0.0000 | best mAP acc: 0.0000 | best mAR acc: 0.0000 | best Score: 0.0000 | best Score epoch: -1 
epoch  1, iter  151: loss: 0.0850 | load time: 0.0003 | back time: 4.0024 | lr: 0.00000272 | best AP50 acc: 0.0000 | best AP70 acc: 0.0000 | best mAP acc: 0.0000 | best mAR acc: 0.0000 | best Score: 0.0000 | best Score epoch: -1 
epoch  1, iter  201: loss: 0.0342 | load time: 0.0002 | back time: 3.9915 | lr: 0.00000359 | best AP50 acc: 0.0000 | best AP70 acc: 0.0000 | best mAP acc: 0.0000 | best mAR acc: 0.0000 | best Score: 0.0000 | best Score epoch: -1 
epoch  1, iter  251: loss: 0.0310 | load time: 0.0002 | back time: 3.9417 | lr: 0.00000445 | best AP50 acc: 0.0000 | best AP70 acc: 0.0000 | best mAP acc: 0.0000 | best mAR acc: 0.0000 | best Score: 0.0000 | best Score epoch: -1 
epoch  1, iter  301: loss: 0.0269 | load time: 0.0003 | back time: 3.9315 | lr: 0.00000532 | best AP50 acc: 0.0000 | best AP70 acc: 0.0000 | best mAP acc: 0.0000 | best mAR acc: 0.0000 | best Score: 0.0000 | best Score epoch: -1 
epoch  1, iter  351: loss: 0.0315 | load time: 0.0002 | back time: 3.9695 | lr: 0.00000619 | best AP50 acc: 0.0000 | best AP70 acc: 0.0000 | best mAP acc: 0.0000 | best mAR acc: 0.0000 | best Score: 0.0000 | best Score epoch: -1 
epoch  1, iter  401: loss: 0.0205 | load time: 0.0003 | back time: 3.9820 | lr: 0.00000705 | best AP50 acc: 0.0000 | best AP70 acc: 0.0000 | best mAP acc: 0.0000 | best mAR acc: 0.0000 | best Score: 0.0000 | best Score epoch: -1 
epoch  1, iter  451: loss: 0.0258 | load time: 0.0002 | back time: 3.9983 | lr: 0.00000792 | best AP50 acc: 0.0000 | best AP70 acc: 0.0000 | best mAP acc: 0.0000 | best mAR acc: 0.0000 | best Score: 0.0000 | best Score epoch: -1 
epoch  1, iter  501: loss: 0.0237 | load time: 0.0003 | back time: 3.9885 | lr: 0.00000879 | best AP50 acc: 0.0000 | best AP70 acc: 0.0000 | best mAP acc: 0.0000 | best mAR acc: 0.0000 | best Score: 0.0000 | best Score epoch: -1 
epoch  1, iter  551: loss: 0.0168 | load time: 0.0003 | back time: 4.0289 | lr: 0.00000966 | best AP50 acc: 0.0000 | best AP70 acc: 0.0000 | best mAP acc: 0.0000 | best mAR acc: 0.0000 | best Score: 0.0000 | best Score epoch: -1 
epoch  1, iter  601: loss: 0.0205 | load time: 0.0003 | back time: 3.8277 | lr: 0.00001052 | best AP50 acc: 0.0000 | best AP70 acc: 0.0000 | best mAP acc: 0.0000 | best mAR acc: 0.0000 | best Score: 0.0000 | best Score epoch: -1 
epoch  1, iter  651: loss: 0.0186 | load time: 0.0005 | back time: 3.9990 | lr: 0.00001139 | best AP50 acc: 0.0000 | best AP70 acc: 0.0000 | best mAP acc: 0.0000 | best mAR acc: 0.0000 | best Score: 0.0000 | best Score epoch: -1 
epoch  1, iter  701: loss: 0.0340 | load time: 0.0001 | back time: 3.9807 | lr: 0.00001226 | best AP50 acc: 0.0000 | best AP70 acc: 0.0000 | best mAP acc: 0.0000 | best mAR acc: 0.0000 | best Score: 0.0000 | best Score epoch: -1 
epoch  1, iter  751: loss: 0.0282 | load time: 0.0002 | back time: 4.0052 | lr: 0.00001313 | best AP50 acc: 0.0000 | best AP70 acc: 0.0000 | best mAP acc: 0.0000 | best mAR acc: 0.0000 | best Score: 0.0000 | best Score epoch: -1 
epoch  1, iter  801: loss: 0.0121 | load time: 0.0003 | back time: 3.9998 | lr: 0.00001399 | best AP50 acc: 0.0000 | best AP70 acc: 0.0000 | best mAP acc: 0.0000 | best mAR acc: 0.0000 | best Score: 0.0000 | best Score epoch: -1 
epoch  1, iter  851: loss: 0.0147 | load time: 0.0003 | back time: 4.0101 | lr: 0.00001486 | best AP50 acc: 0.0000 | best AP70 acc: 0.0000 | best mAP acc: 0.0000 | best mAR acc: 0.0000 | best Score: 0.0000 | best Score epoch: -1 
epoch  1, iter  901: loss: 0.0351 | load time: 0.0006 | back time: 4.0279 | lr: 0.00001573 | best AP50 acc: 0.0000 | best AP70 acc: 0.0000 | best mAP acc: 0.0000 | best mAR acc: 0.0000 | best Score: 0.0000 | best Score epoch: -1 
epoch  1, iter  951: loss: 0.0254 | load time: 0.0002 | back time: 4.0192 | lr: 0.00001659 | best AP50 acc: 0.0000 | best AP70 acc: 0.0000 | best mAP acc: 0.0000 | best mAR acc: 0.0000 | best Score: 0.0000 | best Score epoch: -1 
epoch  1, iter 1001: loss: 0.0149 | load time: 0.0004 | back time: 4.0014 | lr: 0.00001746 | best AP50 acc: 0.0000 | best AP70 acc: 0.0000 | best mAP acc: 0.0000 | best mAR acc: 0.0000 | best Score: 0.0000 | best Score epoch: -1 
epoch  1, iter 1051: loss: 0.0237 | load time: 0.0002 | back time: 3.9786 | lr: 0.00001833 | best AP50 acc: 0.0000 | best AP70 acc: 0.0000 | best mAP acc: 0.0000 | best mAR acc: 0.0000 | best Score: 0.0000 | best Score epoch: -1 
epoch  1, iter 1101: loss: 0.0176 | load time: 0.0004 | back time: 3.9950 | lr: 0.00001920 | best AP50 acc: 0.0000 | best AP70 acc: 0.0000 | best mAP acc: 0.0000 | best mAR acc: 0.0000 | best Score: 0.0000 | best Score epoch: -1 
epoch  1, iter 1151: loss: 0.0141 | load time: 0.0002 | back time: 3.9985 | lr: 0.00002006 | best AP50 acc: 0.0000 | best AP70 acc: 0.0000 | best mAP acc: 0.0000 | best mAR acc: 0.0000 | best Score: 0.0000 | best Score epoch: -1 
epoch  2, iter    1: loss: 0.0218 | load time: 0.0007 | back time: 1.0156 | lr: 0.00002010 | best AP50 acc: 0.0000 | best AP70 acc: 0.0000 | best mAP acc: 0.0000 | best mAR acc: 0.0000 | best Score: 0.0000 | best Score epoch: -1 
epoch  2, iter   51: loss: 0.0166 | load time: 0.0003 | back time: 3.8864 | lr: 0.00002096 | best AP50 acc: 0.0000 | best AP70 acc: 0.0000 | best mAP acc: 0.0000 | best mAR acc: 0.0000 | best Score: 0.0000 | best Score epoch: -1 
epoch  2, iter  101: loss: 0.0134 | load time: 0.0003 | back time: 3.9797 | lr: 0.00002183 | best AP50 acc: 0.0000 | best AP70 acc: 0.0000 | best mAP acc: 0.0000 | best mAR acc: 0.0000 | best Score: 0.0000 | best Score epoch: -1 
epoch  2, iter  151: loss: 0.0127 | load time: 0.0002 | back time: 3.9274 | lr: 0.00002270 | best AP50 acc: 0.0000 | best AP70 acc: 0.0000 | best mAP acc: 0.0000 | best mAR acc: 0.0000 | best Score: 0.0000 | best Score epoch: -1 
epoch  2, iter  201: loss: 0.0180 | load time: 0.0003 | back time: 3.9314 | lr: 0.00002357 | best AP50 acc: 0.0000 | best AP70 acc: 0.0000 | best mAP acc: 0.0000 | best mAR acc: 0.0000 | best Score: 0.0000 | best Score epoch: -1 
epoch  2, iter  251: loss: 0.0183 | load time: 0.0002 | back time: 3.9815 | lr: 0.00002443 | best AP50 acc: 0.0000 | best AP70 acc: 0.0000 | best mAP acc: 0.0000 | best mAR acc: 0.0000 | best Score: 0.0000 | best Score epoch: -1 
epoch  2, iter  301: loss: 0.0248 | load time: 0.0003 | back time: 3.9836 | lr: 0.00002530 | best AP50 acc: 0.0000 | best AP70 acc: 0.0000 | best mAP acc: 0.0000 | best mAR acc: 0.0000 | best Score: 0.0000 | best Score epoch: -1 
epoch  2, iter  351: loss: 0.0237 | load time: 0.0002 | back time: 3.9621 | lr: 0.00002617 | best AP50 acc: 0.0000 | best AP70 acc: 0.0000 | best mAP acc: 0.0000 | best mAR acc: 0.0000 | best Score: 0.0000 | best Score epoch: -1 
epoch  2, iter  401: loss: 0.0194 | load time: 0.0003 | back time: 3.8399 | lr: 0.00002703 | best AP50 acc: 0.0000 | best AP70 acc: 0.0000 | best mAP acc: 0.0000 | best mAR acc: 0.0000 | best Score: 0.0000 | best Score epoch: -1 
epoch  2, iter  451: loss: 0.0160 | load time: 0.0005 | back time: 3.9813 | lr: 0.00002790 | best AP50 acc: 0.0000 | best AP70 acc: 0.0000 | best mAP acc: 0.0000 | best mAR acc: 0.0000 | best Score: 0.0000 | best Score epoch: -1 
epoch  2, iter  501: loss: 0.0182 | load time: 0.0002 | back time: 3.9791 | lr: 0.00002877 | best AP50 acc: 0.0000 | best AP70 acc: 0.0000 | best mAP acc: 0.0000 | best mAR acc: 0.0000 | best Score: 0.0000 | best Score epoch: -1 
epoch  2, iter  551: loss: 0.0153 | load time: 0.0003 | back time: 3.9865 | lr: 0.00002964 | best AP50 acc: 0.0000 | best AP70 acc: 0.0000 | best mAP acc: 0.0000 | best mAR acc: 0.0000 | best Score: 0.0000 | best Score epoch: -1 
epoch  2, iter  601: loss: 0.0191 | load time: 0.0003 | back time: 3.9822 | lr: 0.00003050 | best AP50 acc: 0.0000 | best AP70 acc: 0.0000 | best mAP acc: 0.0000 | best mAR acc: 0.0000 | best Score: 0.0000 | best Score epoch: -1 
epoch  2, iter  651: loss: 0.0170 | load time: 0.0004 | back time: 3.9928 | lr: 0.00003137 | best AP50 acc: 0.0000 | best AP70 acc: 0.0000 | best mAP acc: 0.0000 | best mAR acc: 0.0000 | best Score: 0.0000 | best Score epoch: -1 
epoch  2, iter  701: loss: 0.0133 | load time: 0.0002 | back time: 3.9957 | lr: 0.00003224 | best AP50 acc: 0.0000 | best AP70 acc: 0.0000 | best mAP acc: 0.0000 | best mAR acc: 0.0000 | best Score: 0.0000 | best Score epoch: -1 
epoch  2, iter  751: loss: 0.0158 | load time: 0.0005 | back time: 3.9799 | lr: 0.00003311 | best AP50 acc: 0.0000 | best AP70 acc: 0.0000 | best mAP acc: 0.0000 | best mAR acc: 0.0000 | best Score: 0.0000 | best Score epoch: -1 
epoch  2, iter  801: loss: 0.0118 | load time: 0.0003 | back time: 3.9484 | lr: 0.00003397 | best AP50 acc: 0.0000 | best AP70 acc: 0.0000 | best mAP acc: 0.0000 | best mAR acc: 0.0000 | best Score: 0.0000 | best Score epoch: -1 
epoch  2, iter  851: loss: 0.0197 | load time: 0.0002 | back time: 4.0294 | lr: 0.00003484 | best AP50 acc: 0.0000 | best AP70 acc: 0.0000 | best mAP acc: 0.0000 | best mAR acc: 0.0000 | best Score: 0.0000 | best Score epoch: -1 
epoch  2, iter  901: loss: 0.0130 | load time: 0.0003 | back time: 3.9720 | lr: 0.00003571 | best AP50 acc: 0.0000 | best AP70 acc: 0.0000 | best mAP acc: 0.0000 | best mAR acc: 0.0000 | best Score: 0.0000 | best Score epoch: -1 
epoch  2, iter  951: loss: 0.0175 | load time: 0.0004 | back time: 3.9099 | lr: 0.00003657 | best AP50 acc: 0.0000 | best AP70 acc: 0.0000 | best mAP acc: 0.0000 | best mAR acc: 0.0000 | best Score: 0.0000 | best Score epoch: -1 
epoch  2, iter 1001: loss: 0.0171 | load time: 0.0003 | back time: 3.8983 | lr: 0.00003744 | best AP50 acc: 0.0000 | best AP70 acc: 0.0000 | best mAP acc: 0.0000 | best mAR acc: 0.0000 | best Score: 0.0000 | best Score epoch: -1 
epoch  2, iter 1051: loss: 0.0118 | load time: 0.0003 | back time: 3.9958 | lr: 0.00003831 | best AP50 acc: 0.0000 | best AP70 acc: 0.0000 | best mAP acc: 0.0000 | best mAR acc: 0.0000 | best Score: 0.0000 | best Score epoch: -1 
epoch  2, iter 1101: loss: 0.0203 | load time: 0.0003 | back time: 3.9328 | lr: 0.00003918 | best AP50 acc: 0.0000 | best AP70 acc: 0.0000 | best mAP acc: 0.0000 | best mAR acc: 0.0000 | best Score: 0.0000 | best Score epoch: -1 
epoch  2, iter 1151: loss: 0.0176 | load time: 0.0002 | back time: 3.9160 | lr: 0.00004004 | best AP50 acc: 0.0000 | best AP70 acc: 0.0000 | best mAP acc: 0.0000 | best mAR acc: 0.0000 | best Score: 0.0000 | best Score epoch: -1 
epoch  3, iter    1: loss: 0.0128 | load time: 0.0005 | back time: 0.3840 | lr: 0.00004008 | best AP50 acc: 0.0000 | best AP70 acc: 0.0000 | best mAP acc: 0.0000 | best mAR acc: 0.0000 | best Score: 0.0000 | best Score epoch: -1 
epoch  3, iter   51: loss: 0.0243 | load time: 0.0003 | back time: 3.9544 | lr: 0.00004094 | best AP50 acc: 0.0000 | best AP70 acc: 0.0000 | best mAP acc: 0.0000 | best mAR acc: 0.0000 | best Score: 0.0000 | best Score epoch: -1 
epoch  3, iter  101: loss: 0.0211 | load time: 0.0003 | back time: 3.9437 | lr: 0.00004181 | best AP50 acc: 0.0000 | best AP70 acc: 0.0000 | best mAP acc: 0.0000 | best mAR acc: 0.0000 | best Score: 0.0000 | best Score epoch: -1 
epoch  3, iter  151: loss: 0.0176 | load time: 0.0002 | back time: 3.9421 | lr: 0.00004268 | best AP50 acc: 0.0000 | best AP70 acc: 0.0000 | best mAP acc: 0.0000 | best mAR acc: 0.0000 | best Score: 0.0000 | best Score epoch: -1 
epoch  3, iter  201: loss: 0.0201 | load time: 0.0003 | back time: 3.9537 | lr: 0.00004355 | best AP50 acc: 0.0000 | best AP70 acc: 0.0000 | best mAP acc: 0.0000 | best mAR acc: 0.0000 | best Score: 0.0000 | best Score epoch: -1 
epoch  3, iter  251: loss: 0.0120 | load time: 0.0003 | back time: 3.9846 | lr: 0.00004441 | best AP50 acc: 0.0000 | best AP70 acc: 0.0000 | best mAP acc: 0.0000 | best mAR acc: 0.0000 | best Score: 0.0000 | best Score epoch: -1 
epoch  3, iter  301: loss: 0.0179 | load time: 0.0002 | back time: 3.9876 | lr: 0.00004528 | best AP50 acc: 0.0000 | best AP70 acc: 0.0000 | best mAP acc: 0.0000 | best mAR acc: 0.0000 | best Score: 0.0000 | best Score epoch: -1 
epoch  3, iter  351: loss: 0.0128 | load time: 0.0002 | back time: 3.8996 | lr: 0.00004615 | best AP50 acc: 0.0000 | best AP70 acc: 0.0000 | best mAP acc: 0.0000 | best mAR acc: 0.0000 | best Score: 0.0000 | best Score epoch: -1 
epoch  3, iter  401: loss: 0.0174 | load time: 0.0003 | back time: 3.9006 | lr: 0.00004701 | best AP50 acc: 0.0000 | best AP70 acc: 0.0000 | best mAP acc: 0.0000 | best mAR acc: 0.0000 | best Score: 0.0000 | best Score epoch: -1 
epoch  3, iter  451: loss: 0.0120 | load time: 0.0003 | back time: 3.9472 | lr: 0.00004788 | best AP50 acc: 0.0000 | best AP70 acc: 0.0000 | best mAP acc: 0.0000 | best mAR acc: 0.0000 | best Score: 0.0000 | best Score epoch: -1 
epoch  3, iter  501: loss: 0.0244 | load time: 0.0003 | back time: 3.9561 | lr: 0.00004875 | best AP50 acc: 0.0000 | best AP70 acc: 0.0000 | best mAP acc: 0.0000 | best mAR acc: 0.0000 | best Score: 0.0000 | best Score epoch: -1 
epoch  3, iter  551: loss: 0.0155 | load time: 0.0002 | back time: 3.8850 | lr: 0.00004962 | best AP50 acc: 0.0000 | best AP70 acc: 0.0000 | best mAP acc: 0.0000 | best mAR acc: 0.0000 | best Score: 0.0000 | best Score epoch: -1 
epoch  3, iter  601: loss: 0.0160 | load time: 0.0010 | back time: 3.9289 | lr: 0.00005048 | best AP50 acc: 0.0000 | best AP70 acc: 0.0000 | best mAP acc: 0.0000 | best mAR acc: 0.0000 | best Score: 0.0000 | best Score epoch: -1 
epoch  3, iter  651: loss: 0.0153 | load time: 0.0004 | back time: 3.9867 | lr: 0.00005135 | best AP50 acc: 0.0000 | best AP70 acc: 0.0000 | best mAP acc: 0.0000 | best mAR acc: 0.0000 | best Score: 0.0000 | best Score epoch: -1 
epoch  3, iter  701: loss: 0.0177 | load time: 0.0003 | back time: 3.9662 | lr: 0.00005222 | best AP50 acc: 0.0000 | best AP70 acc: 0.0000 | best mAP acc: 0.0000 | best mAR acc: 0.0000 | best Score: 0.0000 | best Score epoch: -1 
epoch  3, iter  751: loss: 0.0156 | load time: 0.0005 | back time: 3.9375 | lr: 0.00005309 | best AP50 acc: 0.0000 | best AP70 acc: 0.0000 | best mAP acc: 0.0000 | best mAR acc: 0.0000 | best Score: 0.0000 | best Score epoch: -1 
epoch  3, iter  801: loss: 0.0134 | load time: 0.0002 | back time: 3.8957 | lr: 0.00005395 | best AP50 acc: 0.0000 | best AP70 acc: 0.0000 | best mAP acc: 0.0000 | best mAR acc: 0.0000 | best Score: 0.0000 | best Score epoch: -1 
epoch  3, iter  851: loss: 0.0179 | load time: 0.0003 | back time: 3.9316 | lr: 0.00005482 | best AP50 acc: 0.0000 | best AP70 acc: 0.0000 | best mAP acc: 0.0000 | best mAR acc: 0.0000 | best Score: 0.0000 | best Score epoch: -1 
epoch  3, iter  901: loss: 0.0171 | load time: 0.0002 | back time: 3.9666 | lr: 0.00005569 | best AP50 acc: 0.0000 | best AP70 acc: 0.0000 | best mAP acc: 0.0000 | best mAR acc: 0.0000 | best Score: 0.0000 | best Score epoch: -1 
epoch  3, iter  951: loss: 0.0257 | load time: 0.0002 | back time: 3.9334 | lr: 0.00005655 | best AP50 acc: 0.0000 | best AP70 acc: 0.0000 | best mAP acc: 0.0000 | best mAR acc: 0.0000 | best Score: 0.0000 | best Score epoch: -1 
epoch  3, iter 1001: loss: 0.0314 | load time: 0.0003 | back time: 3.9427 | lr: 0.00005742 | best AP50 acc: 0.0000 | best AP70 acc: 0.0000 | best mAP acc: 0.0000 | best mAR acc: 0.0000 | best Score: 0.0000 | best Score epoch: -1 
epoch  3, iter 1051: loss: 0.0109 | load time: 0.0003 | back time: 3.9331 | lr: 0.00005829 | best AP50 acc: 0.0000 | best AP70 acc: 0.0000 | best mAP acc: 0.0000 | best mAR acc: 0.0000 | best Score: 0.0000 | best Score epoch: -1 
epoch  3, iter 1101: loss: 0.0147 | load time: 0.0003 | back time: 3.8325 | lr: 0.00005916 | best AP50 acc: 0.0000 | best AP70 acc: 0.0000 | best mAP acc: 0.0000 | best mAR acc: 0.0000 | best Score: 0.0000 | best Score epoch: -1 
epoch  3, iter 1151: loss: 0.0137 | load time: 0.0001 | back time: 3.8579 | lr: 0.00006002 | best AP50 acc: 0.0000 | best AP70 acc: 0.0000 | best mAP acc: 0.0000 | best mAR acc: 0.0000 | best Score: 0.0000 | best Score epoch: -1 
epoch  4, iter    1: loss: 0.0114 | load time: 0.0007 | back time: 0.6737 | lr: 0.00006006 | best AP50 acc: 0.0000 | best AP70 acc: 0.0000 | best mAP acc: 0.0000 | best mAR acc: 0.0000 | best Score: 0.0000 | best Score epoch: -1 
epoch  4, iter   51: loss: 0.0121 | load time: 0.0004 | back time: 3.9465 | lr: 0.00006092 | best AP50 acc: 0.0000 | best AP70 acc: 0.0000 | best mAP acc: 0.0000 | best mAR acc: 0.0000 | best Score: 0.0000 | best Score epoch: -1 
epoch  4, iter  101: loss: 0.0143 | load time: 0.0002 | back time: 3.9059 | lr: 0.00006179 | best AP50 acc: 0.0000 | best AP70 acc: 0.0000 | best mAP acc: 0.0000 | best mAR acc: 0.0000 | best Score: 0.0000 | best Score epoch: -1 
epoch  4, iter  151: loss: 0.0215 | load time: 0.0002 | back time: 3.9731 | lr: 0.00006266 | best AP50 acc: 0.0000 | best AP70 acc: 0.0000 | best mAP acc: 0.0000 | best mAR acc: 0.0000 | best Score: 0.0000 | best Score epoch: -1 
epoch  4, iter  201: loss: 0.0155 | load time: 0.0003 | back time: 3.9806 | lr: 0.00006353 | best AP50 acc: 0.0000 | best AP70 acc: 0.0000 | best mAP acc: 0.0000 | best mAR acc: 0.0000 | best Score: 0.0000 | best Score epoch: -1 
epoch  4, iter  251: loss: 0.0142 | load time: 0.0002 | back time: 3.9882 | lr: 0.00006439 | best AP50 acc: 0.0000 | best AP70 acc: 0.0000 | best mAP acc: 0.0000 | best mAR acc: 0.0000 | best Score: 0.0000 | best Score epoch: -1 
epoch  4, iter  301: loss: 0.0132 | load time: 0.0002 | back time: 3.9836 | lr: 0.00006526 | best AP50 acc: 0.0000 | best AP70 acc: 0.0000 | best mAP acc: 0.0000 | best mAR acc: 0.0000 | best Score: 0.0000 | best Score epoch: -1 
epoch  4, iter  351: loss: 0.0132 | load time: 0.0008 | back time: 3.7975 | lr: 0.00006613 | best AP50 acc: 0.0000 | best AP70 acc: 0.0000 | best mAP acc: 0.0000 | best mAR acc: 0.0000 | best Score: 0.0000 | best Score epoch: -1 
epoch  4, iter  401: loss: 0.0166 | load time: 0.0002 | back time: 3.9567 | lr: 0.00006699 | best AP50 acc: 0.0000 | best AP70 acc: 0.0000 | best mAP acc: 0.0000 | best mAR acc: 0.0000 | best Score: 0.0000 | best Score epoch: -1 
epoch  4, iter  451: loss: 0.0120 | load time: 0.0002 | back time: 3.9217 | lr: 0.00006786 | best AP50 acc: 0.0000 | best AP70 acc: 0.0000 | best mAP acc: 0.0000 | best mAR acc: 0.0000 | best Score: 0.0000 | best Score epoch: -1 
epoch  4, iter  501: loss: 0.0136 | load time: 0.0003 | back time: 3.9915 | lr: 0.00006873 | best AP50 acc: 0.0000 | best AP70 acc: 0.0000 | best mAP acc: 0.0000 | best mAR acc: 0.0000 | best Score: 0.0000 | best Score epoch: -1 
epoch  4, iter  551: loss: 0.0134 | load time: 0.0005 | back time: 4.0016 | lr: 0.00006960 | best AP50 acc: 0.0000 | best AP70 acc: 0.0000 | best mAP acc: 0.0000 | best mAR acc: 0.0000 | best Score: 0.0000 | best Score epoch: -1 
epoch  4, iter  601: loss: 0.0220 | load time: 0.0002 | back time: 3.9556 | lr: 0.00007046 | best AP50 acc: 0.0000 | best AP70 acc: 0.0000 | best mAP acc: 0.0000 | best mAR acc: 0.0000 | best Score: 0.0000 | best Score epoch: -1 
epoch  4, iter  651: loss: 0.0141 | load time: 0.0003 | back time: 3.8347 | lr: 0.00007133 | best AP50 acc: 0.0000 | best AP70 acc: 0.0000 | best mAP acc: 0.0000 | best mAR acc: 0.0000 | best Score: 0.0000 | best Score epoch: -1 
epoch  4, iter  701: loss: 0.0147 | load time: 0.0003 | back time: 3.9932 | lr: 0.00007220 | best AP50 acc: 0.0000 | best AP70 acc: 0.0000 | best mAP acc: 0.0000 | best mAR acc: 0.0000 | best Score: 0.0000 | best Score epoch: -1 
epoch  4, iter  751: loss: 0.0205 | load time: 0.0002 | back time: 3.9863 | lr: 0.00007307 | best AP50 acc: 0.0000 | best AP70 acc: 0.0000 | best mAP acc: 0.0000 | best mAR acc: 0.0000 | best Score: 0.0000 | best Score epoch: -1 
epoch  4, iter  801: loss: 0.0113 | load time: 0.0003 | back time: 3.8600 | lr: 0.00007393 | best AP50 acc: 0.0000 | best AP70 acc: 0.0000 | best mAP acc: 0.0000 | best mAR acc: 0.0000 | best Score: 0.0000 | best Score epoch: -1 
epoch  4, iter  851: loss: 0.0154 | load time: 0.0002 | back time: 3.9990 | lr: 0.00007480 | best AP50 acc: 0.0000 | best AP70 acc: 0.0000 | best mAP acc: 0.0000 | best mAR acc: 0.0000 | best Score: 0.0000 | best Score epoch: -1 
epoch  4, iter  901: loss: 0.0142 | load time: 0.0003 | back time: 3.9601 | lr: 0.00007567 | best AP50 acc: 0.0000 | best AP70 acc: 0.0000 | best mAP acc: 0.0000 | best mAR acc: 0.0000 | best Score: 0.0000 | best Score epoch: -1 
epoch  4, iter  951: loss: 0.0186 | load time: 0.0002 | back time: 3.9524 | lr: 0.00007653 | best AP50 acc: 0.0000 | best AP70 acc: 0.0000 | best mAP acc: 0.0000 | best mAR acc: 0.0000 | best Score: 0.0000 | best Score epoch: -1 
epoch  4, iter 1001: loss: 0.0156 | load time: 0.0005 | back time: 4.0001 | lr: 0.00007740 | best AP50 acc: 0.0000 | best AP70 acc: 0.0000 | best mAP acc: 0.0000 | best mAR acc: 0.0000 | best Score: 0.0000 | best Score epoch: -1 
epoch  4, iter 1051: loss: 0.0143 | load time: 0.0010 | back time: 3.9724 | lr: 0.00007827 | best AP50 acc: 0.0000 | best AP70 acc: 0.0000 | best mAP acc: 0.0000 | best mAR acc: 0.0000 | best Score: 0.0000 | best Score epoch: -1 
epoch  4, iter 1101: loss: 0.0136 | load time: 0.0003 | back time: 3.9805 | lr: 0.00007914 | best AP50 acc: 0.0000 | best AP70 acc: 0.0000 | best mAP acc: 0.0000 | best mAR acc: 0.0000 | best Score: 0.0000 | best Score epoch: -1 
epoch  4, iter 1151: loss: 0.0149 | load time: 0.0001 | back time: 4.0068 | lr: 0.00008000 | best AP50 acc: 0.0000 | best AP70 acc: 0.0000 | best mAP acc: 0.0000 | best mAR acc: 0.0000 | best Score: 0.0000 | best Score epoch: -1 
epoch  5, iter    1: loss: 0.0215 | load time: 0.0007 | back time: 0.7676 | lr: 0.00008004 | best AP50 acc: 0.0000 | best AP70 acc: 0.0000 | best mAP acc: 0.0000 | best mAR acc: 0.0000 | best Score: 0.0000 | best Score epoch: -1 
epoch  5, iter   51: loss: 0.0195 | load time: 0.0003 | back time: 3.9971 | lr: 0.00008090 | best AP50 acc: 0.0000 | best AP70 acc: 0.0000 | best mAP acc: 0.0000 | best mAR acc: 0.0000 | best Score: 0.0000 | best Score epoch: -1 
epoch  5, iter  101: loss: 0.0116 | load time: 0.0002 | back time: 4.0075 | lr: 0.00008177 | best AP50 acc: 0.0000 | best AP70 acc: 0.0000 | best mAP acc: 0.0000 | best mAR acc: 0.0000 | best Score: 0.0000 | best Score epoch: -1 
epoch  5, iter  151: loss: 0.0128 | load time: 0.0002 | back time: 3.9921 | lr: 0.00008264 | best AP50 acc: 0.0000 | best AP70 acc: 0.0000 | best mAP acc: 0.0000 | best mAR acc: 0.0000 | best Score: 0.0000 | best Score epoch: -1 
epoch  5, iter  201: loss: 0.0131 | load time: 0.0002 | back time: 3.9128 | lr: 0.00008351 | best AP50 acc: 0.0000 | best AP70 acc: 0.0000 | best mAP acc: 0.0000 | best mAR acc: 0.0000 | best Score: 0.0000 | best Score epoch: -1 
epoch  5, iter  251: loss: 0.0121 | load time: 0.0001 | back time: 3.9045 | lr: 0.00008437 | best AP50 acc: 0.0000 | best AP70 acc: 0.0000 | best mAP acc: 0.0000 | best mAR acc: 0.0000 | best Score: 0.0000 | best Score epoch: -1 
epoch  5, iter  301: loss: 0.0229 | load time: 0.0002 | back time: 3.9048 | lr: 0.00008524 | best AP50 acc: 0.0000 | best AP70 acc: 0.0000 | best mAP acc: 0.0000 | best mAR acc: 0.0000 | best Score: 0.0000 | best Score epoch: -1 
epoch  5, iter  351: loss: 0.0210 | load time: 0.0008 | back time: 3.9736 | lr: 0.00008611 | best AP50 acc: 0.0000 | best AP70 acc: 0.0000 | best mAP acc: 0.0000 | best mAR acc: 0.0000 | best Score: 0.0000 | best Score epoch: -1 
epoch  5, iter  401: loss: 0.0200 | load time: 0.0002 | back time: 3.9222 | lr: 0.00008697 | best AP50 acc: 0.0000 | best AP70 acc: 0.0000 | best mAP acc: 0.0000 | best mAR acc: 0.0000 | best Score: 0.0000 | best Score epoch: -1 
epoch  5, iter  451: loss: 0.0098 | load time: 0.0002 | back time: 3.9643 | lr: 0.00008784 | best AP50 acc: 0.0000 | best AP70 acc: 0.0000 | best mAP acc: 0.0000 | best mAR acc: 0.0000 | best Score: 0.0000 | best Score epoch: -1 
epoch  5, iter  501: loss: 0.0144 | load time: 0.0002 | back time: 3.9662 | lr: 0.00008871 | best AP50 acc: 0.0000 | best AP70 acc: 0.0000 | best mAP acc: 0.0000 | best mAR acc: 0.0000 | best Score: 0.0000 | best Score epoch: -1 
epoch  5, iter  551: loss: 0.0126 | load time: 0.0007 | back time: 4.0259 | lr: 0.00008958 | best AP50 acc: 0.0000 | best AP70 acc: 0.0000 | best mAP acc: 0.0000 | best mAR acc: 0.0000 | best Score: 0.0000 | best Score epoch: -1 
epoch  5, iter  601: loss: 0.0218 | load time: 0.0003 | back time: 3.8327 | lr: 0.00009044 | best AP50 acc: 0.0000 | best AP70 acc: 0.0000 | best mAP acc: 0.0000 | best mAR acc: 0.0000 | best Score: 0.0000 | best Score epoch: -1 
epoch  5, iter  651: loss: 0.0119 | load time: 0.0002 | back time: 3.9610 | lr: 0.00009131 | best AP50 acc: 0.0000 | best AP70 acc: 0.0000 | best mAP acc: 0.0000 | best mAR acc: 0.0000 | best Score: 0.0000 | best Score epoch: -1 
epoch  5, iter  701: loss: 0.0229 | load time: 0.0002 | back time: 4.0257 | lr: 0.00009218 | best AP50 acc: 0.0000 | best AP70 acc: 0.0000 | best mAP acc: 0.0000 | best mAR acc: 0.0000 | best Score: 0.0000 | best Score epoch: -1 
epoch  5, iter  751: loss: 0.0131 | load time: 0.0002 | back time: 3.9782 | lr: 0.00009305 | best AP50 acc: 0.0000 | best AP70 acc: 0.0000 | best mAP acc: 0.0000 | best mAR acc: 0.0000 | best Score: 0.0000 | best Score epoch: -1 
epoch  5, iter  801: loss: 0.0102 | load time: 0.0002 | back time: 4.0074 | lr: 0.00009391 | best AP50 acc: 0.0000 | best AP70 acc: 0.0000 | best mAP acc: 0.0000 | best mAR acc: 0.0000 | best Score: 0.0000 | best Score epoch: -1 
epoch  5, iter  851: loss: 0.0234 | load time: 0.0002 | back time: 4.0068 | lr: 0.00009478 | best AP50 acc: 0.0000 | best AP70 acc: 0.0000 | best mAP acc: 0.0000 | best mAR acc: 0.0000 | best Score: 0.0000 | best Score epoch: -1 
epoch  5, iter  901: loss: 0.0111 | load time: 0.0003 | back time: 3.9763 | lr: 0.00009565 | best AP50 acc: 0.0000 | best AP70 acc: 0.0000 | best mAP acc: 0.0000 | best mAR acc: 0.0000 | best Score: 0.0000 | best Score epoch: -1 
epoch  5, iter  951: loss: 0.0098 | load time: 0.0003 | back time: 3.9811 | lr: 0.00009651 | best AP50 acc: 0.0000 | best AP70 acc: 0.0000 | best mAP acc: 0.0000 | best mAR acc: 0.0000 | best Score: 0.0000 | best Score epoch: -1 
epoch  5, iter 1001: loss: 0.0139 | load time: 0.0002 | back time: 4.0085 | lr: 0.00009738 | best AP50 acc: 0.0000 | best AP70 acc: 0.0000 | best mAP acc: 0.0000 | best mAR acc: 0.0000 | best Score: 0.0000 | best Score epoch: -1 
epoch  5, iter 1051: loss: 0.0206 | load time: 0.0003 | back time: 4.0038 | lr: 0.00009825 | best AP50 acc: 0.0000 | best AP70 acc: 0.0000 | best mAP acc: 0.0000 | best mAR acc: 0.0000 | best Score: 0.0000 | best Score epoch: -1 
epoch  5, iter 1101: loss: 0.0095 | load time: 0.0003 | back time: 4.0185 | lr: 0.00009912 | best AP50 acc: 0.0000 | best AP70 acc: 0.0000 | best mAP acc: 0.0000 | best mAR acc: 0.0000 | best Score: 0.0000 | best Score epoch: -1 
epoch  5, iter 1151: loss: 0.0115 | load time: 0.0002 | back time: 4.0038 | lr: 0.00009998 | best AP50 acc: 0.0000 | best AP70 acc: 0.0000 | best mAP acc: 0.0000 | best mAR acc: 0.0000 | best Score: 0.0000 | best Score epoch: -1 
epoch  6, iter    1: loss: 0.0135 | load time: 0.0004 | back time: 0.2183 | lr: 0.00010000 | best AP50 acc: 0.0000 | best AP70 acc: 0.0000 | best mAP acc: 0.0000 | best mAR acc: 0.0000 | best Score: 0.0000 | best Score epoch: -1 
epoch  6, iter   51: loss: 0.0175 | load time: 0.0003 | back time: 3.9897 | lr: 0.00010000 | best AP50 acc: 0.0000 | best AP70 acc: 0.0000 | best mAP acc: 0.0000 | best mAR acc: 0.0000 | best Score: 0.0000 | best Score epoch: -1 
epoch  6, iter  101: loss: 0.0196 | load time: 0.0003 | back time: 4.0028 | lr: 0.00010000 | best AP50 acc: 0.0000 | best AP70 acc: 0.0000 | best mAP acc: 0.0000 | best mAR acc: 0.0000 | best Score: 0.0000 | best Score epoch: -1 
epoch  6, iter  151: loss: 0.0106 | load time: 0.0005 | back time: 4.0139 | lr: 0.00010000 | best AP50 acc: 0.0000 | best AP70 acc: 0.0000 | best mAP acc: 0.0000 | best mAR acc: 0.0000 | best Score: 0.0000 | best Score epoch: -1 
epoch  6, iter  201: loss: 0.0106 | load time: 0.0003 | back time: 4.0715 | lr: 0.00010000 | best AP50 acc: 0.0000 | best AP70 acc: 0.0000 | best mAP acc: 0.0000 | best mAR acc: 0.0000 | best Score: 0.0000 | best Score epoch: -1 
epoch  6, iter  251: loss: 0.0150 | load time: 0.0004 | back time: 3.9652 | lr: 0.00010000 | best AP50 acc: 0.0000 | best AP70 acc: 0.0000 | best mAP acc: 0.0000 | best mAR acc: 0.0000 | best Score: 0.0000 | best Score epoch: -1 
epoch  6, iter  301: loss: 0.0174 | load time: 0.0005 | back time: 3.9403 | lr: 0.00009999 | best AP50 acc: 0.0000 | best AP70 acc: 0.0000 | best mAP acc: 0.0000 | best mAR acc: 0.0000 | best Score: 0.0000 | best Score epoch: -1 
epoch  6, iter  351: loss: 0.0143 | load time: 0.0003 | back time: 4.0376 | lr: 0.00009999 | best AP50 acc: 0.0000 | best AP70 acc: 0.0000 | best mAP acc: 0.0000 | best mAR acc: 0.0000 | best Score: 0.0000 | best Score epoch: -1 
epoch  6, iter  401: loss: 0.0103 | load time: 0.0003 | back time: 3.9915 | lr: 0.00009999 | best AP50 acc: 0.0000 | best AP70 acc: 0.0000 | best mAP acc: 0.0000 | best mAR acc: 0.0000 | best Score: 0.0000 | best Score epoch: -1 
epoch  6, iter  451: loss: 0.0193 | load time: 0.0003 | back time: 4.0126 | lr: 0.00009999 | best AP50 acc: 0.0000 | best AP70 acc: 0.0000 | best mAP acc: 0.0000 | best mAR acc: 0.0000 | best Score: 0.0000 | best Score epoch: -1 
epoch  6, iter  501: loss: 0.0103 | load time: 0.0003 | back time: 4.0052 | lr: 0.00009998 | best AP50 acc: 0.0000 | best AP70 acc: 0.0000 | best mAP acc: 0.0000 | best mAR acc: 0.0000 | best Score: 0.0000 | best Score epoch: -1 
epoch  6, iter  551: loss: 0.0105 | load time: 0.0002 | back time: 3.9956 | lr: 0.00009998 | best AP50 acc: 0.0000 | best AP70 acc: 0.0000 | best mAP acc: 0.0000 | best mAR acc: 0.0000 | best Score: 0.0000 | best Score epoch: -1 
epoch  6, iter  601: loss: 0.0122 | load time: 0.0003 | back time: 3.9992 | lr: 0.00009997 | best AP50 acc: 0.0000 | best AP70 acc: 0.0000 | best mAP acc: 0.0000 | best mAR acc: 0.0000 | best Score: 0.0000 | best Score epoch: -1 
epoch  6, iter  651: loss: 0.0106 | load time: 0.0004 | back time: 3.9971 | lr: 0.00009997 | best AP50 acc: 0.0000 | best AP70 acc: 0.0000 | best mAP acc: 0.0000 | best mAR acc: 0.0000 | best Score: 0.0000 | best Score epoch: -1 
epoch  6, iter  701: loss: 0.0146 | load time: 0.0002 | back time: 4.0050 | lr: 0.00009996 | best AP50 acc: 0.0000 | best AP70 acc: 0.0000 | best mAP acc: 0.0000 | best mAR acc: 0.0000 | best Score: 0.0000 | best Score epoch: -1 
epoch  6, iter  751: loss: 0.0154 | load time: 0.0004 | back time: 3.9576 | lr: 0.00009996 | best AP50 acc: 0.0000 | best AP70 acc: 0.0000 | best mAP acc: 0.0000 | best mAR acc: 0.0000 | best Score: 0.0000 | best Score epoch: -1 
epoch  6, iter  801: loss: 0.0106 | load time: 0.0003 | back time: 4.0054 | lr: 0.00009995 | best AP50 acc: 0.0000 | best AP70 acc: 0.0000 | best mAP acc: 0.0000 | best mAR acc: 0.0000 | best Score: 0.0000 | best Score epoch: -1 
epoch  6, iter  851: loss: 0.0158 | load time: 0.0003 | back time: 4.0069 | lr: 0.00009995 | best AP50 acc: 0.0000 | best AP70 acc: 0.0000 | best mAP acc: 0.0000 | best mAR acc: 0.0000 | best Score: 0.0000 | best Score epoch: -1 
epoch  6, iter  901: loss: 0.0103 | load time: 0.0003 | back time: 4.0012 | lr: 0.00009994 | best AP50 acc: 0.0000 | best AP70 acc: 0.0000 | best mAP acc: 0.0000 | best mAR acc: 0.0000 | best Score: 0.0000 | best Score epoch: -1 
epoch  6, iter  951: loss: 0.0152 | load time: 0.0001 | back time: 3.8798 | lr: 0.00009993 | best AP50 acc: 0.0000 | best AP70 acc: 0.0000 | best mAP acc: 0.0000 | best mAR acc: 0.0000 | best Score: 0.0000 | best Score epoch: -1 
epoch  6, iter 1001: loss: 0.0138 | load time: 0.0002 | back time: 4.0903 | lr: 0.00009993 | best AP50 acc: 0.0000 | best AP70 acc: 0.0000 | best mAP acc: 0.0000 | best mAR acc: 0.0000 | best Score: 0.0000 | best Score epoch: -1 
epoch  6, iter 1051: loss: 0.0156 | load time: 0.0003 | back time: 3.9777 | lr: 0.00009992 | best AP50 acc: 0.0000 | best AP70 acc: 0.0000 | best mAP acc: 0.0000 | best mAR acc: 0.0000 | best Score: 0.0000 | best Score epoch: -1 
epoch  6, iter 1101: loss: 0.0134 | load time: 0.0002 | back time: 4.0128 | lr: 0.00009991 | best AP50 acc: 0.0000 | best AP70 acc: 0.0000 | best mAP acc: 0.0000 | best mAR acc: 0.0000 | best Score: 0.0000 | best Score epoch: -1 
epoch  6, iter 1151: loss: 0.0175 | load time: 0.0002 | back time: 3.9278 | lr: 0.00009990 | best AP50 acc: 0.0000 | best AP70 acc: 0.0000 | best mAP acc: 0.0000 | best mAR acc: 0.0000 | best Score: 0.0000 | best Score epoch: -1 
UAV_SEQS_2 | mAP50:90: 31.1336 | AP50: 77.1214 | AP70: 30.2133 
UAV_SEQS_37 | mAP50:90: 85.8440 | AP50: 100.0000 | AP70: 93.1983 
UAV_SEQS_45 | mAP50:90: 32.5840 | AP50: 69.4933 | AP70: 28.3370 
UAV_SEQS_47 | mAP50:90: 76.3662 | AP50: 94.9509 | AP70: 87.9056 
UAV_SEQS_55 | mAP50:90: 29.8459 | AP50: 66.6793 | AP70: 24.2757 
UAV_SEQS_59 | mAP50:90: 21.0012 | AP50: 59.8611 | AP70: 10.9582 
UAV_SEQS_6 | mAP50:90: 71.7726 | AP50: 97.0180 | AP70: 80.9102 
UAV_SEQS_63 | mAP50:90: 67.1185 | AP50: 100.0000 | AP70: 97.0824 
UAV_SEQS_65 | mAP50:90: 67.9901 | AP50: 91.6150 | AP70: 84.6092 
UAV_SEQS_7 | mAP50:90: 70.4916 | AP50: 100.0000 | AP70: 60.2013 
UAV_SEQS_71 | mAP50:90: 13.6577 | AP50: 45.3833 | AP70: 8.5999 
UAV_SEQS_73 | mAP50:90: 29.8377 | AP50: 59.5624 | AP70: 32.3834 
UAV_SEQS_74 | mAP50:90: 87.2263 | AP50: 100.0000 | AP70: 93.7184 
UAV_SEQS_77 | mAP50:90: 1.0268 | AP50: 2.9703 | AP70: 0.3300 
UAV_SEQS_8 | mAP50:90: 4.3363 | AP50: 8.9769 | AP70: 5.7030 
Overall            | mAP50:95: 43.7771 | AP50: 70.9214 | AP70: 45.1728 
epoch  7, iter    1: loss: 0.0106 | load time: 0.0040 | back time: 0.0808 | lr: 0.00009990 | best AP50 acc: 0.7092 | best AP70 acc: 0.4517 | best mAP acc: 0.4378 | best mAR acc: 0.5751 | best Score: 0.4378 | best Score epoch:  6 
epoch  7, iter   51: loss: 0.0110 | load time: 0.0004 | back time: 4.0169 | lr: 0.00009989 | best AP50 acc: 0.7092 | best AP70 acc: 0.4517 | best mAP acc: 0.4378 | best mAR acc: 0.5751 | best Score: 0.4378 | best Score epoch:  6 
epoch  7, iter  101: loss: 0.0226 | load time: 0.0003 | back time: 4.0142 | lr: 0.00009988 | best AP50 acc: 0.7092 | best AP70 acc: 0.4517 | best mAP acc: 0.4378 | best mAR acc: 0.5751 | best Score: 0.4378 | best Score epoch:  6 
epoch  7, iter  151: loss: 0.0101 | load time: 0.0003 | back time: 4.0057 | lr: 0.00009988 | best AP50 acc: 0.7092 | best AP70 acc: 0.4517 | best mAP acc: 0.4378 | best mAR acc: 0.5751 | best Score: 0.4378 | best Score epoch:  6 
epoch  7, iter  201: loss: 0.0121 | load time: 0.0002 | back time: 4.0080 | lr: 0.00009987 | best AP50 acc: 0.7092 | best AP70 acc: 0.4517 | best mAP acc: 0.4378 | best mAR acc: 0.5751 | best Score: 0.4378 | best Score epoch:  6 
epoch  7, iter  251: loss: 0.0097 | load time: 0.0004 | back time: 4.0062 | lr: 0.00009986 | best AP50 acc: 0.7092 | best AP70 acc: 0.4517 | best mAP acc: 0.4378 | best mAR acc: 0.5751 | best Score: 0.4378 | best Score epoch:  6 
epoch  7, iter  301: loss: 0.0113 | load time: 0.0003 | back time: 4.0098 | lr: 0.00009984 | best AP50 acc: 0.7092 | best AP70 acc: 0.4517 | best mAP acc: 0.4378 | best mAR acc: 0.5751 | best Score: 0.4378 | best Score epoch:  6 
epoch  7, iter  351: loss: 0.0167 | load time: 0.0002 | back time: 4.0139 | lr: 0.00009983 | best AP50 acc: 0.7092 | best AP70 acc: 0.4517 | best mAP acc: 0.4378 | best mAR acc: 0.5751 | best Score: 0.4378 | best Score epoch:  6 
epoch  7, iter  401: loss: 0.0108 | load time: 0.0003 | back time: 4.0124 | lr: 0.00009982 | best AP50 acc: 0.7092 | best AP70 acc: 0.4517 | best mAP acc: 0.4378 | best mAR acc: 0.5751 | best Score: 0.4378 | best Score epoch:  6 
epoch  7, iter  451: loss: 0.0109 | load time: 0.0004 | back time: 3.9845 | lr: 0.00009981 | best AP50 acc: 0.7092 | best AP70 acc: 0.4517 | best mAP acc: 0.4378 | best mAR acc: 0.5751 | best Score: 0.4378 | best Score epoch:  6 
epoch  7, iter  501: loss: 0.0161 | load time: 0.0002 | back time: 4.0104 | lr: 0.00009980 | best AP50 acc: 0.7092 | best AP70 acc: 0.4517 | best mAP acc: 0.4378 | best mAR acc: 0.5751 | best Score: 0.4378 | best Score epoch:  6 
epoch  7, iter  551: loss: 0.0113 | load time: 0.0002 | back time: 3.9909 | lr: 0.00009979 | best AP50 acc: 0.7092 | best AP70 acc: 0.4517 | best mAP acc: 0.4378 | best mAR acc: 0.5751 | best Score: 0.4378 | best Score epoch:  6 
epoch  7, iter  601: loss: 0.0173 | load time: 0.0003 | back time: 3.9881 | lr: 0.00009977 | best AP50 acc: 0.7092 | best AP70 acc: 0.4517 | best mAP acc: 0.4378 | best mAR acc: 0.5751 | best Score: 0.4378 | best Score epoch:  6 
epoch  7, iter  651: loss: 0.0107 | load time: 0.0003 | back time: 3.9950 | lr: 0.00009976 | best AP50 acc: 0.7092 | best AP70 acc: 0.4517 | best mAP acc: 0.4378 | best mAR acc: 0.5751 | best Score: 0.4378 | best Score epoch:  6 
epoch  7, iter  701: loss: 0.0104 | load time: 0.0002 | back time: 4.0597 | lr: 0.00009975 | best AP50 acc: 0.7092 | best AP70 acc: 0.4517 | best mAP acc: 0.4378 | best mAR acc: 0.5751 | best Score: 0.4378 | best Score epoch:  6 
epoch  7, iter  751: loss: 0.0103 | load time: 0.0002 | back time: 4.0136 | lr: 0.00009973 | best AP50 acc: 0.7092 | best AP70 acc: 0.4517 | best mAP acc: 0.4378 | best mAR acc: 0.5751 | best Score: 0.4378 | best Score epoch:  6 
epoch  7, iter  801: loss: 0.0137 | load time: 0.0002 | back time: 4.0147 | lr: 0.00009972 | best AP50 acc: 0.7092 | best AP70 acc: 0.4517 | best mAP acc: 0.4378 | best mAR acc: 0.5751 | best Score: 0.4378 | best Score epoch:  6 
epoch  7, iter  851: loss: 0.0099 | load time: 0.0003 | back time: 4.0136 | lr: 0.00009970 | best AP50 acc: 0.7092 | best AP70 acc: 0.4517 | best mAP acc: 0.4378 | best mAR acc: 0.5751 | best Score: 0.4378 | best Score epoch:  6 
epoch  7, iter  901: loss: 0.0104 | load time: 0.0003 | back time: 3.9955 | lr: 0.00009969 | best AP50 acc: 0.7092 | best AP70 acc: 0.4517 | best mAP acc: 0.4378 | best mAR acc: 0.5751 | best Score: 0.4378 | best Score epoch:  6 
epoch  7, iter  951: loss: 0.0095 | load time: 0.0002 | back time: 4.0154 | lr: 0.00009967 | best AP50 acc: 0.7092 | best AP70 acc: 0.4517 | best mAP acc: 0.4378 | best mAR acc: 0.5751 | best Score: 0.4378 | best Score epoch:  6 
epoch  7, iter 1001: loss: 0.0098 | load time: 0.0002 | back time: 3.9047 | lr: 0.00009966 | best AP50 acc: 0.7092 | best AP70 acc: 0.4517 | best mAP acc: 0.4378 | best mAR acc: 0.5751 | best Score: 0.4378 | best Score epoch:  6 
epoch  7, iter 1051: loss: 0.0098 | load time: 0.0002 | back time: 3.9221 | lr: 0.00009964 | best AP50 acc: 0.7092 | best AP70 acc: 0.4517 | best mAP acc: 0.4378 | best mAR acc: 0.5751 | best Score: 0.4378 | best Score epoch:  6 
epoch  7, iter 1101: loss: 0.0129 | load time: 0.0002 | back time: 3.9880 | lr: 0.00009963 | best AP50 acc: 0.7092 | best AP70 acc: 0.4517 | best mAP acc: 0.4378 | best mAR acc: 0.5751 | best Score: 0.4378 | best Score epoch:  6 
epoch  7, iter 1151: loss: 0.0101 | load time: 0.0002 | back time: 4.0418 | lr: 0.00009961 | best AP50 acc: 0.7092 | best AP70 acc: 0.4517 | best mAP acc: 0.4378 | best mAR acc: 0.5751 | best Score: 0.4378 | best Score epoch:  6 
UAV_SEQS_2 | mAP50:90: 46.9324 | AP50: 86.4240 | AP70: 51.0540 
UAV_SEQS_37 | mAP50:90: 94.1549 | AP50: 100.0000 | AP70: 98.4247 
UAV_SEQS_45 | mAP50:90: 42.1370 | AP50: 78.6852 | AP70: 39.9874 
UAV_SEQS_47 | mAP50:90: 57.9621 | AP50: 100.0000 | AP70: 63.3102 
UAV_SEQS_55 | mAP50:90: 39.9984 | AP50: 69.2039 | AP70: 44.6670 
UAV_SEQS_59 | mAP50:90: 55.5762 | AP50: 89.7152 | AP70: 64.6287 
UAV_SEQS_6 | mAP50:90: 46.3466 | AP50: 84.0776 | AP70: 48.1198 
UAV_SEQS_63 | mAP50:90: 35.9571 | AP50: 96.5416 | AP70: 18.3677 
UAV_SEQS_65 | mAP50:90: 88.1032 | AP50: 98.8119 | AP70: 90.5117 
UAV_SEQS_7 | mAP50:90: 59.4472 | AP50: 98.2376 | AP70: 54.5215 
UAV_SEQS_71 | mAP50:90: 32.2756 | AP50: 66.5723 | AP70: 28.6214 
UAV_SEQS_73 | mAP50:90: 43.0084 | AP50: 68.3376 | AP70: 45.7051 
UAV_SEQS_74 | mAP50:90: 99.6452 | AP50: 100.0000 | AP70: 100.0000 
UAV_SEQS_77 | mAP50:90: 0.0000 | AP50: 0.0000 | AP70: 0.0000 
UAV_SEQS_8 | mAP50:90: 19.2102 | AP50: 32.9241 | AP70: 21.5611 
Overall            | mAP50:95: 48.8259 | AP50: 78.3894 | AP70: 49.5658 
epoch  8, iter    1: loss: 0.0130 | load time: 0.0049 | back time: 0.0785 | lr: 0.00009961 | best AP50 acc: 0.7839 | best AP70 acc: 0.4957 | best mAP acc: 0.4883 | best mAR acc: 0.6203 | best Score: 0.4883 | best Score epoch:  7 
epoch  8, iter   51: loss: 0.0124 | load time: 0.0003 | back time: 3.9601 | lr: 0.00009959 | best AP50 acc: 0.7839 | best AP70 acc: 0.4957 | best mAP acc: 0.4883 | best mAR acc: 0.6203 | best Score: 0.4883 | best Score epoch:  7 
epoch  8, iter  101: loss: 0.0084 | load time: 0.0003 | back time: 4.0404 | lr: 0.00009957 | best AP50 acc: 0.7839 | best AP70 acc: 0.4957 | best mAP acc: 0.4883 | best mAR acc: 0.6203 | best Score: 0.4883 | best Score epoch:  7 
epoch  8, iter  151: loss: 0.0140 | load time: 0.0004 | back time: 4.0093 | lr: 0.00009956 | best AP50 acc: 0.7839 | best AP70 acc: 0.4957 | best mAP acc: 0.4883 | best mAR acc: 0.6203 | best Score: 0.4883 | best Score epoch:  7 
epoch  8, iter  201: loss: 0.0094 | load time: 0.0003 | back time: 3.9946 | lr: 0.00009954 | best AP50 acc: 0.7839 | best AP70 acc: 0.4957 | best mAP acc: 0.4883 | best mAR acc: 0.6203 | best Score: 0.4883 | best Score epoch:  7 
epoch  8, iter  251: loss: 0.0102 | load time: 0.0002 | back time: 4.0310 | lr: 0.00009952 | best AP50 acc: 0.7839 | best AP70 acc: 0.4957 | best mAP acc: 0.4883 | best mAR acc: 0.6203 | best Score: 0.4883 | best Score epoch:  7 
epoch  8, iter  301: loss: 0.0132 | load time: 0.0002 | back time: 4.0149 | lr: 0.00009950 | best AP50 acc: 0.7839 | best AP70 acc: 0.4957 | best mAP acc: 0.4883 | best mAR acc: 0.6203 | best Score: 0.4883 | best Score epoch:  7 
epoch  8, iter  351: loss: 0.0105 | load time: 0.0003 | back time: 4.0118 | lr: 0.00009948 | best AP50 acc: 0.7839 | best AP70 acc: 0.4957 | best mAP acc: 0.4883 | best mAR acc: 0.6203 | best Score: 0.4883 | best Score epoch:  7 
epoch  8, iter  401: loss: 0.0107 | load time: 0.0003 | back time: 3.9243 | lr: 0.00009946 | best AP50 acc: 0.7839 | best AP70 acc: 0.4957 | best mAP acc: 0.4883 | best mAR acc: 0.6203 | best Score: 0.4883 | best Score epoch:  7 
epoch  8, iter  451: loss: 0.0099 | load time: 0.0002 | back time: 3.9989 | lr: 0.00009944 | best AP50 acc: 0.7839 | best AP70 acc: 0.4957 | best mAP acc: 0.4883 | best mAR acc: 0.6203 | best Score: 0.4883 | best Score epoch:  7 
epoch  8, iter  501: loss: 0.0116 | load time: 0.0002 | back time: 4.0012 | lr: 0.00009942 | best AP50 acc: 0.7839 | best AP70 acc: 0.4957 | best mAP acc: 0.4883 | best mAR acc: 0.6203 | best Score: 0.4883 | best Score epoch:  7 
epoch  8, iter  551: loss: 0.0095 | load time: 0.0003 | back time: 4.0072 | lr: 0.00009940 | best AP50 acc: 0.7839 | best AP70 acc: 0.4957 | best mAP acc: 0.4883 | best mAR acc: 0.6203 | best Score: 0.4883 | best Score epoch:  7 
epoch  8, iter  601: loss: 0.0108 | load time: 0.0002 | back time: 4.0167 | lr: 0.00009938 | best AP50 acc: 0.7839 | best AP70 acc: 0.4957 | best mAP acc: 0.4883 | best mAR acc: 0.6203 | best Score: 0.4883 | best Score epoch:  7 
epoch  8, iter  651: loss: 0.0123 | load time: 0.0004 | back time: 3.9941 | lr: 0.00009936 | best AP50 acc: 0.7839 | best AP70 acc: 0.4957 | best mAP acc: 0.4883 | best mAR acc: 0.6203 | best Score: 0.4883 | best Score epoch:  7 
epoch  8, iter  701: loss: 0.0105 | load time: 0.0002 | back time: 4.0117 | lr: 0.00009934 | best AP50 acc: 0.7839 | best AP70 acc: 0.4957 | best mAP acc: 0.4883 | best mAR acc: 0.6203 | best Score: 0.4883 | best Score epoch:  7 
epoch  8, iter  751: loss: 0.0112 | load time: 0.0003 | back time: 4.0501 | lr: 0.00009931 | best AP50 acc: 0.7839 | best AP70 acc: 0.4957 | best mAP acc: 0.4883 | best mAR acc: 0.6203 | best Score: 0.4883 | best Score epoch:  7 
epoch  8, iter  801: loss: 0.0106 | load time: 0.0003 | back time: 3.9954 | lr: 0.00009929 | best AP50 acc: 0.7839 | best AP70 acc: 0.4957 | best mAP acc: 0.4883 | best mAR acc: 0.6203 | best Score: 0.4883 | best Score epoch:  7 
epoch  8, iter  851: loss: 0.0109 | load time: 0.0003 | back time: 4.0298 | lr: 0.00009927 | best AP50 acc: 0.7839 | best AP70 acc: 0.4957 | best mAP acc: 0.4883 | best mAR acc: 0.6203 | best Score: 0.4883 | best Score epoch:  7 
epoch  8, iter  901: loss: 0.0112 | load time: 0.0002 | back time: 4.0879 | lr: 0.00009925 | best AP50 acc: 0.7839 | best AP70 acc: 0.4957 | best mAP acc: 0.4883 | best mAR acc: 0.6203 | best Score: 0.4883 | best Score epoch:  7 
epoch  8, iter  951: loss: 0.0125 | load time: 0.0003 | back time: 4.0125 | lr: 0.00009922 | best AP50 acc: 0.7839 | best AP70 acc: 0.4957 | best mAP acc: 0.4883 | best mAR acc: 0.6203 | best Score: 0.4883 | best Score epoch:  7 
epoch  8, iter 1001: loss: 0.0090 | load time: 0.0003 | back time: 4.0161 | lr: 0.00009920 | best AP50 acc: 0.7839 | best AP70 acc: 0.4957 | best mAP acc: 0.4883 | best mAR acc: 0.6203 | best Score: 0.4883 | best Score epoch:  7 
epoch  8, iter 1051: loss: 0.0102 | load time: 0.0002 | back time: 4.0062 | lr: 0.00009917 | best AP50 acc: 0.7839 | best AP70 acc: 0.4957 | best mAP acc: 0.4883 | best mAR acc: 0.6203 | best Score: 0.4883 | best Score epoch:  7 
epoch  8, iter 1101: loss: 0.0096 | load time: 0.0003 | back time: 3.9983 | lr: 0.00009915 | best AP50 acc: 0.7839 | best AP70 acc: 0.4957 | best mAP acc: 0.4883 | best mAR acc: 0.6203 | best Score: 0.4883 | best Score epoch:  7 
epoch  8, iter 1151: loss: 0.0142 | load time: 0.0002 | back time: 4.0105 | lr: 0.00009912 | best AP50 acc: 0.7839 | best AP70 acc: 0.4957 | best mAP acc: 0.4883 | best mAR acc: 0.6203 | best Score: 0.4883 | best Score epoch:  7 
UAV_SEQS_2 | mAP50:90: 41.1672 | AP50: 78.0856 | AP70: 32.4430 
UAV_SEQS_37 | mAP50:90: 87.9537 | AP50: 100.0000 | AP70: 93.4298 
UAV_SEQS_45 | mAP50:90: 46.8615 | AP50: 83.7726 | AP70: 43.6068 
UAV_SEQS_47 | mAP50:90: 71.5844 | AP50: 97.0741 | AP70: 78.1878 
UAV_SEQS_55 | mAP50:90: 39.5011 | AP50: 74.3554 | AP70: 38.6084 
UAV_SEQS_59 | mAP50:90: 36.5142 | AP50: 79.0883 | AP70: 28.7062 
UAV_SEQS_6 | mAP50:90: 53.2878 | AP50: 91.5804 | AP70: 60.5886 
UAV_SEQS_63 | mAP50:90: 50.6753 | AP50: 92.7402 | AP70: 47.8334 
UAV_SEQS_65 | mAP50:90: 77.0124 | AP50: 93.6194 | AP70: 87.3420 
UAV_SEQS_7 | mAP50:90: 62.8945 | AP50: 99.9452 | AP70: 59.4477 
UAV_SEQS_71 | mAP50:90: 14.5127 | AP50: 40.0145 | AP70: 9.7674 
UAV_SEQS_73 | mAP50:90: 24.1926 | AP50: 47.2430 | AP70: 23.1372 
UAV_SEQS_74 | mAP50:90: 98.4349 | AP50: 100.0000 | AP70: 100.0000 
UAV_SEQS_77 | mAP50:90: 0.0000 | AP50: 0.0000 | AP70: 0.0000 
UAV_SEQS_8 | mAP50:90: 0.1124 | AP50: 0.3625 | AP70: 0.0343 
Overall            | mAP50:95: 44.0524 | AP50: 70.1809 | AP70: 44.1367 
epoch  9, iter    1: loss: 0.0112 | load time: 0.0081 | back time: 0.0888 | lr: 0.00009912 | best AP50 acc: 0.7839 | best AP70 acc: 0.4957 | best mAP acc: 0.4883 | best mAR acc: 0.6203 | best Score: 0.4883 | best Score epoch:  7 
epoch  9, iter   51: loss: 0.0091 | load time: 0.0002 | back time: 3.9940 | lr: 0.00009910 | best AP50 acc: 0.7839 | best AP70 acc: 0.4957 | best mAP acc: 0.4883 | best mAR acc: 0.6203 | best Score: 0.4883 | best Score epoch:  7 
epoch  9, iter  101: loss: 0.0091 | load time: 0.0005 | back time: 3.9907 | lr: 0.00009907 | best AP50 acc: 0.7839 | best AP70 acc: 0.4957 | best mAP acc: 0.4883 | best mAR acc: 0.6203 | best Score: 0.4883 | best Score epoch:  7 
epoch  9, iter  151: loss: 0.0097 | load time: 0.0003 | back time: 3.9919 | lr: 0.00009905 | best AP50 acc: 0.7839 | best AP70 acc: 0.4957 | best mAP acc: 0.4883 | best mAR acc: 0.6203 | best Score: 0.4883 | best Score epoch:  7 
epoch  9, iter  201: loss: 0.0092 | load time: 0.0003 | back time: 4.0397 | lr: 0.00009902 | best AP50 acc: 0.7839 | best AP70 acc: 0.4957 | best mAP acc: 0.4883 | best mAR acc: 0.6203 | best Score: 0.4883 | best Score epoch:  7 
epoch  9, iter  251: loss: 0.0099 | load time: 0.0003 | back time: 4.0158 | lr: 0.00009899 | best AP50 acc: 0.7839 | best AP70 acc: 0.4957 | best mAP acc: 0.4883 | best mAR acc: 0.6203 | best Score: 0.4883 | best Score epoch:  7 
epoch  9, iter  301: loss: 0.0105 | load time: 0.0002 | back time: 4.0105 | lr: 0.00009896 | best AP50 acc: 0.7839 | best AP70 acc: 0.4957 | best mAP acc: 0.4883 | best mAR acc: 0.6203 | best Score: 0.4883 | best Score epoch:  7 
epoch  9, iter  351: loss: 0.0131 | load time: 0.0003 | back time: 4.0145 | lr: 0.00009894 | best AP50 acc: 0.7839 | best AP70 acc: 0.4957 | best mAP acc: 0.4883 | best mAR acc: 0.6203 | best Score: 0.4883 | best Score epoch:  7 
epoch  9, iter  401: loss: 0.0106 | load time: 0.0004 | back time: 4.0193 | lr: 0.00009891 | best AP50 acc: 0.7839 | best AP70 acc: 0.4957 | best mAP acc: 0.4883 | best mAR acc: 0.6203 | best Score: 0.4883 | best Score epoch:  7 
epoch  9, iter  451: loss: 0.0132 | load time: 0.0005 | back time: 4.0179 | lr: 0.00009888 | best AP50 acc: 0.7839 | best AP70 acc: 0.4957 | best mAP acc: 0.4883 | best mAR acc: 0.6203 | best Score: 0.4883 | best Score epoch:  7 
epoch  9, iter  501: loss: 0.0100 | load time: 0.0002 | back time: 4.0178 | lr: 0.00009885 | best AP50 acc: 0.7839 | best AP70 acc: 0.4957 | best mAP acc: 0.4883 | best mAR acc: 0.6203 | best Score: 0.4883 | best Score epoch:  7 
epoch  9, iter  551: loss: 0.0109 | load time: 0.0002 | back time: 4.0070 | lr: 0.00009882 | best AP50 acc: 0.7839 | best AP70 acc: 0.4957 | best mAP acc: 0.4883 | best mAR acc: 0.6203 | best Score: 0.4883 | best Score epoch:  7 
epoch  9, iter  601: loss: 0.0096 | load time: 0.0002 | back time: 4.0190 | lr: 0.00009879 | best AP50 acc: 0.7839 | best AP70 acc: 0.4957 | best mAP acc: 0.4883 | best mAR acc: 0.6203 | best Score: 0.4883 | best Score epoch:  7 
epoch  9, iter  651: loss: 0.0106 | load time: 0.0004 | back time: 3.9957 | lr: 0.00009876 | best AP50 acc: 0.7839 | best AP70 acc: 0.4957 | best mAP acc: 0.4883 | best mAR acc: 0.6203 | best Score: 0.4883 | best Score epoch:  7 
epoch  9, iter  701: loss: 0.0094 | load time: 0.0004 | back time: 4.0109 | lr: 0.00009873 | best AP50 acc: 0.7839 | best AP70 acc: 0.4957 | best mAP acc: 0.4883 | best mAR acc: 0.6203 | best Score: 0.4883 | best Score epoch:  7 
epoch  9, iter  751: loss: 0.0102 | load time: 0.0003 | back time: 4.0112 | lr: 0.00009870 | best AP50 acc: 0.7839 | best AP70 acc: 0.4957 | best mAP acc: 0.4883 | best mAR acc: 0.6203 | best Score: 0.4883 | best Score epoch:  7 
epoch  9, iter  801: loss: 0.0113 | load time: 0.0004 | back time: 3.9872 | lr: 0.00009867 | best AP50 acc: 0.7839 | best AP70 acc: 0.4957 | best mAP acc: 0.4883 | best mAR acc: 0.6203 | best Score: 0.4883 | best Score epoch:  7 
epoch  9, iter  851: loss: 0.0098 | load time: 0.0002 | back time: 3.9872 | lr: 0.00009864 | best AP50 acc: 0.7839 | best AP70 acc: 0.4957 | best mAP acc: 0.4883 | best mAR acc: 0.6203 | best Score: 0.4883 | best Score epoch:  7 
epoch  9, iter  901: loss: 0.0102 | load time: 0.0003 | back time: 4.0023 | lr: 0.00009861 | best AP50 acc: 0.7839 | best AP70 acc: 0.4957 | best mAP acc: 0.4883 | best mAR acc: 0.6203 | best Score: 0.4883 | best Score epoch:  7 
epoch  9, iter  951: loss: 0.0135 | load time: 0.0002 | back time: 4.0053 | lr: 0.00009858 | best AP50 acc: 0.7839 | best AP70 acc: 0.4957 | best mAP acc: 0.4883 | best mAR acc: 0.6203 | best Score: 0.4883 | best Score epoch:  7 
epoch  9, iter 1001: loss: 0.0117 | load time: 0.0002 | back time: 4.0057 | lr: 0.00009854 | best AP50 acc: 0.7839 | best AP70 acc: 0.4957 | best mAP acc: 0.4883 | best mAR acc: 0.6203 | best Score: 0.4883 | best Score epoch:  7 
epoch  9, iter 1051: loss: 0.0103 | load time: 0.0002 | back time: 4.0071 | lr: 0.00009851 | best AP50 acc: 0.7839 | best AP70 acc: 0.4957 | best mAP acc: 0.4883 | best mAR acc: 0.6203 | best Score: 0.4883 | best Score epoch:  7 
epoch  9, iter 1101: loss: 0.0097 | load time: 0.0002 | back time: 3.8783 | lr: 0.00009848 | best AP50 acc: 0.7839 | best AP70 acc: 0.4957 | best mAP acc: 0.4883 | best mAR acc: 0.6203 | best Score: 0.4883 | best Score epoch:  7 
epoch  9, iter 1151: loss: 0.0094 | load time: 0.0005 | back time: 3.9182 | lr: 0.00009845 | best AP50 acc: 0.7839 | best AP70 acc: 0.4957 | best mAP acc: 0.4883 | best mAR acc: 0.6203 | best Score: 0.4883 | best Score epoch:  7 
UAV_SEQS_2 | mAP50:90: 26.8427 | AP50: 60.5053 | AP70: 25.6697 
UAV_SEQS_37 | mAP50:90: 85.1408 | AP50: 100.0000 | AP70: 90.3981 
UAV_SEQS_45 | mAP50:90: 36.5402 | AP50: 76.2259 | AP70: 27.2033 
UAV_SEQS_47 | mAP50:90: 71.2859 | AP50: 97.5727 | AP70: 85.9221 
UAV_SEQS_55 | mAP50:90: 35.6888 | AP50: 64.8384 | AP70: 38.8579 
UAV_SEQS_59 | mAP50:90: 33.1033 | AP50: 79.1447 | AP70: 27.0792 
UAV_SEQS_6 | mAP50:90: 57.1720 | AP50: 91.2638 | AP70: 63.9703 
UAV_SEQS_63 | mAP50:90: 72.5785 | AP50: 97.6303 | AP70: 96.1998 
UAV_SEQS_65 | mAP50:90: 76.1794 | AP50: 92.0379 | AP70: 81.5830 
UAV_SEQS_7 | mAP50:90: 89.4370 | AP50: 100.0000 | AP70: 100.0000 
UAV_SEQS_71 | mAP50:90: 20.0275 | AP50: 53.5855 | AP70: 10.7114 
UAV_SEQS_73 | mAP50:90: 20.2996 | AP50: 49.6083 | AP70: 16.9320 
UAV_SEQS_74 | mAP50:90: 95.6693 | AP50: 100.0000 | AP70: 100.0000 
UAV_SEQS_77 | mAP50:90: 0.0000 | AP50: 0.0000 | AP70: 0.0000 
UAV_SEQS_8 | mAP50:90: 0.0077 | AP50: 0.0347 | AP70: 0.0000 
Overall            | mAP50:95: 45.2103 | AP50: 68.9095 | AP70: 47.6671 
epoch 10, iter    1: loss: 0.0103 | load time: 0.0066 | back time: 0.0858 | lr: 0.00009844 | best AP50 acc: 0.7839 | best AP70 acc: 0.4957 | best mAP acc: 0.4883 | best mAR acc: 0.6203 | best Score: 0.4883 | best Score epoch:  7 
epoch 10, iter   51: loss: 0.0098 | load time: 0.0004 | back time: 3.9452 | lr: 0.00009841 | best AP50 acc: 0.7839 | best AP70 acc: 0.4957 | best mAP acc: 0.4883 | best mAR acc: 0.6203 | best Score: 0.4883 | best Score epoch:  7 
epoch 10, iter  101: loss: 0.0094 | load time: 0.0002 | back time: 3.9944 | lr: 0.00009838 | best AP50 acc: 0.7839 | best AP70 acc: 0.4957 | best mAP acc: 0.4883 | best mAR acc: 0.6203 | best Score: 0.4883 | best Score epoch:  7 
epoch 10, iter  151: loss: 0.0106 | load time: 0.0002 | back time: 4.0727 | lr: 0.00009834 | best AP50 acc: 0.7839 | best AP70 acc: 0.4957 | best mAP acc: 0.4883 | best mAR acc: 0.6203 | best Score: 0.4883 | best Score epoch:  7 
epoch 10, iter  201: loss: 0.0105 | load time: 0.0003 | back time: 4.0132 | lr: 0.00009831 | best AP50 acc: 0.7839 | best AP70 acc: 0.4957 | best mAP acc: 0.4883 | best mAR acc: 0.6203 | best Score: 0.4883 | best Score epoch:  7 
epoch 10, iter  251: loss: 0.0087 | load time: 0.0002 | back time: 4.0308 | lr: 0.00009827 | best AP50 acc: 0.7839 | best AP70 acc: 0.4957 | best mAP acc: 0.4883 | best mAR acc: 0.6203 | best Score: 0.4883 | best Score epoch:  7 
epoch 10, iter  301: loss: 0.0104 | load time: 0.0003 | back time: 4.0052 | lr: 0.00009824 | best AP50 acc: 0.7839 | best AP70 acc: 0.4957 | best mAP acc: 0.4883 | best mAR acc: 0.6203 | best Score: 0.4883 | best Score epoch:  7 
epoch 10, iter  351: loss: 0.0083 | load time: 0.0002 | back time: 4.0109 | lr: 0.00009820 | best AP50 acc: 0.7839 | best AP70 acc: 0.4957 | best mAP acc: 0.4883 | best mAR acc: 0.6203 | best Score: 0.4883 | best Score epoch:  7 
epoch 10, iter  401: loss: 0.0095 | load time: 0.0002 | back time: 4.0188 | lr: 0.00009816 | best AP50 acc: 0.7839 | best AP70 acc: 0.4957 | best mAP acc: 0.4883 | best mAR acc: 0.6203 | best Score: 0.4883 | best Score epoch:  7 
epoch 10, iter  451: loss: 0.0098 | load time: 0.0002 | back time: 4.0135 | lr: 0.00009813 | best AP50 acc: 0.7839 | best AP70 acc: 0.4957 | best mAP acc: 0.4883 | best mAR acc: 0.6203 | best Score: 0.4883 | best Score epoch:  7 
epoch 10, iter  501: loss: 0.0089 | load time: 0.0002 | back time: 4.0216 | lr: 0.00009809 | best AP50 acc: 0.7839 | best AP70 acc: 0.4957 | best mAP acc: 0.4883 | best mAR acc: 0.6203 | best Score: 0.4883 | best Score epoch:  7 
epoch 10, iter  551: loss: 0.0085 | load time: 0.0004 | back time: 4.0130 | lr: 0.00009805 | best AP50 acc: 0.7839 | best AP70 acc: 0.4957 | best mAP acc: 0.4883 | best mAR acc: 0.6203 | best Score: 0.4883 | best Score epoch:  7 
epoch 10, iter  601: loss: 0.0100 | load time: 0.0004 | back time: 4.0223 | lr: 0.00009802 | best AP50 acc: 0.7839 | best AP70 acc: 0.4957 | best mAP acc: 0.4883 | best mAR acc: 0.6203 | best Score: 0.4883 | best Score epoch:  7 
epoch 10, iter  651: loss: 0.0109 | load time: 0.0003 | back time: 3.9870 | lr: 0.00009798 | best AP50 acc: 0.7839 | best AP70 acc: 0.4957 | best mAP acc: 0.4883 | best mAR acc: 0.6203 | best Score: 0.4883 | best Score epoch:  7 
epoch 10, iter  701: loss: 0.0105 | load time: 0.0002 | back time: 3.9951 | lr: 0.00009794 | best AP50 acc: 0.7839 | best AP70 acc: 0.4957 | best mAP acc: 0.4883 | best mAR acc: 0.6203 | best Score: 0.4883 | best Score epoch:  7 
epoch 10, iter  751: loss: 0.0122 | load time: 0.0003 | back time: 3.9874 | lr: 0.00009790 | best AP50 acc: 0.7839 | best AP70 acc: 0.4957 | best mAP acc: 0.4883 | best mAR acc: 0.6203 | best Score: 0.4883 | best Score epoch:  7 
epoch 10, iter  801: loss: 0.0093 | load time: 0.0003 | back time: 4.0759 | lr: 0.00009786 | best AP50 acc: 0.7839 | best AP70 acc: 0.4957 | best mAP acc: 0.4883 | best mAR acc: 0.6203 | best Score: 0.4883 | best Score epoch:  7 
epoch 10, iter  851: loss: 0.0113 | load time: 0.0002 | back time: 3.9941 | lr: 0.00009782 | best AP50 acc: 0.7839 | best AP70 acc: 0.4957 | best mAP acc: 0.4883 | best mAR acc: 0.6203 | best Score: 0.4883 | best Score epoch:  7 
epoch 10, iter  901: loss: 0.0102 | load time: 0.0003 | back time: 3.9867 | lr: 0.00009778 | best AP50 acc: 0.7839 | best AP70 acc: 0.4957 | best mAP acc: 0.4883 | best mAR acc: 0.6203 | best Score: 0.4883 | best Score epoch:  7 
epoch 10, iter  951: loss: 0.0111 | load time: 0.0002 | back time: 3.9954 | lr: 0.00009774 | best AP50 acc: 0.7839 | best AP70 acc: 0.4957 | best mAP acc: 0.4883 | best mAR acc: 0.6203 | best Score: 0.4883 | best Score epoch:  7 
epoch 10, iter 1001: loss: 0.0101 | load time: 0.0003 | back time: 3.9919 | lr: 0.00009770 | best AP50 acc: 0.7839 | best AP70 acc: 0.4957 | best mAP acc: 0.4883 | best mAR acc: 0.6203 | best Score: 0.4883 | best Score epoch:  7 
epoch 10, iter 1051: loss: 0.0092 | load time: 0.0002 | back time: 3.9937 | lr: 0.00009766 | best AP50 acc: 0.7839 | best AP70 acc: 0.4957 | best mAP acc: 0.4883 | best mAR acc: 0.6203 | best Score: 0.4883 | best Score epoch:  7 
epoch 10, iter 1101: loss: 0.0084 | load time: 0.0002 | back time: 3.9947 | lr: 0.00009762 | best AP50 acc: 0.7839 | best AP70 acc: 0.4957 | best mAP acc: 0.4883 | best mAR acc: 0.6203 | best Score: 0.4883 | best Score epoch:  7 
epoch 10, iter 1151: loss: 0.0098 | load time: 0.0004 | back time: 3.9889 | lr: 0.00009758 | best AP50 acc: 0.7839 | best AP70 acc: 0.4957 | best mAP acc: 0.4883 | best mAR acc: 0.6203 | best Score: 0.4883 | best Score epoch:  7 
UAV_SEQS_2 | mAP50:90: 63.2140 | AP50: 90.0297 | AP70: 71.8283 
UAV_SEQS_37 | mAP50:90: 94.7801 | AP50: 100.0000 | AP70: 98.1485 
UAV_SEQS_45 | mAP50:90: 39.0269 | AP50: 85.1545 | AP70: 35.7820 
UAV_SEQS_47 | mAP50:90: 39.2561 | AP50: 94.9648 | AP70: 31.5487 
UAV_SEQS_55 | mAP50:90: 32.0735 | AP50: 55.2302 | AP70: 36.2366 
UAV_SEQS_59 | mAP50:90: 32.8431 | AP50: 64.8845 | AP70: 32.2772 
UAV_SEQS_6 | mAP50:90: 32.4562 | AP50: 72.3698 | AP70: 27.6716 
UAV_SEQS_63 | mAP50:90: 22.4373 | AP50: 91.1007 | AP70: 5.6502 
UAV_SEQS_65 | mAP50:90: 82.3731 | AP50: 98.8148 | AP70: 93.7686 
UAV_SEQS_7 | mAP50:90: 36.0804 | AP50: 87.6659 | AP70: 36.4389 
UAV_SEQS_71 | mAP50:90: 31.6900 | AP50: 70.6203 | AP70: 24.1419 
UAV_SEQS_73 | mAP50:90: 40.8737 | AP50: 70.8482 | AP70: 41.8187 
UAV_SEQS_74 | mAP50:90: 100.0000 | AP50: 100.0000 | AP70: 100.0000 
UAV_SEQS_77 | mAP50:90: 0.0000 | AP50: 0.0000 | AP70: 0.0000 
UAV_SEQS_8 | mAP50:90: 5.7683 | AP50: 13.9436 | AP70: 5.9200 
Overall            | mAP50:95: 37.9013 | AP50: 72.5440 | AP70: 36.1286 
epoch 11, iter    1: loss: 0.0086 | load time: 0.0063 | back time: 0.0791 | lr: 0.00009758 | best AP50 acc: 0.7839 | best AP70 acc: 0.4957 | best mAP acc: 0.4883 | best mAR acc: 0.6203 | best Score: 0.4883 | best Score epoch:  7 
epoch 11, iter   51: loss: 0.0093 | load time: 0.0004 | back time: 4.0061 | lr: 0.00009753 | best AP50 acc: 0.7839 | best AP70 acc: 0.4957 | best mAP acc: 0.4883 | best mAR acc: 0.6203 | best Score: 0.4883 | best Score epoch:  7 
epoch 11, iter  101: loss: 0.0099 | load time: 0.0004 | back time: 4.0208 | lr: 0.00009749 | best AP50 acc: 0.7839 | best AP70 acc: 0.4957 | best mAP acc: 0.4883 | best mAR acc: 0.6203 | best Score: 0.4883 | best Score epoch:  7 
epoch 11, iter  151: loss: 0.0083 | load time: 0.0003 | back time: 4.0022 | lr: 0.00009745 | best AP50 acc: 0.7839 | best AP70 acc: 0.4957 | best mAP acc: 0.4883 | best mAR acc: 0.6203 | best Score: 0.4883 | best Score epoch:  7 
epoch 11, iter  201: loss: 0.0090 | load time: 0.0004 | back time: 4.0021 | lr: 0.00009741 | best AP50 acc: 0.7839 | best AP70 acc: 0.4957 | best mAP acc: 0.4883 | best mAR acc: 0.6203 | best Score: 0.4883 | best Score epoch:  7 
epoch 11, iter  251: loss: 0.0100 | load time: 0.0002 | back time: 3.9920 | lr: 0.00009736 | best AP50 acc: 0.7839 | best AP70 acc: 0.4957 | best mAP acc: 0.4883 | best mAR acc: 0.6203 | best Score: 0.4883 | best Score epoch:  7 
epoch 11, iter  301: loss: 0.0090 | load time: 0.0002 | back time: 4.0060 | lr: 0.00009732 | best AP50 acc: 0.7839 | best AP70 acc: 0.4957 | best mAP acc: 0.4883 | best mAR acc: 0.6203 | best Score: 0.4883 | best Score epoch:  7 
epoch 11, iter  351: loss: 0.0088 | load time: 0.0005 | back time: 3.9897 | lr: 0.00009728 | best AP50 acc: 0.7839 | best AP70 acc: 0.4957 | best mAP acc: 0.4883 | best mAR acc: 0.6203 | best Score: 0.4883 | best Score epoch:  7 
epoch 11, iter  401: loss: 0.0107 | load time: 0.0003 | back time: 4.0200 | lr: 0.00009723 | best AP50 acc: 0.7839 | best AP70 acc: 0.4957 | best mAP acc: 0.4883 | best mAR acc: 0.6203 | best Score: 0.4883 | best Score epoch:  7 
epoch 11, iter  451: loss: 0.0086 | load time: 0.0002 | back time: 4.0054 | lr: 0.00009719 | best AP50 acc: 0.7839 | best AP70 acc: 0.4957 | best mAP acc: 0.4883 | best mAR acc: 0.6203 | best Score: 0.4883 | best Score epoch:  7 
epoch 11, iter  501: loss: 0.0089 | load time: 0.0003 | back time: 3.9899 | lr: 0.00009714 | best AP50 acc: 0.7839 | best AP70 acc: 0.4957 | best mAP acc: 0.4883 | best mAR acc: 0.6203 | best Score: 0.4883 | best Score epoch:  7 
epoch 11, iter  551: loss: 0.0088 | load time: 0.0002 | back time: 3.9434 | lr: 0.00009710 | best AP50 acc: 0.7839 | best AP70 acc: 0.4957 | best mAP acc: 0.4883 | best mAR acc: 0.6203 | best Score: 0.4883 | best Score epoch:  7 
epoch 11, iter  601: loss: 0.0099 | load time: 0.0003 | back time: 4.0130 | lr: 0.00009705 | best AP50 acc: 0.7839 | best AP70 acc: 0.4957 | best mAP acc: 0.4883 | best mAR acc: 0.6203 | best Score: 0.4883 | best Score epoch:  7 
epoch 11, iter  651: loss: 0.0102 | load time: 0.0018 | back time: 4.0144 | lr: 0.00009700 | best AP50 acc: 0.7839 | best AP70 acc: 0.4957 | best mAP acc: 0.4883 | best mAR acc: 0.6203 | best Score: 0.4883 | best Score epoch:  7 
epoch 11, iter  701: loss: 0.0086 | load time: 0.0002 | back time: 4.0639 | lr: 0.00009696 | best AP50 acc: 0.7839 | best AP70 acc: 0.4957 | best mAP acc: 0.4883 | best mAR acc: 0.6203 | best Score: 0.4883 | best Score epoch:  7 
epoch 11, iter  751: loss: 0.0098 | load time: 0.0002 | back time: 4.0094 | lr: 0.00009691 | best AP50 acc: 0.7839 | best AP70 acc: 0.4957 | best mAP acc: 0.4883 | best mAR acc: 0.6203 | best Score: 0.4883 | best Score epoch:  7 
epoch 11, iter  801: loss: 0.0093 | load time: 0.0004 | back time: 4.0381 | lr: 0.00009686 | best AP50 acc: 0.7839 | best AP70 acc: 0.4957 | best mAP acc: 0.4883 | best mAR acc: 0.6203 | best Score: 0.4883 | best Score epoch:  7 
epoch 11, iter  851: loss: 0.0092 | load time: 0.0002 | back time: 4.0079 | lr: 0.00009682 | best AP50 acc: 0.7839 | best AP70 acc: 0.4957 | best mAP acc: 0.4883 | best mAR acc: 0.6203 | best Score: 0.4883 | best Score epoch:  7 
epoch 11, iter  901: loss: 0.0106 | load time: 0.0003 | back time: 4.0184 | lr: 0.00009677 | best AP50 acc: 0.7839 | best AP70 acc: 0.4957 | best mAP acc: 0.4883 | best mAR acc: 0.6203 | best Score: 0.4883 | best Score epoch:  7 
epoch 11, iter  951: loss: 0.0102 | load time: 0.0004 | back time: 4.0593 | lr: 0.00009672 | best AP50 acc: 0.7839 | best AP70 acc: 0.4957 | best mAP acc: 0.4883 | best mAR acc: 0.6203 | best Score: 0.4883 | best Score epoch:  7 
epoch 11, iter 1001: loss: 0.0086 | load time: 0.0004 | back time: 4.0196 | lr: 0.00009667 | best AP50 acc: 0.7839 | best AP70 acc: 0.4957 | best mAP acc: 0.4883 | best mAR acc: 0.6203 | best Score: 0.4883 | best Score epoch:  7 
epoch 11, iter 1051: loss: 0.0090 | load time: 0.0002 | back time: 4.0223 | lr: 0.00009662 | best AP50 acc: 0.7839 | best AP70 acc: 0.4957 | best mAP acc: 0.4883 | best mAR acc: 0.6203 | best Score: 0.4883 | best Score epoch:  7 
epoch 11, iter 1101: loss: 0.0097 | load time: 0.0002 | back time: 4.0245 | lr: 0.00009657 | best AP50 acc: 0.7839 | best AP70 acc: 0.4957 | best mAP acc: 0.4883 | best mAR acc: 0.6203 | best Score: 0.4883 | best Score epoch:  7 
epoch 11, iter 1151: loss: 0.0094 | load time: 0.0002 | back time: 4.0217 | lr: 0.00009652 | best AP50 acc: 0.7839 | best AP70 acc: 0.4957 | best mAP acc: 0.4883 | best mAR acc: 0.6203 | best Score: 0.4883 | best Score epoch:  7 
UAV_SEQS_2 | mAP50:90: 35.8276 | AP50: 61.7726 | AP70: 34.8946 
UAV_SEQS_37 | mAP50:90: 88.3640 | AP50: 100.0000 | AP70: 90.3255 
UAV_SEQS_45 | mAP50:90: 72.0873 | AP50: 100.0000 | AP70: 75.7893 
UAV_SEQS_47 | mAP50:90: 71.1036 | AP50: 100.0000 | AP70: 80.9470 
UAV_SEQS_55 | mAP50:90: 37.9614 | AP50: 62.6258 | AP70: 48.0164 
UAV_SEQS_59 | mAP50:90: 66.5093 | AP50: 97.0919 | AP70: 70.4940 
UAV_SEQS_6 | mAP50:90: 39.5462 | AP50: 80.7327 | AP70: 35.3895 
UAV_SEQS_63 | mAP50:90: 28.5681 | AP50: 98.8046 | AP70: 8.2310 
UAV_SEQS_65 | mAP50:90: 82.7142 | AP50: 95.5827 | AP70: 88.4486 
UAV_SEQS_7 | mAP50:90: 59.2616 | AP50: 99.0099 | AP70: 53.4032 
UAV_SEQS_71 | mAP50:90: 39.5909 | AP50: 78.0969 | AP70: 33.4659 
UAV_SEQS_73 | mAP50:90: 39.7955 | AP50: 67.7644 | AP70: 38.7900 
UAV_SEQS_74 | mAP50:90: 99.7485 | AP50: 100.0000 | AP70: 100.0000 
UAV_SEQS_77 | mAP50:90: 0.0000 | AP50: 0.0000 | AP70: 0.0000 
UAV_SEQS_8 | mAP50:90: 5.0500 | AP50: 11.0413 | AP70: 5.4525 
Overall            | mAP50:95: 49.5342 | AP50: 77.9223 | AP70: 49.5971 
epoch 12, iter    1: loss: 0.0090 | load time: 0.0058 | back time: 0.0802 | lr: 0.00009652 | best AP50 acc: 0.7792 | best AP70 acc: 0.4960 | best mAP acc: 0.4953 | best mAR acc: 0.6138 | best Score: 0.4953 | best Score epoch: 11 
epoch 12, iter   51: loss: 0.0091 | load time: 0.0004 | back time: 4.0327 | lr: 0.00009647 | best AP50 acc: 0.7792 | best AP70 acc: 0.4960 | best mAP acc: 0.4953 | best mAR acc: 0.6138 | best Score: 0.4953 | best Score epoch: 11 
epoch 12, iter  101: loss: 0.0084 | load time: 0.0003 | back time: 4.0067 | lr: 0.00009642 | best AP50 acc: 0.7792 | best AP70 acc: 0.4960 | best mAP acc: 0.4953 | best mAR acc: 0.6138 | best Score: 0.4953 | best Score epoch: 11 
epoch 12, iter  151: loss: 0.0101 | load time: 0.0003 | back time: 4.0062 | lr: 0.00009637 | best AP50 acc: 0.7792 | best AP70 acc: 0.4960 | best mAP acc: 0.4953 | best mAR acc: 0.6138 | best Score: 0.4953 | best Score epoch: 11 
epoch 12, iter  201: loss: 0.0101 | load time: 0.0003 | back time: 4.0140 | lr: 0.00009632 | best AP50 acc: 0.7792 | best AP70 acc: 0.4960 | best mAP acc: 0.4953 | best mAR acc: 0.6138 | best Score: 0.4953 | best Score epoch: 11 
epoch 12, iter  251: loss: 0.0086 | load time: 0.0003 | back time: 4.0213 | lr: 0.00009627 | best AP50 acc: 0.7792 | best AP70 acc: 0.4960 | best mAP acc: 0.4953 | best mAR acc: 0.6138 | best Score: 0.4953 | best Score epoch: 11 
epoch 12, iter  301: loss: 0.0096 | load time: 0.0002 | back time: 4.0187 | lr: 0.00009622 | best AP50 acc: 0.7792 | best AP70 acc: 0.4960 | best mAP acc: 0.4953 | best mAR acc: 0.6138 | best Score: 0.4953 | best Score epoch: 11 
epoch 12, iter  351: loss: 0.0106 | load time: 0.0002 | back time: 4.0266 | lr: 0.00009617 | best AP50 acc: 0.7792 | best AP70 acc: 0.4960 | best mAP acc: 0.4953 | best mAR acc: 0.6138 | best Score: 0.4953 | best Score epoch: 11 
epoch 12, iter  401: loss: 0.0090 | load time: 0.0002 | back time: 4.0187 | lr: 0.00009611 | best AP50 acc: 0.7792 | best AP70 acc: 0.4960 | best mAP acc: 0.4953 | best mAR acc: 0.6138 | best Score: 0.4953 | best Score epoch: 11 
epoch 12, iter  451: loss: 0.0085 | load time: 0.0002 | back time: 4.0309 | lr: 0.00009606 | best AP50 acc: 0.7792 | best AP70 acc: 0.4960 | best mAP acc: 0.4953 | best mAR acc: 0.6138 | best Score: 0.4953 | best Score epoch: 11 
epoch 12, iter  501: loss: 0.0095 | load time: 0.0003 | back time: 4.0180 | lr: 0.00009601 | best AP50 acc: 0.7792 | best AP70 acc: 0.4960 | best mAP acc: 0.4953 | best mAR acc: 0.6138 | best Score: 0.4953 | best Score epoch: 11 
epoch 12, iter  551: loss: 0.0093 | load time: 0.0004 | back time: 4.0338 | lr: 0.00009596 | best AP50 acc: 0.7792 | best AP70 acc: 0.4960 | best mAP acc: 0.4953 | best mAR acc: 0.6138 | best Score: 0.4953 | best Score epoch: 11 
epoch 12, iter  601: loss: 0.0095 | load time: 0.0003 | back time: 4.0193 | lr: 0.00009590 | best AP50 acc: 0.7792 | best AP70 acc: 0.4960 | best mAP acc: 0.4953 | best mAR acc: 0.6138 | best Score: 0.4953 | best Score epoch: 11 
epoch 12, iter  651: loss: 0.0087 | load time: 0.0002 | back time: 4.0181 | lr: 0.00009585 | best AP50 acc: 0.7792 | best AP70 acc: 0.4960 | best mAP acc: 0.4953 | best mAR acc: 0.6138 | best Score: 0.4953 | best Score epoch: 11 
epoch 12, iter  701: loss: 0.0090 | load time: 0.0002 | back time: 4.0272 | lr: 0.00009579 | best AP50 acc: 0.7792 | best AP70 acc: 0.4960 | best mAP acc: 0.4953 | best mAR acc: 0.6138 | best Score: 0.4953 | best Score epoch: 11 
epoch 12, iter  751: loss: 0.0094 | load time: 0.0003 | back time: 4.0278 | lr: 0.00009574 | best AP50 acc: 0.7792 | best AP70 acc: 0.4960 | best mAP acc: 0.4953 | best mAR acc: 0.6138 | best Score: 0.4953 | best Score epoch: 11 
epoch 12, iter  801: loss: 0.0089 | load time: 0.0002 | back time: 4.0074 | lr: 0.00009568 | best AP50 acc: 0.7792 | best AP70 acc: 0.4960 | best mAP acc: 0.4953 | best mAR acc: 0.6138 | best Score: 0.4953 | best Score epoch: 11 
epoch 12, iter  851: loss: 0.0093 | load time: 0.0003 | back time: 4.0313 | lr: 0.00009563 | best AP50 acc: 0.7792 | best AP70 acc: 0.4960 | best mAP acc: 0.4953 | best mAR acc: 0.6138 | best Score: 0.4953 | best Score epoch: 11 
epoch 12, iter  901: loss: 0.0104 | load time: 0.0002 | back time: 4.0278 | lr: 0.00009557 | best AP50 acc: 0.7792 | best AP70 acc: 0.4960 | best mAP acc: 0.4953 | best mAR acc: 0.6138 | best Score: 0.4953 | best Score epoch: 11 
epoch 12, iter  951: loss: 0.0094 | load time: 0.0003 | back time: 4.0181 | lr: 0.00009552 | best AP50 acc: 0.7792 | best AP70 acc: 0.4960 | best mAP acc: 0.4953 | best mAR acc: 0.6138 | best Score: 0.4953 | best Score epoch: 11 
epoch 12, iter 1001: loss: 0.0097 | load time: 0.0003 | back time: 4.0162 | lr: 0.00009546 | best AP50 acc: 0.7792 | best AP70 acc: 0.4960 | best mAP acc: 0.4953 | best mAR acc: 0.6138 | best Score: 0.4953 | best Score epoch: 11 
epoch 12, iter 1051: loss: 0.0108 | load time: 0.0003 | back time: 3.9830 | lr: 0.00009540 | best AP50 acc: 0.7792 | best AP70 acc: 0.4960 | best mAP acc: 0.4953 | best mAR acc: 0.6138 | best Score: 0.4953 | best Score epoch: 11 
epoch 12, iter 1101: loss: 0.0115 | load time: 0.0003 | back time: 3.9730 | lr: 0.00009535 | best AP50 acc: 0.7792 | best AP70 acc: 0.4960 | best mAP acc: 0.4953 | best mAR acc: 0.6138 | best Score: 0.4953 | best Score epoch: 11 
epoch 12, iter 1151: loss: 0.0094 | load time: 0.0002 | back time: 3.9817 | lr: 0.00009529 | best AP50 acc: 0.7792 | best AP70 acc: 0.4960 | best mAP acc: 0.4953 | best mAR acc: 0.6138 | best Score: 0.4953 | best Score epoch: 11 
UAV_SEQS_2 | mAP50:90: 44.4754 | AP50: 77.5676 | AP70: 36.4637 
UAV_SEQS_37 | mAP50:90: 93.3064 | AP50: 99.0099 | AP70: 97.2118 
UAV_SEQS_45 | mAP50:90: 43.0486 | AP50: 86.3396 | AP70: 43.4915 
UAV_SEQS_47 | mAP50:90: 56.5436 | AP50: 100.0000 | AP70: 62.1110 
UAV_SEQS_55 | mAP50:90: 37.6592 | AP50: 62.8271 | AP70: 40.9752 
UAV_SEQS_59 | mAP50:90: 46.2914 | AP50: 78.4257 | AP70: 51.3658 
UAV_SEQS_6 | mAP50:90: 69.9832 | AP50: 97.2943 | AP70: 78.1378 
UAV_SEQS_63 | mAP50:90: 23.1014 | AP50: 49.5050 | AP70: 26.2686 
UAV_SEQS_65 | mAP50:90: 82.1599 | AP50: 93.2627 | AP70: 87.9758 
UAV_SEQS_7 | mAP50:90: 47.6386 | AP50: 81.4557 | AP70: 51.7795 
UAV_SEQS_71 | mAP50:90: 27.9426 | AP50: 63.2271 | AP70: 25.3941 
UAV_SEQS_73 | mAP50:90: 32.3067 | AP50: 61.0097 | AP70: 30.6062 
UAV_SEQS_74 | mAP50:90: 98.2824 | AP50: 100.0000 | AP70: 100.0000 
UAV_SEQS_77 | mAP50:90: 0.0000 | AP50: 0.0000 | AP70: 0.0000 
UAV_SEQS_8 | mAP50:90: 0.0048 | AP50: 0.0388 | AP70: 0.0000 
Overall            | mAP50:95: 44.9503 | AP50: 68.1692 | AP70: 48.1193 
epoch 13, iter    1: loss: 0.0091 | load time: 0.0088 | back time: 0.1476 | lr: 0.00009529 | best AP50 acc: 0.7792 | best AP70 acc: 0.4960 | best mAP acc: 0.4953 | best mAR acc: 0.6138 | best Score: 0.4953 | best Score epoch: 11 
epoch 13, iter   51: loss: 0.0094 | load time: 0.0002 | back time: 3.9518 | lr: 0.00009523 | best AP50 acc: 0.7792 | best AP70 acc: 0.4960 | best mAP acc: 0.4953 | best mAR acc: 0.6138 | best Score: 0.4953 | best Score epoch: 11 
epoch 13, iter  101: loss: 0.0086 | load time: 0.0002 | back time: 4.0019 | lr: 0.00009517 | best AP50 acc: 0.7792 | best AP70 acc: 0.4960 | best mAP acc: 0.4953 | best mAR acc: 0.6138 | best Score: 0.4953 | best Score epoch: 11 
epoch 13, iter  151: loss: 0.0108 | load time: 0.0003 | back time: 4.0052 | lr: 0.00009511 | best AP50 acc: 0.7792 | best AP70 acc: 0.4960 | best mAP acc: 0.4953 | best mAR acc: 0.6138 | best Score: 0.4953 | best Score epoch: 11 
epoch 13, iter  201: loss: 0.0092 | load time: 0.0003 | back time: 4.0136 | lr: 0.00009506 | best AP50 acc: 0.7792 | best AP70 acc: 0.4960 | best mAP acc: 0.4953 | best mAR acc: 0.6138 | best Score: 0.4953 | best Score epoch: 11 
epoch 13, iter  251: loss: 0.0085 | load time: 0.0003 | back time: 4.0034 | lr: 0.00009500 | best AP50 acc: 0.7792 | best AP70 acc: 0.4960 | best mAP acc: 0.4953 | best mAR acc: 0.6138 | best Score: 0.4953 | best Score epoch: 11 
epoch 13, iter  301: loss: 0.0098 | load time: 0.0002 | back time: 4.0079 | lr: 0.00009494 | best AP50 acc: 0.7792 | best AP70 acc: 0.4960 | best mAP acc: 0.4953 | best mAR acc: 0.6138 | best Score: 0.4953 | best Score epoch: 11 
epoch 13, iter  351: loss: 0.0086 | load time: 0.0003 | back time: 3.9742 | lr: 0.00009488 | best AP50 acc: 0.7792 | best AP70 acc: 0.4960 | best mAP acc: 0.4953 | best mAR acc: 0.6138 | best Score: 0.4953 | best Score epoch: 11 
epoch 13, iter  401: loss: 0.0094 | load time: 0.0003 | back time: 4.0085 | lr: 0.00009482 | best AP50 acc: 0.7792 | best AP70 acc: 0.4960 | best mAP acc: 0.4953 | best mAR acc: 0.6138 | best Score: 0.4953 | best Score epoch: 11 
epoch 13, iter  451: loss: 0.0085 | load time: 0.0002 | back time: 4.0219 | lr: 0.00009476 | best AP50 acc: 0.7792 | best AP70 acc: 0.4960 | best mAP acc: 0.4953 | best mAR acc: 0.6138 | best Score: 0.4953 | best Score epoch: 11 
epoch 13, iter  501: loss: 0.0081 | load time: 0.0002 | back time: 3.9992 | lr: 0.00009470 | best AP50 acc: 0.7792 | best AP70 acc: 0.4960 | best mAP acc: 0.4953 | best mAR acc: 0.6138 | best Score: 0.4953 | best Score epoch: 11 
epoch 13, iter  551: loss: 0.0088 | load time: 0.0004 | back time: 4.0272 | lr: 0.00009464 | best AP50 acc: 0.7792 | best AP70 acc: 0.4960 | best mAP acc: 0.4953 | best mAR acc: 0.6138 | best Score: 0.4953 | best Score epoch: 11 
epoch 13, iter  601: loss: 0.0094 | load time: 0.0002 | back time: 4.0487 | lr: 0.00009457 | best AP50 acc: 0.7792 | best AP70 acc: 0.4960 | best mAP acc: 0.4953 | best mAR acc: 0.6138 | best Score: 0.4953 | best Score epoch: 11 
epoch 13, iter  651: loss: 0.0087 | load time: 0.0001 | back time: 3.9917 | lr: 0.00009451 | best AP50 acc: 0.7792 | best AP70 acc: 0.4960 | best mAP acc: 0.4953 | best mAR acc: 0.6138 | best Score: 0.4953 | best Score epoch: 11 
epoch 13, iter  701: loss: 0.0080 | load time: 0.0002 | back time: 4.0378 | lr: 0.00009445 | best AP50 acc: 0.7792 | best AP70 acc: 0.4960 | best mAP acc: 0.4953 | best mAR acc: 0.6138 | best Score: 0.4953 | best Score epoch: 11 
epoch 13, iter  751: loss: 0.0090 | load time: 0.0004 | back time: 4.0232 | lr: 0.00009439 | best AP50 acc: 0.7792 | best AP70 acc: 0.4960 | best mAP acc: 0.4953 | best mAR acc: 0.6138 | best Score: 0.4953 | best Score epoch: 11 
epoch 13, iter  801: loss: 0.0088 | load time: 0.0003 | back time: 4.0062 | lr: 0.00009433 | best AP50 acc: 0.7792 | best AP70 acc: 0.4960 | best mAP acc: 0.4953 | best mAR acc: 0.6138 | best Score: 0.4953 | best Score epoch: 11 
epoch 13, iter  851: loss: 0.0089 | load time: 0.0003 | back time: 4.0034 | lr: 0.00009426 | best AP50 acc: 0.7792 | best AP70 acc: 0.4960 | best mAP acc: 0.4953 | best mAR acc: 0.6138 | best Score: 0.4953 | best Score epoch: 11 
epoch 13, iter  901: loss: 0.0095 | load time: 0.0002 | back time: 4.0096 | lr: 0.00009420 | best AP50 acc: 0.7792 | best AP70 acc: 0.4960 | best mAP acc: 0.4953 | best mAR acc: 0.6138 | best Score: 0.4953 | best Score epoch: 11 
epoch 13, iter  951: loss: 0.0087 | load time: 0.0003 | back time: 3.9982 | lr: 0.00009414 | best AP50 acc: 0.7792 | best AP70 acc: 0.4960 | best mAP acc: 0.4953 | best mAR acc: 0.6138 | best Score: 0.4953 | best Score epoch: 11 
epoch 13, iter 1001: loss: 0.0085 | load time: 0.0005 | back time: 4.0309 | lr: 0.00009407 | best AP50 acc: 0.7792 | best AP70 acc: 0.4960 | best mAP acc: 0.4953 | best mAR acc: 0.6138 | best Score: 0.4953 | best Score epoch: 11 
epoch 13, iter 1051: loss: 0.0084 | load time: 0.0003 | back time: 4.0284 | lr: 0.00009401 | best AP50 acc: 0.7792 | best AP70 acc: 0.4960 | best mAP acc: 0.4953 | best mAR acc: 0.6138 | best Score: 0.4953 | best Score epoch: 11 
epoch 13, iter 1101: loss: 0.0091 | load time: 0.0002 | back time: 4.0418 | lr: 0.00009394 | best AP50 acc: 0.7792 | best AP70 acc: 0.4960 | best mAP acc: 0.4953 | best mAR acc: 0.6138 | best Score: 0.4953 | best Score epoch: 11 
epoch 13, iter 1151: loss: 0.0083 | load time: 0.0002 | back time: 4.0301 | lr: 0.00009388 | best AP50 acc: 0.7792 | best AP70 acc: 0.4960 | best mAP acc: 0.4953 | best mAR acc: 0.6138 | best Score: 0.4953 | best Score epoch: 11 
UAV_SEQS_2 | mAP50:90: 34.7331 | AP50: 82.1919 | AP70: 34.1850 
UAV_SEQS_37 | mAP50:90: 93.9132 | AP50: 100.0000 | AP70: 98.8218 
UAV_SEQS_45 | mAP50:90: 21.2505 | AP50: 51.6260 | AP70: 15.1034 
UAV_SEQS_47 | mAP50:90: 54.9044 | AP50: 91.6358 | AP70: 59.3859 
UAV_SEQS_55 | mAP50:90: 35.3724 | AP50: 60.4752 | AP70: 39.3642 
UAV_SEQS_59 | mAP50:90: 19.6642 | AP50: 54.6313 | AP70: 13.0814 
UAV_SEQS_6 | mAP50:90: 80.3986 | AP50: 97.0297 | AP70: 88.7868 
UAV_SEQS_63 | mAP50:90: 26.7242 | AP50: 96.5001 | AP70: 11.1840 
UAV_SEQS_65 | mAP50:90: 65.9462 | AP50: 94.4866 | AP70: 84.5765 
UAV_SEQS_7 | mAP50:90: 91.7039 | AP50: 100.0000 | AP70: 100.0000 
UAV_SEQS_71 | mAP50:90: 14.3516 | AP50: 39.6039 | AP70: 8.7387 
UAV_SEQS_73 | mAP50:90: 26.1933 | AP50: 51.2138 | AP70: 24.8772 
UAV_SEQS_74 | mAP50:90: 91.1305 | AP50: 100.0000 | AP70: 96.3074 
UAV_SEQS_77 | mAP50:90: 0.0000 | AP50: 0.0000 | AP70: 0.0000 
UAV_SEQS_8 | mAP50:90: 0.5041 | AP50: 2.2686 | AP70: 0.0000 
Overall            | mAP50:95: 39.7222 | AP50: 64.1640 | AP70: 40.6516 
epoch 14, iter    1: loss: 0.0089 | load time: 0.0079 | back time: 0.0815 | lr: 0.00009388 | best AP50 acc: 0.7792 | best AP70 acc: 0.4960 | best mAP acc: 0.4953 | best mAR acc: 0.6138 | best Score: 0.4953 | best Score epoch: 11 
epoch 14, iter   51: loss: 0.0090 | load time: 0.0003 | back time: 3.9907 | lr: 0.00009381 | best AP50 acc: 0.7792 | best AP70 acc: 0.4960 | best mAP acc: 0.4953 | best mAR acc: 0.6138 | best Score: 0.4953 | best Score epoch: 11 
epoch 14, iter  101: loss: 0.0087 | load time: 0.0003 | back time: 4.0080 | lr: 0.00009375 | best AP50 acc: 0.7792 | best AP70 acc: 0.4960 | best mAP acc: 0.4953 | best mAR acc: 0.6138 | best Score: 0.4953 | best Score epoch: 11 
epoch 14, iter  151: loss: 0.0088 | load time: 0.0003 | back time: 4.0086 | lr: 0.00009368 | best AP50 acc: 0.7792 | best AP70 acc: 0.4960 | best mAP acc: 0.4953 | best mAR acc: 0.6138 | best Score: 0.4953 | best Score epoch: 11 
epoch 14, iter  201: loss: 0.0086 | load time: 0.0003 | back time: 4.0286 | lr: 0.00009361 | best AP50 acc: 0.7792 | best AP70 acc: 0.4960 | best mAP acc: 0.4953 | best mAR acc: 0.6138 | best Score: 0.4953 | best Score epoch: 11 
epoch 14, iter  251: loss: 0.0085 | load time: 0.0004 | back time: 4.0571 | lr: 0.00009355 | best AP50 acc: 0.7792 | best AP70 acc: 0.4960 | best mAP acc: 0.4953 | best mAR acc: 0.6138 | best Score: 0.4953 | best Score epoch: 11 
epoch 14, iter  301: loss: 0.0091 | load time: 0.0002 | back time: 4.0234 | lr: 0.00009348 | best AP50 acc: 0.7792 | best AP70 acc: 0.4960 | best mAP acc: 0.4953 | best mAR acc: 0.6138 | best Score: 0.4953 | best Score epoch: 11 
epoch 14, iter  351: loss: 0.0086 | load time: 0.0002 | back time: 4.0080 | lr: 0.00009341 | best AP50 acc: 0.7792 | best AP70 acc: 0.4960 | best mAP acc: 0.4953 | best mAR acc: 0.6138 | best Score: 0.4953 | best Score epoch: 11 
epoch 14, iter  401: loss: 0.0091 | load time: 0.0003 | back time: 4.1303 | lr: 0.00009335 | best AP50 acc: 0.7792 | best AP70 acc: 0.4960 | best mAP acc: 0.4953 | best mAR acc: 0.6138 | best Score: 0.4953 | best Score epoch: 11 
epoch 14, iter  451: loss: 0.0085 | load time: 0.0003 | back time: 4.0232 | lr: 0.00009328 | best AP50 acc: 0.7792 | best AP70 acc: 0.4960 | best mAP acc: 0.4953 | best mAR acc: 0.6138 | best Score: 0.4953 | best Score epoch: 11 
epoch 14, iter  501: loss: 0.0087 | load time: 0.0002 | back time: 4.0897 | lr: 0.00009321 | best AP50 acc: 0.7792 | best AP70 acc: 0.4960 | best mAP acc: 0.4953 | best mAR acc: 0.6138 | best Score: 0.4953 | best Score epoch: 11 
epoch 14, iter  551: loss: 0.0088 | load time: 0.0002 | back time: 4.0369 | lr: 0.00009314 | best AP50 acc: 0.7792 | best AP70 acc: 0.4960 | best mAP acc: 0.4953 | best mAR acc: 0.6138 | best Score: 0.4953 | best Score epoch: 11 
epoch 14, iter  601: loss: 0.0082 | load time: 0.0003 | back time: 3.9401 | lr: 0.00009307 | best AP50 acc: 0.7792 | best AP70 acc: 0.4960 | best mAP acc: 0.4953 | best mAR acc: 0.6138 | best Score: 0.4953 | best Score epoch: 11 
epoch 14, iter  651: loss: 0.0084 | load time: 0.0003 | back time: 3.8947 | lr: 0.00009300 | best AP50 acc: 0.7792 | best AP70 acc: 0.4960 | best mAP acc: 0.4953 | best mAR acc: 0.6138 | best Score: 0.4953 | best Score epoch: 11 
epoch 14, iter  701: loss: 0.0087 | load time: 0.0002 | back time: 3.9975 | lr: 0.00009293 | best AP50 acc: 0.7792 | best AP70 acc: 0.4960 | best mAP acc: 0.4953 | best mAR acc: 0.6138 | best Score: 0.4953 | best Score epoch: 11 
epoch 14, iter  751: loss: 0.0086 | load time: 0.0003 | back time: 4.0048 | lr: 0.00009286 | best AP50 acc: 0.7792 | best AP70 acc: 0.4960 | best mAP acc: 0.4953 | best mAR acc: 0.6138 | best Score: 0.4953 | best Score epoch: 11 
epoch 14, iter  801: loss: 0.0093 | load time: 0.0003 | back time: 3.9746 | lr: 0.00009279 | best AP50 acc: 0.7792 | best AP70 acc: 0.4960 | best mAP acc: 0.4953 | best mAR acc: 0.6138 | best Score: 0.4953 | best Score epoch: 11 
epoch 14, iter  851: loss: 0.0091 | load time: 0.0002 | back time: 4.0188 | lr: 0.00009272 | best AP50 acc: 0.7792 | best AP70 acc: 0.4960 | best mAP acc: 0.4953 | best mAR acc: 0.6138 | best Score: 0.4953 | best Score epoch: 11 
epoch 14, iter  901: loss: 0.0084 | load time: 0.0003 | back time: 4.0100 | lr: 0.00009265 | best AP50 acc: 0.7792 | best AP70 acc: 0.4960 | best mAP acc: 0.4953 | best mAR acc: 0.6138 | best Score: 0.4953 | best Score epoch: 11 
epoch 14, iter  951: loss: 0.0085 | load time: 0.0003 | back time: 4.0141 | lr: 0.00009258 | best AP50 acc: 0.7792 | best AP70 acc: 0.4960 | best mAP acc: 0.4953 | best mAR acc: 0.6138 | best Score: 0.4953 | best Score epoch: 11 
epoch 14, iter 1001: loss: 0.0099 | load time: 0.0002 | back time: 4.0202 | lr: 0.00009251 | best AP50 acc: 0.7792 | best AP70 acc: 0.4960 | best mAP acc: 0.4953 | best mAR acc: 0.6138 | best Score: 0.4953 | best Score epoch: 11 
epoch 14, iter 1051: loss: 0.0096 | load time: 0.0002 | back time: 4.2007 | lr: 0.00009244 | best AP50 acc: 0.7792 | best AP70 acc: 0.4960 | best mAP acc: 0.4953 | best mAR acc: 0.6138 | best Score: 0.4953 | best Score epoch: 11 
epoch 14, iter 1101: loss: 0.0084 | load time: 0.0002 | back time: 3.9819 | lr: 0.00009237 | best AP50 acc: 0.7792 | best AP70 acc: 0.4960 | best mAP acc: 0.4953 | best mAR acc: 0.6138 | best Score: 0.4953 | best Score epoch: 11 
epoch 14, iter 1151: loss: 0.0096 | load time: 0.0001 | back time: 3.9787 | lr: 0.00009230 | best AP50 acc: 0.7792 | best AP70 acc: 0.4960 | best mAP acc: 0.4953 | best mAR acc: 0.6138 | best Score: 0.4953 | best Score epoch: 11 
UAV_SEQS_2 | mAP50:90: 43.3021 | AP50: 71.6489 | AP70: 45.1406 
UAV_SEQS_37 | mAP50:90: 97.3290 | AP50: 100.0000 | AP70: 99.0066 
UAV_SEQS_45 | mAP50:90: 18.8172 | AP50: 56.0488 | AP70: 11.3815 
UAV_SEQS_47 | mAP50:90: 26.8150 | AP50: 68.2079 | AP70: 26.0098 
UAV_SEQS_55 | mAP50:90: 28.2327 | AP50: 52.5309 | AP70: 25.7362 
UAV_SEQS_59 | mAP50:90: 32.7340 | AP50: 64.7055 | AP70: 29.4799 
UAV_SEQS_6 | mAP50:90: 66.3942 | AP50: 100.0000 | AP70: 73.8878 
UAV_SEQS_63 | mAP50:90: 37.1540 | AP50: 94.1188 | AP70: 37.9814 
UAV_SEQS_65 | mAP50:90: 65.3174 | AP50: 91.7692 | AP70: 74.6053 
UAV_SEQS_7 | mAP50:90: 52.1426 | AP50: 97.0297 | AP70: 41.4485 
UAV_SEQS_71 | mAP50:90: 24.2295 | AP50: 56.8484 | AP70: 20.1066 
UAV_SEQS_73 | mAP50:90: 37.7648 | AP50: 71.4188 | AP70: 32.9478 
UAV_SEQS_74 | mAP50:90: 98.5061 | AP50: 100.0000 | AP70: 100.0000 
UAV_SEQS_77 | mAP50:90: 0.0000 | AP50: 0.0000 | AP70: 0.0000 
UAV_SEQS_8 | mAP50:90: 6.7046 | AP50: 19.1783 | AP70: 4.5941 
Overall            | mAP50:95: 36.3818 | AP50: 66.5517 | AP70: 35.2740 
epoch 15, iter    1: loss: 0.0089 | load time: 0.0054 | back time: 0.0896 | lr: 0.00009229 | best AP50 acc: 0.7792 | best AP70 acc: 0.4960 | best mAP acc: 0.4953 | best mAR acc: 0.6138 | best Score: 0.4953 | best Score epoch: 11 
epoch 15, iter   51: loss: 0.0083 | load time: 0.0003 | back time: 4.0484 | lr: 0.00009222 | best AP50 acc: 0.7792 | best AP70 acc: 0.4960 | best mAP acc: 0.4953 | best mAR acc: 0.6138 | best Score: 0.4953 | best Score epoch: 11 
epoch 15, iter  101: loss: 0.0081 | load time: 0.0005 | back time: 3.9950 | lr: 0.00009215 | best AP50 acc: 0.7792 | best AP70 acc: 0.4960 | best mAP acc: 0.4953 | best mAR acc: 0.6138 | best Score: 0.4953 | best Score epoch: 11 
epoch 15, iter  151: loss: 0.0082 | load time: 0.0004 | back time: 4.0289 | lr: 0.00009207 | best AP50 acc: 0.7792 | best AP70 acc: 0.4960 | best mAP acc: 0.4953 | best mAR acc: 0.6138 | best Score: 0.4953 | best Score epoch: 11 
epoch 15, iter  201: loss: 0.0084 | load time: 0.0004 | back time: 4.0327 | lr: 0.00009200 | best AP50 acc: 0.7792 | best AP70 acc: 0.4960 | best mAP acc: 0.4953 | best mAR acc: 0.6138 | best Score: 0.4953 | best Score epoch: 11 
epoch 15, iter  251: loss: 0.0086 | load time: 0.0008 | back time: 4.0097 | lr: 0.00009193 | best AP50 acc: 0.7792 | best AP70 acc: 0.4960 | best mAP acc: 0.4953 | best mAR acc: 0.6138 | best Score: 0.4953 | best Score epoch: 11 
epoch 15, iter  301: loss: 0.0083 | load time: 0.0003 | back time: 4.0259 | lr: 0.00009185 | best AP50 acc: 0.7792 | best AP70 acc: 0.4960 | best mAP acc: 0.4953 | best mAR acc: 0.6138 | best Score: 0.4953 | best Score epoch: 11 
epoch 15, iter  351: loss: 0.0089 | load time: 0.0003 | back time: 4.0335 | lr: 0.00009178 | best AP50 acc: 0.7792 | best AP70 acc: 0.4960 | best mAP acc: 0.4953 | best mAR acc: 0.6138 | best Score: 0.4953 | best Score epoch: 11 
epoch 15, iter  401: loss: 0.0085 | load time: 0.0002 | back time: 4.0264 | lr: 0.00009170 | best AP50 acc: 0.7792 | best AP70 acc: 0.4960 | best mAP acc: 0.4953 | best mAR acc: 0.6138 | best Score: 0.4953 | best Score epoch: 11 
epoch 15, iter  451: loss: 0.0082 | load time: 0.0002 | back time: 4.0426 | lr: 0.00009163 | best AP50 acc: 0.7792 | best AP70 acc: 0.4960 | best mAP acc: 0.4953 | best mAR acc: 0.6138 | best Score: 0.4953 | best Score epoch: 11 
epoch 15, iter  501: loss: 0.0085 | load time: 0.0003 | back time: 4.0307 | lr: 0.00009155 | best AP50 acc: 0.7792 | best AP70 acc: 0.4960 | best mAP acc: 0.4953 | best mAR acc: 0.6138 | best Score: 0.4953 | best Score epoch: 11 
epoch 15, iter  551: loss: 0.0083 | load time: 0.0002 | back time: 4.0033 | lr: 0.00009148 | best AP50 acc: 0.7792 | best AP70 acc: 0.4960 | best mAP acc: 0.4953 | best mAR acc: 0.6138 | best Score: 0.4953 | best Score epoch: 11 
epoch 15, iter  601: loss: 0.0084 | load time: 0.0004 | back time: 4.0265 | lr: 0.00009140 | best AP50 acc: 0.7792 | best AP70 acc: 0.4960 | best mAP acc: 0.4953 | best mAR acc: 0.6138 | best Score: 0.4953 | best Score epoch: 11 
epoch 15, iter  651: loss: 0.0086 | load time: 0.0003 | back time: 4.0199 | lr: 0.00009133 | best AP50 acc: 0.7792 | best AP70 acc: 0.4960 | best mAP acc: 0.4953 | best mAR acc: 0.6138 | best Score: 0.4953 | best Score epoch: 11 
epoch 15, iter  701: loss: 0.0095 | load time: 0.0003 | back time: 4.0167 | lr: 0.00009125 | best AP50 acc: 0.7792 | best AP70 acc: 0.4960 | best mAP acc: 0.4953 | best mAR acc: 0.6138 | best Score: 0.4953 | best Score epoch: 11 
epoch 15, iter  751: loss: 0.0092 | load time: 0.0003 | back time: 4.0218 | lr: 0.00009117 | best AP50 acc: 0.7792 | best AP70 acc: 0.4960 | best mAP acc: 0.4953 | best mAR acc: 0.6138 | best Score: 0.4953 | best Score epoch: 11 
epoch 15, iter  801: loss: 0.0083 | load time: 0.0003 | back time: 4.0125 | lr: 0.00009110 | best AP50 acc: 0.7792 | best AP70 acc: 0.4960 | best mAP acc: 0.4953 | best mAR acc: 0.6138 | best Score: 0.4953 | best Score epoch: 11 
epoch 15, iter  851: loss: 0.0082 | load time: 0.0003 | back time: 4.0450 | lr: 0.00009102 | best AP50 acc: 0.7792 | best AP70 acc: 0.4960 | best mAP acc: 0.4953 | best mAR acc: 0.6138 | best Score: 0.4953 | best Score epoch: 11 
epoch 15, iter  901: loss: 0.0087 | load time: 0.0003 | back time: 4.0321 | lr: 0.00009094 | best AP50 acc: 0.7792 | best AP70 acc: 0.4960 | best mAP acc: 0.4953 | best mAR acc: 0.6138 | best Score: 0.4953 | best Score epoch: 11 
epoch 15, iter  951: loss: 0.0085 | load time: 0.0002 | back time: 4.0281 | lr: 0.00009086 | best AP50 acc: 0.7792 | best AP70 acc: 0.4960 | best mAP acc: 0.4953 | best mAR acc: 0.6138 | best Score: 0.4953 | best Score epoch: 11 
epoch 15, iter 1001: loss: 0.0085 | load time: 0.0002 | back time: 4.0094 | lr: 0.00009078 | best AP50 acc: 0.7792 | best AP70 acc: 0.4960 | best mAP acc: 0.4953 | best mAR acc: 0.6138 | best Score: 0.4953 | best Score epoch: 11 
epoch 15, iter 1051: loss: 0.0087 | load time: 0.0002 | back time: 4.0101 | lr: 0.00009071 | best AP50 acc: 0.7792 | best AP70 acc: 0.4960 | best mAP acc: 0.4953 | best mAR acc: 0.6138 | best Score: 0.4953 | best Score epoch: 11 
epoch 15, iter 1101: loss: 0.0090 | load time: 0.0003 | back time: 4.0055 | lr: 0.00009063 | best AP50 acc: 0.7792 | best AP70 acc: 0.4960 | best mAP acc: 0.4953 | best mAR acc: 0.6138 | best Score: 0.4953 | best Score epoch: 11 
epoch 15, iter 1151: loss: 0.0088 | load time: 0.0002 | back time: 4.0107 | lr: 0.00009055 | best AP50 acc: 0.7792 | best AP70 acc: 0.4960 | best mAP acc: 0.4953 | best mAR acc: 0.6138 | best Score: 0.4953 | best Score epoch: 11 
UAV_SEQS_2 | mAP50:90: 43.7280 | AP50: 70.3308 | AP70: 46.4418 
UAV_SEQS_37 | mAP50:90: 94.2895 | AP50: 100.0000 | AP70: 96.8893 
UAV_SEQS_45 | mAP50:90: 44.0762 | AP50: 86.3635 | AP70: 44.3007 
UAV_SEQS_47 | mAP50:90: 61.6574 | AP50: 100.0000 | AP70: 70.3562 
UAV_SEQS_55 | mAP50:90: 35.9209 | AP50: 63.1529 | AP70: 40.5717 
UAV_SEQS_59 | mAP50:90: 35.4838 | AP50: 70.7473 | AP70: 30.9399 
UAV_SEQS_6 | mAP50:90: 57.0767 | AP50: 98.2300 | AP70: 62.9417 
UAV_SEQS_63 | mAP50:90: 37.1758 | AP50: 100.0000 | AP70: 33.6539 
UAV_SEQS_65 | mAP50:90: 75.6153 | AP50: 95.6420 | AP70: 86.8548 
UAV_SEQS_7 | mAP50:90: 40.3997 | AP50: 85.6524 | AP70: 31.6040 
UAV_SEQS_71 | mAP50:90: 16.9231 | AP50: 42.4247 | AP70: 12.6455 
UAV_SEQS_73 | mAP50:90: 36.4517 | AP50: 73.5376 | AP70: 30.2674 
UAV_SEQS_74 | mAP50:90: 99.8626 | AP50: 100.0000 | AP70: 100.0000 
UAV_SEQS_77 | mAP50:90: 0.0000 | AP50: 0.0000 | AP70: 0.0000 
UAV_SEQS_8 | mAP50:90: 0.0982 | AP50: 0.3931 | AP70: 0.0299 
Overall            | mAP50:95: 39.9142 | AP50: 68.6108 | AP70: 40.2148 
epoch 16, iter    1: loss: 0.0085 | load time: 0.0058 | back time: 0.0900 | lr: 0.00009054 | best AP50 acc: 0.7792 | best AP70 acc: 0.4960 | best mAP acc: 0.4953 | best mAR acc: 0.6138 | best Score: 0.4953 | best Score epoch: 11 
epoch 16, iter   51: loss: 0.0080 | load time: 0.0002 | back time: 4.0402 | lr: 0.00009047 | best AP50 acc: 0.7792 | best AP70 acc: 0.4960 | best mAP acc: 0.4953 | best mAR acc: 0.6138 | best Score: 0.4953 | best Score epoch: 11 
epoch 16, iter  101: loss: 0.0082 | load time: 0.0003 | back time: 4.0412 | lr: 0.00009039 | best AP50 acc: 0.7792 | best AP70 acc: 0.4960 | best mAP acc: 0.4953 | best mAR acc: 0.6138 | best Score: 0.4953 | best Score epoch: 11 
epoch 16, iter  151: loss: 0.0085 | load time: 0.0003 | back time: 4.0428 | lr: 0.00009031 | best AP50 acc: 0.7792 | best AP70 acc: 0.4960 | best mAP acc: 0.4953 | best mAR acc: 0.6138 | best Score: 0.4953 | best Score epoch: 11 
epoch 16, iter  201: loss: 0.0094 | load time: 0.0002 | back time: 4.0482 | lr: 0.00009022 | best AP50 acc: 0.7792 | best AP70 acc: 0.4960 | best mAP acc: 0.4953 | best mAR acc: 0.6138 | best Score: 0.4953 | best Score epoch: 11 
epoch 16, iter  251: loss: 0.0074 | load time: 0.0002 | back time: 4.0172 | lr: 0.00009014 | best AP50 acc: 0.7792 | best AP70 acc: 0.4960 | best mAP acc: 0.4953 | best mAR acc: 0.6138 | best Score: 0.4953 | best Score epoch: 11 
epoch 16, iter  301: loss: 0.0087 | load time: 0.0002 | back time: 4.0749 | lr: 0.00009006 | best AP50 acc: 0.7792 | best AP70 acc: 0.4960 | best mAP acc: 0.4953 | best mAR acc: 0.6138 | best Score: 0.4953 | best Score epoch: 11 
epoch 16, iter  351: loss: 0.0076 | load time: 0.0002 | back time: 4.0318 | lr: 0.00008998 | best AP50 acc: 0.7792 | best AP70 acc: 0.4960 | best mAP acc: 0.4953 | best mAR acc: 0.6138 | best Score: 0.4953 | best Score epoch: 11 
epoch 16, iter  401: loss: 0.0085 | load time: 0.0002 | back time: 4.0351 | lr: 0.00008990 | best AP50 acc: 0.7792 | best AP70 acc: 0.4960 | best mAP acc: 0.4953 | best mAR acc: 0.6138 | best Score: 0.4953 | best Score epoch: 11 
epoch 16, iter  451: loss: 0.0085 | load time: 0.0002 | back time: 4.0121 | lr: 0.00008982 | best AP50 acc: 0.7792 | best AP70 acc: 0.4960 | best mAP acc: 0.4953 | best mAR acc: 0.6138 | best Score: 0.4953 | best Score epoch: 11 
epoch 16, iter  501: loss: 0.0086 | load time: 0.0003 | back time: 4.0084 | lr: 0.00008974 | best AP50 acc: 0.7792 | best AP70 acc: 0.4960 | best mAP acc: 0.4953 | best mAR acc: 0.6138 | best Score: 0.4953 | best Score epoch: 11 
epoch 16, iter  551: loss: 0.0088 | load time: 0.0002 | back time: 4.0096 | lr: 0.00008965 | best AP50 acc: 0.7792 | best AP70 acc: 0.4960 | best mAP acc: 0.4953 | best mAR acc: 0.6138 | best Score: 0.4953 | best Score epoch: 11 
epoch 16, iter  601: loss: 0.0085 | load time: 0.0002 | back time: 4.0176 | lr: 0.00008957 | best AP50 acc: 0.7792 | best AP70 acc: 0.4960 | best mAP acc: 0.4953 | best mAR acc: 0.6138 | best Score: 0.4953 | best Score epoch: 11 
epoch 16, iter  651: loss: 0.0086 | load time: 0.0002 | back time: 4.0150 | lr: 0.00008949 | best AP50 acc: 0.7792 | best AP70 acc: 0.4960 | best mAP acc: 0.4953 | best mAR acc: 0.6138 | best Score: 0.4953 | best Score epoch: 11 
epoch 16, iter  701: loss: 0.0087 | load time: 0.0002 | back time: 4.0221 | lr: 0.00008940 | best AP50 acc: 0.7792 | best AP70 acc: 0.4960 | best mAP acc: 0.4953 | best mAR acc: 0.6138 | best Score: 0.4953 | best Score epoch: 11 
epoch 16, iter  751: loss: 0.0086 | load time: 0.0002 | back time: 4.0178 | lr: 0.00008932 | best AP50 acc: 0.7792 | best AP70 acc: 0.4960 | best mAP acc: 0.4953 | best mAR acc: 0.6138 | best Score: 0.4953 | best Score epoch: 11 
epoch 16, iter  801: loss: 0.0082 | load time: 0.0003 | back time: 4.0042 | lr: 0.00008924 | best AP50 acc: 0.7792 | best AP70 acc: 0.4960 | best mAP acc: 0.4953 | best mAR acc: 0.6138 | best Score: 0.4953 | best Score epoch: 11 
epoch 16, iter  851: loss: 0.0095 | load time: 0.0004 | back time: 4.0128 | lr: 0.00008915 | best AP50 acc: 0.7792 | best AP70 acc: 0.4960 | best mAP acc: 0.4953 | best mAR acc: 0.6138 | best Score: 0.4953 | best Score epoch: 11 
epoch 16, iter  901: loss: 0.0090 | load time: 0.0003 | back time: 4.0172 | lr: 0.00008907 | best AP50 acc: 0.7792 | best AP70 acc: 0.4960 | best mAP acc: 0.4953 | best mAR acc: 0.6138 | best Score: 0.4953 | best Score epoch: 11 
epoch 16, iter  951: loss: 0.0087 | load time: 0.0003 | back time: 4.0079 | lr: 0.00008898 | best AP50 acc: 0.7792 | best AP70 acc: 0.4960 | best mAP acc: 0.4953 | best mAR acc: 0.6138 | best Score: 0.4953 | best Score epoch: 11 
epoch 16, iter 1001: loss: 0.0082 | load time: 0.0003 | back time: 4.0358 | lr: 0.00008890 | best AP50 acc: 0.7792 | best AP70 acc: 0.4960 | best mAP acc: 0.4953 | best mAR acc: 0.6138 | best Score: 0.4953 | best Score epoch: 11 
epoch 16, iter 1051: loss: 0.0089 | load time: 0.0003 | back time: 4.0264 | lr: 0.00008881 | best AP50 acc: 0.7792 | best AP70 acc: 0.4960 | best mAP acc: 0.4953 | best mAR acc: 0.6138 | best Score: 0.4953 | best Score epoch: 11 
epoch 16, iter 1101: loss: 0.0083 | load time: 0.0005 | back time: 4.0416 | lr: 0.00008873 | best AP50 acc: 0.7792 | best AP70 acc: 0.4960 | best mAP acc: 0.4953 | best mAR acc: 0.6138 | best Score: 0.4953 | best Score epoch: 11 
epoch 16, iter 1151: loss: 0.0081 | load time: 0.0002 | back time: 3.9326 | lr: 0.00008864 | best AP50 acc: 0.7792 | best AP70 acc: 0.4960 | best mAP acc: 0.4953 | best mAR acc: 0.6138 | best Score: 0.4953 | best Score epoch: 11 
UAV_SEQS_2 | mAP50:90: 43.3809 | AP50: 74.5498 | AP70: 39.9434 
UAV_SEQS_37 | mAP50:90: 93.8066 | AP50: 100.0000 | AP70: 98.6860 
UAV_SEQS_45 | mAP50:90: 39.5744 | AP50: 80.0904 | AP70: 37.1795 
UAV_SEQS_47 | mAP50:90: 61.8498 | AP50: 100.0000 | AP70: 74.5776 
UAV_SEQS_55 | mAP50:90: 39.0270 | AP50: 70.0992 | AP70: 44.1884 
UAV_SEQS_59 | mAP50:90: 49.6003 | AP50: 85.2575 | AP70: 50.5705 
UAV_SEQS_6 | mAP50:90: 66.7502 | AP50: 98.7592 | AP70: 74.1183 
UAV_SEQS_63 | mAP50:90: 66.2424 | AP50: 100.0000 | AP70: 92.6282 
UAV_SEQS_65 | mAP50:90: 77.8336 | AP50: 97.2147 | AP70: 89.4137 
UAV_SEQS_7 | mAP50:90: 80.2248 | AP50: 100.0000 | AP70: 98.4158 
UAV_SEQS_71 | mAP50:90: 26.4717 | AP50: 58.2107 | AP70: 24.5076 
UAV_SEQS_73 | mAP50:90: 37.2733 | AP50: 73.5803 | AP70: 28.2407 
UAV_SEQS_74 | mAP50:90: 99.0977 | AP50: 100.0000 | AP70: 100.0000 
UAV_SEQS_77 | mAP50:90: 0.0000 | AP50: 0.0000 | AP70: 0.0000 
UAV_SEQS_8 | mAP50:90: 0.2318 | AP50: 1.1838 | AP70: 0.0759 
Overall            | mAP50:95: 50.2837 | AP50: 74.7015 | AP70: 55.4061 
epoch 17, iter    1: loss: 0.0081 | load time: 0.0053 | back time: 0.0740 | lr: 0.00008864 | best AP50 acc: 0.7470 | best AP70 acc: 0.5541 | best mAP acc: 0.5028 | best mAR acc: 0.6169 | best Score: 0.5028 | best Score epoch: 16 
epoch 17, iter   51: loss: 0.0081 | load time: 0.0003 | back time: 4.0152 | lr: 0.00008855 | best AP50 acc: 0.7470 | best AP70 acc: 0.5541 | best mAP acc: 0.5028 | best mAR acc: 0.6169 | best Score: 0.5028 | best Score epoch: 16 
epoch 17, iter  101: loss: 0.0084 | load time: 0.0003 | back time: 4.0256 | lr: 0.00008847 | best AP50 acc: 0.7470 | best AP70 acc: 0.5541 | best mAP acc: 0.5028 | best mAR acc: 0.6169 | best Score: 0.5028 | best Score epoch: 16 
epoch 17, iter  151: loss: 0.0084 | load time: 0.0003 | back time: 4.0147 | lr: 0.00008838 | best AP50 acc: 0.7470 | best AP70 acc: 0.5541 | best mAP acc: 0.5028 | best mAR acc: 0.6169 | best Score: 0.5028 | best Score epoch: 16 
epoch 17, iter  201: loss: 0.0083 | load time: 0.0003 | back time: 4.0259 | lr: 0.00008829 | best AP50 acc: 0.7470 | best AP70 acc: 0.5541 | best mAP acc: 0.5028 | best mAR acc: 0.6169 | best Score: 0.5028 | best Score epoch: 16 
epoch 17, iter  251: loss: 0.0083 | load time: 0.0003 | back time: 4.0247 | lr: 0.00008820 | best AP50 acc: 0.7470 | best AP70 acc: 0.5541 | best mAP acc: 0.5028 | best mAR acc: 0.6169 | best Score: 0.5028 | best Score epoch: 16 
epoch 17, iter  301: loss: 0.0091 | load time: 0.0003 | back time: 4.0076 | lr: 0.00008812 | best AP50 acc: 0.7470 | best AP70 acc: 0.5541 | best mAP acc: 0.5028 | best mAR acc: 0.6169 | best Score: 0.5028 | best Score epoch: 16 
epoch 17, iter  351: loss: 0.0086 | load time: 0.0003 | back time: 4.0119 | lr: 0.00008803 | best AP50 acc: 0.7470 | best AP70 acc: 0.5541 | best mAP acc: 0.5028 | best mAR acc: 0.6169 | best Score: 0.5028 | best Score epoch: 16 
epoch 17, iter  401: loss: 0.0089 | load time: 0.0004 | back time: 4.0178 | lr: 0.00008794 | best AP50 acc: 0.7470 | best AP70 acc: 0.5541 | best mAP acc: 0.5028 | best mAR acc: 0.6169 | best Score: 0.5028 | best Score epoch: 16 
epoch 17, iter  451: loss: 0.0086 | load time: 0.0003 | back time: 4.0431 | lr: 0.00008785 | best AP50 acc: 0.7470 | best AP70 acc: 0.5541 | best mAP acc: 0.5028 | best mAR acc: 0.6169 | best Score: 0.5028 | best Score epoch: 16 
epoch 17, iter  501: loss: 0.0080 | load time: 0.0002 | back time: 4.0306 | lr: 0.00008776 | best AP50 acc: 0.7470 | best AP70 acc: 0.5541 | best mAP acc: 0.5028 | best mAR acc: 0.6169 | best Score: 0.5028 | best Score epoch: 16 
epoch 17, iter  551: loss: 0.0082 | load time: 0.0002 | back time: 4.0149 | lr: 0.00008768 | best AP50 acc: 0.7470 | best AP70 acc: 0.5541 | best mAP acc: 0.5028 | best mAR acc: 0.6169 | best Score: 0.5028 | best Score epoch: 16 
epoch 17, iter  601: loss: 0.0082 | load time: 0.0003 | back time: 4.0096 | lr: 0.00008759 | best AP50 acc: 0.7470 | best AP70 acc: 0.5541 | best mAP acc: 0.5028 | best mAR acc: 0.6169 | best Score: 0.5028 | best Score epoch: 16 
epoch 17, iter  651: loss: 0.0083 | load time: 0.0005 | back time: 4.0102 | lr: 0.00008750 | best AP50 acc: 0.7470 | best AP70 acc: 0.5541 | best mAP acc: 0.5028 | best mAR acc: 0.6169 | best Score: 0.5028 | best Score epoch: 16 
epoch 17, iter  701: loss: 0.0090 | load time: 0.0002 | back time: 4.0440 | lr: 0.00008741 | best AP50 acc: 0.7470 | best AP70 acc: 0.5541 | best mAP acc: 0.5028 | best mAR acc: 0.6169 | best Score: 0.5028 | best Score epoch: 16 
epoch 17, iter  751: loss: 0.0084 | load time: 0.0003 | back time: 4.0237 | lr: 0.00008732 | best AP50 acc: 0.7470 | best AP70 acc: 0.5541 | best mAP acc: 0.5028 | best mAR acc: 0.6169 | best Score: 0.5028 | best Score epoch: 16 
epoch 17, iter  801: loss: 0.0084 | load time: 0.0002 | back time: 4.0497 | lr: 0.00008723 | best AP50 acc: 0.7470 | best AP70 acc: 0.5541 | best mAP acc: 0.5028 | best mAR acc: 0.6169 | best Score: 0.5028 | best Score epoch: 16 
epoch 17, iter  851: loss: 0.0086 | load time: 0.0003 | back time: 4.0318 | lr: 0.00008714 | best AP50 acc: 0.7470 | best AP70 acc: 0.5541 | best mAP acc: 0.5028 | best mAR acc: 0.6169 | best Score: 0.5028 | best Score epoch: 16 
epoch 17, iter  901: loss: 0.0086 | load time: 0.0003 | back time: 4.0349 | lr: 0.00008704 | best AP50 acc: 0.7470 | best AP70 acc: 0.5541 | best mAP acc: 0.5028 | best mAR acc: 0.6169 | best Score: 0.5028 | best Score epoch: 16 
epoch 17, iter  951: loss: 0.0088 | load time: 0.0003 | back time: 4.0377 | lr: 0.00008695 | best AP50 acc: 0.7470 | best AP70 acc: 0.5541 | best mAP acc: 0.5028 | best mAR acc: 0.6169 | best Score: 0.5028 | best Score epoch: 16 
epoch 17, iter 1001: loss: 0.0083 | load time: 0.0002 | back time: 4.0180 | lr: 0.00008686 | best AP50 acc: 0.7470 | best AP70 acc: 0.5541 | best mAP acc: 0.5028 | best mAR acc: 0.6169 | best Score: 0.5028 | best Score epoch: 16 
epoch 17, iter 1051: loss: 0.0089 | load time: 0.0004 | back time: 4.0056 | lr: 0.00008677 | best AP50 acc: 0.7470 | best AP70 acc: 0.5541 | best mAP acc: 0.5028 | best mAR acc: 0.6169 | best Score: 0.5028 | best Score epoch: 16 
epoch 17, iter 1101: loss: 0.0086 | load time: 0.0004 | back time: 4.0136 | lr: 0.00008668 | best AP50 acc: 0.7470 | best AP70 acc: 0.5541 | best mAP acc: 0.5028 | best mAR acc: 0.6169 | best Score: 0.5028 | best Score epoch: 16 
epoch 17, iter 1151: loss: 0.0085 | load time: 0.0002 | back time: 4.0170 | lr: 0.00008659 | best AP50 acc: 0.7470 | best AP70 acc: 0.5541 | best mAP acc: 0.5028 | best mAR acc: 0.6169 | best Score: 0.5028 | best Score epoch: 16 
UAV_SEQS_2 | mAP50:90: 46.4813 | AP50: 65.9201 | AP70: 46.9194 
UAV_SEQS_37 | mAP50:90: 95.8633 | AP50: 100.0000 | AP70: 98.9076 
UAV_SEQS_45 | mAP50:90: 51.0734 | AP50: 88.2278 | AP70: 56.2170 
UAV_SEQS_47 | mAP50:90: 49.7147 | AP50: 91.5137 | AP70: 54.7790 
UAV_SEQS_55 | mAP50:90: 39.8455 | AP50: 66.4556 | AP70: 41.4992 
UAV_SEQS_59 | mAP50:90: 51.6368 | AP50: 89.7812 | AP70: 56.4356 
UAV_SEQS_6 | mAP50:90: 48.5136 | AP50: 88.8770 | AP70: 50.9483 
UAV_SEQS_63 | mAP50:90: 29.4941 | AP50: 96.9248 | AP70: 7.8873 
UAV_SEQS_65 | mAP50:90: 78.5216 | AP50: 97.5945 | AP70: 88.9483 
UAV_SEQS_7 | mAP50:90: 63.8382 | AP50: 99.0099 | AP70: 60.6419 
UAV_SEQS_71 | mAP50:90: 31.4276 | AP50: 70.1892 | AP70: 26.6725 
UAV_SEQS_73 | mAP50:90: 41.6611 | AP50: 73.8930 | AP70: 39.1737 
UAV_SEQS_74 | mAP50:90: 100.0000 | AP50: 100.0000 | AP70: 100.0000 
UAV_SEQS_77 | mAP50:90: 0.0000 | AP50: 0.0000 | AP70: 0.0000 
UAV_SEQS_8 | mAP50:90: 0.4263 | AP50: 2.0666 | AP70: 0.0756 
Overall            | mAP50:95: 45.7942 | AP50: 73.8841 | AP70: 46.1107 
epoch 18, iter    1: loss: 0.0085 | load time: 0.0069 | back time: 0.1159 | lr: 0.00008658 | best AP50 acc: 0.7470 | best AP70 acc: 0.5541 | best mAP acc: 0.5028 | best mAR acc: 0.6169 | best Score: 0.5028 | best Score epoch: 16 
epoch 18, iter   51: loss: 0.0084 | load time: 0.0003 | back time: 4.0418 | lr: 0.00008649 | best AP50 acc: 0.7470 | best AP70 acc: 0.5541 | best mAP acc: 0.5028 | best mAR acc: 0.6169 | best Score: 0.5028 | best Score epoch: 16 
epoch 18, iter  101: loss: 0.0084 | load time: 0.0002 | back time: 4.0154 | lr: 0.00008640 | best AP50 acc: 0.7470 | best AP70 acc: 0.5541 | best mAP acc: 0.5028 | best mAR acc: 0.6169 | best Score: 0.5028 | best Score epoch: 16 
epoch 18, iter  151: loss: 0.0087 | load time: 0.0004 | back time: 4.0136 | lr: 0.00008630 | best AP50 acc: 0.7470 | best AP70 acc: 0.5541 | best mAP acc: 0.5028 | best mAR acc: 0.6169 | best Score: 0.5028 | best Score epoch: 16 
epoch 18, iter  201: loss: 0.0084 | load time: 0.0003 | back time: 3.9396 | lr: 0.00008621 | best AP50 acc: 0.7470 | best AP70 acc: 0.5541 | best mAP acc: 0.5028 | best mAR acc: 0.6169 | best Score: 0.5028 | best Score epoch: 16 
epoch 18, iter  251: loss: 0.0084 | load time: 0.0002 | back time: 3.9993 | lr: 0.00008612 | best AP50 acc: 0.7470 | best AP70 acc: 0.5541 | best mAP acc: 0.5028 | best mAR acc: 0.6169 | best Score: 0.5028 | best Score epoch: 16 
epoch 18, iter  301: loss: 0.0084 | load time: 0.0002 | back time: 3.9721 | lr: 0.00008602 | best AP50 acc: 0.7470 | best AP70 acc: 0.5541 | best mAP acc: 0.5028 | best mAR acc: 0.6169 | best Score: 0.5028 | best Score epoch: 16 
epoch 18, iter  351: loss: 0.0086 | load time: 0.0003 | back time: 4.0099 | lr: 0.00008593 | best AP50 acc: 0.7470 | best AP70 acc: 0.5541 | best mAP acc: 0.5028 | best mAR acc: 0.6169 | best Score: 0.5028 | best Score epoch: 16 
epoch 18, iter  401: loss: 0.0082 | load time: 0.0003 | back time: 3.9993 | lr: 0.00008583 | best AP50 acc: 0.7470 | best AP70 acc: 0.5541 | best mAP acc: 0.5028 | best mAR acc: 0.6169 | best Score: 0.5028 | best Score epoch: 16 
epoch 18, iter  451: loss: 0.0082 | load time: 0.0002 | back time: 3.9637 | lr: 0.00008574 | best AP50 acc: 0.7470 | best AP70 acc: 0.5541 | best mAP acc: 0.5028 | best mAR acc: 0.6169 | best Score: 0.5028 | best Score epoch: 16 
epoch 18, iter  501: loss: 0.0082 | load time: 0.0004 | back time: 4.0091 | lr: 0.00008564 | best AP50 acc: 0.7470 | best AP70 acc: 0.5541 | best mAP acc: 0.5028 | best mAR acc: 0.6169 | best Score: 0.5028 | best Score epoch: 16 
epoch 18, iter  551: loss: 0.0088 | load time: 0.0003 | back time: 4.0233 | lr: 0.00008555 | best AP50 acc: 0.7470 | best AP70 acc: 0.5541 | best mAP acc: 0.5028 | best mAR acc: 0.6169 | best Score: 0.5028 | best Score epoch: 16 
epoch 18, iter  601: loss: 0.0087 | load time: 0.0002 | back time: 4.0179 | lr: 0.00008545 | best AP50 acc: 0.7470 | best AP70 acc: 0.5541 | best mAP acc: 0.5028 | best mAR acc: 0.6169 | best Score: 0.5028 | best Score epoch: 16 
epoch 18, iter  651: loss: 0.0084 | load time: 0.0004 | back time: 4.0073 | lr: 0.00008536 | best AP50 acc: 0.7470 | best AP70 acc: 0.5541 | best mAP acc: 0.5028 | best mAR acc: 0.6169 | best Score: 0.5028 | best Score epoch: 16 
epoch 18, iter  701: loss: 0.0083 | load time: 0.0002 | back time: 4.0228 | lr: 0.00008526 | best AP50 acc: 0.7470 | best AP70 acc: 0.5541 | best mAP acc: 0.5028 | best mAR acc: 0.6169 | best Score: 0.5028 | best Score epoch: 16 
epoch 18, iter  751: loss: 0.0081 | load time: 0.0002 | back time: 4.0219 | lr: 0.00008517 | best AP50 acc: 0.7470 | best AP70 acc: 0.5541 | best mAP acc: 0.5028 | best mAR acc: 0.6169 | best Score: 0.5028 | best Score epoch: 16 
epoch 18, iter  801: loss: 0.0081 | load time: 0.0003 | back time: 4.0335 | lr: 0.00008507 | best AP50 acc: 0.7470 | best AP70 acc: 0.5541 | best mAP acc: 0.5028 | best mAR acc: 0.6169 | best Score: 0.5028 | best Score epoch: 16 
epoch 18, iter  851: loss: 0.0085 | load time: 0.0005 | back time: 4.0227 | lr: 0.00008497 | best AP50 acc: 0.7470 | best AP70 acc: 0.5541 | best mAP acc: 0.5028 | best mAR acc: 0.6169 | best Score: 0.5028 | best Score epoch: 16 
epoch 18, iter  901: loss: 0.0082 | load time: 0.0002 | back time: 4.0300 | lr: 0.00008488 | best AP50 acc: 0.7470 | best AP70 acc: 0.5541 | best mAP acc: 0.5028 | best mAR acc: 0.6169 | best Score: 0.5028 | best Score epoch: 16 
epoch 18, iter  951: loss: 0.0084 | load time: 0.0002 | back time: 4.0158 | lr: 0.00008478 | best AP50 acc: 0.7470 | best AP70 acc: 0.5541 | best mAP acc: 0.5028 | best mAR acc: 0.6169 | best Score: 0.5028 | best Score epoch: 16 
epoch 18, iter 1001: loss: 0.0080 | load time: 0.0004 | back time: 4.0108 | lr: 0.00008468 | best AP50 acc: 0.7470 | best AP70 acc: 0.5541 | best mAP acc: 0.5028 | best mAR acc: 0.6169 | best Score: 0.5028 | best Score epoch: 16 
epoch 18, iter 1051: loss: 0.0085 | load time: 0.0003 | back time: 4.0174 | lr: 0.00008458 | best AP50 acc: 0.7470 | best AP70 acc: 0.5541 | best mAP acc: 0.5028 | best mAR acc: 0.6169 | best Score: 0.5028 | best Score epoch: 16 
epoch 18, iter 1101: loss: 0.0086 | load time: 0.0007 | back time: 3.9957 | lr: 0.00008449 | best AP50 acc: 0.7470 | best AP70 acc: 0.5541 | best mAP acc: 0.5028 | best mAR acc: 0.6169 | best Score: 0.5028 | best Score epoch: 16 
epoch 18, iter 1151: loss: 0.0084 | load time: 0.0002 | back time: 4.0395 | lr: 0.00008439 | best AP50 acc: 0.7470 | best AP70 acc: 0.5541 | best mAP acc: 0.5028 | best mAR acc: 0.6169 | best Score: 0.5028 | best Score epoch: 16 
UAV_SEQS_2 | mAP50:90: 30.3301 | AP50: 69.9387 | AP70: 28.3267 
UAV_SEQS_37 | mAP50:90: 93.0907 | AP50: 97.0297 | AP70: 97.0297 
UAV_SEQS_45 | mAP50:90: 34.5500 | AP50: 80.4485 | AP70: 29.4086 
UAV_SEQS_47 | mAP50:90: 58.4877 | AP50: 98.8621 | AP70: 62.9703 
UAV_SEQS_55 | mAP50:90: 37.6163 | AP50: 62.6240 | AP70: 46.9848 
UAV_SEQS_59 | mAP50:90: 35.6107 | AP50: 74.4661 | AP70: 29.2301 
UAV_SEQS_6 | mAP50:90: 62.2722 | AP50: 94.4337 | AP70: 74.0068 
UAV_SEQS_63 | mAP50:90: 41.2931 | AP50: 100.0000 | AP70: 45.1089 
UAV_SEQS_65 | mAP50:90: 68.9150 | AP50: 93.9001 | AP70: 81.9240 
UAV_SEQS_7 | mAP50:90: 69.0404 | AP50: 100.0000 | AP70: 67.1089 
UAV_SEQS_71 | mAP50:90: 15.4852 | AP50: 42.8019 | AP70: 9.3352 
UAV_SEQS_73 | mAP50:90: 27.4081 | AP50: 56.2995 | AP70: 25.9350 
UAV_SEQS_74 | mAP50:90: 98.9567 | AP50: 100.0000 | AP70: 100.0000 
UAV_SEQS_77 | mAP50:90: 0.0000 | AP50: 0.0000 | AP70: 0.0000 
UAV_SEQS_8 | mAP50:90: 0.6250 | AP50: 2.2119 | AP70: 0.3581 
Overall            | mAP50:95: 43.5997 | AP50: 71.1175 | AP70: 45.1163 
epoch 19, iter    1: loss: 0.0084 | load time: 0.0050 | back time: 0.0784 | lr: 0.00008438 | best AP50 acc: 0.7470 | best AP70 acc: 0.5541 | best mAP acc: 0.5028 | best mAR acc: 0.6169 | best Score: 0.5028 | best Score epoch: 16 
epoch 19, iter   51: loss: 0.0084 | load time: 0.0002 | back time: 4.0136 | lr: 0.00008428 | best AP50 acc: 0.7470 | best AP70 acc: 0.5541 | best mAP acc: 0.5028 | best mAR acc: 0.6169 | best Score: 0.5028 | best Score epoch: 16 
epoch 19, iter  101: loss: 0.0083 | load time: 0.0002 | back time: 4.0012 | lr: 0.00008419 | best AP50 acc: 0.7470 | best AP70 acc: 0.5541 | best mAP acc: 0.5028 | best mAR acc: 0.6169 | best Score: 0.5028 | best Score epoch: 16 
epoch 19, iter  151: loss: 0.0082 | load time: 0.0003 | back time: 4.0384 | lr: 0.00008409 | best AP50 acc: 0.7470 | best AP70 acc: 0.5541 | best mAP acc: 0.5028 | best mAR acc: 0.6169 | best Score: 0.5028 | best Score epoch: 16 
epoch 19, iter  201: loss: 0.0082 | load time: 0.0002 | back time: 4.0021 | lr: 0.00008399 | best AP50 acc: 0.7470 | best AP70 acc: 0.5541 | best mAP acc: 0.5028 | best mAR acc: 0.6169 | best Score: 0.5028 | best Score epoch: 16 
epoch 19, iter  251: loss: 0.0084 | load time: 0.0002 | back time: 4.0156 | lr: 0.00008389 | best AP50 acc: 0.7470 | best AP70 acc: 0.5541 | best mAP acc: 0.5028 | best mAR acc: 0.6169 | best Score: 0.5028 | best Score epoch: 16 
epoch 19, iter  301: loss: 0.0082 | load time: 0.0003 | back time: 4.0262 | lr: 0.00008379 | best AP50 acc: 0.7470 | best AP70 acc: 0.5541 | best mAP acc: 0.5028 | best mAR acc: 0.6169 | best Score: 0.5028 | best Score epoch: 16 
epoch 19, iter  351: loss: 0.0084 | load time: 0.0002 | back time: 3.9832 | lr: 0.00008369 | best AP50 acc: 0.7470 | best AP70 acc: 0.5541 | best mAP acc: 0.5028 | best mAR acc: 0.6169 | best Score: 0.5028 | best Score epoch: 16 
epoch 19, iter  401: loss: 0.0081 | load time: 0.0002 | back time: 3.9985 | lr: 0.00008359 | best AP50 acc: 0.7470 | best AP70 acc: 0.5541 | best mAP acc: 0.5028 | best mAR acc: 0.6169 | best Score: 0.5028 | best Score epoch: 16 
epoch 19, iter  451: loss: 0.0085 | load time: 0.0002 | back time: 4.0010 | lr: 0.00008349 | best AP50 acc: 0.7470 | best AP70 acc: 0.5541 | best mAP acc: 0.5028 | best mAR acc: 0.6169 | best Score: 0.5028 | best Score epoch: 16 
epoch 19, iter  501: loss: 0.0080 | load time: 0.0004 | back time: 3.9935 | lr: 0.00008339 | best AP50 acc: 0.7470 | best AP70 acc: 0.5541 | best mAP acc: 0.5028 | best mAR acc: 0.6169 | best Score: 0.5028 | best Score epoch: 16 
epoch 19, iter  551: loss: 0.0081 | load time: 0.0003 | back time: 3.9955 | lr: 0.00008329 | best AP50 acc: 0.7470 | best AP70 acc: 0.5541 | best mAP acc: 0.5028 | best mAR acc: 0.6169 | best Score: 0.5028 | best Score epoch: 16 
epoch 19, iter  601: loss: 0.0087 | load time: 0.0002 | back time: 3.8724 | lr: 0.00008318 | best AP50 acc: 0.7470 | best AP70 acc: 0.5541 | best mAP acc: 0.5028 | best mAR acc: 0.6169 | best Score: 0.5028 | best Score epoch: 16 
epoch 19, iter  651: loss: 0.0085 | load time: 0.0002 | back time: 4.0086 | lr: 0.00008308 | best AP50 acc: 0.7470 | best AP70 acc: 0.5541 | best mAP acc: 0.5028 | best mAR acc: 0.6169 | best Score: 0.5028 | best Score epoch: 16 
epoch 19, iter  701: loss: 0.0082 | load time: 0.0002 | back time: 4.0333 | lr: 0.00008298 | best AP50 acc: 0.7470 | best AP70 acc: 0.5541 | best mAP acc: 0.5028 | best mAR acc: 0.6169 | best Score: 0.5028 | best Score epoch: 16 
epoch 19, iter  751: loss: 0.0087 | load time: 0.0002 | back time: 4.0228 | lr: 0.00008288 | best AP50 acc: 0.7470 | best AP70 acc: 0.5541 | best mAP acc: 0.5028 | best mAR acc: 0.6169 | best Score: 0.5028 | best Score epoch: 16 
epoch 19, iter  801: loss: 0.0084 | load time: 0.0002 | back time: 4.0117 | lr: 0.00008278 | best AP50 acc: 0.7470 | best AP70 acc: 0.5541 | best mAP acc: 0.5028 | best mAR acc: 0.6169 | best Score: 0.5028 | best Score epoch: 16 
epoch 19, iter  851: loss: 0.0084 | load time: 0.0002 | back time: 3.8856 | lr: 0.00008267 | best AP50 acc: 0.7470 | best AP70 acc: 0.5541 | best mAP acc: 0.5028 | best mAR acc: 0.6169 | best Score: 0.5028 | best Score epoch: 16 
epoch 19, iter  901: loss: 0.0083 | load time: 0.0003 | back time: 3.9379 | lr: 0.00008257 | best AP50 acc: 0.7470 | best AP70 acc: 0.5541 | best mAP acc: 0.5028 | best mAR acc: 0.6169 | best Score: 0.5028 | best Score epoch: 16 
epoch 19, iter  951: loss: 0.0083 | load time: 0.0003 | back time: 3.9975 | lr: 0.00008247 | best AP50 acc: 0.7470 | best AP70 acc: 0.5541 | best mAP acc: 0.5028 | best mAR acc: 0.6169 | best Score: 0.5028 | best Score epoch: 16 
epoch 19, iter 1001: loss: 0.0087 | load time: 0.0002 | back time: 3.9910 | lr: 0.00008237 | best AP50 acc: 0.7470 | best AP70 acc: 0.5541 | best mAP acc: 0.5028 | best mAR acc: 0.6169 | best Score: 0.5028 | best Score epoch: 16 
epoch 19, iter 1051: loss: 0.0082 | load time: 0.0002 | back time: 4.0050 | lr: 0.00008226 | best AP50 acc: 0.7470 | best AP70 acc: 0.5541 | best mAP acc: 0.5028 | best mAR acc: 0.6169 | best Score: 0.5028 | best Score epoch: 16 
epoch 19, iter 1101: loss: 0.0082 | load time: 0.0003 | back time: 3.9892 | lr: 0.00008216 | best AP50 acc: 0.7470 | best AP70 acc: 0.5541 | best mAP acc: 0.5028 | best mAR acc: 0.6169 | best Score: 0.5028 | best Score epoch: 16 
epoch 19, iter 1151: loss: 0.0084 | load time: 0.0002 | back time: 3.9910 | lr: 0.00008205 | best AP50 acc: 0.7470 | best AP70 acc: 0.5541 | best mAP acc: 0.5028 | best mAR acc: 0.6169 | best Score: 0.5028 | best Score epoch: 16 
UAV_SEQS_2 | mAP50:90: 36.9854 | AP50: 66.2924 | AP70: 38.1881 
UAV_SEQS_37 | mAP50:90: 94.7270 | AP50: 100.0000 | AP70: 98.7954 
UAV_SEQS_45 | mAP50:90: 53.8056 | AP50: 91.2401 | AP70: 54.7412 
UAV_SEQS_47 | mAP50:90: 58.4981 | AP50: 97.7657 | AP70: 60.2354 
UAV_SEQS_55 | mAP50:90: 38.1961 | AP50: 64.8642 | AP70: 43.8665 
UAV_SEQS_59 | mAP50:90: 57.6415 | AP50: 85.4719 | AP70: 60.9968 
UAV_SEQS_6 | mAP50:90: 56.1808 | AP50: 92.2319 | AP70: 60.9659 
UAV_SEQS_63 | mAP50:90: 56.5494 | AP50: 100.0000 | AP70: 75.6672 
UAV_SEQS_65 | mAP50:90: 84.8912 | AP50: 96.8005 | AP70: 92.9175 
UAV_SEQS_7 | mAP50:90: 72.1044 | AP50: 98.0198 | AP70: 79.4855 
UAV_SEQS_71 | mAP50:90: 41.0236 | AP50: 81.7896 | AP70: 36.6268 
UAV_SEQS_73 | mAP50:90: 52.2393 | AP50: 79.9783 | AP70: 54.2097 
UAV_SEQS_74 | mAP50:90: 100.0000 | AP50: 100.0000 | AP70: 100.0000 
UAV_SEQS_77 | mAP50:90: 0.0000 | AP50: 0.0000 | AP70: 0.0000 
UAV_SEQS_8 | mAP50:90: 1.3358 | AP50: 3.6579 | AP70: 0.9626 
Overall            | mAP50:95: 52.1893 | AP50: 77.3752 | AP70: 56.3317 
epoch 20, iter    1: loss: 0.0085 | load time: 0.0069 | back time: 0.0781 | lr: 0.00008205 | best AP50 acc: 0.7738 | best AP70 acc: 0.5633 | best mAP acc: 0.5219 | best mAR acc: 0.6333 | best Score: 0.5219 | best Score epoch: 19 
epoch 20, iter   51: loss: 0.0085 | load time: 0.0004 | back time: 4.0032 | lr: 0.00008195 | best AP50 acc: 0.7738 | best AP70 acc: 0.5633 | best mAP acc: 0.5219 | best mAR acc: 0.6333 | best Score: 0.5219 | best Score epoch: 19 
epoch 20, iter  101: loss: 0.0079 | load time: 0.0003 | back time: 3.9794 | lr: 0.00008184 | best AP50 acc: 0.7738 | best AP70 acc: 0.5633 | best mAP acc: 0.5219 | best mAR acc: 0.6333 | best Score: 0.5219 | best Score epoch: 19 
epoch 20, iter  151: loss: 0.0083 | load time: 0.0002 | back time: 3.9831 | lr: 0.00008174 | best AP50 acc: 0.7738 | best AP70 acc: 0.5633 | best mAP acc: 0.5219 | best mAR acc: 0.6333 | best Score: 0.5219 | best Score epoch: 19 
epoch 20, iter  201: loss: 0.0080 | load time: 0.0004 | back time: 4.0118 | lr: 0.00008163 | best AP50 acc: 0.7738 | best AP70 acc: 0.5633 | best mAP acc: 0.5219 | best mAR acc: 0.6333 | best Score: 0.5219 | best Score epoch: 19 
epoch 20, iter  251: loss: 0.0083 | load time: 0.0003 | back time: 4.1274 | lr: 0.00008153 | best AP50 acc: 0.7738 | best AP70 acc: 0.5633 | best mAP acc: 0.5219 | best mAR acc: 0.6333 | best Score: 0.5219 | best Score epoch: 19 
epoch 20, iter  301: loss: 0.0083 | load time: 0.0002 | back time: 3.9510 | lr: 0.00008142 | best AP50 acc: 0.7738 | best AP70 acc: 0.5633 | best mAP acc: 0.5219 | best mAR acc: 0.6333 | best Score: 0.5219 | best Score epoch: 19 
epoch 20, iter  351: loss: 0.0083 | load time: 0.0002 | back time: 3.9992 | lr: 0.00008132 | best AP50 acc: 0.7738 | best AP70 acc: 0.5633 | best mAP acc: 0.5219 | best mAR acc: 0.6333 | best Score: 0.5219 | best Score epoch: 19 
epoch 20, iter  401: loss: 0.0083 | load time: 0.0003 | back time: 3.9908 | lr: 0.00008121 | best AP50 acc: 0.7738 | best AP70 acc: 0.5633 | best mAP acc: 0.5219 | best mAR acc: 0.6333 | best Score: 0.5219 | best Score epoch: 19 
epoch 20, iter  451: loss: 0.0083 | load time: 0.0002 | back time: 4.0268 | lr: 0.00008110 | best AP50 acc: 0.7738 | best AP70 acc: 0.5633 | best mAP acc: 0.5219 | best mAR acc: 0.6333 | best Score: 0.5219 | best Score epoch: 19 
epoch 20, iter  501: loss: 0.0082 | load time: 0.0003 | back time: 3.9804 | lr: 0.00008100 | best AP50 acc: 0.7738 | best AP70 acc: 0.5633 | best mAP acc: 0.5219 | best mAR acc: 0.6333 | best Score: 0.5219 | best Score epoch: 19 
epoch 20, iter  551: loss: 0.0083 | load time: 0.0002 | back time: 4.0214 | lr: 0.00008089 | best AP50 acc: 0.7738 | best AP70 acc: 0.5633 | best mAP acc: 0.5219 | best mAR acc: 0.6333 | best Score: 0.5219 | best Score epoch: 19 
epoch 20, iter  601: loss: 0.0081 | load time: 0.0003 | back time: 4.0246 | lr: 0.00008079 | best AP50 acc: 0.7738 | best AP70 acc: 0.5633 | best mAP acc: 0.5219 | best mAR acc: 0.6333 | best Score: 0.5219 | best Score epoch: 19 
epoch 20, iter  651: loss: 0.0085 | load time: 0.0002 | back time: 4.0301 | lr: 0.00008068 | best AP50 acc: 0.7738 | best AP70 acc: 0.5633 | best mAP acc: 0.5219 | best mAR acc: 0.6333 | best Score: 0.5219 | best Score epoch: 19 
epoch 20, iter  701: loss: 0.0083 | load time: 0.0003 | back time: 4.0347 | lr: 0.00008057 | best AP50 acc: 0.7738 | best AP70 acc: 0.5633 | best mAP acc: 0.5219 | best mAR acc: 0.6333 | best Score: 0.5219 | best Score epoch: 19 
epoch 20, iter  751: loss: 0.0081 | load time: 0.0006 | back time: 4.2849 | lr: 0.00008046 | best AP50 acc: 0.7738 | best AP70 acc: 0.5633 | best mAP acc: 0.5219 | best mAR acc: 0.6333 | best Score: 0.5219 | best Score epoch: 19 
epoch 20, iter  801: loss: 0.0085 | load time: 0.0003 | back time: 3.9492 | lr: 0.00008036 | best AP50 acc: 0.7738 | best AP70 acc: 0.5633 | best mAP acc: 0.5219 | best mAR acc: 0.6333 | best Score: 0.5219 | best Score epoch: 19 
epoch 20, iter  851: loss: 0.0083 | load time: 0.0003 | back time: 4.0177 | lr: 0.00008025 | best AP50 acc: 0.7738 | best AP70 acc: 0.5633 | best mAP acc: 0.5219 | best mAR acc: 0.6333 | best Score: 0.5219 | best Score epoch: 19 
epoch 20, iter  901: loss: 0.0082 | load time: 0.0002 | back time: 4.0254 | lr: 0.00008014 | best AP50 acc: 0.7738 | best AP70 acc: 0.5633 | best mAP acc: 0.5219 | best mAR acc: 0.6333 | best Score: 0.5219 | best Score epoch: 19 
epoch 20, iter  951: loss: 0.0083 | load time: 0.0003 | back time: 4.0181 | lr: 0.00008003 | best AP50 acc: 0.7738 | best AP70 acc: 0.5633 | best mAP acc: 0.5219 | best mAR acc: 0.6333 | best Score: 0.5219 | best Score epoch: 19 
epoch 20, iter 1001: loss: 0.0084 | load time: 0.0004 | back time: 4.0200 | lr: 0.00007992 | best AP50 acc: 0.7738 | best AP70 acc: 0.5633 | best mAP acc: 0.5219 | best mAR acc: 0.6333 | best Score: 0.5219 | best Score epoch: 19 
epoch 20, iter 1051: loss: 0.0081 | load time: 0.0002 | back time: 4.0355 | lr: 0.00007982 | best AP50 acc: 0.7738 | best AP70 acc: 0.5633 | best mAP acc: 0.5219 | best mAR acc: 0.6333 | best Score: 0.5219 | best Score epoch: 19 
epoch 20, iter 1101: loss: 0.0081 | load time: 0.0003 | back time: 4.0290 | lr: 0.00007971 | best AP50 acc: 0.7738 | best AP70 acc: 0.5633 | best mAP acc: 0.5219 | best mAR acc: 0.6333 | best Score: 0.5219 | best Score epoch: 19 
epoch 20, iter 1151: loss: 0.0081 | load time: 0.0002 | back time: 4.0317 | lr: 0.00007960 | best AP50 acc: 0.7738 | best AP70 acc: 0.5633 | best mAP acc: 0.5219 | best mAR acc: 0.6333 | best Score: 0.5219 | best Score epoch: 19 
UAV_SEQS_2 | mAP50:90: 41.1731 | AP50: 73.1279 | AP70: 40.5114 
UAV_SEQS_37 | mAP50:90: 98.4965 | AP50: 100.0000 | AP70: 100.0000 
UAV_SEQS_45 | mAP50:90: 35.9059 | AP50: 75.9127 | AP70: 34.3443 
UAV_SEQS_47 | mAP50:90: 49.5726 | AP50: 94.6656 | AP70: 47.4300 
UAV_SEQS_55 | mAP50:90: 40.7239 | AP50: 67.9092 | AP70: 45.0446 
UAV_SEQS_59 | mAP50:90: 45.5162 | AP50: 76.2178 | AP70: 48.5149 
UAV_SEQS_6 | mAP50:90: 63.2909 | AP50: 98.9208 | AP70: 70.6803 
UAV_SEQS_63 | mAP50:90: 63.7643 | AP50: 100.0000 | AP70: 86.2875 
UAV_SEQS_65 | mAP50:90: 77.2570 | AP50: 95.0394 | AP70: 88.4562 
UAV_SEQS_7 | mAP50:90: 71.4423 | AP50: 100.0000 | AP70: 74.9175 
UAV_SEQS_71 | mAP50:90: 29.3056 | AP50: 65.6060 | AP70: 25.9680 
UAV_SEQS_73 | mAP50:90: 42.0527 | AP50: 76.9932 | AP70: 33.9026 
UAV_SEQS_74 | mAP50:90: 100.0000 | AP50: 100.0000 | AP70: 100.0000 
UAV_SEQS_77 | mAP50:90: 0.0000 | AP50: 0.0000 | AP70: 0.0000 
UAV_SEQS_8 | mAP50:90: 1.2024 | AP50: 3.6452 | AP70: 0.6304 
Overall            | mAP50:95: 47.6862 | AP50: 73.9444 | AP70: 49.8009 
epoch 21, iter    1: loss: 0.0082 | load time: 0.0081 | back time: 0.0822 | lr: 0.00007959 | best AP50 acc: 0.7738 | best AP70 acc: 0.5633 | best mAP acc: 0.5219 | best mAR acc: 0.6333 | best Score: 0.5219 | best Score epoch: 19 
epoch 21, iter   51: loss: 0.0082 | load time: 0.0003 | back time: 3.9060 | lr: 0.00007948 | best AP50 acc: 0.7738 | best AP70 acc: 0.5633 | best mAP acc: 0.5219 | best mAR acc: 0.6333 | best Score: 0.5219 | best Score epoch: 19 
epoch 21, iter  101: loss: 0.0085 | load time: 0.0005 | back time: 4.0033 | lr: 0.00007937 | best AP50 acc: 0.7738 | best AP70 acc: 0.5633 | best mAP acc: 0.5219 | best mAR acc: 0.6333 | best Score: 0.5219 | best Score epoch: 19 
epoch 21, iter  151: loss: 0.0082 | load time: 0.0003 | back time: 3.9750 | lr: 0.00007926 | best AP50 acc: 0.7738 | best AP70 acc: 0.5633 | best mAP acc: 0.5219 | best mAR acc: 0.6333 | best Score: 0.5219 | best Score epoch: 19 
epoch 21, iter  201: loss: 0.0081 | load time: 0.0002 | back time: 3.9607 | lr: 0.00007915 | best AP50 acc: 0.7738 | best AP70 acc: 0.5633 | best mAP acc: 0.5219 | best mAR acc: 0.6333 | best Score: 0.5219 | best Score epoch: 19 
epoch 21, iter  251: loss: 0.0081 | load time: 0.0002 | back time: 3.9148 | lr: 0.00007904 | best AP50 acc: 0.7738 | best AP70 acc: 0.5633 | best mAP acc: 0.5219 | best mAR acc: 0.6333 | best Score: 0.5219 | best Score epoch: 19 
epoch 21, iter  301: loss: 0.0082 | load time: 0.0003 | back time: 3.9284 | lr: 0.00007893 | best AP50 acc: 0.7738 | best AP70 acc: 0.5633 | best mAP acc: 0.5219 | best mAR acc: 0.6333 | best Score: 0.5219 | best Score epoch: 19 
epoch 21, iter  351: loss: 0.0085 | load time: 0.0002 | back time: 3.9579 | lr: 0.00007882 | best AP50 acc: 0.7738 | best AP70 acc: 0.5633 | best mAP acc: 0.5219 | best mAR acc: 0.6333 | best Score: 0.5219 | best Score epoch: 19 
epoch 21, iter  401: loss: 0.0081 | load time: 0.0003 | back time: 3.9995 | lr: 0.00007871 | best AP50 acc: 0.7738 | best AP70 acc: 0.5633 | best mAP acc: 0.5219 | best mAR acc: 0.6333 | best Score: 0.5219 | best Score epoch: 19 
epoch 21, iter  451: loss: 0.0082 | load time: 0.0003 | back time: 4.0023 | lr: 0.00007860 | best AP50 acc: 0.7738 | best AP70 acc: 0.5633 | best mAP acc: 0.5219 | best mAR acc: 0.6333 | best Score: 0.5219 | best Score epoch: 19 
epoch 21, iter  501: loss: 0.0085 | load time: 0.0003 | back time: 4.0338 | lr: 0.00007849 | best AP50 acc: 0.7738 | best AP70 acc: 0.5633 | best mAP acc: 0.5219 | best mAR acc: 0.6333 | best Score: 0.5219 | best Score epoch: 19 
epoch 21, iter  551: loss: 0.0074 | load time: 0.0003 | back time: 4.0174 | lr: 0.00007838 | best AP50 acc: 0.7738 | best AP70 acc: 0.5633 | best mAP acc: 0.5219 | best mAR acc: 0.6333 | best Score: 0.5219 | best Score epoch: 19 
epoch 21, iter  601: loss: 0.0078 | load time: 0.0002 | back time: 4.0179 | lr: 0.00007827 | best AP50 acc: 0.7738 | best AP70 acc: 0.5633 | best mAP acc: 0.5219 | best mAR acc: 0.6333 | best Score: 0.5219 | best Score epoch: 19 
epoch 21, iter  651: loss: 0.0085 | load time: 0.0002 | back time: 4.0181 | lr: 0.00007816 | best AP50 acc: 0.7738 | best AP70 acc: 0.5633 | best mAP acc: 0.5219 | best mAR acc: 0.6333 | best Score: 0.5219 | best Score epoch: 19 
epoch 21, iter  701: loss: 0.0082 | load time: 0.0001 | back time: 4.0385 | lr: 0.00007804 | best AP50 acc: 0.7738 | best AP70 acc: 0.5633 | best mAP acc: 0.5219 | best mAR acc: 0.6333 | best Score: 0.5219 | best Score epoch: 19 
epoch 21, iter  751: loss: 0.0087 | load time: 0.0002 | back time: 4.0287 | lr: 0.00007793 | best AP50 acc: 0.7738 | best AP70 acc: 0.5633 | best mAP acc: 0.5219 | best mAR acc: 0.6333 | best Score: 0.5219 | best Score epoch: 19 
epoch 21, iter  801: loss: 0.0083 | load time: 0.0003 | back time: 4.0636 | lr: 0.00007782 | best AP50 acc: 0.7738 | best AP70 acc: 0.5633 | best mAP acc: 0.5219 | best mAR acc: 0.6333 | best Score: 0.5219 | best Score epoch: 19 
epoch 21, iter  851: loss: 0.0081 | load time: 0.0003 | back time: 4.0258 | lr: 0.00007771 | best AP50 acc: 0.7738 | best AP70 acc: 0.5633 | best mAP acc: 0.5219 | best mAR acc: 0.6333 | best Score: 0.5219 | best Score epoch: 19 
epoch 21, iter  901: loss: 0.0084 | load time: 0.0003 | back time: 4.0901 | lr: 0.00007759 | best AP50 acc: 0.7738 | best AP70 acc: 0.5633 | best mAP acc: 0.5219 | best mAR acc: 0.6333 | best Score: 0.5219 | best Score epoch: 19 
epoch 21, iter  951: loss: 0.0081 | load time: 0.0002 | back time: 4.0289 | lr: 0.00007748 | best AP50 acc: 0.7738 | best AP70 acc: 0.5633 | best mAP acc: 0.5219 | best mAR acc: 0.6333 | best Score: 0.5219 | best Score epoch: 19 
epoch 21, iter 1001: loss: 0.0082 | load time: 0.0002 | back time: 4.0391 | lr: 0.00007737 | best AP50 acc: 0.7738 | best AP70 acc: 0.5633 | best mAP acc: 0.5219 | best mAR acc: 0.6333 | best Score: 0.5219 | best Score epoch: 19 
epoch 21, iter 1051: loss: 0.0083 | load time: 0.0002 | back time: 3.9395 | lr: 0.00007725 | best AP50 acc: 0.7738 | best AP70 acc: 0.5633 | best mAP acc: 0.5219 | best mAR acc: 0.6333 | best Score: 0.5219 | best Score epoch: 19 
epoch 21, iter 1101: loss: 0.0081 | load time: 0.0002 | back time: 3.9268 | lr: 0.00007714 | best AP50 acc: 0.7738 | best AP70 acc: 0.5633 | best mAP acc: 0.5219 | best mAR acc: 0.6333 | best Score: 0.5219 | best Score epoch: 19 
epoch 21, iter 1151: loss: 0.0082 | load time: 0.0002 | back time: 3.9953 | lr: 0.00007703 | best AP50 acc: 0.7738 | best AP70 acc: 0.5633 | best mAP acc: 0.5219 | best mAR acc: 0.6333 | best Score: 0.5219 | best Score epoch: 19 
UAV_SEQS_2 | mAP50:90: 43.1070 | AP50: 71.5939 | AP70: 41.9293 
UAV_SEQS_37 | mAP50:90: 96.0782 | AP50: 100.0000 | AP70: 99.0099 
UAV_SEQS_45 | mAP50:90: 50.3919 | AP50: 88.3927 | AP70: 52.1612 
UAV_SEQS_47 | mAP50:90: 61.9619 | AP50: 100.0000 | AP70: 71.2640 
UAV_SEQS_55 | mAP50:90: 41.1892 | AP50: 64.0798 | AP70: 47.3783 
UAV_SEQS_59 | mAP50:90: 52.1488 | AP50: 87.3630 | AP70: 53.9736 
UAV_SEQS_6 | mAP50:90: 59.8873 | AP50: 98.6164 | AP70: 61.7287 
UAV_SEQS_63 | mAP50:90: 34.8414 | AP50: 100.0000 | AP70: 31.8002 
UAV_SEQS_65 | mAP50:90: 81.8786 | AP50: 97.3954 | AP70: 92.3344 
UAV_SEQS_7 | mAP50:90: 84.3553 | AP50: 98.0198 | AP70: 98.0198 
UAV_SEQS_71 | mAP50:90: 30.6835 | AP50: 65.3615 | AP70: 25.0009 
UAV_SEQS_73 | mAP50:90: 43.8903 | AP50: 78.6140 | AP70: 40.1595 
UAV_SEQS_74 | mAP50:90: 100.0000 | AP50: 100.0000 | AP70: 100.0000 
UAV_SEQS_77 | mAP50:90: 0.0000 | AP50: 0.0000 | AP70: 0.0000 
UAV_SEQS_8 | mAP50:90: 2.2845 | AP50: 10.0107 | AP70: 0.0437 
Overall            | mAP50:95: 50.1440 | AP50: 78.0775 | AP70: 53.1152 
epoch 22, iter    1: loss: 0.0083 | load time: 0.0065 | back time: 0.0987 | lr: 0.00007702 | best AP50 acc: 0.7738 | best AP70 acc: 0.5633 | best mAP acc: 0.5219 | best mAR acc: 0.6333 | best Score: 0.5219 | best Score epoch: 19 
epoch 22, iter   51: loss: 0.0081 | load time: 0.0003 | back time: 4.0067 | lr: 0.00007691 | best AP50 acc: 0.7738 | best AP70 acc: 0.5633 | best mAP acc: 0.5219 | best mAR acc: 0.6333 | best Score: 0.5219 | best Score epoch: 19 
epoch 22, iter  101: loss: 0.0081 | load time: 0.0004 | back time: 4.0084 | lr: 0.00007679 | best AP50 acc: 0.7738 | best AP70 acc: 0.5633 | best mAP acc: 0.5219 | best mAR acc: 0.6333 | best Score: 0.5219 | best Score epoch: 19 
epoch 22, iter  151: loss: 0.0080 | load time: 0.0002 | back time: 3.9878 | lr: 0.00007668 | best AP50 acc: 0.7738 | best AP70 acc: 0.5633 | best mAP acc: 0.5219 | best mAR acc: 0.6333 | best Score: 0.5219 | best Score epoch: 19 
epoch 22, iter  201: loss: 0.0083 | load time: 0.0002 | back time: 4.0353 | lr: 0.00007656 | best AP50 acc: 0.7738 | best AP70 acc: 0.5633 | best mAP acc: 0.5219 | best mAR acc: 0.6333 | best Score: 0.5219 | best Score epoch: 19 
epoch 22, iter  251: loss: 0.0084 | load time: 0.0002 | back time: 4.0404 | lr: 0.00007645 | best AP50 acc: 0.7738 | best AP70 acc: 0.5633 | best mAP acc: 0.5219 | best mAR acc: 0.6333 | best Score: 0.5219 | best Score epoch: 19 
epoch 22, iter  301: loss: 0.0082 | load time: 0.0002 | back time: 4.0273 | lr: 0.00007633 | best AP50 acc: 0.7738 | best AP70 acc: 0.5633 | best mAP acc: 0.5219 | best mAR acc: 0.6333 | best Score: 0.5219 | best Score epoch: 19 
epoch 22, iter  351: loss: 0.0082 | load time: 0.0002 | back time: 4.0330 | lr: 0.00007622 | best AP50 acc: 0.7738 | best AP70 acc: 0.5633 | best mAP acc: 0.5219 | best mAR acc: 0.6333 | best Score: 0.5219 | best Score epoch: 19 
epoch 22, iter  401: loss: 0.0080 | load time: 0.0003 | back time: 4.0386 | lr: 0.00007610 | best AP50 acc: 0.7738 | best AP70 acc: 0.5633 | best mAP acc: 0.5219 | best mAR acc: 0.6333 | best Score: 0.5219 | best Score epoch: 19 
epoch 22, iter  451: loss: 0.0084 | load time: 0.0003 | back time: 4.0341 | lr: 0.00007599 | best AP50 acc: 0.7738 | best AP70 acc: 0.5633 | best mAP acc: 0.5219 | best mAR acc: 0.6333 | best Score: 0.5219 | best Score epoch: 19 
epoch 22, iter  501: loss: 0.0081 | load time: 0.0002 | back time: 4.0462 | lr: 0.00007587 | best AP50 acc: 0.7738 | best AP70 acc: 0.5633 | best mAP acc: 0.5219 | best mAR acc: 0.6333 | best Score: 0.5219 | best Score epoch: 19 
epoch 22, iter  551: loss: 0.0084 | load time: 0.0003 | back time: 4.0179 | lr: 0.00007576 | best AP50 acc: 0.7738 | best AP70 acc: 0.5633 | best mAP acc: 0.5219 | best mAR acc: 0.6333 | best Score: 0.5219 | best Score epoch: 19 
epoch 22, iter  601: loss: 0.0085 | load time: 0.0003 | back time: 4.0338 | lr: 0.00007564 | best AP50 acc: 0.7738 | best AP70 acc: 0.5633 | best mAP acc: 0.5219 | best mAR acc: 0.6333 | best Score: 0.5219 | best Score epoch: 19 
epoch 22, iter  651: loss: 0.0082 | load time: 0.0003 | back time: 4.0268 | lr: 0.00007552 | best AP50 acc: 0.7738 | best AP70 acc: 0.5633 | best mAP acc: 0.5219 | best mAR acc: 0.6333 | best Score: 0.5219 | best Score epoch: 19 
epoch 22, iter  701: loss: 0.0080 | load time: 0.0003 | back time: 4.0498 | lr: 0.00007541 | best AP50 acc: 0.7738 | best AP70 acc: 0.5633 | best mAP acc: 0.5219 | best mAR acc: 0.6333 | best Score: 0.5219 | best Score epoch: 19 
epoch 22, iter  751: loss: 0.0080 | load time: 0.0003 | back time: 4.0544 | lr: 0.00007529 | best AP50 acc: 0.7738 | best AP70 acc: 0.5633 | best mAP acc: 0.5219 | best mAR acc: 0.6333 | best Score: 0.5219 | best Score epoch: 19 
epoch 22, iter  801: loss: 0.0082 | load time: 0.0002 | back time: 4.0915 | lr: 0.00007517 | best AP50 acc: 0.7738 | best AP70 acc: 0.5633 | best mAP acc: 0.5219 | best mAR acc: 0.6333 | best Score: 0.5219 | best Score epoch: 19 
epoch 22, iter  851: loss: 0.0081 | load time: 0.0002 | back time: 4.0122 | lr: 0.00007506 | best AP50 acc: 0.7738 | best AP70 acc: 0.5633 | best mAP acc: 0.5219 | best mAR acc: 0.6333 | best Score: 0.5219 | best Score epoch: 19 
epoch 22, iter  901: loss: 0.0082 | load time: 0.0003 | back time: 4.0958 | lr: 0.00007494 | best AP50 acc: 0.7738 | best AP70 acc: 0.5633 | best mAP acc: 0.5219 | best mAR acc: 0.6333 | best Score: 0.5219 | best Score epoch: 19 
epoch 22, iter  951: loss: 0.0081 | load time: 0.0002 | back time: 3.9548 | lr: 0.00007482 | best AP50 acc: 0.7738 | best AP70 acc: 0.5633 | best mAP acc: 0.5219 | best mAR acc: 0.6333 | best Score: 0.5219 | best Score epoch: 19 
epoch 22, iter 1001: loss: 0.0084 | load time: 0.0004 | back time: 3.9741 | lr: 0.00007470 | best AP50 acc: 0.7738 | best AP70 acc: 0.5633 | best mAP acc: 0.5219 | best mAR acc: 0.6333 | best Score: 0.5219 | best Score epoch: 19 
epoch 22, iter 1051: loss: 0.0082 | load time: 0.0003 | back time: 4.0108 | lr: 0.00007459 | best AP50 acc: 0.7738 | best AP70 acc: 0.5633 | best mAP acc: 0.5219 | best mAR acc: 0.6333 | best Score: 0.5219 | best Score epoch: 19 
epoch 22, iter 1101: loss: 0.0085 | load time: 0.0003 | back time: 3.9990 | lr: 0.00007447 | best AP50 acc: 0.7738 | best AP70 acc: 0.5633 | best mAP acc: 0.5219 | best mAR acc: 0.6333 | best Score: 0.5219 | best Score epoch: 19 
epoch 22, iter 1151: loss: 0.0082 | load time: 0.0002 | back time: 4.0223 | lr: 0.00007435 | best AP50 acc: 0.7738 | best AP70 acc: 0.5633 | best mAP acc: 0.5219 | best mAR acc: 0.6333 | best Score: 0.5219 | best Score epoch: 19 
UAV_SEQS_2 | mAP50:90: 38.3392 | AP50: 61.8012 | AP70: 42.6259 
UAV_SEQS_37 | mAP50:90: 95.0410 | AP50: 100.0000 | AP70: 98.6259 
UAV_SEQS_45 | mAP50:90: 74.9554 | AP50: 95.9540 | AP70: 80.2471 
UAV_SEQS_47 | mAP50:90: 79.0751 | AP50: 100.0000 | AP70: 88.1168 
UAV_SEQS_55 | mAP50:90: 52.2381 | AP50: 77.9213 | AP70: 62.1129 
UAV_SEQS_59 | mAP50:90: 70.2553 | AP50: 100.0000 | AP70: 77.8579 
UAV_SEQS_6 | mAP50:90: 61.6688 | AP50: 94.8619 | AP70: 64.6300 
UAV_SEQS_63 | mAP50:90: 43.1870 | AP50: 94.0594 | AP70: 51.1224 
UAV_SEQS_65 | mAP50:90: 81.4338 | AP50: 97.3696 | AP70: 92.1218 
UAV_SEQS_7 | mAP50:90: 88.8388 | AP50: 97.0297 | AP70: 97.0297 
UAV_SEQS_71 | mAP50:90: 42.0477 | AP50: 82.3249 | AP70: 39.9481 
UAV_SEQS_73 | mAP50:90: 47.6289 | AP50: 73.1340 | AP70: 52.8601 
UAV_SEQS_74 | mAP50:90: 99.0099 | AP50: 99.0099 | AP70: 99.0099 
UAV_SEQS_77 | mAP50:90: 0.0000 | AP50: 0.0000 | AP70: 0.0000 
UAV_SEQS_8 | mAP50:90: 12.8492 | AP50: 37.6653 | AP70: 7.9944 
Overall            | mAP50:95: 59.7995 | AP50: 82.3611 | AP70: 64.8590 
epoch 23, iter    1: loss: 0.0083 | load time: 0.0055 | back time: 0.0986 | lr: 0.00007434 | best AP50 acc: 0.8236 | best AP70 acc: 0.6486 | best mAP acc: 0.5980 | best mAR acc: 0.6736 | best Score: 0.5980 | best Score epoch: 22 
epoch 23, iter   51: loss: 0.0081 | load time: 0.0003 | back time: 4.0287 | lr: 0.00007423 | best AP50 acc: 0.8236 | best AP70 acc: 0.6486 | best mAP acc: 0.5980 | best mAR acc: 0.6736 | best Score: 0.5980 | best Score epoch: 22 
epoch 23, iter  101: loss: 0.0082 | load time: 0.0005 | back time: 4.0251 | lr: 0.00007411 | best AP50 acc: 0.8236 | best AP70 acc: 0.6486 | best mAP acc: 0.5980 | best mAR acc: 0.6736 | best Score: 0.5980 | best Score epoch: 22 
epoch 23, iter  151: loss: 0.0082 | load time: 0.0005 | back time: 4.0180 | lr: 0.00007399 | best AP50 acc: 0.8236 | best AP70 acc: 0.6486 | best mAP acc: 0.5980 | best mAR acc: 0.6736 | best Score: 0.5980 | best Score epoch: 22 
epoch 23, iter  201: loss: 0.0082 | load time: 0.0003 | back time: 4.0322 | lr: 0.00007387 | best AP50 acc: 0.8236 | best AP70 acc: 0.6486 | best mAP acc: 0.5980 | best mAR acc: 0.6736 | best Score: 0.5980 | best Score epoch: 22 
epoch 23, iter  251: loss: 0.0083 | load time: 0.0003 | back time: 4.0389 | lr: 0.00007375 | best AP50 acc: 0.8236 | best AP70 acc: 0.6486 | best mAP acc: 0.5980 | best mAR acc: 0.6736 | best Score: 0.5980 | best Score epoch: 22 
epoch 23, iter  301: loss: 0.0082 | load time: 0.0002 | back time: 4.0480 | lr: 0.00007363 | best AP50 acc: 0.8236 | best AP70 acc: 0.6486 | best mAP acc: 0.5980 | best mAR acc: 0.6736 | best Score: 0.5980 | best Score epoch: 22 
epoch 23, iter  351: loss: 0.0082 | load time: 0.0003 | back time: 4.0408 | lr: 0.00007351 | best AP50 acc: 0.8236 | best AP70 acc: 0.6486 | best mAP acc: 0.5980 | best mAR acc: 0.6736 | best Score: 0.5980 | best Score epoch: 22 
epoch 23, iter  401: loss: 0.0081 | load time: 0.0002 | back time: 4.0471 | lr: 0.00007339 | best AP50 acc: 0.8236 | best AP70 acc: 0.6486 | best mAP acc: 0.5980 | best mAR acc: 0.6736 | best Score: 0.5980 | best Score epoch: 22 
epoch 23, iter  451: loss: 0.0083 | load time: 0.0002 | back time: 4.0427 | lr: 0.00007327 | best AP50 acc: 0.8236 | best AP70 acc: 0.6486 | best mAP acc: 0.5980 | best mAR acc: 0.6736 | best Score: 0.5980 | best Score epoch: 22 
epoch 23, iter  501: loss: 0.0080 | load time: 0.0002 | back time: 4.0245 | lr: 0.00007315 | best AP50 acc: 0.8236 | best AP70 acc: 0.6486 | best mAP acc: 0.5980 | best mAR acc: 0.6736 | best Score: 0.5980 | best Score epoch: 22 
epoch 23, iter  551: loss: 0.0081 | load time: 0.0002 | back time: 4.0476 | lr: 0.00007303 | best AP50 acc: 0.8236 | best AP70 acc: 0.6486 | best mAP acc: 0.5980 | best mAR acc: 0.6736 | best Score: 0.5980 | best Score epoch: 22 
epoch 23, iter  601: loss: 0.0085 | load time: 0.0003 | back time: 4.0751 | lr: 0.00007291 | best AP50 acc: 0.8236 | best AP70 acc: 0.6486 | best mAP acc: 0.5980 | best mAR acc: 0.6736 | best Score: 0.5980 | best Score epoch: 22 
epoch 23, iter  651: loss: 0.0082 | load time: 0.0003 | back time: 4.0380 | lr: 0.00007279 | best AP50 acc: 0.8236 | best AP70 acc: 0.6486 | best mAP acc: 0.5980 | best mAR acc: 0.6736 | best Score: 0.5980 | best Score epoch: 22 
epoch 23, iter  701: loss: 0.0082 | load time: 0.0002 | back time: 4.0394 | lr: 0.00007267 | best AP50 acc: 0.8236 | best AP70 acc: 0.6486 | best mAP acc: 0.5980 | best mAR acc: 0.6736 | best Score: 0.5980 | best Score epoch: 22 
epoch 23, iter  751: loss: 0.0081 | load time: 0.0001 | back time: 4.0306 | lr: 0.00007255 | best AP50 acc: 0.8236 | best AP70 acc: 0.6486 | best mAP acc: 0.5980 | best mAR acc: 0.6736 | best Score: 0.5980 | best Score epoch: 22 
epoch 23, iter  801: loss: 0.0081 | load time: 0.0003 | back time: 3.5922 | lr: 0.00007243 | best AP50 acc: 0.8236 | best AP70 acc: 0.6486 | best mAP acc: 0.5980 | best mAR acc: 0.6736 | best Score: 0.5980 | best Score epoch: 22 
epoch 23, iter  851: loss: 0.0081 | load time: 0.0002 | back time: 4.0810 | lr: 0.00007231 | best AP50 acc: 0.8236 | best AP70 acc: 0.6486 | best mAP acc: 0.5980 | best mAR acc: 0.6736 | best Score: 0.5980 | best Score epoch: 22 
epoch 23, iter  901: loss: 0.0083 | load time: 0.0003 | back time: 3.9639 | lr: 0.00007219 | best AP50 acc: 0.8236 | best AP70 acc: 0.6486 | best mAP acc: 0.5980 | best mAR acc: 0.6736 | best Score: 0.5980 | best Score epoch: 22 
epoch 23, iter  951: loss: 0.0082 | load time: 0.0002 | back time: 4.0029 | lr: 0.00007207 | best AP50 acc: 0.8236 | best AP70 acc: 0.6486 | best mAP acc: 0.5980 | best mAR acc: 0.6736 | best Score: 0.5980 | best Score epoch: 22 
epoch 23, iter 1001: loss: 0.0078 | load time: 0.0003 | back time: 4.0622 | lr: 0.00007194 | best AP50 acc: 0.8236 | best AP70 acc: 0.6486 | best mAP acc: 0.5980 | best mAR acc: 0.6736 | best Score: 0.5980 | best Score epoch: 22 
epoch 23, iter 1051: loss: 0.0083 | load time: 0.0002 | back time: 3.9763 | lr: 0.00007182 | best AP50 acc: 0.8236 | best AP70 acc: 0.6486 | best mAP acc: 0.5980 | best mAR acc: 0.6736 | best Score: 0.5980 | best Score epoch: 22 
epoch 23, iter 1101: loss: 0.0080 | load time: 0.0002 | back time: 3.9847 | lr: 0.00007170 | best AP50 acc: 0.8236 | best AP70 acc: 0.6486 | best mAP acc: 0.5980 | best mAR acc: 0.6736 | best Score: 0.5980 | best Score epoch: 22 
epoch 23, iter 1151: loss: 0.0082 | load time: 0.0002 | back time: 4.0166 | lr: 0.00007158 | best AP50 acc: 0.8236 | best AP70 acc: 0.6486 | best mAP acc: 0.5980 | best mAR acc: 0.6736 | best Score: 0.5980 | best Score epoch: 22 
UAV_SEQS_2 | mAP50:90: 36.7889 | AP50: 54.3725 | AP70: 39.9632 
UAV_SEQS_37 | mAP50:90: 90.7606 | AP50: 100.0000 | AP70: 95.7673 
UAV_SEQS_45 | mAP50:90: 72.6114 | AP50: 97.9629 | AP70: 80.0571 
UAV_SEQS_47 | mAP50:90: 81.7673 | AP50: 100.0000 | AP70: 97.7840 
UAV_SEQS_55 | mAP50:90: 46.1192 | AP50: 75.9583 | AP70: 49.4396 
UAV_SEQS_59 | mAP50:90: 66.0188 | AP50: 96.2973 | AP70: 70.8102 
UAV_SEQS_6 | mAP50:90: 55.5222 | AP50: 93.8081 | AP70: 56.9993 
UAV_SEQS_63 | mAP50:90: 60.1330 | AP50: 98.0198 | AP70: 91.5194 
UAV_SEQS_65 | mAP50:90: 81.7276 | AP50: 97.5860 | AP70: 90.4096 
UAV_SEQS_7 | mAP50:90: 72.7575 | AP50: 98.0198 | AP70: 75.9983 
UAV_SEQS_71 | mAP50:90: 40.5688 | AP50: 78.6648 | AP70: 39.0873 
UAV_SEQS_73 | mAP50:90: 50.8185 | AP50: 75.4436 | AP70: 55.4217 
UAV_SEQS_74 | mAP50:90: 100.0000 | AP50: 100.0000 | AP70: 100.0000 
UAV_SEQS_77 | mAP50:90: 0.0000 | AP50: 0.0000 | AP70: 0.0000 
UAV_SEQS_8 | mAP50:90: 0.3051 | AP50: 0.9616 | AP70: 0.2315 
Overall            | mAP50:95: 56.6848 | AP50: 77.2689 | AP70: 63.2878 
epoch 24, iter    1: loss: 0.0085 | load time: 0.0072 | back time: 0.1350 | lr: 0.00007157 | best AP50 acc: 0.8236 | best AP70 acc: 0.6486 | best mAP acc: 0.5980 | best mAR acc: 0.6736 | best Score: 0.5980 | best Score epoch: 22 
epoch 24, iter   51: loss: 0.0082 | load time: 0.0002 | back time: 4.0292 | lr: 0.00007145 | best AP50 acc: 0.8236 | best AP70 acc: 0.6486 | best mAP acc: 0.5980 | best mAR acc: 0.6736 | best Score: 0.5980 | best Score epoch: 22 
epoch 24, iter  101: loss: 0.0083 | load time: 0.0002 | back time: 4.0318 | lr: 0.00007133 | best AP50 acc: 0.8236 | best AP70 acc: 0.6486 | best mAP acc: 0.5980 | best mAR acc: 0.6736 | best Score: 0.5980 | best Score epoch: 22 
epoch 24, iter  151: loss: 0.0081 | load time: 0.0002 | back time: 4.0334 | lr: 0.00007121 | best AP50 acc: 0.8236 | best AP70 acc: 0.6486 | best mAP acc: 0.5980 | best mAR acc: 0.6736 | best Score: 0.5980 | best Score epoch: 22 
epoch 24, iter  201: loss: 0.0081 | load time: 0.0002 | back time: 4.0369 | lr: 0.00007108 | best AP50 acc: 0.8236 | best AP70 acc: 0.6486 | best mAP acc: 0.5980 | best mAR acc: 0.6736 | best Score: 0.5980 | best Score epoch: 22 
epoch 24, iter  251: loss: 0.0082 | load time: 0.0002 | back time: 4.0581 | lr: 0.00007096 | best AP50 acc: 0.8236 | best AP70 acc: 0.6486 | best mAP acc: 0.5980 | best mAR acc: 0.6736 | best Score: 0.5980 | best Score epoch: 22 
epoch 24, iter  301: loss: 0.0082 | load time: 0.0005 | back time: 4.0400 | lr: 0.00007084 | best AP50 acc: 0.8236 | best AP70 acc: 0.6486 | best mAP acc: 0.5980 | best mAR acc: 0.6736 | best Score: 0.5980 | best Score epoch: 22 
epoch 24, iter  351: loss: 0.0082 | load time: 0.0002 | back time: 4.0441 | lr: 0.00007071 | best AP50 acc: 0.8236 | best AP70 acc: 0.6486 | best mAP acc: 0.5980 | best mAR acc: 0.6736 | best Score: 0.5980 | best Score epoch: 22 
epoch 24, iter  401: loss: 0.0080 | load time: 0.0002 | back time: 4.0469 | lr: 0.00007059 | best AP50 acc: 0.8236 | best AP70 acc: 0.6486 | best mAP acc: 0.5980 | best mAR acc: 0.6736 | best Score: 0.5980 | best Score epoch: 22 
epoch 24, iter  451: loss: 0.0080 | load time: 0.0003 | back time: 4.0275 | lr: 0.00007047 | best AP50 acc: 0.8236 | best AP70 acc: 0.6486 | best mAP acc: 0.5980 | best mAR acc: 0.6736 | best Score: 0.5980 | best Score epoch: 22 
epoch 24, iter  501: loss: 0.0083 | load time: 0.0002 | back time: 4.0222 | lr: 0.00007034 | best AP50 acc: 0.8236 | best AP70 acc: 0.6486 | best mAP acc: 0.5980 | best mAR acc: 0.6736 | best Score: 0.5980 | best Score epoch: 22 
epoch 24, iter  551: loss: 0.0080 | load time: 0.0002 | back time: 4.0211 | lr: 0.00007022 | best AP50 acc: 0.8236 | best AP70 acc: 0.6486 | best mAP acc: 0.5980 | best mAR acc: 0.6736 | best Score: 0.5980 | best Score epoch: 22 
epoch 24, iter  601: loss: 0.0082 | load time: 0.0003 | back time: 3.9738 | lr: 0.00007010 | best AP50 acc: 0.8236 | best AP70 acc: 0.6486 | best mAP acc: 0.5980 | best mAR acc: 0.6736 | best Score: 0.5980 | best Score epoch: 22 
epoch 24, iter  651: loss: 0.0081 | load time: 0.0003 | back time: 4.0321 | lr: 0.00006997 | best AP50 acc: 0.8236 | best AP70 acc: 0.6486 | best mAP acc: 0.5980 | best mAR acc: 0.6736 | best Score: 0.5980 | best Score epoch: 22 
epoch 24, iter  701: loss: 0.0080 | load time: 0.0005 | back time: 4.0544 | lr: 0.00006985 | best AP50 acc: 0.8236 | best AP70 acc: 0.6486 | best mAP acc: 0.5980 | best mAR acc: 0.6736 | best Score: 0.5980 | best Score epoch: 22 
epoch 24, iter  751: loss: 0.0080 | load time: 0.0004 | back time: 4.0547 | lr: 0.00006972 | best AP50 acc: 0.8236 | best AP70 acc: 0.6486 | best mAP acc: 0.5980 | best mAR acc: 0.6736 | best Score: 0.5980 | best Score epoch: 22 
epoch 24, iter  801: loss: 0.0082 | load time: 0.0003 | back time: 4.0489 | lr: 0.00006960 | best AP50 acc: 0.8236 | best AP70 acc: 0.6486 | best mAP acc: 0.5980 | best mAR acc: 0.6736 | best Score: 0.5980 | best Score epoch: 22 
epoch 24, iter  851: loss: 0.0082 | load time: 0.0002 | back time: 4.0488 | lr: 0.00006948 | best AP50 acc: 0.8236 | best AP70 acc: 0.6486 | best mAP acc: 0.5980 | best mAR acc: 0.6736 | best Score: 0.5980 | best Score epoch: 22 
epoch 24, iter  901: loss: 0.0083 | load time: 0.0003 | back time: 4.0533 | lr: 0.00006935 | best AP50 acc: 0.8236 | best AP70 acc: 0.6486 | best mAP acc: 0.5980 | best mAR acc: 0.6736 | best Score: 0.5980 | best Score epoch: 22 
epoch 24, iter  951: loss: 0.0082 | load time: 0.0003 | back time: 4.0216 | lr: 0.00006923 | best AP50 acc: 0.8236 | best AP70 acc: 0.6486 | best mAP acc: 0.5980 | best mAR acc: 0.6736 | best Score: 0.5980 | best Score epoch: 22 
epoch 24, iter 1001: loss: 0.0082 | load time: 0.0002 | back time: 4.0496 | lr: 0.00006910 | best AP50 acc: 0.8236 | best AP70 acc: 0.6486 | best mAP acc: 0.5980 | best mAR acc: 0.6736 | best Score: 0.5980 | best Score epoch: 22 
epoch 24, iter 1051: loss: 0.0081 | load time: 0.0002 | back time: 4.0527 | lr: 0.00006898 | best AP50 acc: 0.8236 | best AP70 acc: 0.6486 | best mAP acc: 0.5980 | best mAR acc: 0.6736 | best Score: 0.5980 | best Score epoch: 22 
epoch 24, iter 1101: loss: 0.0082 | load time: 0.0003 | back time: 4.0492 | lr: 0.00006885 | best AP50 acc: 0.8236 | best AP70 acc: 0.6486 | best mAP acc: 0.5980 | best mAR acc: 0.6736 | best Score: 0.5980 | best Score epoch: 22 
epoch 24, iter 1151: loss: 0.0082 | load time: 0.0002 | back time: 4.0502 | lr: 0.00006872 | best AP50 acc: 0.8236 | best AP70 acc: 0.6486 | best mAP acc: 0.5980 | best mAR acc: 0.6736 | best Score: 0.5980 | best Score epoch: 22 
UAV_SEQS_2 | mAP50:90: 32.8018 | AP50: 58.3824 | AP70: 33.1954 
UAV_SEQS_37 | mAP50:90: 95.9141 | AP50: 100.0000 | AP70: 98.5537 
UAV_SEQS_45 | mAP50:90: 39.2712 | AP50: 79.3582 | AP70: 37.7784 
UAV_SEQS_47 | mAP50:90: 64.4846 | AP50: 100.0000 | AP70: 80.6792 
UAV_SEQS_55 | mAP50:90: 37.1202 | AP50: 59.2004 | AP70: 39.8776 
UAV_SEQS_59 | mAP50:90: 42.1226 | AP50: 72.8053 | AP70: 39.9102 
UAV_SEQS_6 | mAP50:90: 61.1934 | AP50: 94.9259 | AP70: 69.8466 
UAV_SEQS_63 | mAP50:90: 44.9059 | AP50: 100.0000 | AP70: 58.7859 
UAV_SEQS_65 | mAP50:90: 77.3225 | AP50: 96.7351 | AP70: 84.4602 
UAV_SEQS_7 | mAP50:90: 67.6472 | AP50: 100.0000 | AP70: 66.7525 
UAV_SEQS_71 | mAP50:90: 20.0482 | AP50: 54.7001 | AP70: 14.8020 
UAV_SEQS_73 | mAP50:90: 41.4246 | AP50: 76.2573 | AP70: 37.8072 
UAV_SEQS_74 | mAP50:90: 100.0000 | AP50: 100.0000 | AP70: 100.0000 
UAV_SEQS_77 | mAP50:90: 0.0000 | AP50: 0.0000 | AP70: 0.0000 
UAV_SEQS_8 | mAP50:90: 0.0618 | AP50: 0.3229 | AP70: 0.0291 
Overall            | mAP50:95: 46.9033 | AP50: 71.7679 | AP70: 50.7022 
epoch 25, iter    1: loss: 0.0080 | load time: 0.0056 | back time: 0.0786 | lr: 0.00006872 | best AP50 acc: 0.8236 | best AP70 acc: 0.6486 | best mAP acc: 0.5980 | best mAR acc: 0.6736 | best Score: 0.5980 | best Score epoch: 22 
epoch 25, iter   51: loss: 0.0080 | load time: 0.0003 | back time: 4.0344 | lr: 0.00006859 | best AP50 acc: 0.8236 | best AP70 acc: 0.6486 | best mAP acc: 0.5980 | best mAR acc: 0.6736 | best Score: 0.5980 | best Score epoch: 22 
epoch 25, iter  101: loss: 0.0081 | load time: 0.0005 | back time: 4.0567 | lr: 0.00006847 | best AP50 acc: 0.8236 | best AP70 acc: 0.6486 | best mAP acc: 0.5980 | best mAR acc: 0.6736 | best Score: 0.5980 | best Score epoch: 22 
epoch 25, iter  151: loss: 0.0081 | load time: 0.0002 | back time: 3.9569 | lr: 0.00006834 | best AP50 acc: 0.8236 | best AP70 acc: 0.6486 | best mAP acc: 0.5980 | best mAR acc: 0.6736 | best Score: 0.5980 | best Score epoch: 22 
epoch 25, iter  201: loss: 0.0081 | load time: 0.0002 | back time: 4.1079 | lr: 0.00006822 | best AP50 acc: 0.8236 | best AP70 acc: 0.6486 | best mAP acc: 0.5980 | best mAR acc: 0.6736 | best Score: 0.5980 | best Score epoch: 22 
epoch 25, iter  251: loss: 0.0079 | load time: 0.0002 | back time: 4.0602 | lr: 0.00006809 | best AP50 acc: 0.8236 | best AP70 acc: 0.6486 | best mAP acc: 0.5980 | best mAR acc: 0.6736 | best Score: 0.5980 | best Score epoch: 22 
epoch 25, iter  301: loss: 0.0080 | load time: 0.0003 | back time: 4.0756 | lr: 0.00006796 | best AP50 acc: 0.8236 | best AP70 acc: 0.6486 | best mAP acc: 0.5980 | best mAR acc: 0.6736 | best Score: 0.5980 | best Score epoch: 22 
epoch 25, iter  351: loss: 0.0080 | load time: 0.0005 | back time: 4.0583 | lr: 0.00006784 | best AP50 acc: 0.8236 | best AP70 acc: 0.6486 | best mAP acc: 0.5980 | best mAR acc: 0.6736 | best Score: 0.5980 | best Score epoch: 22 
epoch 25, iter  401: loss: 0.0082 | load time: 0.0003 | back time: 4.0235 | lr: 0.00006771 | best AP50 acc: 0.8236 | best AP70 acc: 0.6486 | best mAP acc: 0.5980 | best mAR acc: 0.6736 | best Score: 0.5980 | best Score epoch: 22 
epoch 25, iter  451: loss: 0.0081 | load time: 0.0002 | back time: 4.0646 | lr: 0.00006758 | best AP50 acc: 0.8236 | best AP70 acc: 0.6486 | best mAP acc: 0.5980 | best mAR acc: 0.6736 | best Score: 0.5980 | best Score epoch: 22 
epoch 25, iter  501: loss: 0.0081 | load time: 0.0003 | back time: 4.0538 | lr: 0.00006746 | best AP50 acc: 0.8236 | best AP70 acc: 0.6486 | best mAP acc: 0.5980 | best mAR acc: 0.6736 | best Score: 0.5980 | best Score epoch: 22 
epoch 25, iter  551: loss: 0.0082 | load time: 0.0002 | back time: 4.0096 | lr: 0.00006733 | best AP50 acc: 0.8236 | best AP70 acc: 0.6486 | best mAP acc: 0.5980 | best mAR acc: 0.6736 | best Score: 0.5980 | best Score epoch: 22 
epoch 25, iter  601: loss: 0.0080 | load time: 0.0003 | back time: 4.0585 | lr: 0.00006720 | best AP50 acc: 0.8236 | best AP70 acc: 0.6486 | best mAP acc: 0.5980 | best mAR acc: 0.6736 | best Score: 0.5980 | best Score epoch: 22 
epoch 25, iter  651: loss: 0.0082 | load time: 0.0002 | back time: 4.0531 | lr: 0.00006708 | best AP50 acc: 0.8236 | best AP70 acc: 0.6486 | best mAP acc: 0.5980 | best mAR acc: 0.6736 | best Score: 0.5980 | best Score epoch: 22 
epoch 25, iter  701: loss: 0.0079 | load time: 0.0001 | back time: 4.0550 | lr: 0.00006695 | best AP50 acc: 0.8236 | best AP70 acc: 0.6486 | best mAP acc: 0.5980 | best mAR acc: 0.6736 | best Score: 0.5980 | best Score epoch: 22 
epoch 25, iter  751: loss: 0.0082 | load time: 0.0002 | back time: 4.0540 | lr: 0.00006682 | best AP50 acc: 0.8236 | best AP70 acc: 0.6486 | best mAP acc: 0.5980 | best mAR acc: 0.6736 | best Score: 0.5980 | best Score epoch: 22 
epoch 25, iter  801: loss: 0.0084 | load time: 0.0004 | back time: 4.0593 | lr: 0.00006669 | best AP50 acc: 0.8236 | best AP70 acc: 0.6486 | best mAP acc: 0.5980 | best mAR acc: 0.6736 | best Score: 0.5980 | best Score epoch: 22 
epoch 25, iter  851: loss: 0.0081 | load time: 0.0003 | back time: 4.0706 | lr: 0.00006657 | best AP50 acc: 0.8236 | best AP70 acc: 0.6486 | best mAP acc: 0.5980 | best mAR acc: 0.6736 | best Score: 0.5980 | best Score epoch: 22 
epoch 25, iter  901: loss: 0.0081 | load time: 0.0003 | back time: 4.0574 | lr: 0.00006644 | best AP50 acc: 0.8236 | best AP70 acc: 0.6486 | best mAP acc: 0.5980 | best mAR acc: 0.6736 | best Score: 0.5980 | best Score epoch: 22 
epoch 25, iter  951: loss: 0.0082 | load time: 0.0003 | back time: 4.0546 | lr: 0.00006631 | best AP50 acc: 0.8236 | best AP70 acc: 0.6486 | best mAP acc: 0.5980 | best mAR acc: 0.6736 | best Score: 0.5980 | best Score epoch: 22 
epoch 25, iter 1001: loss: 0.0080 | load time: 0.0003 | back time: 4.0309 | lr: 0.00006618 | best AP50 acc: 0.8236 | best AP70 acc: 0.6486 | best mAP acc: 0.5980 | best mAR acc: 0.6736 | best Score: 0.5980 | best Score epoch: 22 
epoch 25, iter 1051: loss: 0.0078 | load time: 0.0003 | back time: 4.0333 | lr: 0.00006606 | best AP50 acc: 0.8236 | best AP70 acc: 0.6486 | best mAP acc: 0.5980 | best mAR acc: 0.6736 | best Score: 0.5980 | best Score epoch: 22 
epoch 25, iter 1101: loss: 0.0082 | load time: 0.0004 | back time: 4.0473 | lr: 0.00006593 | best AP50 acc: 0.8236 | best AP70 acc: 0.6486 | best mAP acc: 0.5980 | best mAR acc: 0.6736 | best Score: 0.5980 | best Score epoch: 22 
epoch 25, iter 1151: loss: 0.0082 | load time: 0.0002 | back time: 4.0580 | lr: 0.00006580 | best AP50 acc: 0.8236 | best AP70 acc: 0.6486 | best mAP acc: 0.5980 | best mAR acc: 0.6736 | best Score: 0.5980 | best Score epoch: 22 
UAV_SEQS_2 | mAP50:90: 37.9721 | AP50: 64.0511 | AP70: 40.0549 
UAV_SEQS_37 | mAP50:90: 95.6866 | AP50: 100.0000 | AP70: 98.7756 
UAV_SEQS_45 | mAP50:90: 42.3571 | AP50: 81.3570 | AP70: 45.4515 
UAV_SEQS_47 | mAP50:90: 67.9447 | AP50: 100.0000 | AP70: 85.1690 
UAV_SEQS_55 | mAP50:90: 40.0808 | AP50: 60.9287 | AP70: 47.0694 
UAV_SEQS_59 | mAP50:90: 44.4264 | AP50: 78.3564 | AP70: 41.8317 
UAV_SEQS_6 | mAP50:90: 60.1632 | AP50: 95.9843 | AP70: 64.7574 
UAV_SEQS_63 | mAP50:90: 46.1117 | AP50: 97.0297 | AP70: 49.5958 
UAV_SEQS_65 | mAP50:90: 78.7843 | AP50: 97.3013 | AP70: 88.5149 
UAV_SEQS_7 | mAP50:90: 75.6178 | AP50: 100.0000 | AP70: 77.8383 
UAV_SEQS_71 | mAP50:90: 31.0518 | AP50: 69.7603 | AP70: 24.6498 
UAV_SEQS_73 | mAP50:90: 41.8837 | AP50: 76.2148 | AP70: 36.0336 
UAV_SEQS_74 | mAP50:90: 100.0000 | AP50: 100.0000 | AP70: 100.0000 
UAV_SEQS_77 | mAP50:90: 0.0000 | AP50: 0.0000 | AP70: 0.0000 
UAV_SEQS_8 | mAP50:90: 0.1232 | AP50: 0.3888 | AP70: 0.0864 
Overall            | mAP50:95: 49.7249 | AP50: 74.6822 | AP70: 53.8066 
epoch 26, iter    1: loss: 0.0078 | load time: 0.0065 | back time: 0.0790 | lr: 0.00006579 | best AP50 acc: 0.8236 | best AP70 acc: 0.6486 | best mAP acc: 0.5980 | best mAR acc: 0.6736 | best Score: 0.5980 | best Score epoch: 22 
epoch 26, iter   51: loss: 0.0083 | load time: 0.0004 | back time: 4.0620 | lr: 0.00006567 | best AP50 acc: 0.8236 | best AP70 acc: 0.6486 | best mAP acc: 0.5980 | best mAR acc: 0.6736 | best Score: 0.5980 | best Score epoch: 22 
epoch 26, iter  101: loss: 0.0080 | load time: 0.0002 | back time: 4.0403 | lr: 0.00006554 | best AP50 acc: 0.8236 | best AP70 acc: 0.6486 | best mAP acc: 0.5980 | best mAR acc: 0.6736 | best Score: 0.5980 | best Score epoch: 22 
epoch 26, iter  151: loss: 0.0081 | load time: 0.0002 | back time: 4.0370 | lr: 0.00006541 | best AP50 acc: 0.8236 | best AP70 acc: 0.6486 | best mAP acc: 0.5980 | best mAR acc: 0.6736 | best Score: 0.5980 | best Score epoch: 22 
epoch 26, iter  201: loss: 0.0084 | load time: 0.0003 | back time: 4.0369 | lr: 0.00006528 | best AP50 acc: 0.8236 | best AP70 acc: 0.6486 | best mAP acc: 0.5980 | best mAR acc: 0.6736 | best Score: 0.5980 | best Score epoch: 22 
epoch 26, iter  251: loss: 0.0082 | load time: 0.0002 | back time: 4.0601 | lr: 0.00006515 | best AP50 acc: 0.8236 | best AP70 acc: 0.6486 | best mAP acc: 0.5980 | best mAR acc: 0.6736 | best Score: 0.5980 | best Score epoch: 22 
epoch 26, iter  301: loss: 0.0082 | load time: 0.0002 | back time: 4.0377 | lr: 0.00006502 | best AP50 acc: 0.8236 | best AP70 acc: 0.6486 | best mAP acc: 0.5980 | best mAR acc: 0.6736 | best Score: 0.5980 | best Score epoch: 22 
epoch 26, iter  351: loss: 0.0081 | load time: 0.0003 | back time: 4.0419 | lr: 0.00006489 | best AP50 acc: 0.8236 | best AP70 acc: 0.6486 | best mAP acc: 0.5980 | best mAR acc: 0.6736 | best Score: 0.5980 | best Score epoch: 22 
epoch 26, iter  401: loss: 0.0082 | load time: 0.0003 | back time: 3.9860 | lr: 0.00006476 | best AP50 acc: 0.8236 | best AP70 acc: 0.6486 | best mAP acc: 0.5980 | best mAR acc: 0.6736 | best Score: 0.5980 | best Score epoch: 22 
epoch 26, iter  451: loss: 0.0081 | load time: 0.0002 | back time: 3.9944 | lr: 0.00006463 | best AP50 acc: 0.8236 | best AP70 acc: 0.6486 | best mAP acc: 0.5980 | best mAR acc: 0.6736 | best Score: 0.5980 | best Score epoch: 22 
epoch 26, iter  501: loss: 0.0081 | load time: 0.0002 | back time: 4.0238 | lr: 0.00006450 | best AP50 acc: 0.8236 | best AP70 acc: 0.6486 | best mAP acc: 0.5980 | best mAR acc: 0.6736 | best Score: 0.5980 | best Score epoch: 22 
epoch 26, iter  551: loss: 0.0081 | load time: 0.0001 | back time: 4.0338 | lr: 0.00006437 | best AP50 acc: 0.8236 | best AP70 acc: 0.6486 | best mAP acc: 0.5980 | best mAR acc: 0.6736 | best Score: 0.5980 | best Score epoch: 22 
epoch 26, iter  601: loss: 0.0081 | load time: 0.0002 | back time: 4.0081 | lr: 0.00006425 | best AP50 acc: 0.8236 | best AP70 acc: 0.6486 | best mAP acc: 0.5980 | best mAR acc: 0.6736 | best Score: 0.5980 | best Score epoch: 22 
epoch 26, iter  651: loss: 0.0077 | load time: 0.0003 | back time: 4.0237 | lr: 0.00006412 | best AP50 acc: 0.8236 | best AP70 acc: 0.6486 | best mAP acc: 0.5980 | best mAR acc: 0.6736 | best Score: 0.5980 | best Score epoch: 22 
epoch 26, iter  701: loss: 0.0080 | load time: 0.0002 | back time: 4.0347 | lr: 0.00006399 | best AP50 acc: 0.8236 | best AP70 acc: 0.6486 | best mAP acc: 0.5980 | best mAR acc: 0.6736 | best Score: 0.5980 | best Score epoch: 22 
epoch 26, iter  751: loss: 0.0081 | load time: 0.0002 | back time: 4.0471 | lr: 0.00006386 | best AP50 acc: 0.8236 | best AP70 acc: 0.6486 | best mAP acc: 0.5980 | best mAR acc: 0.6736 | best Score: 0.5980 | best Score epoch: 22 
epoch 26, iter  801: loss: 0.0081 | load time: 0.0003 | back time: 4.0228 | lr: 0.00006373 | best AP50 acc: 0.8236 | best AP70 acc: 0.6486 | best mAP acc: 0.5980 | best mAR acc: 0.6736 | best Score: 0.5980 | best Score epoch: 22 
epoch 26, iter  851: loss: 0.0076 | load time: 0.0003 | back time: 4.0111 | lr: 0.00006360 | best AP50 acc: 0.8236 | best AP70 acc: 0.6486 | best mAP acc: 0.5980 | best mAR acc: 0.6736 | best Score: 0.5980 | best Score epoch: 22 
epoch 26, iter  901: loss: 0.0082 | load time: 0.0002 | back time: 4.0363 | lr: 0.00006347 | best AP50 acc: 0.8236 | best AP70 acc: 0.6486 | best mAP acc: 0.5980 | best mAR acc: 0.6736 | best Score: 0.5980 | best Score epoch: 22 
epoch 26, iter  951: loss: 0.0082 | load time: 0.0004 | back time: 4.0305 | lr: 0.00006334 | best AP50 acc: 0.8236 | best AP70 acc: 0.6486 | best mAP acc: 0.5980 | best mAR acc: 0.6736 | best Score: 0.5980 | best Score epoch: 22 
epoch 26, iter 1001: loss: 0.0081 | load time: 0.0002 | back time: 4.0440 | lr: 0.00006320 | best AP50 acc: 0.8236 | best AP70 acc: 0.6486 | best mAP acc: 0.5980 | best mAR acc: 0.6736 | best Score: 0.5980 | best Score epoch: 22 
epoch 26, iter 1051: loss: 0.0080 | load time: 0.0003 | back time: 4.0492 | lr: 0.00006307 | best AP50 acc: 0.8236 | best AP70 acc: 0.6486 | best mAP acc: 0.5980 | best mAR acc: 0.6736 | best Score: 0.5980 | best Score epoch: 22 
epoch 26, iter 1101: loss: 0.0081 | load time: 0.0004 | back time: 4.0501 | lr: 0.00006294 | best AP50 acc: 0.8236 | best AP70 acc: 0.6486 | best mAP acc: 0.5980 | best mAR acc: 0.6736 | best Score: 0.5980 | best Score epoch: 22 
epoch 26, iter 1151: loss: 0.0080 | load time: 0.0004 | back time: 4.0921 | lr: 0.00006281 | best AP50 acc: 0.8236 | best AP70 acc: 0.6486 | best mAP acc: 0.5980 | best mAR acc: 0.6736 | best Score: 0.5980 | best Score epoch: 22 
UAV_SEQS_2 | mAP50:90: 17.6226 | AP50: 40.3109 | AP70: 13.8817 
UAV_SEQS_37 | mAP50:90: 96.1623 | AP50: 100.0000 | AP70: 97.5890 
UAV_SEQS_45 | mAP50:90: 43.2768 | AP50: 81.1273 | AP70: 47.1515 
UAV_SEQS_47 | mAP50:90: 65.7875 | AP50: 100.0000 | AP70: 81.2802 
UAV_SEQS_55 | mAP50:90: 41.1121 | AP50: 74.2418 | AP70: 46.9838 
UAV_SEQS_59 | mAP50:90: 41.2026 | AP50: 76.4894 | AP70: 39.6659 
UAV_SEQS_6 | mAP50:90: 56.6899 | AP50: 92.5088 | AP70: 62.8530 
UAV_SEQS_63 | mAP50:90: 68.1988 | AP50: 100.0000 | AP70: 92.5514 
UAV_SEQS_65 | mAP50:90: 77.2870 | AP50: 97.3138 | AP70: 86.0816 
UAV_SEQS_7 | mAP50:90: 50.7239 | AP50: 100.0000 | AP70: 41.4026 
UAV_SEQS_71 | mAP50:90: 20.8803 | AP50: 49.6051 | AP70: 16.6853 
UAV_SEQS_73 | mAP50:90: 37.5489 | AP50: 65.7630 | AP70: 36.8604 
UAV_SEQS_74 | mAP50:90: 100.0000 | AP50: 100.0000 | AP70: 100.0000 
UAV_SEQS_77 | mAP50:90: 0.0000 | AP50: 0.0000 | AP70: 0.0000 
UAV_SEQS_8 | mAP50:90: 0.0182 | AP50: 0.0983 | AP70: 0.0073 
Overall            | mAP50:95: 45.1411 | AP50: 70.9834 | AP70: 48.7378 
epoch 27, iter    1: loss: 0.0080 | load time: 0.0061 | back time: 0.0765 | lr: 0.00006281 | best AP50 acc: 0.8236 | best AP70 acc: 0.6486 | best mAP acc: 0.5980 | best mAR acc: 0.6736 | best Score: 0.5980 | best Score epoch: 22 
epoch 27, iter   51: loss: 0.0081 | load time: 0.0003 | back time: 4.0544 | lr: 0.00006268 | best AP50 acc: 0.8236 | best AP70 acc: 0.6486 | best mAP acc: 0.5980 | best mAR acc: 0.6736 | best Score: 0.5980 | best Score epoch: 22 
epoch 27, iter  101: loss: 0.0081 | load time: 0.0004 | back time: 4.0511 | lr: 0.00006255 | best AP50 acc: 0.8236 | best AP70 acc: 0.6486 | best mAP acc: 0.5980 | best mAR acc: 0.6736 | best Score: 0.5980 | best Score epoch: 22 
epoch 27, iter  151: loss: 0.0080 | load time: 0.0002 | back time: 4.0467 | lr: 0.00006241 | best AP50 acc: 0.8236 | best AP70 acc: 0.6486 | best mAP acc: 0.5980 | best mAR acc: 0.6736 | best Score: 0.5980 | best Score epoch: 22 
epoch 27, iter  201: loss: 0.0081 | load time: 0.0003 | back time: 4.0933 | lr: 0.00006228 | best AP50 acc: 0.8236 | best AP70 acc: 0.6486 | best mAP acc: 0.5980 | best mAR acc: 0.6736 | best Score: 0.5980 | best Score epoch: 22 
epoch 27, iter  251: loss: 0.0081 | load time: 0.0002 | back time: 4.0365 | lr: 0.00006215 | best AP50 acc: 0.8236 | best AP70 acc: 0.6486 | best mAP acc: 0.5980 | best mAR acc: 0.6736 | best Score: 0.5980 | best Score epoch: 22 
epoch 27, iter  301: loss: 0.0081 | load time: 0.0002 | back time: 4.0301 | lr: 0.00006202 | best AP50 acc: 0.8236 | best AP70 acc: 0.6486 | best mAP acc: 0.5980 | best mAR acc: 0.6736 | best Score: 0.5980 | best Score epoch: 22 
epoch 27, iter  351: loss: 0.0082 | load time: 0.0002 | back time: 4.0523 | lr: 0.00006189 | best AP50 acc: 0.8236 | best AP70 acc: 0.6486 | best mAP acc: 0.5980 | best mAR acc: 0.6736 | best Score: 0.5980 | best Score epoch: 22 
epoch 27, iter  401: loss: 0.0086 | load time: 0.0004 | back time: 4.0384 | lr: 0.00006176 | best AP50 acc: 0.8236 | best AP70 acc: 0.6486 | best mAP acc: 0.5980 | best mAR acc: 0.6736 | best Score: 0.5980 | best Score epoch: 22 
epoch 27, iter  451: loss: 0.0080 | load time: 0.0002 | back time: 4.0522 | lr: 0.00006163 | best AP50 acc: 0.8236 | best AP70 acc: 0.6486 | best mAP acc: 0.5980 | best mAR acc: 0.6736 | best Score: 0.5980 | best Score epoch: 22 
epoch 27, iter  501: loss: 0.0081 | load time: 0.0002 | back time: 4.1066 | lr: 0.00006150 | best AP50 acc: 0.8236 | best AP70 acc: 0.6486 | best mAP acc: 0.5980 | best mAR acc: 0.6736 | best Score: 0.5980 | best Score epoch: 22 
epoch 27, iter  551: loss: 0.0081 | load time: 0.0003 | back time: 4.0750 | lr: 0.00006136 | best AP50 acc: 0.8236 | best AP70 acc: 0.6486 | best mAP acc: 0.5980 | best mAR acc: 0.6736 | best Score: 0.5980 | best Score epoch: 22 
epoch 27, iter  601: loss: 0.0081 | load time: 0.0004 | back time: 4.0523 | lr: 0.00006123 | best AP50 acc: 0.8236 | best AP70 acc: 0.6486 | best mAP acc: 0.5980 | best mAR acc: 0.6736 | best Score: 0.5980 | best Score epoch: 22 
epoch 27, iter  651: loss: 0.0079 | load time: 0.0003 | back time: 4.0579 | lr: 0.00006110 | best AP50 acc: 0.8236 | best AP70 acc: 0.6486 | best mAP acc: 0.5980 | best mAR acc: 0.6736 | best Score: 0.5980 | best Score epoch: 22 
epoch 27, iter  701: loss: 0.0081 | load time: 0.0003 | back time: 4.0518 | lr: 0.00006097 | best AP50 acc: 0.8236 | best AP70 acc: 0.6486 | best mAP acc: 0.5980 | best mAR acc: 0.6736 | best Score: 0.5980 | best Score epoch: 22 
epoch 27, iter  751: loss: 0.0081 | load time: 0.0003 | back time: 4.0575 | lr: 0.00006084 | best AP50 acc: 0.8236 | best AP70 acc: 0.6486 | best mAP acc: 0.5980 | best mAR acc: 0.6736 | best Score: 0.5980 | best Score epoch: 22 
epoch 27, iter  801: loss: 0.0082 | load time: 0.0002 | back time: 4.0587 | lr: 0.00006070 | best AP50 acc: 0.8236 | best AP70 acc: 0.6486 | best mAP acc: 0.5980 | best mAR acc: 0.6736 | best Score: 0.5980 | best Score epoch: 22 
epoch 27, iter  851: loss: 0.0081 | load time: 0.0002 | back time: 4.0369 | lr: 0.00006057 | best AP50 acc: 0.8236 | best AP70 acc: 0.6486 | best mAP acc: 0.5980 | best mAR acc: 0.6736 | best Score: 0.5980 | best Score epoch: 22 
epoch 27, iter  901: loss: 0.0081 | load time: 0.0003 | back time: 4.0506 | lr: 0.00006044 | best AP50 acc: 0.8236 | best AP70 acc: 0.6486 | best mAP acc: 0.5980 | best mAR acc: 0.6736 | best Score: 0.5980 | best Score epoch: 22 
epoch 27, iter  951: loss: 0.0081 | load time: 0.0002 | back time: 4.0525 | lr: 0.00006031 | best AP50 acc: 0.8236 | best AP70 acc: 0.6486 | best mAP acc: 0.5980 | best mAR acc: 0.6736 | best Score: 0.5980 | best Score epoch: 22 
epoch 27, iter 1001: loss: 0.0080 | load time: 0.0004 | back time: 4.0675 | lr: 0.00006018 | best AP50 acc: 0.8236 | best AP70 acc: 0.6486 | best mAP acc: 0.5980 | best mAR acc: 0.6736 | best Score: 0.5980 | best Score epoch: 22 
epoch 27, iter 1051: loss: 0.0080 | load time: 0.0002 | back time: 4.0709 | lr: 0.00006004 | best AP50 acc: 0.8236 | best AP70 acc: 0.6486 | best mAP acc: 0.5980 | best mAR acc: 0.6736 | best Score: 0.5980 | best Score epoch: 22 
epoch 27, iter 1101: loss: 0.0081 | load time: 0.0002 | back time: 4.0548 | lr: 0.00005991 | best AP50 acc: 0.8236 | best AP70 acc: 0.6486 | best mAP acc: 0.5980 | best mAR acc: 0.6736 | best Score: 0.5980 | best Score epoch: 22 
epoch 27, iter 1151: loss: 0.0080 | load time: 0.0002 | back time: 4.1162 | lr: 0.00005978 | best AP50 acc: 0.8236 | best AP70 acc: 0.6486 | best mAP acc: 0.5980 | best mAR acc: 0.6736 | best Score: 0.5980 | best Score epoch: 22 
UAV_SEQS_2 | mAP50:90: 31.4174 | AP50: 69.2948 | AP70: 29.4623 
UAV_SEQS_37 | mAP50:90: 97.0018 | AP50: 100.0000 | AP70: 98.7625 
UAV_SEQS_45 | mAP50:90: 25.7850 | AP50: 67.5847 | AP70: 19.4625 
UAV_SEQS_47 | mAP50:90: 54.8134 | AP50: 100.0000 | AP70: 58.6553 
UAV_SEQS_55 | mAP50:90: 36.5507 | AP50: 61.6080 | AP70: 42.8971 
UAV_SEQS_59 | mAP50:90: 24.1802 | AP50: 59.4857 | AP70: 19.0717 
UAV_SEQS_6 | mAP50:90: 70.5113 | AP50: 98.7352 | AP70: 82.1989 
UAV_SEQS_63 | mAP50:90: 57.3487 | AP50: 100.0000 | AP70: 88.0428 
UAV_SEQS_65 | mAP50:90: 68.6400 | AP50: 97.4176 | AP70: 79.6916 
UAV_SEQS_7 | mAP50:90: 73.3069 | AP50: 100.0000 | AP70: 72.9439 
UAV_SEQS_71 | mAP50:90: 12.0830 | AP50: 35.9752 | AP70: 7.2032 
UAV_SEQS_73 | mAP50:90: 28.1279 | AP50: 59.1586 | AP70: 23.3277 
UAV_SEQS_74 | mAP50:90: 98.7926 | AP50: 100.0000 | AP70: 100.0000 
UAV_SEQS_77 | mAP50:90: 0.0000 | AP50: 0.0000 | AP70: 0.0000 
UAV_SEQS_8 | mAP50:90: 0.0795 | AP50: 0.2466 | AP70: 0.0740 
Overall            | mAP50:95: 41.4615 | AP50: 67.4513 | AP70: 43.9721 
epoch 28, iter    1: loss: 0.0080 | load time: 0.0082 | back time: 0.1517 | lr: 0.00005977 | best AP50 acc: 0.8236 | best AP70 acc: 0.6486 | best mAP acc: 0.5980 | best mAR acc: 0.6736 | best Score: 0.5980 | best Score epoch: 22 
epoch 28, iter   51: loss: 0.0081 | load time: 0.0002 | back time: 4.0015 | lr: 0.00005964 | best AP50 acc: 0.8236 | best AP70 acc: 0.6486 | best mAP acc: 0.5980 | best mAR acc: 0.6736 | best Score: 0.5980 | best Score epoch: 22 
epoch 28, iter  101: loss: 0.0082 | load time: 0.0002 | back time: 4.0567 | lr: 0.00005951 | best AP50 acc: 0.8236 | best AP70 acc: 0.6486 | best mAP acc: 0.5980 | best mAR acc: 0.6736 | best Score: 0.5980 | best Score epoch: 22 
epoch 28, iter  151: loss: 0.0081 | load time: 0.0003 | back time: 4.0523 | lr: 0.00005937 | best AP50 acc: 0.8236 | best AP70 acc: 0.6486 | best mAP acc: 0.5980 | best mAR acc: 0.6736 | best Score: 0.5980 | best Score epoch: 22 
epoch 28, iter  201: loss: 0.0081 | load time: 0.0004 | back time: 4.0359 | lr: 0.00005924 | best AP50 acc: 0.8236 | best AP70 acc: 0.6486 | best mAP acc: 0.5980 | best mAR acc: 0.6736 | best Score: 0.5980 | best Score epoch: 22 
epoch 28, iter  251: loss: 0.0081 | load time: 0.0003 | back time: 4.0501 | lr: 0.00005911 | best AP50 acc: 0.8236 | best AP70 acc: 0.6486 | best mAP acc: 0.5980 | best mAR acc: 0.6736 | best Score: 0.5980 | best Score epoch: 22 
epoch 28, iter  301: loss: 0.0081 | load time: 0.0003 | back time: 4.0680 | lr: 0.00005898 | best AP50 acc: 0.8236 | best AP70 acc: 0.6486 | best mAP acc: 0.5980 | best mAR acc: 0.6736 | best Score: 0.5980 | best Score epoch: 22 
epoch 28, iter  351: loss: 0.0080 | load time: 0.0002 | back time: 4.0614 | lr: 0.00005884 | best AP50 acc: 0.8236 | best AP70 acc: 0.6486 | best mAP acc: 0.5980 | best mAR acc: 0.6736 | best Score: 0.5980 | best Score epoch: 22 
epoch 28, iter  401: loss: 0.0082 | load time: 0.0003 | back time: 4.0606 | lr: 0.00005871 | best AP50 acc: 0.8236 | best AP70 acc: 0.6486 | best mAP acc: 0.5980 | best mAR acc: 0.6736 | best Score: 0.5980 | best Score epoch: 22 
epoch 28, iter  451: loss: 0.0081 | load time: 0.0003 | back time: 4.0565 | lr: 0.00005858 | best AP50 acc: 0.8236 | best AP70 acc: 0.6486 | best mAP acc: 0.5980 | best mAR acc: 0.6736 | best Score: 0.5980 | best Score epoch: 22 
epoch 28, iter  501: loss: 0.0080 | load time: 0.0003 | back time: 4.0578 | lr: 0.00005844 | best AP50 acc: 0.8236 | best AP70 acc: 0.6486 | best mAP acc: 0.5980 | best mAR acc: 0.6736 | best Score: 0.5980 | best Score epoch: 22 
epoch 28, iter  551: loss: 0.0082 | load time: 0.0003 | back time: 4.0575 | lr: 0.00005831 | best AP50 acc: 0.8236 | best AP70 acc: 0.6486 | best mAP acc: 0.5980 | best mAR acc: 0.6736 | best Score: 0.5980 | best Score epoch: 22 
epoch 28, iter  601: loss: 0.0082 | load time: 0.0002 | back time: 4.0582 | lr: 0.00005818 | best AP50 acc: 0.8236 | best AP70 acc: 0.6486 | best mAP acc: 0.5980 | best mAR acc: 0.6736 | best Score: 0.5980 | best Score epoch: 22 
epoch 28, iter  651: loss: 0.0081 | load time: 0.0003 | back time: 4.0574 | lr: 0.00005804 | best AP50 acc: 0.8236 | best AP70 acc: 0.6486 | best mAP acc: 0.5980 | best mAR acc: 0.6736 | best Score: 0.5980 | best Score epoch: 22 
epoch 28, iter  701: loss: 0.0080 | load time: 0.0003 | back time: 3.9872 | lr: 0.00005791 | best AP50 acc: 0.8236 | best AP70 acc: 0.6486 | best mAP acc: 0.5980 | best mAR acc: 0.6736 | best Score: 0.5980 | best Score epoch: 22 
epoch 28, iter  751: loss: 0.0077 | load time: 0.0002 | back time: 4.0415 | lr: 0.00005778 | best AP50 acc: 0.8236 | best AP70 acc: 0.6486 | best mAP acc: 0.5980 | best mAR acc: 0.6736 | best Score: 0.5980 | best Score epoch: 22 
epoch 28, iter  801: loss: 0.0084 | load time: 0.0002 | back time: 4.0446 | lr: 0.00005764 | best AP50 acc: 0.8236 | best AP70 acc: 0.6486 | best mAP acc: 0.5980 | best mAR acc: 0.6736 | best Score: 0.5980 | best Score epoch: 22 
epoch 28, iter  851: loss: 0.0081 | load time: 0.0003 | back time: 4.0537 | lr: 0.00005751 | best AP50 acc: 0.8236 | best AP70 acc: 0.6486 | best mAP acc: 0.5980 | best mAR acc: 0.6736 | best Score: 0.5980 | best Score epoch: 22 
epoch 28, iter  901: loss: 0.0082 | load time: 0.0002 | back time: 4.0346 | lr: 0.00005738 | best AP50 acc: 0.8236 | best AP70 acc: 0.6486 | best mAP acc: 0.5980 | best mAR acc: 0.6736 | best Score: 0.5980 | best Score epoch: 22 
epoch 28, iter  951: loss: 0.0080 | load time: 0.0001 | back time: 4.0605 | lr: 0.00005724 | best AP50 acc: 0.8236 | best AP70 acc: 0.6486 | best mAP acc: 0.5980 | best mAR acc: 0.6736 | best Score: 0.5980 | best Score epoch: 22 
epoch 28, iter 1001: loss: 0.0080 | load time: 0.0002 | back time: 4.0711 | lr: 0.00005711 | best AP50 acc: 0.8236 | best AP70 acc: 0.6486 | best mAP acc: 0.5980 | best mAR acc: 0.6736 | best Score: 0.5980 | best Score epoch: 22 
epoch 28, iter 1051: loss: 0.0080 | load time: 0.0002 | back time: 4.0417 | lr: 0.00005697 | best AP50 acc: 0.8236 | best AP70 acc: 0.6486 | best mAP acc: 0.5980 | best mAR acc: 0.6736 | best Score: 0.5980 | best Score epoch: 22 
epoch 28, iter 1101: loss: 0.0081 | load time: 0.0002 | back time: 4.0467 | lr: 0.00005684 | best AP50 acc: 0.8236 | best AP70 acc: 0.6486 | best mAP acc: 0.5980 | best mAR acc: 0.6736 | best Score: 0.5980 | best Score epoch: 22 
epoch 28, iter 1151: loss: 0.0082 | load time: 0.0002 | back time: 4.0580 | lr: 0.00005671 | best AP50 acc: 0.8236 | best AP70 acc: 0.6486 | best mAP acc: 0.5980 | best mAR acc: 0.6736 | best Score: 0.5980 | best Score epoch: 22 
UAV_SEQS_2 | mAP50:90: 33.6398 | AP50: 71.8340 | AP70: 31.2725 
UAV_SEQS_37 | mAP50:90: 97.2091 | AP50: 100.0000 | AP70: 98.7558 
UAV_SEQS_45 | mAP50:90: 33.7817 | AP50: 77.9213 | AP70: 26.4319 
UAV_SEQS_47 | mAP50:90: 62.4124 | AP50: 100.0000 | AP70: 74.1785 
UAV_SEQS_55 | mAP50:90: 43.5383 | AP50: 66.7744 | AP70: 50.8072 
UAV_SEQS_59 | mAP50:90: 33.9053 | AP50: 72.5248 | AP70: 28.9587 
UAV_SEQS_6 | mAP50:90: 72.9557 | AP50: 100.0000 | AP70: 80.1368 
UAV_SEQS_63 | mAP50:90: 61.2521 | AP50: 100.0000 | AP70: 94.0897 
UAV_SEQS_65 | mAP50:90: 72.2019 | AP50: 97.2864 | AP70: 82.6139 
UAV_SEQS_7 | mAP50:90: 89.6366 | AP50: 100.0000 | AP70: 100.0000 
UAV_SEQS_71 | mAP50:90: 17.6941 | AP50: 44.6144 | AP70: 11.9131 
UAV_SEQS_73 | mAP50:90: 33.5453 | AP50: 63.6348 | AP70: 28.5912 
UAV_SEQS_74 | mAP50:90: 99.3921 | AP50: 100.0000 | AP70: 100.0000 
UAV_SEQS_77 | mAP50:90: 0.0000 | AP50: 0.0000 | AP70: 0.0000 
UAV_SEQS_8 | mAP50:90: 0.4038 | AP50: 1.4746 | AP70: 0.2282 
Overall            | mAP50:95: 47.5852 | AP50: 72.0504 | AP70: 51.0969 
epoch 29, iter    1: loss: 0.0081 | load time: 0.0069 | back time: 0.1172 | lr: 0.00005670 | best AP50 acc: 0.8236 | best AP70 acc: 0.6486 | best mAP acc: 0.5980 | best mAR acc: 0.6736 | best Score: 0.5980 | best Score epoch: 22 
epoch 29, iter   51: loss: 0.0080 | load time: 0.0003 | back time: 4.0518 | lr: 0.00005657 | best AP50 acc: 0.8236 | best AP70 acc: 0.6486 | best mAP acc: 0.5980 | best mAR acc: 0.6736 | best Score: 0.5980 | best Score epoch: 22 
epoch 29, iter  101: loss: 0.0080 | load time: 0.0003 | back time: 3.9670 | lr: 0.00005643 | best AP50 acc: 0.8236 | best AP70 acc: 0.6486 | best mAP acc: 0.5980 | best mAR acc: 0.6736 | best Score: 0.5980 | best Score epoch: 22 
epoch 29, iter  151: loss: 0.0081 | load time: 0.0002 | back time: 3.9625 | lr: 0.00005630 | best AP50 acc: 0.8236 | best AP70 acc: 0.6486 | best mAP acc: 0.5980 | best mAR acc: 0.6736 | best Score: 0.5980 | best Score epoch: 22 
epoch 29, iter  201: loss: 0.0080 | load time: 0.0003 | back time: 3.9492 | lr: 0.00005617 | best AP50 acc: 0.8236 | best AP70 acc: 0.6486 | best mAP acc: 0.5980 | best mAR acc: 0.6736 | best Score: 0.5980 | best Score epoch: 22 
epoch 29, iter  251: loss: 0.0080 | load time: 0.0002 | back time: 3.9716 | lr: 0.00005603 | best AP50 acc: 0.8236 | best AP70 acc: 0.6486 | best mAP acc: 0.5980 | best mAR acc: 0.6736 | best Score: 0.5980 | best Score epoch: 22 
epoch 29, iter  301: loss: 0.0081 | load time: 0.0002 | back time: 4.0128 | lr: 0.00005590 | best AP50 acc: 0.8236 | best AP70 acc: 0.6486 | best mAP acc: 0.5980 | best mAR acc: 0.6736 | best Score: 0.5980 | best Score epoch: 22 
epoch 29, iter  351: loss: 0.0082 | load time: 0.0002 | back time: 4.0234 | lr: 0.00005576 | best AP50 acc: 0.8236 | best AP70 acc: 0.6486 | best mAP acc: 0.5980 | best mAR acc: 0.6736 | best Score: 0.5980 | best Score epoch: 22 
epoch 29, iter  401: loss: 0.0080 | load time: 0.0004 | back time: 4.0335 | lr: 0.00005563 | best AP50 acc: 0.8236 | best AP70 acc: 0.6486 | best mAP acc: 0.5980 | best mAR acc: 0.6736 | best Score: 0.5980 | best Score epoch: 22 
epoch 29, iter  451: loss: 0.0080 | load time: 0.0002 | back time: 4.0344 | lr: 0.00005549 | best AP50 acc: 0.8236 | best AP70 acc: 0.6486 | best mAP acc: 0.5980 | best mAR acc: 0.6736 | best Score: 0.5980 | best Score epoch: 22 
epoch 29, iter  501: loss: 0.0081 | load time: 0.0003 | back time: 4.0542 | lr: 0.00005536 | best AP50 acc: 0.8236 | best AP70 acc: 0.6486 | best mAP acc: 0.5980 | best mAR acc: 0.6736 | best Score: 0.5980 | best Score epoch: 22 
epoch 29, iter  551: loss: 0.0079 | load time: 0.0004 | back time: 4.0343 | lr: 0.00005523 | best AP50 acc: 0.8236 | best AP70 acc: 0.6486 | best mAP acc: 0.5980 | best mAR acc: 0.6736 | best Score: 0.5980 | best Score epoch: 22 
epoch 29, iter  601: loss: 0.0079 | load time: 0.0004 | back time: 4.0281 | lr: 0.00005509 | best AP50 acc: 0.8236 | best AP70 acc: 0.6486 | best mAP acc: 0.5980 | best mAR acc: 0.6736 | best Score: 0.5980 | best Score epoch: 22 
epoch 29, iter  651: loss: 0.0080 | load time: 0.0002 | back time: 4.0439 | lr: 0.00005496 | best AP50 acc: 0.8236 | best AP70 acc: 0.6486 | best mAP acc: 0.5980 | best mAR acc: 0.6736 | best Score: 0.5980 | best Score epoch: 22 
epoch 29, iter  701: loss: 0.0080 | load time: 0.0002 | back time: 4.0346 | lr: 0.00005482 | best AP50 acc: 0.8236 | best AP70 acc: 0.6486 | best mAP acc: 0.5980 | best mAR acc: 0.6736 | best Score: 0.5980 | best Score epoch: 22 
epoch 29, iter  751: loss: 0.0080 | load time: 0.0002 | back time: 4.0278 | lr: 0.00005469 | best AP50 acc: 0.8236 | best AP70 acc: 0.6486 | best mAP acc: 0.5980 | best mAR acc: 0.6736 | best Score: 0.5980 | best Score epoch: 22 
epoch 29, iter  801: loss: 0.0081 | load time: 0.0001 | back time: 4.0458 | lr: 0.00005455 | best AP50 acc: 0.8236 | best AP70 acc: 0.6486 | best mAP acc: 0.5980 | best mAR acc: 0.6736 | best Score: 0.5980 | best Score epoch: 22 
epoch 29, iter  851: loss: 0.0080 | load time: 0.0002 | back time: 4.0606 | lr: 0.00005442 | best AP50 acc: 0.8236 | best AP70 acc: 0.6486 | best mAP acc: 0.5980 | best mAR acc: 0.6736 | best Score: 0.5980 | best Score epoch: 22 
epoch 29, iter  901: loss: 0.0080 | load time: 0.0002 | back time: 4.0535 | lr: 0.00005428 | best AP50 acc: 0.8236 | best AP70 acc: 0.6486 | best mAP acc: 0.5980 | best mAR acc: 0.6736 | best Score: 0.5980 | best Score epoch: 22 
epoch 29, iter  951: loss: 0.0081 | load time: 0.0002 | back time: 4.0623 | lr: 0.00005415 | best AP50 acc: 0.8236 | best AP70 acc: 0.6486 | best mAP acc: 0.5980 | best mAR acc: 0.6736 | best Score: 0.5980 | best Score epoch: 22 
epoch 29, iter 1001: loss: 0.0079 | load time: 0.0003 | back time: 4.0571 | lr: 0.00005401 | best AP50 acc: 0.8236 | best AP70 acc: 0.6486 | best mAP acc: 0.5980 | best mAR acc: 0.6736 | best Score: 0.5980 | best Score epoch: 22 
epoch 29, iter 1051: loss: 0.0077 | load time: 0.0001 | back time: 4.0146 | lr: 0.00005388 | best AP50 acc: 0.8236 | best AP70 acc: 0.6486 | best mAP acc: 0.5980 | best mAR acc: 0.6736 | best Score: 0.5980 | best Score epoch: 22 
epoch 29, iter 1101: loss: 0.0081 | load time: 0.0003 | back time: 4.0662 | lr: 0.00005375 | best AP50 acc: 0.8236 | best AP70 acc: 0.6486 | best mAP acc: 0.5980 | best mAR acc: 0.6736 | best Score: 0.5980 | best Score epoch: 22 
epoch 29, iter 1151: loss: 0.0082 | load time: 0.0002 | back time: 4.0456 | lr: 0.00005361 | best AP50 acc: 0.8236 | best AP70 acc: 0.6486 | best mAP acc: 0.5980 | best mAR acc: 0.6736 | best Score: 0.5980 | best Score epoch: 22 
UAV_SEQS_2 | mAP50:90: 33.8026 | AP50: 53.8893 | AP70: 35.6329 
UAV_SEQS_37 | mAP50:90: 95.8384 | AP50: 100.0000 | AP70: 97.6104 
UAV_SEQS_45 | mAP50:90: 45.5112 | AP50: 81.8827 | AP70: 49.5722 
UAV_SEQS_47 | mAP50:90: 63.0030 | AP50: 100.0000 | AP70: 75.5700 
UAV_SEQS_55 | mAP50:90: 45.9230 | AP50: 69.7358 | AP70: 54.0890 
UAV_SEQS_59 | mAP50:90: 45.5382 | AP50: 80.2935 | AP70: 45.3333 
UAV_SEQS_6 | mAP50:90: 54.4681 | AP50: 91.9860 | AP70: 56.7228 
UAV_SEQS_63 | mAP50:90: 46.2684 | AP50: 86.1386 | AP70: 67.9604 
UAV_SEQS_65 | mAP50:90: 81.6759 | AP50: 97.3612 | AP70: 92.1267 
UAV_SEQS_7 | mAP50:90: 44.8195 | AP50: 98.6953 | AP70: 29.5043 
UAV_SEQS_71 | mAP50:90: 29.3872 | AP50: 62.2656 | AP70: 26.1171 
UAV_SEQS_73 | mAP50:90: 46.5030 | AP50: 79.2446 | AP70: 47.3592 
UAV_SEQS_74 | mAP50:90: 100.0000 | AP50: 100.0000 | AP70: 100.0000 
UAV_SEQS_77 | mAP50:90: 0.0000 | AP50: 0.0000 | AP70: 0.0000 
UAV_SEQS_8 | mAP50:90: 0.0469 | AP50: 0.1747 | AP70: 0.0291 
Overall            | mAP50:95: 46.7395 | AP50: 72.3716 | AP70: 49.8715 
epoch 30, iter    1: loss: 0.0080 | load time: 0.0096 | back time: 0.1187 | lr: 0.00005361 | best AP50 acc: 0.8236 | best AP70 acc: 0.6486 | best mAP acc: 0.5980 | best mAR acc: 0.6736 | best Score: 0.5980 | best Score epoch: 22 
epoch 30, iter   51: loss: 0.0080 | load time: 0.0005 | back time: 4.0479 | lr: 0.00005347 | best AP50 acc: 0.8236 | best AP70 acc: 0.6486 | best mAP acc: 0.5980 | best mAR acc: 0.6736 | best Score: 0.5980 | best Score epoch: 22 
epoch 30, iter  101: loss: 0.0080 | load time: 0.0003 | back time: 4.0507 | lr: 0.00005334 | best AP50 acc: 0.8236 | best AP70 acc: 0.6486 | best mAP acc: 0.5980 | best mAR acc: 0.6736 | best Score: 0.5980 | best Score epoch: 22 
epoch 30, iter  151: loss: 0.0080 | load time: 0.0003 | back time: 4.0346 | lr: 0.00005320 | best AP50 acc: 0.8236 | best AP70 acc: 0.6486 | best mAP acc: 0.5980 | best mAR acc: 0.6736 | best Score: 0.5980 | best Score epoch: 22 
epoch 30, iter  201: loss: 0.0081 | load time: 0.0002 | back time: 4.0178 | lr: 0.00005307 | best AP50 acc: 0.8236 | best AP70 acc: 0.6486 | best mAP acc: 0.5980 | best mAR acc: 0.6736 | best Score: 0.5980 | best Score epoch: 22 
epoch 30, iter  251: loss: 0.0081 | load time: 0.0002 | back time: 4.0018 | lr: 0.00005293 | best AP50 acc: 0.8236 | best AP70 acc: 0.6486 | best mAP acc: 0.5980 | best mAR acc: 0.6736 | best Score: 0.5980 | best Score epoch: 22 
epoch 30, iter  301: loss: 0.0081 | load time: 0.0004 | back time: 3.9865 | lr: 0.00005280 | best AP50 acc: 0.8236 | best AP70 acc: 0.6486 | best mAP acc: 0.5980 | best mAR acc: 0.6736 | best Score: 0.5980 | best Score epoch: 22 
epoch 30, iter  351: loss: 0.0081 | load time: 0.0002 | back time: 4.0367 | lr: 0.00005266 | best AP50 acc: 0.8236 | best AP70 acc: 0.6486 | best mAP acc: 0.5980 | best mAR acc: 0.6736 | best Score: 0.5980 | best Score epoch: 22 
epoch 30, iter  401: loss: 0.0080 | load time: 0.0003 | back time: 4.0385 | lr: 0.00005253 | best AP50 acc: 0.8236 | best AP70 acc: 0.6486 | best mAP acc: 0.5980 | best mAR acc: 0.6736 | best Score: 0.5980 | best Score epoch: 22 
epoch 30, iter  451: loss: 0.0080 | load time: 0.0002 | back time: 4.0638 | lr: 0.00005239 | best AP50 acc: 0.8236 | best AP70 acc: 0.6486 | best mAP acc: 0.5980 | best mAR acc: 0.6736 | best Score: 0.5980 | best Score epoch: 22 
epoch 30, iter  501: loss: 0.0081 | load time: 0.0002 | back time: 4.0422 | lr: 0.00005226 | best AP50 acc: 0.8236 | best AP70 acc: 0.6486 | best mAP acc: 0.5980 | best mAR acc: 0.6736 | best Score: 0.5980 | best Score epoch: 22 
epoch 30, iter  551: loss: 0.0080 | load time: 0.0003 | back time: 4.0443 | lr: 0.00005212 | best AP50 acc: 0.8236 | best AP70 acc: 0.6486 | best mAP acc: 0.5980 | best mAR acc: 0.6736 | best Score: 0.5980 | best Score epoch: 22 
epoch 30, iter  601: loss: 0.0082 | load time: 0.0002 | back time: 4.0440 | lr: 0.00005199 | best AP50 acc: 0.8236 | best AP70 acc: 0.6486 | best mAP acc: 0.5980 | best mAR acc: 0.6736 | best Score: 0.5980 | best Score epoch: 22 
epoch 30, iter  651: loss: 0.0080 | load time: 0.0003 | back time: 4.0548 | lr: 0.00005185 | best AP50 acc: 0.8236 | best AP70 acc: 0.6486 | best mAP acc: 0.5980 | best mAR acc: 0.6736 | best Score: 0.5980 | best Score epoch: 22 
epoch 30, iter  701: loss: 0.0080 | load time: 0.0002 | back time: 4.0564 | lr: 0.00005172 | best AP50 acc: 0.8236 | best AP70 acc: 0.6486 | best mAP acc: 0.5980 | best mAR acc: 0.6736 | best Score: 0.5980 | best Score epoch: 22 
epoch 30, iter  751: loss: 0.0081 | load time: 0.0002 | back time: 4.0495 | lr: 0.00005158 | best AP50 acc: 0.8236 | best AP70 acc: 0.6486 | best mAP acc: 0.5980 | best mAR acc: 0.6736 | best Score: 0.5980 | best Score epoch: 22 
epoch 30, iter  801: loss: 0.0080 | load time: 0.0004 | back time: 4.1547 | lr: 0.00005145 | best AP50 acc: 0.8236 | best AP70 acc: 0.6486 | best mAP acc: 0.5980 | best mAR acc: 0.6736 | best Score: 0.5980 | best Score epoch: 22 
epoch 30, iter  851: loss: 0.0081 | load time: 0.0002 | back time: 4.0351 | lr: 0.00005131 | best AP50 acc: 0.8236 | best AP70 acc: 0.6486 | best mAP acc: 0.5980 | best mAR acc: 0.6736 | best Score: 0.5980 | best Score epoch: 22 
epoch 30, iter  901: loss: 0.0081 | load time: 0.0003 | back time: 4.0016 | lr: 0.00005118 | best AP50 acc: 0.8236 | best AP70 acc: 0.6486 | best mAP acc: 0.5980 | best mAR acc: 0.6736 | best Score: 0.5980 | best Score epoch: 22 
epoch 30, iter  951: loss: 0.0081 | load time: 0.0003 | back time: 3.9481 | lr: 0.00005104 | best AP50 acc: 0.8236 | best AP70 acc: 0.6486 | best mAP acc: 0.5980 | best mAR acc: 0.6736 | best Score: 0.5980 | best Score epoch: 22 
epoch 30, iter 1001: loss: 0.0080 | load time: 0.0003 | back time: 4.0113 | lr: 0.00005091 | best AP50 acc: 0.8236 | best AP70 acc: 0.6486 | best mAP acc: 0.5980 | best mAR acc: 0.6736 | best Score: 0.5980 | best Score epoch: 22 
epoch 30, iter 1051: loss: 0.0082 | load time: 0.0002 | back time: 4.0416 | lr: 0.00005077 | best AP50 acc: 0.8236 | best AP70 acc: 0.6486 | best mAP acc: 0.5980 | best mAR acc: 0.6736 | best Score: 0.5980 | best Score epoch: 22 
epoch 30, iter 1101: loss: 0.0081 | load time: 0.0002 | back time: 4.0419 | lr: 0.00005064 | best AP50 acc: 0.8236 | best AP70 acc: 0.6486 | best mAP acc: 0.5980 | best mAR acc: 0.6736 | best Score: 0.5980 | best Score epoch: 22 
epoch 30, iter 1151: loss: 0.0081 | load time: 0.0004 | back time: 4.0582 | lr: 0.00005050 | best AP50 acc: 0.8236 | best AP70 acc: 0.6486 | best mAP acc: 0.5980 | best mAR acc: 0.6736 | best Score: 0.5980 | best Score epoch: 22 
UAV_SEQS_2 | mAP50:90: 39.3325 | AP50: 58.2218 | AP70: 40.0944 
UAV_SEQS_37 | mAP50:90: 91.1229 | AP50: 100.0000 | AP70: 95.5738 
UAV_SEQS_45 | mAP50:90: 73.9181 | AP50: 99.0000 | AP70: 80.3133 
UAV_SEQS_47 | mAP50:90: 79.3965 | AP50: 100.0000 | AP70: 95.6720 
UAV_SEQS_55 | mAP50:90: 47.2960 | AP50: 76.3402 | AP70: 57.0095 
UAV_SEQS_59 | mAP50:90: 67.4890 | AP50: 96.0990 | AP70: 76.5055 
UAV_SEQS_6 | mAP50:90: 50.4556 | AP50: 87.8981 | AP70: 55.6645 
UAV_SEQS_63 | mAP50:90: 58.7260 | AP50: 96.0396 | AP70: 91.8311 
UAV_SEQS_65 | mAP50:90: 85.3799 | AP50: 97.4794 | AP70: 92.9862 
UAV_SEQS_7 | mAP50:90: 73.3633 | AP50: 99.0099 | AP70: 81.9630 
UAV_SEQS_71 | mAP50:90: 44.8427 | AP50: 81.3002 | AP70: 45.2916 
UAV_SEQS_73 | mAP50:90: 56.5486 | AP50: 79.7851 | AP70: 65.8607 
UAV_SEQS_74 | mAP50:90: 100.0000 | AP50: 100.0000 | AP70: 100.0000 
UAV_SEQS_77 | mAP50:90: 0.0000 | AP50: 0.0000 | AP70: 0.0000 
UAV_SEQS_8 | mAP50:90: 0.4067 | AP50: 1.5026 | AP70: 0.1584 
Overall            | mAP50:95: 57.0109 | AP50: 78.6332 | AP70: 64.6860 
epoch 31, iter    1: loss: 0.0080 | load time: 0.0082 | back time: 0.0986 | lr: 0.00005050 | best AP50 acc: 0.8236 | best AP70 acc: 0.6486 | best mAP acc: 0.5980 | best mAR acc: 0.6736 | best Score: 0.5980 | best Score epoch: 22 
epoch 31, iter   51: loss: 0.0081 | load time: 0.0002 | back time: 4.0537 | lr: 0.00005036 | best AP50 acc: 0.8236 | best AP70 acc: 0.6486 | best mAP acc: 0.5980 | best mAR acc: 0.6736 | best Score: 0.5980 | best Score epoch: 22 
epoch 31, iter  101: loss: 0.0082 | load time: 0.0004 | back time: 4.0637 | lr: 0.00005023 | best AP50 acc: 0.8236 | best AP70 acc: 0.6486 | best mAP acc: 0.5980 | best mAR acc: 0.6736 | best Score: 0.5980 | best Score epoch: 22 
epoch 31, iter  151: loss: 0.0081 | load time: 0.0002 | back time: 4.0429 | lr: 0.00005009 | best AP50 acc: 0.8236 | best AP70 acc: 0.6486 | best mAP acc: 0.5980 | best mAR acc: 0.6736 | best Score: 0.5980 | best Score epoch: 22 
epoch 31, iter  201: loss: 0.0081 | load time: 0.0002 | back time: 4.0493 | lr: 0.00004996 | best AP50 acc: 0.8236 | best AP70 acc: 0.6486 | best mAP acc: 0.5980 | best mAR acc: 0.6736 | best Score: 0.5980 | best Score epoch: 22 
epoch 31, iter  251: loss: 0.0081 | load time: 0.0002 | back time: 4.0470 | lr: 0.00004982 | best AP50 acc: 0.8236 | best AP70 acc: 0.6486 | best mAP acc: 0.5980 | best mAR acc: 0.6736 | best Score: 0.5980 | best Score epoch: 22 
epoch 31, iter  301: loss: 0.0080 | load time: 0.0003 | back time: 4.0519 | lr: 0.00004969 | best AP50 acc: 0.8236 | best AP70 acc: 0.6486 | best mAP acc: 0.5980 | best mAR acc: 0.6736 | best Score: 0.5980 | best Score epoch: 22 
epoch 31, iter  351: loss: 0.0081 | load time: 0.0004 | back time: 4.0634 | lr: 0.00004955 | best AP50 acc: 0.8236 | best AP70 acc: 0.6486 | best mAP acc: 0.5980 | best mAR acc: 0.6736 | best Score: 0.5980 | best Score epoch: 22 
epoch 31, iter  401: loss: 0.0078 | load time: 0.0003 | back time: 4.0582 | lr: 0.00004942 | best AP50 acc: 0.8236 | best AP70 acc: 0.6486 | best mAP acc: 0.5980 | best mAR acc: 0.6736 | best Score: 0.5980 | best Score epoch: 22 
epoch 31, iter  451: loss: 0.0081 | load time: 0.0003 | back time: 4.0609 | lr: 0.00004928 | best AP50 acc: 0.8236 | best AP70 acc: 0.6486 | best mAP acc: 0.5980 | best mAR acc: 0.6736 | best Score: 0.5980 | best Score epoch: 22 
epoch 31, iter  501: loss: 0.0080 | load time: 0.0002 | back time: 3.9959 | lr: 0.00004915 | best AP50 acc: 0.8236 | best AP70 acc: 0.6486 | best mAP acc: 0.5980 | best mAR acc: 0.6736 | best Score: 0.5980 | best Score epoch: 22 
epoch 31, iter  551: loss: 0.0080 | load time: 0.0002 | back time: 4.0599 | lr: 0.00004901 | best AP50 acc: 0.8236 | best AP70 acc: 0.6486 | best mAP acc: 0.5980 | best mAR acc: 0.6736 | best Score: 0.5980 | best Score epoch: 22 
epoch 31, iter  601: loss: 0.0081 | load time: 0.0002 | back time: 4.0504 | lr: 0.00004888 | best AP50 acc: 0.8236 | best AP70 acc: 0.6486 | best mAP acc: 0.5980 | best mAR acc: 0.6736 | best Score: 0.5980 | best Score epoch: 22 
epoch 31, iter  651: loss: 0.0080 | load time: 0.0002 | back time: 4.0544 | lr: 0.00004874 | best AP50 acc: 0.8236 | best AP70 acc: 0.6486 | best mAP acc: 0.5980 | best mAR acc: 0.6736 | best Score: 0.5980 | best Score epoch: 22 
epoch 31, iter  701: loss: 0.0080 | load time: 0.0002 | back time: 4.0411 | lr: 0.00004861 | best AP50 acc: 0.8236 | best AP70 acc: 0.6486 | best mAP acc: 0.5980 | best mAR acc: 0.6736 | best Score: 0.5980 | best Score epoch: 22 
epoch 31, iter  751: loss: 0.0080 | load time: 0.0003 | back time: 4.0527 | lr: 0.00004847 | best AP50 acc: 0.8236 | best AP70 acc: 0.6486 | best mAP acc: 0.5980 | best mAR acc: 0.6736 | best Score: 0.5980 | best Score epoch: 22 
epoch 31, iter  801: loss: 0.0081 | load time: 0.0003 | back time: 4.0474 | lr: 0.00004834 | best AP50 acc: 0.8236 | best AP70 acc: 0.6486 | best mAP acc: 0.5980 | best mAR acc: 0.6736 | best Score: 0.5980 | best Score epoch: 22 
epoch 31, iter  851: loss: 0.0076 | load time: 0.0003 | back time: 4.0724 | lr: 0.00004820 | best AP50 acc: 0.8236 | best AP70 acc: 0.6486 | best mAP acc: 0.5980 | best mAR acc: 0.6736 | best Score: 0.5980 | best Score epoch: 22 
epoch 31, iter  901: loss: 0.0080 | load time: 0.0002 | back time: 4.0634 | lr: 0.00004807 | best AP50 acc: 0.8236 | best AP70 acc: 0.6486 | best mAP acc: 0.5980 | best mAR acc: 0.6736 | best Score: 0.5980 | best Score epoch: 22 
epoch 31, iter  951: loss: 0.0080 | load time: 0.0003 | back time: 4.0541 | lr: 0.00004793 | best AP50 acc: 0.8236 | best AP70 acc: 0.6486 | best mAP acc: 0.5980 | best mAR acc: 0.6736 | best Score: 0.5980 | best Score epoch: 22 
epoch 31, iter 1001: loss: 0.0081 | load time: 0.0002 | back time: 4.0450 | lr: 0.00004780 | best AP50 acc: 0.8236 | best AP70 acc: 0.6486 | best mAP acc: 0.5980 | best mAR acc: 0.6736 | best Score: 0.5980 | best Score epoch: 22 
epoch 31, iter 1051: loss: 0.0080 | load time: 0.0005 | back time: 4.0578 | lr: 0.00004766 | best AP50 acc: 0.8236 | best AP70 acc: 0.6486 | best mAP acc: 0.5980 | best mAR acc: 0.6736 | best Score: 0.5980 | best Score epoch: 22 
epoch 31, iter 1101: loss: 0.0081 | load time: 0.0002 | back time: 4.0483 | lr: 0.00004753 | best AP50 acc: 0.8236 | best AP70 acc: 0.6486 | best mAP acc: 0.5980 | best mAR acc: 0.6736 | best Score: 0.5980 | best Score epoch: 22 
epoch 31, iter 1151: loss: 0.0080 | load time: 0.0002 | back time: 4.0447 | lr: 0.00004739 | best AP50 acc: 0.8236 | best AP70 acc: 0.6486 | best mAP acc: 0.5980 | best mAR acc: 0.6736 | best Score: 0.5980 | best Score epoch: 22 
UAV_SEQS_2 | mAP50:90: 38.9238 | AP50: 63.2280 | AP70: 39.6914 
UAV_SEQS_37 | mAP50:90: 94.6229 | AP50: 100.0000 | AP70: 97.4732 
UAV_SEQS_45 | mAP50:90: 53.3237 | AP50: 89.9063 | AP70: 55.8262 
UAV_SEQS_47 | mAP50:90: 68.3081 | AP50: 100.0000 | AP70: 84.4476 
UAV_SEQS_55 | mAP50:90: 43.4530 | AP50: 71.3117 | AP70: 48.3463 
UAV_SEQS_59 | mAP50:90: 50.7416 | AP50: 83.6634 | AP70: 53.4851 
UAV_SEQS_6 | mAP50:90: 49.7589 | AP50: 89.2816 | AP70: 55.4715 
UAV_SEQS_63 | mAP50:90: 58.4585 | AP50: 99.0099 | AP70: 95.0382 
UAV_SEQS_65 | mAP50:90: 82.8256 | AP50: 97.5645 | AP70: 93.9667 
UAV_SEQS_7 | mAP50:90: 45.6047 | AP50: 100.0000 | AP70: 31.6040 
UAV_SEQS_71 | mAP50:90: 36.4053 | AP50: 73.8087 | AP70: 31.3984 
UAV_SEQS_73 | mAP50:90: 50.1767 | AP50: 79.7052 | AP70: 55.5469 
UAV_SEQS_74 | mAP50:90: 100.0000 | AP50: 100.0000 | AP70: 100.0000 
UAV_SEQS_77 | mAP50:90: 0.0000 | AP50: 0.0000 | AP70: 0.0000 
UAV_SEQS_8 | mAP50:90: 0.1526 | AP50: 0.5291 | AP70: 0.0947 
Overall            | mAP50:95: 49.7229 | AP50: 76.1535 | AP70: 54.3591 
epoch 32, iter    1: loss: 0.0081 | load time: 0.0064 | back time: 0.0780 | lr: 0.00004739 | best AP50 acc: 0.8236 | best AP70 acc: 0.6486 | best mAP acc: 0.5980 | best mAR acc: 0.6736 | best Score: 0.5980 | best Score epoch: 22 
epoch 32, iter   51: loss: 0.0080 | load time: 0.0003 | back time: 4.0661 | lr: 0.00004725 | best AP50 acc: 0.8236 | best AP70 acc: 0.6486 | best mAP acc: 0.5980 | best mAR acc: 0.6736 | best Score: 0.5980 | best Score epoch: 22 
epoch 32, iter  101: loss: 0.0080 | load time: 0.0003 | back time: 4.0706 | lr: 0.00004712 | best AP50 acc: 0.8236 | best AP70 acc: 0.6486 | best mAP acc: 0.5980 | best mAR acc: 0.6736 | best Score: 0.5980 | best Score epoch: 22 
epoch 32, iter  151: loss: 0.0080 | load time: 0.0002 | back time: 4.0567 | lr: 0.00004699 | best AP50 acc: 0.8236 | best AP70 acc: 0.6486 | best mAP acc: 0.5980 | best mAR acc: 0.6736 | best Score: 0.5980 | best Score epoch: 22 
epoch 32, iter  201: loss: 0.0081 | load time: 0.0002 | back time: 4.0615 | lr: 0.00004685 | best AP50 acc: 0.8236 | best AP70 acc: 0.6486 | best mAP acc: 0.5980 | best mAR acc: 0.6736 | best Score: 0.5980 | best Score epoch: 22 
epoch 32, iter  251: loss: 0.0080 | load time: 0.0004 | back time: 4.0103 | lr: 0.00004672 | best AP50 acc: 0.8236 | best AP70 acc: 0.6486 | best mAP acc: 0.5980 | best mAR acc: 0.6736 | best Score: 0.5980 | best Score epoch: 22 
epoch 32, iter  301: loss: 0.0077 | load time: 0.0004 | back time: 4.0132 | lr: 0.00004658 | best AP50 acc: 0.8236 | best AP70 acc: 0.6486 | best mAP acc: 0.5980 | best mAR acc: 0.6736 | best Score: 0.5980 | best Score epoch: 22 
epoch 32, iter  351: loss: 0.0080 | load time: 0.0002 | back time: 4.0540 | lr: 0.00004645 | best AP50 acc: 0.8236 | best AP70 acc: 0.6486 | best mAP acc: 0.5980 | best mAR acc: 0.6736 | best Score: 0.5980 | best Score epoch: 22 
epoch 32, iter  401: loss: 0.0081 | load time: 0.0004 | back time: 4.0809 | lr: 0.00004631 | best AP50 acc: 0.8236 | best AP70 acc: 0.6486 | best mAP acc: 0.5980 | best mAR acc: 0.6736 | best Score: 0.5980 | best Score epoch: 22 
epoch 32, iter  451: loss: 0.0080 | load time: 0.0002 | back time: 4.0545 | lr: 0.00004618 | best AP50 acc: 0.8236 | best AP70 acc: 0.6486 | best mAP acc: 0.5980 | best mAR acc: 0.6736 | best Score: 0.5980 | best Score epoch: 22 
epoch 32, iter  501: loss: 0.0078 | load time: 0.0003 | back time: 4.0432 | lr: 0.00004604 | best AP50 acc: 0.8236 | best AP70 acc: 0.6486 | best mAP acc: 0.5980 | best mAR acc: 0.6736 | best Score: 0.5980 | best Score epoch: 22 
epoch 32, iter  551: loss: 0.0080 | load time: 0.0002 | back time: 3.9973 | lr: 0.00004591 | best AP50 acc: 0.8236 | best AP70 acc: 0.6486 | best mAP acc: 0.5980 | best mAR acc: 0.6736 | best Score: 0.5980 | best Score epoch: 22 
epoch 32, iter  601: loss: 0.0080 | load time: 0.0004 | back time: 4.0628 | lr: 0.00004577 | best AP50 acc: 0.8236 | best AP70 acc: 0.6486 | best mAP acc: 0.5980 | best mAR acc: 0.6736 | best Score: 0.5980 | best Score epoch: 22 
epoch 32, iter  651: loss: 0.0080 | load time: 0.0002 | back time: 4.0449 | lr: 0.00004564 | best AP50 acc: 0.8236 | best AP70 acc: 0.6486 | best mAP acc: 0.5980 | best mAR acc: 0.6736 | best Score: 0.5980 | best Score epoch: 22 
epoch 32, iter  701: loss: 0.0080 | load time: 0.0003 | back time: 4.0504 | lr: 0.00004551 | best AP50 acc: 0.8236 | best AP70 acc: 0.6486 | best mAP acc: 0.5980 | best mAR acc: 0.6736 | best Score: 0.5980 | best Score epoch: 22 
epoch 32, iter  751: loss: 0.0079 | load time: 0.0004 | back time: 4.0683 | lr: 0.00004537 | best AP50 acc: 0.8236 | best AP70 acc: 0.6486 | best mAP acc: 0.5980 | best mAR acc: 0.6736 | best Score: 0.5980 | best Score epoch: 22 
epoch 32, iter  801: loss: 0.0080 | load time: 0.0003 | back time: 4.0399 | lr: 0.00004524 | best AP50 acc: 0.8236 | best AP70 acc: 0.6486 | best mAP acc: 0.5980 | best mAR acc: 0.6736 | best Score: 0.5980 | best Score epoch: 22 
epoch 32, iter  851: loss: 0.0081 | load time: 0.0003 | back time: 4.0568 | lr: 0.00004510 | best AP50 acc: 0.8236 | best AP70 acc: 0.6486 | best mAP acc: 0.5980 | best mAR acc: 0.6736 | best Score: 0.5980 | best Score epoch: 22 
epoch 32, iter  901: loss: 0.0081 | load time: 0.0002 | back time: 4.0503 | lr: 0.00004497 | best AP50 acc: 0.8236 | best AP70 acc: 0.6486 | best mAP acc: 0.5980 | best mAR acc: 0.6736 | best Score: 0.5980 | best Score epoch: 22 
epoch 32, iter  951: loss: 0.0080 | load time: 0.0002 | back time: 4.0683 | lr: 0.00004483 | best AP50 acc: 0.8236 | best AP70 acc: 0.6486 | best mAP acc: 0.5980 | best mAR acc: 0.6736 | best Score: 0.5980 | best Score epoch: 22 
epoch 32, iter 1001: loss: 0.0079 | load time: 0.0003 | back time: 4.0537 | lr: 0.00004470 | best AP50 acc: 0.8236 | best AP70 acc: 0.6486 | best mAP acc: 0.5980 | best mAR acc: 0.6736 | best Score: 0.5980 | best Score epoch: 22 
epoch 32, iter 1051: loss: 0.0081 | load time: 0.0002 | back time: 4.0588 | lr: 0.00004457 | best AP50 acc: 0.8236 | best AP70 acc: 0.6486 | best mAP acc: 0.5980 | best mAR acc: 0.6736 | best Score: 0.5980 | best Score epoch: 22 
epoch 32, iter 1101: loss: 0.0081 | load time: 0.0004 | back time: 4.0578 | lr: 0.00004443 | best AP50 acc: 0.8236 | best AP70 acc: 0.6486 | best mAP acc: 0.5980 | best mAR acc: 0.6736 | best Score: 0.5980 | best Score epoch: 22 
epoch 32, iter 1151: loss: 0.0081 | load time: 0.0002 | back time: 4.0669 | lr: 0.00004430 | best AP50 acc: 0.8236 | best AP70 acc: 0.6486 | best mAP acc: 0.5980 | best mAR acc: 0.6736 | best Score: 0.5980 | best Score epoch: 22 
UAV_SEQS_2 | mAP50:90: 38.6317 | AP50: 59.4835 | AP70: 38.4641 
UAV_SEQS_37 | mAP50:90: 87.0499 | AP50: 100.0000 | AP70: 89.6723 
UAV_SEQS_45 | mAP50:90: 78.3437 | AP50: 100.0000 | AP70: 87.5005 
UAV_SEQS_47 | mAP50:90: 79.6962 | AP50: 100.0000 | AP70: 96.4271 
UAV_SEQS_55 | mAP50:90: 45.8088 | AP50: 79.0344 | AP70: 53.2326 
UAV_SEQS_59 | mAP50:90: 69.0340 | AP50: 94.5132 | AP70: 78.2342 
UAV_SEQS_6 | mAP50:90: 42.7139 | AP50: 75.9644 | AP70: 46.8194 
UAV_SEQS_63 | mAP50:90: 50.2600 | AP50: 93.0693 | AP70: 81.7210 
UAV_SEQS_65 | mAP50:90: 85.8627 | AP50: 97.5390 | AP70: 93.0802 
UAV_SEQS_7 | mAP50:90: 55.1666 | AP50: 100.0000 | AP70: 44.8244 
UAV_SEQS_71 | mAP50:90: 50.8007 | AP50: 86.9217 | AP70: 52.8456 
UAV_SEQS_73 | mAP50:90: 58.9122 | AP50: 83.0168 | AP70: 67.8720 
UAV_SEQS_74 | mAP50:90: 100.0000 | AP50: 100.0000 | AP70: 100.0000 
UAV_SEQS_77 | mAP50:90: 0.0000 | AP50: 0.0000 | AP70: 0.0000 
UAV_SEQS_8 | mAP50:90: 2.5330 | AP50: 10.5638 | AP70: 0.5585 
Overall            | mAP50:95: 56.0174 | AP50: 79.7895 | AP70: 62.5742 
