epoch  1, iter    1: loss: 0.5554 | load time: 0.0757 | back time: 1.6746 | lr: 0.00000012 | best AP50 acc: 0.0000 | best AP70 acc: 0.0000 | best mAP acc: 0.0000 | best mAR acc: 0.0000 | best Score: 0.0000 | best Score epoch: -1 
epoch  1, iter   51: loss: 0.4162 | load time: 0.0001 | back time: 0.7644 | lr: 0.00000098 | best AP50 acc: 0.0000 | best AP70 acc: 0.0000 | best mAP acc: 0.0000 | best mAR acc: 0.0000 | best Score: 0.0000 | best Score epoch: -1 
epoch  1, iter  101: loss: 0.2401 | load time: 0.0002 | back time: 0.7717 | lr: 0.00000185 | best AP50 acc: 0.0000 | best AP70 acc: 0.0000 | best mAP acc: 0.0000 | best mAR acc: 0.0000 | best Score: 0.0000 | best Score epoch: -1 
epoch  1, iter  151: loss: 0.1147 | load time: 0.0002 | back time: 0.7739 | lr: 0.00000272 | best AP50 acc: 0.0000 | best AP70 acc: 0.0000 | best mAP acc: 0.0000 | best mAR acc: 0.0000 | best Score: 0.0000 | best Score epoch: -1 
epoch  1, iter  201: loss: 0.0666 | load time: 0.0001 | back time: 0.7770 | lr: 0.00000359 | best AP50 acc: 0.0000 | best AP70 acc: 0.0000 | best mAP acc: 0.0000 | best mAR acc: 0.0000 | best Score: 0.0000 | best Score epoch: -1 
epoch  1, iter  251: loss: 0.0502 | load time: 0.0002 | back time: 0.7835 | lr: 0.00000445 | best AP50 acc: 0.0000 | best AP70 acc: 0.0000 | best mAP acc: 0.0000 | best mAR acc: 0.0000 | best Score: 0.0000 | best Score epoch: -1 
epoch  1, iter  301: loss: 0.0395 | load time: 0.0001 | back time: 0.7773 | lr: 0.00000532 | best AP50 acc: 0.0000 | best AP70 acc: 0.0000 | best mAP acc: 0.0000 | best mAR acc: 0.0000 | best Score: 0.0000 | best Score epoch: -1 
epoch  1, iter  351: loss: 0.0338 | load time: 0.0002 | back time: 0.7756 | lr: 0.00000619 | best AP50 acc: 0.0000 | best AP70 acc: 0.0000 | best mAP acc: 0.0000 | best mAR acc: 0.0000 | best Score: 0.0000 | best Score epoch: -1 
epoch  1, iter  401: loss: 0.0296 | load time: 0.0001 | back time: 0.7772 | lr: 0.00000705 | best AP50 acc: 0.0000 | best AP70 acc: 0.0000 | best mAP acc: 0.0000 | best mAR acc: 0.0000 | best Score: 0.0000 | best Score epoch: -1 
epoch  1, iter  451: loss: 0.0251 | load time: 0.0003 | back time: 0.7777 | lr: 0.00000792 | best AP50 acc: 0.0000 | best AP70 acc: 0.0000 | best mAP acc: 0.0000 | best mAR acc: 0.0000 | best Score: 0.0000 | best Score epoch: -1 
epoch  1, iter  501: loss: 0.0220 | load time: 0.0002 | back time: 0.7758 | lr: 0.00000879 | best AP50 acc: 0.0000 | best AP70 acc: 0.0000 | best mAP acc: 0.0000 | best mAR acc: 0.0000 | best Score: 0.0000 | best Score epoch: -1 
epoch  1, iter  551: loss: 0.0200 | load time: 0.0002 | back time: 0.7752 | lr: 0.00000966 | best AP50 acc: 0.0000 | best AP70 acc: 0.0000 | best mAP acc: 0.0000 | best mAR acc: 0.0000 | best Score: 0.0000 | best Score epoch: -1 
epoch  1, iter  601: loss: 0.0214 | load time: 0.0002 | back time: 0.7763 | lr: 0.00001052 | best AP50 acc: 0.0000 | best AP70 acc: 0.0000 | best mAP acc: 0.0000 | best mAR acc: 0.0000 | best Score: 0.0000 | best Score epoch: -1 
epoch  1, iter  651: loss: 0.0188 | load time: 0.0002 | back time: 0.7786 | lr: 0.00001139 | best AP50 acc: 0.0000 | best AP70 acc: 0.0000 | best mAP acc: 0.0000 | best mAR acc: 0.0000 | best Score: 0.0000 | best Score epoch: -1 
epoch  1, iter  701: loss: 0.0174 | load time: 0.0002 | back time: 0.7751 | lr: 0.00001226 | best AP50 acc: 0.0000 | best AP70 acc: 0.0000 | best mAP acc: 0.0000 | best mAR acc: 0.0000 | best Score: 0.0000 | best Score epoch: -1 
epoch  1, iter  751: loss: 0.0153 | load time: 0.0002 | back time: 0.7751 | lr: 0.00001313 | best AP50 acc: 0.0000 | best AP70 acc: 0.0000 | best mAP acc: 0.0000 | best mAR acc: 0.0000 | best Score: 0.0000 | best Score epoch: -1 
epoch  1, iter  801: loss: 0.0160 | load time: 0.0002 | back time: 0.7742 | lr: 0.00001399 | best AP50 acc: 0.0000 | best AP70 acc: 0.0000 | best mAP acc: 0.0000 | best mAR acc: 0.0000 | best Score: 0.0000 | best Score epoch: -1 
epoch  1, iter  851: loss: 0.0144 | load time: 0.0002 | back time: 0.7761 | lr: 0.00001486 | best AP50 acc: 0.0000 | best AP70 acc: 0.0000 | best mAP acc: 0.0000 | best mAR acc: 0.0000 | best Score: 0.0000 | best Score epoch: -1 
epoch  1, iter  901: loss: 0.0149 | load time: 0.0002 | back time: 0.7747 | lr: 0.00001573 | best AP50 acc: 0.0000 | best AP70 acc: 0.0000 | best mAP acc: 0.0000 | best mAR acc: 0.0000 | best Score: 0.0000 | best Score epoch: -1 
epoch  1, iter  951: loss: 0.0140 | load time: 0.0002 | back time: 0.7754 | lr: 0.00001659 | best AP50 acc: 0.0000 | best AP70 acc: 0.0000 | best mAP acc: 0.0000 | best mAR acc: 0.0000 | best Score: 0.0000 | best Score epoch: -1 
epoch  1, iter 1001: loss: 0.0127 | load time: 0.0002 | back time: 0.7768 | lr: 0.00001746 | best AP50 acc: 0.0000 | best AP70 acc: 0.0000 | best mAP acc: 0.0000 | best mAR acc: 0.0000 | best Score: 0.0000 | best Score epoch: -1 
epoch  1, iter 1051: loss: 0.0128 | load time: 0.0001 | back time: 0.7774 | lr: 0.00001833 | best AP50 acc: 0.0000 | best AP70 acc: 0.0000 | best mAP acc: 0.0000 | best mAR acc: 0.0000 | best Score: 0.0000 | best Score epoch: -1 
epoch  1, iter 1101: loss: 0.0136 | load time: 0.0002 | back time: 0.7758 | lr: 0.00001920 | best AP50 acc: 0.0000 | best AP70 acc: 0.0000 | best mAP acc: 0.0000 | best mAR acc: 0.0000 | best Score: 0.0000 | best Score epoch: -1 
epoch  1, iter 1151: loss: 0.0134 | load time: 0.0001 | back time: 0.7777 | lr: 0.00002006 | best AP50 acc: 0.0000 | best AP70 acc: 0.0000 | best mAP acc: 0.0000 | best mAR acc: 0.0000 | best Score: 0.0000 | best Score epoch: -1 
epoch  2, iter    1: loss: 0.0147 | load time: 0.0004 | back time: 0.1403 | lr: 0.00002010 | best AP50 acc: 0.0000 | best AP70 acc: 0.0000 | best mAP acc: 0.0000 | best mAR acc: 0.0000 | best Score: 0.0000 | best Score epoch: -1 
epoch  2, iter   51: loss: 0.0133 | load time: 0.0002 | back time: 0.7762 | lr: 0.00002096 | best AP50 acc: 0.0000 | best AP70 acc: 0.0000 | best mAP acc: 0.0000 | best mAR acc: 0.0000 | best Score: 0.0000 | best Score epoch: -1 
epoch  2, iter  101: loss: 0.0132 | load time: 0.0003 | back time: 0.7750 | lr: 0.00002183 | best AP50 acc: 0.0000 | best AP70 acc: 0.0000 | best mAP acc: 0.0000 | best mAR acc: 0.0000 | best Score: 0.0000 | best Score epoch: -1 
epoch  2, iter  151: loss: 0.0151 | load time: 0.0004 | back time: 0.7769 | lr: 0.00002270 | best AP50 acc: 0.0000 | best AP70 acc: 0.0000 | best mAP acc: 0.0000 | best mAR acc: 0.0000 | best Score: 0.0000 | best Score epoch: -1 
epoch  2, iter  201: loss: 0.0114 | load time: 0.0001 | back time: 0.7819 | lr: 0.00002357 | best AP50 acc: 0.0000 | best AP70 acc: 0.0000 | best mAP acc: 0.0000 | best mAR acc: 0.0000 | best Score: 0.0000 | best Score epoch: -1 
epoch  2, iter  251: loss: 0.0117 | load time: 0.0002 | back time: 0.7755 | lr: 0.00002443 | best AP50 acc: 0.0000 | best AP70 acc: 0.0000 | best mAP acc: 0.0000 | best mAR acc: 0.0000 | best Score: 0.0000 | best Score epoch: -1 
epoch  2, iter  301: loss: 0.0124 | load time: 0.0002 | back time: 0.7776 | lr: 0.00002530 | best AP50 acc: 0.0000 | best AP70 acc: 0.0000 | best mAP acc: 0.0000 | best mAR acc: 0.0000 | best Score: 0.0000 | best Score epoch: -1 
epoch  2, iter  351: loss: 0.0087 | load time: 0.0002 | back time: 0.7777 | lr: 0.00002617 | best AP50 acc: 0.0000 | best AP70 acc: 0.0000 | best mAP acc: 0.0000 | best mAR acc: 0.0000 | best Score: 0.0000 | best Score epoch: -1 
epoch  2, iter  401: loss: 0.0107 | load time: 0.0001 | back time: 0.7781 | lr: 0.00002703 | best AP50 acc: 0.0000 | best AP70 acc: 0.0000 | best mAP acc: 0.0000 | best mAR acc: 0.0000 | best Score: 0.0000 | best Score epoch: -1 
epoch  2, iter  451: loss: 0.0105 | load time: 0.0001 | back time: 0.7797 | lr: 0.00002790 | best AP50 acc: 0.0000 | best AP70 acc: 0.0000 | best mAP acc: 0.0000 | best mAR acc: 0.0000 | best Score: 0.0000 | best Score epoch: -1 
epoch  2, iter  501: loss: 0.0093 | load time: 0.0002 | back time: 0.7770 | lr: 0.00002877 | best AP50 acc: 0.0000 | best AP70 acc: 0.0000 | best mAP acc: 0.0000 | best mAR acc: 0.0000 | best Score: 0.0000 | best Score epoch: -1 
epoch  2, iter  551: loss: 0.0105 | load time: 0.0002 | back time: 0.7772 | lr: 0.00002964 | best AP50 acc: 0.0000 | best AP70 acc: 0.0000 | best mAP acc: 0.0000 | best mAR acc: 0.0000 | best Score: 0.0000 | best Score epoch: -1 
epoch  2, iter  601: loss: 0.0129 | load time: 0.0002 | back time: 0.7775 | lr: 0.00003050 | best AP50 acc: 0.0000 | best AP70 acc: 0.0000 | best mAP acc: 0.0000 | best mAR acc: 0.0000 | best Score: 0.0000 | best Score epoch: -1 
epoch  2, iter  651: loss: 0.0107 | load time: 0.0002 | back time: 0.7791 | lr: 0.00003137 | best AP50 acc: 0.0000 | best AP70 acc: 0.0000 | best mAP acc: 0.0000 | best mAR acc: 0.0000 | best Score: 0.0000 | best Score epoch: -1 
epoch  2, iter  701: loss: 0.0115 | load time: 0.0002 | back time: 0.7755 | lr: 0.00003224 | best AP50 acc: 0.0000 | best AP70 acc: 0.0000 | best mAP acc: 0.0000 | best mAR acc: 0.0000 | best Score: 0.0000 | best Score epoch: -1 
epoch  2, iter  751: loss: 0.0096 | load time: 0.0002 | back time: 0.7784 | lr: 0.00003311 | best AP50 acc: 0.0000 | best AP70 acc: 0.0000 | best mAP acc: 0.0000 | best mAR acc: 0.0000 | best Score: 0.0000 | best Score epoch: -1 
epoch  2, iter  801: loss: 0.0098 | load time: 0.0002 | back time: 0.7738 | lr: 0.00003397 | best AP50 acc: 0.0000 | best AP70 acc: 0.0000 | best mAP acc: 0.0000 | best mAR acc: 0.0000 | best Score: 0.0000 | best Score epoch: -1 
epoch  2, iter  851: loss: 0.0117 | load time: 0.0002 | back time: 0.7764 | lr: 0.00003484 | best AP50 acc: 0.0000 | best AP70 acc: 0.0000 | best mAP acc: 0.0000 | best mAR acc: 0.0000 | best Score: 0.0000 | best Score epoch: -1 
epoch  2, iter  901: loss: 0.0086 | load time: 0.0002 | back time: 0.7779 | lr: 0.00003571 | best AP50 acc: 0.0000 | best AP70 acc: 0.0000 | best mAP acc: 0.0000 | best mAR acc: 0.0000 | best Score: 0.0000 | best Score epoch: -1 
epoch  2, iter  951: loss: 0.0106 | load time: 0.0002 | back time: 0.7762 | lr: 0.00003657 | best AP50 acc: 0.0000 | best AP70 acc: 0.0000 | best mAP acc: 0.0000 | best mAR acc: 0.0000 | best Score: 0.0000 | best Score epoch: -1 
epoch  2, iter 1001: loss: 0.0136 | load time: 0.0002 | back time: 0.7759 | lr: 0.00003744 | best AP50 acc: 0.0000 | best AP70 acc: 0.0000 | best mAP acc: 0.0000 | best mAR acc: 0.0000 | best Score: 0.0000 | best Score epoch: -1 
epoch  2, iter 1051: loss: 0.0101 | load time: 0.0001 | back time: 0.7748 | lr: 0.00003831 | best AP50 acc: 0.0000 | best AP70 acc: 0.0000 | best mAP acc: 0.0000 | best mAR acc: 0.0000 | best Score: 0.0000 | best Score epoch: -1 
epoch  2, iter 1101: loss: 0.0134 | load time: 0.0001 | back time: 0.7772 | lr: 0.00003918 | best AP50 acc: 0.0000 | best AP70 acc: 0.0000 | best mAP acc: 0.0000 | best mAR acc: 0.0000 | best Score: 0.0000 | best Score epoch: -1 
epoch  2, iter 1151: loss: 0.0111 | load time: 0.0001 | back time: 0.7785 | lr: 0.00004004 | best AP50 acc: 0.0000 | best AP70 acc: 0.0000 | best mAP acc: 0.0000 | best mAR acc: 0.0000 | best Score: 0.0000 | best Score epoch: -1 
epoch  3, iter    1: loss: 0.0100 | load time: 0.0004 | back time: 0.1408 | lr: 0.00004008 | best AP50 acc: 0.0000 | best AP70 acc: 0.0000 | best mAP acc: 0.0000 | best mAR acc: 0.0000 | best Score: 0.0000 | best Score epoch: -1 
epoch  3, iter   51: loss: 0.0131 | load time: 0.0002 | back time: 0.7781 | lr: 0.00004094 | best AP50 acc: 0.0000 | best AP70 acc: 0.0000 | best mAP acc: 0.0000 | best mAR acc: 0.0000 | best Score: 0.0000 | best Score epoch: -1 
epoch  3, iter  101: loss: 0.0102 | load time: 0.0002 | back time: 0.7766 | lr: 0.00004181 | best AP50 acc: 0.0000 | best AP70 acc: 0.0000 | best mAP acc: 0.0000 | best mAR acc: 0.0000 | best Score: 0.0000 | best Score epoch: -1 
epoch  3, iter  151: loss: 0.0078 | load time: 0.0002 | back time: 0.7769 | lr: 0.00004268 | best AP50 acc: 0.0000 | best AP70 acc: 0.0000 | best mAP acc: 0.0000 | best mAR acc: 0.0000 | best Score: 0.0000 | best Score epoch: -1 
epoch  3, iter  201: loss: 0.0107 | load time: 0.0002 | back time: 0.7809 | lr: 0.00004355 | best AP50 acc: 0.0000 | best AP70 acc: 0.0000 | best mAP acc: 0.0000 | best mAR acc: 0.0000 | best Score: 0.0000 | best Score epoch: -1 
epoch  3, iter  251: loss: 0.0094 | load time: 0.0002 | back time: 0.7754 | lr: 0.00004441 | best AP50 acc: 0.0000 | best AP70 acc: 0.0000 | best mAP acc: 0.0000 | best mAR acc: 0.0000 | best Score: 0.0000 | best Score epoch: -1 
epoch  3, iter  301: loss: 0.0099 | load time: 0.0002 | back time: 0.7771 | lr: 0.00004528 | best AP50 acc: 0.0000 | best AP70 acc: 0.0000 | best mAP acc: 0.0000 | best mAR acc: 0.0000 | best Score: 0.0000 | best Score epoch: -1 
epoch  3, iter  351: loss: 0.0098 | load time: 0.0002 | back time: 0.7768 | lr: 0.00004615 | best AP50 acc: 0.0000 | best AP70 acc: 0.0000 | best mAP acc: 0.0000 | best mAR acc: 0.0000 | best Score: 0.0000 | best Score epoch: -1 
epoch  3, iter  401: loss: 0.0075 | load time: 0.0002 | back time: 0.7778 | lr: 0.00004701 | best AP50 acc: 0.0000 | best AP70 acc: 0.0000 | best mAP acc: 0.0000 | best mAR acc: 0.0000 | best Score: 0.0000 | best Score epoch: -1 
epoch  3, iter  451: loss: 0.0085 | load time: 0.0002 | back time: 0.7799 | lr: 0.00004788 | best AP50 acc: 0.0000 | best AP70 acc: 0.0000 | best mAP acc: 0.0000 | best mAR acc: 0.0000 | best Score: 0.0000 | best Score epoch: -1 
epoch  3, iter  501: loss: 0.0106 | load time: 0.0002 | back time: 0.7753 | lr: 0.00004875 | best AP50 acc: 0.0000 | best AP70 acc: 0.0000 | best mAP acc: 0.0000 | best mAR acc: 0.0000 | best Score: 0.0000 | best Score epoch: -1 
epoch  3, iter  551: loss: 0.0078 | load time: 0.0001 | back time: 0.7760 | lr: 0.00004962 | best AP50 acc: 0.0000 | best AP70 acc: 0.0000 | best mAP acc: 0.0000 | best mAR acc: 0.0000 | best Score: 0.0000 | best Score epoch: -1 
epoch  3, iter  601: loss: 0.0121 | load time: 0.0001 | back time: 0.7812 | lr: 0.00005048 | best AP50 acc: 0.0000 | best AP70 acc: 0.0000 | best mAP acc: 0.0000 | best mAR acc: 0.0000 | best Score: 0.0000 | best Score epoch: -1 
epoch  3, iter  651: loss: 0.0098 | load time: 0.0002 | back time: 0.7760 | lr: 0.00005135 | best AP50 acc: 0.0000 | best AP70 acc: 0.0000 | best mAP acc: 0.0000 | best mAR acc: 0.0000 | best Score: 0.0000 | best Score epoch: -1 
epoch  3, iter  701: loss: 0.0079 | load time: 0.0002 | back time: 0.7758 | lr: 0.00005222 | best AP50 acc: 0.0000 | best AP70 acc: 0.0000 | best mAP acc: 0.0000 | best mAR acc: 0.0000 | best Score: 0.0000 | best Score epoch: -1 
epoch  3, iter  751: loss: 0.0081 | load time: 0.0001 | back time: 0.7780 | lr: 0.00005309 | best AP50 acc: 0.0000 | best AP70 acc: 0.0000 | best mAP acc: 0.0000 | best mAR acc: 0.0000 | best Score: 0.0000 | best Score epoch: -1 
epoch  3, iter  801: loss: 0.0074 | load time: 0.0001 | back time: 0.7724 | lr: 0.00005395 | best AP50 acc: 0.0000 | best AP70 acc: 0.0000 | best mAP acc: 0.0000 | best mAR acc: 0.0000 | best Score: 0.0000 | best Score epoch: -1 
epoch  3, iter  851: loss: 0.0101 | load time: 0.0002 | back time: 0.7755 | lr: 0.00005482 | best AP50 acc: 0.0000 | best AP70 acc: 0.0000 | best mAP acc: 0.0000 | best mAR acc: 0.0000 | best Score: 0.0000 | best Score epoch: -1 
epoch  3, iter  901: loss: 0.0120 | load time: 0.0002 | back time: 0.7763 | lr: 0.00005569 | best AP50 acc: 0.0000 | best AP70 acc: 0.0000 | best mAP acc: 0.0000 | best mAR acc: 0.0000 | best Score: 0.0000 | best Score epoch: -1 
epoch  3, iter  951: loss: 0.0105 | load time: 0.0002 | back time: 0.7776 | lr: 0.00005655 | best AP50 acc: 0.0000 | best AP70 acc: 0.0000 | best mAP acc: 0.0000 | best mAR acc: 0.0000 | best Score: 0.0000 | best Score epoch: -1 
epoch  3, iter 1001: loss: 0.0153 | load time: 0.0002 | back time: 0.7777 | lr: 0.00005742 | best AP50 acc: 0.0000 | best AP70 acc: 0.0000 | best mAP acc: 0.0000 | best mAR acc: 0.0000 | best Score: 0.0000 | best Score epoch: -1 
epoch  3, iter 1051: loss: 0.0077 | load time: 0.0002 | back time: 0.7763 | lr: 0.00005829 | best AP50 acc: 0.0000 | best AP70 acc: 0.0000 | best mAP acc: 0.0000 | best mAR acc: 0.0000 | best Score: 0.0000 | best Score epoch: -1 
epoch  3, iter 1101: loss: 0.0113 | load time: 0.0002 | back time: 0.7772 | lr: 0.00005916 | best AP50 acc: 0.0000 | best AP70 acc: 0.0000 | best mAP acc: 0.0000 | best mAR acc: 0.0000 | best Score: 0.0000 | best Score epoch: -1 
epoch  3, iter 1151: loss: 0.0091 | load time: 0.0001 | back time: 0.7773 | lr: 0.00006002 | best AP50 acc: 0.0000 | best AP70 acc: 0.0000 | best mAP acc: 0.0000 | best mAR acc: 0.0000 | best Score: 0.0000 | best Score epoch: -1 
epoch  4, iter    1: loss: 0.0081 | load time: 0.0004 | back time: 0.1403 | lr: 0.00006006 | best AP50 acc: 0.0000 | best AP70 acc: 0.0000 | best mAP acc: 0.0000 | best mAR acc: 0.0000 | best Score: 0.0000 | best Score epoch: -1 
epoch  4, iter   51: loss: 0.0110 | load time: 0.0002 | back time: 0.7778 | lr: 0.00006092 | best AP50 acc: 0.0000 | best AP70 acc: 0.0000 | best mAP acc: 0.0000 | best mAR acc: 0.0000 | best Score: 0.0000 | best Score epoch: -1 
epoch  4, iter  101: loss: 0.0080 | load time: 0.0001 | back time: 0.7761 | lr: 0.00006179 | best AP50 acc: 0.0000 | best AP70 acc: 0.0000 | best mAP acc: 0.0000 | best mAR acc: 0.0000 | best Score: 0.0000 | best Score epoch: -1 
epoch  4, iter  151: loss: 0.0094 | load time: 0.0002 | back time: 0.7774 | lr: 0.00006266 | best AP50 acc: 0.0000 | best AP70 acc: 0.0000 | best mAP acc: 0.0000 | best mAR acc: 0.0000 | best Score: 0.0000 | best Score epoch: -1 
epoch  4, iter  201: loss: 0.0068 | load time: 0.0003 | back time: 0.7766 | lr: 0.00006353 | best AP50 acc: 0.0000 | best AP70 acc: 0.0000 | best mAP acc: 0.0000 | best mAR acc: 0.0000 | best Score: 0.0000 | best Score epoch: -1 
epoch  4, iter  251: loss: 0.0078 | load time: 0.0001 | back time: 0.7792 | lr: 0.00006439 | best AP50 acc: 0.0000 | best AP70 acc: 0.0000 | best mAP acc: 0.0000 | best mAR acc: 0.0000 | best Score: 0.0000 | best Score epoch: -1 
epoch  4, iter  301: loss: 0.0085 | load time: 0.0002 | back time: 0.7778 | lr: 0.00006526 | best AP50 acc: 0.0000 | best AP70 acc: 0.0000 | best mAP acc: 0.0000 | best mAR acc: 0.0000 | best Score: 0.0000 | best Score epoch: -1 
epoch  4, iter  351: loss: 0.0087 | load time: 0.0002 | back time: 0.7773 | lr: 0.00006613 | best AP50 acc: 0.0000 | best AP70 acc: 0.0000 | best mAP acc: 0.0000 | best mAR acc: 0.0000 | best Score: 0.0000 | best Score epoch: -1 
epoch  4, iter  401: loss: 0.0075 | load time: 0.0002 | back time: 0.7768 | lr: 0.00006699 | best AP50 acc: 0.0000 | best AP70 acc: 0.0000 | best mAP acc: 0.0000 | best mAR acc: 0.0000 | best Score: 0.0000 | best Score epoch: -1 
epoch  4, iter  451: loss: 0.0099 | load time: 0.0002 | back time: 0.7816 | lr: 0.00006786 | best AP50 acc: 0.0000 | best AP70 acc: 0.0000 | best mAP acc: 0.0000 | best mAR acc: 0.0000 | best Score: 0.0000 | best Score epoch: -1 
epoch  4, iter  501: loss: 0.0091 | load time: 0.0002 | back time: 0.7791 | lr: 0.00006873 | best AP50 acc: 0.0000 | best AP70 acc: 0.0000 | best mAP acc: 0.0000 | best mAR acc: 0.0000 | best Score: 0.0000 | best Score epoch: -1 
epoch  4, iter  551: loss: 0.0129 | load time: 0.0002 | back time: 0.7790 | lr: 0.00006960 | best AP50 acc: 0.0000 | best AP70 acc: 0.0000 | best mAP acc: 0.0000 | best mAR acc: 0.0000 | best Score: 0.0000 | best Score epoch: -1 
epoch  4, iter  601: loss: 0.0092 | load time: 0.0002 | back time: 0.7760 | lr: 0.00007046 | best AP50 acc: 0.0000 | best AP70 acc: 0.0000 | best mAP acc: 0.0000 | best mAR acc: 0.0000 | best Score: 0.0000 | best Score epoch: -1 
epoch  4, iter  651: loss: 0.0111 | load time: 0.0004 | back time: 0.7764 | lr: 0.00007133 | best AP50 acc: 0.0000 | best AP70 acc: 0.0000 | best mAP acc: 0.0000 | best mAR acc: 0.0000 | best Score: 0.0000 | best Score epoch: -1 
epoch  4, iter  701: loss: 0.0074 | load time: 0.0002 | back time: 0.7749 | lr: 0.00007220 | best AP50 acc: 0.0000 | best AP70 acc: 0.0000 | best mAP acc: 0.0000 | best mAR acc: 0.0000 | best Score: 0.0000 | best Score epoch: -1 
epoch  4, iter  751: loss: 0.0087 | load time: 0.0001 | back time: 0.7750 | lr: 0.00007307 | best AP50 acc: 0.0000 | best AP70 acc: 0.0000 | best mAP acc: 0.0000 | best mAR acc: 0.0000 | best Score: 0.0000 | best Score epoch: -1 
epoch  4, iter  801: loss: 0.0082 | load time: 0.0002 | back time: 0.7764 | lr: 0.00007393 | best AP50 acc: 0.0000 | best AP70 acc: 0.0000 | best mAP acc: 0.0000 | best mAR acc: 0.0000 | best Score: 0.0000 | best Score epoch: -1 
epoch  4, iter  851: loss: 0.0114 | load time: 0.0002 | back time: 0.7770 | lr: 0.00007480 | best AP50 acc: 0.0000 | best AP70 acc: 0.0000 | best mAP acc: 0.0000 | best mAR acc: 0.0000 | best Score: 0.0000 | best Score epoch: -1 
epoch  4, iter  901: loss: 0.0154 | load time: 0.0002 | back time: 0.7769 | lr: 0.00007567 | best AP50 acc: 0.0000 | best AP70 acc: 0.0000 | best mAP acc: 0.0000 | best mAR acc: 0.0000 | best Score: 0.0000 | best Score epoch: -1 
epoch  4, iter  951: loss: 0.0069 | load time: 0.0002 | back time: 0.7797 | lr: 0.00007653 | best AP50 acc: 0.0000 | best AP70 acc: 0.0000 | best mAP acc: 0.0000 | best mAR acc: 0.0000 | best Score: 0.0000 | best Score epoch: -1 
epoch  4, iter 1001: loss: 0.0088 | load time: 0.0002 | back time: 0.7785 | lr: 0.00007740 | best AP50 acc: 0.0000 | best AP70 acc: 0.0000 | best mAP acc: 0.0000 | best mAR acc: 0.0000 | best Score: 0.0000 | best Score epoch: -1 
epoch  4, iter 1051: loss: 0.0091 | load time: 0.0002 | back time: 0.7766 | lr: 0.00007827 | best AP50 acc: 0.0000 | best AP70 acc: 0.0000 | best mAP acc: 0.0000 | best mAR acc: 0.0000 | best Score: 0.0000 | best Score epoch: -1 
epoch  4, iter 1101: loss: 0.0076 | load time: 0.0002 | back time: 0.7769 | lr: 0.00007914 | best AP50 acc: 0.0000 | best AP70 acc: 0.0000 | best mAP acc: 0.0000 | best mAR acc: 0.0000 | best Score: 0.0000 | best Score epoch: -1 
epoch  4, iter 1151: loss: 0.0085 | load time: 0.0001 | back time: 0.7818 | lr: 0.00008000 | best AP50 acc: 0.0000 | best AP70 acc: 0.0000 | best mAP acc: 0.0000 | best mAR acc: 0.0000 | best Score: 0.0000 | best Score epoch: -1 
epoch  5, iter    1: loss: 0.0125 | load time: 0.0004 | back time: 0.1417 | lr: 0.00008004 | best AP50 acc: 0.0000 | best AP70 acc: 0.0000 | best mAP acc: 0.0000 | best mAR acc: 0.0000 | best Score: 0.0000 | best Score epoch: -1 
epoch  5, iter   51: loss: 0.0107 | load time: 0.0002 | back time: 0.7895 | lr: 0.00008090 | best AP50 acc: 0.0000 | best AP70 acc: 0.0000 | best mAP acc: 0.0000 | best mAR acc: 0.0000 | best Score: 0.0000 | best Score epoch: -1 
epoch  5, iter  101: loss: 0.0083 | load time: 0.0012 | back time: 0.7856 | lr: 0.00008177 | best AP50 acc: 0.0000 | best AP70 acc: 0.0000 | best mAP acc: 0.0000 | best mAR acc: 0.0000 | best Score: 0.0000 | best Score epoch: -1 
epoch  5, iter  151: loss: 0.0068 | load time: 0.0002 | back time: 0.7866 | lr: 0.00008264 | best AP50 acc: 0.0000 | best AP70 acc: 0.0000 | best mAP acc: 0.0000 | best mAR acc: 0.0000 | best Score: 0.0000 | best Score epoch: -1 
epoch  5, iter  201: loss: 0.0080 | load time: 0.0002 | back time: 0.7765 | lr: 0.00008351 | best AP50 acc: 0.0000 | best AP70 acc: 0.0000 | best mAP acc: 0.0000 | best mAR acc: 0.0000 | best Score: 0.0000 | best Score epoch: -1 
epoch  5, iter  251: loss: 0.0088 | load time: 0.0001 | back time: 0.7765 | lr: 0.00008437 | best AP50 acc: 0.0000 | best AP70 acc: 0.0000 | best mAP acc: 0.0000 | best mAR acc: 0.0000 | best Score: 0.0000 | best Score epoch: -1 
epoch  5, iter  301: loss: 0.0091 | load time: 0.0002 | back time: 0.7774 | lr: 0.00008524 | best AP50 acc: 0.0000 | best AP70 acc: 0.0000 | best mAP acc: 0.0000 | best mAR acc: 0.0000 | best Score: 0.0000 | best Score epoch: -1 
epoch  5, iter  351: loss: 0.0081 | load time: 0.0002 | back time: 0.7744 | lr: 0.00008611 | best AP50 acc: 0.0000 | best AP70 acc: 0.0000 | best mAP acc: 0.0000 | best mAR acc: 0.0000 | best Score: 0.0000 | best Score epoch: -1 
epoch  5, iter  401: loss: 0.0078 | load time: 0.0002 | back time: 0.7763 | lr: 0.00008697 | best AP50 acc: 0.0000 | best AP70 acc: 0.0000 | best mAP acc: 0.0000 | best mAR acc: 0.0000 | best Score: 0.0000 | best Score epoch: -1 
epoch  5, iter  451: loss: 0.0093 | load time: 0.0002 | back time: 0.7778 | lr: 0.00008784 | best AP50 acc: 0.0000 | best AP70 acc: 0.0000 | best mAP acc: 0.0000 | best mAR acc: 0.0000 | best Score: 0.0000 | best Score epoch: -1 
epoch  5, iter  501: loss: 0.0099 | load time: 0.0003 | back time: 0.7771 | lr: 0.00008871 | best AP50 acc: 0.0000 | best AP70 acc: 0.0000 | best mAP acc: 0.0000 | best mAR acc: 0.0000 | best Score: 0.0000 | best Score epoch: -1 
epoch  5, iter  551: loss: 0.0094 | load time: 0.0002 | back time: 0.7736 | lr: 0.00008958 | best AP50 acc: 0.0000 | best AP70 acc: 0.0000 | best mAP acc: 0.0000 | best mAR acc: 0.0000 | best Score: 0.0000 | best Score epoch: -1 
epoch  5, iter  601: loss: 0.0086 | load time: 0.0002 | back time: 0.7756 | lr: 0.00009044 | best AP50 acc: 0.0000 | best AP70 acc: 0.0000 | best mAP acc: 0.0000 | best mAR acc: 0.0000 | best Score: 0.0000 | best Score epoch: -1 
epoch  5, iter  651: loss: 0.0087 | load time: 0.0002 | back time: 0.7775 | lr: 0.00009131 | best AP50 acc: 0.0000 | best AP70 acc: 0.0000 | best mAP acc: 0.0000 | best mAR acc: 0.0000 | best Score: 0.0000 | best Score epoch: -1 
epoch  5, iter  701: loss: 0.0077 | load time: 0.0002 | back time: 0.7858 | lr: 0.00009218 | best AP50 acc: 0.0000 | best AP70 acc: 0.0000 | best mAP acc: 0.0000 | best mAR acc: 0.0000 | best Score: 0.0000 | best Score epoch: -1 
epoch  5, iter  751: loss: 0.0068 | load time: 0.0001 | back time: 0.7837 | lr: 0.00009305 | best AP50 acc: 0.0000 | best AP70 acc: 0.0000 | best mAP acc: 0.0000 | best mAR acc: 0.0000 | best Score: 0.0000 | best Score epoch: -1 
epoch  5, iter  801: loss: 0.0067 | load time: 0.0002 | back time: 0.7776 | lr: 0.00009391 | best AP50 acc: 0.0000 | best AP70 acc: 0.0000 | best mAP acc: 0.0000 | best mAR acc: 0.0000 | best Score: 0.0000 | best Score epoch: -1 
epoch  5, iter  851: loss: 0.0084 | load time: 0.0002 | back time: 0.7720 | lr: 0.00009478 | best AP50 acc: 0.0000 | best AP70 acc: 0.0000 | best mAP acc: 0.0000 | best mAR acc: 0.0000 | best Score: 0.0000 | best Score epoch: -1 
epoch  5, iter  901: loss: 0.0064 | load time: 0.0001 | back time: 0.6752 | lr: 0.00009565 | best AP50 acc: 0.0000 | best AP70 acc: 0.0000 | best mAP acc: 0.0000 | best mAR acc: 0.0000 | best Score: 0.0000 | best Score epoch: -1 
epoch  5, iter  951: loss: 0.0091 | load time: 0.0002 | back time: 0.7969 | lr: 0.00009651 | best AP50 acc: 0.0000 | best AP70 acc: 0.0000 | best mAP acc: 0.0000 | best mAR acc: 0.0000 | best Score: 0.0000 | best Score epoch: -1 
epoch  5, iter 1001: loss: 0.0092 | load time: 0.0002 | back time: 0.7665 | lr: 0.00009738 | best AP50 acc: 0.0000 | best AP70 acc: 0.0000 | best mAP acc: 0.0000 | best mAR acc: 0.0000 | best Score: 0.0000 | best Score epoch: -1 
epoch  5, iter 1051: loss: 0.0061 | load time: 0.0001 | back time: 0.7578 | lr: 0.00009825 | best AP50 acc: 0.0000 | best AP70 acc: 0.0000 | best mAP acc: 0.0000 | best mAR acc: 0.0000 | best Score: 0.0000 | best Score epoch: -1 
epoch  5, iter 1101: loss: 0.0060 | load time: 0.0001 | back time: 0.7644 | lr: 0.00009912 | best AP50 acc: 0.0000 | best AP70 acc: 0.0000 | best mAP acc: 0.0000 | best mAR acc: 0.0000 | best Score: 0.0000 | best Score epoch: -1 
epoch  5, iter 1151: loss: 0.0086 | load time: 0.0001 | back time: 0.7619 | lr: 0.00009998 | best AP50 acc: 0.0000 | best AP70 acc: 0.0000 | best mAP acc: 0.0000 | best mAR acc: 0.0000 | best Score: 0.0000 | best Score epoch: -1 
epoch  6, iter    1: loss: 0.0074 | load time: 0.0003 | back time: 0.1377 | lr: 0.00010000 | best AP50 acc: 0.0000 | best AP70 acc: 0.0000 | best mAP acc: 0.0000 | best mAR acc: 0.0000 | best Score: 0.0000 | best Score epoch: -1 
epoch  6, iter   51: loss: 0.0078 | load time: 0.0002 | back time: 0.7986 | lr: 0.00010000 | best AP50 acc: 0.0000 | best AP70 acc: 0.0000 | best mAP acc: 0.0000 | best mAR acc: 0.0000 | best Score: 0.0000 | best Score epoch: -1 
epoch  6, iter  101: loss: 0.0066 | load time: 0.0002 | back time: 0.7745 | lr: 0.00010000 | best AP50 acc: 0.0000 | best AP70 acc: 0.0000 | best mAP acc: 0.0000 | best mAR acc: 0.0000 | best Score: 0.0000 | best Score epoch: -1 
epoch  6, iter  151: loss: 0.0081 | load time: 0.0001 | back time: 0.7806 | lr: 0.00010000 | best AP50 acc: 0.0000 | best AP70 acc: 0.0000 | best mAP acc: 0.0000 | best mAR acc: 0.0000 | best Score: 0.0000 | best Score epoch: -1 
epoch  6, iter  201: loss: 0.0120 | load time: 0.0002 | back time: 0.7401 | lr: 0.00010000 | best AP50 acc: 0.0000 | best AP70 acc: 0.0000 | best mAP acc: 0.0000 | best mAR acc: 0.0000 | best Score: 0.0000 | best Score epoch: -1 
epoch  6, iter  251: loss: 0.0083 | load time: 0.0002 | back time: 0.7979 | lr: 0.00010000 | best AP50 acc: 0.0000 | best AP70 acc: 0.0000 | best mAP acc: 0.0000 | best mAR acc: 0.0000 | best Score: 0.0000 | best Score epoch: -1 
epoch  6, iter  301: loss: 0.0084 | load time: 0.0001 | back time: 0.7862 | lr: 0.00009999 | best AP50 acc: 0.0000 | best AP70 acc: 0.0000 | best mAP acc: 0.0000 | best mAR acc: 0.0000 | best Score: 0.0000 | best Score epoch: -1 
epoch  6, iter  351: loss: 0.0079 | load time: 0.0001 | back time: 0.7372 | lr: 0.00009999 | best AP50 acc: 0.0000 | best AP70 acc: 0.0000 | best mAP acc: 0.0000 | best mAR acc: 0.0000 | best Score: 0.0000 | best Score epoch: -1 
epoch  6, iter  401: loss: 0.0073 | load time: 0.0002 | back time: 0.7978 | lr: 0.00009999 | best AP50 acc: 0.0000 | best AP70 acc: 0.0000 | best mAP acc: 0.0000 | best mAR acc: 0.0000 | best Score: 0.0000 | best Score epoch: -1 
epoch  6, iter  451: loss: 0.0064 | load time: 0.0001 | back time: 0.7355 | lr: 0.00009999 | best AP50 acc: 0.0000 | best AP70 acc: 0.0000 | best mAP acc: 0.0000 | best mAR acc: 0.0000 | best Score: 0.0000 | best Score epoch: -1 
epoch  6, iter  501: loss: 0.0059 | load time: 0.0002 | back time: 0.7977 | lr: 0.00009998 | best AP50 acc: 0.0000 | best AP70 acc: 0.0000 | best mAP acc: 0.0000 | best mAR acc: 0.0000 | best Score: 0.0000 | best Score epoch: -1 
epoch  6, iter  551: loss: 0.0106 | load time: 0.0002 | back time: 0.7531 | lr: 0.00009998 | best AP50 acc: 0.0000 | best AP70 acc: 0.0000 | best mAP acc: 0.0000 | best mAR acc: 0.0000 | best Score: 0.0000 | best Score epoch: -1 
epoch  6, iter  601: loss: 0.0073 | load time: 0.0002 | back time: 0.7710 | lr: 0.00009997 | best AP50 acc: 0.0000 | best AP70 acc: 0.0000 | best mAP acc: 0.0000 | best mAR acc: 0.0000 | best Score: 0.0000 | best Score epoch: -1 
epoch  6, iter  651: loss: 0.0071 | load time: 0.0002 | back time: 0.7664 | lr: 0.00009997 | best AP50 acc: 0.0000 | best AP70 acc: 0.0000 | best mAP acc: 0.0000 | best mAR acc: 0.0000 | best Score: 0.0000 | best Score epoch: -1 
epoch  6, iter  701: loss: 0.0098 | load time: 0.0001 | back time: 0.7665 | lr: 0.00009996 | best AP50 acc: 0.0000 | best AP70 acc: 0.0000 | best mAP acc: 0.0000 | best mAR acc: 0.0000 | best Score: 0.0000 | best Score epoch: -1 
epoch  6, iter  751: loss: 0.0063 | load time: 0.0002 | back time: 0.7568 | lr: 0.00009996 | best AP50 acc: 0.0000 | best AP70 acc: 0.0000 | best mAP acc: 0.0000 | best mAR acc: 0.0000 | best Score: 0.0000 | best Score epoch: -1 
epoch  6, iter  801: loss: 0.0105 | load time: 0.0003 | back time: 0.7813 | lr: 0.00009995 | best AP50 acc: 0.0000 | best AP70 acc: 0.0000 | best mAP acc: 0.0000 | best mAR acc: 0.0000 | best Score: 0.0000 | best Score epoch: -1 
epoch  6, iter  851: loss: 0.0092 | load time: 0.0002 | back time: 0.7741 | lr: 0.00009995 | best AP50 acc: 0.0000 | best AP70 acc: 0.0000 | best mAP acc: 0.0000 | best mAR acc: 0.0000 | best Score: 0.0000 | best Score epoch: -1 
epoch  6, iter  901: loss: 0.0087 | load time: 0.0002 | back time: 0.7711 | lr: 0.00009994 | best AP50 acc: 0.0000 | best AP70 acc: 0.0000 | best mAP acc: 0.0000 | best mAR acc: 0.0000 | best Score: 0.0000 | best Score epoch: -1 
epoch  6, iter  951: loss: 0.0080 | load time: 0.0002 | back time: 0.7665 | lr: 0.00009993 | best AP50 acc: 0.0000 | best AP70 acc: 0.0000 | best mAP acc: 0.0000 | best mAR acc: 0.0000 | best Score: 0.0000 | best Score epoch: -1 
epoch  6, iter 1001: loss: 0.0064 | load time: 0.0002 | back time: 0.7768 | lr: 0.00009993 | best AP50 acc: 0.0000 | best AP70 acc: 0.0000 | best mAP acc: 0.0000 | best mAR acc: 0.0000 | best Score: 0.0000 | best Score epoch: -1 
epoch  6, iter 1051: loss: 0.0058 | load time: 0.0002 | back time: 0.7625 | lr: 0.00009992 | best AP50 acc: 0.0000 | best AP70 acc: 0.0000 | best mAP acc: 0.0000 | best mAR acc: 0.0000 | best Score: 0.0000 | best Score epoch: -1 
epoch  6, iter 1101: loss: 0.0116 | load time: 0.0002 | back time: 0.7667 | lr: 0.00009991 | best AP50 acc: 0.0000 | best AP70 acc: 0.0000 | best mAP acc: 0.0000 | best mAR acc: 0.0000 | best Score: 0.0000 | best Score epoch: -1 
epoch  6, iter 1151: loss: 0.0064 | load time: 0.0001 | back time: 0.7658 | lr: 0.00009990 | best AP50 acc: 0.0000 | best AP70 acc: 0.0000 | best mAP acc: 0.0000 | best mAR acc: 0.0000 | best Score: 0.0000 | best Score epoch: -1 
UAV_SEQS_2 | mAP50:90: 28.4550 | AP50: 44.9863 | AP70: 29.9780 
UAV_SEQS_37 | mAP50:90: 81.4507 | AP50: 98.7393 | AP70: 80.1320 
UAV_SEQS_45 | mAP50:90: 95.3873 | AP50: 100.0000 | AP70: 98.9472 
UAV_SEQS_47 | mAP50:90: 93.4413 | AP50: 100.0000 | AP70: 98.6898 
UAV_SEQS_55 | mAP50:90: 46.6186 | AP50: 68.7586 | AP70: 51.2732 
UAV_SEQS_59 | mAP50:90: 64.7143 | AP50: 93.5681 | AP70: 68.9697 
UAV_SEQS_6 | mAP50:90: 34.7158 | AP50: 50.5185 | AP70: 33.8292 
UAV_SEQS_63 | mAP50:90: 4.8730 | AP50: 19.1657 | AP70: 0.4083 
UAV_SEQS_65 | mAP50:90: 89.0076 | AP50: 97.2367 | AP70: 94.6325 
UAV_SEQS_7 | mAP50:90: 18.8505 | AP50: 74.8308 | AP70: 2.1436 
UAV_SEQS_71 | mAP50:90: 78.8538 | AP50: 95.9988 | AP70: 86.9285 
UAV_SEQS_73 | mAP50:90: 51.8199 | AP50: 74.4216 | AP70: 63.8463 
UAV_SEQS_74 | mAP50:90: 100.0000 | AP50: 100.0000 | AP70: 100.0000 
UAV_SEQS_77 | mAP50:90: 32.5383 | AP50: 46.4779 | AP70: 45.4657 
UAV_SEQS_8 | mAP50:90: 51.3013 | AP50: 92.0695 | AP70: 55.7583 
Overall            | mAP50:95: 57.9693 | AP50: 78.4942 | AP70: 58.7480 
epoch  7, iter    1: loss: 0.0079 | load time: 0.0008 | back time: 0.5205 | lr: 0.00009990 | best AP50 acc: 0.7849 | best AP70 acc: 0.5875 | best mAP acc: 0.5797 | best mAR acc: 0.6633 | best Score: 0.5797 | best Score epoch:  6 
epoch  7, iter   51: loss: 0.0091 | load time: 0.0002 | back time: 0.7583 | lr: 0.00009989 | best AP50 acc: 0.7849 | best AP70 acc: 0.5875 | best mAP acc: 0.5797 | best mAR acc: 0.6633 | best Score: 0.5797 | best Score epoch:  6 
epoch  7, iter  101: loss: 0.0063 | load time: 0.0001 | back time: 0.7703 | lr: 0.00009988 | best AP50 acc: 0.7849 | best AP70 acc: 0.5875 | best mAP acc: 0.5797 | best mAR acc: 0.6633 | best Score: 0.5797 | best Score epoch:  6 
epoch  7, iter  151: loss: 0.0061 | load time: 0.0002 | back time: 0.7784 | lr: 0.00009988 | best AP50 acc: 0.7849 | best AP70 acc: 0.5875 | best mAP acc: 0.5797 | best mAR acc: 0.6633 | best Score: 0.5797 | best Score epoch:  6 
epoch  7, iter  201: loss: 0.0066 | load time: 0.0002 | back time: 0.7778 | lr: 0.00009987 | best AP50 acc: 0.7849 | best AP70 acc: 0.5875 | best mAP acc: 0.5797 | best mAR acc: 0.6633 | best Score: 0.5797 | best Score epoch:  6 
epoch  7, iter  251: loss: 0.0065 | load time: 0.0002 | back time: 0.7838 | lr: 0.00009986 | best AP50 acc: 0.7849 | best AP70 acc: 0.5875 | best mAP acc: 0.5797 | best mAR acc: 0.6633 | best Score: 0.5797 | best Score epoch:  6 
epoch  7, iter  301: loss: 0.0068 | load time: 0.0002 | back time: 0.7683 | lr: 0.00009984 | best AP50 acc: 0.7849 | best AP70 acc: 0.5875 | best mAP acc: 0.5797 | best mAR acc: 0.6633 | best Score: 0.5797 | best Score epoch:  6 
epoch  7, iter  351: loss: 0.0110 | load time: 0.0002 | back time: 0.7706 | lr: 0.00009983 | best AP50 acc: 0.7849 | best AP70 acc: 0.5875 | best mAP acc: 0.5797 | best mAR acc: 0.6633 | best Score: 0.5797 | best Score epoch:  6 
epoch  7, iter  401: loss: 0.0089 | load time: 0.0001 | back time: 0.7708 | lr: 0.00009982 | best AP50 acc: 0.7849 | best AP70 acc: 0.5875 | best mAP acc: 0.5797 | best mAR acc: 0.6633 | best Score: 0.5797 | best Score epoch:  6 
epoch  7, iter  451: loss: 0.0110 | load time: 0.0002 | back time: 0.7704 | lr: 0.00009981 | best AP50 acc: 0.7849 | best AP70 acc: 0.5875 | best mAP acc: 0.5797 | best mAR acc: 0.6633 | best Score: 0.5797 | best Score epoch:  6 
epoch  7, iter  501: loss: 0.0075 | load time: 0.0002 | back time: 0.7662 | lr: 0.00009980 | best AP50 acc: 0.7849 | best AP70 acc: 0.5875 | best mAP acc: 0.5797 | best mAR acc: 0.6633 | best Score: 0.5797 | best Score epoch:  6 
epoch  7, iter  551: loss: 0.0071 | load time: 0.0003 | back time: 0.7674 | lr: 0.00009979 | best AP50 acc: 0.7849 | best AP70 acc: 0.5875 | best mAP acc: 0.5797 | best mAR acc: 0.6633 | best Score: 0.5797 | best Score epoch:  6 
epoch  7, iter  601: loss: 0.0092 | load time: 0.0003 | back time: 0.7712 | lr: 0.00009977 | best AP50 acc: 0.7849 | best AP70 acc: 0.5875 | best mAP acc: 0.5797 | best mAR acc: 0.6633 | best Score: 0.5797 | best Score epoch:  6 
epoch  7, iter  651: loss: 0.0096 | load time: 0.0002 | back time: 0.7717 | lr: 0.00009976 | best AP50 acc: 0.7849 | best AP70 acc: 0.5875 | best mAP acc: 0.5797 | best mAR acc: 0.6633 | best Score: 0.5797 | best Score epoch:  6 
epoch  7, iter  701: loss: 0.0095 | load time: 0.0002 | back time: 0.7715 | lr: 0.00009975 | best AP50 acc: 0.7849 | best AP70 acc: 0.5875 | best mAP acc: 0.5797 | best mAR acc: 0.6633 | best Score: 0.5797 | best Score epoch:  6 
epoch  7, iter  751: loss: 0.0078 | load time: 0.0003 | back time: 0.7702 | lr: 0.00009973 | best AP50 acc: 0.7849 | best AP70 acc: 0.5875 | best mAP acc: 0.5797 | best mAR acc: 0.6633 | best Score: 0.5797 | best Score epoch:  6 
epoch  7, iter  801: loss: 0.0106 | load time: 0.0001 | back time: 0.7697 | lr: 0.00009972 | best AP50 acc: 0.7849 | best AP70 acc: 0.5875 | best mAP acc: 0.5797 | best mAR acc: 0.6633 | best Score: 0.5797 | best Score epoch:  6 
epoch  7, iter  851: loss: 0.0077 | load time: 0.0003 | back time: 0.7714 | lr: 0.00009970 | best AP50 acc: 0.7849 | best AP70 acc: 0.5875 | best mAP acc: 0.5797 | best mAR acc: 0.6633 | best Score: 0.5797 | best Score epoch:  6 
epoch  7, iter  901: loss: 0.0087 | load time: 0.0002 | back time: 0.7725 | lr: 0.00009969 | best AP50 acc: 0.7849 | best AP70 acc: 0.5875 | best mAP acc: 0.5797 | best mAR acc: 0.6633 | best Score: 0.5797 | best Score epoch:  6 
epoch  7, iter  951: loss: 0.0061 | load time: 0.0002 | back time: 0.7719 | lr: 0.00009967 | best AP50 acc: 0.7849 | best AP70 acc: 0.5875 | best mAP acc: 0.5797 | best mAR acc: 0.6633 | best Score: 0.5797 | best Score epoch:  6 
epoch  7, iter 1001: loss: 0.0092 | load time: 0.0003 | back time: 0.7714 | lr: 0.00009966 | best AP50 acc: 0.7849 | best AP70 acc: 0.5875 | best mAP acc: 0.5797 | best mAR acc: 0.6633 | best Score: 0.5797 | best Score epoch:  6 
epoch  7, iter 1051: loss: 0.0061 | load time: 0.0001 | back time: 0.7708 | lr: 0.00009964 | best AP50 acc: 0.7849 | best AP70 acc: 0.5875 | best mAP acc: 0.5797 | best mAR acc: 0.6633 | best Score: 0.5797 | best Score epoch:  6 
epoch  7, iter 1101: loss: 0.0066 | load time: 0.0002 | back time: 0.7708 | lr: 0.00009963 | best AP50 acc: 0.7849 | best AP70 acc: 0.5875 | best mAP acc: 0.5797 | best mAR acc: 0.6633 | best Score: 0.5797 | best Score epoch:  6 
epoch  7, iter 1151: loss: 0.0079 | load time: 0.0002 | back time: 0.7709 | lr: 0.00009961 | best AP50 acc: 0.7849 | best AP70 acc: 0.5875 | best mAP acc: 0.5797 | best mAR acc: 0.6633 | best Score: 0.5797 | best Score epoch:  6 
UAV_SEQS_2 | mAP50:90: 32.6267 | AP50: 68.6215 | AP70: 29.5605 
UAV_SEQS_37 | mAP50:90: 91.0535 | AP50: 100.0000 | AP70: 96.7732 
UAV_SEQS_45 | mAP50:90: 95.5456 | AP50: 100.0000 | AP70: 98.9835 
UAV_SEQS_47 | mAP50:90: 92.8257 | AP50: 100.0000 | AP70: 96.4191 
UAV_SEQS_55 | mAP50:90: 35.3035 | AP50: 63.0992 | AP70: 32.2684 
UAV_SEQS_59 | mAP50:90: 56.7362 | AP50: 93.1609 | AP70: 62.6913 
UAV_SEQS_6 | mAP50:90: 31.3564 | AP50: 37.8589 | AP70: 32.6140 
UAV_SEQS_63 | mAP50:90: 21.5711 | AP50: 71.6828 | AP70: 6.6054 
UAV_SEQS_65 | mAP50:90: 84.0196 | AP50: 96.5326 | AP70: 91.5445 
UAV_SEQS_7 | mAP50:90: 47.1015 | AP50: 97.0061 | AP70: 32.6671 
UAV_SEQS_71 | mAP50:90: 61.7517 | AP50: 87.8543 | AP70: 69.8709 
UAV_SEQS_73 | mAP50:90: 46.0028 | AP50: 69.3337 | AP70: 53.9367 
UAV_SEQS_74 | mAP50:90: 100.0000 | AP50: 100.0000 | AP70: 100.0000 
UAV_SEQS_77 | mAP50:90: 32.7307 | AP50: 42.5743 | AP70: 39.0410 
UAV_SEQS_8 | mAP50:90: 59.4310 | AP50: 100.0000 | AP70: 63.7969 
Overall            | mAP50:95: 61.3218 | AP50: 82.6505 | AP70: 63.1612 
epoch  8, iter    1: loss: 0.0073 | load time: 0.0008 | back time: 0.4863 | lr: 0.00009961 | best AP50 acc: 0.8265 | best AP70 acc: 0.6316 | best mAP acc: 0.6132 | best mAR acc: 0.6754 | best Score: 0.6132 | best Score epoch:  7 
epoch  8, iter   51: loss: 0.0080 | load time: 0.0003 | back time: 0.7652 | lr: 0.00009959 | best AP50 acc: 0.8265 | best AP70 acc: 0.6316 | best mAP acc: 0.6132 | best mAR acc: 0.6754 | best Score: 0.6132 | best Score epoch:  7 
epoch  8, iter  101: loss: 0.0086 | load time: 0.0002 | back time: 0.7794 | lr: 0.00009957 | best AP50 acc: 0.8265 | best AP70 acc: 0.6316 | best mAP acc: 0.6132 | best mAR acc: 0.6754 | best Score: 0.6132 | best Score epoch:  7 
epoch  8, iter  151: loss: 0.0127 | load time: 0.0003 | back time: 0.7798 | lr: 0.00009956 | best AP50 acc: 0.8265 | best AP70 acc: 0.6316 | best mAP acc: 0.6132 | best mAR acc: 0.6754 | best Score: 0.6132 | best Score epoch:  7 
epoch  8, iter  201: loss: 0.0059 | load time: 0.0002 | back time: 0.7730 | lr: 0.00009954 | best AP50 acc: 0.8265 | best AP70 acc: 0.6316 | best mAP acc: 0.6132 | best mAR acc: 0.6754 | best Score: 0.6132 | best Score epoch:  7 
epoch  8, iter  251: loss: 0.0060 | load time: 0.0002 | back time: 0.7731 | lr: 0.00009952 | best AP50 acc: 0.8265 | best AP70 acc: 0.6316 | best mAP acc: 0.6132 | best mAR acc: 0.6754 | best Score: 0.6132 | best Score epoch:  7 
epoch  8, iter  301: loss: 0.0059 | load time: 0.0003 | back time: 0.7736 | lr: 0.00009950 | best AP50 acc: 0.8265 | best AP70 acc: 0.6316 | best mAP acc: 0.6132 | best mAR acc: 0.6754 | best Score: 0.6132 | best Score epoch:  7 
epoch  8, iter  351: loss: 0.0066 | load time: 0.0002 | back time: 0.7774 | lr: 0.00009948 | best AP50 acc: 0.8265 | best AP70 acc: 0.6316 | best mAP acc: 0.6132 | best mAR acc: 0.6754 | best Score: 0.6132 | best Score epoch:  7 
epoch  8, iter  401: loss: 0.0086 | load time: 0.0002 | back time: 0.7737 | lr: 0.00009946 | best AP50 acc: 0.8265 | best AP70 acc: 0.6316 | best mAP acc: 0.6132 | best mAR acc: 0.6754 | best Score: 0.6132 | best Score epoch:  7 
epoch  8, iter  451: loss: 0.0065 | load time: 0.0001 | back time: 0.7735 | lr: 0.00009944 | best AP50 acc: 0.8265 | best AP70 acc: 0.6316 | best mAP acc: 0.6132 | best mAR acc: 0.6754 | best Score: 0.6132 | best Score epoch:  7 
epoch  8, iter  501: loss: 0.0096 | load time: 0.0002 | back time: 0.7740 | lr: 0.00009942 | best AP50 acc: 0.8265 | best AP70 acc: 0.6316 | best mAP acc: 0.6132 | best mAR acc: 0.6754 | best Score: 0.6132 | best Score epoch:  7 
epoch  8, iter  551: loss: 0.0057 | load time: 0.0002 | back time: 0.7761 | lr: 0.00009940 | best AP50 acc: 0.8265 | best AP70 acc: 0.6316 | best mAP acc: 0.6132 | best mAR acc: 0.6754 | best Score: 0.6132 | best Score epoch:  7 
epoch  8, iter  601: loss: 0.0062 | load time: 0.0002 | back time: 0.7808 | lr: 0.00009938 | best AP50 acc: 0.8265 | best AP70 acc: 0.6316 | best mAP acc: 0.6132 | best mAR acc: 0.6754 | best Score: 0.6132 | best Score epoch:  7 
epoch  8, iter  651: loss: 0.0083 | load time: 0.0002 | back time: 0.7733 | lr: 0.00009936 | best AP50 acc: 0.8265 | best AP70 acc: 0.6316 | best mAP acc: 0.6132 | best mAR acc: 0.6754 | best Score: 0.6132 | best Score epoch:  7 
epoch  8, iter  701: loss: 0.0059 | load time: 0.0002 | back time: 0.7743 | lr: 0.00009934 | best AP50 acc: 0.8265 | best AP70 acc: 0.6316 | best mAP acc: 0.6132 | best mAR acc: 0.6754 | best Score: 0.6132 | best Score epoch:  7 
epoch  8, iter  751: loss: 0.0070 | load time: 0.0002 | back time: 0.7749 | lr: 0.00009931 | best AP50 acc: 0.8265 | best AP70 acc: 0.6316 | best mAP acc: 0.6132 | best mAR acc: 0.6754 | best Score: 0.6132 | best Score epoch:  7 
epoch  8, iter  801: loss: 0.0067 | load time: 0.0003 | back time: 0.7721 | lr: 0.00009929 | best AP50 acc: 0.8265 | best AP70 acc: 0.6316 | best mAP acc: 0.6132 | best mAR acc: 0.6754 | best Score: 0.6132 | best Score epoch:  7 
epoch  8, iter  851: loss: 0.0068 | load time: 0.0002 | back time: 0.7765 | lr: 0.00009927 | best AP50 acc: 0.8265 | best AP70 acc: 0.6316 | best mAP acc: 0.6132 | best mAR acc: 0.6754 | best Score: 0.6132 | best Score epoch:  7 
epoch  8, iter  901: loss: 0.0067 | load time: 0.0002 | back time: 0.7745 | lr: 0.00009925 | best AP50 acc: 0.8265 | best AP70 acc: 0.6316 | best mAP acc: 0.6132 | best mAR acc: 0.6754 | best Score: 0.6132 | best Score epoch:  7 
epoch  8, iter  951: loss: 0.0089 | load time: 0.0002 | back time: 0.7725 | lr: 0.00009922 | best AP50 acc: 0.8265 | best AP70 acc: 0.6316 | best mAP acc: 0.6132 | best mAR acc: 0.6754 | best Score: 0.6132 | best Score epoch:  7 
epoch  8, iter 1001: loss: 0.0088 | load time: 0.0001 | back time: 0.7757 | lr: 0.00009920 | best AP50 acc: 0.8265 | best AP70 acc: 0.6316 | best mAP acc: 0.6132 | best mAR acc: 0.6754 | best Score: 0.6132 | best Score epoch:  7 
epoch  8, iter 1051: loss: 0.0063 | load time: 0.0002 | back time: 0.7811 | lr: 0.00009917 | best AP50 acc: 0.8265 | best AP70 acc: 0.6316 | best mAP acc: 0.6132 | best mAR acc: 0.6754 | best Score: 0.6132 | best Score epoch:  7 
epoch  8, iter 1101: loss: 0.0062 | load time: 0.0003 | back time: 0.7922 | lr: 0.00009915 | best AP50 acc: 0.8265 | best AP70 acc: 0.6316 | best mAP acc: 0.6132 | best mAR acc: 0.6754 | best Score: 0.6132 | best Score epoch:  7 
epoch  8, iter 1151: loss: 0.0112 | load time: 0.0001 | back time: 0.7775 | lr: 0.00009912 | best AP50 acc: 0.8265 | best AP70 acc: 0.6316 | best mAP acc: 0.6132 | best mAR acc: 0.6754 | best Score: 0.6132 | best Score epoch:  7 
UAV_SEQS_2 | mAP50:90: 35.4945 | AP50: 59.4513 | AP70: 39.9717 
UAV_SEQS_37 | mAP50:90: 88.2286 | AP50: 100.0000 | AP70: 94.2238 
UAV_SEQS_45 | mAP50:90: 91.0921 | AP50: 100.0000 | AP70: 96.4006 
UAV_SEQS_47 | mAP50:90: 99.6677 | AP50: 100.0000 | AP70: 100.0000 
UAV_SEQS_55 | mAP50:90: 38.6466 | AP50: 64.6335 | AP70: 42.0969 
UAV_SEQS_59 | mAP50:90: 70.2393 | AP50: 97.2699 | AP70: 77.0093 
UAV_SEQS_6 | mAP50:90: 30.3572 | AP50: 39.5843 | AP70: 32.0032 
UAV_SEQS_63 | mAP50:90: 1.9087 | AP50: 8.3154 | AP70: 0.3010 
UAV_SEQS_65 | mAP50:90: 83.6253 | AP50: 93.7856 | AP70: 90.6170 
UAV_SEQS_7 | mAP50:90: 39.8152 | AP50: 96.6073 | AP70: 15.0984 
UAV_SEQS_71 | mAP50:90: 83.2126 | AP50: 95.8249 | AP70: 87.5713 
UAV_SEQS_73 | mAP50:90: 56.4695 | AP50: 82.1557 | AP70: 60.6150 
UAV_SEQS_74 | mAP50:90: 99.4608 | AP50: 100.0000 | AP70: 100.0000 
UAV_SEQS_77 | mAP50:90: 36.5651 | AP50: 41.3463 | AP70: 41.3463 
UAV_SEQS_8 | mAP50:90: 66.2047 | AP50: 96.9109 | AP70: 80.1572 
Overall            | mAP50:95: 62.7225 | AP50: 80.3102 | AP70: 65.2194 
epoch  9, iter    1: loss: 0.0062 | load time: 0.0005 | back time: 0.3806 | lr: 0.00009912 | best AP50 acc: 0.8031 | best AP70 acc: 0.6522 | best mAP acc: 0.6272 | best mAR acc: 0.6913 | best Score: 0.6272 | best Score epoch:  8 
epoch  9, iter   51: loss: 0.0066 | load time: 0.0002 | back time: 0.7701 | lr: 0.00009910 | best AP50 acc: 0.8031 | best AP70 acc: 0.6522 | best mAP acc: 0.6272 | best mAR acc: 0.6913 | best Score: 0.6272 | best Score epoch:  8 
epoch  9, iter  101: loss: 0.0084 | load time: 0.0002 | back time: 0.7770 | lr: 0.00009907 | best AP50 acc: 0.8031 | best AP70 acc: 0.6522 | best mAP acc: 0.6272 | best mAR acc: 0.6913 | best Score: 0.6272 | best Score epoch:  8 
epoch  9, iter  151: loss: 0.0066 | load time: 0.0003 | back time: 0.7801 | lr: 0.00009905 | best AP50 acc: 0.8031 | best AP70 acc: 0.6522 | best mAP acc: 0.6272 | best mAR acc: 0.6913 | best Score: 0.6272 | best Score epoch:  8 
epoch  9, iter  201: loss: 0.0081 | load time: 0.0002 | back time: 0.7791 | lr: 0.00009902 | best AP50 acc: 0.8031 | best AP70 acc: 0.6522 | best mAP acc: 0.6272 | best mAR acc: 0.6913 | best Score: 0.6272 | best Score epoch:  8 
epoch  9, iter  251: loss: 0.0058 | load time: 0.0002 | back time: 0.7749 | lr: 0.00009899 | best AP50 acc: 0.8031 | best AP70 acc: 0.6522 | best mAP acc: 0.6272 | best mAR acc: 0.6913 | best Score: 0.6272 | best Score epoch:  8 
epoch  9, iter  301: loss: 0.0085 | load time: 0.0003 | back time: 0.7755 | lr: 0.00009896 | best AP50 acc: 0.8031 | best AP70 acc: 0.6522 | best mAP acc: 0.6272 | best mAR acc: 0.6913 | best Score: 0.6272 | best Score epoch:  8 
epoch  9, iter  351: loss: 0.0116 | load time: 0.0002 | back time: 0.7761 | lr: 0.00009894 | best AP50 acc: 0.8031 | best AP70 acc: 0.6522 | best mAP acc: 0.6272 | best mAR acc: 0.6913 | best Score: 0.6272 | best Score epoch:  8 
epoch  9, iter  401: loss: 0.0070 | load time: 0.0002 | back time: 0.7748 | lr: 0.00009891 | best AP50 acc: 0.8031 | best AP70 acc: 0.6522 | best mAP acc: 0.6272 | best mAR acc: 0.6913 | best Score: 0.6272 | best Score epoch:  8 
epoch  9, iter  451: loss: 0.0064 | load time: 0.0005 | back time: 0.7720 | lr: 0.00009888 | best AP50 acc: 0.8031 | best AP70 acc: 0.6522 | best mAP acc: 0.6272 | best mAR acc: 0.6913 | best Score: 0.6272 | best Score epoch:  8 
epoch  9, iter  501: loss: 0.0084 | load time: 0.0002 | back time: 0.7734 | lr: 0.00009885 | best AP50 acc: 0.8031 | best AP70 acc: 0.6522 | best mAP acc: 0.6272 | best mAR acc: 0.6913 | best Score: 0.6272 | best Score epoch:  8 
epoch  9, iter  551: loss: 0.0079 | load time: 0.0002 | back time: 0.7728 | lr: 0.00009882 | best AP50 acc: 0.8031 | best AP70 acc: 0.6522 | best mAP acc: 0.6272 | best mAR acc: 0.6913 | best Score: 0.6272 | best Score epoch:  8 
epoch  9, iter  601: loss: 0.0086 | load time: 0.0003 | back time: 0.7386 | lr: 0.00009879 | best AP50 acc: 0.8031 | best AP70 acc: 0.6522 | best mAP acc: 0.6272 | best mAR acc: 0.6913 | best Score: 0.6272 | best Score epoch:  8 
epoch  9, iter  651: loss: 0.0060 | load time: 0.0001 | back time: 0.7320 | lr: 0.00009876 | best AP50 acc: 0.8031 | best AP70 acc: 0.6522 | best mAP acc: 0.6272 | best mAR acc: 0.6913 | best Score: 0.6272 | best Score epoch:  8 
epoch  9, iter  701: loss: 0.0067 | load time: 0.0001 | back time: 0.7506 | lr: 0.00009873 | best AP50 acc: 0.8031 | best AP70 acc: 0.6522 | best mAP acc: 0.6272 | best mAR acc: 0.6913 | best Score: 0.6272 | best Score epoch:  8 
epoch  9, iter  751: loss: 0.0070 | load time: 0.0002 | back time: 0.7418 | lr: 0.00009870 | best AP50 acc: 0.8031 | best AP70 acc: 0.6522 | best mAP acc: 0.6272 | best mAR acc: 0.6913 | best Score: 0.6272 | best Score epoch:  8 
epoch  9, iter  801: loss: 0.0064 | load time: 0.0003 | back time: 0.7370 | lr: 0.00009867 | best AP50 acc: 0.8031 | best AP70 acc: 0.6522 | best mAP acc: 0.6272 | best mAR acc: 0.6913 | best Score: 0.6272 | best Score epoch:  8 
epoch  9, iter  851: loss: 0.0091 | load time: 0.0002 | back time: 0.7691 | lr: 0.00009864 | best AP50 acc: 0.8031 | best AP70 acc: 0.6522 | best mAP acc: 0.6272 | best mAR acc: 0.6913 | best Score: 0.6272 | best Score epoch:  8 
epoch  9, iter  901: loss: 0.0068 | load time: 0.0002 | back time: 0.7674 | lr: 0.00009861 | best AP50 acc: 0.8031 | best AP70 acc: 0.6522 | best mAP acc: 0.6272 | best mAR acc: 0.6913 | best Score: 0.6272 | best Score epoch:  8 
epoch  9, iter  951: loss: 0.0060 | load time: 0.0002 | back time: 0.7561 | lr: 0.00009858 | best AP50 acc: 0.8031 | best AP70 acc: 0.6522 | best mAP acc: 0.6272 | best mAR acc: 0.6913 | best Score: 0.6272 | best Score epoch:  8 
epoch  9, iter 1001: loss: 0.0068 | load time: 0.0003 | back time: 0.7551 | lr: 0.00009854 | best AP50 acc: 0.8031 | best AP70 acc: 0.6522 | best mAP acc: 0.6272 | best mAR acc: 0.6913 | best Score: 0.6272 | best Score epoch:  8 
epoch  9, iter 1051: loss: 0.0059 | load time: 0.0002 | back time: 0.7353 | lr: 0.00009851 | best AP50 acc: 0.8031 | best AP70 acc: 0.6522 | best mAP acc: 0.6272 | best mAR acc: 0.6913 | best Score: 0.6272 | best Score epoch:  8 
epoch  9, iter 1101: loss: 0.0094 | load time: 0.0005 | back time: 0.7339 | lr: 0.00009848 | best AP50 acc: 0.8031 | best AP70 acc: 0.6522 | best mAP acc: 0.6272 | best mAR acc: 0.6913 | best Score: 0.6272 | best Score epoch:  8 
epoch  9, iter 1151: loss: 0.0077 | load time: 0.0001 | back time: 0.7385 | lr: 0.00009845 | best AP50 acc: 0.8031 | best AP70 acc: 0.6522 | best mAP acc: 0.6272 | best mAR acc: 0.6913 | best Score: 0.6272 | best Score epoch:  8 
UAV_SEQS_2 | mAP50:90: 37.5305 | AP50: 69.7055 | AP70: 40.7480 
UAV_SEQS_37 | mAP50:90: 88.7217 | AP50: 100.0000 | AP70: 94.8821 
UAV_SEQS_45 | mAP50:90: 90.9695 | AP50: 100.0000 | AP70: 95.1085 
UAV_SEQS_47 | mAP50:90: 94.7153 | AP50: 100.0000 | AP70: 100.0000 
UAV_SEQS_55 | mAP50:90: 43.2060 | AP50: 66.5003 | AP70: 45.6393 
UAV_SEQS_59 | mAP50:90: 78.9835 | AP50: 98.8886 | AP70: 88.2657 
UAV_SEQS_6 | mAP50:90: 49.3735 | AP50: 67.1666 | AP70: 46.0494 
UAV_SEQS_63 | mAP50:90: 1.1724 | AP50: 4.1584 | AP70: 0.1611 
UAV_SEQS_65 | mAP50:90: 82.5566 | AP50: 97.4152 | AP70: 91.1146 
UAV_SEQS_7 | mAP50:90: 71.7940 | AP50: 100.0000 | AP70: 81.4757 
UAV_SEQS_71 | mAP50:90: 80.5435 | AP50: 97.8264 | AP70: 87.7405 
UAV_SEQS_73 | mAP50:90: 58.2305 | AP50: 85.4510 | AP70: 63.1112 
UAV_SEQS_74 | mAP50:90: 99.3804 | AP50: 100.0000 | AP70: 100.0000 
UAV_SEQS_77 | mAP50:90: 18.5982 | AP50: 24.7134 | AP70: 18.9862 
UAV_SEQS_8 | mAP50:90: 80.5009 | AP50: 100.0000 | AP70: 98.0990 
Overall            | mAP50:95: 65.8866 | AP50: 81.1481 | AP70: 71.1508 
epoch 10, iter    1: loss: 0.0092 | load time: 0.0003 | back time: 0.5071 | lr: 0.00009844 | best AP50 acc: 0.8115 | best AP70 acc: 0.7115 | best mAP acc: 0.6589 | best mAR acc: 0.7157 | best Score: 0.6589 | best Score epoch:  9 
epoch 10, iter   51: loss: 0.0061 | load time: 0.0002 | back time: 0.7551 | lr: 0.00009841 | best AP50 acc: 0.8115 | best AP70 acc: 0.7115 | best mAP acc: 0.6589 | best mAR acc: 0.7157 | best Score: 0.6589 | best Score epoch:  9 
epoch 10, iter  101: loss: 0.0066 | load time: 0.0003 | back time: 0.7739 | lr: 0.00009838 | best AP50 acc: 0.8115 | best AP70 acc: 0.7115 | best mAP acc: 0.6589 | best mAR acc: 0.7157 | best Score: 0.6589 | best Score epoch:  9 
epoch 10, iter  151: loss: 0.0072 | load time: 0.0002 | back time: 0.7887 | lr: 0.00009834 | best AP50 acc: 0.8115 | best AP70 acc: 0.7115 | best mAP acc: 0.6589 | best mAR acc: 0.7157 | best Score: 0.6589 | best Score epoch:  9 
epoch 10, iter  201: loss: 0.0096 | load time: 0.0001 | back time: 0.7680 | lr: 0.00009831 | best AP50 acc: 0.8115 | best AP70 acc: 0.7115 | best mAP acc: 0.6589 | best mAR acc: 0.7157 | best Score: 0.6589 | best Score epoch:  9 
epoch 10, iter  251: loss: 0.0060 | load time: 0.0002 | back time: 0.7359 | lr: 0.00009827 | best AP50 acc: 0.8115 | best AP70 acc: 0.7115 | best mAP acc: 0.6589 | best mAR acc: 0.7157 | best Score: 0.6589 | best Score epoch:  9 
epoch 10, iter  301: loss: 0.0070 | load time: 0.0002 | back time: 0.7971 | lr: 0.00009824 | best AP50 acc: 0.8115 | best AP70 acc: 0.7115 | best mAP acc: 0.6589 | best mAR acc: 0.7157 | best Score: 0.6589 | best Score epoch:  9 
epoch 10, iter  351: loss: 0.0083 | load time: 0.0001 | back time: 0.7988 | lr: 0.00009820 | best AP50 acc: 0.8115 | best AP70 acc: 0.7115 | best mAP acc: 0.6589 | best mAR acc: 0.7157 | best Score: 0.6589 | best Score epoch:  9 
epoch 10, iter  401: loss: 0.0071 | load time: 0.0002 | back time: 0.7360 | lr: 0.00009816 | best AP50 acc: 0.8115 | best AP70 acc: 0.7115 | best mAP acc: 0.6589 | best mAR acc: 0.7157 | best Score: 0.6589 | best Score epoch:  9 
epoch 10, iter  451: loss: 0.0062 | load time: 0.0003 | back time: 0.7361 | lr: 0.00009813 | best AP50 acc: 0.8115 | best AP70 acc: 0.7115 | best mAP acc: 0.6589 | best mAR acc: 0.7157 | best Score: 0.6589 | best Score epoch:  9 
epoch 10, iter  501: loss: 0.0067 | load time: 0.0002 | back time: 0.7600 | lr: 0.00009809 | best AP50 acc: 0.8115 | best AP70 acc: 0.7115 | best mAP acc: 0.6589 | best mAR acc: 0.7157 | best Score: 0.6589 | best Score epoch:  9 
epoch 10, iter  551: loss: 0.0080 | load time: 0.0002 | back time: 0.7637 | lr: 0.00009805 | best AP50 acc: 0.8115 | best AP70 acc: 0.7115 | best mAP acc: 0.6589 | best mAR acc: 0.7157 | best Score: 0.6589 | best Score epoch:  9 
epoch 10, iter  601: loss: 0.0056 | load time: 0.0002 | back time: 0.7648 | lr: 0.00009802 | best AP50 acc: 0.8115 | best AP70 acc: 0.7115 | best mAP acc: 0.6589 | best mAR acc: 0.7157 | best Score: 0.6589 | best Score epoch:  9 
epoch 10, iter  651: loss: 0.0064 | load time: 0.0002 | back time: 0.7707 | lr: 0.00009798 | best AP50 acc: 0.8115 | best AP70 acc: 0.7115 | best mAP acc: 0.6589 | best mAR acc: 0.7157 | best Score: 0.6589 | best Score epoch:  9 
epoch 10, iter  701: loss: 0.0067 | load time: 0.0003 | back time: 0.7843 | lr: 0.00009794 | best AP50 acc: 0.8115 | best AP70 acc: 0.7115 | best mAP acc: 0.6589 | best mAR acc: 0.7157 | best Score: 0.6589 | best Score epoch:  9 
epoch 10, iter  751: loss: 0.0075 | load time: 0.0002 | back time: 0.7744 | lr: 0.00009790 | best AP50 acc: 0.8115 | best AP70 acc: 0.7115 | best mAP acc: 0.6589 | best mAR acc: 0.7157 | best Score: 0.6589 | best Score epoch:  9 
epoch 10, iter  801: loss: 0.0059 | load time: 0.0002 | back time: 0.7697 | lr: 0.00009786 | best AP50 acc: 0.8115 | best AP70 acc: 0.7115 | best mAP acc: 0.6589 | best mAR acc: 0.7157 | best Score: 0.6589 | best Score epoch:  9 
epoch 10, iter  851: loss: 0.0077 | load time: 0.0002 | back time: 0.7723 | lr: 0.00009782 | best AP50 acc: 0.8115 | best AP70 acc: 0.7115 | best mAP acc: 0.6589 | best mAR acc: 0.7157 | best Score: 0.6589 | best Score epoch:  9 
epoch 10, iter  901: loss: 0.0060 | load time: 0.0001 | back time: 0.7449 | lr: 0.00009778 | best AP50 acc: 0.8115 | best AP70 acc: 0.7115 | best mAP acc: 0.6589 | best mAR acc: 0.7157 | best Score: 0.6589 | best Score epoch:  9 
epoch 10, iter  951: loss: 0.0058 | load time: 0.0002 | back time: 0.7379 | lr: 0.00009774 | best AP50 acc: 0.8115 | best AP70 acc: 0.7115 | best mAP acc: 0.6589 | best mAR acc: 0.7157 | best Score: 0.6589 | best Score epoch:  9 
epoch 10, iter 1001: loss: 0.0082 | load time: 0.0002 | back time: 0.7366 | lr: 0.00009770 | best AP50 acc: 0.8115 | best AP70 acc: 0.7115 | best mAP acc: 0.6589 | best mAR acc: 0.7157 | best Score: 0.6589 | best Score epoch:  9 
epoch 10, iter 1051: loss: 0.0061 | load time: 0.0002 | back time: 0.7983 | lr: 0.00009766 | best AP50 acc: 0.8115 | best AP70 acc: 0.7115 | best mAP acc: 0.6589 | best mAR acc: 0.7157 | best Score: 0.6589 | best Score epoch:  9 
epoch 10, iter 1101: loss: 0.0068 | load time: 0.0002 | back time: 0.7432 | lr: 0.00009762 | best AP50 acc: 0.8115 | best AP70 acc: 0.7115 | best mAP acc: 0.6589 | best mAR acc: 0.7157 | best Score: 0.6589 | best Score epoch:  9 
epoch 10, iter 1151: loss: 0.0066 | load time: 0.0004 | back time: 0.7365 | lr: 0.00009758 | best AP50 acc: 0.8115 | best AP70 acc: 0.7115 | best mAP acc: 0.6589 | best mAR acc: 0.7157 | best Score: 0.6589 | best Score epoch:  9 
UAV_SEQS_2 | mAP50:90: 49.1870 | AP50: 85.3764 | AP70: 40.3329 
UAV_SEQS_37 | mAP50:90: 73.5693 | AP50: 96.6164 | AP70: 73.9988 
UAV_SEQS_45 | mAP50:90: 94.6528 | AP50: 100.0000 | AP70: 98.8515 
UAV_SEQS_47 | mAP50:90: 96.3524 | AP50: 100.0000 | AP70: 100.0000 
UAV_SEQS_55 | mAP50:90: 35.8926 | AP50: 68.0972 | AP70: 32.3800 
UAV_SEQS_59 | mAP50:90: 75.0077 | AP50: 96.6753 | AP70: 80.7590 
UAV_SEQS_6 | mAP50:90: 28.6910 | AP50: 38.3763 | AP70: 29.4902 
UAV_SEQS_63 | mAP50:90: 3.0491 | AP50: 16.6001 | AP70: 0.0990 
UAV_SEQS_65 | mAP50:90: 81.0438 | AP50: 96.4232 | AP70: 90.6974 
UAV_SEQS_7 | mAP50:90: 85.3725 | AP50: 98.0198 | AP70: 97.0229 
UAV_SEQS_71 | mAP50:90: 72.9410 | AP50: 96.2954 | AP70: 79.9225 
UAV_SEQS_73 | mAP50:90: 66.6260 | AP50: 88.1992 | AP70: 76.8615 
UAV_SEQS_74 | mAP50:90: 99.2432 | AP50: 100.0000 | AP70: 100.0000 
UAV_SEQS_77 | mAP50:90: 22.0808 | AP50: 30.6931 | AP70: 26.7296 
UAV_SEQS_8 | mAP50:90: 79.4912 | AP50: 100.0000 | AP70: 94.7657 
Overall            | mAP50:95: 63.8138 | AP50: 81.0294 | AP70: 67.3666 
epoch 11, iter    1: loss: 0.0067 | load time: 0.0012 | back time: 0.5070 | lr: 0.00009758 | best AP50 acc: 0.8115 | best AP70 acc: 0.7115 | best mAP acc: 0.6589 | best mAR acc: 0.7157 | best Score: 0.6589 | best Score epoch:  9 
epoch 11, iter   51: loss: 0.0062 | load time: 0.0002 | back time: 0.7469 | lr: 0.00009753 | best AP50 acc: 0.8115 | best AP70 acc: 0.7115 | best mAP acc: 0.6589 | best mAR acc: 0.7157 | best Score: 0.6589 | best Score epoch:  9 
epoch 11, iter  101: loss: 0.0070 | load time: 0.0002 | back time: 0.7586 | lr: 0.00009749 | best AP50 acc: 0.8115 | best AP70 acc: 0.7115 | best mAP acc: 0.6589 | best mAR acc: 0.7157 | best Score: 0.6589 | best Score epoch:  9 
epoch 11, iter  151: loss: 0.0059 | load time: 0.0001 | back time: 0.7849 | lr: 0.00009745 | best AP50 acc: 0.8115 | best AP70 acc: 0.7115 | best mAP acc: 0.6589 | best mAR acc: 0.7157 | best Score: 0.6589 | best Score epoch:  9 
epoch 11, iter  201: loss: 0.0100 | load time: 0.0002 | back time: 0.7686 | lr: 0.00009741 | best AP50 acc: 0.8115 | best AP70 acc: 0.7115 | best mAP acc: 0.6589 | best mAR acc: 0.7157 | best Score: 0.6589 | best Score epoch:  9 
epoch 11, iter  251: loss: 0.0065 | load time: 0.0002 | back time: 0.7797 | lr: 0.00009736 | best AP50 acc: 0.8115 | best AP70 acc: 0.7115 | best mAP acc: 0.6589 | best mAR acc: 0.7157 | best Score: 0.6589 | best Score epoch:  9 
epoch 11, iter  301: loss: 0.0066 | load time: 0.0002 | back time: 0.7355 | lr: 0.00009732 | best AP50 acc: 0.8115 | best AP70 acc: 0.7115 | best mAP acc: 0.6589 | best mAR acc: 0.7157 | best Score: 0.6589 | best Score epoch:  9 
epoch 11, iter  351: loss: 0.0067 | load time: 0.0002 | back time: 0.7605 | lr: 0.00009728 | best AP50 acc: 0.8115 | best AP70 acc: 0.7115 | best mAP acc: 0.6589 | best mAR acc: 0.7157 | best Score: 0.6589 | best Score epoch:  9 
epoch 11, iter  401: loss: 0.0067 | load time: 0.0002 | back time: 0.7601 | lr: 0.00009723 | best AP50 acc: 0.8115 | best AP70 acc: 0.7115 | best mAP acc: 0.6589 | best mAR acc: 0.7157 | best Score: 0.6589 | best Score epoch:  9 
epoch 11, iter  451: loss: 0.0083 | load time: 0.0002 | back time: 0.7375 | lr: 0.00009719 | best AP50 acc: 0.8115 | best AP70 acc: 0.7115 | best mAP acc: 0.6589 | best mAR acc: 0.7157 | best Score: 0.6589 | best Score epoch:  9 
epoch 11, iter  501: loss: 0.0079 | load time: 0.0002 | back time: 0.7932 | lr: 0.00009714 | best AP50 acc: 0.8115 | best AP70 acc: 0.7115 | best mAP acc: 0.6589 | best mAR acc: 0.7157 | best Score: 0.6589 | best Score epoch:  9 
epoch 11, iter  551: loss: 0.0063 | load time: 0.0002 | back time: 0.7470 | lr: 0.00009710 | best AP50 acc: 0.8115 | best AP70 acc: 0.7115 | best mAP acc: 0.6589 | best mAR acc: 0.7157 | best Score: 0.6589 | best Score epoch:  9 
epoch 11, iter  601: loss: 0.0064 | load time: 0.0002 | back time: 0.7777 | lr: 0.00009705 | best AP50 acc: 0.8115 | best AP70 acc: 0.7115 | best mAP acc: 0.6589 | best mAR acc: 0.7157 | best Score: 0.6589 | best Score epoch:  9 
epoch 11, iter  651: loss: 0.0060 | load time: 0.0002 | back time: 0.7678 | lr: 0.00009700 | best AP50 acc: 0.8115 | best AP70 acc: 0.7115 | best mAP acc: 0.6589 | best mAR acc: 0.7157 | best Score: 0.6589 | best Score epoch:  9 
epoch 11, iter  701: loss: 0.0063 | load time: 0.0002 | back time: 0.7369 | lr: 0.00009696 | best AP50 acc: 0.8115 | best AP70 acc: 0.7115 | best mAP acc: 0.6589 | best mAR acc: 0.7157 | best Score: 0.6589 | best Score epoch:  9 
epoch 11, iter  751: loss: 0.0059 | load time: 0.0002 | back time: 0.7782 | lr: 0.00009691 | best AP50 acc: 0.8115 | best AP70 acc: 0.7115 | best mAP acc: 0.6589 | best mAR acc: 0.7157 | best Score: 0.6589 | best Score epoch:  9 
epoch 11, iter  801: loss: 0.0058 | load time: 0.0002 | back time: 0.7673 | lr: 0.00009686 | best AP50 acc: 0.8115 | best AP70 acc: 0.7115 | best mAP acc: 0.6589 | best mAR acc: 0.7157 | best Score: 0.6589 | best Score epoch:  9 
epoch 11, iter  851: loss: 0.0058 | load time: 0.0002 | back time: 0.7675 | lr: 0.00009682 | best AP50 acc: 0.8115 | best AP70 acc: 0.7115 | best mAP acc: 0.6589 | best mAR acc: 0.7157 | best Score: 0.6589 | best Score epoch:  9 
epoch 11, iter  901: loss: 0.0058 | load time: 0.0003 | back time: 0.7671 | lr: 0.00009677 | best AP50 acc: 0.8115 | best AP70 acc: 0.7115 | best mAP acc: 0.6589 | best mAR acc: 0.7157 | best Score: 0.6589 | best Score epoch:  9 
epoch 11, iter  951: loss: 0.0061 | load time: 0.0003 | back time: 0.7676 | lr: 0.00009672 | best AP50 acc: 0.8115 | best AP70 acc: 0.7115 | best mAP acc: 0.6589 | best mAR acc: 0.7157 | best Score: 0.6589 | best Score epoch:  9 
epoch 11, iter 1001: loss: 0.0069 | load time: 0.0002 | back time: 0.7795 | lr: 0.00009667 | best AP50 acc: 0.8115 | best AP70 acc: 0.7115 | best mAP acc: 0.6589 | best mAR acc: 0.7157 | best Score: 0.6589 | best Score epoch:  9 
epoch 11, iter 1051: loss: 0.0064 | load time: 0.0001 | back time: 0.7666 | lr: 0.00009662 | best AP50 acc: 0.8115 | best AP70 acc: 0.7115 | best mAP acc: 0.6589 | best mAR acc: 0.7157 | best Score: 0.6589 | best Score epoch:  9 
epoch 11, iter 1101: loss: 0.0065 | load time: 0.0001 | back time: 0.7695 | lr: 0.00009657 | best AP50 acc: 0.8115 | best AP70 acc: 0.7115 | best mAP acc: 0.6589 | best mAR acc: 0.7157 | best Score: 0.6589 | best Score epoch:  9 
epoch 11, iter 1151: loss: 0.0063 | load time: 0.0002 | back time: 0.7708 | lr: 0.00009652 | best AP50 acc: 0.8115 | best AP70 acc: 0.7115 | best mAP acc: 0.6589 | best mAR acc: 0.7157 | best Score: 0.6589 | best Score epoch:  9 
UAV_SEQS_2 | mAP50:90: 41.8072 | AP50: 67.6635 | AP70: 43.0864 
UAV_SEQS_37 | mAP50:90: 75.4551 | AP50: 98.6821 | AP70: 78.3881 
UAV_SEQS_45 | mAP50:90: 93.0865 | AP50: 100.0000 | AP70: 98.9835 
UAV_SEQS_47 | mAP50:90: 99.1139 | AP50: 100.0000 | AP70: 100.0000 
UAV_SEQS_55 | mAP50:90: 49.2427 | AP50: 78.2869 | AP70: 49.8824 
UAV_SEQS_59 | mAP50:90: 75.6118 | AP50: 95.6308 | AP70: 83.0847 
UAV_SEQS_6 | mAP50:90: 47.0449 | AP50: 63.4289 | AP70: 46.3388 
UAV_SEQS_63 | mAP50:90: 1.9593 | AP50: 6.2221 | AP70: 0.4389 
UAV_SEQS_65 | mAP50:90: 81.5450 | AP50: 96.3835 | AP70: 91.0368 
UAV_SEQS_7 | mAP50:90: 93.4957 | AP50: 98.0198 | AP70: 94.9393 
UAV_SEQS_71 | mAP50:90: 70.0526 | AP50: 96.4212 | AP70: 78.8316 
UAV_SEQS_73 | mAP50:90: 64.2804 | AP50: 86.8980 | AP70: 72.0207 
UAV_SEQS_74 | mAP50:90: 97.9062 | AP50: 100.0000 | AP70: 100.0000 
UAV_SEQS_77 | mAP50:90: 23.9690 | AP50: 39.4311 | AP70: 28.1567 
UAV_SEQS_8 | mAP50:90: 89.6438 | AP50: 100.0000 | AP70: 96.7261 
Overall            | mAP50:95: 67.8987 | AP50: 83.1268 | AP70: 71.8311 
epoch 12, iter    1: loss: 0.0061 | load time: 0.0043 | back time: 0.4094 | lr: 0.00009652 | best AP50 acc: 0.8313 | best AP70 acc: 0.7183 | best mAP acc: 0.6790 | best mAR acc: 0.7342 | best Score: 0.6790 | best Score epoch: 11 
epoch 12, iter   51: loss: 0.0056 | load time: 0.0002 | back time: 0.7631 | lr: 0.00009647 | best AP50 acc: 0.8313 | best AP70 acc: 0.7183 | best mAP acc: 0.6790 | best mAR acc: 0.7342 | best Score: 0.6790 | best Score epoch: 11 
epoch 12, iter  101: loss: 0.0062 | load time: 0.0003 | back time: 0.7686 | lr: 0.00009642 | best AP50 acc: 0.8313 | best AP70 acc: 0.7183 | best mAP acc: 0.6790 | best mAR acc: 0.7342 | best Score: 0.6790 | best Score epoch: 11 
epoch 12, iter  151: loss: 0.0059 | load time: 0.0003 | back time: 0.7783 | lr: 0.00009637 | best AP50 acc: 0.8313 | best AP70 acc: 0.7183 | best mAP acc: 0.6790 | best mAR acc: 0.7342 | best Score: 0.6790 | best Score epoch: 11 
epoch 12, iter  201: loss: 0.0067 | load time: 0.0003 | back time: 0.7759 | lr: 0.00009632 | best AP50 acc: 0.8313 | best AP70 acc: 0.7183 | best mAP acc: 0.6790 | best mAR acc: 0.7342 | best Score: 0.6790 | best Score epoch: 11 
epoch 12, iter  251: loss: 0.0091 | load time: 0.0002 | back time: 0.7775 | lr: 0.00009627 | best AP50 acc: 0.8313 | best AP70 acc: 0.7183 | best mAP acc: 0.6790 | best mAR acc: 0.7342 | best Score: 0.6790 | best Score epoch: 11 
epoch 12, iter  301: loss: 0.0058 | load time: 0.0002 | back time: 0.7667 | lr: 0.00009622 | best AP50 acc: 0.8313 | best AP70 acc: 0.7183 | best mAP acc: 0.6790 | best mAR acc: 0.7342 | best Score: 0.6790 | best Score epoch: 11 
epoch 12, iter  351: loss: 0.0057 | load time: 0.0002 | back time: 0.7697 | lr: 0.00009617 | best AP50 acc: 0.8313 | best AP70 acc: 0.7183 | best mAP acc: 0.6790 | best mAR acc: 0.7342 | best Score: 0.6790 | best Score epoch: 11 
epoch 12, iter  401: loss: 0.0061 | load time: 0.0003 | back time: 0.7698 | lr: 0.00009611 | best AP50 acc: 0.8313 | best AP70 acc: 0.7183 | best mAP acc: 0.6790 | best mAR acc: 0.7342 | best Score: 0.6790 | best Score epoch: 11 
epoch 12, iter  451: loss: 0.0068 | load time: 0.0003 | back time: 0.7730 | lr: 0.00009606 | best AP50 acc: 0.8313 | best AP70 acc: 0.7183 | best mAP acc: 0.6790 | best mAR acc: 0.7342 | best Score: 0.6790 | best Score epoch: 11 
epoch 12, iter  501: loss: 0.0059 | load time: 0.0002 | back time: 0.7838 | lr: 0.00009601 | best AP50 acc: 0.8313 | best AP70 acc: 0.7183 | best mAP acc: 0.6790 | best mAR acc: 0.7342 | best Score: 0.6790 | best Score epoch: 11 
epoch 12, iter  551: loss: 0.0064 | load time: 0.0001 | back time: 0.7727 | lr: 0.00009596 | best AP50 acc: 0.8313 | best AP70 acc: 0.7183 | best mAP acc: 0.6790 | best mAR acc: 0.7342 | best Score: 0.6790 | best Score epoch: 11 
epoch 12, iter  601: loss: 0.0068 | load time: 0.0003 | back time: 0.7712 | lr: 0.00009590 | best AP50 acc: 0.8313 | best AP70 acc: 0.7183 | best mAP acc: 0.6790 | best mAR acc: 0.7342 | best Score: 0.6790 | best Score epoch: 11 
epoch 12, iter  651: loss: 0.0095 | load time: 0.0002 | back time: 0.7713 | lr: 0.00009585 | best AP50 acc: 0.8313 | best AP70 acc: 0.7183 | best mAP acc: 0.6790 | best mAR acc: 0.7342 | best Score: 0.6790 | best Score epoch: 11 
epoch 12, iter  701: loss: 0.0065 | load time: 0.0003 | back time: 0.7719 | lr: 0.00009579 | best AP50 acc: 0.8313 | best AP70 acc: 0.7183 | best mAP acc: 0.6790 | best mAR acc: 0.7342 | best Score: 0.6790 | best Score epoch: 11 
epoch 12, iter  751: loss: 0.0062 | load time: 0.0002 | back time: 0.7730 | lr: 0.00009574 | best AP50 acc: 0.8313 | best AP70 acc: 0.7183 | best mAP acc: 0.6790 | best mAR acc: 0.7342 | best Score: 0.6790 | best Score epoch: 11 
epoch 12, iter  801: loss: 0.0060 | load time: 0.0002 | back time: 0.7708 | lr: 0.00009568 | best AP50 acc: 0.8313 | best AP70 acc: 0.7183 | best mAP acc: 0.6790 | best mAR acc: 0.7342 | best Score: 0.6790 | best Score epoch: 11 
epoch 12, iter  851: loss: 0.0066 | load time: 0.0002 | back time: 0.7710 | lr: 0.00009563 | best AP50 acc: 0.8313 | best AP70 acc: 0.7183 | best mAP acc: 0.6790 | best mAR acc: 0.7342 | best Score: 0.6790 | best Score epoch: 11 
epoch 12, iter  901: loss: 0.0060 | load time: 0.0002 | back time: 0.7742 | lr: 0.00009557 | best AP50 acc: 0.8313 | best AP70 acc: 0.7183 | best mAP acc: 0.6790 | best mAR acc: 0.7342 | best Score: 0.6790 | best Score epoch: 11 
epoch 12, iter  951: loss: 0.0063 | load time: 0.0002 | back time: 0.7720 | lr: 0.00009552 | best AP50 acc: 0.8313 | best AP70 acc: 0.7183 | best mAP acc: 0.6790 | best mAR acc: 0.7342 | best Score: 0.6790 | best Score epoch: 11 
epoch 12, iter 1001: loss: 0.0065 | load time: 0.0003 | back time: 0.7812 | lr: 0.00009546 | best AP50 acc: 0.8313 | best AP70 acc: 0.7183 | best mAP acc: 0.6790 | best mAR acc: 0.7342 | best Score: 0.6790 | best Score epoch: 11 
epoch 12, iter 1051: loss: 0.0062 | load time: 0.0003 | back time: 0.7727 | lr: 0.00009540 | best AP50 acc: 0.8313 | best AP70 acc: 0.7183 | best mAP acc: 0.6790 | best mAR acc: 0.7342 | best Score: 0.6790 | best Score epoch: 11 
epoch 12, iter 1101: loss: 0.0059 | load time: 0.0002 | back time: 0.7757 | lr: 0.00009535 | best AP50 acc: 0.8313 | best AP70 acc: 0.7183 | best mAP acc: 0.6790 | best mAR acc: 0.7342 | best Score: 0.6790 | best Score epoch: 11 
epoch 12, iter 1151: loss: 0.0061 | load time: 0.0002 | back time: 0.7930 | lr: 0.00009529 | best AP50 acc: 0.8313 | best AP70 acc: 0.7183 | best mAP acc: 0.6790 | best mAR acc: 0.7342 | best Score: 0.6790 | best Score epoch: 11 
UAV_SEQS_2 | mAP50:90: 33.3705 | AP50: 62.6477 | AP70: 30.3786 
UAV_SEQS_37 | mAP50:90: 89.3534 | AP50: 100.0000 | AP70: 95.6434 
UAV_SEQS_45 | mAP50:90: 95.7271 | AP50: 100.0000 | AP70: 98.9208 
UAV_SEQS_47 | mAP50:90: 97.6150 | AP50: 100.0000 | AP70: 100.0000 
UAV_SEQS_55 | mAP50:90: 35.8716 | AP50: 56.6760 | AP70: 36.8328 
UAV_SEQS_59 | mAP50:90: 69.4744 | AP50: 97.5551 | AP70: 81.4205 
UAV_SEQS_6 | mAP50:90: 35.0494 | AP50: 48.1362 | AP70: 34.3968 
UAV_SEQS_63 | mAP50:90: 5.8190 | AP50: 23.3415 | AP70: 0.1758 
UAV_SEQS_65 | mAP50:90: 76.8767 | AP50: 95.0357 | AP70: 88.7632 
UAV_SEQS_7 | mAP50:90: 90.6117 | AP50: 98.0198 | AP70: 94.9038 
UAV_SEQS_71 | mAP50:90: 69.0652 | AP50: 90.3346 | AP70: 76.7184 
UAV_SEQS_73 | mAP50:90: 59.6848 | AP50: 81.5669 | AP70: 67.6227 
UAV_SEQS_74 | mAP50:90: 93.4116 | AP50: 100.0000 | AP70: 100.0000 
UAV_SEQS_77 | mAP50:90: 33.9498 | AP50: 46.7180 | AP70: 43.3814 
UAV_SEQS_8 | mAP50:90: 76.5893 | AP50: 100.0000 | AP70: 95.2266 
Overall            | mAP50:95: 65.8645 | AP50: 81.1862 | AP70: 70.6071 
epoch 13, iter    1: loss: 0.0068 | load time: 0.0017 | back time: 0.4016 | lr: 0.00009529 | best AP50 acc: 0.8313 | best AP70 acc: 0.7183 | best mAP acc: 0.6790 | best mAR acc: 0.7342 | best Score: 0.6790 | best Score epoch: 11 
epoch 13, iter   51: loss: 0.0061 | load time: 0.0002 | back time: 0.7695 | lr: 0.00009523 | best AP50 acc: 0.8313 | best AP70 acc: 0.7183 | best mAP acc: 0.6790 | best mAR acc: 0.7342 | best Score: 0.6790 | best Score epoch: 11 
epoch 13, iter  101: loss: 0.0068 | load time: 0.0002 | back time: 0.7738 | lr: 0.00009517 | best AP50 acc: 0.8313 | best AP70 acc: 0.7183 | best mAP acc: 0.6790 | best mAR acc: 0.7342 | best Score: 0.6790 | best Score epoch: 11 
epoch 13, iter  151: loss: 0.0066 | load time: 0.0002 | back time: 0.7792 | lr: 0.00009511 | best AP50 acc: 0.8313 | best AP70 acc: 0.7183 | best mAP acc: 0.6790 | best mAR acc: 0.7342 | best Score: 0.6790 | best Score epoch: 11 
epoch 13, iter  201: loss: 0.0058 | load time: 0.0002 | back time: 0.7786 | lr: 0.00009506 | best AP50 acc: 0.8313 | best AP70 acc: 0.7183 | best mAP acc: 0.6790 | best mAR acc: 0.7342 | best Score: 0.6790 | best Score epoch: 11 
epoch 13, iter  251: loss: 0.0068 | load time: 0.0002 | back time: 0.7721 | lr: 0.00009500 | best AP50 acc: 0.8313 | best AP70 acc: 0.7183 | best mAP acc: 0.6790 | best mAR acc: 0.7342 | best Score: 0.6790 | best Score epoch: 11 
epoch 13, iter  301: loss: 0.0063 | load time: 0.0001 | back time: 0.6741 | lr: 0.00009494 | best AP50 acc: 0.8313 | best AP70 acc: 0.7183 | best mAP acc: 0.6790 | best mAR acc: 0.7342 | best Score: 0.6790 | best Score epoch: 11 
epoch 13, iter  351: loss: 0.0074 | load time: 0.0003 | back time: 0.7816 | lr: 0.00009488 | best AP50 acc: 0.8313 | best AP70 acc: 0.7183 | best mAP acc: 0.6790 | best mAR acc: 0.7342 | best Score: 0.6790 | best Score epoch: 11 
epoch 13, iter  401: loss: 0.0063 | load time: 0.0001 | back time: 0.7572 | lr: 0.00009482 | best AP50 acc: 0.8313 | best AP70 acc: 0.7183 | best mAP acc: 0.6790 | best mAR acc: 0.7342 | best Score: 0.6790 | best Score epoch: 11 
epoch 13, iter  451: loss: 0.0067 | load time: 0.0002 | back time: 0.7497 | lr: 0.00009476 | best AP50 acc: 0.8313 | best AP70 acc: 0.7183 | best mAP acc: 0.6790 | best mAR acc: 0.7342 | best Score: 0.6790 | best Score epoch: 11 
epoch 13, iter  501: loss: 0.0060 | load time: 0.0002 | back time: 0.7555 | lr: 0.00009470 | best AP50 acc: 0.8313 | best AP70 acc: 0.7183 | best mAP acc: 0.6790 | best mAR acc: 0.7342 | best Score: 0.6790 | best Score epoch: 11 
epoch 13, iter  551: loss: 0.0058 | load time: 0.0002 | back time: 0.7504 | lr: 0.00009464 | best AP50 acc: 0.8313 | best AP70 acc: 0.7183 | best mAP acc: 0.6790 | best mAR acc: 0.7342 | best Score: 0.6790 | best Score epoch: 11 
epoch 13, iter  601: loss: 0.0054 | load time: 0.0001 | back time: 0.7356 | lr: 0.00009457 | best AP50 acc: 0.8313 | best AP70 acc: 0.7183 | best mAP acc: 0.6790 | best mAR acc: 0.7342 | best Score: 0.6790 | best Score epoch: 11 
epoch 13, iter  651: loss: 0.0072 | load time: 0.0002 | back time: 0.7700 | lr: 0.00009451 | best AP50 acc: 0.8313 | best AP70 acc: 0.7183 | best mAP acc: 0.6790 | best mAR acc: 0.7342 | best Score: 0.6790 | best Score epoch: 11 
epoch 13, iter  701: loss: 0.0068 | load time: 0.0002 | back time: 0.7565 | lr: 0.00009445 | best AP50 acc: 0.8313 | best AP70 acc: 0.7183 | best mAP acc: 0.6790 | best mAR acc: 0.7342 | best Score: 0.6790 | best Score epoch: 11 
epoch 13, iter  751: loss: 0.0063 | load time: 0.0002 | back time: 0.7558 | lr: 0.00009439 | best AP50 acc: 0.8313 | best AP70 acc: 0.7183 | best mAP acc: 0.6790 | best mAR acc: 0.7342 | best Score: 0.6790 | best Score epoch: 11 
epoch 13, iter  801: loss: 0.0063 | load time: 0.0002 | back time: 0.7600 | lr: 0.00009433 | best AP50 acc: 0.8313 | best AP70 acc: 0.7183 | best mAP acc: 0.6790 | best mAR acc: 0.7342 | best Score: 0.6790 | best Score epoch: 11 
epoch 13, iter  851: loss: 0.0062 | load time: 0.0001 | back time: 0.7614 | lr: 0.00009426 | best AP50 acc: 0.8313 | best AP70 acc: 0.7183 | best mAP acc: 0.6790 | best mAR acc: 0.7342 | best Score: 0.6790 | best Score epoch: 11 
epoch 13, iter  901: loss: 0.0061 | load time: 0.0002 | back time: 0.7843 | lr: 0.00009420 | best AP50 acc: 0.8313 | best AP70 acc: 0.7183 | best mAP acc: 0.6790 | best mAR acc: 0.7342 | best Score: 0.6790 | best Score epoch: 11 
epoch 13, iter  951: loss: 0.0059 | load time: 0.0002 | back time: 0.7739 | lr: 0.00009414 | best AP50 acc: 0.8313 | best AP70 acc: 0.7183 | best mAP acc: 0.6790 | best mAR acc: 0.7342 | best Score: 0.6790 | best Score epoch: 11 
epoch 13, iter 1001: loss: 0.0063 | load time: 0.0002 | back time: 0.7460 | lr: 0.00009407 | best AP50 acc: 0.8313 | best AP70 acc: 0.7183 | best mAP acc: 0.6790 | best mAR acc: 0.7342 | best Score: 0.6790 | best Score epoch: 11 
epoch 13, iter 1051: loss: 0.0067 | load time: 0.0002 | back time: 0.7699 | lr: 0.00009401 | best AP50 acc: 0.8313 | best AP70 acc: 0.7183 | best mAP acc: 0.6790 | best mAR acc: 0.7342 | best Score: 0.6790 | best Score epoch: 11 
epoch 13, iter 1101: loss: 0.0063 | load time: 0.0002 | back time: 0.7699 | lr: 0.00009394 | best AP50 acc: 0.8313 | best AP70 acc: 0.7183 | best mAP acc: 0.6790 | best mAR acc: 0.7342 | best Score: 0.6790 | best Score epoch: 11 
epoch 13, iter 1151: loss: 0.0067 | load time: 0.0001 | back time: 0.7723 | lr: 0.00009388 | best AP50 acc: 0.8313 | best AP70 acc: 0.7183 | best mAP acc: 0.6790 | best mAR acc: 0.7342 | best Score: 0.6790 | best Score epoch: 11 
UAV_SEQS_2 | mAP50:90: 51.7286 | AP50: 82.2106 | AP70: 51.0109 
UAV_SEQS_37 | mAP50:90: 80.0989 | AP50: 98.8668 | AP70: 79.3531 
UAV_SEQS_45 | mAP50:90: 95.1507 | AP50: 100.0000 | AP70: 98.9283 
UAV_SEQS_47 | mAP50:90: 96.6883 | AP50: 100.0000 | AP70: 100.0000 
UAV_SEQS_55 | mAP50:90: 37.9640 | AP50: 70.0699 | AP70: 36.1031 
UAV_SEQS_59 | mAP50:90: 68.2184 | AP50: 94.6312 | AP70: 73.0805 
UAV_SEQS_6 | mAP50:90: 56.5498 | AP50: 71.9477 | AP70: 56.5975 
UAV_SEQS_63 | mAP50:90: 1.8446 | AP50: 7.1345 | AP70: 1.0366 
UAV_SEQS_65 | mAP50:90: 75.6597 | AP50: 96.5659 | AP70: 82.5380 
UAV_SEQS_7 | mAP50:90: 90.6947 | AP50: 100.0000 | AP70: 100.0000 
UAV_SEQS_71 | mAP50:90: 80.3821 | AP50: 98.7000 | AP70: 89.3001 
UAV_SEQS_73 | mAP50:90: 62.0939 | AP50: 86.7740 | AP70: 66.9866 
UAV_SEQS_74 | mAP50:90: 97.2510 | AP50: 100.0000 | AP70: 100.0000 
UAV_SEQS_77 | mAP50:90: 41.1508 | AP50: 47.5933 | AP70: 46.4540 
UAV_SEQS_8 | mAP50:90: 86.4246 | AP50: 100.0000 | AP70: 96.7393 
Overall            | mAP50:95: 67.8773 | AP50: 83.4197 | AP70: 71.4342 
epoch 14, iter    1: loss: 0.0059 | load time: 0.0010 | back time: 0.3917 | lr: 0.00009388 | best AP50 acc: 0.8313 | best AP70 acc: 0.7183 | best mAP acc: 0.6790 | best mAR acc: 0.7342 | best Score: 0.6790 | best Score epoch: 11 
epoch 14, iter   51: loss: 0.0063 | load time: 0.0003 | back time: 0.7560 | lr: 0.00009381 | best AP50 acc: 0.8313 | best AP70 acc: 0.7183 | best mAP acc: 0.6790 | best mAR acc: 0.7342 | best Score: 0.6790 | best Score epoch: 11 
epoch 14, iter  101: loss: 0.0060 | load time: 0.0002 | back time: 0.8082 | lr: 0.00009375 | best AP50 acc: 0.8313 | best AP70 acc: 0.7183 | best mAP acc: 0.6790 | best mAR acc: 0.7342 | best Score: 0.6790 | best Score epoch: 11 
epoch 14, iter  151: loss: 0.0060 | load time: 0.0002 | back time: 0.7793 | lr: 0.00009368 | best AP50 acc: 0.8313 | best AP70 acc: 0.7183 | best mAP acc: 0.6790 | best mAR acc: 0.7342 | best Score: 0.6790 | best Score epoch: 11 
epoch 14, iter  201: loss: 0.0065 | load time: 0.0003 | back time: 0.7711 | lr: 0.00009361 | best AP50 acc: 0.8313 | best AP70 acc: 0.7183 | best mAP acc: 0.6790 | best mAR acc: 0.7342 | best Score: 0.6790 | best Score epoch: 11 
epoch 14, iter  251: loss: 0.0069 | load time: 0.0001 | back time: 0.7689 | lr: 0.00009355 | best AP50 acc: 0.8313 | best AP70 acc: 0.7183 | best mAP acc: 0.6790 | best mAR acc: 0.7342 | best Score: 0.6790 | best Score epoch: 11 
epoch 14, iter  301: loss: 0.0061 | load time: 0.0002 | back time: 0.7670 | lr: 0.00009348 | best AP50 acc: 0.8313 | best AP70 acc: 0.7183 | best mAP acc: 0.6790 | best mAR acc: 0.7342 | best Score: 0.6790 | best Score epoch: 11 
epoch 14, iter  351: loss: 0.0072 | load time: 0.0001 | back time: 0.7754 | lr: 0.00009341 | best AP50 acc: 0.8313 | best AP70 acc: 0.7183 | best mAP acc: 0.6790 | best mAR acc: 0.7342 | best Score: 0.6790 | best Score epoch: 11 
epoch 14, iter  401: loss: 0.0062 | load time: 0.0003 | back time: 0.7874 | lr: 0.00009335 | best AP50 acc: 0.8313 | best AP70 acc: 0.7183 | best mAP acc: 0.6790 | best mAR acc: 0.7342 | best Score: 0.6790 | best Score epoch: 11 
epoch 14, iter  451: loss: 0.0063 | load time: 0.0002 | back time: 0.7668 | lr: 0.00009328 | best AP50 acc: 0.8313 | best AP70 acc: 0.7183 | best mAP acc: 0.6790 | best mAR acc: 0.7342 | best Score: 0.6790 | best Score epoch: 11 
epoch 14, iter  501: loss: 0.0060 | load time: 0.0002 | back time: 0.7701 | lr: 0.00009321 | best AP50 acc: 0.8313 | best AP70 acc: 0.7183 | best mAP acc: 0.6790 | best mAR acc: 0.7342 | best Score: 0.6790 | best Score epoch: 11 
epoch 14, iter  551: loss: 0.0062 | load time: 0.0001 | back time: 0.7709 | lr: 0.00009314 | best AP50 acc: 0.8313 | best AP70 acc: 0.7183 | best mAP acc: 0.6790 | best mAR acc: 0.7342 | best Score: 0.6790 | best Score epoch: 11 
epoch 14, iter  601: loss: 0.0084 | load time: 0.0002 | back time: 0.7691 | lr: 0.00009307 | best AP50 acc: 0.8313 | best AP70 acc: 0.7183 | best mAP acc: 0.6790 | best mAR acc: 0.7342 | best Score: 0.6790 | best Score epoch: 11 
epoch 14, iter  651: loss: 0.0067 | load time: 0.0002 | back time: 0.7669 | lr: 0.00009300 | best AP50 acc: 0.8313 | best AP70 acc: 0.7183 | best mAP acc: 0.6790 | best mAR acc: 0.7342 | best Score: 0.6790 | best Score epoch: 11 
epoch 14, iter  701: loss: 0.0061 | load time: 0.0003 | back time: 0.7674 | lr: 0.00009293 | best AP50 acc: 0.8313 | best AP70 acc: 0.7183 | best mAP acc: 0.6790 | best mAR acc: 0.7342 | best Score: 0.6790 | best Score epoch: 11 
epoch 14, iter  751: loss: 0.0061 | load time: 0.0002 | back time: 0.7706 | lr: 0.00009286 | best AP50 acc: 0.8313 | best AP70 acc: 0.7183 | best mAP acc: 0.6790 | best mAR acc: 0.7342 | best Score: 0.6790 | best Score epoch: 11 
epoch 14, iter  801: loss: 0.0064 | load time: 0.0002 | back time: 0.7706 | lr: 0.00009279 | best AP50 acc: 0.8313 | best AP70 acc: 0.7183 | best mAP acc: 0.6790 | best mAR acc: 0.7342 | best Score: 0.6790 | best Score epoch: 11 
epoch 14, iter  851: loss: 0.0065 | load time: 0.0003 | back time: 0.7672 | lr: 0.00009272 | best AP50 acc: 0.8313 | best AP70 acc: 0.7183 | best mAP acc: 0.6790 | best mAR acc: 0.7342 | best Score: 0.6790 | best Score epoch: 11 
epoch 14, iter  901: loss: 0.0061 | load time: 0.0002 | back time: 0.7692 | lr: 0.00009265 | best AP50 acc: 0.8313 | best AP70 acc: 0.7183 | best mAP acc: 0.6790 | best mAR acc: 0.7342 | best Score: 0.6790 | best Score epoch: 11 
epoch 14, iter  951: loss: 0.0066 | load time: 0.0002 | back time: 0.7680 | lr: 0.00009258 | best AP50 acc: 0.8313 | best AP70 acc: 0.7183 | best mAP acc: 0.6790 | best mAR acc: 0.7342 | best Score: 0.6790 | best Score epoch: 11 
epoch 14, iter 1001: loss: 0.0062 | load time: 0.0002 | back time: 0.7722 | lr: 0.00009251 | best AP50 acc: 0.8313 | best AP70 acc: 0.7183 | best mAP acc: 0.6790 | best mAR acc: 0.7342 | best Score: 0.6790 | best Score epoch: 11 
epoch 14, iter 1051: loss: 0.0060 | load time: 0.0002 | back time: 0.7729 | lr: 0.00009244 | best AP50 acc: 0.8313 | best AP70 acc: 0.7183 | best mAP acc: 0.6790 | best mAR acc: 0.7342 | best Score: 0.6790 | best Score epoch: 11 
epoch 14, iter 1101: loss: 0.0066 | load time: 0.0002 | back time: 0.7691 | lr: 0.00009237 | best AP50 acc: 0.8313 | best AP70 acc: 0.7183 | best mAP acc: 0.6790 | best mAR acc: 0.7342 | best Score: 0.6790 | best Score epoch: 11 
epoch 14, iter 1151: loss: 0.0060 | load time: 0.0008 | back time: 0.7753 | lr: 0.00009230 | best AP50 acc: 0.8313 | best AP70 acc: 0.7183 | best mAP acc: 0.6790 | best mAR acc: 0.7342 | best Score: 0.6790 | best Score epoch: 11 
UAV_SEQS_2 | mAP50:90: 41.5996 | AP50: 79.8528 | AP70: 36.5391 
UAV_SEQS_37 | mAP50:90: 88.6051 | AP50: 100.0000 | AP70: 92.7753 
UAV_SEQS_45 | mAP50:90: 97.4193 | AP50: 100.0000 | AP70: 100.0000 
UAV_SEQS_47 | mAP50:90: 95.5211 | AP50: 100.0000 | AP70: 100.0000 
UAV_SEQS_55 | mAP50:90: 34.3431 | AP50: 65.9497 | AP70: 35.6792 
UAV_SEQS_59 | mAP50:90: 70.4661 | AP50: 97.4027 | AP70: 75.6624 
UAV_SEQS_6 | mAP50:90: 28.2258 | AP50: 37.4470 | AP70: 30.5235 
UAV_SEQS_63 | mAP50:90: 1.7996 | AP50: 9.3482 | AP70: 0.1325 
UAV_SEQS_65 | mAP50:90: 82.8166 | AP50: 96.3033 | AP70: 88.5285 
UAV_SEQS_7 | mAP50:90: 68.6334 | AP50: 100.0000 | AP70: 83.2889 
UAV_SEQS_71 | mAP50:90: 73.6795 | AP50: 98.5215 | AP70: 79.1867 
UAV_SEQS_73 | mAP50:90: 67.8500 | AP50: 90.5810 | AP70: 76.4379 
UAV_SEQS_74 | mAP50:90: 99.8829 | AP50: 100.0000 | AP70: 100.0000 
UAV_SEQS_77 | mAP50:90: 22.4638 | AP50: 36.3410 | AP70: 31.8004 
UAV_SEQS_8 | mAP50:90: 75.6300 | AP50: 100.0000 | AP70: 90.9736 
Overall            | mAP50:95: 64.1776 | AP50: 81.4934 | AP70: 68.4907 
epoch 15, iter    1: loss: 0.0062 | load time: 0.0004 | back time: 0.4675 | lr: 0.00009229 | best AP50 acc: 0.8313 | best AP70 acc: 0.7183 | best mAP acc: 0.6790 | best mAR acc: 0.7342 | best Score: 0.6790 | best Score epoch: 11 
epoch 15, iter   51: loss: 0.0059 | load time: 0.0002 | back time: 0.7649 | lr: 0.00009222 | best AP50 acc: 0.8313 | best AP70 acc: 0.7183 | best mAP acc: 0.6790 | best mAR acc: 0.7342 | best Score: 0.6790 | best Score epoch: 11 
epoch 15, iter  101: loss: 0.0057 | load time: 0.0001 | back time: 0.7701 | lr: 0.00009215 | best AP50 acc: 0.8313 | best AP70 acc: 0.7183 | best mAP acc: 0.6790 | best mAR acc: 0.7342 | best Score: 0.6790 | best Score epoch: 11 
epoch 15, iter  151: loss: 0.0059 | load time: 0.0002 | back time: 0.7802 | lr: 0.00009207 | best AP50 acc: 0.8313 | best AP70 acc: 0.7183 | best mAP acc: 0.6790 | best mAR acc: 0.7342 | best Score: 0.6790 | best Score epoch: 11 
epoch 15, iter  201: loss: 0.0059 | load time: 0.0002 | back time: 0.7755 | lr: 0.00009200 | best AP50 acc: 0.8313 | best AP70 acc: 0.7183 | best mAP acc: 0.6790 | best mAR acc: 0.7342 | best Score: 0.6790 | best Score epoch: 11 
epoch 15, iter  251: loss: 0.0060 | load time: 0.0002 | back time: 0.7916 | lr: 0.00009193 | best AP50 acc: 0.8313 | best AP70 acc: 0.7183 | best mAP acc: 0.6790 | best mAR acc: 0.7342 | best Score: 0.6790 | best Score epoch: 11 
epoch 15, iter  301: loss: 0.0060 | load time: 0.0002 | back time: 0.7696 | lr: 0.00009185 | best AP50 acc: 0.8313 | best AP70 acc: 0.7183 | best mAP acc: 0.6790 | best mAR acc: 0.7342 | best Score: 0.6790 | best Score epoch: 11 
epoch 15, iter  351: loss: 0.0062 | load time: 0.0002 | back time: 0.7702 | lr: 0.00009178 | best AP50 acc: 0.8313 | best AP70 acc: 0.7183 | best mAP acc: 0.6790 | best mAR acc: 0.7342 | best Score: 0.6790 | best Score epoch: 11 
epoch 15, iter  401: loss: 0.0060 | load time: 0.0001 | back time: 0.7712 | lr: 0.00009170 | best AP50 acc: 0.8313 | best AP70 acc: 0.7183 | best mAP acc: 0.6790 | best mAR acc: 0.7342 | best Score: 0.6790 | best Score epoch: 11 
epoch 15, iter  451: loss: 0.0059 | load time: 0.0003 | back time: 0.7710 | lr: 0.00009163 | best AP50 acc: 0.8313 | best AP70 acc: 0.7183 | best mAP acc: 0.6790 | best mAR acc: 0.7342 | best Score: 0.6790 | best Score epoch: 11 
epoch 15, iter  501: loss: 0.0059 | load time: 0.0002 | back time: 0.7729 | lr: 0.00009155 | best AP50 acc: 0.8313 | best AP70 acc: 0.7183 | best mAP acc: 0.6790 | best mAR acc: 0.7342 | best Score: 0.6790 | best Score epoch: 11 
epoch 15, iter  551: loss: 0.0060 | load time: 0.0002 | back time: 0.7715 | lr: 0.00009148 | best AP50 acc: 0.8313 | best AP70 acc: 0.7183 | best mAP acc: 0.6790 | best mAR acc: 0.7342 | best Score: 0.6790 | best Score epoch: 11 
epoch 15, iter  601: loss: 0.0060 | load time: 0.0002 | back time: 0.7722 | lr: 0.00009140 | best AP50 acc: 0.8313 | best AP70 acc: 0.7183 | best mAP acc: 0.6790 | best mAR acc: 0.7342 | best Score: 0.6790 | best Score epoch: 11 
epoch 15, iter  651: loss: 0.0060 | load time: 0.0002 | back time: 0.7718 | lr: 0.00009133 | best AP50 acc: 0.8313 | best AP70 acc: 0.7183 | best mAP acc: 0.6790 | best mAR acc: 0.7342 | best Score: 0.6790 | best Score epoch: 11 
epoch 15, iter  701: loss: 0.0058 | load time: 0.0002 | back time: 0.7725 | lr: 0.00009125 | best AP50 acc: 0.8313 | best AP70 acc: 0.7183 | best mAP acc: 0.6790 | best mAR acc: 0.7342 | best Score: 0.6790 | best Score epoch: 11 
epoch 15, iter  751: loss: 0.0064 | load time: 0.0002 | back time: 0.7747 | lr: 0.00009117 | best AP50 acc: 0.8313 | best AP70 acc: 0.7183 | best mAP acc: 0.6790 | best mAR acc: 0.7342 | best Score: 0.6790 | best Score epoch: 11 
epoch 15, iter  801: loss: 0.0062 | load time: 0.0002 | back time: 0.7699 | lr: 0.00009110 | best AP50 acc: 0.8313 | best AP70 acc: 0.7183 | best mAP acc: 0.6790 | best mAR acc: 0.7342 | best Score: 0.6790 | best Score epoch: 11 
epoch 15, iter  851: loss: 0.0057 | load time: 0.0002 | back time: 0.7730 | lr: 0.00009102 | best AP50 acc: 0.8313 | best AP70 acc: 0.7183 | best mAP acc: 0.6790 | best mAR acc: 0.7342 | best Score: 0.6790 | best Score epoch: 11 
epoch 15, iter  901: loss: 0.0061 | load time: 0.0002 | back time: 0.7703 | lr: 0.00009094 | best AP50 acc: 0.8313 | best AP70 acc: 0.7183 | best mAP acc: 0.6790 | best mAR acc: 0.7342 | best Score: 0.6790 | best Score epoch: 11 
epoch 15, iter  951: loss: 0.0063 | load time: 0.0002 | back time: 0.7706 | lr: 0.00009086 | best AP50 acc: 0.8313 | best AP70 acc: 0.7183 | best mAP acc: 0.6790 | best mAR acc: 0.7342 | best Score: 0.6790 | best Score epoch: 11 
epoch 15, iter 1001: loss: 0.0060 | load time: 0.0002 | back time: 0.7754 | lr: 0.00009078 | best AP50 acc: 0.8313 | best AP70 acc: 0.7183 | best mAP acc: 0.6790 | best mAR acc: 0.7342 | best Score: 0.6790 | best Score epoch: 11 
epoch 15, iter 1051: loss: 0.0057 | load time: 0.0003 | back time: 0.7718 | lr: 0.00009071 | best AP50 acc: 0.8313 | best AP70 acc: 0.7183 | best mAP acc: 0.6790 | best mAR acc: 0.7342 | best Score: 0.6790 | best Score epoch: 11 
epoch 15, iter 1101: loss: 0.0069 | load time: 0.0002 | back time: 0.7734 | lr: 0.00009063 | best AP50 acc: 0.8313 | best AP70 acc: 0.7183 | best mAP acc: 0.6790 | best mAR acc: 0.7342 | best Score: 0.6790 | best Score epoch: 11 
epoch 15, iter 1151: loss: 0.0065 | load time: 0.0001 | back time: 0.7723 | lr: 0.00009055 | best AP50 acc: 0.8313 | best AP70 acc: 0.7183 | best mAP acc: 0.6790 | best mAR acc: 0.7342 | best Score: 0.6790 | best Score epoch: 11 
UAV_SEQS_2 | mAP50:90: 45.1965 | AP50: 79.3567 | AP70: 45.7534 
UAV_SEQS_37 | mAP50:90: 95.4266 | AP50: 100.0000 | AP70: 98.8086 
UAV_SEQS_45 | mAP50:90: 94.5495 | AP50: 100.0000 | AP70: 100.0000 
UAV_SEQS_47 | mAP50:90: 74.5991 | AP50: 98.9637 | AP70: 88.9677 
UAV_SEQS_55 | mAP50:90: 33.1456 | AP50: 53.6634 | AP70: 37.1033 
UAV_SEQS_59 | mAP50:90: 66.3848 | AP50: 97.2398 | AP70: 79.5473 
UAV_SEQS_6 | mAP50:90: 47.0204 | AP50: 66.2558 | AP70: 48.5359 
UAV_SEQS_63 | mAP50:90: 0.0845 | AP50: 0.3222 | AP70: 0.0000 
UAV_SEQS_65 | mAP50:90: 78.5003 | AP50: 97.5750 | AP70: 87.0579 
UAV_SEQS_7 | mAP50:90: 73.8623 | AP50: 100.0000 | AP70: 95.0198 
UAV_SEQS_71 | mAP50:90: 76.7173 | AP50: 93.7735 | AP70: 84.3229 
UAV_SEQS_73 | mAP50:90: 62.5427 | AP50: 87.1209 | AP70: 69.7305 
UAV_SEQS_74 | mAP50:90: 98.6201 | AP50: 100.0000 | AP70: 100.0000 
UAV_SEQS_77 | mAP50:90: 21.7618 | AP50: 27.9307 | AP70: 25.5927 
UAV_SEQS_8 | mAP50:90: 88.5666 | AP50: 100.0000 | AP70: 98.0495 
Overall            | mAP50:95: 63.9806 | AP50: 79.9111 | AP70: 71.3577 
epoch 16, iter    1: loss: 0.0061 | load time: 0.0007 | back time: 0.3443 | lr: 0.00009054 | best AP50 acc: 0.8313 | best AP70 acc: 0.7183 | best mAP acc: 0.6790 | best mAR acc: 0.7342 | best Score: 0.6790 | best Score epoch: 11 
epoch 16, iter   51: loss: 0.0059 | load time: 0.0002 | back time: 0.7674 | lr: 0.00009047 | best AP50 acc: 0.8313 | best AP70 acc: 0.7183 | best mAP acc: 0.6790 | best mAR acc: 0.7342 | best Score: 0.6790 | best Score epoch: 11 
epoch 16, iter  101: loss: 0.0058 | load time: 0.0002 | back time: 0.7751 | lr: 0.00009039 | best AP50 acc: 0.8313 | best AP70 acc: 0.7183 | best mAP acc: 0.6790 | best mAR acc: 0.7342 | best Score: 0.6790 | best Score epoch: 11 
epoch 16, iter  151: loss: 0.0059 | load time: 0.0004 | back time: 0.7841 | lr: 0.00009031 | best AP50 acc: 0.8313 | best AP70 acc: 0.7183 | best mAP acc: 0.6790 | best mAR acc: 0.7342 | best Score: 0.6790 | best Score epoch: 11 
epoch 16, iter  201: loss: 0.0061 | load time: 0.0002 | back time: 0.7739 | lr: 0.00009022 | best AP50 acc: 0.8313 | best AP70 acc: 0.7183 | best mAP acc: 0.6790 | best mAR acc: 0.7342 | best Score: 0.6790 | best Score epoch: 11 
epoch 16, iter  251: loss: 0.0056 | load time: 0.0002 | back time: 0.7770 | lr: 0.00009014 | best AP50 acc: 0.8313 | best AP70 acc: 0.7183 | best mAP acc: 0.6790 | best mAR acc: 0.7342 | best Score: 0.6790 | best Score epoch: 11 
epoch 16, iter  301: loss: 0.0060 | load time: 0.0002 | back time: 0.7724 | lr: 0.00009006 | best AP50 acc: 0.8313 | best AP70 acc: 0.7183 | best mAP acc: 0.6790 | best mAR acc: 0.7342 | best Score: 0.6790 | best Score epoch: 11 
epoch 16, iter  351: loss: 0.0060 | load time: 0.0001 | back time: 0.7721 | lr: 0.00008998 | best AP50 acc: 0.8313 | best AP70 acc: 0.7183 | best mAP acc: 0.6790 | best mAR acc: 0.7342 | best Score: 0.6790 | best Score epoch: 11 
epoch 16, iter  401: loss: 0.0064 | load time: 0.0002 | back time: 0.7746 | lr: 0.00008990 | best AP50 acc: 0.8313 | best AP70 acc: 0.7183 | best mAP acc: 0.6790 | best mAR acc: 0.7342 | best Score: 0.6790 | best Score epoch: 11 
epoch 16, iter  451: loss: 0.0071 | load time: 0.0002 | back time: 0.7733 | lr: 0.00008982 | best AP50 acc: 0.8313 | best AP70 acc: 0.7183 | best mAP acc: 0.6790 | best mAR acc: 0.7342 | best Score: 0.6790 | best Score epoch: 11 
epoch 16, iter  501: loss: 0.0056 | load time: 0.0002 | back time: 0.7737 | lr: 0.00008974 | best AP50 acc: 0.8313 | best AP70 acc: 0.7183 | best mAP acc: 0.6790 | best mAR acc: 0.7342 | best Score: 0.6790 | best Score epoch: 11 
epoch 16, iter  551: loss: 0.0062 | load time: 0.0002 | back time: 0.7751 | lr: 0.00008965 | best AP50 acc: 0.8313 | best AP70 acc: 0.7183 | best mAP acc: 0.6790 | best mAR acc: 0.7342 | best Score: 0.6790 | best Score epoch: 11 
epoch 16, iter  601: loss: 0.0062 | load time: 0.0002 | back time: 0.7712 | lr: 0.00008957 | best AP50 acc: 0.8313 | best AP70 acc: 0.7183 | best mAP acc: 0.6790 | best mAR acc: 0.7342 | best Score: 0.6790 | best Score epoch: 11 
epoch 16, iter  651: loss: 0.0058 | load time: 0.0002 | back time: 0.7726 | lr: 0.00008949 | best AP50 acc: 0.8313 | best AP70 acc: 0.7183 | best mAP acc: 0.6790 | best mAR acc: 0.7342 | best Score: 0.6790 | best Score epoch: 11 
epoch 16, iter  701: loss: 0.0062 | load time: 0.0002 | back time: 0.7742 | lr: 0.00008940 | best AP50 acc: 0.8313 | best AP70 acc: 0.7183 | best mAP acc: 0.6790 | best mAR acc: 0.7342 | best Score: 0.6790 | best Score epoch: 11 
epoch 16, iter  751: loss: 0.0057 | load time: 0.0002 | back time: 0.7723 | lr: 0.00008932 | best AP50 acc: 0.8313 | best AP70 acc: 0.7183 | best mAP acc: 0.6790 | best mAR acc: 0.7342 | best Score: 0.6790 | best Score epoch: 11 
epoch 16, iter  801: loss: 0.0060 | load time: 0.0002 | back time: 0.7720 | lr: 0.00008924 | best AP50 acc: 0.8313 | best AP70 acc: 0.7183 | best mAP acc: 0.6790 | best mAR acc: 0.7342 | best Score: 0.6790 | best Score epoch: 11 
epoch 16, iter  851: loss: 0.0061 | load time: 0.0002 | back time: 0.7718 | lr: 0.00008915 | best AP50 acc: 0.8313 | best AP70 acc: 0.7183 | best mAP acc: 0.6790 | best mAR acc: 0.7342 | best Score: 0.6790 | best Score epoch: 11 
epoch 16, iter  901: loss: 0.0065 | load time: 0.0002 | back time: 0.7731 | lr: 0.00008907 | best AP50 acc: 0.8313 | best AP70 acc: 0.7183 | best mAP acc: 0.6790 | best mAR acc: 0.7342 | best Score: 0.6790 | best Score epoch: 11 
epoch 16, iter  951: loss: 0.0061 | load time: 0.0002 | back time: 0.7738 | lr: 0.00008898 | best AP50 acc: 0.8313 | best AP70 acc: 0.7183 | best mAP acc: 0.6790 | best mAR acc: 0.7342 | best Score: 0.6790 | best Score epoch: 11 
epoch 16, iter 1001: loss: 0.0061 | load time: 0.0001 | back time: 0.7744 | lr: 0.00008890 | best AP50 acc: 0.8313 | best AP70 acc: 0.7183 | best mAP acc: 0.6790 | best mAR acc: 0.7342 | best Score: 0.6790 | best Score epoch: 11 
epoch 16, iter 1051: loss: 0.0061 | load time: 0.0001 | back time: 0.7728 | lr: 0.00008881 | best AP50 acc: 0.8313 | best AP70 acc: 0.7183 | best mAP acc: 0.6790 | best mAR acc: 0.7342 | best Score: 0.6790 | best Score epoch: 11 
epoch 16, iter 1101: loss: 0.0073 | load time: 0.0002 | back time: 0.7738 | lr: 0.00008873 | best AP50 acc: 0.8313 | best AP70 acc: 0.7183 | best mAP acc: 0.6790 | best mAR acc: 0.7342 | best Score: 0.6790 | best Score epoch: 11 
epoch 16, iter 1151: loss: 0.0129 | load time: 0.0005 | back time: 0.7736 | lr: 0.00008864 | best AP50 acc: 0.8313 | best AP70 acc: 0.7183 | best mAP acc: 0.6790 | best mAR acc: 0.7342 | best Score: 0.6790 | best Score epoch: 11 
UAV_SEQS_2 | mAP50:90: 26.8845 | AP50: 55.9457 | AP70: 23.7424 
UAV_SEQS_37 | mAP50:90: 89.4301 | AP50: 100.0000 | AP70: 92.5862 
UAV_SEQS_45 | mAP50:90: 95.2481 | AP50: 100.0000 | AP70: 96.7251 
UAV_SEQS_47 | mAP50:90: 85.4576 | AP50: 100.0000 | AP70: 96.4727 
UAV_SEQS_55 | mAP50:90: 41.4454 | AP50: 71.7738 | AP70: 43.9529 
UAV_SEQS_59 | mAP50:90: 66.9899 | AP50: 95.7131 | AP70: 75.0920 
UAV_SEQS_6 | mAP50:90: 78.1408 | AP50: 96.0362 | AP70: 86.3569 
UAV_SEQS_63 | mAP50:90: 4.8236 | AP50: 18.5755 | AP70: 0.9667 
UAV_SEQS_65 | mAP50:90: 72.7797 | AP50: 96.5546 | AP70: 84.0653 
UAV_SEQS_7 | mAP50:90: 83.9152 | AP50: 99.0099 | AP70: 99.0099 
UAV_SEQS_71 | mAP50:90: 80.7237 | AP50: 97.1765 | AP70: 88.9776 
UAV_SEQS_73 | mAP50:90: 57.0938 | AP50: 86.7054 | AP70: 58.0542 
UAV_SEQS_74 | mAP50:90: 99.5430 | AP50: 100.0000 | AP70: 100.0000 
UAV_SEQS_77 | mAP50:90: 19.1145 | AP50: 28.6933 | AP70: 21.3357 
UAV_SEQS_8 | mAP50:90: 95.9883 | AP50: 100.0000 | AP70: 100.0000 
Overall            | mAP50:95: 67.8353 | AP50: 85.3396 | AP70: 72.0885 
epoch 17, iter    1: loss: 0.0058 | load time: 0.0025 | back time: 0.4710 | lr: 0.00008864 | best AP50 acc: 0.8313 | best AP70 acc: 0.7183 | best mAP acc: 0.6790 | best mAR acc: 0.7342 | best Score: 0.6790 | best Score epoch: 11 
epoch 17, iter   51: loss: 0.0065 | load time: 0.0002 | back time: 0.7682 | lr: 0.00008855 | best AP50 acc: 0.8313 | best AP70 acc: 0.7183 | best mAP acc: 0.6790 | best mAR acc: 0.7342 | best Score: 0.6790 | best Score epoch: 11 
epoch 17, iter  101: loss: 0.0066 | load time: 0.0001 | back time: 0.7728 | lr: 0.00008847 | best AP50 acc: 0.8313 | best AP70 acc: 0.7183 | best mAP acc: 0.6790 | best mAR acc: 0.7342 | best Score: 0.6790 | best Score epoch: 11 
epoch 17, iter  151: loss: 0.0062 | load time: 0.0002 | back time: 0.7733 | lr: 0.00008838 | best AP50 acc: 0.8313 | best AP70 acc: 0.7183 | best mAP acc: 0.6790 | best mAR acc: 0.7342 | best Score: 0.6790 | best Score epoch: 11 
epoch 17, iter  201: loss: 0.0059 | load time: 0.0003 | back time: 0.7723 | lr: 0.00008829 | best AP50 acc: 0.8313 | best AP70 acc: 0.7183 | best mAP acc: 0.6790 | best mAR acc: 0.7342 | best Score: 0.6790 | best Score epoch: 11 
epoch 17, iter  251: loss: 0.0059 | load time: 0.0002 | back time: 0.7795 | lr: 0.00008820 | best AP50 acc: 0.8313 | best AP70 acc: 0.7183 | best mAP acc: 0.6790 | best mAR acc: 0.7342 | best Score: 0.6790 | best Score epoch: 11 
epoch 17, iter  301: loss: 0.0055 | load time: 0.0002 | back time: 0.7763 | lr: 0.00008812 | best AP50 acc: 0.8313 | best AP70 acc: 0.7183 | best mAP acc: 0.6790 | best mAR acc: 0.7342 | best Score: 0.6790 | best Score epoch: 11 
epoch 17, iter  351: loss: 0.0058 | load time: 0.0002 | back time: 0.7738 | lr: 0.00008803 | best AP50 acc: 0.8313 | best AP70 acc: 0.7183 | best mAP acc: 0.6790 | best mAR acc: 0.7342 | best Score: 0.6790 | best Score epoch: 11 
epoch 17, iter  401: loss: 0.0058 | load time: 0.0002 | back time: 0.7742 | lr: 0.00008794 | best AP50 acc: 0.8313 | best AP70 acc: 0.7183 | best mAP acc: 0.6790 | best mAR acc: 0.7342 | best Score: 0.6790 | best Score epoch: 11 
epoch 17, iter  451: loss: 0.0060 | load time: 0.0002 | back time: 0.7740 | lr: 0.00008785 | best AP50 acc: 0.8313 | best AP70 acc: 0.7183 | best mAP acc: 0.6790 | best mAR acc: 0.7342 | best Score: 0.6790 | best Score epoch: 11 
epoch 17, iter  501: loss: 0.0058 | load time: 0.0002 | back time: 0.7728 | lr: 0.00008776 | best AP50 acc: 0.8313 | best AP70 acc: 0.7183 | best mAP acc: 0.6790 | best mAR acc: 0.7342 | best Score: 0.6790 | best Score epoch: 11 
epoch 17, iter  551: loss: 0.0058 | load time: 0.0003 | back time: 0.7749 | lr: 0.00008768 | best AP50 acc: 0.8313 | best AP70 acc: 0.7183 | best mAP acc: 0.6790 | best mAR acc: 0.7342 | best Score: 0.6790 | best Score epoch: 11 
epoch 17, iter  601: loss: 0.0058 | load time: 0.0002 | back time: 0.7723 | lr: 0.00008759 | best AP50 acc: 0.8313 | best AP70 acc: 0.7183 | best mAP acc: 0.6790 | best mAR acc: 0.7342 | best Score: 0.6790 | best Score epoch: 11 
epoch 17, iter  651: loss: 0.0065 | load time: 0.0001 | back time: 0.7737 | lr: 0.00008750 | best AP50 acc: 0.8313 | best AP70 acc: 0.7183 | best mAP acc: 0.6790 | best mAR acc: 0.7342 | best Score: 0.6790 | best Score epoch: 11 
epoch 17, iter  701: loss: 0.0062 | load time: 0.0001 | back time: 0.7732 | lr: 0.00008741 | best AP50 acc: 0.8313 | best AP70 acc: 0.7183 | best mAP acc: 0.6790 | best mAR acc: 0.7342 | best Score: 0.6790 | best Score epoch: 11 
epoch 17, iter  751: loss: 0.0077 | load time: 0.0002 | back time: 0.7740 | lr: 0.00008732 | best AP50 acc: 0.8313 | best AP70 acc: 0.7183 | best mAP acc: 0.6790 | best mAR acc: 0.7342 | best Score: 0.6790 | best Score epoch: 11 
epoch 17, iter  801: loss: 0.0059 | load time: 0.0002 | back time: 0.7740 | lr: 0.00008723 | best AP50 acc: 0.8313 | best AP70 acc: 0.7183 | best mAP acc: 0.6790 | best mAR acc: 0.7342 | best Score: 0.6790 | best Score epoch: 11 
epoch 17, iter  851: loss: 0.0056 | load time: 0.0002 | back time: 0.7741 | lr: 0.00008714 | best AP50 acc: 0.8313 | best AP70 acc: 0.7183 | best mAP acc: 0.6790 | best mAR acc: 0.7342 | best Score: 0.6790 | best Score epoch: 11 
epoch 17, iter  901: loss: 0.0054 | load time: 0.0001 | back time: 0.7741 | lr: 0.00008704 | best AP50 acc: 0.8313 | best AP70 acc: 0.7183 | best mAP acc: 0.6790 | best mAR acc: 0.7342 | best Score: 0.6790 | best Score epoch: 11 
epoch 17, iter  951: loss: 0.0059 | load time: 0.0003 | back time: 0.7712 | lr: 0.00008695 | best AP50 acc: 0.8313 | best AP70 acc: 0.7183 | best mAP acc: 0.6790 | best mAR acc: 0.7342 | best Score: 0.6790 | best Score epoch: 11 
epoch 17, iter 1001: loss: 0.0057 | load time: 0.0003 | back time: 0.7745 | lr: 0.00008686 | best AP50 acc: 0.8313 | best AP70 acc: 0.7183 | best mAP acc: 0.6790 | best mAR acc: 0.7342 | best Score: 0.6790 | best Score epoch: 11 
epoch 17, iter 1051: loss: 0.0058 | load time: 0.0002 | back time: 0.7769 | lr: 0.00008677 | best AP50 acc: 0.8313 | best AP70 acc: 0.7183 | best mAP acc: 0.6790 | best mAR acc: 0.7342 | best Score: 0.6790 | best Score epoch: 11 
epoch 17, iter 1101: loss: 0.0060 | load time: 0.0002 | back time: 0.7704 | lr: 0.00008668 | best AP50 acc: 0.8313 | best AP70 acc: 0.7183 | best mAP acc: 0.6790 | best mAR acc: 0.7342 | best Score: 0.6790 | best Score epoch: 11 
epoch 17, iter 1151: loss: 0.0061 | load time: 0.0001 | back time: 0.7745 | lr: 0.00008659 | best AP50 acc: 0.8313 | best AP70 acc: 0.7183 | best mAP acc: 0.6790 | best mAR acc: 0.7342 | best Score: 0.6790 | best Score epoch: 11 
UAV_SEQS_2 | mAP50:90: 34.6309 | AP50: 67.4333 | AP70: 30.8275 
UAV_SEQS_37 | mAP50:90: 86.7099 | AP50: 100.0000 | AP70: 90.3664 
UAV_SEQS_45 | mAP50:90: 95.5596 | AP50: 100.0000 | AP70: 98.9247 
UAV_SEQS_47 | mAP50:90: 96.7611 | AP50: 100.0000 | AP70: 100.0000 
UAV_SEQS_55 | mAP50:90: 47.9558 | AP50: 71.4984 | AP70: 51.9279 
UAV_SEQS_59 | mAP50:90: 68.4932 | AP50: 96.6242 | AP70: 75.8035 
UAV_SEQS_6 | mAP50:90: 36.2778 | AP50: 45.5870 | AP70: 38.6187 
UAV_SEQS_63 | mAP50:90: 6.5791 | AP50: 27.3630 | AP70: 0.1561 
UAV_SEQS_65 | mAP50:90: 75.3209 | AP50: 94.7206 | AP70: 82.2474 
UAV_SEQS_7 | mAP50:90: 92.8882 | AP50: 100.0000 | AP70: 100.0000 
UAV_SEQS_71 | mAP50:90: 79.9557 | AP50: 97.5190 | AP70: 85.9104 
UAV_SEQS_73 | mAP50:90: 68.0678 | AP50: 88.4532 | AP70: 74.4759 
UAV_SEQS_74 | mAP50:90: 99.0207 | AP50: 100.0000 | AP70: 100.0000 
UAV_SEQS_77 | mAP50:90: 24.4482 | AP50: 35.6849 | AP70: 25.7984 
UAV_SEQS_8 | mAP50:90: 85.7029 | AP50: 100.0000 | AP70: 94.4951 
Overall            | mAP50:95: 67.4715 | AP50: 83.1424 | AP70: 70.6278 
epoch 18, iter    1: loss: 0.0063 | load time: 0.0005 | back time: 0.3878 | lr: 0.00008658 | best AP50 acc: 0.8313 | best AP70 acc: 0.7183 | best mAP acc: 0.6790 | best mAR acc: 0.7342 | best Score: 0.6790 | best Score epoch: 11 
epoch 18, iter   51: loss: 0.0054 | load time: 0.0002 | back time: 0.7866 | lr: 0.00008649 | best AP50 acc: 0.8313 | best AP70 acc: 0.7183 | best mAP acc: 0.6790 | best mAR acc: 0.7342 | best Score: 0.6790 | best Score epoch: 11 
epoch 18, iter  101: loss: 0.0056 | load time: 0.0002 | back time: 0.7925 | lr: 0.00008640 | best AP50 acc: 0.8313 | best AP70 acc: 0.7183 | best mAP acc: 0.6790 | best mAR acc: 0.7342 | best Score: 0.6790 | best Score epoch: 11 
epoch 18, iter  151: loss: 0.0057 | load time: 0.0004 | back time: 0.7648 | lr: 0.00008630 | best AP50 acc: 0.8313 | best AP70 acc: 0.7183 | best mAP acc: 0.6790 | best mAR acc: 0.7342 | best Score: 0.6790 | best Score epoch: 11 
epoch 18, iter  201: loss: 0.0059 | load time: 0.0002 | back time: 0.7762 | lr: 0.00008621 | best AP50 acc: 0.8313 | best AP70 acc: 0.7183 | best mAP acc: 0.6790 | best mAR acc: 0.7342 | best Score: 0.6790 | best Score epoch: 11 
epoch 18, iter  251: loss: 0.0055 | load time: 0.0002 | back time: 0.7623 | lr: 0.00008612 | best AP50 acc: 0.8313 | best AP70 acc: 0.7183 | best mAP acc: 0.6790 | best mAR acc: 0.7342 | best Score: 0.6790 | best Score epoch: 11 
epoch 18, iter  301: loss: 0.0061 | load time: 0.0001 | back time: 0.7622 | lr: 0.00008602 | best AP50 acc: 0.8313 | best AP70 acc: 0.7183 | best mAP acc: 0.6790 | best mAR acc: 0.7342 | best Score: 0.6790 | best Score epoch: 11 
epoch 18, iter  351: loss: 0.0055 | load time: 0.0002 | back time: 0.7646 | lr: 0.00008593 | best AP50 acc: 0.8313 | best AP70 acc: 0.7183 | best mAP acc: 0.6790 | best mAR acc: 0.7342 | best Score: 0.6790 | best Score epoch: 11 
epoch 18, iter  401: loss: 0.0059 | load time: 0.0002 | back time: 0.7717 | lr: 0.00008583 | best AP50 acc: 0.8313 | best AP70 acc: 0.7183 | best mAP acc: 0.6790 | best mAR acc: 0.7342 | best Score: 0.6790 | best Score epoch: 11 
epoch 18, iter  451: loss: 0.0061 | load time: 0.0002 | back time: 0.7673 | lr: 0.00008574 | best AP50 acc: 0.8313 | best AP70 acc: 0.7183 | best mAP acc: 0.6790 | best mAR acc: 0.7342 | best Score: 0.6790 | best Score epoch: 11 
epoch 18, iter  501: loss: 0.0060 | load time: 0.0002 | back time: 0.7966 | lr: 0.00008564 | best AP50 acc: 0.8313 | best AP70 acc: 0.7183 | best mAP acc: 0.6790 | best mAR acc: 0.7342 | best Score: 0.6790 | best Score epoch: 11 
epoch 18, iter  551: loss: 0.0058 | load time: 0.0002 | back time: 0.7509 | lr: 0.00008555 | best AP50 acc: 0.8313 | best AP70 acc: 0.7183 | best mAP acc: 0.6790 | best mAR acc: 0.7342 | best Score: 0.6790 | best Score epoch: 11 
epoch 18, iter  601: loss: 0.0061 | load time: 0.0001 | back time: 0.7359 | lr: 0.00008545 | best AP50 acc: 0.8313 | best AP70 acc: 0.7183 | best mAP acc: 0.6790 | best mAR acc: 0.7342 | best Score: 0.6790 | best Score epoch: 11 
epoch 18, iter  651: loss: 0.0059 | load time: 0.0002 | back time: 0.7604 | lr: 0.00008536 | best AP50 acc: 0.8313 | best AP70 acc: 0.7183 | best mAP acc: 0.6790 | best mAR acc: 0.7342 | best Score: 0.6790 | best Score epoch: 11 
epoch 18, iter  701: loss: 0.0066 | load time: 0.0002 | back time: 0.7702 | lr: 0.00008526 | best AP50 acc: 0.8313 | best AP70 acc: 0.7183 | best mAP acc: 0.6790 | best mAR acc: 0.7342 | best Score: 0.6790 | best Score epoch: 11 
epoch 18, iter  751: loss: 0.0059 | load time: 0.0002 | back time: 0.7644 | lr: 0.00008517 | best AP50 acc: 0.8313 | best AP70 acc: 0.7183 | best mAP acc: 0.6790 | best mAR acc: 0.7342 | best Score: 0.6790 | best Score epoch: 11 
epoch 18, iter  801: loss: 0.0060 | load time: 0.0002 | back time: 0.7703 | lr: 0.00008507 | best AP50 acc: 0.8313 | best AP70 acc: 0.7183 | best mAP acc: 0.6790 | best mAR acc: 0.7342 | best Score: 0.6790 | best Score epoch: 11 
epoch 18, iter  851: loss: 0.0056 | load time: 0.0002 | back time: 0.7659 | lr: 0.00008497 | best AP50 acc: 0.8313 | best AP70 acc: 0.7183 | best mAP acc: 0.6790 | best mAR acc: 0.7342 | best Score: 0.6790 | best Score epoch: 11 
epoch 18, iter  901: loss: 0.0056 | load time: 0.0001 | back time: 0.7680 | lr: 0.00008488 | best AP50 acc: 0.8313 | best AP70 acc: 0.7183 | best mAP acc: 0.6790 | best mAR acc: 0.7342 | best Score: 0.6790 | best Score epoch: 11 
epoch 18, iter  951: loss: 0.0061 | load time: 0.0002 | back time: 0.7622 | lr: 0.00008478 | best AP50 acc: 0.8313 | best AP70 acc: 0.7183 | best mAP acc: 0.6790 | best mAR acc: 0.7342 | best Score: 0.6790 | best Score epoch: 11 
epoch 18, iter 1001: loss: 0.0055 | load time: 0.0002 | back time: 0.7674 | lr: 0.00008468 | best AP50 acc: 0.8313 | best AP70 acc: 0.7183 | best mAP acc: 0.6790 | best mAR acc: 0.7342 | best Score: 0.6790 | best Score epoch: 11 
epoch 18, iter 1051: loss: 0.0057 | load time: 0.0002 | back time: 0.7683 | lr: 0.00008458 | best AP50 acc: 0.8313 | best AP70 acc: 0.7183 | best mAP acc: 0.6790 | best mAR acc: 0.7342 | best Score: 0.6790 | best Score epoch: 11 
epoch 18, iter 1101: loss: 0.0053 | load time: 0.0002 | back time: 0.7767 | lr: 0.00008449 | best AP50 acc: 0.8313 | best AP70 acc: 0.7183 | best mAP acc: 0.6790 | best mAR acc: 0.7342 | best Score: 0.6790 | best Score epoch: 11 
epoch 18, iter 1151: loss: 0.0058 | load time: 0.0001 | back time: 0.7687 | lr: 0.00008439 | best AP50 acc: 0.8313 | best AP70 acc: 0.7183 | best mAP acc: 0.6790 | best mAR acc: 0.7342 | best Score: 0.6790 | best Score epoch: 11 
UAV_SEQS_2 | mAP50:90: 40.1731 | AP50: 73.5401 | AP70: 33.7642 
UAV_SEQS_37 | mAP50:90: 81.6418 | AP50: 97.5814 | AP70: 79.5961 
UAV_SEQS_45 | mAP50:90: 95.5242 | AP50: 100.0000 | AP70: 100.0000 
UAV_SEQS_47 | mAP50:90: 98.1949 | AP50: 100.0000 | AP70: 100.0000 
UAV_SEQS_55 | mAP50:90: 39.4337 | AP50: 65.5094 | AP70: 37.6257 
UAV_SEQS_59 | mAP50:90: 70.0947 | AP50: 92.5231 | AP70: 71.1163 
UAV_SEQS_6 | mAP50:90: 37.8563 | AP50: 51.0999 | AP70: 39.7531 
UAV_SEQS_63 | mAP50:90: 7.3479 | AP50: 27.7994 | AP70: 0.4880 
UAV_SEQS_65 | mAP50:90: 79.0768 | AP50: 97.7429 | AP70: 88.1719 
UAV_SEQS_7 | mAP50:90: 94.8725 | AP50: 100.0000 | AP70: 100.0000 
UAV_SEQS_71 | mAP50:90: 75.1236 | AP50: 96.1295 | AP70: 83.8517 
UAV_SEQS_73 | mAP50:90: 66.8872 | AP50: 89.2109 | AP70: 74.5540 
UAV_SEQS_74 | mAP50:90: 99.8889 | AP50: 100.0000 | AP70: 100.0000 
UAV_SEQS_77 | mAP50:90: 25.1341 | AP50: 34.5942 | AP70: 29.5863 
UAV_SEQS_8 | mAP50:90: 77.4027 | AP50: 100.0000 | AP70: 96.1188 
Overall            | mAP50:95: 67.8683 | AP50: 83.9913 | AP70: 70.4450 
epoch 19, iter    1: loss: 0.0057 | load time: 0.0008 | back time: 0.4562 | lr: 0.00008438 | best AP50 acc: 0.8313 | best AP70 acc: 0.7183 | best mAP acc: 0.6790 | best mAR acc: 0.7342 | best Score: 0.6790 | best Score epoch: 11 
epoch 19, iter   51: loss: 0.0060 | load time: 0.0001 | back time: 0.7688 | lr: 0.00008428 | best AP50 acc: 0.8313 | best AP70 acc: 0.7183 | best mAP acc: 0.6790 | best mAR acc: 0.7342 | best Score: 0.6790 | best Score epoch: 11 
epoch 19, iter  101: loss: 0.0058 | load time: 0.0001 | back time: 0.7661 | lr: 0.00008419 | best AP50 acc: 0.8313 | best AP70 acc: 0.7183 | best mAP acc: 0.6790 | best mAR acc: 0.7342 | best Score: 0.6790 | best Score epoch: 11 
epoch 19, iter  151: loss: 0.0056 | load time: 0.0002 | back time: 0.7688 | lr: 0.00008409 | best AP50 acc: 0.8313 | best AP70 acc: 0.7183 | best mAP acc: 0.6790 | best mAR acc: 0.7342 | best Score: 0.6790 | best Score epoch: 11 
epoch 19, iter  201: loss: 0.0059 | load time: 0.0002 | back time: 0.7738 | lr: 0.00008399 | best AP50 acc: 0.8313 | best AP70 acc: 0.7183 | best mAP acc: 0.6790 | best mAR acc: 0.7342 | best Score: 0.6790 | best Score epoch: 11 
epoch 19, iter  251: loss: 0.0059 | load time: 0.0001 | back time: 0.7707 | lr: 0.00008389 | best AP50 acc: 0.8313 | best AP70 acc: 0.7183 | best mAP acc: 0.6790 | best mAR acc: 0.7342 | best Score: 0.6790 | best Score epoch: 11 
epoch 19, iter  301: loss: 0.0057 | load time: 0.0001 | back time: 0.7879 | lr: 0.00008379 | best AP50 acc: 0.8313 | best AP70 acc: 0.7183 | best mAP acc: 0.6790 | best mAR acc: 0.7342 | best Score: 0.6790 | best Score epoch: 11 
epoch 19, iter  351: loss: 0.0056 | load time: 0.0002 | back time: 0.7678 | lr: 0.00008369 | best AP50 acc: 0.8313 | best AP70 acc: 0.7183 | best mAP acc: 0.6790 | best mAR acc: 0.7342 | best Score: 0.6790 | best Score epoch: 11 
epoch 19, iter  401: loss: 0.0059 | load time: 0.0001 | back time: 0.7689 | lr: 0.00008359 | best AP50 acc: 0.8313 | best AP70 acc: 0.7183 | best mAP acc: 0.6790 | best mAR acc: 0.7342 | best Score: 0.6790 | best Score epoch: 11 
epoch 19, iter  451: loss: 0.0059 | load time: 0.0002 | back time: 0.7697 | lr: 0.00008349 | best AP50 acc: 0.8313 | best AP70 acc: 0.7183 | best mAP acc: 0.6790 | best mAR acc: 0.7342 | best Score: 0.6790 | best Score epoch: 11 
epoch 19, iter  501: loss: 0.0056 | load time: 0.0002 | back time: 0.7697 | lr: 0.00008339 | best AP50 acc: 0.8313 | best AP70 acc: 0.7183 | best mAP acc: 0.6790 | best mAR acc: 0.7342 | best Score: 0.6790 | best Score epoch: 11 
epoch 19, iter  551: loss: 0.0058 | load time: 0.0002 | back time: 0.7697 | lr: 0.00008329 | best AP50 acc: 0.8313 | best AP70 acc: 0.7183 | best mAP acc: 0.6790 | best mAR acc: 0.7342 | best Score: 0.6790 | best Score epoch: 11 
epoch 19, iter  601: loss: 0.0053 | load time: 0.0003 | back time: 0.7685 | lr: 0.00008318 | best AP50 acc: 0.8313 | best AP70 acc: 0.7183 | best mAP acc: 0.6790 | best mAR acc: 0.7342 | best Score: 0.6790 | best Score epoch: 11 
epoch 19, iter  651: loss: 0.0056 | load time: 0.0001 | back time: 0.7699 | lr: 0.00008308 | best AP50 acc: 0.8313 | best AP70 acc: 0.7183 | best mAP acc: 0.6790 | best mAR acc: 0.7342 | best Score: 0.6790 | best Score epoch: 11 
epoch 19, iter  701: loss: 0.0062 | load time: 0.0002 | back time: 0.7691 | lr: 0.00008298 | best AP50 acc: 0.8313 | best AP70 acc: 0.7183 | best mAP acc: 0.6790 | best mAR acc: 0.7342 | best Score: 0.6790 | best Score epoch: 11 
epoch 19, iter  751: loss: 0.0058 | load time: 0.0002 | back time: 0.7724 | lr: 0.00008288 | best AP50 acc: 0.8313 | best AP70 acc: 0.7183 | best mAP acc: 0.6790 | best mAR acc: 0.7342 | best Score: 0.6790 | best Score epoch: 11 
epoch 19, iter  801: loss: 0.0059 | load time: 0.0002 | back time: 0.7686 | lr: 0.00008278 | best AP50 acc: 0.8313 | best AP70 acc: 0.7183 | best mAP acc: 0.6790 | best mAR acc: 0.7342 | best Score: 0.6790 | best Score epoch: 11 
epoch 19, iter  851: loss: 0.0058 | load time: 0.0002 | back time: 0.7680 | lr: 0.00008267 | best AP50 acc: 0.8313 | best AP70 acc: 0.7183 | best mAP acc: 0.6790 | best mAR acc: 0.7342 | best Score: 0.6790 | best Score epoch: 11 
epoch 19, iter  901: loss: 0.0058 | load time: 0.0002 | back time: 0.7688 | lr: 0.00008257 | best AP50 acc: 0.8313 | best AP70 acc: 0.7183 | best mAP acc: 0.6790 | best mAR acc: 0.7342 | best Score: 0.6790 | best Score epoch: 11 
epoch 19, iter  951: loss: 0.0059 | load time: 0.0002 | back time: 0.7689 | lr: 0.00008247 | best AP50 acc: 0.8313 | best AP70 acc: 0.7183 | best mAP acc: 0.6790 | best mAR acc: 0.7342 | best Score: 0.6790 | best Score epoch: 11 
epoch 19, iter 1001: loss: 0.0063 | load time: 0.0002 | back time: 0.7713 | lr: 0.00008237 | best AP50 acc: 0.8313 | best AP70 acc: 0.7183 | best mAP acc: 0.6790 | best mAR acc: 0.7342 | best Score: 0.6790 | best Score epoch: 11 
epoch 19, iter 1051: loss: 0.0060 | load time: 0.0002 | back time: 0.7711 | lr: 0.00008226 | best AP50 acc: 0.8313 | best AP70 acc: 0.7183 | best mAP acc: 0.6790 | best mAR acc: 0.7342 | best Score: 0.6790 | best Score epoch: 11 
epoch 19, iter 1101: loss: 0.0057 | load time: 0.0002 | back time: 0.7687 | lr: 0.00008216 | best AP50 acc: 0.8313 | best AP70 acc: 0.7183 | best mAP acc: 0.6790 | best mAR acc: 0.7342 | best Score: 0.6790 | best Score epoch: 11 
epoch 19, iter 1151: loss: 0.0060 | load time: 0.0001 | back time: 0.7708 | lr: 0.00008205 | best AP50 acc: 0.8313 | best AP70 acc: 0.7183 | best mAP acc: 0.6790 | best mAR acc: 0.7342 | best Score: 0.6790 | best Score epoch: 11 
UAV_SEQS_2 | mAP50:90: 31.4073 | AP50: 56.6388 | AP70: 31.6316 
UAV_SEQS_37 | mAP50:90: 86.8454 | AP50: 100.0000 | AP70: 95.1338 
UAV_SEQS_45 | mAP50:90: 94.8098 | AP50: 100.0000 | AP70: 97.7256 
UAV_SEQS_47 | mAP50:90: 96.5987 | AP50: 100.0000 | AP70: 100.0000 
UAV_SEQS_55 | mAP50:90: 45.4045 | AP50: 65.3406 | AP70: 45.1957 
UAV_SEQS_59 | mAP50:90: 66.6476 | AP50: 97.3283 | AP70: 75.3353 
UAV_SEQS_6 | mAP50:90: 37.1828 | AP50: 47.4977 | AP70: 37.6947 
UAV_SEQS_63 | mAP50:90: 17.6854 | AP50: 56.8389 | AP70: 5.1840 
UAV_SEQS_65 | mAP50:90: 76.0007 | AP50: 94.4913 | AP70: 85.9233 
UAV_SEQS_7 | mAP50:90: 90.9671 | AP50: 98.0198 | AP70: 94.8530 
UAV_SEQS_71 | mAP50:90: 82.5002 | AP50: 98.9601 | AP70: 92.5086 
UAV_SEQS_73 | mAP50:90: 66.6100 | AP50: 83.4132 | AP70: 74.7391 
UAV_SEQS_74 | mAP50:90: 98.9816 | AP50: 100.0000 | AP70: 100.0000 
UAV_SEQS_77 | mAP50:90: 37.5585 | AP50: 49.5082 | AP70: 41.2592 
UAV_SEQS_8 | mAP50:90: 83.2274 | AP50: 100.0000 | AP70: 96.9653 
Overall            | mAP50:95: 68.4007 | AP50: 85.0811 | AP70: 72.7086 
epoch 20, iter    1: loss: 0.0060 | load time: 0.0003 | back time: 0.3326 | lr: 0.00008205 | best AP50 acc: 0.8508 | best AP70 acc: 0.7271 | best mAP acc: 0.6840 | best mAR acc: 0.7427 | best Score: 0.6840 | best Score epoch: 19 
epoch 20, iter   51: loss: 0.0059 | load time: 0.0003 | back time: 0.7656 | lr: 0.00008195 | best AP50 acc: 0.8508 | best AP70 acc: 0.7271 | best mAP acc: 0.6840 | best mAR acc: 0.7427 | best Score: 0.6840 | best Score epoch: 19 
epoch 20, iter  101: loss: 0.0058 | load time: 0.0002 | back time: 0.7749 | lr: 0.00008184 | best AP50 acc: 0.8508 | best AP70 acc: 0.7271 | best mAP acc: 0.6840 | best mAR acc: 0.7427 | best Score: 0.6840 | best Score epoch: 19 
epoch 20, iter  151: loss: 0.0058 | load time: 0.0002 | back time: 0.7778 | lr: 0.00008174 | best AP50 acc: 0.8508 | best AP70 acc: 0.7271 | best mAP acc: 0.6840 | best mAR acc: 0.7427 | best Score: 0.6840 | best Score epoch: 19 
epoch 20, iter  201: loss: 0.0058 | load time: 0.0002 | back time: 0.7811 | lr: 0.00008163 | best AP50 acc: 0.8508 | best AP70 acc: 0.7271 | best mAP acc: 0.6840 | best mAR acc: 0.7427 | best Score: 0.6840 | best Score epoch: 19 
epoch 20, iter  251: loss: 0.0056 | load time: 0.0001 | back time: 0.7738 | lr: 0.00008153 | best AP50 acc: 0.8508 | best AP70 acc: 0.7271 | best mAP acc: 0.6840 | best mAR acc: 0.7427 | best Score: 0.6840 | best Score epoch: 19 
epoch 20, iter  301: loss: 0.0061 | load time: 0.0002 | back time: 0.7730 | lr: 0.00008142 | best AP50 acc: 0.8508 | best AP70 acc: 0.7271 | best mAP acc: 0.6840 | best mAR acc: 0.7427 | best Score: 0.6840 | best Score epoch: 19 
epoch 20, iter  351: loss: 0.0058 | load time: 0.0003 | back time: 0.7728 | lr: 0.00008132 | best AP50 acc: 0.8508 | best AP70 acc: 0.7271 | best mAP acc: 0.6840 | best mAR acc: 0.7427 | best Score: 0.6840 | best Score epoch: 19 
epoch 20, iter  401: loss: 0.0057 | load time: 0.0002 | back time: 0.7764 | lr: 0.00008121 | best AP50 acc: 0.8508 | best AP70 acc: 0.7271 | best mAP acc: 0.6840 | best mAR acc: 0.7427 | best Score: 0.6840 | best Score epoch: 19 
epoch 20, iter  451: loss: 0.0058 | load time: 0.0001 | back time: 0.7711 | lr: 0.00008110 | best AP50 acc: 0.8508 | best AP70 acc: 0.7271 | best mAP acc: 0.6840 | best mAR acc: 0.7427 | best Score: 0.6840 | best Score epoch: 19 
epoch 20, iter  501: loss: 0.0058 | load time: 0.0001 | back time: 0.7706 | lr: 0.00008100 | best AP50 acc: 0.8508 | best AP70 acc: 0.7271 | best mAP acc: 0.6840 | best mAR acc: 0.7427 | best Score: 0.6840 | best Score epoch: 19 
epoch 20, iter  551: loss: 0.0060 | load time: 0.0001 | back time: 0.7719 | lr: 0.00008089 | best AP50 acc: 0.8508 | best AP70 acc: 0.7271 | best mAP acc: 0.6840 | best mAR acc: 0.7427 | best Score: 0.6840 | best Score epoch: 19 
epoch 20, iter  601: loss: 0.0061 | load time: 0.0002 | back time: 0.7832 | lr: 0.00008079 | best AP50 acc: 0.8508 | best AP70 acc: 0.7271 | best mAP acc: 0.6840 | best mAR acc: 0.7427 | best Score: 0.6840 | best Score epoch: 19 
epoch 20, iter  651: loss: 0.0058 | load time: 0.0002 | back time: 0.7731 | lr: 0.00008068 | best AP50 acc: 0.8508 | best AP70 acc: 0.7271 | best mAP acc: 0.6840 | best mAR acc: 0.7427 | best Score: 0.6840 | best Score epoch: 19 
epoch 20, iter  701: loss: 0.0058 | load time: 0.0002 | back time: 0.7728 | lr: 0.00008057 | best AP50 acc: 0.8508 | best AP70 acc: 0.7271 | best mAP acc: 0.6840 | best mAR acc: 0.7427 | best Score: 0.6840 | best Score epoch: 19 
epoch 20, iter  751: loss: 0.0058 | load time: 0.0002 | back time: 0.7722 | lr: 0.00008046 | best AP50 acc: 0.8508 | best AP70 acc: 0.7271 | best mAP acc: 0.6840 | best mAR acc: 0.7427 | best Score: 0.6840 | best Score epoch: 19 
epoch 20, iter  801: loss: 0.0057 | load time: 0.0003 | back time: 0.7730 | lr: 0.00008036 | best AP50 acc: 0.8508 | best AP70 acc: 0.7271 | best mAP acc: 0.6840 | best mAR acc: 0.7427 | best Score: 0.6840 | best Score epoch: 19 
epoch 20, iter  851: loss: 0.0056 | load time: 0.0002 | back time: 0.7808 | lr: 0.00008025 | best AP50 acc: 0.8508 | best AP70 acc: 0.7271 | best mAP acc: 0.6840 | best mAR acc: 0.7427 | best Score: 0.6840 | best Score epoch: 19 
epoch 20, iter  901: loss: 0.0059 | load time: 0.0002 | back time: 0.7718 | lr: 0.00008014 | best AP50 acc: 0.8508 | best AP70 acc: 0.7271 | best mAP acc: 0.6840 | best mAR acc: 0.7427 | best Score: 0.6840 | best Score epoch: 19 
epoch 20, iter  951: loss: 0.0058 | load time: 0.0001 | back time: 0.7718 | lr: 0.00008003 | best AP50 acc: 0.8508 | best AP70 acc: 0.7271 | best mAP acc: 0.6840 | best mAR acc: 0.7427 | best Score: 0.6840 | best Score epoch: 19 
epoch 20, iter 1001: loss: 0.0058 | load time: 0.0002 | back time: 0.7710 | lr: 0.00007992 | best AP50 acc: 0.8508 | best AP70 acc: 0.7271 | best mAP acc: 0.6840 | best mAR acc: 0.7427 | best Score: 0.6840 | best Score epoch: 19 
epoch 20, iter 1051: loss: 0.0054 | load time: 0.0002 | back time: 0.7734 | lr: 0.00007982 | best AP50 acc: 0.8508 | best AP70 acc: 0.7271 | best mAP acc: 0.6840 | best mAR acc: 0.7427 | best Score: 0.6840 | best Score epoch: 19 
epoch 20, iter 1101: loss: 0.0057 | load time: 0.0002 | back time: 0.7730 | lr: 0.00007971 | best AP50 acc: 0.8508 | best AP70 acc: 0.7271 | best mAP acc: 0.6840 | best mAR acc: 0.7427 | best Score: 0.6840 | best Score epoch: 19 
epoch 20, iter 1151: loss: 0.0059 | load time: 0.0001 | back time: 0.7750 | lr: 0.00007960 | best AP50 acc: 0.8508 | best AP70 acc: 0.7271 | best mAP acc: 0.6840 | best mAR acc: 0.7427 | best Score: 0.6840 | best Score epoch: 19 
UAV_SEQS_2 | mAP50:90: 33.9882 | AP50: 58.8180 | AP70: 33.7596 
UAV_SEQS_37 | mAP50:90: 91.5394 | AP50: 100.0000 | AP70: 96.4990 
UAV_SEQS_45 | mAP50:90: 95.3084 | AP50: 100.0000 | AP70: 98.9505 
UAV_SEQS_47 | mAP50:90: 91.1999 | AP50: 100.0000 | AP70: 98.9736 
UAV_SEQS_55 | mAP50:90: 38.6795 | AP50: 59.1537 | AP70: 42.0531 
UAV_SEQS_59 | mAP50:90: 80.8673 | AP50: 98.9597 | AP70: 89.7001 
UAV_SEQS_6 | mAP50:90: 33.3756 | AP50: 43.8969 | AP70: 36.4223 
UAV_SEQS_63 | mAP50:90: 10.2570 | AP50: 38.7761 | AP70: 0.4588 
UAV_SEQS_65 | mAP50:90: 79.9076 | AP50: 97.6856 | AP70: 89.8139 
UAV_SEQS_7 | mAP50:90: 94.5736 | AP50: 100.0000 | AP70: 100.0000 
UAV_SEQS_71 | mAP50:90: 77.1698 | AP50: 97.1343 | AP70: 86.7622 
UAV_SEQS_73 | mAP50:90: 71.5948 | AP50: 91.4093 | AP70: 79.6869 
UAV_SEQS_74 | mAP50:90: 99.0108 | AP50: 100.0000 | AP70: 100.0000 
UAV_SEQS_77 | mAP50:90: 42.3455 | AP50: 61.3080 | AP70: 50.2078 
UAV_SEQS_8 | mAP50:90: 83.5608 | AP50: 100.0000 | AP70: 96.1980 
Overall            | mAP50:95: 69.8610 | AP50: 85.4558 | AP70: 74.0152 
epoch 21, iter    1: loss: 0.0056 | load time: 0.0005 | back time: 0.4882 | lr: 0.00007959 | best AP50 acc: 0.8546 | best AP70 acc: 0.7402 | best mAP acc: 0.6986 | best mAR acc: 0.7579 | best Score: 0.6986 | best Score epoch: 20 
epoch 21, iter   51: loss: 0.0057 | load time: 0.0002 | back time: 0.7689 | lr: 0.00007948 | best AP50 acc: 0.8546 | best AP70 acc: 0.7402 | best mAP acc: 0.6986 | best mAR acc: 0.7579 | best Score: 0.6986 | best Score epoch: 20 
epoch 21, iter  101: loss: 0.0058 | load time: 0.0002 | back time: 0.7705 | lr: 0.00007937 | best AP50 acc: 0.8546 | best AP70 acc: 0.7402 | best mAP acc: 0.6986 | best mAR acc: 0.7579 | best Score: 0.6986 | best Score epoch: 20 
epoch 21, iter  151: loss: 0.0057 | load time: 0.0002 | back time: 0.7737 | lr: 0.00007926 | best AP50 acc: 0.8546 | best AP70 acc: 0.7402 | best mAP acc: 0.6986 | best mAR acc: 0.7579 | best Score: 0.6986 | best Score epoch: 20 
epoch 21, iter  201: loss: 0.0054 | load time: 0.0002 | back time: 0.7808 | lr: 0.00007915 | best AP50 acc: 0.8546 | best AP70 acc: 0.7402 | best mAP acc: 0.6986 | best mAR acc: 0.7579 | best Score: 0.6986 | best Score epoch: 20 
epoch 21, iter  251: loss: 0.0057 | load time: 0.0002 | back time: 0.7753 | lr: 0.00007904 | best AP50 acc: 0.8546 | best AP70 acc: 0.7402 | best mAP acc: 0.6986 | best mAR acc: 0.7579 | best Score: 0.6986 | best Score epoch: 20 
epoch 21, iter  301: loss: 0.0057 | load time: 0.0003 | back time: 0.7765 | lr: 0.00007893 | best AP50 acc: 0.8546 | best AP70 acc: 0.7402 | best mAP acc: 0.6986 | best mAR acc: 0.7579 | best Score: 0.6986 | best Score epoch: 20 
epoch 21, iter  351: loss: 0.0060 | load time: 0.0003 | back time: 0.7736 | lr: 0.00007882 | best AP50 acc: 0.8546 | best AP70 acc: 0.7402 | best mAP acc: 0.6986 | best mAR acc: 0.7579 | best Score: 0.6986 | best Score epoch: 20 
epoch 21, iter  401: loss: 0.0058 | load time: 0.0002 | back time: 0.7726 | lr: 0.00007871 | best AP50 acc: 0.8546 | best AP70 acc: 0.7402 | best mAP acc: 0.6986 | best mAR acc: 0.7579 | best Score: 0.6986 | best Score epoch: 20 
epoch 21, iter  451: loss: 0.0059 | load time: 0.0002 | back time: 0.7737 | lr: 0.00007860 | best AP50 acc: 0.8546 | best AP70 acc: 0.7402 | best mAP acc: 0.6986 | best mAR acc: 0.7579 | best Score: 0.6986 | best Score epoch: 20 
epoch 21, iter  501: loss: 0.0053 | load time: 0.0001 | back time: 0.7733 | lr: 0.00007849 | best AP50 acc: 0.8546 | best AP70 acc: 0.7402 | best mAP acc: 0.6986 | best mAR acc: 0.7579 | best Score: 0.6986 | best Score epoch: 20 
epoch 21, iter  551: loss: 0.0059 | load time: 0.0002 | back time: 0.7780 | lr: 0.00007838 | best AP50 acc: 0.8546 | best AP70 acc: 0.7402 | best mAP acc: 0.6986 | best mAR acc: 0.7579 | best Score: 0.6986 | best Score epoch: 20 
epoch 21, iter  601: loss: 0.0057 | load time: 0.0002 | back time: 0.7734 | lr: 0.00007827 | best AP50 acc: 0.8546 | best AP70 acc: 0.7402 | best mAP acc: 0.6986 | best mAR acc: 0.7579 | best Score: 0.6986 | best Score epoch: 20 
epoch 21, iter  651: loss: 0.0056 | load time: 0.0002 | back time: 0.7752 | lr: 0.00007816 | best AP50 acc: 0.8546 | best AP70 acc: 0.7402 | best mAP acc: 0.6986 | best mAR acc: 0.7579 | best Score: 0.6986 | best Score epoch: 20 
epoch 21, iter  701: loss: 0.0056 | load time: 0.0002 | back time: 0.7734 | lr: 0.00007804 | best AP50 acc: 0.8546 | best AP70 acc: 0.7402 | best mAP acc: 0.6986 | best mAR acc: 0.7579 | best Score: 0.6986 | best Score epoch: 20 
epoch 21, iter  751: loss: 0.0060 | load time: 0.0001 | back time: 0.7787 | lr: 0.00007793 | best AP50 acc: 0.8546 | best AP70 acc: 0.7402 | best mAP acc: 0.6986 | best mAR acc: 0.7579 | best Score: 0.6986 | best Score epoch: 20 
epoch 21, iter  801: loss: 0.0057 | load time: 0.0003 | back time: 0.7736 | lr: 0.00007782 | best AP50 acc: 0.8546 | best AP70 acc: 0.7402 | best mAP acc: 0.6986 | best mAR acc: 0.7579 | best Score: 0.6986 | best Score epoch: 20 
epoch 21, iter  851: loss: 0.0058 | load time: 0.0002 | back time: 0.7743 | lr: 0.00007771 | best AP50 acc: 0.8546 | best AP70 acc: 0.7402 | best mAP acc: 0.6986 | best mAR acc: 0.7579 | best Score: 0.6986 | best Score epoch: 20 
epoch 21, iter  901: loss: 0.0057 | load time: 0.0002 | back time: 0.7813 | lr: 0.00007759 | best AP50 acc: 0.8546 | best AP70 acc: 0.7402 | best mAP acc: 0.6986 | best mAR acc: 0.7579 | best Score: 0.6986 | best Score epoch: 20 
epoch 21, iter  951: loss: 0.0058 | load time: 0.0001 | back time: 0.8138 | lr: 0.00007748 | best AP50 acc: 0.8546 | best AP70 acc: 0.7402 | best mAP acc: 0.6986 | best mAR acc: 0.7579 | best Score: 0.6986 | best Score epoch: 20 
epoch 21, iter 1001: loss: 0.0055 | load time: 0.0002 | back time: 0.7733 | lr: 0.00007737 | best AP50 acc: 0.8546 | best AP70 acc: 0.7402 | best mAP acc: 0.6986 | best mAR acc: 0.7579 | best Score: 0.6986 | best Score epoch: 20 
epoch 21, iter 1051: loss: 0.0058 | load time: 0.0003 | back time: 0.7741 | lr: 0.00007725 | best AP50 acc: 0.8546 | best AP70 acc: 0.7402 | best mAP acc: 0.6986 | best mAR acc: 0.7579 | best Score: 0.6986 | best Score epoch: 20 
epoch 21, iter 1101: loss: 0.0058 | load time: 0.0002 | back time: 0.7720 | lr: 0.00007714 | best AP50 acc: 0.8546 | best AP70 acc: 0.7402 | best mAP acc: 0.6986 | best mAR acc: 0.7579 | best Score: 0.6986 | best Score epoch: 20 
epoch 21, iter 1151: loss: 0.0058 | load time: 0.0001 | back time: 0.7732 | lr: 0.00007703 | best AP50 acc: 0.8546 | best AP70 acc: 0.7402 | best mAP acc: 0.6986 | best mAR acc: 0.7579 | best Score: 0.6986 | best Score epoch: 20 
UAV_SEQS_2 | mAP50:90: 42.4818 | AP50: 75.9986 | AP70: 39.6161 
UAV_SEQS_37 | mAP50:90: 81.7006 | AP50: 98.9307 | AP70: 83.3580 
UAV_SEQS_45 | mAP50:90: 94.1206 | AP50: 100.0000 | AP70: 98.8889 
UAV_SEQS_47 | mAP50:90: 95.1539 | AP50: 100.0000 | AP70: 98.5637 
UAV_SEQS_55 | mAP50:90: 42.5784 | AP50: 66.9683 | AP70: 48.5691 
UAV_SEQS_59 | mAP50:90: 61.9912 | AP50: 93.9661 | AP70: 72.3755 
UAV_SEQS_6 | mAP50:90: 41.5951 | AP50: 55.8757 | AP70: 41.2979 
UAV_SEQS_63 | mAP50:90: 0.6672 | AP50: 3.0297 | AP70: 0.0528 
UAV_SEQS_65 | mAP50:90: 77.2136 | AP50: 96.2106 | AP70: 86.5184 
UAV_SEQS_7 | mAP50:90: 89.0117 | AP50: 99.0099 | AP70: 97.9862 
UAV_SEQS_71 | mAP50:90: 73.1863 | AP50: 92.3316 | AP70: 78.4081 
UAV_SEQS_73 | mAP50:90: 63.1263 | AP50: 90.0181 | AP70: 71.7382 
UAV_SEQS_74 | mAP50:90: 99.8845 | AP50: 100.0000 | AP70: 100.0000 
UAV_SEQS_77 | mAP50:90: 16.2329 | AP50: 26.1508 | AP70: 15.9811 
UAV_SEQS_8 | mAP50:90: 78.7289 | AP50: 100.0000 | AP70: 93.0522 
Overall            | mAP50:95: 64.0937 | AP50: 80.5840 | AP70: 68.7911 
epoch 22, iter    1: loss: 0.0057 | load time: 0.0044 | back time: 0.4332 | lr: 0.00007702 | best AP50 acc: 0.8546 | best AP70 acc: 0.7402 | best mAP acc: 0.6986 | best mAR acc: 0.7579 | best Score: 0.6986 | best Score epoch: 20 
epoch 22, iter   51: loss: 0.0059 | load time: 0.0002 | back time: 0.7693 | lr: 0.00007691 | best AP50 acc: 0.8546 | best AP70 acc: 0.7402 | best mAP acc: 0.6986 | best mAR acc: 0.7579 | best Score: 0.6986 | best Score epoch: 20 
epoch 22, iter  101: loss: 0.0057 | load time: 0.0002 | back time: 0.7750 | lr: 0.00007679 | best AP50 acc: 0.8546 | best AP70 acc: 0.7402 | best mAP acc: 0.6986 | best mAR acc: 0.7579 | best Score: 0.6986 | best Score epoch: 20 
epoch 22, iter  151: loss: 0.0055 | load time: 0.0002 | back time: 0.7766 | lr: 0.00007668 | best AP50 acc: 0.8546 | best AP70 acc: 0.7402 | best mAP acc: 0.6986 | best mAR acc: 0.7579 | best Score: 0.6986 | best Score epoch: 20 
epoch 22, iter  201: loss: 0.0058 | load time: 0.0003 | back time: 0.7747 | lr: 0.00007656 | best AP50 acc: 0.8546 | best AP70 acc: 0.7402 | best mAP acc: 0.6986 | best mAR acc: 0.7579 | best Score: 0.6986 | best Score epoch: 20 
epoch 22, iter  251: loss: 0.0057 | load time: 0.0002 | back time: 0.7743 | lr: 0.00007645 | best AP50 acc: 0.8546 | best AP70 acc: 0.7402 | best mAP acc: 0.6986 | best mAR acc: 0.7579 | best Score: 0.6986 | best Score epoch: 20 
epoch 22, iter  301: loss: 0.0057 | load time: 0.0004 | back time: 0.7731 | lr: 0.00007633 | best AP50 acc: 0.8546 | best AP70 acc: 0.7402 | best mAP acc: 0.6986 | best mAR acc: 0.7579 | best Score: 0.6986 | best Score epoch: 20 
epoch 22, iter  351: loss: 0.0057 | load time: 0.0002 | back time: 0.7744 | lr: 0.00007622 | best AP50 acc: 0.8546 | best AP70 acc: 0.7402 | best mAP acc: 0.6986 | best mAR acc: 0.7579 | best Score: 0.6986 | best Score epoch: 20 
epoch 22, iter  401: loss: 0.0058 | load time: 0.0002 | back time: 0.7772 | lr: 0.00007610 | best AP50 acc: 0.8546 | best AP70 acc: 0.7402 | best mAP acc: 0.6986 | best mAR acc: 0.7579 | best Score: 0.6986 | best Score epoch: 20 
epoch 22, iter  451: loss: 0.0056 | load time: 0.0001 | back time: 0.7719 | lr: 0.00007599 | best AP50 acc: 0.8546 | best AP70 acc: 0.7402 | best mAP acc: 0.6986 | best mAR acc: 0.7579 | best Score: 0.6986 | best Score epoch: 20 
epoch 22, iter  501: loss: 0.0060 | load time: 0.0002 | back time: 0.7754 | lr: 0.00007587 | best AP50 acc: 0.8546 | best AP70 acc: 0.7402 | best mAP acc: 0.6986 | best mAR acc: 0.7579 | best Score: 0.6986 | best Score epoch: 20 
epoch 22, iter  551: loss: 0.0058 | load time: 0.0002 | back time: 0.7748 | lr: 0.00007576 | best AP50 acc: 0.8546 | best AP70 acc: 0.7402 | best mAP acc: 0.6986 | best mAR acc: 0.7579 | best Score: 0.6986 | best Score epoch: 20 
epoch 22, iter  601: loss: 0.0056 | load time: 0.0002 | back time: 0.7743 | lr: 0.00007564 | best AP50 acc: 0.8546 | best AP70 acc: 0.7402 | best mAP acc: 0.6986 | best mAR acc: 0.7579 | best Score: 0.6986 | best Score epoch: 20 
epoch 22, iter  651: loss: 0.0059 | load time: 0.0002 | back time: 0.7751 | lr: 0.00007552 | best AP50 acc: 0.8546 | best AP70 acc: 0.7402 | best mAP acc: 0.6986 | best mAR acc: 0.7579 | best Score: 0.6986 | best Score epoch: 20 
epoch 22, iter  701: loss: 0.0056 | load time: 0.0002 | back time: 0.7763 | lr: 0.00007541 | best AP50 acc: 0.8546 | best AP70 acc: 0.7402 | best mAP acc: 0.6986 | best mAR acc: 0.7579 | best Score: 0.6986 | best Score epoch: 20 
epoch 22, iter  751: loss: 0.0061 | load time: 0.0002 | back time: 0.7762 | lr: 0.00007529 | best AP50 acc: 0.8546 | best AP70 acc: 0.7402 | best mAP acc: 0.6986 | best mAR acc: 0.7579 | best Score: 0.6986 | best Score epoch: 20 
epoch 22, iter  801: loss: 0.0057 | load time: 0.0002 | back time: 0.7774 | lr: 0.00007517 | best AP50 acc: 0.8546 | best AP70 acc: 0.7402 | best mAP acc: 0.6986 | best mAR acc: 0.7579 | best Score: 0.6986 | best Score epoch: 20 
epoch 22, iter  851: loss: 0.0057 | load time: 0.0002 | back time: 0.7767 | lr: 0.00007506 | best AP50 acc: 0.8546 | best AP70 acc: 0.7402 | best mAP acc: 0.6986 | best mAR acc: 0.7579 | best Score: 0.6986 | best Score epoch: 20 
epoch 22, iter  901: loss: 0.0054 | load time: 0.0002 | back time: 0.7753 | lr: 0.00007494 | best AP50 acc: 0.8546 | best AP70 acc: 0.7402 | best mAP acc: 0.6986 | best mAR acc: 0.7579 | best Score: 0.6986 | best Score epoch: 20 
epoch 22, iter  951: loss: 0.0058 | load time: 0.0002 | back time: 0.7752 | lr: 0.00007482 | best AP50 acc: 0.8546 | best AP70 acc: 0.7402 | best mAP acc: 0.6986 | best mAR acc: 0.7579 | best Score: 0.6986 | best Score epoch: 20 
epoch 22, iter 1001: loss: 0.0058 | load time: 0.0001 | back time: 0.7751 | lr: 0.00007470 | best AP50 acc: 0.8546 | best AP70 acc: 0.7402 | best mAP acc: 0.6986 | best mAR acc: 0.7579 | best Score: 0.6986 | best Score epoch: 20 
epoch 22, iter 1051: loss: 0.0055 | load time: 0.0002 | back time: 0.7764 | lr: 0.00007459 | best AP50 acc: 0.8546 | best AP70 acc: 0.7402 | best mAP acc: 0.6986 | best mAR acc: 0.7579 | best Score: 0.6986 | best Score epoch: 20 
epoch 22, iter 1101: loss: 0.0056 | load time: 0.0002 | back time: 0.7750 | lr: 0.00007447 | best AP50 acc: 0.8546 | best AP70 acc: 0.7402 | best mAP acc: 0.6986 | best mAR acc: 0.7579 | best Score: 0.6986 | best Score epoch: 20 
epoch 22, iter 1151: loss: 0.0059 | load time: 0.0001 | back time: 0.7751 | lr: 0.00007435 | best AP50 acc: 0.8546 | best AP70 acc: 0.7402 | best mAP acc: 0.6986 | best mAR acc: 0.7579 | best Score: 0.6986 | best Score epoch: 20 
UAV_SEQS_2 | mAP50:90: 35.0888 | AP50: 57.7575 | AP70: 35.0871 
UAV_SEQS_37 | mAP50:90: 85.0663 | AP50: 100.0000 | AP70: 91.9090 
UAV_SEQS_45 | mAP50:90: 96.0600 | AP50: 100.0000 | AP70: 97.8152 
UAV_SEQS_47 | mAP50:90: 95.9623 | AP50: 100.0000 | AP70: 100.0000 
UAV_SEQS_55 | mAP50:90: 42.6224 | AP50: 64.8461 | AP70: 47.8919 
UAV_SEQS_59 | mAP50:90: 72.6394 | AP50: 97.9494 | AP70: 84.0334 
UAV_SEQS_6 | mAP50:90: 40.4418 | AP50: 51.6424 | AP70: 40.8612 
UAV_SEQS_63 | mAP50:90: 4.4766 | AP50: 18.7324 | AP70: 0.0545 
UAV_SEQS_65 | mAP50:90: 75.9109 | AP50: 96.5031 | AP70: 84.8339 
UAV_SEQS_7 | mAP50:90: 89.9858 | AP50: 100.0000 | AP70: 100.0000 
UAV_SEQS_71 | mAP50:90: 72.9303 | AP50: 93.8056 | AP70: 75.9675 
UAV_SEQS_73 | mAP50:90: 60.6344 | AP50: 86.2339 | AP70: 68.1063 
UAV_SEQS_74 | mAP50:90: 99.7708 | AP50: 100.0000 | AP70: 100.0000 
UAV_SEQS_77 | mAP50:90: 26.7487 | AP50: 35.1809 | AP70: 31.1502 
UAV_SEQS_8 | mAP50:90: 80.5651 | AP50: 100.0000 | AP70: 89.6879 
Overall            | mAP50:95: 66.5623 | AP50: 82.2030 | AP70: 70.8464 
epoch 23, iter    1: loss: 0.0056 | load time: 0.0004 | back time: 0.3763 | lr: 0.00007434 | best AP50 acc: 0.8546 | best AP70 acc: 0.7402 | best mAP acc: 0.6986 | best mAR acc: 0.7579 | best Score: 0.6986 | best Score epoch: 20 
epoch 23, iter   51: loss: 0.0058 | load time: 0.0003 | back time: 0.7685 | lr: 0.00007423 | best AP50 acc: 0.8546 | best AP70 acc: 0.7402 | best mAP acc: 0.6986 | best mAR acc: 0.7579 | best Score: 0.6986 | best Score epoch: 20 
epoch 23, iter  101: loss: 0.0056 | load time: 0.0003 | back time: 0.7730 | lr: 0.00007411 | best AP50 acc: 0.8546 | best AP70 acc: 0.7402 | best mAP acc: 0.6986 | best mAR acc: 0.7579 | best Score: 0.6986 | best Score epoch: 20 
epoch 23, iter  151: loss: 0.0056 | load time: 0.0003 | back time: 0.7749 | lr: 0.00007399 | best AP50 acc: 0.8546 | best AP70 acc: 0.7402 | best mAP acc: 0.6986 | best mAR acc: 0.7579 | best Score: 0.6986 | best Score epoch: 20 
epoch 23, iter  201: loss: 0.0058 | load time: 0.0003 | back time: 0.7761 | lr: 0.00007387 | best AP50 acc: 0.8546 | best AP70 acc: 0.7402 | best mAP acc: 0.6986 | best mAR acc: 0.7579 | best Score: 0.6986 | best Score epoch: 20 
epoch 23, iter  251: loss: 0.0056 | load time: 0.0002 | back time: 0.7750 | lr: 0.00007375 | best AP50 acc: 0.8546 | best AP70 acc: 0.7402 | best mAP acc: 0.6986 | best mAR acc: 0.7579 | best Score: 0.6986 | best Score epoch: 20 
epoch 23, iter  301: loss: 0.0058 | load time: 0.0001 | back time: 0.7750 | lr: 0.00007363 | best AP50 acc: 0.8546 | best AP70 acc: 0.7402 | best mAP acc: 0.6986 | best mAR acc: 0.7579 | best Score: 0.6986 | best Score epoch: 20 
epoch 23, iter  351: loss: 0.0058 | load time: 0.0002 | back time: 0.7774 | lr: 0.00007351 | best AP50 acc: 0.8546 | best AP70 acc: 0.7402 | best mAP acc: 0.6986 | best mAR acc: 0.7579 | best Score: 0.6986 | best Score epoch: 20 
epoch 23, iter  401: loss: 0.0058 | load time: 0.0002 | back time: 0.7765 | lr: 0.00007339 | best AP50 acc: 0.8546 | best AP70 acc: 0.7402 | best mAP acc: 0.6986 | best mAR acc: 0.7579 | best Score: 0.6986 | best Score epoch: 20 
epoch 23, iter  451: loss: 0.0055 | load time: 0.0003 | back time: 0.7768 | lr: 0.00007327 | best AP50 acc: 0.8546 | best AP70 acc: 0.7402 | best mAP acc: 0.6986 | best mAR acc: 0.7579 | best Score: 0.6986 | best Score epoch: 20 
epoch 23, iter  501: loss: 0.0056 | load time: 0.0003 | back time: 0.7738 | lr: 0.00007315 | best AP50 acc: 0.8546 | best AP70 acc: 0.7402 | best mAP acc: 0.6986 | best mAR acc: 0.7579 | best Score: 0.6986 | best Score epoch: 20 
epoch 23, iter  551: loss: 0.0058 | load time: 0.0001 | back time: 0.7758 | lr: 0.00007303 | best AP50 acc: 0.8546 | best AP70 acc: 0.7402 | best mAP acc: 0.6986 | best mAR acc: 0.7579 | best Score: 0.6986 | best Score epoch: 20 
epoch 23, iter  601: loss: 0.0057 | load time: 0.0002 | back time: 0.7773 | lr: 0.00007291 | best AP50 acc: 0.8546 | best AP70 acc: 0.7402 | best mAP acc: 0.6986 | best mAR acc: 0.7579 | best Score: 0.6986 | best Score epoch: 20 
epoch 23, iter  651: loss: 0.0054 | load time: 0.0002 | back time: 0.7760 | lr: 0.00007279 | best AP50 acc: 0.8546 | best AP70 acc: 0.7402 | best mAP acc: 0.6986 | best mAR acc: 0.7579 | best Score: 0.6986 | best Score epoch: 20 
epoch 23, iter  701: loss: 0.0059 | load time: 0.0002 | back time: 0.7743 | lr: 0.00007267 | best AP50 acc: 0.8546 | best AP70 acc: 0.7402 | best mAP acc: 0.6986 | best mAR acc: 0.7579 | best Score: 0.6986 | best Score epoch: 20 
epoch 23, iter  751: loss: 0.0057 | load time: 0.0003 | back time: 0.7750 | lr: 0.00007255 | best AP50 acc: 0.8546 | best AP70 acc: 0.7402 | best mAP acc: 0.6986 | best mAR acc: 0.7579 | best Score: 0.6986 | best Score epoch: 20 
epoch 23, iter  801: loss: 0.0056 | load time: 0.0002 | back time: 0.7783 | lr: 0.00007243 | best AP50 acc: 0.8546 | best AP70 acc: 0.7402 | best mAP acc: 0.6986 | best mAR acc: 0.7579 | best Score: 0.6986 | best Score epoch: 20 
epoch 23, iter  851: loss: 0.0060 | load time: 0.0003 | back time: 0.7762 | lr: 0.00007231 | best AP50 acc: 0.8546 | best AP70 acc: 0.7402 | best mAP acc: 0.6986 | best mAR acc: 0.7579 | best Score: 0.6986 | best Score epoch: 20 
epoch 23, iter  901: loss: 0.0056 | load time: 0.0002 | back time: 0.7777 | lr: 0.00007219 | best AP50 acc: 0.8546 | best AP70 acc: 0.7402 | best mAP acc: 0.6986 | best mAR acc: 0.7579 | best Score: 0.6986 | best Score epoch: 20 
epoch 23, iter  951: loss: 0.0058 | load time: 0.0002 | back time: 0.7767 | lr: 0.00007207 | best AP50 acc: 0.8546 | best AP70 acc: 0.7402 | best mAP acc: 0.6986 | best mAR acc: 0.7579 | best Score: 0.6986 | best Score epoch: 20 
epoch 23, iter 1001: loss: 0.0057 | load time: 0.0002 | back time: 0.7754 | lr: 0.00007194 | best AP50 acc: 0.8546 | best AP70 acc: 0.7402 | best mAP acc: 0.6986 | best mAR acc: 0.7579 | best Score: 0.6986 | best Score epoch: 20 
epoch 23, iter 1051: loss: 0.0058 | load time: 0.0002 | back time: 0.7836 | lr: 0.00007182 | best AP50 acc: 0.8546 | best AP70 acc: 0.7402 | best mAP acc: 0.6986 | best mAR acc: 0.7579 | best Score: 0.6986 | best Score epoch: 20 
epoch 23, iter 1101: loss: 0.0057 | load time: 0.0002 | back time: 0.7771 | lr: 0.00007170 | best AP50 acc: 0.8546 | best AP70 acc: 0.7402 | best mAP acc: 0.6986 | best mAR acc: 0.7579 | best Score: 0.6986 | best Score epoch: 20 
epoch 23, iter 1151: loss: 0.0056 | load time: 0.0002 | back time: 0.7758 | lr: 0.00007158 | best AP50 acc: 0.8546 | best AP70 acc: 0.7402 | best mAP acc: 0.6986 | best mAR acc: 0.7579 | best Score: 0.6986 | best Score epoch: 20 
UAV_SEQS_2 | mAP50:90: 45.9431 | AP50: 75.6802 | AP70: 47.8380 
UAV_SEQS_37 | mAP50:90: 91.3284 | AP50: 100.0000 | AP70: 97.0516 
UAV_SEQS_45 | mAP50:90: 93.4689 | AP50: 100.0000 | AP70: 98.9835 
UAV_SEQS_47 | mAP50:90: 95.5377 | AP50: 100.0000 | AP70: 100.0000 
UAV_SEQS_55 | mAP50:90: 42.1931 | AP50: 61.3571 | AP70: 45.3596 
UAV_SEQS_59 | mAP50:90: 63.8251 | AP50: 97.2773 | AP70: 71.7824 
UAV_SEQS_6 | mAP50:90: 47.5715 | AP50: 60.8314 | AP70: 47.0514 
UAV_SEQS_63 | mAP50:90: 5.1675 | AP50: 18.5741 | AP70: 1.2534 
UAV_SEQS_65 | mAP50:90: 74.9850 | AP50: 94.5926 | AP70: 87.2358 
UAV_SEQS_7 | mAP50:90: 92.0086 | AP50: 100.0000 | AP70: 100.0000 
UAV_SEQS_71 | mAP50:90: 76.1299 | AP50: 94.3072 | AP70: 80.6961 
UAV_SEQS_73 | mAP50:90: 69.5257 | AP50: 88.6758 | AP70: 78.1791 
UAV_SEQS_74 | mAP50:90: 99.4739 | AP50: 100.0000 | AP70: 100.0000 
UAV_SEQS_77 | mAP50:90: 25.3426 | AP50: 51.1344 | AP70: 22.7182 
UAV_SEQS_8 | mAP50:90: 87.1518 | AP50: 100.0000 | AP70: 96.7393 
Overall            | mAP50:95: 68.9265 | AP50: 84.5482 | AP70: 73.4131 
epoch 24, iter    1: loss: 0.0056 | load time: 0.0005 | back time: 0.5303 | lr: 0.00007157 | best AP50 acc: 0.8546 | best AP70 acc: 0.7402 | best mAP acc: 0.6986 | best mAR acc: 0.7579 | best Score: 0.6986 | best Score epoch: 20 
epoch 24, iter   51: loss: 0.0056 | load time: 0.0003 | back time: 0.7670 | lr: 0.00007145 | best AP50 acc: 0.8546 | best AP70 acc: 0.7402 | best mAP acc: 0.6986 | best mAR acc: 0.7579 | best Score: 0.6986 | best Score epoch: 20 
epoch 24, iter  101: loss: 0.0056 | load time: 0.0002 | back time: 0.7752 | lr: 0.00007133 | best AP50 acc: 0.8546 | best AP70 acc: 0.7402 | best mAP acc: 0.6986 | best mAR acc: 0.7579 | best Score: 0.6986 | best Score epoch: 20 
epoch 24, iter  151: loss: 0.0057 | load time: 0.0001 | back time: 0.7745 | lr: 0.00007121 | best AP50 acc: 0.8546 | best AP70 acc: 0.7402 | best mAP acc: 0.6986 | best mAR acc: 0.7579 | best Score: 0.6986 | best Score epoch: 20 
epoch 24, iter  201: loss: 0.0057 | load time: 0.0003 | back time: 0.7762 | lr: 0.00007108 | best AP50 acc: 0.8546 | best AP70 acc: 0.7402 | best mAP acc: 0.6986 | best mAR acc: 0.7579 | best Score: 0.6986 | best Score epoch: 20 
epoch 24, iter  251: loss: 0.0056 | load time: 0.0002 | back time: 0.7791 | lr: 0.00007096 | best AP50 acc: 0.8546 | best AP70 acc: 0.7402 | best mAP acc: 0.6986 | best mAR acc: 0.7579 | best Score: 0.6986 | best Score epoch: 20 
epoch 24, iter  301: loss: 0.0056 | load time: 0.0002 | back time: 0.7740 | lr: 0.00007084 | best AP50 acc: 0.8546 | best AP70 acc: 0.7402 | best mAP acc: 0.6986 | best mAR acc: 0.7579 | best Score: 0.6986 | best Score epoch: 20 
epoch 24, iter  351: loss: 0.0057 | load time: 0.0002 | back time: 0.7778 | lr: 0.00007071 | best AP50 acc: 0.8546 | best AP70 acc: 0.7402 | best mAP acc: 0.6986 | best mAR acc: 0.7579 | best Score: 0.6986 | best Score epoch: 20 
epoch 24, iter  401: loss: 0.0057 | load time: 0.0002 | back time: 0.7763 | lr: 0.00007059 | best AP50 acc: 0.8546 | best AP70 acc: 0.7402 | best mAP acc: 0.6986 | best mAR acc: 0.7579 | best Score: 0.6986 | best Score epoch: 20 
epoch 24, iter  451: loss: 0.0056 | load time: 0.0001 | back time: 0.7769 | lr: 0.00007047 | best AP50 acc: 0.8546 | best AP70 acc: 0.7402 | best mAP acc: 0.6986 | best mAR acc: 0.7579 | best Score: 0.6986 | best Score epoch: 20 
epoch 24, iter  501: loss: 0.0059 | load time: 0.0002 | back time: 0.7763 | lr: 0.00007034 | best AP50 acc: 0.8546 | best AP70 acc: 0.7402 | best mAP acc: 0.6986 | best mAR acc: 0.7579 | best Score: 0.6986 | best Score epoch: 20 
epoch 24, iter  551: loss: 0.0056 | load time: 0.0002 | back time: 0.7761 | lr: 0.00007022 | best AP50 acc: 0.8546 | best AP70 acc: 0.7402 | best mAP acc: 0.6986 | best mAR acc: 0.7579 | best Score: 0.6986 | best Score epoch: 20 
epoch 24, iter  601: loss: 0.0058 | load time: 0.0003 | back time: 0.7753 | lr: 0.00007010 | best AP50 acc: 0.8546 | best AP70 acc: 0.7402 | best mAP acc: 0.6986 | best mAR acc: 0.7579 | best Score: 0.6986 | best Score epoch: 20 
epoch 24, iter  651: loss: 0.0057 | load time: 0.0002 | back time: 0.7733 | lr: 0.00006997 | best AP50 acc: 0.8546 | best AP70 acc: 0.7402 | best mAP acc: 0.6986 | best mAR acc: 0.7579 | best Score: 0.6986 | best Score epoch: 20 
epoch 24, iter  701: loss: 0.0056 | load time: 0.0002 | back time: 0.7727 | lr: 0.00006985 | best AP50 acc: 0.8546 | best AP70 acc: 0.7402 | best mAP acc: 0.6986 | best mAR acc: 0.7579 | best Score: 0.6986 | best Score epoch: 20 
epoch 24, iter  751: loss: 0.0057 | load time: 0.0003 | back time: 0.7731 | lr: 0.00006972 | best AP50 acc: 0.8546 | best AP70 acc: 0.7402 | best mAP acc: 0.6986 | best mAR acc: 0.7579 | best Score: 0.6986 | best Score epoch: 20 
epoch 24, iter  801: loss: 0.0056 | load time: 0.0002 | back time: 0.7762 | lr: 0.00006960 | best AP50 acc: 0.8546 | best AP70 acc: 0.7402 | best mAP acc: 0.6986 | best mAR acc: 0.7579 | best Score: 0.6986 | best Score epoch: 20 
epoch 24, iter  851: loss: 0.0057 | load time: 0.0002 | back time: 0.7765 | lr: 0.00006948 | best AP50 acc: 0.8546 | best AP70 acc: 0.7402 | best mAP acc: 0.6986 | best mAR acc: 0.7579 | best Score: 0.6986 | best Score epoch: 20 
epoch 24, iter  901: loss: 0.0056 | load time: 0.0002 | back time: 0.7779 | lr: 0.00006935 | best AP50 acc: 0.8546 | best AP70 acc: 0.7402 | best mAP acc: 0.6986 | best mAR acc: 0.7579 | best Score: 0.6986 | best Score epoch: 20 
epoch 24, iter  951: loss: 0.0058 | load time: 0.0002 | back time: 0.7705 | lr: 0.00006923 | best AP50 acc: 0.8546 | best AP70 acc: 0.7402 | best mAP acc: 0.6986 | best mAR acc: 0.7579 | best Score: 0.6986 | best Score epoch: 20 
epoch 24, iter 1001: loss: 0.0056 | load time: 0.0002 | back time: 0.7739 | lr: 0.00006910 | best AP50 acc: 0.8546 | best AP70 acc: 0.7402 | best mAP acc: 0.6986 | best mAR acc: 0.7579 | best Score: 0.6986 | best Score epoch: 20 
epoch 24, iter 1051: loss: 0.0058 | load time: 0.0002 | back time: 0.7763 | lr: 0.00006898 | best AP50 acc: 0.8546 | best AP70 acc: 0.7402 | best mAP acc: 0.6986 | best mAR acc: 0.7579 | best Score: 0.6986 | best Score epoch: 20 
epoch 24, iter 1101: loss: 0.0057 | load time: 0.0002 | back time: 0.7742 | lr: 0.00006885 | best AP50 acc: 0.8546 | best AP70 acc: 0.7402 | best mAP acc: 0.6986 | best mAR acc: 0.7579 | best Score: 0.6986 | best Score epoch: 20 
epoch 24, iter 1151: loss: 0.0056 | load time: 0.0001 | back time: 0.7747 | lr: 0.00006872 | best AP50 acc: 0.8546 | best AP70 acc: 0.7402 | best mAP acc: 0.6986 | best mAR acc: 0.7579 | best Score: 0.6986 | best Score epoch: 20 
UAV_SEQS_2 | mAP50:90: 34.4180 | AP50: 64.1003 | AP70: 27.1971 
UAV_SEQS_37 | mAP50:90: 88.4995 | AP50: 100.0000 | AP70: 95.7938 
UAV_SEQS_45 | mAP50:90: 93.8383 | AP50: 100.0000 | AP70: 97.3626 
UAV_SEQS_47 | mAP50:90: 93.6870 | AP50: 100.0000 | AP70: 98.8482 
UAV_SEQS_55 | mAP50:90: 41.1415 | AP50: 60.5348 | AP70: 47.3313 
UAV_SEQS_59 | mAP50:90: 66.1743 | AP50: 95.8046 | AP70: 77.8118 
UAV_SEQS_6 | mAP50:90: 47.5329 | AP50: 59.0693 | AP70: 48.0662 
UAV_SEQS_63 | mAP50:90: 7.0591 | AP50: 25.0387 | AP70: 0.9001 
UAV_SEQS_65 | mAP50:90: 77.1667 | AP50: 96.0719 | AP70: 90.4425 
UAV_SEQS_7 | mAP50:90: 96.6365 | AP50: 100.0000 | AP70: 98.9126 
UAV_SEQS_71 | mAP50:90: 77.3918 | AP50: 95.0976 | AP70: 85.5299 
UAV_SEQS_73 | mAP50:90: 64.6582 | AP50: 86.0189 | AP70: 69.8753 
UAV_SEQS_74 | mAP50:90: 99.2787 | AP50: 100.0000 | AP70: 100.0000 
UAV_SEQS_77 | mAP50:90: 28.0090 | AP50: 40.2073 | AP70: 30.3726 
UAV_SEQS_8 | mAP50:90: 81.5459 | AP50: 100.0000 | AP70: 94.6332 
Overall            | mAP50:95: 67.9861 | AP50: 83.3215 | AP70: 72.2071 
epoch 25, iter    1: loss: 0.0057 | load time: 0.0005 | back time: 0.4701 | lr: 0.00006872 | best AP50 acc: 0.8546 | best AP70 acc: 0.7402 | best mAP acc: 0.6986 | best mAR acc: 0.7579 | best Score: 0.6986 | best Score epoch: 20 
epoch 25, iter   51: loss: 0.0058 | load time: 0.0002 | back time: 0.7719 | lr: 0.00006859 | best AP50 acc: 0.8546 | best AP70 acc: 0.7402 | best mAP acc: 0.6986 | best mAR acc: 0.7579 | best Score: 0.6986 | best Score epoch: 20 
epoch 25, iter  101: loss: 0.0057 | load time: 0.0002 | back time: 0.7755 | lr: 0.00006847 | best AP50 acc: 0.8546 | best AP70 acc: 0.7402 | best mAP acc: 0.6986 | best mAR acc: 0.7579 | best Score: 0.6986 | best Score epoch: 20 
epoch 25, iter  151: loss: 0.0060 | load time: 0.0002 | back time: 0.7775 | lr: 0.00006834 | best AP50 acc: 0.8546 | best AP70 acc: 0.7402 | best mAP acc: 0.6986 | best mAR acc: 0.7579 | best Score: 0.6986 | best Score epoch: 20 
epoch 25, iter  201: loss: 0.0056 | load time: 0.0002 | back time: 0.7756 | lr: 0.00006822 | best AP50 acc: 0.8546 | best AP70 acc: 0.7402 | best mAP acc: 0.6986 | best mAR acc: 0.7579 | best Score: 0.6986 | best Score epoch: 20 
epoch 25, iter  251: loss: 0.0057 | load time: 0.0002 | back time: 0.7755 | lr: 0.00006809 | best AP50 acc: 0.8546 | best AP70 acc: 0.7402 | best mAP acc: 0.6986 | best mAR acc: 0.7579 | best Score: 0.6986 | best Score epoch: 20 
epoch 25, iter  301: loss: 0.0057 | load time: 0.0002 | back time: 0.7759 | lr: 0.00006796 | best AP50 acc: 0.8546 | best AP70 acc: 0.7402 | best mAP acc: 0.6986 | best mAR acc: 0.7579 | best Score: 0.6986 | best Score epoch: 20 
epoch 25, iter  351: loss: 0.0057 | load time: 0.0002 | back time: 0.7687 | lr: 0.00006784 | best AP50 acc: 0.8546 | best AP70 acc: 0.7402 | best mAP acc: 0.6986 | best mAR acc: 0.7579 | best Score: 0.6986 | best Score epoch: 20 
epoch 25, iter  401: loss: 0.0053 | load time: 0.0002 | back time: 0.7763 | lr: 0.00006771 | best AP50 acc: 0.8546 | best AP70 acc: 0.7402 | best mAP acc: 0.6986 | best mAR acc: 0.7579 | best Score: 0.6986 | best Score epoch: 20 
epoch 25, iter  451: loss: 0.0054 | load time: 0.0002 | back time: 0.7750 | lr: 0.00006758 | best AP50 acc: 0.8546 | best AP70 acc: 0.7402 | best mAP acc: 0.6986 | best mAR acc: 0.7579 | best Score: 0.6986 | best Score epoch: 20 
epoch 25, iter  501: loss: 0.0057 | load time: 0.0002 | back time: 0.7711 | lr: 0.00006746 | best AP50 acc: 0.8546 | best AP70 acc: 0.7402 | best mAP acc: 0.6986 | best mAR acc: 0.7579 | best Score: 0.6986 | best Score epoch: 20 
epoch 25, iter  551: loss: 0.0056 | load time: 0.0002 | back time: 0.6743 | lr: 0.00006733 | best AP50 acc: 0.8546 | best AP70 acc: 0.7402 | best mAP acc: 0.6986 | best mAR acc: 0.7579 | best Score: 0.6986 | best Score epoch: 20 
epoch 25, iter  601: loss: 0.0058 | load time: 0.0002 | back time: 0.7373 | lr: 0.00006720 | best AP50 acc: 0.8546 | best AP70 acc: 0.7402 | best mAP acc: 0.6986 | best mAR acc: 0.7579 | best Score: 0.6986 | best Score epoch: 20 
epoch 25, iter  651: loss: 0.0056 | load time: 0.0002 | back time: 0.7476 | lr: 0.00006708 | best AP50 acc: 0.8546 | best AP70 acc: 0.7402 | best mAP acc: 0.6986 | best mAR acc: 0.7579 | best Score: 0.6986 | best Score epoch: 20 
epoch 25, iter  701: loss: 0.0057 | load time: 0.0002 | back time: 0.7579 | lr: 0.00006695 | best AP50 acc: 0.8546 | best AP70 acc: 0.7402 | best mAP acc: 0.6986 | best mAR acc: 0.7579 | best Score: 0.6986 | best Score epoch: 20 
epoch 25, iter  751: loss: 0.0054 | load time: 0.0002 | back time: 0.7566 | lr: 0.00006682 | best AP50 acc: 0.8546 | best AP70 acc: 0.7402 | best mAP acc: 0.6986 | best mAR acc: 0.7579 | best Score: 0.6986 | best Score epoch: 20 
epoch 25, iter  801: loss: 0.0052 | load time: 0.0002 | back time: 0.7736 | lr: 0.00006669 | best AP50 acc: 0.8546 | best AP70 acc: 0.7402 | best mAP acc: 0.6986 | best mAR acc: 0.7579 | best Score: 0.6986 | best Score epoch: 20 
epoch 25, iter  851: loss: 0.0056 | load time: 0.0002 | back time: 0.7557 | lr: 0.00006657 | best AP50 acc: 0.8546 | best AP70 acc: 0.7402 | best mAP acc: 0.6986 | best mAR acc: 0.7579 | best Score: 0.6986 | best Score epoch: 20 
epoch 25, iter  901: loss: 0.0056 | load time: 0.0002 | back time: 0.7546 | lr: 0.00006644 | best AP50 acc: 0.8546 | best AP70 acc: 0.7402 | best mAP acc: 0.6986 | best mAR acc: 0.7579 | best Score: 0.6986 | best Score epoch: 20 
epoch 25, iter  951: loss: 0.0056 | load time: 0.0002 | back time: 0.7544 | lr: 0.00006631 | best AP50 acc: 0.8546 | best AP70 acc: 0.7402 | best mAP acc: 0.6986 | best mAR acc: 0.7579 | best Score: 0.6986 | best Score epoch: 20 
epoch 25, iter 1001: loss: 0.0055 | load time: 0.0002 | back time: 0.7454 | lr: 0.00006618 | best AP50 acc: 0.8546 | best AP70 acc: 0.7402 | best mAP acc: 0.6986 | best mAR acc: 0.7579 | best Score: 0.6986 | best Score epoch: 20 
epoch 25, iter 1051: loss: 0.0058 | load time: 0.0002 | back time: 0.7711 | lr: 0.00006606 | best AP50 acc: 0.8546 | best AP70 acc: 0.7402 | best mAP acc: 0.6986 | best mAR acc: 0.7579 | best Score: 0.6986 | best Score epoch: 20 
epoch 25, iter 1101: loss: 0.0054 | load time: 0.0002 | back time: 0.7717 | lr: 0.00006593 | best AP50 acc: 0.8546 | best AP70 acc: 0.7402 | best mAP acc: 0.6986 | best mAR acc: 0.7579 | best Score: 0.6986 | best Score epoch: 20 
epoch 25, iter 1151: loss: 0.0056 | load time: 0.0001 | back time: 0.7368 | lr: 0.00006580 | best AP50 acc: 0.8546 | best AP70 acc: 0.7402 | best mAP acc: 0.6986 | best mAR acc: 0.7579 | best Score: 0.6986 | best Score epoch: 20 
UAV_SEQS_2 | mAP50:90: 30.2132 | AP50: 57.9293 | AP70: 28.4268 
UAV_SEQS_37 | mAP50:90: 85.1991 | AP50: 98.6516 | AP70: 88.1970 
UAV_SEQS_45 | mAP50:90: 92.2250 | AP50: 100.0000 | AP70: 97.4024 
UAV_SEQS_47 | mAP50:90: 96.1686 | AP50: 100.0000 | AP70: 100.0000 
UAV_SEQS_55 | mAP50:90: 40.6050 | AP50: 62.0299 | AP70: 44.1445 
UAV_SEQS_59 | mAP50:90: 68.9994 | AP50: 97.3934 | AP70: 80.1786 
UAV_SEQS_6 | mAP50:90: 45.5096 | AP50: 58.9519 | AP70: 45.2021 
UAV_SEQS_63 | mAP50:90: 4.4968 | AP50: 15.7814 | AP70: 0.5006 
UAV_SEQS_65 | mAP50:90: 76.5176 | AP50: 95.9939 | AP70: 86.7427 
UAV_SEQS_7 | mAP50:90: 83.4014 | AP50: 98.0198 | AP70: 98.0131 
UAV_SEQS_71 | mAP50:90: 76.5201 | AP50: 93.8175 | AP70: 81.3771 
UAV_SEQS_73 | mAP50:90: 71.0185 | AP50: 90.6279 | AP70: 80.4871 
UAV_SEQS_74 | mAP50:90: 99.8889 | AP50: 100.0000 | AP70: 100.0000 
UAV_SEQS_77 | mAP50:90: 20.4602 | AP50: 37.1676 | AP70: 16.6225 
UAV_SEQS_8 | mAP50:90: 75.7944 | AP50: 100.0000 | AP70: 87.7769 
Overall            | mAP50:95: 66.2094 | AP50: 82.4001 | AP70: 70.2513 
epoch 26, iter    1: loss: 0.0057 | load time: 0.0004 | back time: 0.3401 | lr: 0.00006579 | best AP50 acc: 0.8546 | best AP70 acc: 0.7402 | best mAP acc: 0.6986 | best mAR acc: 0.7579 | best Score: 0.6986 | best Score epoch: 20 
epoch 26, iter   51: loss: 0.0056 | load time: 0.0002 | back time: 0.7885 | lr: 0.00006567 | best AP50 acc: 0.8546 | best AP70 acc: 0.7402 | best mAP acc: 0.6986 | best mAR acc: 0.7579 | best Score: 0.6986 | best Score epoch: 20 
epoch 26, iter  101: loss: 0.0056 | load time: 0.0002 | back time: 0.7550 | lr: 0.00006554 | best AP50 acc: 0.8546 | best AP70 acc: 0.7402 | best mAP acc: 0.6986 | best mAR acc: 0.7579 | best Score: 0.6986 | best Score epoch: 20 
epoch 26, iter  151: loss: 0.0057 | load time: 0.0002 | back time: 0.7978 | lr: 0.00006541 | best AP50 acc: 0.8546 | best AP70 acc: 0.7402 | best mAP acc: 0.6986 | best mAR acc: 0.7579 | best Score: 0.6986 | best Score epoch: 20 
epoch 26, iter  201: loss: 0.0058 | load time: 0.0002 | back time: 0.7997 | lr: 0.00006528 | best AP50 acc: 0.8546 | best AP70 acc: 0.7402 | best mAP acc: 0.6986 | best mAR acc: 0.7579 | best Score: 0.6986 | best Score epoch: 20 
epoch 26, iter  251: loss: 0.0056 | load time: 0.0001 | back time: 0.7990 | lr: 0.00006515 | best AP50 acc: 0.8546 | best AP70 acc: 0.7402 | best mAP acc: 0.6986 | best mAR acc: 0.7579 | best Score: 0.6986 | best Score epoch: 20 
epoch 26, iter  301: loss: 0.0057 | load time: 0.0001 | back time: 0.7631 | lr: 0.00006502 | best AP50 acc: 0.8546 | best AP70 acc: 0.7402 | best mAP acc: 0.6986 | best mAR acc: 0.7579 | best Score: 0.6986 | best Score epoch: 20 
epoch 26, iter  351: loss: 0.0058 | load time: 0.0002 | back time: 0.7603 | lr: 0.00006489 | best AP50 acc: 0.8546 | best AP70 acc: 0.7402 | best mAP acc: 0.6986 | best mAR acc: 0.7579 | best Score: 0.6986 | best Score epoch: 20 
epoch 26, iter  401: loss: 0.0056 | load time: 0.0002 | back time: 0.7624 | lr: 0.00006476 | best AP50 acc: 0.8546 | best AP70 acc: 0.7402 | best mAP acc: 0.6986 | best mAR acc: 0.7579 | best Score: 0.6986 | best Score epoch: 20 
epoch 26, iter  451: loss: 0.0056 | load time: 0.0003 | back time: 0.7796 | lr: 0.00006463 | best AP50 acc: 0.8546 | best AP70 acc: 0.7402 | best mAP acc: 0.6986 | best mAR acc: 0.7579 | best Score: 0.6986 | best Score epoch: 20 
epoch 26, iter  501: loss: 0.0056 | load time: 0.0002 | back time: 0.7712 | lr: 0.00006450 | best AP50 acc: 0.8546 | best AP70 acc: 0.7402 | best mAP acc: 0.6986 | best mAR acc: 0.7579 | best Score: 0.6986 | best Score epoch: 20 
epoch 26, iter  551: loss: 0.0056 | load time: 0.0002 | back time: 0.7700 | lr: 0.00006437 | best AP50 acc: 0.8546 | best AP70 acc: 0.7402 | best mAP acc: 0.6986 | best mAR acc: 0.7579 | best Score: 0.6986 | best Score epoch: 20 
epoch 26, iter  601: loss: 0.0058 | load time: 0.0002 | back time: 0.7365 | lr: 0.00006425 | best AP50 acc: 0.8546 | best AP70 acc: 0.7402 | best mAP acc: 0.6986 | best mAR acc: 0.7579 | best Score: 0.6986 | best Score epoch: 20 
epoch 26, iter  651: loss: 0.0057 | load time: 0.0003 | back time: 0.7819 | lr: 0.00006412 | best AP50 acc: 0.8546 | best AP70 acc: 0.7402 | best mAP acc: 0.6986 | best mAR acc: 0.7579 | best Score: 0.6986 | best Score epoch: 20 
epoch 26, iter  701: loss: 0.0056 | load time: 0.0002 | back time: 0.7994 | lr: 0.00006399 | best AP50 acc: 0.8546 | best AP70 acc: 0.7402 | best mAP acc: 0.6986 | best mAR acc: 0.7579 | best Score: 0.6986 | best Score epoch: 20 
epoch 26, iter  751: loss: 0.0056 | load time: 0.0002 | back time: 0.7367 | lr: 0.00006386 | best AP50 acc: 0.8546 | best AP70 acc: 0.7402 | best mAP acc: 0.6986 | best mAR acc: 0.7579 | best Score: 0.6986 | best Score epoch: 20 
epoch 26, iter  801: loss: 0.0053 | load time: 0.0002 | back time: 0.7656 | lr: 0.00006373 | best AP50 acc: 0.8546 | best AP70 acc: 0.7402 | best mAP acc: 0.6986 | best mAR acc: 0.7579 | best Score: 0.6986 | best Score epoch: 20 
epoch 26, iter  851: loss: 0.0052 | load time: 0.0002 | back time: 0.7592 | lr: 0.00006360 | best AP50 acc: 0.8546 | best AP70 acc: 0.7402 | best mAP acc: 0.6986 | best mAR acc: 0.7579 | best Score: 0.6986 | best Score epoch: 20 
epoch 26, iter  901: loss: 0.0056 | load time: 0.0002 | back time: 0.7654 | lr: 0.00006347 | best AP50 acc: 0.8546 | best AP70 acc: 0.7402 | best mAP acc: 0.6986 | best mAR acc: 0.7579 | best Score: 0.6986 | best Score epoch: 20 
epoch 26, iter  951: loss: 0.0057 | load time: 0.0002 | back time: 0.7682 | lr: 0.00006334 | best AP50 acc: 0.8546 | best AP70 acc: 0.7402 | best mAP acc: 0.6986 | best mAR acc: 0.7579 | best Score: 0.6986 | best Score epoch: 20 
epoch 26, iter 1001: loss: 0.0059 | load time: 0.0003 | back time: 0.7689 | lr: 0.00006320 | best AP50 acc: 0.8546 | best AP70 acc: 0.7402 | best mAP acc: 0.6986 | best mAR acc: 0.7579 | best Score: 0.6986 | best Score epoch: 20 
epoch 26, iter 1051: loss: 0.0053 | load time: 0.0001 | back time: 0.7682 | lr: 0.00006307 | best AP50 acc: 0.8546 | best AP70 acc: 0.7402 | best mAP acc: 0.6986 | best mAR acc: 0.7579 | best Score: 0.6986 | best Score epoch: 20 
epoch 26, iter 1101: loss: 0.0056 | load time: 0.0003 | back time: 0.7663 | lr: 0.00006294 | best AP50 acc: 0.8546 | best AP70 acc: 0.7402 | best mAP acc: 0.6986 | best mAR acc: 0.7579 | best Score: 0.6986 | best Score epoch: 20 
epoch 26, iter 1151: loss: 0.0058 | load time: 0.0001 | back time: 0.7658 | lr: 0.00006281 | best AP50 acc: 0.8546 | best AP70 acc: 0.7402 | best mAP acc: 0.6986 | best mAR acc: 0.7579 | best Score: 0.6986 | best Score epoch: 20 
UAV_SEQS_2 | mAP50:90: 28.4698 | AP50: 52.1483 | AP70: 26.2200 
UAV_SEQS_37 | mAP50:90: 81.6237 | AP50: 97.6116 | AP70: 81.9642 
UAV_SEQS_45 | mAP50:90: 95.2538 | AP50: 100.0000 | AP70: 96.8418 
UAV_SEQS_47 | mAP50:90: 96.8561 | AP50: 100.0000 | AP70: 100.0000 
UAV_SEQS_55 | mAP50:90: 43.9293 | AP50: 67.0560 | AP70: 47.6558 
UAV_SEQS_59 | mAP50:90: 73.7146 | AP50: 96.4199 | AP70: 86.1118 
UAV_SEQS_6 | mAP50:90: 44.7443 | AP50: 55.5528 | AP70: 46.0493 
UAV_SEQS_63 | mAP50:90: 5.3995 | AP50: 20.3378 | AP70: 0.1507 
UAV_SEQS_65 | mAP50:90: 79.1538 | AP50: 97.5630 | AP70: 90.8179 
UAV_SEQS_7 | mAP50:90: 94.6594 | AP50: 99.9934 | AP70: 97.9261 
UAV_SEQS_71 | mAP50:90: 78.4015 | AP50: 95.6577 | AP70: 85.7136 
UAV_SEQS_73 | mAP50:90: 68.4410 | AP50: 87.5201 | AP70: 74.5874 
UAV_SEQS_74 | mAP50:90: 99.6615 | AP50: 100.0000 | AP70: 100.0000 
UAV_SEQS_77 | mAP50:90: 34.5951 | AP50: 55.1765 | AP70: 40.4003 
UAV_SEQS_8 | mAP50:90: 78.1974 | AP50: 100.0000 | AP70: 91.8472 
Overall            | mAP50:95: 67.4859 | AP50: 83.8397 | AP70: 71.0472 
epoch 27, iter    1: loss: 0.0056 | load time: 0.0006 | back time: 0.4557 | lr: 0.00006281 | best AP50 acc: 0.8546 | best AP70 acc: 0.7402 | best mAP acc: 0.6986 | best mAR acc: 0.7579 | best Score: 0.6986 | best Score epoch: 20 
epoch 27, iter   51: loss: 0.0056 | load time: 0.0002 | back time: 0.7634 | lr: 0.00006268 | best AP50 acc: 0.8546 | best AP70 acc: 0.7402 | best mAP acc: 0.6986 | best mAR acc: 0.7579 | best Score: 0.6986 | best Score epoch: 20 
epoch 27, iter  101: loss: 0.0057 | load time: 0.0001 | back time: 0.7711 | lr: 0.00006255 | best AP50 acc: 0.8546 | best AP70 acc: 0.7402 | best mAP acc: 0.6986 | best mAR acc: 0.7579 | best Score: 0.6986 | best Score epoch: 20 
epoch 27, iter  151: loss: 0.0058 | load time: 0.0001 | back time: 0.7597 | lr: 0.00006241 | best AP50 acc: 0.8546 | best AP70 acc: 0.7402 | best mAP acc: 0.6986 | best mAR acc: 0.7579 | best Score: 0.6986 | best Score epoch: 20 
epoch 27, iter  201: loss: 0.0055 | load time: 0.0002 | back time: 0.7780 | lr: 0.00006228 | best AP50 acc: 0.8546 | best AP70 acc: 0.7402 | best mAP acc: 0.6986 | best mAR acc: 0.7579 | best Score: 0.6986 | best Score epoch: 20 
epoch 27, iter  251: loss: 0.0056 | load time: 0.0002 | back time: 0.7872 | lr: 0.00006215 | best AP50 acc: 0.8546 | best AP70 acc: 0.7402 | best mAP acc: 0.6986 | best mAR acc: 0.7579 | best Score: 0.6986 | best Score epoch: 20 
epoch 27, iter  301: loss: 0.0056 | load time: 0.0003 | back time: 0.7701 | lr: 0.00006202 | best AP50 acc: 0.8546 | best AP70 acc: 0.7402 | best mAP acc: 0.6986 | best mAR acc: 0.7579 | best Score: 0.6986 | best Score epoch: 20 
epoch 27, iter  351: loss: 0.0057 | load time: 0.0002 | back time: 0.7711 | lr: 0.00006189 | best AP50 acc: 0.8546 | best AP70 acc: 0.7402 | best mAP acc: 0.6986 | best mAR acc: 0.7579 | best Score: 0.6986 | best Score epoch: 20 
epoch 27, iter  401: loss: 0.0056 | load time: 0.0002 | back time: 0.7694 | lr: 0.00006176 | best AP50 acc: 0.8546 | best AP70 acc: 0.7402 | best mAP acc: 0.6986 | best mAR acc: 0.7579 | best Score: 0.6986 | best Score epoch: 20 
epoch 27, iter  451: loss: 0.0058 | load time: 0.0001 | back time: 0.7733 | lr: 0.00006163 | best AP50 acc: 0.8546 | best AP70 acc: 0.7402 | best mAP acc: 0.6986 | best mAR acc: 0.7579 | best Score: 0.6986 | best Score epoch: 20 
epoch 27, iter  501: loss: 0.0052 | load time: 0.0003 | back time: 0.7836 | lr: 0.00006150 | best AP50 acc: 0.8546 | best AP70 acc: 0.7402 | best mAP acc: 0.6986 | best mAR acc: 0.7579 | best Score: 0.6986 | best Score epoch: 20 
epoch 27, iter  551: loss: 0.0056 | load time: 0.0002 | back time: 0.7704 | lr: 0.00006136 | best AP50 acc: 0.8546 | best AP70 acc: 0.7402 | best mAP acc: 0.6986 | best mAR acc: 0.7579 | best Score: 0.6986 | best Score epoch: 20 
epoch 27, iter  601: loss: 0.0055 | load time: 0.0002 | back time: 0.7699 | lr: 0.00006123 | best AP50 acc: 0.8546 | best AP70 acc: 0.7402 | best mAP acc: 0.6986 | best mAR acc: 0.7579 | best Score: 0.6986 | best Score epoch: 20 
epoch 27, iter  651: loss: 0.0057 | load time: 0.0002 | back time: 0.7698 | lr: 0.00006110 | best AP50 acc: 0.8546 | best AP70 acc: 0.7402 | best mAP acc: 0.6986 | best mAR acc: 0.7579 | best Score: 0.6986 | best Score epoch: 20 
epoch 27, iter  701: loss: 0.0056 | load time: 0.0002 | back time: 0.7747 | lr: 0.00006097 | best AP50 acc: 0.8546 | best AP70 acc: 0.7402 | best mAP acc: 0.6986 | best mAR acc: 0.7579 | best Score: 0.6986 | best Score epoch: 20 
epoch 27, iter  751: loss: 0.0058 | load time: 0.0002 | back time: 0.7766 | lr: 0.00006084 | best AP50 acc: 0.8546 | best AP70 acc: 0.7402 | best mAP acc: 0.6986 | best mAR acc: 0.7579 | best Score: 0.6986 | best Score epoch: 20 
epoch 27, iter  801: loss: 0.0057 | load time: 0.0002 | back time: 0.7705 | lr: 0.00006070 | best AP50 acc: 0.8546 | best AP70 acc: 0.7402 | best mAP acc: 0.6986 | best mAR acc: 0.7579 | best Score: 0.6986 | best Score epoch: 20 
epoch 27, iter  851: loss: 0.0056 | load time: 0.0001 | back time: 0.7701 | lr: 0.00006057 | best AP50 acc: 0.8546 | best AP70 acc: 0.7402 | best mAP acc: 0.6986 | best mAR acc: 0.7579 | best Score: 0.6986 | best Score epoch: 20 
epoch 27, iter  901: loss: 0.0056 | load time: 0.0002 | back time: 0.7712 | lr: 0.00006044 | best AP50 acc: 0.8546 | best AP70 acc: 0.7402 | best mAP acc: 0.6986 | best mAR acc: 0.7579 | best Score: 0.6986 | best Score epoch: 20 
epoch 27, iter  951: loss: 0.0055 | load time: 0.0002 | back time: 0.7713 | lr: 0.00006031 | best AP50 acc: 0.8546 | best AP70 acc: 0.7402 | best mAP acc: 0.6986 | best mAR acc: 0.7579 | best Score: 0.6986 | best Score epoch: 20 
epoch 27, iter 1001: loss: 0.0058 | load time: 0.0002 | back time: 0.7755 | lr: 0.00006018 | best AP50 acc: 0.8546 | best AP70 acc: 0.7402 | best mAP acc: 0.6986 | best mAR acc: 0.7579 | best Score: 0.6986 | best Score epoch: 20 
epoch 27, iter 1051: loss: 0.0057 | load time: 0.0002 | back time: 0.7716 | lr: 0.00006004 | best AP50 acc: 0.8546 | best AP70 acc: 0.7402 | best mAP acc: 0.6986 | best mAR acc: 0.7579 | best Score: 0.6986 | best Score epoch: 20 
epoch 27, iter 1101: loss: 0.0056 | load time: 0.0002 | back time: 0.7694 | lr: 0.00005991 | best AP50 acc: 0.8546 | best AP70 acc: 0.7402 | best mAP acc: 0.6986 | best mAR acc: 0.7579 | best Score: 0.6986 | best Score epoch: 20 
epoch 27, iter 1151: loss: 0.0053 | load time: 0.0001 | back time: 0.7711 | lr: 0.00005978 | best AP50 acc: 0.8546 | best AP70 acc: 0.7402 | best mAP acc: 0.6986 | best mAR acc: 0.7579 | best Score: 0.6986 | best Score epoch: 20 
UAV_SEQS_2 | mAP50:90: 34.4538 | AP50: 65.6176 | AP70: 29.4904 
UAV_SEQS_37 | mAP50:90: 79.8206 | AP50: 100.0000 | AP70: 81.1038 
UAV_SEQS_45 | mAP50:90: 91.5949 | AP50: 100.0000 | AP70: 98.9604 
UAV_SEQS_47 | mAP50:90: 92.7340 | AP50: 100.0000 | AP70: 100.0000 
UAV_SEQS_55 | mAP50:90: 41.4939 | AP50: 61.8688 | AP70: 45.7161 
UAV_SEQS_59 | mAP50:90: 62.6179 | AP50: 92.6220 | AP70: 75.7650 
UAV_SEQS_6 | mAP50:90: 37.2738 | AP50: 47.5463 | AP70: 38.1086 
UAV_SEQS_63 | mAP50:90: 12.9579 | AP50: 43.4341 | AP70: 1.9460 
UAV_SEQS_65 | mAP50:90: 78.4311 | AP50: 96.2968 | AP70: 89.8397 
UAV_SEQS_7 | mAP50:90: 95.7809 | AP50: 99.0099 | AP70: 97.9056 
UAV_SEQS_71 | mAP50:90: 72.2735 | AP50: 95.1573 | AP70: 79.6764 
UAV_SEQS_73 | mAP50:90: 66.3621 | AP50: 87.1158 | AP70: 73.9816 
UAV_SEQS_74 | mAP50:90: 100.0000 | AP50: 100.0000 | AP70: 100.0000 
UAV_SEQS_77 | mAP50:90: 24.3288 | AP50: 39.2069 | AP70: 26.6507 
UAV_SEQS_8 | mAP50:90: 64.3139 | AP50: 100.0000 | AP70: 82.4972 
Overall            | mAP50:95: 64.6020 | AP50: 84.2918 | AP70: 69.0494 
epoch 28, iter    1: loss: 0.0056 | load time: 0.0006 | back time: 0.3503 | lr: 0.00005977 | best AP50 acc: 0.8546 | best AP70 acc: 0.7402 | best mAP acc: 0.6986 | best mAR acc: 0.7579 | best Score: 0.6986 | best Score epoch: 20 
epoch 28, iter   51: loss: 0.0056 | load time: 0.0001 | back time: 0.7757 | lr: 0.00005964 | best AP50 acc: 0.8546 | best AP70 acc: 0.7402 | best mAP acc: 0.6986 | best mAR acc: 0.7579 | best Score: 0.6986 | best Score epoch: 20 
epoch 28, iter  101: loss: 0.0056 | load time: 0.0002 | back time: 0.7678 | lr: 0.00005951 | best AP50 acc: 0.8546 | best AP70 acc: 0.7402 | best mAP acc: 0.6986 | best mAR acc: 0.7579 | best Score: 0.6986 | best Score epoch: 20 
epoch 28, iter  151: loss: 0.0056 | load time: 0.0003 | back time: 0.7727 | lr: 0.00005937 | best AP50 acc: 0.8546 | best AP70 acc: 0.7402 | best mAP acc: 0.6986 | best mAR acc: 0.7579 | best Score: 0.6986 | best Score epoch: 20 
epoch 28, iter  201: loss: 0.0055 | load time: 0.0003 | back time: 0.7736 | lr: 0.00005924 | best AP50 acc: 0.8546 | best AP70 acc: 0.7402 | best mAP acc: 0.6986 | best mAR acc: 0.7579 | best Score: 0.6986 | best Score epoch: 20 
epoch 28, iter  251: loss: 0.0055 | load time: 0.0002 | back time: 0.7749 | lr: 0.00005911 | best AP50 acc: 0.8546 | best AP70 acc: 0.7402 | best mAP acc: 0.6986 | best mAR acc: 0.7579 | best Score: 0.6986 | best Score epoch: 20 
epoch 28, iter  301: loss: 0.0056 | load time: 0.0002 | back time: 0.7729 | lr: 0.00005898 | best AP50 acc: 0.8546 | best AP70 acc: 0.7402 | best mAP acc: 0.6986 | best mAR acc: 0.7579 | best Score: 0.6986 | best Score epoch: 20 
epoch 28, iter  351: loss: 0.0056 | load time: 0.0002 | back time: 0.7763 | lr: 0.00005884 | best AP50 acc: 0.8546 | best AP70 acc: 0.7402 | best mAP acc: 0.6986 | best mAR acc: 0.7579 | best Score: 0.6986 | best Score epoch: 20 
epoch 28, iter  401: loss: 0.0056 | load time: 0.0001 | back time: 0.7731 | lr: 0.00005871 | best AP50 acc: 0.8546 | best AP70 acc: 0.7402 | best mAP acc: 0.6986 | best mAR acc: 0.7579 | best Score: 0.6986 | best Score epoch: 20 
epoch 28, iter  451: loss: 0.0057 | load time: 0.0002 | back time: 0.7724 | lr: 0.00005858 | best AP50 acc: 0.8546 | best AP70 acc: 0.7402 | best mAP acc: 0.6986 | best mAR acc: 0.7579 | best Score: 0.6986 | best Score epoch: 20 
epoch 28, iter  501: loss: 0.0057 | load time: 0.0001 | back time: 0.7730 | lr: 0.00005844 | best AP50 acc: 0.8546 | best AP70 acc: 0.7402 | best mAP acc: 0.6986 | best mAR acc: 0.7579 | best Score: 0.6986 | best Score epoch: 20 
epoch 28, iter  551: loss: 0.0056 | load time: 0.0002 | back time: 0.7772 | lr: 0.00005831 | best AP50 acc: 0.8546 | best AP70 acc: 0.7402 | best mAP acc: 0.6986 | best mAR acc: 0.7579 | best Score: 0.6986 | best Score epoch: 20 
epoch 28, iter  601: loss: 0.0056 | load time: 0.0002 | back time: 0.7796 | lr: 0.00005818 | best AP50 acc: 0.8546 | best AP70 acc: 0.7402 | best mAP acc: 0.6986 | best mAR acc: 0.7579 | best Score: 0.6986 | best Score epoch: 20 
epoch 28, iter  651: loss: 0.0056 | load time: 0.0002 | back time: 0.7731 | lr: 0.00005804 | best AP50 acc: 0.8546 | best AP70 acc: 0.7402 | best mAP acc: 0.6986 | best mAR acc: 0.7579 | best Score: 0.6986 | best Score epoch: 20 
epoch 28, iter  701: loss: 0.0057 | load time: 0.0003 | back time: 0.7744 | lr: 0.00005791 | best AP50 acc: 0.8546 | best AP70 acc: 0.7402 | best mAP acc: 0.6986 | best mAR acc: 0.7579 | best Score: 0.6986 | best Score epoch: 20 
epoch 28, iter  751: loss: 0.0056 | load time: 0.0001 | back time: 0.7731 | lr: 0.00005778 | best AP50 acc: 0.8546 | best AP70 acc: 0.7402 | best mAP acc: 0.6986 | best mAR acc: 0.7579 | best Score: 0.6986 | best Score epoch: 20 
epoch 28, iter  801: loss: 0.0056 | load time: 0.0002 | back time: 0.7734 | lr: 0.00005764 | best AP50 acc: 0.8546 | best AP70 acc: 0.7402 | best mAP acc: 0.6986 | best mAR acc: 0.7579 | best Score: 0.6986 | best Score epoch: 20 
epoch 28, iter  851: loss: 0.0058 | load time: 0.0002 | back time: 0.7966 | lr: 0.00005751 | best AP50 acc: 0.8546 | best AP70 acc: 0.7402 | best mAP acc: 0.6986 | best mAR acc: 0.7579 | best Score: 0.6986 | best Score epoch: 20 
epoch 28, iter  901: loss: 0.0056 | load time: 0.0003 | back time: 0.7983 | lr: 0.00005738 | best AP50 acc: 0.8546 | best AP70 acc: 0.7402 | best mAP acc: 0.6986 | best mAR acc: 0.7579 | best Score: 0.6986 | best Score epoch: 20 
epoch 28, iter  951: loss: 0.0056 | load time: 0.0004 | back time: 0.7640 | lr: 0.00005724 | best AP50 acc: 0.8546 | best AP70 acc: 0.7402 | best mAP acc: 0.6986 | best mAR acc: 0.7579 | best Score: 0.6986 | best Score epoch: 20 
epoch 28, iter 1001: loss: 0.0057 | load time: 0.0002 | back time: 0.7564 | lr: 0.00005711 | best AP50 acc: 0.8546 | best AP70 acc: 0.7402 | best mAP acc: 0.6986 | best mAR acc: 0.7579 | best Score: 0.6986 | best Score epoch: 20 
epoch 28, iter 1051: loss: 0.0057 | load time: 0.0002 | back time: 0.7607 | lr: 0.00005697 | best AP50 acc: 0.8546 | best AP70 acc: 0.7402 | best mAP acc: 0.6986 | best mAR acc: 0.7579 | best Score: 0.6986 | best Score epoch: 20 
epoch 28, iter 1101: loss: 0.0056 | load time: 0.0002 | back time: 0.7630 | lr: 0.00005684 | best AP50 acc: 0.8546 | best AP70 acc: 0.7402 | best mAP acc: 0.6986 | best mAR acc: 0.7579 | best Score: 0.6986 | best Score epoch: 20 
epoch 28, iter 1151: loss: 0.0055 | load time: 0.0001 | back time: 0.7360 | lr: 0.00005671 | best AP50 acc: 0.8546 | best AP70 acc: 0.7402 | best mAP acc: 0.6986 | best mAR acc: 0.7579 | best Score: 0.6986 | best Score epoch: 20 
UAV_SEQS_2 | mAP50:90: 37.5495 | AP50: 77.1291 | AP70: 33.3088 
UAV_SEQS_37 | mAP50:90: 86.3098 | AP50: 100.0000 | AP70: 89.1363 
UAV_SEQS_45 | mAP50:90: 93.0288 | AP50: 100.0000 | AP70: 95.9311 
UAV_SEQS_47 | mAP50:90: 96.2039 | AP50: 100.0000 | AP70: 100.0000 
UAV_SEQS_55 | mAP50:90: 39.0821 | AP50: 59.5766 | AP70: 42.8183 
UAV_SEQS_59 | mAP50:90: 71.7103 | AP50: 97.0268 | AP70: 79.0774 
UAV_SEQS_6 | mAP50:90: 40.0796 | AP50: 55.3350 | AP70: 38.6596 
UAV_SEQS_63 | mAP50:90: 13.2512 | AP50: 45.4319 | AP70: 1.1373 
UAV_SEQS_65 | mAP50:90: 80.2831 | AP50: 95.9037 | AP70: 90.3636 
UAV_SEQS_7 | mAP50:90: 91.4579 | AP50: 98.0198 | AP70: 97.0197 
UAV_SEQS_71 | mAP50:90: 77.6497 | AP50: 94.0713 | AP70: 83.2503 
UAV_SEQS_73 | mAP50:90: 69.7521 | AP50: 88.7683 | AP70: 81.5342 
UAV_SEQS_74 | mAP50:90: 100.0000 | AP50: 100.0000 | AP70: 100.0000 
UAV_SEQS_77 | mAP50:90: 22.5985 | AP50: 39.9095 | AP70: 20.8819 
UAV_SEQS_8 | mAP50:90: 78.0758 | AP50: 100.0000 | AP70: 91.9820 
Overall            | mAP50:95: 68.0683 | AP50: 85.5195 | AP70: 70.6697 
epoch 29, iter    1: loss: 0.0057 | load time: 0.0004 | back time: 0.4361 | lr: 0.00005670 | best AP50 acc: 0.8546 | best AP70 acc: 0.7402 | best mAP acc: 0.6986 | best mAR acc: 0.7579 | best Score: 0.6986 | best Score epoch: 20 
epoch 29, iter   51: loss: 0.0056 | load time: 0.0002 | back time: 0.7706 | lr: 0.00005657 | best AP50 acc: 0.8546 | best AP70 acc: 0.7402 | best mAP acc: 0.6986 | best mAR acc: 0.7579 | best Score: 0.6986 | best Score epoch: 20 
epoch 29, iter  101: loss: 0.0056 | load time: 0.0001 | back time: 0.7585 | lr: 0.00005643 | best AP50 acc: 0.8546 | best AP70 acc: 0.7402 | best mAP acc: 0.6986 | best mAR acc: 0.7579 | best Score: 0.6986 | best Score epoch: 20 
epoch 29, iter  151: loss: 0.0057 | load time: 0.0002 | back time: 0.7830 | lr: 0.00005630 | best AP50 acc: 0.8546 | best AP70 acc: 0.7402 | best mAP acc: 0.6986 | best mAR acc: 0.7579 | best Score: 0.6986 | best Score epoch: 20 
epoch 29, iter  201: loss: 0.0057 | load time: 0.0002 | back time: 0.7646 | lr: 0.00005617 | best AP50 acc: 0.8546 | best AP70 acc: 0.7402 | best mAP acc: 0.6986 | best mAR acc: 0.7579 | best Score: 0.6986 | best Score epoch: 20 
epoch 29, iter  251: loss: 0.0056 | load time: 0.0002 | back time: 0.7654 | lr: 0.00005603 | best AP50 acc: 0.8546 | best AP70 acc: 0.7402 | best mAP acc: 0.6986 | best mAR acc: 0.7579 | best Score: 0.6986 | best Score epoch: 20 
epoch 29, iter  301: loss: 0.0054 | load time: 0.0002 | back time: 0.7643 | lr: 0.00005590 | best AP50 acc: 0.8546 | best AP70 acc: 0.7402 | best mAP acc: 0.6986 | best mAR acc: 0.7579 | best Score: 0.6986 | best Score epoch: 20 
epoch 29, iter  351: loss: 0.0056 | load time: 0.0003 | back time: 0.7707 | lr: 0.00005576 | best AP50 acc: 0.8546 | best AP70 acc: 0.7402 | best mAP acc: 0.6986 | best mAR acc: 0.7579 | best Score: 0.6986 | best Score epoch: 20 
epoch 29, iter  401: loss: 0.0056 | load time: 0.0002 | back time: 0.7667 | lr: 0.00005563 | best AP50 acc: 0.8546 | best AP70 acc: 0.7402 | best mAP acc: 0.6986 | best mAR acc: 0.7579 | best Score: 0.6986 | best Score epoch: 20 
epoch 29, iter  451: loss: 0.0056 | load time: 0.0002 | back time: 0.7641 | lr: 0.00005549 | best AP50 acc: 0.8546 | best AP70 acc: 0.7402 | best mAP acc: 0.6986 | best mAR acc: 0.7579 | best Score: 0.6986 | best Score epoch: 20 
epoch 29, iter  501: loss: 0.0056 | load time: 0.0002 | back time: 0.7673 | lr: 0.00005536 | best AP50 acc: 0.8546 | best AP70 acc: 0.7402 | best mAP acc: 0.6986 | best mAR acc: 0.7579 | best Score: 0.6986 | best Score epoch: 20 
epoch 29, iter  551: loss: 0.0057 | load time: 0.0002 | back time: 0.7654 | lr: 0.00005523 | best AP50 acc: 0.8546 | best AP70 acc: 0.7402 | best mAP acc: 0.6986 | best mAR acc: 0.7579 | best Score: 0.6986 | best Score epoch: 20 
epoch 29, iter  601: loss: 0.0057 | load time: 0.0002 | back time: 0.7675 | lr: 0.00005509 | best AP50 acc: 0.8546 | best AP70 acc: 0.7402 | best mAP acc: 0.6986 | best mAR acc: 0.7579 | best Score: 0.6986 | best Score epoch: 20 
epoch 29, iter  651: loss: 0.0056 | load time: 0.0002 | back time: 0.7705 | lr: 0.00005496 | best AP50 acc: 0.8546 | best AP70 acc: 0.7402 | best mAP acc: 0.6986 | best mAR acc: 0.7579 | best Score: 0.6986 | best Score epoch: 20 
epoch 29, iter  701: loss: 0.0056 | load time: 0.0002 | back time: 0.7641 | lr: 0.00005482 | best AP50 acc: 0.8546 | best AP70 acc: 0.7402 | best mAP acc: 0.6986 | best mAR acc: 0.7579 | best Score: 0.6986 | best Score epoch: 20 
epoch 29, iter  751: loss: 0.0056 | load time: 0.0002 | back time: 0.7677 | lr: 0.00005469 | best AP50 acc: 0.8546 | best AP70 acc: 0.7402 | best mAP acc: 0.6986 | best mAR acc: 0.7579 | best Score: 0.6986 | best Score epoch: 20 
epoch 29, iter  801: loss: 0.0056 | load time: 0.0001 | back time: 0.7654 | lr: 0.00005455 | best AP50 acc: 0.8546 | best AP70 acc: 0.7402 | best mAP acc: 0.6986 | best mAR acc: 0.7579 | best Score: 0.6986 | best Score epoch: 20 
epoch 29, iter  851: loss: 0.0055 | load time: 0.0002 | back time: 0.7671 | lr: 0.00005442 | best AP50 acc: 0.8546 | best AP70 acc: 0.7402 | best mAP acc: 0.6986 | best mAR acc: 0.7579 | best Score: 0.6986 | best Score epoch: 20 
epoch 29, iter  901: loss: 0.0056 | load time: 0.0001 | back time: 0.7685 | lr: 0.00005428 | best AP50 acc: 0.8546 | best AP70 acc: 0.7402 | best mAP acc: 0.6986 | best mAR acc: 0.7579 | best Score: 0.6986 | best Score epoch: 20 
epoch 29, iter  951: loss: 0.0055 | load time: 0.0002 | back time: 0.7673 | lr: 0.00005415 | best AP50 acc: 0.8546 | best AP70 acc: 0.7402 | best mAP acc: 0.6986 | best mAR acc: 0.7579 | best Score: 0.6986 | best Score epoch: 20 
epoch 29, iter 1001: loss: 0.0056 | load time: 0.0002 | back time: 0.7680 | lr: 0.00005401 | best AP50 acc: 0.8546 | best AP70 acc: 0.7402 | best mAP acc: 0.6986 | best mAR acc: 0.7579 | best Score: 0.6986 | best Score epoch: 20 
epoch 29, iter 1051: loss: 0.0056 | load time: 0.0002 | back time: 0.7688 | lr: 0.00005388 | best AP50 acc: 0.8546 | best AP70 acc: 0.7402 | best mAP acc: 0.6986 | best mAR acc: 0.7579 | best Score: 0.6986 | best Score epoch: 20 
epoch 29, iter 1101: loss: 0.0056 | load time: 0.0002 | back time: 0.7695 | lr: 0.00005375 | best AP50 acc: 0.8546 | best AP70 acc: 0.7402 | best mAP acc: 0.6986 | best mAR acc: 0.7579 | best Score: 0.6986 | best Score epoch: 20 
epoch 29, iter 1151: loss: 0.0056 | load time: 0.0001 | back time: 0.7694 | lr: 0.00005361 | best AP50 acc: 0.8546 | best AP70 acc: 0.7402 | best mAP acc: 0.6986 | best mAR acc: 0.7579 | best Score: 0.6986 | best Score epoch: 20 
UAV_SEQS_2 | mAP50:90: 32.3461 | AP50: 58.5892 | AP70: 30.5548 
UAV_SEQS_37 | mAP50:90: 89.8534 | AP50: 100.0000 | AP70: 96.0710 
UAV_SEQS_45 | mAP50:90: 91.1276 | AP50: 100.0000 | AP70: 96.6224 
UAV_SEQS_47 | mAP50:90: 86.6323 | AP50: 100.0000 | AP70: 94.3904 
UAV_SEQS_55 | mAP50:90: 42.7270 | AP50: 61.1309 | AP70: 49.0326 
UAV_SEQS_59 | mAP50:90: 73.4137 | AP50: 97.5695 | AP70: 87.4527 
UAV_SEQS_6 | mAP50:90: 50.5175 | AP50: 62.8431 | AP70: 51.7683 
UAV_SEQS_63 | mAP50:90: 2.7781 | AP50: 9.8871 | AP70: 0.3435 
UAV_SEQS_65 | mAP50:90: 79.5677 | AP50: 94.7770 | AP70: 88.9414 
UAV_SEQS_7 | mAP50:90: 92.8657 | AP50: 98.9935 | AP70: 98.9935 
UAV_SEQS_71 | mAP50:90: 78.7681 | AP50: 93.3767 | AP70: 81.9409 
UAV_SEQS_73 | mAP50:90: 69.6162 | AP50: 90.2729 | AP70: 78.4402 
UAV_SEQS_74 | mAP50:90: 99.7675 | AP50: 100.0000 | AP70: 100.0000 
UAV_SEQS_77 | mAP50:90: 21.0524 | AP50: 36.9616 | AP70: 22.3567 
UAV_SEQS_8 | mAP50:90: 83.6148 | AP50: 100.0000 | AP70: 92.8383 
Overall            | mAP50:95: 66.8899 | AP50: 81.8174 | AP70: 71.7977 
epoch 30, iter    1: loss: 0.0056 | load time: 0.0003 | back time: 0.3840 | lr: 0.00005361 | best AP50 acc: 0.8546 | best AP70 acc: 0.7402 | best mAP acc: 0.6986 | best mAR acc: 0.7579 | best Score: 0.6986 | best Score epoch: 20 
epoch 30, iter   51: loss: 0.0055 | load time: 0.0002 | back time: 0.7625 | lr: 0.00005347 | best AP50 acc: 0.8546 | best AP70 acc: 0.7402 | best mAP acc: 0.6986 | best mAR acc: 0.7579 | best Score: 0.6986 | best Score epoch: 20 
epoch 30, iter  101: loss: 0.0056 | load time: 0.0002 | back time: 0.7670 | lr: 0.00005334 | best AP50 acc: 0.8546 | best AP70 acc: 0.7402 | best mAP acc: 0.6986 | best mAR acc: 0.7579 | best Score: 0.6986 | best Score epoch: 20 
epoch 30, iter  151: loss: 0.0056 | load time: 0.0002 | back time: 0.8007 | lr: 0.00005320 | best AP50 acc: 0.8546 | best AP70 acc: 0.7402 | best mAP acc: 0.6986 | best mAR acc: 0.7579 | best Score: 0.6986 | best Score epoch: 20 
epoch 30, iter  201: loss: 0.0056 | load time: 0.0002 | back time: 0.7687 | lr: 0.00005307 | best AP50 acc: 0.8546 | best AP70 acc: 0.7402 | best mAP acc: 0.6986 | best mAR acc: 0.7579 | best Score: 0.6986 | best Score epoch: 20 
epoch 30, iter  251: loss: 0.0055 | load time: 0.0002 | back time: 0.7709 | lr: 0.00005293 | best AP50 acc: 0.8546 | best AP70 acc: 0.7402 | best mAP acc: 0.6986 | best mAR acc: 0.7579 | best Score: 0.6986 | best Score epoch: 20 
epoch 30, iter  301: loss: 0.0055 | load time: 0.0002 | back time: 0.7678 | lr: 0.00005280 | best AP50 acc: 0.8546 | best AP70 acc: 0.7402 | best mAP acc: 0.6986 | best mAR acc: 0.7579 | best Score: 0.6986 | best Score epoch: 20 
epoch 30, iter  351: loss: 0.0056 | load time: 0.0002 | back time: 0.7681 | lr: 0.00005266 | best AP50 acc: 0.8546 | best AP70 acc: 0.7402 | best mAP acc: 0.6986 | best mAR acc: 0.7579 | best Score: 0.6986 | best Score epoch: 20 
epoch 30, iter  401: loss: 0.0054 | load time: 0.0003 | back time: 0.7763 | lr: 0.00005253 | best AP50 acc: 0.8546 | best AP70 acc: 0.7402 | best mAP acc: 0.6986 | best mAR acc: 0.7579 | best Score: 0.6986 | best Score epoch: 20 
epoch 30, iter  451: loss: 0.0056 | load time: 0.0002 | back time: 0.7710 | lr: 0.00005239 | best AP50 acc: 0.8546 | best AP70 acc: 0.7402 | best mAP acc: 0.6986 | best mAR acc: 0.7579 | best Score: 0.6986 | best Score epoch: 20 
epoch 30, iter  501: loss: 0.0054 | load time: 0.0002 | back time: 0.7690 | lr: 0.00005226 | best AP50 acc: 0.8546 | best AP70 acc: 0.7402 | best mAP acc: 0.6986 | best mAR acc: 0.7579 | best Score: 0.6986 | best Score epoch: 20 
epoch 30, iter  551: loss: 0.0056 | load time: 0.0003 | back time: 0.7713 | lr: 0.00005212 | best AP50 acc: 0.8546 | best AP70 acc: 0.7402 | best mAP acc: 0.6986 | best mAR acc: 0.7579 | best Score: 0.6986 | best Score epoch: 20 
epoch 30, iter  601: loss: 0.0056 | load time: 0.0002 | back time: 0.7690 | lr: 0.00005199 | best AP50 acc: 0.8546 | best AP70 acc: 0.7402 | best mAP acc: 0.6986 | best mAR acc: 0.7579 | best Score: 0.6986 | best Score epoch: 20 
epoch 30, iter  651: loss: 0.0056 | load time: 0.0003 | back time: 0.7723 | lr: 0.00005185 | best AP50 acc: 0.8546 | best AP70 acc: 0.7402 | best mAP acc: 0.6986 | best mAR acc: 0.7579 | best Score: 0.6986 | best Score epoch: 20 
epoch 30, iter  701: loss: 0.0057 | load time: 0.0002 | back time: 0.7713 | lr: 0.00005172 | best AP50 acc: 0.8546 | best AP70 acc: 0.7402 | best mAP acc: 0.6986 | best mAR acc: 0.7579 | best Score: 0.6986 | best Score epoch: 20 
epoch 30, iter  751: loss: 0.0054 | load time: 0.0003 | back time: 0.7693 | lr: 0.00005158 | best AP50 acc: 0.8546 | best AP70 acc: 0.7402 | best mAP acc: 0.6986 | best mAR acc: 0.7579 | best Score: 0.6986 | best Score epoch: 20 
epoch 30, iter  801: loss: 0.0056 | load time: 0.0002 | back time: 0.7695 | lr: 0.00005145 | best AP50 acc: 0.8546 | best AP70 acc: 0.7402 | best mAP acc: 0.6986 | best mAR acc: 0.7579 | best Score: 0.6986 | best Score epoch: 20 
epoch 30, iter  851: loss: 0.0056 | load time: 0.0002 | back time: 0.7695 | lr: 0.00005131 | best AP50 acc: 0.8546 | best AP70 acc: 0.7402 | best mAP acc: 0.6986 | best mAR acc: 0.7579 | best Score: 0.6986 | best Score epoch: 20 
epoch 30, iter  901: loss: 0.0056 | load time: 0.0002 | back time: 0.7677 | lr: 0.00005118 | best AP50 acc: 0.8546 | best AP70 acc: 0.7402 | best mAP acc: 0.6986 | best mAR acc: 0.7579 | best Score: 0.6986 | best Score epoch: 20 
epoch 30, iter  951: loss: 0.0057 | load time: 0.0002 | back time: 0.7681 | lr: 0.00005104 | best AP50 acc: 0.8546 | best AP70 acc: 0.7402 | best mAP acc: 0.6986 | best mAR acc: 0.7579 | best Score: 0.6986 | best Score epoch: 20 
epoch 30, iter 1001: loss: 0.0056 | load time: 0.0002 | back time: 0.7707 | lr: 0.00005091 | best AP50 acc: 0.8546 | best AP70 acc: 0.7402 | best mAP acc: 0.6986 | best mAR acc: 0.7579 | best Score: 0.6986 | best Score epoch: 20 
epoch 30, iter 1051: loss: 0.0056 | load time: 0.0002 | back time: 0.7709 | lr: 0.00005077 | best AP50 acc: 0.8546 | best AP70 acc: 0.7402 | best mAP acc: 0.6986 | best mAR acc: 0.7579 | best Score: 0.6986 | best Score epoch: 20 
epoch 30, iter 1101: loss: 0.0056 | load time: 0.0002 | back time: 0.7704 | lr: 0.00005064 | best AP50 acc: 0.8546 | best AP70 acc: 0.7402 | best mAP acc: 0.6986 | best mAR acc: 0.7579 | best Score: 0.6986 | best Score epoch: 20 
epoch 30, iter 1151: loss: 0.0056 | load time: 0.0003 | back time: 0.7660 | lr: 0.00005050 | best AP50 acc: 0.8546 | best AP70 acc: 0.7402 | best mAP acc: 0.6986 | best mAR acc: 0.7579 | best Score: 0.6986 | best Score epoch: 20 
UAV_SEQS_2 | mAP50:90: 26.7394 | AP50: 57.7947 | AP70: 22.5763 
UAV_SEQS_37 | mAP50:90: 83.8577 | AP50: 100.0000 | AP70: 84.8716 
UAV_SEQS_45 | mAP50:90: 93.3583 | AP50: 100.0000 | AP70: 98.9967 
UAV_SEQS_47 | mAP50:90: 90.9590 | AP50: 100.0000 | AP70: 95.8640 
UAV_SEQS_55 | mAP50:90: 43.5027 | AP50: 64.2638 | AP70: 47.4926 
UAV_SEQS_59 | mAP50:90: 73.7943 | AP50: 98.8101 | AP70: 84.8234 
UAV_SEQS_6 | mAP50:90: 38.5384 | AP50: 49.4793 | AP70: 37.7931 
UAV_SEQS_63 | mAP50:90: 6.0793 | AP50: 22.8910 | AP70: 0.4436 
UAV_SEQS_65 | mAP50:90: 78.5308 | AP50: 95.9766 | AP70: 89.1635 
UAV_SEQS_7 | mAP50:90: 94.3437 | AP50: 99.0099 | AP70: 99.0099 
UAV_SEQS_71 | mAP50:90: 80.7755 | AP50: 95.5277 | AP70: 85.4613 
UAV_SEQS_73 | mAP50:90: 67.3707 | AP50: 88.5545 | AP70: 74.9142 
UAV_SEQS_74 | mAP50:90: 99.6350 | AP50: 100.0000 | AP70: 100.0000 
UAV_SEQS_77 | mAP50:90: 23.9809 | AP50: 38.6228 | AP70: 25.0425 
UAV_SEQS_8 | mAP50:90: 77.9104 | AP50: 100.0000 | AP70: 88.7294 
Overall            | mAP50:95: 65.7706 | AP50: 82.7226 | AP70: 69.2261 
