epoch  1, iter    1: loss: 0.1216 | load time: 0.1352 | back time: 1.6972 | lr: 0.00000012 | best AP50 acc: 0.0000 | best AP70 acc: 0.0000 | best mAP acc: 0.0000 | best mAR acc: 0.0000 | best Score: 0.0000 | best Score epoch: -1 
epoch  1, iter   51: loss: 0.0792 | load time: 0.0002 | back time: 0.8254 | lr: 0.00000098 | best AP50 acc: 0.0000 | best AP70 acc: 0.0000 | best mAP acc: 0.0000 | best mAR acc: 0.0000 | best Score: 0.0000 | best Score epoch: -1 
epoch  1, iter  101: loss: 0.0416 | load time: 0.0003 | back time: 0.8339 | lr: 0.00000185 | best AP50 acc: 0.0000 | best AP70 acc: 0.0000 | best mAP acc: 0.0000 | best mAR acc: 0.0000 | best Score: 0.0000 | best Score epoch: -1 
epoch  1, iter  151: loss: 0.0137 | load time: 0.0002 | back time: 0.8364 | lr: 0.00000272 | best AP50 acc: 0.0000 | best AP70 acc: 0.0000 | best mAP acc: 0.0000 | best mAR acc: 0.0000 | best Score: 0.0000 | best Score epoch: -1 
epoch  1, iter  201: loss: 0.0065 | load time: 0.0002 | back time: 0.8407 | lr: 0.00000359 | best AP50 acc: 0.0000 | best AP70 acc: 0.0000 | best mAP acc: 0.0000 | best mAR acc: 0.0000 | best Score: 0.0000 | best Score epoch: -1 
epoch  1, iter  251: loss: 0.0050 | load time: 0.0003 | back time: 0.8482 | lr: 0.00000445 | best AP50 acc: 0.0000 | best AP70 acc: 0.0000 | best mAP acc: 0.0000 | best mAR acc: 0.0000 | best Score: 0.0000 | best Score epoch: -1 
epoch  1, iter  301: loss: 0.0032 | load time: 0.0002 | back time: 0.8361 | lr: 0.00000532 | best AP50 acc: 0.0000 | best AP70 acc: 0.0000 | best mAP acc: 0.0000 | best mAR acc: 0.0000 | best Score: 0.0000 | best Score epoch: -1 
epoch  1, iter  351: loss: 0.0032 | load time: 0.0002 | back time: 0.8488 | lr: 0.00000619 | best AP50 acc: 0.0000 | best AP70 acc: 0.0000 | best mAP acc: 0.0000 | best mAR acc: 0.0000 | best Score: 0.0000 | best Score epoch: -1 
epoch  1, iter  401: loss: 0.0021 | load time: 0.0002 | back time: 0.8493 | lr: 0.00000705 | best AP50 acc: 0.0000 | best AP70 acc: 0.0000 | best mAP acc: 0.0000 | best mAR acc: 0.0000 | best Score: 0.0000 | best Score epoch: -1 
epoch  1, iter  451: loss: 0.0019 | load time: 0.0002 | back time: 0.8461 | lr: 0.00000792 | best AP50 acc: 0.0000 | best AP70 acc: 0.0000 | best mAP acc: 0.0000 | best mAR acc: 0.0000 | best Score: 0.0000 | best Score epoch: -1 
epoch  1, iter  501: loss: 0.0018 | load time: 0.0001 | back time: 0.8464 | lr: 0.00000879 | best AP50 acc: 0.0000 | best AP70 acc: 0.0000 | best mAP acc: 0.0000 | best mAR acc: 0.0000 | best Score: 0.0000 | best Score epoch: -1 
epoch  1, iter  551: loss: 0.0017 | load time: 0.0002 | back time: 0.8747 | lr: 0.00000966 | best AP50 acc: 0.0000 | best AP70 acc: 0.0000 | best mAP acc: 0.0000 | best mAR acc: 0.0000 | best Score: 0.0000 | best Score epoch: -1 
epoch  1, iter  601: loss: 0.0016 | load time: 0.0002 | back time: 0.8407 | lr: 0.00001052 | best AP50 acc: 0.0000 | best AP70 acc: 0.0000 | best mAP acc: 0.0000 | best mAR acc: 0.0000 | best Score: 0.0000 | best Score epoch: -1 
epoch  1, iter  651: loss: 0.0015 | load time: 0.0001 | back time: 0.8544 | lr: 0.00001139 | best AP50 acc: 0.0000 | best AP70 acc: 0.0000 | best mAP acc: 0.0000 | best mAR acc: 0.0000 | best Score: 0.0000 | best Score epoch: -1 
epoch  1, iter  701: loss: 0.0014 | load time: 0.0002 | back time: 0.8476 | lr: 0.00001226 | best AP50 acc: 0.0000 | best AP70 acc: 0.0000 | best mAP acc: 0.0000 | best mAR acc: 0.0000 | best Score: 0.0000 | best Score epoch: -1 
epoch  1, iter  751: loss: 0.0013 | load time: 0.0001 | back time: 0.8476 | lr: 0.00001313 | best AP50 acc: 0.0000 | best AP70 acc: 0.0000 | best mAP acc: 0.0000 | best mAR acc: 0.0000 | best Score: 0.0000 | best Score epoch: -1 
epoch  1, iter  801: loss: 0.0013 | load time: 0.0001 | back time: 0.8454 | lr: 0.00001399 | best AP50 acc: 0.0000 | best AP70 acc: 0.0000 | best mAP acc: 0.0000 | best mAR acc: 0.0000 | best Score: 0.0000 | best Score epoch: -1 
epoch  1, iter  851: loss: 0.0012 | load time: 0.0002 | back time: 0.8508 | lr: 0.00001486 | best AP50 acc: 0.0000 | best AP70 acc: 0.0000 | best mAP acc: 0.0000 | best mAR acc: 0.0000 | best Score: 0.0000 | best Score epoch: -1 
epoch  1, iter  901: loss: 0.0013 | load time: 0.0002 | back time: 0.8496 | lr: 0.00001573 | best AP50 acc: 0.0000 | best AP70 acc: 0.0000 | best mAP acc: 0.0000 | best mAR acc: 0.0000 | best Score: 0.0000 | best Score epoch: -1 
epoch  1, iter  951: loss: 0.0014 | load time: 0.0002 | back time: 0.8524 | lr: 0.00001659 | best AP50 acc: 0.0000 | best AP70 acc: 0.0000 | best mAP acc: 0.0000 | best mAR acc: 0.0000 | best Score: 0.0000 | best Score epoch: -1 
epoch  1, iter 1001: loss: 0.0013 | load time: 0.0001 | back time: 0.8469 | lr: 0.00001746 | best AP50 acc: 0.0000 | best AP70 acc: 0.0000 | best mAP acc: 0.0000 | best mAR acc: 0.0000 | best Score: 0.0000 | best Score epoch: -1 
epoch  1, iter 1051: loss: 0.0011 | load time: 0.0002 | back time: 0.8460 | lr: 0.00001833 | best AP50 acc: 0.0000 | best AP70 acc: 0.0000 | best mAP acc: 0.0000 | best mAR acc: 0.0000 | best Score: 0.0000 | best Score epoch: -1 
epoch  1, iter 1101: loss: 0.0011 | load time: 0.0002 | back time: 0.8464 | lr: 0.00001920 | best AP50 acc: 0.0000 | best AP70 acc: 0.0000 | best mAP acc: 0.0000 | best mAR acc: 0.0000 | best Score: 0.0000 | best Score epoch: -1 
epoch  1, iter 1151: loss: 0.0012 | load time: 0.0002 | back time: 0.8484 | lr: 0.00002006 | best AP50 acc: 0.0000 | best AP70 acc: 0.0000 | best mAP acc: 0.0000 | best mAR acc: 0.0000 | best Score: 0.0000 | best Score epoch: -1 
epoch  2, iter    1: loss: 0.0011 | load time: 0.0007 | back time: 0.3379 | lr: 0.00002010 | best AP50 acc: 0.0000 | best AP70 acc: 0.0000 | best mAP acc: 0.0000 | best mAR acc: 0.0000 | best Score: 0.0000 | best Score epoch: -1 
epoch  2, iter   51: loss: 0.0012 | load time: 0.0002 | back time: 0.8463 | lr: 0.00002096 | best AP50 acc: 0.0000 | best AP70 acc: 0.0000 | best mAP acc: 0.0000 | best mAR acc: 0.0000 | best Score: 0.0000 | best Score epoch: -1 
epoch  2, iter  101: loss: 0.0009 | load time: 0.0001 | back time: 0.8588 | lr: 0.00002183 | best AP50 acc: 0.0000 | best AP70 acc: 0.0000 | best mAP acc: 0.0000 | best mAR acc: 0.0000 | best Score: 0.0000 | best Score epoch: -1 
epoch  2, iter  151: loss: 0.0012 | load time: 0.0002 | back time: 0.8515 | lr: 0.00002270 | best AP50 acc: 0.0000 | best AP70 acc: 0.0000 | best mAP acc: 0.0000 | best mAR acc: 0.0000 | best Score: 0.0000 | best Score epoch: -1 
epoch  2, iter  201: loss: 0.0008 | load time: 0.0003 | back time: 0.8483 | lr: 0.00002357 | best AP50 acc: 0.0000 | best AP70 acc: 0.0000 | best mAP acc: 0.0000 | best mAR acc: 0.0000 | best Score: 0.0000 | best Score epoch: -1 
epoch  2, iter  251: loss: 0.0010 | load time: 0.0003 | back time: 0.8582 | lr: 0.00002443 | best AP50 acc: 0.0000 | best AP70 acc: 0.0000 | best mAP acc: 0.0000 | best mAR acc: 0.0000 | best Score: 0.0000 | best Score epoch: -1 
epoch  2, iter  301: loss: 0.0009 | load time: 0.0002 | back time: 0.7431 | lr: 0.00002530 | best AP50 acc: 0.0000 | best AP70 acc: 0.0000 | best mAP acc: 0.0000 | best mAR acc: 0.0000 | best Score: 0.0000 | best Score epoch: -1 
epoch  2, iter  351: loss: 0.0012 | load time: 0.0002 | back time: 0.8244 | lr: 0.00002617 | best AP50 acc: 0.0000 | best AP70 acc: 0.0000 | best mAP acc: 0.0000 | best mAR acc: 0.0000 | best Score: 0.0000 | best Score epoch: -1 
epoch  2, iter  401: loss: 0.0007 | load time: 0.0003 | back time: 0.8780 | lr: 0.00002703 | best AP50 acc: 0.0000 | best AP70 acc: 0.0000 | best mAP acc: 0.0000 | best mAR acc: 0.0000 | best Score: 0.0000 | best Score epoch: -1 
epoch  2, iter  451: loss: 0.0009 | load time: 0.0001 | back time: 0.8421 | lr: 0.00002790 | best AP50 acc: 0.0000 | best AP70 acc: 0.0000 | best mAP acc: 0.0000 | best mAR acc: 0.0000 | best Score: 0.0000 | best Score epoch: -1 
epoch  2, iter  501: loss: 0.0008 | load time: 0.0002 | back time: 0.8378 | lr: 0.00002877 | best AP50 acc: 0.0000 | best AP70 acc: 0.0000 | best mAP acc: 0.0000 | best mAR acc: 0.0000 | best Score: 0.0000 | best Score epoch: -1 
epoch  2, iter  551: loss: 0.0009 | load time: 0.0001 | back time: 0.8203 | lr: 0.00002964 | best AP50 acc: 0.0000 | best AP70 acc: 0.0000 | best mAP acc: 0.0000 | best mAR acc: 0.0000 | best Score: 0.0000 | best Score epoch: -1 
epoch  2, iter  601: loss: 0.0010 | load time: 0.0001 | back time: 0.8376 | lr: 0.00003050 | best AP50 acc: 0.0000 | best AP70 acc: 0.0000 | best mAP acc: 0.0000 | best mAR acc: 0.0000 | best Score: 0.0000 | best Score epoch: -1 
epoch  2, iter  651: loss: 0.0010 | load time: 0.0002 | back time: 0.8422 | lr: 0.00003137 | best AP50 acc: 0.0000 | best AP70 acc: 0.0000 | best mAP acc: 0.0000 | best mAR acc: 0.0000 | best Score: 0.0000 | best Score epoch: -1 
epoch  2, iter  701: loss: 0.0010 | load time: 0.0002 | back time: 0.8378 | lr: 0.00003224 | best AP50 acc: 0.0000 | best AP70 acc: 0.0000 | best mAP acc: 0.0000 | best mAR acc: 0.0000 | best Score: 0.0000 | best Score epoch: -1 
epoch  2, iter  751: loss: 0.0007 | load time: 0.0002 | back time: 0.8410 | lr: 0.00003311 | best AP50 acc: 0.0000 | best AP70 acc: 0.0000 | best mAP acc: 0.0000 | best mAR acc: 0.0000 | best Score: 0.0000 | best Score epoch: -1 
epoch  2, iter  801: loss: 0.0007 | load time: 0.0004 | back time: 0.8160 | lr: 0.00003397 | best AP50 acc: 0.0000 | best AP70 acc: 0.0000 | best mAP acc: 0.0000 | best mAR acc: 0.0000 | best Score: 0.0000 | best Score epoch: -1 
epoch  2, iter  851: loss: 0.0007 | load time: 0.0002 | back time: 0.8119 | lr: 0.00003484 | best AP50 acc: 0.0000 | best AP70 acc: 0.0000 | best mAP acc: 0.0000 | best mAR acc: 0.0000 | best Score: 0.0000 | best Score epoch: -1 
epoch  2, iter  901: loss: 0.0009 | load time: 0.0003 | back time: 0.8629 | lr: 0.00003571 | best AP50 acc: 0.0000 | best AP70 acc: 0.0000 | best mAP acc: 0.0000 | best mAR acc: 0.0000 | best Score: 0.0000 | best Score epoch: -1 
epoch  2, iter  951: loss: 0.0009 | load time: 0.0003 | back time: 0.8692 | lr: 0.00003657 | best AP50 acc: 0.0000 | best AP70 acc: 0.0000 | best mAP acc: 0.0000 | best mAR acc: 0.0000 | best Score: 0.0000 | best Score epoch: -1 
epoch  2, iter 1001: loss: 0.0003 | load time: 0.0002 | back time: 0.8778 | lr: 0.00003744 | best AP50 acc: 0.0000 | best AP70 acc: 0.0000 | best mAP acc: 0.0000 | best mAR acc: 0.0000 | best Score: 0.0000 | best Score epoch: -1 
epoch  2, iter 1051: loss: 0.0008 | load time: 0.0002 | back time: 0.8787 | lr: 0.00003831 | best AP50 acc: 0.0000 | best AP70 acc: 0.0000 | best mAP acc: 0.0000 | best mAR acc: 0.0000 | best Score: 0.0000 | best Score epoch: -1 
epoch  2, iter 1101: loss: 0.0007 | load time: 0.0002 | back time: 0.8406 | lr: 0.00003918 | best AP50 acc: 0.0000 | best AP70 acc: 0.0000 | best mAP acc: 0.0000 | best mAR acc: 0.0000 | best Score: 0.0000 | best Score epoch: -1 
epoch  2, iter 1151: loss: 0.0005 | load time: 0.0001 | back time: 0.8655 | lr: 0.00004004 | best AP50 acc: 0.0000 | best AP70 acc: 0.0000 | best mAP acc: 0.0000 | best mAR acc: 0.0000 | best Score: 0.0000 | best Score epoch: -1 
epoch  3, iter    1: loss: 0.0007 | load time: 0.0008 | back time: 0.3528 | lr: 0.00004008 | best AP50 acc: 0.0000 | best AP70 acc: 0.0000 | best mAP acc: 0.0000 | best mAR acc: 0.0000 | best Score: 0.0000 | best Score epoch: -1 
epoch  3, iter   51: loss: 0.0007 | load time: 0.0002 | back time: 0.8423 | lr: 0.00004094 | best AP50 acc: 0.0000 | best AP70 acc: 0.0000 | best mAP acc: 0.0000 | best mAR acc: 0.0000 | best Score: 0.0000 | best Score epoch: -1 
epoch  3, iter  101: loss: 0.0006 | load time: 0.0002 | back time: 0.8410 | lr: 0.00004181 | best AP50 acc: 0.0000 | best AP70 acc: 0.0000 | best mAP acc: 0.0000 | best mAR acc: 0.0000 | best Score: 0.0000 | best Score epoch: -1 
epoch  3, iter  151: loss: 0.0006 | load time: 0.0002 | back time: 0.8478 | lr: 0.00004268 | best AP50 acc: 0.0000 | best AP70 acc: 0.0000 | best mAP acc: 0.0000 | best mAR acc: 0.0000 | best Score: 0.0000 | best Score epoch: -1 
epoch  3, iter  201: loss: 0.0006 | load time: 0.0001 | back time: 0.8120 | lr: 0.00004355 | best AP50 acc: 0.0000 | best AP70 acc: 0.0000 | best mAP acc: 0.0000 | best mAR acc: 0.0000 | best Score: 0.0000 | best Score epoch: -1 
epoch  3, iter  251: loss: 0.0009 | load time: 0.0002 | back time: 0.8422 | lr: 0.00004441 | best AP50 acc: 0.0000 | best AP70 acc: 0.0000 | best mAP acc: 0.0000 | best mAR acc: 0.0000 | best Score: 0.0000 | best Score epoch: -1 
epoch  3, iter  301: loss: 0.0011 | load time: 0.0002 | back time: 0.8518 | lr: 0.00004528 | best AP50 acc: 0.0000 | best AP70 acc: 0.0000 | best mAP acc: 0.0000 | best mAR acc: 0.0000 | best Score: 0.0000 | best Score epoch: -1 
epoch  3, iter  351: loss: 0.0007 | load time: 0.0002 | back time: 0.8520 | lr: 0.00004615 | best AP50 acc: 0.0000 | best AP70 acc: 0.0000 | best mAP acc: 0.0000 | best mAR acc: 0.0000 | best Score: 0.0000 | best Score epoch: -1 
epoch  3, iter  401: loss: 0.0010 | load time: 0.0002 | back time: 0.8642 | lr: 0.00004701 | best AP50 acc: 0.0000 | best AP70 acc: 0.0000 | best mAP acc: 0.0000 | best mAR acc: 0.0000 | best Score: 0.0000 | best Score epoch: -1 
epoch  3, iter  451: loss: 0.0004 | load time: 0.0002 | back time: 0.8729 | lr: 0.00004788 | best AP50 acc: 0.0000 | best AP70 acc: 0.0000 | best mAP acc: 0.0000 | best mAR acc: 0.0000 | best Score: 0.0000 | best Score epoch: -1 
epoch  3, iter  501: loss: 0.0005 | load time: 0.0003 | back time: 0.8284 | lr: 0.00004875 | best AP50 acc: 0.0000 | best AP70 acc: 0.0000 | best mAP acc: 0.0000 | best mAR acc: 0.0000 | best Score: 0.0000 | best Score epoch: -1 
epoch  3, iter  551: loss: 0.0006 | load time: 0.0002 | back time: 0.8400 | lr: 0.00004962 | best AP50 acc: 0.0000 | best AP70 acc: 0.0000 | best mAP acc: 0.0000 | best mAR acc: 0.0000 | best Score: 0.0000 | best Score epoch: -1 
epoch  3, iter  601: loss: 0.0004 | load time: 0.0002 | back time: 0.8441 | lr: 0.00005048 | best AP50 acc: 0.0000 | best AP70 acc: 0.0000 | best mAP acc: 0.0000 | best mAR acc: 0.0000 | best Score: 0.0000 | best Score epoch: -1 
epoch  3, iter  651: loss: 0.0007 | load time: 0.0003 | back time: 0.8431 | lr: 0.00005135 | best AP50 acc: 0.0000 | best AP70 acc: 0.0000 | best mAP acc: 0.0000 | best mAR acc: 0.0000 | best Score: 0.0000 | best Score epoch: -1 
epoch  3, iter  701: loss: 0.0006 | load time: 0.0002 | back time: 0.8401 | lr: 0.00005222 | best AP50 acc: 0.0000 | best AP70 acc: 0.0000 | best mAP acc: 0.0000 | best mAR acc: 0.0000 | best Score: 0.0000 | best Score epoch: -1 
epoch  3, iter  751: loss: 0.0004 | load time: 0.0001 | back time: 0.8515 | lr: 0.00005309 | best AP50 acc: 0.0000 | best AP70 acc: 0.0000 | best mAP acc: 0.0000 | best mAR acc: 0.0000 | best Score: 0.0000 | best Score epoch: -1 
epoch  3, iter  801: loss: 0.0005 | load time: 0.0001 | back time: 0.8394 | lr: 0.00005395 | best AP50 acc: 0.0000 | best AP70 acc: 0.0000 | best mAP acc: 0.0000 | best mAR acc: 0.0000 | best Score: 0.0000 | best Score epoch: -1 
epoch  3, iter  851: loss: 0.0005 | load time: 0.0002 | back time: 0.8417 | lr: 0.00005482 | best AP50 acc: 0.0000 | best AP70 acc: 0.0000 | best mAP acc: 0.0000 | best mAR acc: 0.0000 | best Score: 0.0000 | best Score epoch: -1 
epoch  3, iter  901: loss: 0.0008 | load time: 0.0001 | back time: 0.8454 | lr: 0.00005569 | best AP50 acc: 0.0000 | best AP70 acc: 0.0000 | best mAP acc: 0.0000 | best mAR acc: 0.0000 | best Score: 0.0000 | best Score epoch: -1 
epoch  3, iter  951: loss: 0.0008 | load time: 0.0002 | back time: 0.8398 | lr: 0.00005655 | best AP50 acc: 0.0000 | best AP70 acc: 0.0000 | best mAP acc: 0.0000 | best mAR acc: 0.0000 | best Score: 0.0000 | best Score epoch: -1 
epoch  3, iter 1001: loss: 0.0004 | load time: 0.0002 | back time: 0.8123 | lr: 0.00005742 | best AP50 acc: 0.0000 | best AP70 acc: 0.0000 | best mAP acc: 0.0000 | best mAR acc: 0.0000 | best Score: 0.0000 | best Score epoch: -1 
epoch  3, iter 1051: loss: 0.0003 | load time: 0.0003 | back time: 0.8268 | lr: 0.00005829 | best AP50 acc: 0.0000 | best AP70 acc: 0.0000 | best mAP acc: 0.0000 | best mAR acc: 0.0000 | best Score: 0.0000 | best Score epoch: -1 
epoch  3, iter 1101: loss: 0.0004 | load time: 0.0001 | back time: 0.8106 | lr: 0.00005916 | best AP50 acc: 0.0000 | best AP70 acc: 0.0000 | best mAP acc: 0.0000 | best mAR acc: 0.0000 | best Score: 0.0000 | best Score epoch: -1 
epoch  3, iter 1151: loss: 0.0008 | load time: 0.0001 | back time: 0.8687 | lr: 0.00006002 | best AP50 acc: 0.0000 | best AP70 acc: 0.0000 | best mAP acc: 0.0000 | best mAR acc: 0.0000 | best Score: 0.0000 | best Score epoch: -1 
epoch  4, iter    1: loss: 0.0005 | load time: 0.0005 | back time: 0.2960 | lr: 0.00006006 | best AP50 acc: 0.0000 | best AP70 acc: 0.0000 | best mAP acc: 0.0000 | best mAR acc: 0.0000 | best Score: 0.0000 | best Score epoch: -1 
epoch  4, iter   51: loss: 0.0008 | load time: 0.0001 | back time: 0.8285 | lr: 0.00006092 | best AP50 acc: 0.0000 | best AP70 acc: 0.0000 | best mAP acc: 0.0000 | best mAR acc: 0.0000 | best Score: 0.0000 | best Score epoch: -1 
epoch  4, iter  101: loss: 0.0008 | load time: 0.0001 | back time: 0.8331 | lr: 0.00006179 | best AP50 acc: 0.0000 | best AP70 acc: 0.0000 | best mAP acc: 0.0000 | best mAR acc: 0.0000 | best Score: 0.0000 | best Score epoch: -1 
epoch  4, iter  151: loss: 0.0008 | load time: 0.0002 | back time: 0.8427 | lr: 0.00006266 | best AP50 acc: 0.0000 | best AP70 acc: 0.0000 | best mAP acc: 0.0000 | best mAR acc: 0.0000 | best Score: 0.0000 | best Score epoch: -1 
epoch  4, iter  201: loss: 0.0005 | load time: 0.0002 | back time: 0.8415 | lr: 0.00006353 | best AP50 acc: 0.0000 | best AP70 acc: 0.0000 | best mAP acc: 0.0000 | best mAR acc: 0.0000 | best Score: 0.0000 | best Score epoch: -1 
epoch  4, iter  251: loss: 0.0002 | load time: 0.0001 | back time: 0.8312 | lr: 0.00006439 | best AP50 acc: 0.0000 | best AP70 acc: 0.0000 | best mAP acc: 0.0000 | best mAR acc: 0.0000 | best Score: 0.0000 | best Score epoch: -1 
epoch  4, iter  301: loss: 0.0004 | load time: 0.0002 | back time: 0.8308 | lr: 0.00006526 | best AP50 acc: 0.0000 | best AP70 acc: 0.0000 | best mAP acc: 0.0000 | best mAR acc: 0.0000 | best Score: 0.0000 | best Score epoch: -1 
epoch  4, iter  351: loss: 0.0002 | load time: 0.0001 | back time: 0.8781 | lr: 0.00006613 | best AP50 acc: 0.0000 | best AP70 acc: 0.0000 | best mAP acc: 0.0000 | best mAR acc: 0.0000 | best Score: 0.0000 | best Score epoch: -1 
epoch  4, iter  401: loss: 0.0007 | load time: 0.0002 | back time: 0.8394 | lr: 0.00006699 | best AP50 acc: 0.0000 | best AP70 acc: 0.0000 | best mAP acc: 0.0000 | best mAR acc: 0.0000 | best Score: 0.0000 | best Score epoch: -1 
epoch  4, iter  451: loss: 0.0006 | load time: 0.0002 | back time: 0.8449 | lr: 0.00006786 | best AP50 acc: 0.0000 | best AP70 acc: 0.0000 | best mAP acc: 0.0000 | best mAR acc: 0.0000 | best Score: 0.0000 | best Score epoch: -1 
epoch  4, iter  501: loss: 0.0006 | load time: 0.0002 | back time: 0.8386 | lr: 0.00006873 | best AP50 acc: 0.0000 | best AP70 acc: 0.0000 | best mAP acc: 0.0000 | best mAR acc: 0.0000 | best Score: 0.0000 | best Score epoch: -1 
epoch  4, iter  551: loss: 0.0006 | load time: 0.0001 | back time: 0.8334 | lr: 0.00006960 | best AP50 acc: 0.0000 | best AP70 acc: 0.0000 | best mAP acc: 0.0000 | best mAR acc: 0.0000 | best Score: 0.0000 | best Score epoch: -1 
epoch  4, iter  601: loss: 0.0003 | load time: 0.0002 | back time: 0.8177 | lr: 0.00007046 | best AP50 acc: 0.0000 | best AP70 acc: 0.0000 | best mAP acc: 0.0000 | best mAR acc: 0.0000 | best Score: 0.0000 | best Score epoch: -1 
epoch  4, iter  651: loss: 0.0006 | load time: 0.0002 | back time: 0.8645 | lr: 0.00007133 | best AP50 acc: 0.0000 | best AP70 acc: 0.0000 | best mAP acc: 0.0000 | best mAR acc: 0.0000 | best Score: 0.0000 | best Score epoch: -1 
epoch  4, iter  701: loss: 0.0006 | load time: 0.0002 | back time: 0.8556 | lr: 0.00007220 | best AP50 acc: 0.0000 | best AP70 acc: 0.0000 | best mAP acc: 0.0000 | best mAR acc: 0.0000 | best Score: 0.0000 | best Score epoch: -1 
epoch  4, iter  751: loss: 0.0008 | load time: 0.0002 | back time: 0.8377 | lr: 0.00007307 | best AP50 acc: 0.0000 | best AP70 acc: 0.0000 | best mAP acc: 0.0000 | best mAR acc: 0.0000 | best Score: 0.0000 | best Score epoch: -1 
epoch  4, iter  801: loss: 0.0008 | load time: 0.0003 | back time: 0.8381 | lr: 0.00007393 | best AP50 acc: 0.0000 | best AP70 acc: 0.0000 | best mAP acc: 0.0000 | best mAR acc: 0.0000 | best Score: 0.0000 | best Score epoch: -1 
epoch  4, iter  851: loss: 0.0006 | load time: 0.0002 | back time: 0.8415 | lr: 0.00007480 | best AP50 acc: 0.0000 | best AP70 acc: 0.0000 | best mAP acc: 0.0000 | best mAR acc: 0.0000 | best Score: 0.0000 | best Score epoch: -1 
epoch  4, iter  901: loss: 0.0004 | load time: 0.0002 | back time: 0.8401 | lr: 0.00007567 | best AP50 acc: 0.0000 | best AP70 acc: 0.0000 | best mAP acc: 0.0000 | best mAR acc: 0.0000 | best Score: 0.0000 | best Score epoch: -1 
epoch  4, iter  951: loss: 0.0006 | load time: 0.0001 | back time: 0.8389 | lr: 0.00007653 | best AP50 acc: 0.0000 | best AP70 acc: 0.0000 | best mAP acc: 0.0000 | best mAR acc: 0.0000 | best Score: 0.0000 | best Score epoch: -1 
epoch  4, iter 1001: loss: 0.0005 | load time: 0.0003 | back time: 0.8432 | lr: 0.00007740 | best AP50 acc: 0.0000 | best AP70 acc: 0.0000 | best mAP acc: 0.0000 | best mAR acc: 0.0000 | best Score: 0.0000 | best Score epoch: -1 
epoch  4, iter 1051: loss: 0.0004 | load time: 0.0002 | back time: 0.8396 | lr: 0.00007827 | best AP50 acc: 0.0000 | best AP70 acc: 0.0000 | best mAP acc: 0.0000 | best mAR acc: 0.0000 | best Score: 0.0000 | best Score epoch: -1 
epoch  4, iter 1101: loss: 0.0005 | load time: 0.0003 | back time: 0.8362 | lr: 0.00007914 | best AP50 acc: 0.0000 | best AP70 acc: 0.0000 | best mAP acc: 0.0000 | best mAR acc: 0.0000 | best Score: 0.0000 | best Score epoch: -1 
epoch  4, iter 1151: loss: 0.0006 | load time: 0.0001 | back time: 0.8400 | lr: 0.00008000 | best AP50 acc: 0.0000 | best AP70 acc: 0.0000 | best mAP acc: 0.0000 | best mAR acc: 0.0000 | best Score: 0.0000 | best Score epoch: -1 
epoch  5, iter    1: loss: 0.0006 | load time: 0.0017 | back time: 0.3349 | lr: 0.00008004 | best AP50 acc: 0.0000 | best AP70 acc: 0.0000 | best mAP acc: 0.0000 | best mAR acc: 0.0000 | best Score: 0.0000 | best Score epoch: -1 
epoch  5, iter   51: loss: 0.0009 | load time: 0.0002 | back time: 0.8444 | lr: 0.00008090 | best AP50 acc: 0.0000 | best AP70 acc: 0.0000 | best mAP acc: 0.0000 | best mAR acc: 0.0000 | best Score: 0.0000 | best Score epoch: -1 
epoch  5, iter  101: loss: 0.0003 | load time: 0.0004 | back time: 0.8435 | lr: 0.00008177 | best AP50 acc: 0.0000 | best AP70 acc: 0.0000 | best mAP acc: 0.0000 | best mAR acc: 0.0000 | best Score: 0.0000 | best Score epoch: -1 
epoch  5, iter  151: loss: 0.0007 | load time: 0.0002 | back time: 0.8414 | lr: 0.00008264 | best AP50 acc: 0.0000 | best AP70 acc: 0.0000 | best mAP acc: 0.0000 | best mAR acc: 0.0000 | best Score: 0.0000 | best Score epoch: -1 
epoch  5, iter  201: loss: 0.0002 | load time: 0.0002 | back time: 0.8607 | lr: 0.00008351 | best AP50 acc: 0.0000 | best AP70 acc: 0.0000 | best mAP acc: 0.0000 | best mAR acc: 0.0000 | best Score: 0.0000 | best Score epoch: -1 
epoch  5, iter  251: loss: 0.0006 | load time: 0.0002 | back time: 0.8407 | lr: 0.00008437 | best AP50 acc: 0.0000 | best AP70 acc: 0.0000 | best mAP acc: 0.0000 | best mAR acc: 0.0000 | best Score: 0.0000 | best Score epoch: -1 
epoch  5, iter  301: loss: 0.0007 | load time: 0.0003 | back time: 0.8414 | lr: 0.00008524 | best AP50 acc: 0.0000 | best AP70 acc: 0.0000 | best mAP acc: 0.0000 | best mAR acc: 0.0000 | best Score: 0.0000 | best Score epoch: -1 
epoch  5, iter  351: loss: 0.0009 | load time: 0.0002 | back time: 0.8430 | lr: 0.00008611 | best AP50 acc: 0.0000 | best AP70 acc: 0.0000 | best mAP acc: 0.0000 | best mAR acc: 0.0000 | best Score: 0.0000 | best Score epoch: -1 
epoch  5, iter  401: loss: 0.0008 | load time: 0.0003 | back time: 0.8421 | lr: 0.00008697 | best AP50 acc: 0.0000 | best AP70 acc: 0.0000 | best mAP acc: 0.0000 | best mAR acc: 0.0000 | best Score: 0.0000 | best Score epoch: -1 
epoch  5, iter  451: loss: 0.0004 | load time: 0.0002 | back time: 0.8476 | lr: 0.00008784 | best AP50 acc: 0.0000 | best AP70 acc: 0.0000 | best mAP acc: 0.0000 | best mAR acc: 0.0000 | best Score: 0.0000 | best Score epoch: -1 
epoch  5, iter  501: loss: 0.0006 | load time: 0.0002 | back time: 0.8440 | lr: 0.00008871 | best AP50 acc: 0.0000 | best AP70 acc: 0.0000 | best mAP acc: 0.0000 | best mAR acc: 0.0000 | best Score: 0.0000 | best Score epoch: -1 
epoch  5, iter  551: loss: 0.0009 | load time: 0.0002 | back time: 0.8246 | lr: 0.00008958 | best AP50 acc: 0.0000 | best AP70 acc: 0.0000 | best mAP acc: 0.0000 | best mAR acc: 0.0000 | best Score: 0.0000 | best Score epoch: -1 
epoch  5, iter  601: loss: 0.0004 | load time: 0.0002 | back time: 0.8439 | lr: 0.00009044 | best AP50 acc: 0.0000 | best AP70 acc: 0.0000 | best mAP acc: 0.0000 | best mAR acc: 0.0000 | best Score: 0.0000 | best Score epoch: -1 
epoch  5, iter  651: loss: 0.0008 | load time: 0.0001 | back time: 0.8422 | lr: 0.00009131 | best AP50 acc: 0.0000 | best AP70 acc: 0.0000 | best mAP acc: 0.0000 | best mAR acc: 0.0000 | best Score: 0.0000 | best Score epoch: -1 
epoch  5, iter  701: loss: 0.0008 | load time: 0.0004 | back time: 0.8456 | lr: 0.00009218 | best AP50 acc: 0.0000 | best AP70 acc: 0.0000 | best mAP acc: 0.0000 | best mAR acc: 0.0000 | best Score: 0.0000 | best Score epoch: -1 
epoch  5, iter  751: loss: 0.0003 | load time: 0.0001 | back time: 0.8431 | lr: 0.00009305 | best AP50 acc: 0.0000 | best AP70 acc: 0.0000 | best mAP acc: 0.0000 | best mAR acc: 0.0000 | best Score: 0.0000 | best Score epoch: -1 
epoch  5, iter  801: loss: 0.0012 | load time: 0.0003 | back time: 0.8434 | lr: 0.00009391 | best AP50 acc: 0.0000 | best AP70 acc: 0.0000 | best mAP acc: 0.0000 | best mAR acc: 0.0000 | best Score: 0.0000 | best Score epoch: -1 
epoch  5, iter  851: loss: 0.0008 | load time: 0.0001 | back time: 0.8440 | lr: 0.00009478 | best AP50 acc: 0.0000 | best AP70 acc: 0.0000 | best mAP acc: 0.0000 | best mAR acc: 0.0000 | best Score: 0.0000 | best Score epoch: -1 
epoch  5, iter  901: loss: 0.0006 | load time: 0.0003 | back time: 0.8426 | lr: 0.00009565 | best AP50 acc: 0.0000 | best AP70 acc: 0.0000 | best mAP acc: 0.0000 | best mAR acc: 0.0000 | best Score: 0.0000 | best Score epoch: -1 
epoch  5, iter  951: loss: 0.0006 | load time: 0.0003 | back time: 0.8590 | lr: 0.00009651 | best AP50 acc: 0.0000 | best AP70 acc: 0.0000 | best mAP acc: 0.0000 | best mAR acc: 0.0000 | best Score: 0.0000 | best Score epoch: -1 
epoch  5, iter 1001: loss: 0.0005 | load time: 0.0003 | back time: 0.8425 | lr: 0.00009738 | best AP50 acc: 0.0000 | best AP70 acc: 0.0000 | best mAP acc: 0.0000 | best mAR acc: 0.0000 | best Score: 0.0000 | best Score epoch: -1 
epoch  5, iter 1051: loss: 0.0006 | load time: 0.0003 | back time: 0.8543 | lr: 0.00009825 | best AP50 acc: 0.0000 | best AP70 acc: 0.0000 | best mAP acc: 0.0000 | best mAR acc: 0.0000 | best Score: 0.0000 | best Score epoch: -1 
epoch  5, iter 1101: loss: 0.0002 | load time: 0.0003 | back time: 0.8496 | lr: 0.00009912 | best AP50 acc: 0.0000 | best AP70 acc: 0.0000 | best mAP acc: 0.0000 | best mAR acc: 0.0000 | best Score: 0.0000 | best Score epoch: -1 
epoch  5, iter 1151: loss: 0.0005 | load time: 0.0011 | back time: 0.8446 | lr: 0.00009998 | best AP50 acc: 0.0000 | best AP70 acc: 0.0000 | best mAP acc: 0.0000 | best mAR acc: 0.0000 | best Score: 0.0000 | best Score epoch: -1 
epoch  6, iter    1: loss: 0.0004 | load time: 0.0006 | back time: 0.3698 | lr: 0.00010000 | best AP50 acc: 0.0000 | best AP70 acc: 0.0000 | best mAP acc: 0.0000 | best mAR acc: 0.0000 | best Score: 0.0000 | best Score epoch: -1 
epoch  6, iter   51: loss: 0.0003 | load time: 0.0002 | back time: 0.8576 | lr: 0.00010000 | best AP50 acc: 0.0000 | best AP70 acc: 0.0000 | best mAP acc: 0.0000 | best mAR acc: 0.0000 | best Score: 0.0000 | best Score epoch: -1 
epoch  6, iter  101: loss: 0.0005 | load time: 0.0003 | back time: 0.8447 | lr: 0.00010000 | best AP50 acc: 0.0000 | best AP70 acc: 0.0000 | best mAP acc: 0.0000 | best mAR acc: 0.0000 | best Score: 0.0000 | best Score epoch: -1 
epoch  6, iter  151: loss: 0.0009 | load time: 0.0003 | back time: 0.8527 | lr: 0.00010000 | best AP50 acc: 0.0000 | best AP70 acc: 0.0000 | best mAP acc: 0.0000 | best mAR acc: 0.0000 | best Score: 0.0000 | best Score epoch: -1 
epoch  6, iter  201: loss: 0.0005 | load time: 0.0001 | back time: 0.8493 | lr: 0.00010000 | best AP50 acc: 0.0000 | best AP70 acc: 0.0000 | best mAP acc: 0.0000 | best mAR acc: 0.0000 | best Score: 0.0000 | best Score epoch: -1 
epoch  6, iter  251: loss: 0.0006 | load time: 0.0001 | back time: 0.8485 | lr: 0.00010000 | best AP50 acc: 0.0000 | best AP70 acc: 0.0000 | best mAP acc: 0.0000 | best mAR acc: 0.0000 | best Score: 0.0000 | best Score epoch: -1 
epoch  6, iter  301: loss: 0.0004 | load time: 0.0002 | back time: 0.8605 | lr: 0.00009999 | best AP50 acc: 0.0000 | best AP70 acc: 0.0000 | best mAP acc: 0.0000 | best mAR acc: 0.0000 | best Score: 0.0000 | best Score epoch: -1 
epoch  6, iter  351: loss: 0.0002 | load time: 0.0003 | back time: 0.8438 | lr: 0.00009999 | best AP50 acc: 0.0000 | best AP70 acc: 0.0000 | best mAP acc: 0.0000 | best mAR acc: 0.0000 | best Score: 0.0000 | best Score epoch: -1 
epoch  6, iter  401: loss: 0.0001 | load time: 0.0002 | back time: 0.8719 | lr: 0.00009999 | best AP50 acc: 0.0000 | best AP70 acc: 0.0000 | best mAP acc: 0.0000 | best mAR acc: 0.0000 | best Score: 0.0000 | best Score epoch: -1 
epoch  6, iter  451: loss: 0.0008 | load time: 0.0002 | back time: 0.8474 | lr: 0.00009999 | best AP50 acc: 0.0000 | best AP70 acc: 0.0000 | best mAP acc: 0.0000 | best mAR acc: 0.0000 | best Score: 0.0000 | best Score epoch: -1 
epoch  6, iter  501: loss: 0.0009 | load time: 0.0002 | back time: 0.8508 | lr: 0.00009998 | best AP50 acc: 0.0000 | best AP70 acc: 0.0000 | best mAP acc: 0.0000 | best mAR acc: 0.0000 | best Score: 0.0000 | best Score epoch: -1 
epoch  6, iter  551: loss: 0.0004 | load time: 0.0002 | back time: 0.8273 | lr: 0.00009998 | best AP50 acc: 0.0000 | best AP70 acc: 0.0000 | best mAP acc: 0.0000 | best mAR acc: 0.0000 | best Score: 0.0000 | best Score epoch: -1 
epoch  6, iter  601: loss: 0.0010 | load time: 0.0003 | back time: 0.8417 | lr: 0.00009997 | best AP50 acc: 0.0000 | best AP70 acc: 0.0000 | best mAP acc: 0.0000 | best mAR acc: 0.0000 | best Score: 0.0000 | best Score epoch: -1 
epoch  6, iter  651: loss: 0.0006 | load time: 0.0002 | back time: 0.8406 | lr: 0.00009997 | best AP50 acc: 0.0000 | best AP70 acc: 0.0000 | best mAP acc: 0.0000 | best mAR acc: 0.0000 | best Score: 0.0000 | best Score epoch: -1 
epoch  6, iter  701: loss: 0.0004 | load time: 0.0002 | back time: 0.8442 | lr: 0.00009996 | best AP50 acc: 0.0000 | best AP70 acc: 0.0000 | best mAP acc: 0.0000 | best mAR acc: 0.0000 | best Score: 0.0000 | best Score epoch: -1 
epoch  6, iter  751: loss: 0.0001 | load time: 0.0002 | back time: 0.8380 | lr: 0.00009996 | best AP50 acc: 0.0000 | best AP70 acc: 0.0000 | best mAP acc: 0.0000 | best mAR acc: 0.0000 | best Score: 0.0000 | best Score epoch: -1 
epoch  6, iter  801: loss: 0.0008 | load time: 0.0004 | back time: 0.8225 | lr: 0.00009995 | best AP50 acc: 0.0000 | best AP70 acc: 0.0000 | best mAP acc: 0.0000 | best mAR acc: 0.0000 | best Score: 0.0000 | best Score epoch: -1 
epoch  6, iter  851: loss: 0.0009 | load time: 0.0002 | back time: 0.8111 | lr: 0.00009995 | best AP50 acc: 0.0000 | best AP70 acc: 0.0000 | best mAP acc: 0.0000 | best mAR acc: 0.0000 | best Score: 0.0000 | best Score epoch: -1 
epoch  6, iter  901: loss: 0.0004 | load time: 0.0002 | back time: 0.8505 | lr: 0.00009994 | best AP50 acc: 0.0000 | best AP70 acc: 0.0000 | best mAP acc: 0.0000 | best mAR acc: 0.0000 | best Score: 0.0000 | best Score epoch: -1 
epoch  6, iter  951: loss: 0.0004 | load time: 0.0002 | back time: 0.8930 | lr: 0.00009993 | best AP50 acc: 0.0000 | best AP70 acc: 0.0000 | best mAP acc: 0.0000 | best mAR acc: 0.0000 | best Score: 0.0000 | best Score epoch: -1 
epoch  6, iter 1001: loss: 0.0008 | load time: 0.0002 | back time: 0.8807 | lr: 0.00009993 | best AP50 acc: 0.0000 | best AP70 acc: 0.0000 | best mAP acc: 0.0000 | best mAR acc: 0.0000 | best Score: 0.0000 | best Score epoch: -1 
epoch  6, iter 1051: loss: 0.0004 | load time: 0.0002 | back time: 0.8623 | lr: 0.00009992 | best AP50 acc: 0.0000 | best AP70 acc: 0.0000 | best mAP acc: 0.0000 | best mAR acc: 0.0000 | best Score: 0.0000 | best Score epoch: -1 
epoch  6, iter 1101: loss: 0.0004 | load time: 0.0002 | back time: 0.8422 | lr: 0.00009991 | best AP50 acc: 0.0000 | best AP70 acc: 0.0000 | best mAP acc: 0.0000 | best mAR acc: 0.0000 | best Score: 0.0000 | best Score epoch: -1 
epoch  6, iter 1151: loss: 0.0002 | load time: 0.0001 | back time: 0.8421 | lr: 0.00009990 | best AP50 acc: 0.0000 | best AP70 acc: 0.0000 | best mAP acc: 0.0000 | best mAR acc: 0.0000 | best Score: 0.0000 | best Score epoch: -1 
UAV_SEQS_2 | mAP50:90: 51.5260 | AP50: 85.4334 | AP70: 55.5246 
UAV_SEQS_37 | mAP50:90: 86.4488 | AP50: 100.0000 | AP70: 89.5459 
UAV_SEQS_45 | mAP50:90: 91.2911 | AP50: 100.0000 | AP70: 97.5594 
UAV_SEQS_47 | mAP50:90: 96.2194 | AP50: 100.0000 | AP70: 100.0000 
UAV_SEQS_55 | mAP50:90: 34.0940 | AP50: 64.0239 | AP70: 30.8751 
UAV_SEQS_59 | mAP50:90: 39.8536 | AP50: 79.4887 | AP70: 37.8171 
UAV_SEQS_6 | mAP50:90: 28.4198 | AP50: 33.7905 | AP70: 30.2519 
UAV_SEQS_63 | mAP50:90: 0.0066 | AP50: 0.0417 | AP70: 0.0000 
UAV_SEQS_65 | mAP50:90: 90.7198 | AP50: 97.6409 | AP70: 94.5736 
UAV_SEQS_7 | mAP50:90: 66.5181 | AP50: 100.0000 | AP70: 89.0634 
UAV_SEQS_71 | mAP50:90: 66.8787 | AP50: 92.0700 | AP70: 73.1447 
UAV_SEQS_73 | mAP50:90: 50.6882 | AP50: 81.7776 | AP70: 54.2790 
UAV_SEQS_74 | mAP50:90: 100.0000 | AP50: 100.0000 | AP70: 100.0000 
UAV_SEQS_77 | mAP50:90: 73.4344 | AP50: 88.1188 | AP70: 82.7731 
UAV_SEQS_8 | mAP50:90: 71.3124 | AP50: 100.0000 | AP70: 86.8202 
Overall            | mAP50:95: 62.6219 | AP50: 79.5380 | AP70: 68.0290 
epoch  7, iter    1: loss: 0.0001 | load time: 0.0027 | back time: 0.4611 | lr: 0.00009990 | best AP50 acc: 0.7954 | best AP70 acc: 0.6803 | best mAP acc: 0.6262 | best mAR acc: 0.7124 | best Score: 0.6262 | best Score epoch:  6 
epoch  7, iter   51: loss: 0.0005 | load time: 0.0003 | back time: 0.8337 | lr: 0.00009989 | best AP50 acc: 0.7954 | best AP70 acc: 0.6803 | best mAP acc: 0.6262 | best mAR acc: 0.7124 | best Score: 0.6262 | best Score epoch:  6 
epoch  7, iter  101: loss: 0.0001 | load time: 0.0003 | back time: 0.8401 | lr: 0.00009988 | best AP50 acc: 0.7954 | best AP70 acc: 0.6803 | best mAP acc: 0.6262 | best mAR acc: 0.7124 | best Score: 0.6262 | best Score epoch:  6 
epoch  7, iter  151: loss: 0.0006 | load time: 0.0002 | back time: 0.8422 | lr: 0.00009988 | best AP50 acc: 0.7954 | best AP70 acc: 0.6803 | best mAP acc: 0.6262 | best mAR acc: 0.7124 | best Score: 0.6262 | best Score epoch:  6 
epoch  7, iter  201: loss: 0.0007 | load time: 0.0002 | back time: 0.8419 | lr: 0.00009987 | best AP50 acc: 0.7954 | best AP70 acc: 0.6803 | best mAP acc: 0.6262 | best mAR acc: 0.7124 | best Score: 0.6262 | best Score epoch:  6 
epoch  7, iter  251: loss: 0.0005 | load time: 0.0003 | back time: 0.8514 | lr: 0.00009986 | best AP50 acc: 0.7954 | best AP70 acc: 0.6803 | best mAP acc: 0.6262 | best mAR acc: 0.7124 | best Score: 0.6262 | best Score epoch:  6 
epoch  7, iter  301: loss: 0.0007 | load time: 0.0001 | back time: 0.8437 | lr: 0.00009984 | best AP50 acc: 0.7954 | best AP70 acc: 0.6803 | best mAP acc: 0.6262 | best mAR acc: 0.7124 | best Score: 0.6262 | best Score epoch:  6 
epoch  7, iter  351: loss: 0.0008 | load time: 0.0001 | back time: 0.8488 | lr: 0.00009983 | best AP50 acc: 0.7954 | best AP70 acc: 0.6803 | best mAP acc: 0.6262 | best mAR acc: 0.7124 | best Score: 0.6262 | best Score epoch:  6 
epoch  7, iter  401: loss: 0.0004 | load time: 0.0003 | back time: 0.8500 | lr: 0.00009982 | best AP50 acc: 0.7954 | best AP70 acc: 0.6803 | best mAP acc: 0.6262 | best mAR acc: 0.7124 | best Score: 0.6262 | best Score epoch:  6 
epoch  7, iter  451: loss: 0.0005 | load time: 0.0002 | back time: 0.8427 | lr: 0.00009981 | best AP50 acc: 0.7954 | best AP70 acc: 0.6803 | best mAP acc: 0.6262 | best mAR acc: 0.7124 | best Score: 0.6262 | best Score epoch:  6 
epoch  7, iter  501: loss: 0.0005 | load time: 0.0002 | back time: 0.8436 | lr: 0.00009980 | best AP50 acc: 0.7954 | best AP70 acc: 0.6803 | best mAP acc: 0.6262 | best mAR acc: 0.7124 | best Score: 0.6262 | best Score epoch:  6 
epoch  7, iter  551: loss: 0.0006 | load time: 0.0005 | back time: 0.8435 | lr: 0.00009979 | best AP50 acc: 0.7954 | best AP70 acc: 0.6803 | best mAP acc: 0.6262 | best mAR acc: 0.7124 | best Score: 0.6262 | best Score epoch:  6 
epoch  7, iter  601: loss: 0.0005 | load time: 0.0003 | back time: 0.8455 | lr: 0.00009977 | best AP50 acc: 0.7954 | best AP70 acc: 0.6803 | best mAP acc: 0.6262 | best mAR acc: 0.7124 | best Score: 0.6262 | best Score epoch:  6 
epoch  7, iter  651: loss: 0.0008 | load time: 0.0002 | back time: 0.8447 | lr: 0.00009976 | best AP50 acc: 0.7954 | best AP70 acc: 0.6803 | best mAP acc: 0.6262 | best mAR acc: 0.7124 | best Score: 0.6262 | best Score epoch:  6 
epoch  7, iter  701: loss: 0.0008 | load time: 0.0002 | back time: 0.8525 | lr: 0.00009975 | best AP50 acc: 0.7954 | best AP70 acc: 0.6803 | best mAP acc: 0.6262 | best mAR acc: 0.7124 | best Score: 0.6262 | best Score epoch:  6 
epoch  7, iter  751: loss: 0.0004 | load time: 0.0003 | back time: 0.8438 | lr: 0.00009973 | best AP50 acc: 0.7954 | best AP70 acc: 0.6803 | best mAP acc: 0.6262 | best mAR acc: 0.7124 | best Score: 0.6262 | best Score epoch:  6 
epoch  7, iter  801: loss: 0.0006 | load time: 0.0002 | back time: 0.8446 | lr: 0.00009972 | best AP50 acc: 0.7954 | best AP70 acc: 0.6803 | best mAP acc: 0.6262 | best mAR acc: 0.7124 | best Score: 0.6262 | best Score epoch:  6 
epoch  7, iter  851: loss: 0.0009 | load time: 0.0002 | back time: 0.8460 | lr: 0.00009970 | best AP50 acc: 0.7954 | best AP70 acc: 0.6803 | best mAP acc: 0.6262 | best mAR acc: 0.7124 | best Score: 0.6262 | best Score epoch:  6 
epoch  7, iter  901: loss: 0.0007 | load time: 0.0002 | back time: 0.8471 | lr: 0.00009969 | best AP50 acc: 0.7954 | best AP70 acc: 0.6803 | best mAP acc: 0.6262 | best mAR acc: 0.7124 | best Score: 0.6262 | best Score epoch:  6 
epoch  7, iter  951: loss: 0.0002 | load time: 0.0002 | back time: 0.8485 | lr: 0.00009967 | best AP50 acc: 0.7954 | best AP70 acc: 0.6803 | best mAP acc: 0.6262 | best mAR acc: 0.7124 | best Score: 0.6262 | best Score epoch:  6 
epoch  7, iter 1001: loss: 0.0006 | load time: 0.0002 | back time: 0.8581 | lr: 0.00009966 | best AP50 acc: 0.7954 | best AP70 acc: 0.6803 | best mAP acc: 0.6262 | best mAR acc: 0.7124 | best Score: 0.6262 | best Score epoch:  6 
epoch  7, iter 1051: loss: 0.0007 | load time: 0.0002 | back time: 0.8446 | lr: 0.00009964 | best AP50 acc: 0.7954 | best AP70 acc: 0.6803 | best mAP acc: 0.6262 | best mAR acc: 0.7124 | best Score: 0.6262 | best Score epoch:  6 
epoch  7, iter 1101: loss: 0.0001 | load time: 0.0002 | back time: 0.8470 | lr: 0.00009963 | best AP50 acc: 0.7954 | best AP70 acc: 0.6803 | best mAP acc: 0.6262 | best mAR acc: 0.7124 | best Score: 0.6262 | best Score epoch:  6 
epoch  7, iter 1151: loss: 0.0007 | load time: 0.0001 | back time: 0.8457 | lr: 0.00009961 | best AP50 acc: 0.7954 | best AP70 acc: 0.6803 | best mAP acc: 0.6262 | best mAR acc: 0.7124 | best Score: 0.6262 | best Score epoch:  6 
UAV_SEQS_2 | mAP50:90: 44.8587 | AP50: 70.1906 | AP70: 47.6700 
UAV_SEQS_37 | mAP50:90: 91.6894 | AP50: 100.0000 | AP70: 97.4956 
UAV_SEQS_45 | mAP50:90: 89.2793 | AP50: 100.0000 | AP70: 100.0000 
UAV_SEQS_47 | mAP50:90: 97.8302 | AP50: 100.0000 | AP70: 100.0000 
UAV_SEQS_55 | mAP50:90: 50.5296 | AP50: 76.1341 | AP70: 51.2259 
UAV_SEQS_59 | mAP50:90: 68.1334 | AP50: 97.5568 | AP70: 72.6978 
UAV_SEQS_6 | mAP50:90: 35.8558 | AP50: 46.1666 | AP70: 37.4164 
UAV_SEQS_63 | mAP50:90: 0.0011 | AP50: 0.0067 | AP70: 0.0000 
UAV_SEQS_65 | mAP50:90: 81.7327 | AP50: 96.8164 | AP70: 88.7117 
UAV_SEQS_7 | mAP50:90: 63.4660 | AP50: 99.9361 | AP70: 85.3846 
UAV_SEQS_71 | mAP50:90: 67.3134 | AP50: 94.0654 | AP70: 68.0009 
UAV_SEQS_73 | mAP50:90: 57.4838 | AP50: 83.3842 | AP70: 65.6376 
UAV_SEQS_74 | mAP50:90: 90.9333 | AP50: 100.0000 | AP70: 100.0000 
UAV_SEQS_77 | mAP50:90: 23.9534 | AP50: 50.4164 | AP70: 30.3740 
UAV_SEQS_8 | mAP50:90: 85.8717 | AP50: 100.0000 | AP70: 98.6964 
Overall            | mAP50:95: 62.6764 | AP50: 79.3641 | AP70: 70.1370 
epoch  8, iter    1: loss: 0.0004 | load time: 0.0035 | back time: 0.3909 | lr: 0.00009961 | best AP50 acc: 0.7936 | best AP70 acc: 0.7014 | best mAP acc: 0.6268 | best mAR acc: 0.7089 | best Score: 0.6268 | best Score epoch:  7 
epoch  8, iter   51: loss: 0.0005 | load time: 0.0002 | back time: 0.8377 | lr: 0.00009959 | best AP50 acc: 0.7936 | best AP70 acc: 0.7014 | best mAP acc: 0.6268 | best mAR acc: 0.7089 | best Score: 0.6268 | best Score epoch:  7 
epoch  8, iter  101: loss: 0.0005 | load time: 0.0002 | back time: 0.8427 | lr: 0.00009957 | best AP50 acc: 0.7936 | best AP70 acc: 0.7014 | best mAP acc: 0.6268 | best mAR acc: 0.7089 | best Score: 0.6268 | best Score epoch:  7 
epoch  8, iter  151: loss: 0.0007 | load time: 0.0002 | back time: 0.8453 | lr: 0.00009956 | best AP50 acc: 0.7936 | best AP70 acc: 0.7014 | best mAP acc: 0.6268 | best mAR acc: 0.7089 | best Score: 0.6268 | best Score epoch:  7 
epoch  8, iter  201: loss: 0.0003 | load time: 0.0001 | back time: 0.8478 | lr: 0.00009954 | best AP50 acc: 0.7936 | best AP70 acc: 0.7014 | best mAP acc: 0.6268 | best mAR acc: 0.7089 | best Score: 0.6268 | best Score epoch:  7 
epoch  8, iter  251: loss: 0.0003 | load time: 0.0002 | back time: 0.8484 | lr: 0.00009952 | best AP50 acc: 0.7936 | best AP70 acc: 0.7014 | best mAP acc: 0.6268 | best mAR acc: 0.7089 | best Score: 0.6268 | best Score epoch:  7 
epoch  8, iter  301: loss: 0.0001 | load time: 0.0002 | back time: 0.8461 | lr: 0.00009950 | best AP50 acc: 0.7936 | best AP70 acc: 0.7014 | best mAP acc: 0.6268 | best mAR acc: 0.7089 | best Score: 0.6268 | best Score epoch:  7 
epoch  8, iter  351: loss: 0.0003 | load time: 0.0002 | back time: 0.8452 | lr: 0.00009948 | best AP50 acc: 0.7936 | best AP70 acc: 0.7014 | best mAP acc: 0.6268 | best mAR acc: 0.7089 | best Score: 0.6268 | best Score epoch:  7 
epoch  8, iter  401: loss: 0.0005 | load time: 0.0003 | back time: 0.8488 | lr: 0.00009946 | best AP50 acc: 0.7936 | best AP70 acc: 0.7014 | best mAP acc: 0.6268 | best mAR acc: 0.7089 | best Score: 0.6268 | best Score epoch:  7 
epoch  8, iter  451: loss: 0.0001 | load time: 0.0002 | back time: 0.8528 | lr: 0.00009944 | best AP50 acc: 0.7936 | best AP70 acc: 0.7014 | best mAP acc: 0.6268 | best mAR acc: 0.7089 | best Score: 0.6268 | best Score epoch:  7 
epoch  8, iter  501: loss: 0.0002 | load time: 0.0002 | back time: 0.8469 | lr: 0.00009942 | best AP50 acc: 0.7936 | best AP70 acc: 0.7014 | best mAP acc: 0.6268 | best mAR acc: 0.7089 | best Score: 0.6268 | best Score epoch:  7 
epoch  8, iter  551: loss: 0.0004 | load time: 0.0002 | back time: 0.8457 | lr: 0.00009940 | best AP50 acc: 0.7936 | best AP70 acc: 0.7014 | best mAP acc: 0.6268 | best mAR acc: 0.7089 | best Score: 0.6268 | best Score epoch:  7 
epoch  8, iter  601: loss: 0.0007 | load time: 0.0001 | back time: 0.8455 | lr: 0.00009938 | best AP50 acc: 0.7936 | best AP70 acc: 0.7014 | best mAP acc: 0.6268 | best mAR acc: 0.7089 | best Score: 0.6268 | best Score epoch:  7 
epoch  8, iter  651: loss: 0.0006 | load time: 0.0002 | back time: 0.8449 | lr: 0.00009936 | best AP50 acc: 0.7936 | best AP70 acc: 0.7014 | best mAP acc: 0.6268 | best mAR acc: 0.7089 | best Score: 0.6268 | best Score epoch:  7 
epoch  8, iter  701: loss: 0.0005 | load time: 0.0002 | back time: 0.8469 | lr: 0.00009934 | best AP50 acc: 0.7936 | best AP70 acc: 0.7014 | best mAP acc: 0.6268 | best mAR acc: 0.7089 | best Score: 0.6268 | best Score epoch:  7 
epoch  8, iter  751: loss: 0.0009 | load time: 0.0002 | back time: 0.8460 | lr: 0.00009931 | best AP50 acc: 0.7936 | best AP70 acc: 0.7014 | best mAP acc: 0.6268 | best mAR acc: 0.7089 | best Score: 0.6268 | best Score epoch:  7 
epoch  8, iter  801: loss: 0.0004 | load time: 0.0001 | back time: 0.8451 | lr: 0.00009929 | best AP50 acc: 0.7936 | best AP70 acc: 0.7014 | best mAP acc: 0.6268 | best mAR acc: 0.7089 | best Score: 0.6268 | best Score epoch:  7 
epoch  8, iter  851: loss: 0.0005 | load time: 0.0002 | back time: 0.8463 | lr: 0.00009927 | best AP50 acc: 0.7936 | best AP70 acc: 0.7014 | best mAP acc: 0.6268 | best mAR acc: 0.7089 | best Score: 0.6268 | best Score epoch:  7 
epoch  8, iter  901: loss: 0.0008 | load time: 0.0002 | back time: 0.8449 | lr: 0.00009925 | best AP50 acc: 0.7936 | best AP70 acc: 0.7014 | best mAP acc: 0.6268 | best mAR acc: 0.7089 | best Score: 0.6268 | best Score epoch:  7 
epoch  8, iter  951: loss: 0.0002 | load time: 0.0003 | back time: 0.8504 | lr: 0.00009922 | best AP50 acc: 0.7936 | best AP70 acc: 0.7014 | best mAP acc: 0.6268 | best mAR acc: 0.7089 | best Score: 0.6268 | best Score epoch:  7 
epoch  8, iter 1001: loss: 0.0003 | load time: 0.0002 | back time: 0.8460 | lr: 0.00009920 | best AP50 acc: 0.7936 | best AP70 acc: 0.7014 | best mAP acc: 0.6268 | best mAR acc: 0.7089 | best Score: 0.6268 | best Score epoch:  7 
epoch  8, iter 1051: loss: 0.0005 | load time: 0.0002 | back time: 0.8468 | lr: 0.00009917 | best AP50 acc: 0.7936 | best AP70 acc: 0.7014 | best mAP acc: 0.6268 | best mAR acc: 0.7089 | best Score: 0.6268 | best Score epoch:  7 
epoch  8, iter 1101: loss: 0.0002 | load time: 0.0001 | back time: 0.8470 | lr: 0.00009915 | best AP50 acc: 0.7936 | best AP70 acc: 0.7014 | best mAP acc: 0.6268 | best mAR acc: 0.7089 | best Score: 0.6268 | best Score epoch:  7 
epoch  8, iter 1151: loss: 0.0002 | load time: 0.0001 | back time: 0.8480 | lr: 0.00009912 | best AP50 acc: 0.7936 | best AP70 acc: 0.7014 | best mAP acc: 0.6268 | best mAR acc: 0.7089 | best Score: 0.6268 | best Score epoch:  7 
UAV_SEQS_2 | mAP50:90: 42.4904 | AP50: 69.9663 | AP70: 43.0259 
UAV_SEQS_37 | mAP50:90: 89.3215 | AP50: 98.8372 | AP70: 92.8687 
UAV_SEQS_45 | mAP50:90: 94.9852 | AP50: 100.0000 | AP70: 100.0000 
UAV_SEQS_47 | mAP50:90: 99.2695 | AP50: 100.0000 | AP70: 100.0000 
UAV_SEQS_55 | mAP50:90: 38.7465 | AP50: 69.1652 | AP70: 36.3081 
UAV_SEQS_59 | mAP50:90: 65.2444 | AP50: 92.8739 | AP70: 68.1612 
UAV_SEQS_6 | mAP50:90: 34.1360 | AP50: 41.3636 | AP70: 34.9096 
UAV_SEQS_63 | mAP50:90: 2.4211 | AP50: 11.4501 | AP70: 0.0732 
UAV_SEQS_65 | mAP50:90: 87.1855 | AP50: 96.7047 | AP70: 91.8220 
UAV_SEQS_7 | mAP50:90: 75.4962 | AP50: 100.0000 | AP70: 90.7505 
UAV_SEQS_71 | mAP50:90: 72.7627 | AP50: 95.2967 | AP70: 79.1056 
UAV_SEQS_73 | mAP50:90: 66.4960 | AP50: 90.8385 | AP70: 78.6601 
UAV_SEQS_74 | mAP50:90: 100.0000 | AP50: 100.0000 | AP70: 100.0000 
UAV_SEQS_77 | mAP50:90: 1.5845 | AP50: 5.7403 | AP70: 0.8784 
UAV_SEQS_8 | mAP50:90: 79.5992 | AP50: 100.0000 | AP70: 91.4105 
Overall            | mAP50:95: 63.9776 | AP50: 78.9962 | AP70: 67.0261 
epoch  9, iter    1: loss: 0.0004 | load time: 0.0035 | back time: 0.4564 | lr: 0.00009912 | best AP50 acc: 0.7900 | best AP70 acc: 0.6703 | best mAP acc: 0.6398 | best mAR acc: 0.7104 | best Score: 0.6398 | best Score epoch:  8 
epoch  9, iter   51: loss: 0.0003 | load time: 0.0003 | back time: 0.8017 | lr: 0.00009910 | best AP50 acc: 0.7900 | best AP70 acc: 0.6703 | best mAP acc: 0.6398 | best mAR acc: 0.7104 | best Score: 0.6398 | best Score epoch:  8 
epoch  9, iter  101: loss: 0.0007 | load time: 0.0002 | back time: 0.8746 | lr: 0.00009907 | best AP50 acc: 0.7900 | best AP70 acc: 0.6703 | best mAP acc: 0.6398 | best mAR acc: 0.7104 | best Score: 0.6398 | best Score epoch:  8 
epoch  9, iter  151: loss: 0.0001 | load time: 0.0002 | back time: 0.8091 | lr: 0.00009905 | best AP50 acc: 0.7900 | best AP70 acc: 0.6703 | best mAP acc: 0.6398 | best mAR acc: 0.7104 | best Score: 0.6398 | best Score epoch:  8 
epoch  9, iter  201: loss: 0.0002 | load time: 0.0002 | back time: 0.8310 | lr: 0.00009902 | best AP50 acc: 0.7900 | best AP70 acc: 0.6703 | best mAP acc: 0.6398 | best mAR acc: 0.7104 | best Score: 0.6398 | best Score epoch:  8 
epoch  9, iter  251: loss: 0.0004 | load time: 0.0001 | back time: 0.8805 | lr: 0.00009899 | best AP50 acc: 0.7900 | best AP70 acc: 0.6703 | best mAP acc: 0.6398 | best mAR acc: 0.7104 | best Score: 0.6398 | best Score epoch:  8 
epoch  9, iter  301: loss: 0.0001 | load time: 0.0002 | back time: 0.8254 | lr: 0.00009896 | best AP50 acc: 0.7900 | best AP70 acc: 0.6703 | best mAP acc: 0.6398 | best mAR acc: 0.7104 | best Score: 0.6398 | best Score epoch:  8 
epoch  9, iter  351: loss: 0.0005 | load time: 0.0001 | back time: 0.8133 | lr: 0.00009894 | best AP50 acc: 0.7900 | best AP70 acc: 0.6703 | best mAP acc: 0.6398 | best mAR acc: 0.7104 | best Score: 0.6398 | best Score epoch:  8 
epoch  9, iter  401: loss: 0.0006 | load time: 0.0001 | back time: 0.8020 | lr: 0.00009891 | best AP50 acc: 0.7900 | best AP70 acc: 0.6703 | best mAP acc: 0.6398 | best mAR acc: 0.7104 | best Score: 0.6398 | best Score epoch:  8 
epoch  9, iter  451: loss: 0.0004 | load time: 0.0002 | back time: 0.8814 | lr: 0.00009888 | best AP50 acc: 0.7900 | best AP70 acc: 0.6703 | best mAP acc: 0.6398 | best mAR acc: 0.7104 | best Score: 0.6398 | best Score epoch:  8 
epoch  9, iter  501: loss: 0.0005 | load time: 0.0001 | back time: 0.8802 | lr: 0.00009885 | best AP50 acc: 0.7900 | best AP70 acc: 0.6703 | best mAP acc: 0.6398 | best mAR acc: 0.7104 | best Score: 0.6398 | best Score epoch:  8 
epoch  9, iter  551: loss: 0.0005 | load time: 0.0002 | back time: 0.8143 | lr: 0.00009882 | best AP50 acc: 0.7900 | best AP70 acc: 0.6703 | best mAP acc: 0.6398 | best mAR acc: 0.7104 | best Score: 0.6398 | best Score epoch:  8 
epoch  9, iter  601: loss: 0.0006 | load time: 0.0002 | back time: 0.8515 | lr: 0.00009879 | best AP50 acc: 0.7900 | best AP70 acc: 0.6703 | best mAP acc: 0.6398 | best mAR acc: 0.7104 | best Score: 0.6398 | best Score epoch:  8 
epoch  9, iter  651: loss: 0.0005 | load time: 0.0002 | back time: 0.8387 | lr: 0.00009876 | best AP50 acc: 0.7900 | best AP70 acc: 0.6703 | best mAP acc: 0.6398 | best mAR acc: 0.7104 | best Score: 0.6398 | best Score epoch:  8 
epoch  9, iter  701: loss: 0.0003 | load time: 0.0002 | back time: 0.8352 | lr: 0.00009873 | best AP50 acc: 0.7900 | best AP70 acc: 0.6703 | best mAP acc: 0.6398 | best mAR acc: 0.7104 | best Score: 0.6398 | best Score epoch:  8 
epoch  9, iter  751: loss: 0.0002 | load time: 0.0002 | back time: 0.8802 | lr: 0.00009870 | best AP50 acc: 0.7900 | best AP70 acc: 0.6703 | best mAP acc: 0.6398 | best mAR acc: 0.7104 | best Score: 0.6398 | best Score epoch:  8 
epoch  9, iter  801: loss: 0.0004 | load time: 0.0002 | back time: 0.8239 | lr: 0.00009867 | best AP50 acc: 0.7900 | best AP70 acc: 0.6703 | best mAP acc: 0.6398 | best mAR acc: 0.7104 | best Score: 0.6398 | best Score epoch:  8 
epoch  9, iter  851: loss: 0.0003 | load time: 0.0003 | back time: 0.8492 | lr: 0.00009864 | best AP50 acc: 0.7900 | best AP70 acc: 0.6703 | best mAP acc: 0.6398 | best mAR acc: 0.7104 | best Score: 0.6398 | best Score epoch:  8 
epoch  9, iter  901: loss: 0.0004 | load time: 0.0001 | back time: 0.8454 | lr: 0.00009861 | best AP50 acc: 0.7900 | best AP70 acc: 0.6703 | best mAP acc: 0.6398 | best mAR acc: 0.7104 | best Score: 0.6398 | best Score epoch:  8 
epoch  9, iter  951: loss: 0.0007 | load time: 0.0002 | back time: 0.8419 | lr: 0.00009858 | best AP50 acc: 0.7900 | best AP70 acc: 0.6703 | best mAP acc: 0.6398 | best mAR acc: 0.7104 | best Score: 0.6398 | best Score epoch:  8 
epoch  9, iter 1001: loss: 0.0005 | load time: 0.0001 | back time: 0.8287 | lr: 0.00009854 | best AP50 acc: 0.7900 | best AP70 acc: 0.6703 | best mAP acc: 0.6398 | best mAR acc: 0.7104 | best Score: 0.6398 | best Score epoch:  8 
epoch  9, iter 1051: loss: 0.0006 | load time: 0.0002 | back time: 0.8235 | lr: 0.00009851 | best AP50 acc: 0.7900 | best AP70 acc: 0.6703 | best mAP acc: 0.6398 | best mAR acc: 0.7104 | best Score: 0.6398 | best Score epoch:  8 
epoch  9, iter 1101: loss: 0.0002 | load time: 0.0001 | back time: 0.8560 | lr: 0.00009848 | best AP50 acc: 0.7900 | best AP70 acc: 0.6703 | best mAP acc: 0.6398 | best mAR acc: 0.7104 | best Score: 0.6398 | best Score epoch:  8 
epoch  9, iter 1151: loss: 0.0007 | load time: 0.0001 | back time: 0.8497 | lr: 0.00009845 | best AP50 acc: 0.7900 | best AP70 acc: 0.6703 | best mAP acc: 0.6398 | best mAR acc: 0.7104 | best Score: 0.6398 | best Score epoch:  8 
UAV_SEQS_2 | mAP50:90: 56.1868 | AP50: 86.2090 | AP70: 59.7722 
UAV_SEQS_37 | mAP50:90: 98.3426 | AP50: 100.0000 | AP70: 98.7756 
UAV_SEQS_45 | mAP50:90: 66.8863 | AP50: 91.9255 | AP70: 71.4504 
UAV_SEQS_47 | mAP50:90: 92.1527 | AP50: 100.0000 | AP70: 100.0000 
UAV_SEQS_55 | mAP50:90: 47.5516 | AP50: 67.7201 | AP70: 53.1004 
UAV_SEQS_59 | mAP50:90: 31.6188 | AP50: 55.4455 | AP70: 26.4290 
UAV_SEQS_6 | mAP50:90: 76.1296 | AP50: 96.2075 | AP70: 79.4317 
UAV_SEQS_63 | mAP50:90: 0.0988 | AP50: 0.3564 | AP70: 0.0399 
UAV_SEQS_65 | mAP50:90: 62.5595 | AP50: 92.2779 | AP70: 67.9743 
UAV_SEQS_7 | mAP50:90: 86.9982 | AP50: 100.0000 | AP70: 100.0000 
UAV_SEQS_71 | mAP50:90: 59.5509 | AP50: 96.9854 | AP70: 66.9704 
UAV_SEQS_73 | mAP50:90: 51.5295 | AP50: 85.3510 | AP70: 57.4741 
UAV_SEQS_74 | mAP50:90: 97.1797 | AP50: 100.0000 | AP70: 99.0033 
UAV_SEQS_77 | mAP50:90: 25.0736 | AP50: 32.5622 | AP70: 26.5538 
UAV_SEQS_8 | mAP50:90: 99.2057 | AP50: 100.0000 | AP70: 100.0000 
Overall            | mAP50:95: 61.9449 | AP50: 78.1214 | AP70: 65.6273 
epoch 10, iter    1: loss: 0.0003 | load time: 0.0040 | back time: 0.4209 | lr: 0.00009844 | best AP50 acc: 0.7900 | best AP70 acc: 0.6703 | best mAP acc: 0.6398 | best mAR acc: 0.7104 | best Score: 0.6398 | best Score epoch:  8 
epoch 10, iter   51: loss: 0.0007 | load time: 0.0002 | back time: 0.8303 | lr: 0.00009841 | best AP50 acc: 0.7900 | best AP70 acc: 0.6703 | best mAP acc: 0.6398 | best mAR acc: 0.7104 | best Score: 0.6398 | best Score epoch:  8 
epoch 10, iter  101: loss: 0.0006 | load time: 0.0003 | back time: 0.8365 | lr: 0.00009838 | best AP50 acc: 0.7900 | best AP70 acc: 0.6703 | best mAP acc: 0.6398 | best mAR acc: 0.7104 | best Score: 0.6398 | best Score epoch:  8 
epoch 10, iter  151: loss: 0.0003 | load time: 0.0002 | back time: 0.8410 | lr: 0.00009834 | best AP50 acc: 0.7900 | best AP70 acc: 0.6703 | best mAP acc: 0.6398 | best mAR acc: 0.7104 | best Score: 0.6398 | best Score epoch:  8 
epoch 10, iter  201: loss: 0.0006 | load time: 0.0003 | back time: 0.8392 | lr: 0.00009831 | best AP50 acc: 0.7900 | best AP70 acc: 0.6703 | best mAP acc: 0.6398 | best mAR acc: 0.7104 | best Score: 0.6398 | best Score epoch:  8 
epoch 10, iter  251: loss: 0.0002 | load time: 0.0003 | back time: 0.8392 | lr: 0.00009827 | best AP50 acc: 0.7900 | best AP70 acc: 0.6703 | best mAP acc: 0.6398 | best mAR acc: 0.7104 | best Score: 0.6398 | best Score epoch:  8 
epoch 10, iter  301: loss: 0.0001 | load time: 0.0002 | back time: 0.8112 | lr: 0.00009824 | best AP50 acc: 0.7900 | best AP70 acc: 0.6703 | best mAP acc: 0.6398 | best mAR acc: 0.7104 | best Score: 0.6398 | best Score epoch:  8 
epoch 10, iter  351: loss: 0.0003 | load time: 0.0002 | back time: 0.8361 | lr: 0.00009820 | best AP50 acc: 0.7900 | best AP70 acc: 0.6703 | best mAP acc: 0.6398 | best mAR acc: 0.7104 | best Score: 0.6398 | best Score epoch:  8 
epoch 10, iter  401: loss: 0.0003 | load time: 0.0003 | back time: 0.8276 | lr: 0.00009816 | best AP50 acc: 0.7900 | best AP70 acc: 0.6703 | best mAP acc: 0.6398 | best mAR acc: 0.7104 | best Score: 0.6398 | best Score epoch:  8 
epoch 10, iter  451: loss: 0.0003 | load time: 0.0003 | back time: 0.8501 | lr: 0.00009813 | best AP50 acc: 0.7900 | best AP70 acc: 0.6703 | best mAP acc: 0.6398 | best mAR acc: 0.7104 | best Score: 0.6398 | best Score epoch:  8 
epoch 10, iter  501: loss: 0.0003 | load time: 0.0002 | back time: 0.8381 | lr: 0.00009809 | best AP50 acc: 0.7900 | best AP70 acc: 0.6703 | best mAP acc: 0.6398 | best mAR acc: 0.7104 | best Score: 0.6398 | best Score epoch:  8 
epoch 10, iter  551: loss: 0.0007 | load time: 0.0003 | back time: 0.8433 | lr: 0.00009805 | best AP50 acc: 0.7900 | best AP70 acc: 0.6703 | best mAP acc: 0.6398 | best mAR acc: 0.7104 | best Score: 0.6398 | best Score epoch:  8 
epoch 10, iter  601: loss: 0.0004 | load time: 0.0002 | back time: 0.8373 | lr: 0.00009802 | best AP50 acc: 0.7900 | best AP70 acc: 0.6703 | best mAP acc: 0.6398 | best mAR acc: 0.7104 | best Score: 0.6398 | best Score epoch:  8 
epoch 10, iter  651: loss: 0.0007 | load time: 0.0003 | back time: 0.8313 | lr: 0.00009798 | best AP50 acc: 0.7900 | best AP70 acc: 0.6703 | best mAP acc: 0.6398 | best mAR acc: 0.7104 | best Score: 0.6398 | best Score epoch:  8 
epoch 10, iter  701: loss: 0.0000 | load time: 0.0001 | back time: 0.8743 | lr: 0.00009794 | best AP50 acc: 0.7900 | best AP70 acc: 0.6703 | best mAP acc: 0.6398 | best mAR acc: 0.7104 | best Score: 0.6398 | best Score epoch:  8 
epoch 10, iter  751: loss: 0.0005 | load time: 0.0002 | back time: 0.8787 | lr: 0.00009790 | best AP50 acc: 0.7900 | best AP70 acc: 0.6703 | best mAP acc: 0.6398 | best mAR acc: 0.7104 | best Score: 0.6398 | best Score epoch:  8 
epoch 10, iter  801: loss: 0.0004 | load time: 0.0002 | back time: 0.8299 | lr: 0.00009786 | best AP50 acc: 0.7900 | best AP70 acc: 0.6703 | best mAP acc: 0.6398 | best mAR acc: 0.7104 | best Score: 0.6398 | best Score epoch:  8 
epoch 10, iter  851: loss: 0.0002 | load time: 0.0003 | back time: 0.8393 | lr: 0.00009782 | best AP50 acc: 0.7900 | best AP70 acc: 0.6703 | best mAP acc: 0.6398 | best mAR acc: 0.7104 | best Score: 0.6398 | best Score epoch:  8 
epoch 10, iter  901: loss: 0.0000 | load time: 0.0001 | back time: 0.8367 | lr: 0.00009778 | best AP50 acc: 0.7900 | best AP70 acc: 0.6703 | best mAP acc: 0.6398 | best mAR acc: 0.7104 | best Score: 0.6398 | best Score epoch:  8 
epoch 10, iter  951: loss: 0.0002 | load time: 0.0002 | back time: 0.8360 | lr: 0.00009774 | best AP50 acc: 0.7900 | best AP70 acc: 0.6703 | best mAP acc: 0.6398 | best mAR acc: 0.7104 | best Score: 0.6398 | best Score epoch:  8 
epoch 10, iter 1001: loss: 0.0002 | load time: 0.0001 | back time: 0.8475 | lr: 0.00009770 | best AP50 acc: 0.7900 | best AP70 acc: 0.6703 | best mAP acc: 0.6398 | best mAR acc: 0.7104 | best Score: 0.6398 | best Score epoch:  8 
epoch 10, iter 1051: loss: 0.0005 | load time: 0.0003 | back time: 0.8424 | lr: 0.00009766 | best AP50 acc: 0.7900 | best AP70 acc: 0.6703 | best mAP acc: 0.6398 | best mAR acc: 0.7104 | best Score: 0.6398 | best Score epoch:  8 
epoch 10, iter 1101: loss: 0.0005 | load time: 0.0004 | back time: 0.8348 | lr: 0.00009762 | best AP50 acc: 0.7900 | best AP70 acc: 0.6703 | best mAP acc: 0.6398 | best mAR acc: 0.7104 | best Score: 0.6398 | best Score epoch:  8 
epoch 10, iter 1151: loss: 0.0003 | load time: 0.0001 | back time: 0.8634 | lr: 0.00009758 | best AP50 acc: 0.7900 | best AP70 acc: 0.6703 | best mAP acc: 0.6398 | best mAR acc: 0.7104 | best Score: 0.6398 | best Score epoch:  8 
UAV_SEQS_2 | mAP50:90: 51.3679 | AP50: 79.9730 | AP70: 46.4066 
UAV_SEQS_37 | mAP50:90: 94.7469 | AP50: 100.0000 | AP70: 98.0198 
UAV_SEQS_45 | mAP50:90: 94.1076 | AP50: 100.0000 | AP70: 100.0000 
UAV_SEQS_47 | mAP50:90: 100.0000 | AP50: 100.0000 | AP70: 100.0000 
UAV_SEQS_55 | mAP50:90: 46.0527 | AP50: 72.2195 | AP70: 47.7003 
UAV_SEQS_59 | mAP50:90: 67.1018 | AP50: 94.7171 | AP70: 76.2364 
UAV_SEQS_6 | mAP50:90: 43.4076 | AP50: 50.8042 | AP70: 45.6990 
UAV_SEQS_63 | mAP50:90: 7.6944 | AP50: 33.1583 | AP70: 0.5601 
UAV_SEQS_65 | mAP50:90: 86.0718 | AP50: 97.4266 | AP70: 92.0542 
UAV_SEQS_7 | mAP50:90: 87.9985 | AP50: 100.0000 | AP70: 94.8684 
UAV_SEQS_71 | mAP50:90: 68.0392 | AP50: 90.1678 | AP70: 72.1870 
UAV_SEQS_73 | mAP50:90: 63.1346 | AP50: 85.5843 | AP70: 77.0044 
UAV_SEQS_74 | mAP50:90: 96.6607 | AP50: 100.0000 | AP70: 100.0000 
UAV_SEQS_77 | mAP50:90: 8.5142 | AP50: 13.8614 | AP70: 9.3453 
UAV_SEQS_8 | mAP50:90: 90.3896 | AP50: 100.0000 | AP70: 97.4243 
Overall            | mAP50:95: 67.9813 | AP50: 82.6032 | AP70: 71.2582 
epoch 11, iter    1: loss: 0.0003 | load time: 0.0041 | back time: 0.4686 | lr: 0.00009758 | best AP50 acc: 0.8260 | best AP70 acc: 0.7126 | best mAP acc: 0.6798 | best mAR acc: 0.7382 | best Score: 0.6798 | best Score epoch: 10 
epoch 11, iter   51: loss: 0.0005 | load time: 0.0001 | back time: 0.8119 | lr: 0.00009753 | best AP50 acc: 0.8260 | best AP70 acc: 0.7126 | best mAP acc: 0.6798 | best mAR acc: 0.7382 | best Score: 0.6798 | best Score epoch: 10 
epoch 11, iter  101: loss: 0.0006 | load time: 0.0001 | back time: 0.8344 | lr: 0.00009749 | best AP50 acc: 0.8260 | best AP70 acc: 0.7126 | best mAP acc: 0.6798 | best mAR acc: 0.7382 | best Score: 0.6798 | best Score epoch: 10 
epoch 11, iter  151: loss: 0.0001 | load time: 0.0002 | back time: 0.8278 | lr: 0.00009745 | best AP50 acc: 0.8260 | best AP70 acc: 0.7126 | best mAP acc: 0.6798 | best mAR acc: 0.7382 | best Score: 0.6798 | best Score epoch: 10 
epoch 11, iter  201: loss: 0.0001 | load time: 0.0002 | back time: 0.8747 | lr: 0.00009741 | best AP50 acc: 0.8260 | best AP70 acc: 0.7126 | best mAP acc: 0.6798 | best mAR acc: 0.7382 | best Score: 0.6798 | best Score epoch: 10 
epoch 11, iter  251: loss: 0.0001 | load time: 0.0002 | back time: 0.8174 | lr: 0.00009736 | best AP50 acc: 0.8260 | best AP70 acc: 0.7126 | best mAP acc: 0.6798 | best mAR acc: 0.7382 | best Score: 0.6798 | best Score epoch: 10 
epoch 11, iter  301: loss: 0.0001 | load time: 0.0004 | back time: 0.8396 | lr: 0.00009732 | best AP50 acc: 0.8260 | best AP70 acc: 0.7126 | best mAP acc: 0.6798 | best mAR acc: 0.7382 | best Score: 0.6798 | best Score epoch: 10 
epoch 11, iter  351: loss: 0.0000 | load time: 0.0004 | back time: 0.8387 | lr: 0.00009728 | best AP50 acc: 0.8260 | best AP70 acc: 0.7126 | best mAP acc: 0.6798 | best mAR acc: 0.7382 | best Score: 0.6798 | best Score epoch: 10 
epoch 11, iter  401: loss: 0.0001 | load time: 0.0001 | back time: 0.8643 | lr: 0.00009723 | best AP50 acc: 0.8260 | best AP70 acc: 0.7126 | best mAP acc: 0.6798 | best mAR acc: 0.7382 | best Score: 0.6798 | best Score epoch: 10 
epoch 11, iter  451: loss: 0.0004 | load time: 0.0003 | back time: 0.8408 | lr: 0.00009719 | best AP50 acc: 0.8260 | best AP70 acc: 0.7126 | best mAP acc: 0.6798 | best mAR acc: 0.7382 | best Score: 0.6798 | best Score epoch: 10 
epoch 11, iter  501: loss: 0.0007 | load time: 0.0002 | back time: 0.8811 | lr: 0.00009714 | best AP50 acc: 0.8260 | best AP70 acc: 0.7126 | best mAP acc: 0.6798 | best mAR acc: 0.7382 | best Score: 0.6798 | best Score epoch: 10 
epoch 11, iter  551: loss: 0.0002 | load time: 0.0003 | back time: 0.8592 | lr: 0.00009710 | best AP50 acc: 0.8260 | best AP70 acc: 0.7126 | best mAP acc: 0.6798 | best mAR acc: 0.7382 | best Score: 0.6798 | best Score epoch: 10 
epoch 11, iter  601: loss: 0.0004 | load time: 0.0001 | back time: 0.8539 | lr: 0.00009705 | best AP50 acc: 0.8260 | best AP70 acc: 0.7126 | best mAP acc: 0.6798 | best mAR acc: 0.7382 | best Score: 0.6798 | best Score epoch: 10 
epoch 11, iter  651: loss: 0.0003 | load time: 0.0003 | back time: 0.8479 | lr: 0.00009700 | best AP50 acc: 0.8260 | best AP70 acc: 0.7126 | best mAP acc: 0.6798 | best mAR acc: 0.7382 | best Score: 0.6798 | best Score epoch: 10 
epoch 11, iter  701: loss: 0.0003 | load time: 0.0002 | back time: 0.8551 | lr: 0.00009696 | best AP50 acc: 0.8260 | best AP70 acc: 0.7126 | best mAP acc: 0.6798 | best mAR acc: 0.7382 | best Score: 0.6798 | best Score epoch: 10 
epoch 11, iter  751: loss: 0.0003 | load time: 0.0002 | back time: 0.8439 | lr: 0.00009691 | best AP50 acc: 0.8260 | best AP70 acc: 0.7126 | best mAP acc: 0.6798 | best mAR acc: 0.7382 | best Score: 0.6798 | best Score epoch: 10 
epoch 11, iter  801: loss: 0.0001 | load time: 0.0001 | back time: 0.8542 | lr: 0.00009686 | best AP50 acc: 0.8260 | best AP70 acc: 0.7126 | best mAP acc: 0.6798 | best mAR acc: 0.7382 | best Score: 0.6798 | best Score epoch: 10 
epoch 11, iter  851: loss: 0.0001 | load time: 0.0001 | back time: 0.8460 | lr: 0.00009682 | best AP50 acc: 0.8260 | best AP70 acc: 0.7126 | best mAP acc: 0.6798 | best mAR acc: 0.7382 | best Score: 0.6798 | best Score epoch: 10 
epoch 11, iter  901: loss: 0.0001 | load time: 0.0002 | back time: 0.8506 | lr: 0.00009677 | best AP50 acc: 0.8260 | best AP70 acc: 0.7126 | best mAP acc: 0.6798 | best mAR acc: 0.7382 | best Score: 0.6798 | best Score epoch: 10 
epoch 11, iter  951: loss: 0.0008 | load time: 0.0002 | back time: 0.8472 | lr: 0.00009672 | best AP50 acc: 0.8260 | best AP70 acc: 0.7126 | best mAP acc: 0.6798 | best mAR acc: 0.7382 | best Score: 0.6798 | best Score epoch: 10 
epoch 11, iter 1001: loss: 0.0002 | load time: 0.0003 | back time: 0.8452 | lr: 0.00009667 | best AP50 acc: 0.8260 | best AP70 acc: 0.7126 | best mAP acc: 0.6798 | best mAR acc: 0.7382 | best Score: 0.6798 | best Score epoch: 10 
epoch 11, iter 1051: loss: 0.0003 | load time: 0.0002 | back time: 0.8442 | lr: 0.00009662 | best AP50 acc: 0.8260 | best AP70 acc: 0.7126 | best mAP acc: 0.6798 | best mAR acc: 0.7382 | best Score: 0.6798 | best Score epoch: 10 
epoch 11, iter 1101: loss: 0.0003 | load time: 0.0002 | back time: 0.8786 | lr: 0.00009657 | best AP50 acc: 0.8260 | best AP70 acc: 0.7126 | best mAP acc: 0.6798 | best mAR acc: 0.7382 | best Score: 0.6798 | best Score epoch: 10 
epoch 11, iter 1151: loss: 0.0006 | load time: 0.0002 | back time: 0.8377 | lr: 0.00009652 | best AP50 acc: 0.8260 | best AP70 acc: 0.7126 | best mAP acc: 0.6798 | best mAR acc: 0.7382 | best Score: 0.6798 | best Score epoch: 10 
UAV_SEQS_2 | mAP50:90: 26.0380 | AP50: 49.6541 | AP70: 22.4309 
UAV_SEQS_37 | mAP50:90: 92.2737 | AP50: 100.0000 | AP70: 95.6921 
UAV_SEQS_45 | mAP50:90: 87.7571 | AP50: 100.0000 | AP70: 100.0000 
UAV_SEQS_47 | mAP50:90: 98.4788 | AP50: 100.0000 | AP70: 100.0000 
UAV_SEQS_55 | mAP50:90: 37.5137 | AP50: 67.9802 | AP70: 35.1241 
UAV_SEQS_59 | mAP50:90: 74.2226 | AP50: 93.4536 | AP70: 81.4479 
UAV_SEQS_6 | mAP50:90: 35.1250 | AP50: 43.7609 | AP70: 38.0723 
UAV_SEQS_63 | mAP50:90: 11.7801 | AP50: 49.9464 | AP70: 0.1656 
UAV_SEQS_65 | mAP50:90: 84.9580 | AP50: 95.1825 | AP70: 89.9160 
UAV_SEQS_7 | mAP50:90: 58.0401 | AP50: 99.0099 | AP70: 61.6587 
UAV_SEQS_71 | mAP50:90: 72.6050 | AP50: 89.1525 | AP70: 82.3472 
UAV_SEQS_73 | mAP50:90: 67.4040 | AP50: 90.3456 | AP70: 75.1122 
UAV_SEQS_74 | mAP50:90: 100.0000 | AP50: 100.0000 | AP70: 100.0000 
UAV_SEQS_77 | mAP50:90: 0.5288 | AP50: 2.0695 | AP70: 0.2066 
UAV_SEQS_8 | mAP50:90: 82.0405 | AP50: 100.0000 | AP70: 89.3988 
Overall            | mAP50:95: 64.4153 | AP50: 82.0262 | AP70: 66.8821 
epoch 12, iter    1: loss: 0.0001 | load time: 0.0041 | back time: 0.4870 | lr: 0.00009652 | best AP50 acc: 0.8260 | best AP70 acc: 0.7126 | best mAP acc: 0.6798 | best mAR acc: 0.7382 | best Score: 0.6798 | best Score epoch: 10 
epoch 12, iter   51: loss: 0.0002 | load time: 0.0004 | back time: 0.8408 | lr: 0.00009647 | best AP50 acc: 0.8260 | best AP70 acc: 0.7126 | best mAP acc: 0.6798 | best mAR acc: 0.7382 | best Score: 0.6798 | best Score epoch: 10 
epoch 12, iter  101: loss: 0.0001 | load time: 0.0002 | back time: 0.8432 | lr: 0.00009642 | best AP50 acc: 0.8260 | best AP70 acc: 0.7126 | best mAP acc: 0.6798 | best mAR acc: 0.7382 | best Score: 0.6798 | best Score epoch: 10 
epoch 12, iter  151: loss: 0.0002 | load time: 0.0002 | back time: 0.8784 | lr: 0.00009637 | best AP50 acc: 0.8260 | best AP70 acc: 0.7126 | best mAP acc: 0.6798 | best mAR acc: 0.7382 | best Score: 0.6798 | best Score epoch: 10 
epoch 12, iter  201: loss: 0.0001 | load time: 0.0003 | back time: 0.8297 | lr: 0.00009632 | best AP50 acc: 0.8260 | best AP70 acc: 0.7126 | best mAP acc: 0.6798 | best mAR acc: 0.7382 | best Score: 0.6798 | best Score epoch: 10 
epoch 12, iter  251: loss: 0.0004 | load time: 0.0003 | back time: 0.8120 | lr: 0.00009627 | best AP50 acc: 0.8260 | best AP70 acc: 0.7126 | best mAP acc: 0.6798 | best mAR acc: 0.7382 | best Score: 0.6798 | best Score epoch: 10 
epoch 12, iter  301: loss: 0.0005 | load time: 0.0001 | back time: 0.8160 | lr: 0.00009622 | best AP50 acc: 0.8260 | best AP70 acc: 0.7126 | best mAP acc: 0.6798 | best mAR acc: 0.7382 | best Score: 0.6798 | best Score epoch: 10 
epoch 12, iter  351: loss: 0.0001 | load time: 0.0002 | back time: 0.8160 | lr: 0.00009617 | best AP50 acc: 0.8260 | best AP70 acc: 0.7126 | best mAP acc: 0.6798 | best mAR acc: 0.7382 | best Score: 0.6798 | best Score epoch: 10 
epoch 12, iter  401: loss: 0.0003 | load time: 0.0003 | back time: 0.8114 | lr: 0.00009611 | best AP50 acc: 0.8260 | best AP70 acc: 0.7126 | best mAP acc: 0.6798 | best mAR acc: 0.7382 | best Score: 0.6798 | best Score epoch: 10 
epoch 12, iter  451: loss: 0.0006 | load time: 0.0001 | back time: 0.8411 | lr: 0.00009606 | best AP50 acc: 0.8260 | best AP70 acc: 0.7126 | best mAP acc: 0.6798 | best mAR acc: 0.7382 | best Score: 0.6798 | best Score epoch: 10 
epoch 12, iter  501: loss: 0.0004 | load time: 0.0002 | back time: 0.8128 | lr: 0.00009601 | best AP50 acc: 0.8260 | best AP70 acc: 0.7126 | best mAP acc: 0.6798 | best mAR acc: 0.7382 | best Score: 0.6798 | best Score epoch: 10 
epoch 12, iter  551: loss: 0.0001 | load time: 0.0003 | back time: 0.8388 | lr: 0.00009596 | best AP50 acc: 0.8260 | best AP70 acc: 0.7126 | best mAP acc: 0.6798 | best mAR acc: 0.7382 | best Score: 0.6798 | best Score epoch: 10 
epoch 12, iter  601: loss: 0.0003 | load time: 0.0003 | back time: 0.8328 | lr: 0.00009590 | best AP50 acc: 0.8260 | best AP70 acc: 0.7126 | best mAP acc: 0.6798 | best mAR acc: 0.7382 | best Score: 0.6798 | best Score epoch: 10 
epoch 12, iter  651: loss: 0.0001 | load time: 0.0001 | back time: 0.8157 | lr: 0.00009585 | best AP50 acc: 0.8260 | best AP70 acc: 0.7126 | best mAP acc: 0.6798 | best mAR acc: 0.7382 | best Score: 0.6798 | best Score epoch: 10 
epoch 12, iter  701: loss: 0.0004 | load time: 0.0002 | back time: 0.8386 | lr: 0.00009579 | best AP50 acc: 0.8260 | best AP70 acc: 0.7126 | best mAP acc: 0.6798 | best mAR acc: 0.7382 | best Score: 0.6798 | best Score epoch: 10 
epoch 12, iter  751: loss: 0.0004 | load time: 0.0002 | back time: 0.8414 | lr: 0.00009574 | best AP50 acc: 0.8260 | best AP70 acc: 0.7126 | best mAP acc: 0.6798 | best mAR acc: 0.7382 | best Score: 0.6798 | best Score epoch: 10 
epoch 12, iter  801: loss: 0.0005 | load time: 0.0004 | back time: 0.8863 | lr: 0.00009568 | best AP50 acc: 0.8260 | best AP70 acc: 0.7126 | best mAP acc: 0.6798 | best mAR acc: 0.7382 | best Score: 0.6798 | best Score epoch: 10 
epoch 12, iter  851: loss: 0.0003 | load time: 0.0002 | back time: 0.8527 | lr: 0.00009563 | best AP50 acc: 0.8260 | best AP70 acc: 0.7126 | best mAP acc: 0.6798 | best mAR acc: 0.7382 | best Score: 0.6798 | best Score epoch: 10 
epoch 12, iter  901: loss: 0.0004 | load time: 0.0004 | back time: 0.8411 | lr: 0.00009557 | best AP50 acc: 0.8260 | best AP70 acc: 0.7126 | best mAP acc: 0.6798 | best mAR acc: 0.7382 | best Score: 0.6798 | best Score epoch: 10 
epoch 12, iter  951: loss: 0.0004 | load time: 0.0002 | back time: 0.8404 | lr: 0.00009552 | best AP50 acc: 0.8260 | best AP70 acc: 0.7126 | best mAP acc: 0.6798 | best mAR acc: 0.7382 | best Score: 0.6798 | best Score epoch: 10 
epoch 12, iter 1001: loss: 0.0003 | load time: 0.0002 | back time: 0.8496 | lr: 0.00009546 | best AP50 acc: 0.8260 | best AP70 acc: 0.7126 | best mAP acc: 0.6798 | best mAR acc: 0.7382 | best Score: 0.6798 | best Score epoch: 10 
epoch 12, iter 1051: loss: 0.0003 | load time: 0.0003 | back time: 0.8448 | lr: 0.00009540 | best AP50 acc: 0.8260 | best AP70 acc: 0.7126 | best mAP acc: 0.6798 | best mAR acc: 0.7382 | best Score: 0.6798 | best Score epoch: 10 
epoch 12, iter 1101: loss: 0.0003 | load time: 0.0002 | back time: 0.8418 | lr: 0.00009535 | best AP50 acc: 0.8260 | best AP70 acc: 0.7126 | best mAP acc: 0.6798 | best mAR acc: 0.7382 | best Score: 0.6798 | best Score epoch: 10 
epoch 12, iter 1151: loss: 0.0004 | load time: 0.0002 | back time: 0.8269 | lr: 0.00009529 | best AP50 acc: 0.8260 | best AP70 acc: 0.7126 | best mAP acc: 0.6798 | best mAR acc: 0.7382 | best Score: 0.6798 | best Score epoch: 10 
UAV_SEQS_2 | mAP50:90: 30.6189 | AP50: 47.3306 | AP70: 31.3343 
UAV_SEQS_37 | mAP50:90: 97.3729 | AP50: 100.0000 | AP70: 98.6640 
UAV_SEQS_45 | mAP50:90: 90.1901 | AP50: 100.0000 | AP70: 100.0000 
UAV_SEQS_47 | mAP50:90: 94.6634 | AP50: 100.0000 | AP70: 100.0000 
UAV_SEQS_55 | mAP50:90: 37.8408 | AP50: 61.9846 | AP70: 35.3083 
UAV_SEQS_59 | mAP50:90: 53.6481 | AP50: 77.4121 | AP70: 55.4916 
UAV_SEQS_6 | mAP50:90: 41.4673 | AP50: 55.0219 | AP70: 44.7263 
UAV_SEQS_63 | mAP50:90: 33.2070 | AP50: 67.6601 | AP70: 32.1835 
UAV_SEQS_65 | mAP50:90: 82.8648 | AP50: 95.5191 | AP70: 88.2519 
UAV_SEQS_7 | mAP50:90: 93.7044 | AP50: 100.0000 | AP70: 96.8007 
UAV_SEQS_71 | mAP50:90: 85.1796 | AP50: 100.0000 | AP70: 94.8197 
UAV_SEQS_73 | mAP50:90: 62.1640 | AP50: 84.0544 | AP70: 65.8678 
UAV_SEQS_74 | mAP50:90: 99.5009 | AP50: 100.0000 | AP70: 100.0000 
UAV_SEQS_77 | mAP50:90: 31.0945 | AP50: 42.6435 | AP70: 38.0500 
UAV_SEQS_8 | mAP50:90: 80.4456 | AP50: 100.0000 | AP70: 97.5298 
Overall            | mAP50:95: 69.0592 | AP50: 83.5524 | AP70: 73.1046 
epoch 13, iter    1: loss: 0.0002 | load time: 0.0048 | back time: 0.4678 | lr: 0.00009529 | best AP50 acc: 0.8355 | best AP70 acc: 0.7310 | best mAP acc: 0.6906 | best mAR acc: 0.7619 | best Score: 0.6906 | best Score epoch: 12 
epoch 13, iter   51: loss: 0.0002 | load time: 0.0002 | back time: 0.8715 | lr: 0.00009523 | best AP50 acc: 0.8355 | best AP70 acc: 0.7310 | best mAP acc: 0.6906 | best mAR acc: 0.7619 | best Score: 0.6906 | best Score epoch: 12 
epoch 13, iter  101: loss: 0.0007 | load time: 0.0002 | back time: 0.8520 | lr: 0.00009517 | best AP50 acc: 0.8355 | best AP70 acc: 0.7310 | best mAP acc: 0.6906 | best mAR acc: 0.7619 | best Score: 0.6906 | best Score epoch: 12 
epoch 13, iter  151: loss: 0.0003 | load time: 0.0002 | back time: 0.8348 | lr: 0.00009511 | best AP50 acc: 0.8355 | best AP70 acc: 0.7310 | best mAP acc: 0.6906 | best mAR acc: 0.7619 | best Score: 0.6906 | best Score epoch: 12 
epoch 13, iter  201: loss: 0.0001 | load time: 0.0001 | back time: 0.8799 | lr: 0.00009506 | best AP50 acc: 0.8355 | best AP70 acc: 0.7310 | best mAP acc: 0.6906 | best mAR acc: 0.7619 | best Score: 0.6906 | best Score epoch: 12 
epoch 13, iter  251: loss: 0.0003 | load time: 0.0002 | back time: 0.8133 | lr: 0.00009500 | best AP50 acc: 0.8355 | best AP70 acc: 0.7310 | best mAP acc: 0.6906 | best mAR acc: 0.7619 | best Score: 0.6906 | best Score epoch: 12 
epoch 13, iter  301: loss: 0.0004 | load time: 0.0002 | back time: 0.8121 | lr: 0.00009494 | best AP50 acc: 0.8355 | best AP70 acc: 0.7310 | best mAP acc: 0.6906 | best mAR acc: 0.7619 | best Score: 0.6906 | best Score epoch: 12 
epoch 13, iter  351: loss: 0.0005 | load time: 0.0003 | back time: 0.8179 | lr: 0.00009488 | best AP50 acc: 0.8355 | best AP70 acc: 0.7310 | best mAP acc: 0.6906 | best mAR acc: 0.7619 | best Score: 0.6906 | best Score epoch: 12 
epoch 13, iter  401: loss: 0.0003 | load time: 0.0002 | back time: 0.8359 | lr: 0.00009482 | best AP50 acc: 0.8355 | best AP70 acc: 0.7310 | best mAP acc: 0.6906 | best mAR acc: 0.7619 | best Score: 0.6906 | best Score epoch: 12 
epoch 13, iter  451: loss: 0.0004 | load time: 0.0003 | back time: 0.8583 | lr: 0.00009476 | best AP50 acc: 0.8355 | best AP70 acc: 0.7310 | best mAP acc: 0.6906 | best mAR acc: 0.7619 | best Score: 0.6906 | best Score epoch: 12 
epoch 13, iter  501: loss: 0.0001 | load time: 0.0003 | back time: 0.8415 | lr: 0.00009470 | best AP50 acc: 0.8355 | best AP70 acc: 0.7310 | best mAP acc: 0.6906 | best mAR acc: 0.7619 | best Score: 0.6906 | best Score epoch: 12 
epoch 13, iter  551: loss: 0.0002 | load time: 0.0002 | back time: 0.8461 | lr: 0.00009464 | best AP50 acc: 0.8355 | best AP70 acc: 0.7310 | best mAP acc: 0.6906 | best mAR acc: 0.7619 | best Score: 0.6906 | best Score epoch: 12 
epoch 13, iter  601: loss: 0.0003 | load time: 0.0002 | back time: 0.8490 | lr: 0.00009457 | best AP50 acc: 0.8355 | best AP70 acc: 0.7310 | best mAP acc: 0.6906 | best mAR acc: 0.7619 | best Score: 0.6906 | best Score epoch: 12 
epoch 13, iter  651: loss: 0.0003 | load time: 0.0003 | back time: 0.8319 | lr: 0.00009451 | best AP50 acc: 0.8355 | best AP70 acc: 0.7310 | best mAP acc: 0.6906 | best mAR acc: 0.7619 | best Score: 0.6906 | best Score epoch: 12 
epoch 13, iter  701: loss: 0.0003 | load time: 0.0003 | back time: 0.8363 | lr: 0.00009445 | best AP50 acc: 0.8355 | best AP70 acc: 0.7310 | best mAP acc: 0.6906 | best mAR acc: 0.7619 | best Score: 0.6906 | best Score epoch: 12 
epoch 13, iter  751: loss: 0.0001 | load time: 0.0002 | back time: 0.8354 | lr: 0.00009439 | best AP50 acc: 0.8355 | best AP70 acc: 0.7310 | best mAP acc: 0.6906 | best mAR acc: 0.7619 | best Score: 0.6906 | best Score epoch: 12 
epoch 13, iter  801: loss: 0.0001 | load time: 0.0003 | back time: 0.8394 | lr: 0.00009433 | best AP50 acc: 0.8355 | best AP70 acc: 0.7310 | best mAP acc: 0.6906 | best mAR acc: 0.7619 | best Score: 0.6906 | best Score epoch: 12 
epoch 13, iter  851: loss: 0.0004 | load time: 0.0002 | back time: 0.8244 | lr: 0.00009426 | best AP50 acc: 0.8355 | best AP70 acc: 0.7310 | best mAP acc: 0.6906 | best mAR acc: 0.7619 | best Score: 0.6906 | best Score epoch: 12 
epoch 13, iter  901: loss: 0.0004 | load time: 0.0002 | back time: 0.8917 | lr: 0.00009420 | best AP50 acc: 0.8355 | best AP70 acc: 0.7310 | best mAP acc: 0.6906 | best mAR acc: 0.7619 | best Score: 0.6906 | best Score epoch: 12 
epoch 13, iter  951: loss: 0.0008 | load time: 0.0002 | back time: 0.8584 | lr: 0.00009414 | best AP50 acc: 0.8355 | best AP70 acc: 0.7310 | best mAP acc: 0.6906 | best mAR acc: 0.7619 | best Score: 0.6906 | best Score epoch: 12 
epoch 13, iter 1001: loss: 0.0006 | load time: 0.0002 | back time: 0.8520 | lr: 0.00009407 | best AP50 acc: 0.8355 | best AP70 acc: 0.7310 | best mAP acc: 0.6906 | best mAR acc: 0.7619 | best Score: 0.6906 | best Score epoch: 12 
epoch 13, iter 1051: loss: 0.0002 | load time: 0.0003 | back time: 0.8436 | lr: 0.00009401 | best AP50 acc: 0.8355 | best AP70 acc: 0.7310 | best mAP acc: 0.6906 | best mAR acc: 0.7619 | best Score: 0.6906 | best Score epoch: 12 
epoch 13, iter 1101: loss: 0.0002 | load time: 0.0002 | back time: 0.8520 | lr: 0.00009394 | best AP50 acc: 0.8355 | best AP70 acc: 0.7310 | best mAP acc: 0.6906 | best mAR acc: 0.7619 | best Score: 0.6906 | best Score epoch: 12 
epoch 13, iter 1151: loss: 0.0005 | load time: 0.0001 | back time: 0.8563 | lr: 0.00009388 | best AP50 acc: 0.8355 | best AP70 acc: 0.7310 | best mAP acc: 0.6906 | best mAR acc: 0.7619 | best Score: 0.6906 | best Score epoch: 12 
UAV_SEQS_2 | mAP50:90: 31.0508 | AP50: 49.7548 | AP70: 28.0326 
UAV_SEQS_37 | mAP50:90: 98.1509 | AP50: 100.0000 | AP70: 100.0000 
UAV_SEQS_45 | mAP50:90: 92.0373 | AP50: 100.0000 | AP70: 98.4241 
UAV_SEQS_47 | mAP50:90: 99.2779 | AP50: 100.0000 | AP70: 100.0000 
UAV_SEQS_55 | mAP50:90: 52.4843 | AP50: 79.0489 | AP70: 55.2581 
UAV_SEQS_59 | mAP50:90: 55.2517 | AP50: 87.1854 | AP70: 56.4356 
UAV_SEQS_6 | mAP50:90: 44.6072 | AP50: 64.2992 | AP70: 44.4546 
UAV_SEQS_63 | mAP50:90: 11.0006 | AP50: 37.6502 | AP70: 4.8253 
UAV_SEQS_65 | mAP50:90: 78.0993 | AP50: 95.2032 | AP70: 83.7754 
UAV_SEQS_7 | mAP50:90: 90.8348 | AP50: 100.0000 | AP70: 94.6819 
UAV_SEQS_71 | mAP50:90: 70.4454 | AP50: 95.5611 | AP70: 75.8005 
UAV_SEQS_73 | mAP50:90: 67.2772 | AP50: 85.8731 | AP70: 77.3089 
UAV_SEQS_74 | mAP50:90: 96.6277 | AP50: 100.0000 | AP70: 100.0000 
UAV_SEQS_77 | mAP50:90: 44.5562 | AP50: 56.1689 | AP70: 55.0558 
UAV_SEQS_8 | mAP50:90: 93.8794 | AP50: 100.0000 | AP70: 99.0033 
Overall            | mAP50:95: 69.9071 | AP50: 85.4417 | AP70: 72.5227 
epoch 14, iter    1: loss: 0.0002 | load time: 0.0036 | back time: 0.4629 | lr: 0.00009388 | best AP50 acc: 0.8544 | best AP70 acc: 0.7252 | best mAP acc: 0.6991 | best mAR acc: 0.7641 | best Score: 0.6991 | best Score epoch: 13 
epoch 14, iter   51: loss: 0.0002 | load time: 0.0001 | back time: 0.8338 | lr: 0.00009381 | best AP50 acc: 0.8544 | best AP70 acc: 0.7252 | best mAP acc: 0.6991 | best mAR acc: 0.7641 | best Score: 0.6991 | best Score epoch: 13 
epoch 14, iter  101: loss: 0.0002 | load time: 0.0001 | back time: 0.7405 | lr: 0.00009375 | best AP50 acc: 0.8544 | best AP70 acc: 0.7252 | best mAP acc: 0.6991 | best mAR acc: 0.7641 | best Score: 0.6991 | best Score epoch: 13 
epoch 14, iter  151: loss: 0.0001 | load time: 0.0002 | back time: 0.8427 | lr: 0.00009368 | best AP50 acc: 0.8544 | best AP70 acc: 0.7252 | best mAP acc: 0.6991 | best mAR acc: 0.7641 | best Score: 0.6991 | best Score epoch: 13 
epoch 14, iter  201: loss: 0.0000 | load time: 0.0001 | back time: 0.8419 | lr: 0.00009361 | best AP50 acc: 0.8544 | best AP70 acc: 0.7252 | best mAP acc: 0.6991 | best mAR acc: 0.7641 | best Score: 0.6991 | best Score epoch: 13 
epoch 14, iter  251: loss: 0.0007 | load time: 0.0002 | back time: 0.8194 | lr: 0.00009355 | best AP50 acc: 0.8544 | best AP70 acc: 0.7252 | best mAP acc: 0.6991 | best mAR acc: 0.7641 | best Score: 0.6991 | best Score epoch: 13 
epoch 14, iter  301: loss: 0.0004 | load time: 0.0003 | back time: 0.8782 | lr: 0.00009348 | best AP50 acc: 0.8544 | best AP70 acc: 0.7252 | best mAP acc: 0.6991 | best mAR acc: 0.7641 | best Score: 0.6991 | best Score epoch: 13 
epoch 14, iter  351: loss: 0.0004 | load time: 0.0002 | back time: 0.8135 | lr: 0.00009341 | best AP50 acc: 0.8544 | best AP70 acc: 0.7252 | best mAP acc: 0.6991 | best mAR acc: 0.7641 | best Score: 0.6991 | best Score epoch: 13 
epoch 14, iter  401: loss: 0.0001 | load time: 0.0002 | back time: 0.8252 | lr: 0.00009335 | best AP50 acc: 0.8544 | best AP70 acc: 0.7252 | best mAP acc: 0.6991 | best mAR acc: 0.7641 | best Score: 0.6991 | best Score epoch: 13 
epoch 14, iter  451: loss: 0.0002 | load time: 0.0003 | back time: 0.8094 | lr: 0.00009328 | best AP50 acc: 0.8544 | best AP70 acc: 0.7252 | best mAP acc: 0.6991 | best mAR acc: 0.7641 | best Score: 0.6991 | best Score epoch: 13 
epoch 14, iter  501: loss: 0.0006 | load time: 0.0002 | back time: 0.8113 | lr: 0.00009321 | best AP50 acc: 0.8544 | best AP70 acc: 0.7252 | best mAP acc: 0.6991 | best mAR acc: 0.7641 | best Score: 0.6991 | best Score epoch: 13 
epoch 14, iter  551: loss: 0.0003 | load time: 0.0003 | back time: 0.8431 | lr: 0.00009314 | best AP50 acc: 0.8544 | best AP70 acc: 0.7252 | best mAP acc: 0.6991 | best mAR acc: 0.7641 | best Score: 0.6991 | best Score epoch: 13 
epoch 14, iter  601: loss: 0.0004 | load time: 0.0002 | back time: 0.8119 | lr: 0.00009307 | best AP50 acc: 0.8544 | best AP70 acc: 0.7252 | best mAP acc: 0.6991 | best mAR acc: 0.7641 | best Score: 0.6991 | best Score epoch: 13 
epoch 14, iter  651: loss: 0.0003 | load time: 0.0002 | back time: 0.8114 | lr: 0.00009300 | best AP50 acc: 0.8544 | best AP70 acc: 0.7252 | best mAP acc: 0.6991 | best mAR acc: 0.7641 | best Score: 0.6991 | best Score epoch: 13 
epoch 14, iter  701: loss: 0.0002 | load time: 0.0002 | back time: 0.8118 | lr: 0.00009293 | best AP50 acc: 0.8544 | best AP70 acc: 0.7252 | best mAP acc: 0.6991 | best mAR acc: 0.7641 | best Score: 0.6991 | best Score epoch: 13 
epoch 14, iter  751: loss: 0.0002 | load time: 0.0002 | back time: 0.8268 | lr: 0.00009286 | best AP50 acc: 0.8544 | best AP70 acc: 0.7252 | best mAP acc: 0.6991 | best mAR acc: 0.7641 | best Score: 0.6991 | best Score epoch: 13 
epoch 14, iter  801: loss: 0.0002 | load time: 0.0002 | back time: 0.8774 | lr: 0.00009279 | best AP50 acc: 0.8544 | best AP70 acc: 0.7252 | best mAP acc: 0.6991 | best mAR acc: 0.7641 | best Score: 0.6991 | best Score epoch: 13 
epoch 14, iter  851: loss: 0.0002 | load time: 0.0004 | back time: 0.8627 | lr: 0.00009272 | best AP50 acc: 0.8544 | best AP70 acc: 0.7252 | best mAP acc: 0.6991 | best mAR acc: 0.7641 | best Score: 0.6991 | best Score epoch: 13 
epoch 14, iter  901: loss: 0.0004 | load time: 0.0002 | back time: 0.8576 | lr: 0.00009265 | best AP50 acc: 0.8544 | best AP70 acc: 0.7252 | best mAP acc: 0.6991 | best mAR acc: 0.7641 | best Score: 0.6991 | best Score epoch: 13 
epoch 14, iter  951: loss: 0.0007 | load time: 0.0002 | back time: 0.8557 | lr: 0.00009258 | best AP50 acc: 0.8544 | best AP70 acc: 0.7252 | best mAP acc: 0.6991 | best mAR acc: 0.7641 | best Score: 0.6991 | best Score epoch: 13 
epoch 14, iter 1001: loss: 0.0005 | load time: 0.0002 | back time: 0.8414 | lr: 0.00009251 | best AP50 acc: 0.8544 | best AP70 acc: 0.7252 | best mAP acc: 0.6991 | best mAR acc: 0.7641 | best Score: 0.6991 | best Score epoch: 13 
epoch 14, iter 1051: loss: 0.0001 | load time: 0.0002 | back time: 0.8424 | lr: 0.00009244 | best AP50 acc: 0.8544 | best AP70 acc: 0.7252 | best mAP acc: 0.6991 | best mAR acc: 0.7641 | best Score: 0.6991 | best Score epoch: 13 
epoch 14, iter 1101: loss: 0.0004 | load time: 0.0002 | back time: 0.8397 | lr: 0.00009237 | best AP50 acc: 0.8544 | best AP70 acc: 0.7252 | best mAP acc: 0.6991 | best mAR acc: 0.7641 | best Score: 0.6991 | best Score epoch: 13 
epoch 14, iter 1151: loss: 0.0001 | load time: 0.0003 | back time: 0.8462 | lr: 0.00009230 | best AP50 acc: 0.8544 | best AP70 acc: 0.7252 | best mAP acc: 0.6991 | best mAR acc: 0.7641 | best Score: 0.6991 | best Score epoch: 13 
UAV_SEQS_2 | mAP50:90: 39.3211 | AP50: 56.4131 | AP70: 42.5940 
UAV_SEQS_37 | mAP50:90: 98.3071 | AP50: 100.0000 | AP70: 100.0000 
UAV_SEQS_45 | mAP50:90: 94.6072 | AP50: 100.0000 | AP70: 98.8053 
UAV_SEQS_47 | mAP50:90: 98.0576 | AP50: 100.0000 | AP70: 100.0000 
UAV_SEQS_55 | mAP50:90: 31.0693 | AP50: 58.5984 | AP70: 31.0421 
UAV_SEQS_59 | mAP50:90: 72.5056 | AP50: 94.8645 | AP70: 79.5962 
UAV_SEQS_6 | mAP50:90: 50.7173 | AP50: 67.9738 | AP70: 51.8486 
UAV_SEQS_63 | mAP50:90: 7.4516 | AP50: 30.6161 | AP70: 0.3613 
UAV_SEQS_65 | mAP50:90: 85.2062 | AP50: 97.4112 | AP70: 91.4700 
UAV_SEQS_7 | mAP50:90: 83.0340 | AP50: 100.0000 | AP70: 91.3267 
UAV_SEQS_71 | mAP50:90: 83.2968 | AP50: 98.9604 | AP70: 92.2914 
UAV_SEQS_73 | mAP50:90: 63.8609 | AP50: 88.5037 | AP70: 70.9325 
UAV_SEQS_74 | mAP50:90: 96.0474 | AP50: 100.0000 | AP70: 100.0000 
UAV_SEQS_77 | mAP50:90: 24.4690 | AP50: 43.3350 | AP70: 29.1608 
UAV_SEQS_8 | mAP50:90: 93.2481 | AP50: 100.0000 | AP70: 98.9142 
Overall            | mAP50:95: 68.4747 | AP50: 83.8934 | AP70: 71.8998 
epoch 15, iter    1: loss: 0.0002 | load time: 0.0036 | back time: 0.3925 | lr: 0.00009229 | best AP50 acc: 0.8544 | best AP70 acc: 0.7252 | best mAP acc: 0.6991 | best mAR acc: 0.7641 | best Score: 0.6991 | best Score epoch: 13 
epoch 15, iter   51: loss: 0.0004 | load time: 0.0001 | back time: 0.8691 | lr: 0.00009222 | best AP50 acc: 0.8544 | best AP70 acc: 0.7252 | best mAP acc: 0.6991 | best mAR acc: 0.7641 | best Score: 0.6991 | best Score epoch: 13 
epoch 15, iter  101: loss: 0.0004 | load time: 0.0002 | back time: 0.8075 | lr: 0.00009215 | best AP50 acc: 0.8544 | best AP70 acc: 0.7252 | best mAP acc: 0.6991 | best mAR acc: 0.7641 | best Score: 0.6991 | best Score epoch: 13 
epoch 15, iter  151: loss: 0.0001 | load time: 0.0002 | back time: 0.8295 | lr: 0.00009207 | best AP50 acc: 0.8544 | best AP70 acc: 0.7252 | best mAP acc: 0.6991 | best mAR acc: 0.7641 | best Score: 0.6991 | best Score epoch: 13 
epoch 15, iter  201: loss: 0.0002 | load time: 0.0002 | back time: 0.8100 | lr: 0.00009200 | best AP50 acc: 0.8544 | best AP70 acc: 0.7252 | best mAP acc: 0.6991 | best mAR acc: 0.7641 | best Score: 0.6991 | best Score epoch: 13 
epoch 15, iter  251: loss: 0.0003 | load time: 0.0002 | back time: 0.8741 | lr: 0.00009193 | best AP50 acc: 0.8544 | best AP70 acc: 0.7252 | best mAP acc: 0.6991 | best mAR acc: 0.7641 | best Score: 0.6991 | best Score epoch: 13 
epoch 15, iter  301: loss: 0.0003 | load time: 0.0002 | back time: 0.8432 | lr: 0.00009185 | best AP50 acc: 0.8544 | best AP70 acc: 0.7252 | best mAP acc: 0.6991 | best mAR acc: 0.7641 | best Score: 0.6991 | best Score epoch: 13 
epoch 15, iter  351: loss: 0.0005 | load time: 0.0002 | back time: 0.8802 | lr: 0.00009178 | best AP50 acc: 0.8544 | best AP70 acc: 0.7252 | best mAP acc: 0.6991 | best mAR acc: 0.7641 | best Score: 0.6991 | best Score epoch: 13 
epoch 15, iter  401: loss: 0.0006 | load time: 0.0003 | back time: 0.8573 | lr: 0.00009170 | best AP50 acc: 0.8544 | best AP70 acc: 0.7252 | best mAP acc: 0.6991 | best mAR acc: 0.7641 | best Score: 0.6991 | best Score epoch: 13 
epoch 15, iter  451: loss: 0.0001 | load time: 0.0002 | back time: 0.8237 | lr: 0.00009163 | best AP50 acc: 0.8544 | best AP70 acc: 0.7252 | best mAP acc: 0.6991 | best mAR acc: 0.7641 | best Score: 0.6991 | best Score epoch: 13 
epoch 15, iter  501: loss: 0.0005 | load time: 0.0002 | back time: 0.8130 | lr: 0.00009155 | best AP50 acc: 0.8544 | best AP70 acc: 0.7252 | best mAP acc: 0.6991 | best mAR acc: 0.7641 | best Score: 0.6991 | best Score epoch: 13 
epoch 15, iter  551: loss: 0.0003 | load time: 0.0002 | back time: 0.8113 | lr: 0.00009148 | best AP50 acc: 0.8544 | best AP70 acc: 0.7252 | best mAP acc: 0.6991 | best mAR acc: 0.7641 | best Score: 0.6991 | best Score epoch: 13 
epoch 15, iter  601: loss: 0.0001 | load time: 0.0001 | back time: 0.8203 | lr: 0.00009140 | best AP50 acc: 0.8544 | best AP70 acc: 0.7252 | best mAP acc: 0.6991 | best mAR acc: 0.7641 | best Score: 0.6991 | best Score epoch: 13 
epoch 15, iter  651: loss: 0.0003 | load time: 0.0003 | back time: 0.8455 | lr: 0.00009133 | best AP50 acc: 0.8544 | best AP70 acc: 0.7252 | best mAP acc: 0.6991 | best mAR acc: 0.7641 | best Score: 0.6991 | best Score epoch: 13 
epoch 15, iter  701: loss: 0.0006 | load time: 0.0002 | back time: 0.8450 | lr: 0.00009125 | best AP50 acc: 0.8544 | best AP70 acc: 0.7252 | best mAP acc: 0.6991 | best mAR acc: 0.7641 | best Score: 0.6991 | best Score epoch: 13 
epoch 15, iter  751: loss: 0.0005 | load time: 0.0003 | back time: 0.8601 | lr: 0.00009117 | best AP50 acc: 0.8544 | best AP70 acc: 0.7252 | best mAP acc: 0.6991 | best mAR acc: 0.7641 | best Score: 0.6991 | best Score epoch: 13 
epoch 15, iter  801: loss: 0.0007 | load time: 0.0002 | back time: 0.8531 | lr: 0.00009110 | best AP50 acc: 0.8544 | best AP70 acc: 0.7252 | best mAP acc: 0.6991 | best mAR acc: 0.7641 | best Score: 0.6991 | best Score epoch: 13 
epoch 15, iter  851: loss: 0.0005 | load time: 0.0003 | back time: 0.8702 | lr: 0.00009102 | best AP50 acc: 0.8544 | best AP70 acc: 0.7252 | best mAP acc: 0.6991 | best mAR acc: 0.7641 | best Score: 0.6991 | best Score epoch: 13 
epoch 15, iter  901: loss: 0.0004 | load time: 0.0002 | back time: 0.8682 | lr: 0.00009094 | best AP50 acc: 0.8544 | best AP70 acc: 0.7252 | best mAP acc: 0.6991 | best mAR acc: 0.7641 | best Score: 0.6991 | best Score epoch: 13 
epoch 15, iter  951: loss: 0.0001 | load time: 0.0002 | back time: 0.8359 | lr: 0.00009086 | best AP50 acc: 0.8544 | best AP70 acc: 0.7252 | best mAP acc: 0.6991 | best mAR acc: 0.7641 | best Score: 0.6991 | best Score epoch: 13 
epoch 15, iter 1001: loss: 0.0005 | load time: 0.0001 | back time: 0.8422 | lr: 0.00009078 | best AP50 acc: 0.8544 | best AP70 acc: 0.7252 | best mAP acc: 0.6991 | best mAR acc: 0.7641 | best Score: 0.6991 | best Score epoch: 13 
epoch 15, iter 1051: loss: 0.0007 | load time: 0.0002 | back time: 0.8433 | lr: 0.00009071 | best AP50 acc: 0.8544 | best AP70 acc: 0.7252 | best mAP acc: 0.6991 | best mAR acc: 0.7641 | best Score: 0.6991 | best Score epoch: 13 
epoch 15, iter 1101: loss: 0.0003 | load time: 0.0002 | back time: 0.8404 | lr: 0.00009063 | best AP50 acc: 0.8544 | best AP70 acc: 0.7252 | best mAP acc: 0.6991 | best mAR acc: 0.7641 | best Score: 0.6991 | best Score epoch: 13 
epoch 15, iter 1151: loss: 0.0005 | load time: 0.0001 | back time: 0.8418 | lr: 0.00009055 | best AP50 acc: 0.8544 | best AP70 acc: 0.7252 | best mAP acc: 0.6991 | best mAR acc: 0.7641 | best Score: 0.6991 | best Score epoch: 13 
UAV_SEQS_2 | mAP50:90: 42.6651 | AP50: 76.3235 | AP70: 36.8845 
UAV_SEQS_37 | mAP50:90: 98.9963 | AP50: 100.0000 | AP70: 100.0000 
UAV_SEQS_45 | mAP50:90: 81.3428 | AP50: 100.0000 | AP70: 86.7714 
UAV_SEQS_47 | mAP50:90: 86.4745 | AP50: 100.0000 | AP70: 95.8094 
UAV_SEQS_55 | mAP50:90: 41.4109 | AP50: 67.6938 | AP70: 41.1455 
UAV_SEQS_59 | mAP50:90: 60.4681 | AP50: 91.8231 | AP70: 61.5314 
UAV_SEQS_6 | mAP50:90: 44.6296 | AP50: 62.1231 | AP70: 46.8827 
UAV_SEQS_63 | mAP50:90: 19.9545 | AP50: 68.8023 | AP70: 4.3114 
UAV_SEQS_65 | mAP50:90: 85.9026 | AP50: 97.6997 | AP70: 91.4360 
UAV_SEQS_7 | mAP50:90: 85.4999 | AP50: 100.0000 | AP70: 91.4851 
UAV_SEQS_71 | mAP50:90: 81.2352 | AP50: 100.0000 | AP70: 88.7895 
UAV_SEQS_73 | mAP50:90: 67.4999 | AP50: 88.3702 | AP70: 78.9198 
UAV_SEQS_74 | mAP50:90: 73.0344 | AP50: 100.0000 | AP70: 89.9292 
UAV_SEQS_77 | mAP50:90: 38.8725 | AP50: 66.4639 | AP70: 40.7916 
UAV_SEQS_8 | mAP50:90: 92.3029 | AP50: 100.0000 | AP70: 96.4590 
Overall            | mAP50:95: 65.9023 | AP50: 88.3941 | AP70: 68.9685 
epoch 16, iter    1: loss: 0.0004 | load time: 0.0045 | back time: 0.5286 | lr: 0.00009054 | best AP50 acc: 0.8544 | best AP70 acc: 0.7252 | best mAP acc: 0.6991 | best mAR acc: 0.7641 | best Score: 0.6991 | best Score epoch: 13 
epoch 16, iter   51: loss: 0.0007 | load time: 0.0002 | back time: 0.8239 | lr: 0.00009047 | best AP50 acc: 0.8544 | best AP70 acc: 0.7252 | best mAP acc: 0.6991 | best mAR acc: 0.7641 | best Score: 0.6991 | best Score epoch: 13 
epoch 16, iter  101: loss: 0.0003 | load time: 0.0004 | back time: 0.8282 | lr: 0.00009039 | best AP50 acc: 0.8544 | best AP70 acc: 0.7252 | best mAP acc: 0.6991 | best mAR acc: 0.7641 | best Score: 0.6991 | best Score epoch: 13 
epoch 16, iter  151: loss: 0.0001 | load time: 0.0002 | back time: 0.8202 | lr: 0.00009031 | best AP50 acc: 0.8544 | best AP70 acc: 0.7252 | best mAP acc: 0.6991 | best mAR acc: 0.7641 | best Score: 0.6991 | best Score epoch: 13 
epoch 16, iter  201: loss: 0.0005 | load time: 0.0002 | back time: 0.8676 | lr: 0.00009022 | best AP50 acc: 0.8544 | best AP70 acc: 0.7252 | best mAP acc: 0.6991 | best mAR acc: 0.7641 | best Score: 0.6991 | best Score epoch: 13 
epoch 16, iter  251: loss: 0.0005 | load time: 0.0001 | back time: 0.8888 | lr: 0.00009014 | best AP50 acc: 0.8544 | best AP70 acc: 0.7252 | best mAP acc: 0.6991 | best mAR acc: 0.7641 | best Score: 0.6991 | best Score epoch: 13 
epoch 16, iter  301: loss: 0.0003 | load time: 0.0001 | back time: 0.8770 | lr: 0.00009006 | best AP50 acc: 0.8544 | best AP70 acc: 0.7252 | best mAP acc: 0.6991 | best mAR acc: 0.7641 | best Score: 0.6991 | best Score epoch: 13 
epoch 16, iter  351: loss: 0.0006 | load time: 0.0002 | back time: 0.8388 | lr: 0.00008998 | best AP50 acc: 0.8544 | best AP70 acc: 0.7252 | best mAP acc: 0.6991 | best mAR acc: 0.7641 | best Score: 0.6991 | best Score epoch: 13 
epoch 16, iter  401: loss: 0.0003 | load time: 0.0002 | back time: 0.8330 | lr: 0.00008990 | best AP50 acc: 0.8544 | best AP70 acc: 0.7252 | best mAP acc: 0.6991 | best mAR acc: 0.7641 | best Score: 0.6991 | best Score epoch: 13 
epoch 16, iter  451: loss: 0.0009 | load time: 0.0002 | back time: 0.8109 | lr: 0.00008982 | best AP50 acc: 0.8544 | best AP70 acc: 0.7252 | best mAP acc: 0.6991 | best mAR acc: 0.7641 | best Score: 0.6991 | best Score epoch: 13 
epoch 16, iter  501: loss: 0.0007 | load time: 0.0003 | back time: 0.8094 | lr: 0.00008974 | best AP50 acc: 0.8544 | best AP70 acc: 0.7252 | best mAP acc: 0.6991 | best mAR acc: 0.7641 | best Score: 0.6991 | best Score epoch: 13 
epoch 16, iter  551: loss: 0.0004 | load time: 0.0002 | back time: 0.8099 | lr: 0.00008965 | best AP50 acc: 0.8544 | best AP70 acc: 0.7252 | best mAP acc: 0.6991 | best mAR acc: 0.7641 | best Score: 0.6991 | best Score epoch: 13 
epoch 16, iter  601: loss: 0.0006 | load time: 0.0002 | back time: 0.8096 | lr: 0.00008957 | best AP50 acc: 0.8544 | best AP70 acc: 0.7252 | best mAP acc: 0.6991 | best mAR acc: 0.7641 | best Score: 0.6991 | best Score epoch: 13 
epoch 16, iter  651: loss: 0.0004 | load time: 0.0003 | back time: 0.8208 | lr: 0.00008949 | best AP50 acc: 0.8544 | best AP70 acc: 0.7252 | best mAP acc: 0.6991 | best mAR acc: 0.7641 | best Score: 0.6991 | best Score epoch: 13 
epoch 16, iter  701: loss: 0.0001 | load time: 0.0002 | back time: 0.8374 | lr: 0.00008940 | best AP50 acc: 0.8544 | best AP70 acc: 0.7252 | best mAP acc: 0.6991 | best mAR acc: 0.7641 | best Score: 0.6991 | best Score epoch: 13 
epoch 16, iter  751: loss: 0.0003 | load time: 0.0001 | back time: 0.8440 | lr: 0.00008932 | best AP50 acc: 0.8544 | best AP70 acc: 0.7252 | best mAP acc: 0.6991 | best mAR acc: 0.7641 | best Score: 0.6991 | best Score epoch: 13 
epoch 16, iter  801: loss: 0.0003 | load time: 0.0002 | back time: 0.8406 | lr: 0.00008924 | best AP50 acc: 0.8544 | best AP70 acc: 0.7252 | best mAP acc: 0.6991 | best mAR acc: 0.7641 | best Score: 0.6991 | best Score epoch: 13 
epoch 16, iter  851: loss: 0.0002 | load time: 0.0002 | back time: 0.8446 | lr: 0.00008915 | best AP50 acc: 0.8544 | best AP70 acc: 0.7252 | best mAP acc: 0.6991 | best mAR acc: 0.7641 | best Score: 0.6991 | best Score epoch: 13 
epoch 16, iter  901: loss: 0.0000 | load time: 0.0002 | back time: 0.8518 | lr: 0.00008907 | best AP50 acc: 0.8544 | best AP70 acc: 0.7252 | best mAP acc: 0.6991 | best mAR acc: 0.7641 | best Score: 0.6991 | best Score epoch: 13 
epoch 16, iter  951: loss: 0.0007 | load time: 0.0002 | back time: 0.8613 | lr: 0.00008898 | best AP50 acc: 0.8544 | best AP70 acc: 0.7252 | best mAP acc: 0.6991 | best mAR acc: 0.7641 | best Score: 0.6991 | best Score epoch: 13 
epoch 16, iter 1001: loss: 0.0004 | load time: 0.0002 | back time: 0.8484 | lr: 0.00008890 | best AP50 acc: 0.8544 | best AP70 acc: 0.7252 | best mAP acc: 0.6991 | best mAR acc: 0.7641 | best Score: 0.6991 | best Score epoch: 13 
epoch 16, iter 1051: loss: 0.0005 | load time: 0.0002 | back time: 0.8409 | lr: 0.00008881 | best AP50 acc: 0.8544 | best AP70 acc: 0.7252 | best mAP acc: 0.6991 | best mAR acc: 0.7641 | best Score: 0.6991 | best Score epoch: 13 
epoch 16, iter 1101: loss: 0.0003 | load time: 0.0001 | back time: 0.8410 | lr: 0.00008873 | best AP50 acc: 0.8544 | best AP70 acc: 0.7252 | best mAP acc: 0.6991 | best mAR acc: 0.7641 | best Score: 0.6991 | best Score epoch: 13 
epoch 16, iter 1151: loss: 0.0006 | load time: 0.0001 | back time: 0.8399 | lr: 0.00008864 | best AP50 acc: 0.8544 | best AP70 acc: 0.7252 | best mAP acc: 0.6991 | best mAR acc: 0.7641 | best Score: 0.6991 | best Score epoch: 13 
UAV_SEQS_2 | mAP50:90: 31.0547 | AP50: 52.7634 | AP70: 30.3369 
UAV_SEQS_37 | mAP50:90: 90.7652 | AP50: 100.0000 | AP70: 95.2448 
UAV_SEQS_45 | mAP50:90: 97.1492 | AP50: 100.0000 | AP70: 100.0000 
UAV_SEQS_47 | mAP50:90: 99.0172 | AP50: 100.0000 | AP70: 100.0000 
UAV_SEQS_55 | mAP50:90: 36.7318 | AP50: 61.5520 | AP70: 38.3079 
UAV_SEQS_59 | mAP50:90: 74.6627 | AP50: 97.3339 | AP70: 88.0518 
UAV_SEQS_6 | mAP50:90: 37.9243 | AP50: 50.7648 | AP70: 37.6530 
UAV_SEQS_63 | mAP50:90: 39.3058 | AP50: 92.2629 | AP70: 20.6576 
UAV_SEQS_65 | mAP50:90: 82.6096 | AP50: 97.5422 | AP70: 90.1187 
UAV_SEQS_7 | mAP50:90: 84.6848 | AP50: 100.0000 | AP70: 91.3267 
UAV_SEQS_71 | mAP50:90: 73.9223 | AP50: 97.7734 | AP70: 82.8035 
UAV_SEQS_73 | mAP50:90: 65.9958 | AP50: 87.3881 | AP70: 72.1422 
UAV_SEQS_74 | mAP50:90: 95.6753 | AP50: 100.0000 | AP70: 100.0000 
UAV_SEQS_77 | mAP50:90: 11.5938 | AP50: 22.8952 | AP70: 10.7633 
UAV_SEQS_8 | mAP50:90: 81.0886 | AP50: 100.0000 | AP70: 89.2926 
Overall            | mAP50:95: 69.2385 | AP50: 85.1478 | AP70: 72.6266 
epoch 17, iter    1: loss: 0.0005 | load time: 0.0038 | back time: 0.3799 | lr: 0.00008864 | best AP50 acc: 0.8544 | best AP70 acc: 0.7252 | best mAP acc: 0.6991 | best mAR acc: 0.7641 | best Score: 0.6991 | best Score epoch: 13 
epoch 17, iter   51: loss: 0.0001 | load time: 0.0002 | back time: 0.8088 | lr: 0.00008855 | best AP50 acc: 0.8544 | best AP70 acc: 0.7252 | best mAP acc: 0.6991 | best mAR acc: 0.7641 | best Score: 0.6991 | best Score epoch: 13 
epoch 17, iter  101: loss: 0.0005 | load time: 0.0002 | back time: 0.8396 | lr: 0.00008847 | best AP50 acc: 0.8544 | best AP70 acc: 0.7252 | best mAP acc: 0.6991 | best mAR acc: 0.7641 | best Score: 0.6991 | best Score epoch: 13 
epoch 17, iter  151: loss: 0.0002 | load time: 0.0002 | back time: 0.8382 | lr: 0.00008838 | best AP50 acc: 0.8544 | best AP70 acc: 0.7252 | best mAP acc: 0.6991 | best mAR acc: 0.7641 | best Score: 0.6991 | best Score epoch: 13 
epoch 17, iter  201: loss: 0.0002 | load time: 0.0002 | back time: 0.8358 | lr: 0.00008829 | best AP50 acc: 0.8544 | best AP70 acc: 0.7252 | best mAP acc: 0.6991 | best mAR acc: 0.7641 | best Score: 0.6991 | best Score epoch: 13 
epoch 17, iter  251: loss: 0.0004 | load time: 0.0002 | back time: 0.8551 | lr: 0.00008820 | best AP50 acc: 0.8544 | best AP70 acc: 0.7252 | best mAP acc: 0.6991 | best mAR acc: 0.7641 | best Score: 0.6991 | best Score epoch: 13 
epoch 17, iter  301: loss: 0.0000 | load time: 0.0001 | back time: 0.8331 | lr: 0.00008812 | best AP50 acc: 0.8544 | best AP70 acc: 0.7252 | best mAP acc: 0.6991 | best mAR acc: 0.7641 | best Score: 0.6991 | best Score epoch: 13 
epoch 17, iter  351: loss: 0.0004 | load time: 0.0002 | back time: 0.8376 | lr: 0.00008803 | best AP50 acc: 0.8544 | best AP70 acc: 0.7252 | best mAP acc: 0.6991 | best mAR acc: 0.7641 | best Score: 0.6991 | best Score epoch: 13 
epoch 17, iter  401: loss: 0.0004 | load time: 0.0001 | back time: 0.8560 | lr: 0.00008794 | best AP50 acc: 0.8544 | best AP70 acc: 0.7252 | best mAP acc: 0.6991 | best mAR acc: 0.7641 | best Score: 0.6991 | best Score epoch: 13 
epoch 17, iter  451: loss: 0.0001 | load time: 0.0002 | back time: 0.8545 | lr: 0.00008785 | best AP50 acc: 0.8544 | best AP70 acc: 0.7252 | best mAP acc: 0.6991 | best mAR acc: 0.7641 | best Score: 0.6991 | best Score epoch: 13 
epoch 17, iter  501: loss: 0.0002 | load time: 0.0002 | back time: 0.8487 | lr: 0.00008776 | best AP50 acc: 0.8544 | best AP70 acc: 0.7252 | best mAP acc: 0.6991 | best mAR acc: 0.7641 | best Score: 0.6991 | best Score epoch: 13 
epoch 17, iter  551: loss: 0.0008 | load time: 0.0002 | back time: 0.8525 | lr: 0.00008768 | best AP50 acc: 0.8544 | best AP70 acc: 0.7252 | best mAP acc: 0.6991 | best mAR acc: 0.7641 | best Score: 0.6991 | best Score epoch: 13 
epoch 17, iter  601: loss: 0.0005 | load time: 0.0003 | back time: 0.8530 | lr: 0.00008759 | best AP50 acc: 0.8544 | best AP70 acc: 0.7252 | best mAP acc: 0.6991 | best mAR acc: 0.7641 | best Score: 0.6991 | best Score epoch: 13 
epoch 17, iter  651: loss: 0.0003 | load time: 0.0002 | back time: 0.8478 | lr: 0.00008750 | best AP50 acc: 0.8544 | best AP70 acc: 0.7252 | best mAP acc: 0.6991 | best mAR acc: 0.7641 | best Score: 0.6991 | best Score epoch: 13 
epoch 17, iter  701: loss: 0.0002 | load time: 0.0004 | back time: 0.8390 | lr: 0.00008741 | best AP50 acc: 0.8544 | best AP70 acc: 0.7252 | best mAP acc: 0.6991 | best mAR acc: 0.7641 | best Score: 0.6991 | best Score epoch: 13 
epoch 17, iter  751: loss: 0.0001 | load time: 0.0002 | back time: 0.8489 | lr: 0.00008732 | best AP50 acc: 0.8544 | best AP70 acc: 0.7252 | best mAP acc: 0.6991 | best mAR acc: 0.7641 | best Score: 0.6991 | best Score epoch: 13 
epoch 17, iter  801: loss: 0.0003 | load time: 0.0003 | back time: 0.8393 | lr: 0.00008723 | best AP50 acc: 0.8544 | best AP70 acc: 0.7252 | best mAP acc: 0.6991 | best mAR acc: 0.7641 | best Score: 0.6991 | best Score epoch: 13 
epoch 17, iter  851: loss: 0.0002 | load time: 0.0002 | back time: 0.8943 | lr: 0.00008714 | best AP50 acc: 0.8544 | best AP70 acc: 0.7252 | best mAP acc: 0.6991 | best mAR acc: 0.7641 | best Score: 0.6991 | best Score epoch: 13 
epoch 17, iter  901: loss: 0.0002 | load time: 0.0002 | back time: 0.8479 | lr: 0.00008704 | best AP50 acc: 0.8544 | best AP70 acc: 0.7252 | best mAP acc: 0.6991 | best mAR acc: 0.7641 | best Score: 0.6991 | best Score epoch: 13 
epoch 17, iter  951: loss: 0.0005 | load time: 0.0002 | back time: 0.8467 | lr: 0.00008695 | best AP50 acc: 0.8544 | best AP70 acc: 0.7252 | best mAP acc: 0.6991 | best mAR acc: 0.7641 | best Score: 0.6991 | best Score epoch: 13 
epoch 17, iter 1001: loss: 0.0004 | load time: 0.0001 | back time: 0.8492 | lr: 0.00008686 | best AP50 acc: 0.8544 | best AP70 acc: 0.7252 | best mAP acc: 0.6991 | best mAR acc: 0.7641 | best Score: 0.6991 | best Score epoch: 13 
epoch 17, iter 1051: loss: 0.0001 | load time: 0.0002 | back time: 0.8523 | lr: 0.00008677 | best AP50 acc: 0.8544 | best AP70 acc: 0.7252 | best mAP acc: 0.6991 | best mAR acc: 0.7641 | best Score: 0.6991 | best Score epoch: 13 
epoch 17, iter 1101: loss: 0.0007 | load time: 0.0004 | back time: 0.8572 | lr: 0.00008668 | best AP50 acc: 0.8544 | best AP70 acc: 0.7252 | best mAP acc: 0.6991 | best mAR acc: 0.7641 | best Score: 0.6991 | best Score epoch: 13 
epoch 17, iter 1151: loss: 0.0001 | load time: 0.0001 | back time: 0.8528 | lr: 0.00008659 | best AP50 acc: 0.8544 | best AP70 acc: 0.7252 | best mAP acc: 0.6991 | best mAR acc: 0.7641 | best Score: 0.6991 | best Score epoch: 13 
UAV_SEQS_2 | mAP50:90: 37.9013 | AP50: 63.1069 | AP70: 35.2093 
UAV_SEQS_37 | mAP50:90: 99.3110 | AP50: 100.0000 | AP70: 100.0000 
UAV_SEQS_45 | mAP50:90: 95.0543 | AP50: 100.0000 | AP70: 100.0000 
UAV_SEQS_47 | mAP50:90: 97.8418 | AP50: 100.0000 | AP70: 100.0000 
UAV_SEQS_55 | mAP50:90: 40.0545 | AP50: 61.4483 | AP70: 41.3320 
UAV_SEQS_59 | mAP50:90: 73.2021 | AP50: 95.1845 | AP70: 86.1163 
UAV_SEQS_6 | mAP50:90: 40.4502 | AP50: 48.8745 | AP70: 44.7212 
UAV_SEQS_63 | mAP50:90: 42.2549 | AP50: 96.0033 | AP70: 24.6898 
UAV_SEQS_65 | mAP50:90: 78.0581 | AP50: 96.5951 | AP70: 90.9650 
UAV_SEQS_7 | mAP50:90: 87.2093 | AP50: 100.0000 | AP70: 94.5479 
UAV_SEQS_71 | mAP50:90: 71.0106 | AP50: 96.9197 | AP70: 76.4843 
UAV_SEQS_73 | mAP50:90: 70.1588 | AP50: 87.7885 | AP70: 80.0156 
UAV_SEQS_74 | mAP50:90: 94.7821 | AP50: 100.0000 | AP70: 98.9465 
UAV_SEQS_77 | mAP50:90: 33.7862 | AP50: 40.5405 | AP70: 35.1022 
UAV_SEQS_8 | mAP50:90: 93.4878 | AP50: 100.0000 | AP70: 93.0598 
Overall            | mAP50:95: 71.3229 | AP50: 86.9817 | AP70: 75.2797 
epoch 18, iter    1: loss: 0.0004 | load time: 0.0036 | back time: 0.3851 | lr: 0.00008658 | best AP50 acc: 0.8698 | best AP70 acc: 0.7528 | best mAP acc: 0.7132 | best mAR acc: 0.7771 | best Score: 0.7132 | best Score epoch: 17 
epoch 18, iter   51: loss: 0.0001 | load time: 0.0002 | back time: 0.8291 | lr: 0.00008649 | best AP50 acc: 0.8698 | best AP70 acc: 0.7528 | best mAP acc: 0.7132 | best mAR acc: 0.7771 | best Score: 0.7132 | best Score epoch: 17 
epoch 18, iter  101: loss: 0.0003 | load time: 0.0002 | back time: 0.8462 | lr: 0.00008640 | best AP50 acc: 0.8698 | best AP70 acc: 0.7528 | best mAP acc: 0.7132 | best mAR acc: 0.7771 | best Score: 0.7132 | best Score epoch: 17 
epoch 18, iter  151: loss: 0.0001 | load time: 0.0002 | back time: 0.8484 | lr: 0.00008630 | best AP50 acc: 0.8698 | best AP70 acc: 0.7528 | best mAP acc: 0.7132 | best mAR acc: 0.7771 | best Score: 0.7132 | best Score epoch: 17 
epoch 18, iter  201: loss: 0.0003 | load time: 0.0001 | back time: 0.8492 | lr: 0.00008621 | best AP50 acc: 0.8698 | best AP70 acc: 0.7528 | best mAP acc: 0.7132 | best mAR acc: 0.7771 | best Score: 0.7132 | best Score epoch: 17 
epoch 18, iter  251: loss: 0.0006 | load time: 0.0001 | back time: 0.8412 | lr: 0.00008612 | best AP50 acc: 0.8698 | best AP70 acc: 0.7528 | best mAP acc: 0.7132 | best mAR acc: 0.7771 | best Score: 0.7132 | best Score epoch: 17 
epoch 18, iter  301: loss: 0.0002 | load time: 0.0002 | back time: 0.8492 | lr: 0.00008602 | best AP50 acc: 0.8698 | best AP70 acc: 0.7528 | best mAP acc: 0.7132 | best mAR acc: 0.7771 | best Score: 0.7132 | best Score epoch: 17 
epoch 18, iter  351: loss: 0.0001 | load time: 0.0002 | back time: 0.8478 | lr: 0.00008593 | best AP50 acc: 0.8698 | best AP70 acc: 0.7528 | best mAP acc: 0.7132 | best mAR acc: 0.7771 | best Score: 0.7132 | best Score epoch: 17 
epoch 18, iter  401: loss: 0.0001 | load time: 0.0002 | back time: 0.8468 | lr: 0.00008583 | best AP50 acc: 0.8698 | best AP70 acc: 0.7528 | best mAP acc: 0.7132 | best mAR acc: 0.7771 | best Score: 0.7132 | best Score epoch: 17 
epoch 18, iter  451: loss: 0.0002 | load time: 0.0002 | back time: 0.8466 | lr: 0.00008574 | best AP50 acc: 0.8698 | best AP70 acc: 0.7528 | best mAP acc: 0.7132 | best mAR acc: 0.7771 | best Score: 0.7132 | best Score epoch: 17 
epoch 18, iter  501: loss: 0.0002 | load time: 0.0002 | back time: 0.8483 | lr: 0.00008564 | best AP50 acc: 0.8698 | best AP70 acc: 0.7528 | best mAP acc: 0.7132 | best mAR acc: 0.7771 | best Score: 0.7132 | best Score epoch: 17 
epoch 18, iter  551: loss: 0.0003 | load time: 0.0003 | back time: 0.8584 | lr: 0.00008555 | best AP50 acc: 0.8698 | best AP70 acc: 0.7528 | best mAP acc: 0.7132 | best mAR acc: 0.7771 | best Score: 0.7132 | best Score epoch: 17 
epoch 18, iter  601: loss: 0.0003 | load time: 0.0002 | back time: 0.8496 | lr: 0.00008545 | best AP50 acc: 0.8698 | best AP70 acc: 0.7528 | best mAP acc: 0.7132 | best mAR acc: 0.7771 | best Score: 0.7132 | best Score epoch: 17 
epoch 18, iter  651: loss: 0.0006 | load time: 0.0002 | back time: 0.8489 | lr: 0.00008536 | best AP50 acc: 0.8698 | best AP70 acc: 0.7528 | best mAP acc: 0.7132 | best mAR acc: 0.7771 | best Score: 0.7132 | best Score epoch: 17 
epoch 18, iter  701: loss: 0.0005 | load time: 0.0002 | back time: 0.8467 | lr: 0.00008526 | best AP50 acc: 0.8698 | best AP70 acc: 0.7528 | best mAP acc: 0.7132 | best mAR acc: 0.7771 | best Score: 0.7132 | best Score epoch: 17 
epoch 18, iter  751: loss: 0.0002 | load time: 0.0002 | back time: 0.8474 | lr: 0.00008517 | best AP50 acc: 0.8698 | best AP70 acc: 0.7528 | best mAP acc: 0.7132 | best mAR acc: 0.7771 | best Score: 0.7132 | best Score epoch: 17 
epoch 18, iter  801: loss: 0.0001 | load time: 0.0002 | back time: 0.8473 | lr: 0.00008507 | best AP50 acc: 0.8698 | best AP70 acc: 0.7528 | best mAP acc: 0.7132 | best mAR acc: 0.7771 | best Score: 0.7132 | best Score epoch: 17 
epoch 18, iter  851: loss: 0.0001 | load time: 0.0003 | back time: 0.8475 | lr: 0.00008497 | best AP50 acc: 0.8698 | best AP70 acc: 0.7528 | best mAP acc: 0.7132 | best mAR acc: 0.7771 | best Score: 0.7132 | best Score epoch: 17 
epoch 18, iter  901: loss: 0.0001 | load time: 0.0002 | back time: 0.8486 | lr: 0.00008488 | best AP50 acc: 0.8698 | best AP70 acc: 0.7528 | best mAP acc: 0.7132 | best mAR acc: 0.7771 | best Score: 0.7132 | best Score epoch: 17 
epoch 18, iter  951: loss: 0.0001 | load time: 0.0003 | back time: 0.8472 | lr: 0.00008478 | best AP50 acc: 0.8698 | best AP70 acc: 0.7528 | best mAP acc: 0.7132 | best mAR acc: 0.7771 | best Score: 0.7132 | best Score epoch: 17 
epoch 18, iter 1001: loss: 0.0004 | load time: 0.0003 | back time: 0.8504 | lr: 0.00008468 | best AP50 acc: 0.8698 | best AP70 acc: 0.7528 | best mAP acc: 0.7132 | best mAR acc: 0.7771 | best Score: 0.7132 | best Score epoch: 17 
epoch 18, iter 1051: loss: 0.0004 | load time: 0.0003 | back time: 0.8477 | lr: 0.00008458 | best AP50 acc: 0.8698 | best AP70 acc: 0.7528 | best mAP acc: 0.7132 | best mAR acc: 0.7771 | best Score: 0.7132 | best Score epoch: 17 
epoch 18, iter 1101: loss: 0.0002 | load time: 0.0002 | back time: 0.8487 | lr: 0.00008449 | best AP50 acc: 0.8698 | best AP70 acc: 0.7528 | best mAP acc: 0.7132 | best mAR acc: 0.7771 | best Score: 0.7132 | best Score epoch: 17 
epoch 18, iter 1151: loss: 0.0005 | load time: 0.0001 | back time: 0.8493 | lr: 0.00008439 | best AP50 acc: 0.8698 | best AP70 acc: 0.7528 | best mAP acc: 0.7132 | best mAR acc: 0.7771 | best Score: 0.7132 | best Score epoch: 17 
UAV_SEQS_2 | mAP50:90: 47.5906 | AP50: 80.9891 | AP70: 44.0844 
UAV_SEQS_37 | mAP50:90: 97.4202 | AP50: 100.0000 | AP70: 98.7888 
UAV_SEQS_45 | mAP50:90: 89.8440 | AP50: 100.0000 | AP70: 95.3234 
UAV_SEQS_47 | mAP50:90: 94.1003 | AP50: 100.0000 | AP70: 100.0000 
UAV_SEQS_55 | mAP50:90: 47.9304 | AP50: 69.2113 | AP70: 47.4580 
UAV_SEQS_59 | mAP50:90: 65.0798 | AP50: 88.4197 | AP70: 72.8168 
UAV_SEQS_6 | mAP50:90: 64.8931 | AP50: 93.0693 | AP70: 74.9123 
UAV_SEQS_63 | mAP50:90: 11.2745 | AP50: 47.4397 | AP70: 1.4401 
UAV_SEQS_65 | mAP50:90: 76.6345 | AP50: 96.5829 | AP70: 85.5748 
UAV_SEQS_7 | mAP50:90: 79.0880 | AP50: 100.0000 | AP70: 86.8824 
UAV_SEQS_71 | mAP50:90: 77.8304 | AP50: 98.8739 | AP70: 91.4886 
UAV_SEQS_73 | mAP50:90: 64.1928 | AP50: 84.6924 | AP70: 74.3164 
UAV_SEQS_74 | mAP50:90: 95.1668 | AP50: 100.0000 | AP70: 100.0000 
UAV_SEQS_77 | mAP50:90: 33.3236 | AP50: 40.3257 | AP70: 34.1000 
UAV_SEQS_8 | mAP50:90: 94.4487 | AP50: 100.0000 | AP70: 97.2876 
Overall            | mAP50:95: 68.6577 | AP50: 86.8204 | AP70: 72.7500 
epoch 19, iter    1: loss: 0.0001 | load time: 0.0040 | back time: 0.5281 | lr: 0.00008438 | best AP50 acc: 0.8698 | best AP70 acc: 0.7528 | best mAP acc: 0.7132 | best mAR acc: 0.7771 | best Score: 0.7132 | best Score epoch: 17 
epoch 19, iter   51: loss: 0.0002 | load time: 0.0002 | back time: 0.8254 | lr: 0.00008428 | best AP50 acc: 0.8698 | best AP70 acc: 0.7528 | best mAP acc: 0.7132 | best mAR acc: 0.7771 | best Score: 0.7132 | best Score epoch: 17 
epoch 19, iter  101: loss: 0.0000 | load time: 0.0003 | back time: 0.8463 | lr: 0.00008419 | best AP50 acc: 0.8698 | best AP70 acc: 0.7528 | best mAP acc: 0.7132 | best mAR acc: 0.7771 | best Score: 0.7132 | best Score epoch: 17 
epoch 19, iter  151: loss: 0.0004 | load time: 0.0002 | back time: 0.8484 | lr: 0.00008409 | best AP50 acc: 0.8698 | best AP70 acc: 0.7528 | best mAP acc: 0.7132 | best mAR acc: 0.7771 | best Score: 0.7132 | best Score epoch: 17 
epoch 19, iter  201: loss: 0.0002 | load time: 0.0002 | back time: 0.8491 | lr: 0.00008399 | best AP50 acc: 0.8698 | best AP70 acc: 0.7528 | best mAP acc: 0.7132 | best mAR acc: 0.7771 | best Score: 0.7132 | best Score epoch: 17 
epoch 19, iter  251: loss: 0.0001 | load time: 0.0002 | back time: 0.8483 | lr: 0.00008389 | best AP50 acc: 0.8698 | best AP70 acc: 0.7528 | best mAP acc: 0.7132 | best mAR acc: 0.7771 | best Score: 0.7132 | best Score epoch: 17 
epoch 19, iter  301: loss: 0.0001 | load time: 0.0003 | back time: 0.8488 | lr: 0.00008379 | best AP50 acc: 0.8698 | best AP70 acc: 0.7528 | best mAP acc: 0.7132 | best mAR acc: 0.7771 | best Score: 0.7132 | best Score epoch: 17 
epoch 19, iter  351: loss: 0.0003 | load time: 0.0004 | back time: 0.8495 | lr: 0.00008369 | best AP50 acc: 0.8698 | best AP70 acc: 0.7528 | best mAP acc: 0.7132 | best mAR acc: 0.7771 | best Score: 0.7132 | best Score epoch: 17 
epoch 19, iter  401: loss: 0.0003 | load time: 0.0002 | back time: 0.8492 | lr: 0.00008359 | best AP50 acc: 0.8698 | best AP70 acc: 0.7528 | best mAP acc: 0.7132 | best mAR acc: 0.7771 | best Score: 0.7132 | best Score epoch: 17 
epoch 19, iter  451: loss: 0.0001 | load time: 0.0002 | back time: 0.8495 | lr: 0.00008349 | best AP50 acc: 0.8698 | best AP70 acc: 0.7528 | best mAP acc: 0.7132 | best mAR acc: 0.7771 | best Score: 0.7132 | best Score epoch: 17 
epoch 19, iter  501: loss: 0.0003 | load time: 0.0002 | back time: 0.8496 | lr: 0.00008339 | best AP50 acc: 0.8698 | best AP70 acc: 0.7528 | best mAP acc: 0.7132 | best mAR acc: 0.7771 | best Score: 0.7132 | best Score epoch: 17 
epoch 19, iter  551: loss: 0.0001 | load time: 0.0002 | back time: 0.7433 | lr: 0.00008329 | best AP50 acc: 0.8698 | best AP70 acc: 0.7528 | best mAP acc: 0.7132 | best mAR acc: 0.7771 | best Score: 0.7132 | best Score epoch: 17 
epoch 19, iter  601: loss: 0.0002 | load time: 0.0002 | back time: 0.8106 | lr: 0.00008318 | best AP50 acc: 0.8698 | best AP70 acc: 0.7528 | best mAP acc: 0.7132 | best mAR acc: 0.7771 | best Score: 0.7132 | best Score epoch: 17 
epoch 19, iter  651: loss: 0.0000 | load time: 0.0002 | back time: 0.8414 | lr: 0.00008308 | best AP50 acc: 0.8698 | best AP70 acc: 0.7528 | best mAP acc: 0.7132 | best mAR acc: 0.7771 | best Score: 0.7132 | best Score epoch: 17 
epoch 19, iter  701: loss: 0.0001 | load time: 0.0001 | back time: 0.8754 | lr: 0.00008298 | best AP50 acc: 0.8698 | best AP70 acc: 0.7528 | best mAP acc: 0.7132 | best mAR acc: 0.7771 | best Score: 0.7132 | best Score epoch: 17 
epoch 19, iter  751: loss: 0.0002 | load time: 0.0002 | back time: 0.8797 | lr: 0.00008288 | best AP50 acc: 0.8698 | best AP70 acc: 0.7528 | best mAP acc: 0.7132 | best mAR acc: 0.7771 | best Score: 0.7132 | best Score epoch: 17 
epoch 19, iter  801: loss: 0.0002 | load time: 0.0002 | back time: 0.8069 | lr: 0.00008278 | best AP50 acc: 0.8698 | best AP70 acc: 0.7528 | best mAP acc: 0.7132 | best mAR acc: 0.7771 | best Score: 0.7132 | best Score epoch: 17 
epoch 19, iter  851: loss: 0.0000 | load time: 0.0002 | back time: 0.8291 | lr: 0.00008267 | best AP50 acc: 0.8698 | best AP70 acc: 0.7528 | best mAP acc: 0.7132 | best mAR acc: 0.7771 | best Score: 0.7132 | best Score epoch: 17 
epoch 19, iter  901: loss: 0.0002 | load time: 0.0002 | back time: 0.8417 | lr: 0.00008257 | best AP50 acc: 0.8698 | best AP70 acc: 0.7528 | best mAP acc: 0.7132 | best mAR acc: 0.7771 | best Score: 0.7132 | best Score epoch: 17 
epoch 19, iter  951: loss: 0.0002 | load time: 0.0002 | back time: 0.8342 | lr: 0.00008247 | best AP50 acc: 0.8698 | best AP70 acc: 0.7528 | best mAP acc: 0.7132 | best mAR acc: 0.7771 | best Score: 0.7132 | best Score epoch: 17 
epoch 19, iter 1001: loss: 0.0003 | load time: 0.0001 | back time: 0.8474 | lr: 0.00008237 | best AP50 acc: 0.8698 | best AP70 acc: 0.7528 | best mAP acc: 0.7132 | best mAR acc: 0.7771 | best Score: 0.7132 | best Score epoch: 17 
epoch 19, iter 1051: loss: 0.0002 | load time: 0.0002 | back time: 0.8651 | lr: 0.00008226 | best AP50 acc: 0.8698 | best AP70 acc: 0.7528 | best mAP acc: 0.7132 | best mAR acc: 0.7771 | best Score: 0.7132 | best Score epoch: 17 
epoch 19, iter 1101: loss: 0.0001 | load time: 0.0004 | back time: 0.8348 | lr: 0.00008216 | best AP50 acc: 0.8698 | best AP70 acc: 0.7528 | best mAP acc: 0.7132 | best mAR acc: 0.7771 | best Score: 0.7132 | best Score epoch: 17 
epoch 19, iter 1151: loss: 0.0000 | load time: 0.0002 | back time: 0.8111 | lr: 0.00008205 | best AP50 acc: 0.8698 | best AP70 acc: 0.7528 | best mAP acc: 0.7132 | best mAR acc: 0.7771 | best Score: 0.7132 | best Score epoch: 17 
UAV_SEQS_2 | mAP50:90: 41.0888 | AP50: 73.9455 | AP70: 38.4444 
UAV_SEQS_37 | mAP50:90: 95.1380 | AP50: 100.0000 | AP70: 97.6488 
UAV_SEQS_45 | mAP50:90: 92.9999 | AP50: 100.0000 | AP70: 98.7228 
UAV_SEQS_47 | mAP50:90: 93.1702 | AP50: 100.0000 | AP70: 100.0000 
UAV_SEQS_55 | mAP50:90: 47.3580 | AP50: 66.5150 | AP70: 54.3626 
UAV_SEQS_59 | mAP50:90: 65.2101 | AP50: 92.8495 | AP70: 73.1026 
UAV_SEQS_6 | mAP50:90: 62.4353 | AP50: 91.0531 | AP70: 65.9534 
UAV_SEQS_63 | mAP50:90: 23.8234 | AP50: 83.4895 | AP70: 7.7214 
UAV_SEQS_65 | mAP50:90: 76.9620 | AP50: 96.3015 | AP70: 87.2264 
UAV_SEQS_7 | mAP50:90: 82.9971 | AP50: 100.0000 | AP70: 92.1181 
UAV_SEQS_71 | mAP50:90: 72.5178 | AP50: 98.9525 | AP70: 81.1655 
UAV_SEQS_73 | mAP50:90: 69.8188 | AP50: 86.1228 | AP70: 77.4455 
UAV_SEQS_74 | mAP50:90: 92.5465 | AP50: 100.0000 | AP70: 100.0000 
UAV_SEQS_77 | mAP50:90: 39.8392 | AP50: 48.7457 | AP70: 43.4008 
UAV_SEQS_8 | mAP50:90: 89.7208 | AP50: 100.0000 | AP70: 91.3455 
Overall            | mAP50:95: 70.3217 | AP50: 89.7853 | AP70: 74.7552 
epoch 20, iter    1: loss: 0.0002 | load time: 0.0045 | back time: 0.3539 | lr: 0.00008205 | best AP50 acc: 0.8698 | best AP70 acc: 0.7528 | best mAP acc: 0.7132 | best mAR acc: 0.7771 | best Score: 0.7132 | best Score epoch: 17 
epoch 20, iter   51: loss: 0.0001 | load time: 0.0002 | back time: 0.8318 | lr: 0.00008195 | best AP50 acc: 0.8698 | best AP70 acc: 0.7528 | best mAP acc: 0.7132 | best mAR acc: 0.7771 | best Score: 0.7132 | best Score epoch: 17 
epoch 20, iter  101: loss: 0.0000 | load time: 0.0003 | back time: 0.8365 | lr: 0.00008184 | best AP50 acc: 0.8698 | best AP70 acc: 0.7528 | best mAP acc: 0.7132 | best mAR acc: 0.7771 | best Score: 0.7132 | best Score epoch: 17 
epoch 20, iter  151: loss: 0.0002 | load time: 0.0001 | back time: 0.8234 | lr: 0.00008174 | best AP50 acc: 0.8698 | best AP70 acc: 0.7528 | best mAP acc: 0.7132 | best mAR acc: 0.7771 | best Score: 0.7132 | best Score epoch: 17 
epoch 20, iter  201: loss: 0.0000 | load time: 0.0002 | back time: 0.8509 | lr: 0.00008163 | best AP50 acc: 0.8698 | best AP70 acc: 0.7528 | best mAP acc: 0.7132 | best mAR acc: 0.7771 | best Score: 0.7132 | best Score epoch: 17 
epoch 20, iter  251: loss: 0.0001 | load time: 0.0001 | back time: 0.8115 | lr: 0.00008153 | best AP50 acc: 0.8698 | best AP70 acc: 0.7528 | best mAP acc: 0.7132 | best mAR acc: 0.7771 | best Score: 0.7132 | best Score epoch: 17 
epoch 20, iter  301: loss: 0.0002 | load time: 0.0002 | back time: 0.8118 | lr: 0.00008142 | best AP50 acc: 0.8698 | best AP70 acc: 0.7528 | best mAP acc: 0.7132 | best mAR acc: 0.7771 | best Score: 0.7132 | best Score epoch: 17 
epoch 20, iter  351: loss: 0.0003 | load time: 0.0003 | back time: 0.8122 | lr: 0.00008132 | best AP50 acc: 0.8698 | best AP70 acc: 0.7528 | best mAP acc: 0.7132 | best mAR acc: 0.7771 | best Score: 0.7132 | best Score epoch: 17 
epoch 20, iter  401: loss: 0.0000 | load time: 0.0002 | back time: 0.8559 | lr: 0.00008121 | best AP50 acc: 0.8698 | best AP70 acc: 0.7528 | best mAP acc: 0.7132 | best mAR acc: 0.7771 | best Score: 0.7132 | best Score epoch: 17 
epoch 20, iter  451: loss: 0.0001 | load time: 0.0002 | back time: 0.8773 | lr: 0.00008110 | best AP50 acc: 0.8698 | best AP70 acc: 0.7528 | best mAP acc: 0.7132 | best mAR acc: 0.7771 | best Score: 0.7132 | best Score epoch: 17 
epoch 20, iter  501: loss: 0.0001 | load time: 0.0003 | back time: 0.8492 | lr: 0.00008100 | best AP50 acc: 0.8698 | best AP70 acc: 0.7528 | best mAP acc: 0.7132 | best mAR acc: 0.7771 | best Score: 0.7132 | best Score epoch: 17 
epoch 20, iter  551: loss: 0.0002 | load time: 0.0002 | back time: 0.8636 | lr: 0.00008089 | best AP50 acc: 0.8698 | best AP70 acc: 0.7528 | best mAP acc: 0.7132 | best mAR acc: 0.7771 | best Score: 0.7132 | best Score epoch: 17 
epoch 20, iter  601: loss: 0.0000 | load time: 0.0001 | back time: 0.8504 | lr: 0.00008079 | best AP50 acc: 0.8698 | best AP70 acc: 0.7528 | best mAP acc: 0.7132 | best mAR acc: 0.7771 | best Score: 0.7132 | best Score epoch: 17 
epoch 20, iter  651: loss: 0.0001 | load time: 0.0002 | back time: 0.8419 | lr: 0.00008068 | best AP50 acc: 0.8698 | best AP70 acc: 0.7528 | best mAP acc: 0.7132 | best mAR acc: 0.7771 | best Score: 0.7132 | best Score epoch: 17 
epoch 20, iter  701: loss: 0.0001 | load time: 0.0003 | back time: 0.8369 | lr: 0.00008057 | best AP50 acc: 0.8698 | best AP70 acc: 0.7528 | best mAP acc: 0.7132 | best mAR acc: 0.7771 | best Score: 0.7132 | best Score epoch: 17 
epoch 20, iter  751: loss: 0.0000 | load time: 0.0002 | back time: 0.8487 | lr: 0.00008046 | best AP50 acc: 0.8698 | best AP70 acc: 0.7528 | best mAP acc: 0.7132 | best mAR acc: 0.7771 | best Score: 0.7132 | best Score epoch: 17 
epoch 20, iter  801: loss: 0.0001 | load time: 0.0001 | back time: 0.8398 | lr: 0.00008036 | best AP50 acc: 0.8698 | best AP70 acc: 0.7528 | best mAP acc: 0.7132 | best mAR acc: 0.7771 | best Score: 0.7132 | best Score epoch: 17 
epoch 20, iter  851: loss: 0.0001 | load time: 0.0002 | back time: 0.8717 | lr: 0.00008025 | best AP50 acc: 0.8698 | best AP70 acc: 0.7528 | best mAP acc: 0.7132 | best mAR acc: 0.7771 | best Score: 0.7132 | best Score epoch: 17 
epoch 20, iter  901: loss: 0.0001 | load time: 0.0002 | back time: 0.8163 | lr: 0.00008014 | best AP50 acc: 0.8698 | best AP70 acc: 0.7528 | best mAP acc: 0.7132 | best mAR acc: 0.7771 | best Score: 0.7132 | best Score epoch: 17 
epoch 20, iter  951: loss: 0.0001 | load time: 0.0003 | back time: 0.8295 | lr: 0.00008003 | best AP50 acc: 0.8698 | best AP70 acc: 0.7528 | best mAP acc: 0.7132 | best mAR acc: 0.7771 | best Score: 0.7132 | best Score epoch: 17 
epoch 20, iter 1001: loss: 0.0002 | load time: 0.0003 | back time: 0.8421 | lr: 0.00007992 | best AP50 acc: 0.8698 | best AP70 acc: 0.7528 | best mAP acc: 0.7132 | best mAR acc: 0.7771 | best Score: 0.7132 | best Score epoch: 17 
epoch 20, iter 1051: loss: 0.0001 | load time: 0.0002 | back time: 0.8403 | lr: 0.00007982 | best AP50 acc: 0.8698 | best AP70 acc: 0.7528 | best mAP acc: 0.7132 | best mAR acc: 0.7771 | best Score: 0.7132 | best Score epoch: 17 
epoch 20, iter 1101: loss: 0.0001 | load time: 0.0002 | back time: 0.8391 | lr: 0.00007971 | best AP50 acc: 0.8698 | best AP70 acc: 0.7528 | best mAP acc: 0.7132 | best mAR acc: 0.7771 | best Score: 0.7132 | best Score epoch: 17 
epoch 20, iter 1151: loss: 0.0000 | load time: 0.0001 | back time: 0.8413 | lr: 0.00007960 | best AP50 acc: 0.8698 | best AP70 acc: 0.7528 | best mAP acc: 0.7132 | best mAR acc: 0.7771 | best Score: 0.7132 | best Score epoch: 17 
UAV_SEQS_2 | mAP50:90: 30.3495 | AP50: 52.1363 | AP70: 28.8217 
UAV_SEQS_37 | mAP50:90: 90.0755 | AP50: 100.0000 | AP70: 92.4222 
UAV_SEQS_45 | mAP50:90: 92.0515 | AP50: 100.0000 | AP70: 96.4873 
UAV_SEQS_47 | mAP50:90: 97.3412 | AP50: 100.0000 | AP70: 100.0000 
UAV_SEQS_55 | mAP50:90: 51.3929 | AP50: 71.1540 | AP70: 56.5732 
UAV_SEQS_59 | mAP50:90: 68.4313 | AP50: 92.1479 | AP70: 75.9897 
UAV_SEQS_6 | mAP50:90: 48.5364 | AP50: 59.6647 | AP70: 53.5854 
UAV_SEQS_63 | mAP50:90: 55.1311 | AP50: 96.2665 | AP70: 54.4404 
UAV_SEQS_65 | mAP50:90: 84.8948 | AP50: 96.0677 | AP70: 91.3357 
UAV_SEQS_7 | mAP50:90: 68.6395 | AP50: 100.0000 | AP70: 66.2178 
UAV_SEQS_71 | mAP50:90: 76.6130 | AP50: 98.9505 | AP70: 90.3235 
UAV_SEQS_73 | mAP50:90: 65.0389 | AP50: 81.3436 | AP70: 70.5971 
UAV_SEQS_74 | mAP50:90: 99.7800 | AP50: 100.0000 | AP70: 100.0000 
UAV_SEQS_77 | mAP50:90: 48.0765 | AP50: 62.4420 | AP70: 55.9420 
UAV_SEQS_8 | mAP50:90: 75.8936 | AP50: 100.0000 | AP70: 76.7718 
Overall            | mAP50:95: 71.4897 | AP50: 88.8233 | AP70: 75.6490 
epoch 21, iter    1: loss: 0.0000 | load time: 0.0042 | back time: 0.3729 | lr: 0.00007959 | best AP50 acc: 0.8882 | best AP70 acc: 0.7565 | best mAP acc: 0.7149 | best mAR acc: 0.7874 | best Score: 0.7149 | best Score epoch: 20 
epoch 21, iter   51: loss: 0.0003 | load time: 0.0002 | back time: 0.8363 | lr: 0.00007948 | best AP50 acc: 0.8882 | best AP70 acc: 0.7565 | best mAP acc: 0.7149 | best mAR acc: 0.7874 | best Score: 0.7149 | best Score epoch: 20 
epoch 21, iter  101: loss: 0.0001 | load time: 0.0003 | back time: 0.8386 | lr: 0.00007937 | best AP50 acc: 0.8882 | best AP70 acc: 0.7565 | best mAP acc: 0.7149 | best mAR acc: 0.7874 | best Score: 0.7149 | best Score epoch: 20 
epoch 21, iter  151: loss: 0.0002 | load time: 0.0002 | back time: 0.8396 | lr: 0.00007926 | best AP50 acc: 0.8882 | best AP70 acc: 0.7565 | best mAP acc: 0.7149 | best mAR acc: 0.7874 | best Score: 0.7149 | best Score epoch: 20 
epoch 21, iter  201: loss: 0.0001 | load time: 0.0003 | back time: 0.8415 | lr: 0.00007915 | best AP50 acc: 0.8882 | best AP70 acc: 0.7565 | best mAP acc: 0.7149 | best mAR acc: 0.7874 | best Score: 0.7149 | best Score epoch: 20 
epoch 21, iter  251: loss: 0.0002 | load time: 0.0002 | back time: 0.8612 | lr: 0.00007904 | best AP50 acc: 0.8882 | best AP70 acc: 0.7565 | best mAP acc: 0.7149 | best mAR acc: 0.7874 | best Score: 0.7149 | best Score epoch: 20 
epoch 21, iter  301: loss: 0.0001 | load time: 0.0002 | back time: 0.8464 | lr: 0.00007893 | best AP50 acc: 0.8882 | best AP70 acc: 0.7565 | best mAP acc: 0.7149 | best mAR acc: 0.7874 | best Score: 0.7149 | best Score epoch: 20 
epoch 21, iter  351: loss: 0.0002 | load time: 0.0001 | back time: 0.8515 | lr: 0.00007882 | best AP50 acc: 0.8882 | best AP70 acc: 0.7565 | best mAP acc: 0.7149 | best mAR acc: 0.7874 | best Score: 0.7149 | best Score epoch: 20 
epoch 21, iter  401: loss: 0.0001 | load time: 0.0002 | back time: 0.8447 | lr: 0.00007871 | best AP50 acc: 0.8882 | best AP70 acc: 0.7565 | best mAP acc: 0.7149 | best mAR acc: 0.7874 | best Score: 0.7149 | best Score epoch: 20 
epoch 21, iter  451: loss: 0.0001 | load time: 0.0002 | back time: 0.8443 | lr: 0.00007860 | best AP50 acc: 0.8882 | best AP70 acc: 0.7565 | best mAP acc: 0.7149 | best mAR acc: 0.7874 | best Score: 0.7149 | best Score epoch: 20 
epoch 21, iter  501: loss: 0.0001 | load time: 0.0002 | back time: 0.8313 | lr: 0.00007849 | best AP50 acc: 0.8882 | best AP70 acc: 0.7565 | best mAP acc: 0.7149 | best mAR acc: 0.7874 | best Score: 0.7149 | best Score epoch: 20 
epoch 21, iter  551: loss: 0.0001 | load time: 0.0003 | back time: 0.8441 | lr: 0.00007838 | best AP50 acc: 0.8882 | best AP70 acc: 0.7565 | best mAP acc: 0.7149 | best mAR acc: 0.7874 | best Score: 0.7149 | best Score epoch: 20 
epoch 21, iter  601: loss: 0.0000 | load time: 0.0002 | back time: 0.8451 | lr: 0.00007827 | best AP50 acc: 0.8882 | best AP70 acc: 0.7565 | best mAP acc: 0.7149 | best mAR acc: 0.7874 | best Score: 0.7149 | best Score epoch: 20 
epoch 21, iter  651: loss: 0.0000 | load time: 0.0002 | back time: 0.8442 | lr: 0.00007816 | best AP50 acc: 0.8882 | best AP70 acc: 0.7565 | best mAP acc: 0.7149 | best mAR acc: 0.7874 | best Score: 0.7149 | best Score epoch: 20 
epoch 21, iter  701: loss: 0.0000 | load time: 0.0002 | back time: 0.8528 | lr: 0.00007804 | best AP50 acc: 0.8882 | best AP70 acc: 0.7565 | best mAP acc: 0.7149 | best mAR acc: 0.7874 | best Score: 0.7149 | best Score epoch: 20 
epoch 21, iter  751: loss: 0.0001 | load time: 0.0003 | back time: 0.8438 | lr: 0.00007793 | best AP50 acc: 0.8882 | best AP70 acc: 0.7565 | best mAP acc: 0.7149 | best mAR acc: 0.7874 | best Score: 0.7149 | best Score epoch: 20 
epoch 21, iter  801: loss: 0.0001 | load time: 0.0001 | back time: 0.8452 | lr: 0.00007782 | best AP50 acc: 0.8882 | best AP70 acc: 0.7565 | best mAP acc: 0.7149 | best mAR acc: 0.7874 | best Score: 0.7149 | best Score epoch: 20 
epoch 21, iter  851: loss: 0.0001 | load time: 0.0001 | back time: 0.8461 | lr: 0.00007771 | best AP50 acc: 0.8882 | best AP70 acc: 0.7565 | best mAP acc: 0.7149 | best mAR acc: 0.7874 | best Score: 0.7149 | best Score epoch: 20 
epoch 21, iter  901: loss: 0.0001 | load time: 0.0002 | back time: 0.8448 | lr: 0.00007759 | best AP50 acc: 0.8882 | best AP70 acc: 0.7565 | best mAP acc: 0.7149 | best mAR acc: 0.7874 | best Score: 0.7149 | best Score epoch: 20 
epoch 21, iter  951: loss: 0.0004 | load time: 0.0002 | back time: 0.8448 | lr: 0.00007748 | best AP50 acc: 0.8882 | best AP70 acc: 0.7565 | best mAP acc: 0.7149 | best mAR acc: 0.7874 | best Score: 0.7149 | best Score epoch: 20 
epoch 21, iter 1001: loss: 0.0001 | load time: 0.0003 | back time: 0.8577 | lr: 0.00007737 | best AP50 acc: 0.8882 | best AP70 acc: 0.7565 | best mAP acc: 0.7149 | best mAR acc: 0.7874 | best Score: 0.7149 | best Score epoch: 20 
epoch 21, iter 1051: loss: 0.0000 | load time: 0.0002 | back time: 0.8561 | lr: 0.00007725 | best AP50 acc: 0.8882 | best AP70 acc: 0.7565 | best mAP acc: 0.7149 | best mAR acc: 0.7874 | best Score: 0.7149 | best Score epoch: 20 
epoch 21, iter 1101: loss: 0.0002 | load time: 0.0002 | back time: 0.8464 | lr: 0.00007714 | best AP50 acc: 0.8882 | best AP70 acc: 0.7565 | best mAP acc: 0.7149 | best mAR acc: 0.7874 | best Score: 0.7149 | best Score epoch: 20 
epoch 21, iter 1151: loss: 0.0000 | load time: 0.0001 | back time: 0.8428 | lr: 0.00007703 | best AP50 acc: 0.8882 | best AP70 acc: 0.7565 | best mAP acc: 0.7149 | best mAR acc: 0.7874 | best Score: 0.7149 | best Score epoch: 20 
UAV_SEQS_2 | mAP50:90: 37.6355 | AP50: 65.5225 | AP70: 34.8219 
UAV_SEQS_37 | mAP50:90: 97.4971 | AP50: 100.0000 | AP70: 98.7954 
UAV_SEQS_45 | mAP50:90: 91.0985 | AP50: 100.0000 | AP70: 96.5599 
UAV_SEQS_47 | mAP50:90: 94.8755 | AP50: 100.0000 | AP70: 100.0000 
UAV_SEQS_55 | mAP50:90: 43.1545 | AP50: 63.5740 | AP70: 48.1327 
UAV_SEQS_59 | mAP50:90: 67.4071 | AP50: 91.0546 | AP70: 75.7885 
UAV_SEQS_6 | mAP50:90: 57.0997 | AP50: 89.8167 | AP70: 62.3707 
UAV_SEQS_63 | mAP50:90: 34.8871 | AP50: 84.0643 | AP70: 29.4426 
UAV_SEQS_65 | mAP50:90: 81.4322 | AP50: 97.8674 | AP70: 90.0377 
UAV_SEQS_7 | mAP50:90: 80.6676 | AP50: 100.0000 | AP70: 85.0360 
UAV_SEQS_71 | mAP50:90: 74.0076 | AP50: 97.4940 | AP70: 90.7185 
UAV_SEQS_73 | mAP50:90: 61.2538 | AP50: 83.1975 | AP70: 61.9706 
UAV_SEQS_74 | mAP50:90: 99.7210 | AP50: 100.0000 | AP70: 100.0000 
UAV_SEQS_77 | mAP50:90: 38.8886 | AP50: 53.2652 | AP70: 42.9905 
UAV_SEQS_8 | mAP50:90: 80.6462 | AP50: 100.0000 | AP70: 85.9051 
Overall            | mAP50:95: 70.8025 | AP50: 89.5014 | AP70: 75.3874 
epoch 22, iter    1: loss: 0.0000 | load time: 0.0041 | back time: 0.3758 | lr: 0.00007702 | best AP50 acc: 0.8882 | best AP70 acc: 0.7565 | best mAP acc: 0.7149 | best mAR acc: 0.7874 | best Score: 0.7149 | best Score epoch: 20 
epoch 22, iter   51: loss: 0.0000 | load time: 0.0002 | back time: 0.8447 | lr: 0.00007691 | best AP50 acc: 0.8882 | best AP70 acc: 0.7565 | best mAP acc: 0.7149 | best mAR acc: 0.7874 | best Score: 0.7149 | best Score epoch: 20 
epoch 22, iter  101: loss: 0.0001 | load time: 0.0002 | back time: 0.8478 | lr: 0.00007679 | best AP50 acc: 0.8882 | best AP70 acc: 0.7565 | best mAP acc: 0.7149 | best mAR acc: 0.7874 | best Score: 0.7149 | best Score epoch: 20 
epoch 22, iter  151: loss: 0.0002 | load time: 0.0002 | back time: 0.8454 | lr: 0.00007668 | best AP50 acc: 0.8882 | best AP70 acc: 0.7565 | best mAP acc: 0.7149 | best mAR acc: 0.7874 | best Score: 0.7149 | best Score epoch: 20 
epoch 22, iter  201: loss: 0.0001 | load time: 0.0003 | back time: 0.8483 | lr: 0.00007656 | best AP50 acc: 0.8882 | best AP70 acc: 0.7565 | best mAP acc: 0.7149 | best mAR acc: 0.7874 | best Score: 0.7149 | best Score epoch: 20 
epoch 22, iter  251: loss: 0.0001 | load time: 0.0002 | back time: 0.8484 | lr: 0.00007645 | best AP50 acc: 0.8882 | best AP70 acc: 0.7565 | best mAP acc: 0.7149 | best mAR acc: 0.7874 | best Score: 0.7149 | best Score epoch: 20 
epoch 22, iter  301: loss: 0.0002 | load time: 0.0002 | back time: 0.8466 | lr: 0.00007633 | best AP50 acc: 0.8882 | best AP70 acc: 0.7565 | best mAP acc: 0.7149 | best mAR acc: 0.7874 | best Score: 0.7149 | best Score epoch: 20 
epoch 22, iter  351: loss: 0.0001 | load time: 0.0001 | back time: 0.8470 | lr: 0.00007622 | best AP50 acc: 0.8882 | best AP70 acc: 0.7565 | best mAP acc: 0.7149 | best mAR acc: 0.7874 | best Score: 0.7149 | best Score epoch: 20 
epoch 22, iter  401: loss: 0.0000 | load time: 0.0002 | back time: 0.8485 | lr: 0.00007610 | best AP50 acc: 0.8882 | best AP70 acc: 0.7565 | best mAP acc: 0.7149 | best mAR acc: 0.7874 | best Score: 0.7149 | best Score epoch: 20 
epoch 22, iter  451: loss: 0.0000 | load time: 0.0002 | back time: 0.8476 | lr: 0.00007599 | best AP50 acc: 0.8882 | best AP70 acc: 0.7565 | best mAP acc: 0.7149 | best mAR acc: 0.7874 | best Score: 0.7149 | best Score epoch: 20 
epoch 22, iter  501: loss: 0.0000 | load time: 0.0002 | back time: 0.8526 | lr: 0.00007587 | best AP50 acc: 0.8882 | best AP70 acc: 0.7565 | best mAP acc: 0.7149 | best mAR acc: 0.7874 | best Score: 0.7149 | best Score epoch: 20 
epoch 22, iter  551: loss: 0.0003 | load time: 0.0003 | back time: 0.8453 | lr: 0.00007576 | best AP50 acc: 0.8882 | best AP70 acc: 0.7565 | best mAP acc: 0.7149 | best mAR acc: 0.7874 | best Score: 0.7149 | best Score epoch: 20 
epoch 22, iter  601: loss: 0.0001 | load time: 0.0002 | back time: 0.8469 | lr: 0.00007564 | best AP50 acc: 0.8882 | best AP70 acc: 0.7565 | best mAP acc: 0.7149 | best mAR acc: 0.7874 | best Score: 0.7149 | best Score epoch: 20 
epoch 22, iter  651: loss: 0.0001 | load time: 0.0002 | back time: 0.8501 | lr: 0.00007552 | best AP50 acc: 0.8882 | best AP70 acc: 0.7565 | best mAP acc: 0.7149 | best mAR acc: 0.7874 | best Score: 0.7149 | best Score epoch: 20 
epoch 22, iter  701: loss: 0.0000 | load time: 0.0002 | back time: 0.8476 | lr: 0.00007541 | best AP50 acc: 0.8882 | best AP70 acc: 0.7565 | best mAP acc: 0.7149 | best mAR acc: 0.7874 | best Score: 0.7149 | best Score epoch: 20 
epoch 22, iter  751: loss: 0.0001 | load time: 0.0003 | back time: 0.8491 | lr: 0.00007529 | best AP50 acc: 0.8882 | best AP70 acc: 0.7565 | best mAP acc: 0.7149 | best mAR acc: 0.7874 | best Score: 0.7149 | best Score epoch: 20 
epoch 22, iter  801: loss: 0.0001 | load time: 0.0002 | back time: 0.8496 | lr: 0.00007517 | best AP50 acc: 0.8882 | best AP70 acc: 0.7565 | best mAP acc: 0.7149 | best mAR acc: 0.7874 | best Score: 0.7149 | best Score epoch: 20 
epoch 22, iter  851: loss: 0.0000 | load time: 0.0001 | back time: 0.8506 | lr: 0.00007506 | best AP50 acc: 0.8882 | best AP70 acc: 0.7565 | best mAP acc: 0.7149 | best mAR acc: 0.7874 | best Score: 0.7149 | best Score epoch: 20 
epoch 22, iter  901: loss: 0.0001 | load time: 0.0002 | back time: 0.8494 | lr: 0.00007494 | best AP50 acc: 0.8882 | best AP70 acc: 0.7565 | best mAP acc: 0.7149 | best mAR acc: 0.7874 | best Score: 0.7149 | best Score epoch: 20 
epoch 22, iter  951: loss: 0.0000 | load time: 0.0002 | back time: 0.8498 | lr: 0.00007482 | best AP50 acc: 0.8882 | best AP70 acc: 0.7565 | best mAP acc: 0.7149 | best mAR acc: 0.7874 | best Score: 0.7149 | best Score epoch: 20 
epoch 22, iter 1001: loss: 0.0001 | load time: 0.0002 | back time: 0.8484 | lr: 0.00007470 | best AP50 acc: 0.8882 | best AP70 acc: 0.7565 | best mAP acc: 0.7149 | best mAR acc: 0.7874 | best Score: 0.7149 | best Score epoch: 20 
epoch 22, iter 1051: loss: 0.0000 | load time: 0.0002 | back time: 0.8485 | lr: 0.00007459 | best AP50 acc: 0.8882 | best AP70 acc: 0.7565 | best mAP acc: 0.7149 | best mAR acc: 0.7874 | best Score: 0.7149 | best Score epoch: 20 
epoch 22, iter 1101: loss: 0.0001 | load time: 0.0002 | back time: 0.8487 | lr: 0.00007447 | best AP50 acc: 0.8882 | best AP70 acc: 0.7565 | best mAP acc: 0.7149 | best mAR acc: 0.7874 | best Score: 0.7149 | best Score epoch: 20 
epoch 22, iter 1151: loss: 0.0001 | load time: 0.0001 | back time: 0.8471 | lr: 0.00007435 | best AP50 acc: 0.8882 | best AP70 acc: 0.7565 | best mAP acc: 0.7149 | best mAR acc: 0.7874 | best Score: 0.7149 | best Score epoch: 20 
UAV_SEQS_2 | mAP50:90: 29.6440 | AP50: 55.5141 | AP70: 28.8587 
UAV_SEQS_37 | mAP50:90: 95.0696 | AP50: 100.0000 | AP70: 98.8878 
UAV_SEQS_45 | mAP50:90: 94.3485 | AP50: 100.0000 | AP70: 98.5065 
UAV_SEQS_47 | mAP50:90: 97.9071 | AP50: 100.0000 | AP70: 100.0000 
UAV_SEQS_55 | mAP50:90: 44.9736 | AP50: 65.3470 | AP70: 51.2207 
UAV_SEQS_59 | mAP50:90: 65.7318 | AP50: 91.8485 | AP70: 77.1102 
UAV_SEQS_6 | mAP50:90: 47.6120 | AP50: 62.7158 | AP70: 49.0594 
UAV_SEQS_63 | mAP50:90: 24.9355 | AP50: 86.5969 | AP70: 8.8119 
UAV_SEQS_65 | mAP50:90: 77.2830 | AP50: 97.8286 | AP70: 89.1289 
UAV_SEQS_7 | mAP50:90: 65.4139 | AP50: 100.0000 | AP70: 60.3320 
UAV_SEQS_71 | mAP50:90: 72.3546 | AP50: 98.9322 | AP70: 86.1020 
UAV_SEQS_73 | mAP50:90: 68.5584 | AP50: 87.5180 | AP70: 76.9079 
UAV_SEQS_74 | mAP50:90: 98.0333 | AP50: 100.0000 | AP70: 100.0000 
UAV_SEQS_77 | mAP50:90: 45.4185 | AP50: 57.5039 | AP70: 48.9056 
UAV_SEQS_8 | mAP50:90: 78.8766 | AP50: 100.0000 | AP70: 85.3993 
Overall            | mAP50:95: 67.9344 | AP50: 87.7859 | AP70: 70.8340 
epoch 23, iter    1: loss: 0.0004 | load time: 0.0049 | back time: 0.3723 | lr: 0.00007434 | best AP50 acc: 0.8882 | best AP70 acc: 0.7565 | best mAP acc: 0.7149 | best mAR acc: 0.7874 | best Score: 0.7149 | best Score epoch: 20 
epoch 23, iter   51: loss: 0.0003 | load time: 0.0002 | back time: 0.8450 | lr: 0.00007423 | best AP50 acc: 0.8882 | best AP70 acc: 0.7565 | best mAP acc: 0.7149 | best mAR acc: 0.7874 | best Score: 0.7149 | best Score epoch: 20 
epoch 23, iter  101: loss: 0.0000 | load time: 0.0004 | back time: 0.8478 | lr: 0.00007411 | best AP50 acc: 0.8882 | best AP70 acc: 0.7565 | best mAP acc: 0.7149 | best mAR acc: 0.7874 | best Score: 0.7149 | best Score epoch: 20 
epoch 23, iter  151: loss: 0.0001 | load time: 0.0002 | back time: 0.8503 | lr: 0.00007399 | best AP50 acc: 0.8882 | best AP70 acc: 0.7565 | best mAP acc: 0.7149 | best mAR acc: 0.7874 | best Score: 0.7149 | best Score epoch: 20 
epoch 23, iter  201: loss: 0.0001 | load time: 0.0003 | back time: 0.8493 | lr: 0.00007387 | best AP50 acc: 0.8882 | best AP70 acc: 0.7565 | best mAP acc: 0.7149 | best mAR acc: 0.7874 | best Score: 0.7149 | best Score epoch: 20 
epoch 23, iter  251: loss: 0.0004 | load time: 0.0003 | back time: 0.8468 | lr: 0.00007375 | best AP50 acc: 0.8882 | best AP70 acc: 0.7565 | best mAP acc: 0.7149 | best mAR acc: 0.7874 | best Score: 0.7149 | best Score epoch: 20 
epoch 23, iter  301: loss: 0.0001 | load time: 0.0003 | back time: 0.8517 | lr: 0.00007363 | best AP50 acc: 0.8882 | best AP70 acc: 0.7565 | best mAP acc: 0.7149 | best mAR acc: 0.7874 | best Score: 0.7149 | best Score epoch: 20 
epoch 23, iter  351: loss: 0.0002 | load time: 0.0001 | back time: 0.8507 | lr: 0.00007351 | best AP50 acc: 0.8882 | best AP70 acc: 0.7565 | best mAP acc: 0.7149 | best mAR acc: 0.7874 | best Score: 0.7149 | best Score epoch: 20 
epoch 23, iter  401: loss: 0.0000 | load time: 0.0003 | back time: 0.8514 | lr: 0.00007339 | best AP50 acc: 0.8882 | best AP70 acc: 0.7565 | best mAP acc: 0.7149 | best mAR acc: 0.7874 | best Score: 0.7149 | best Score epoch: 20 
epoch 23, iter  451: loss: 0.0001 | load time: 0.0003 | back time: 0.8693 | lr: 0.00007327 | best AP50 acc: 0.8882 | best AP70 acc: 0.7565 | best mAP acc: 0.7149 | best mAR acc: 0.7874 | best Score: 0.7149 | best Score epoch: 20 
epoch 23, iter  501: loss: 0.0001 | load time: 0.0002 | back time: 0.8479 | lr: 0.00007315 | best AP50 acc: 0.8882 | best AP70 acc: 0.7565 | best mAP acc: 0.7149 | best mAR acc: 0.7874 | best Score: 0.7149 | best Score epoch: 20 
epoch 23, iter  551: loss: 0.0000 | load time: 0.0002 | back time: 0.8493 | lr: 0.00007303 | best AP50 acc: 0.8882 | best AP70 acc: 0.7565 | best mAP acc: 0.7149 | best mAR acc: 0.7874 | best Score: 0.7149 | best Score epoch: 20 
epoch 23, iter  601: loss: 0.0001 | load time: 0.0003 | back time: 0.8517 | lr: 0.00007291 | best AP50 acc: 0.8882 | best AP70 acc: 0.7565 | best mAP acc: 0.7149 | best mAR acc: 0.7874 | best Score: 0.7149 | best Score epoch: 20 
epoch 23, iter  651: loss: 0.0001 | load time: 0.0003 | back time: 0.8574 | lr: 0.00007279 | best AP50 acc: 0.8882 | best AP70 acc: 0.7565 | best mAP acc: 0.7149 | best mAR acc: 0.7874 | best Score: 0.7149 | best Score epoch: 20 
epoch 23, iter  701: loss: 0.0001 | load time: 0.0002 | back time: 0.8514 | lr: 0.00007267 | best AP50 acc: 0.8882 | best AP70 acc: 0.7565 | best mAP acc: 0.7149 | best mAR acc: 0.7874 | best Score: 0.7149 | best Score epoch: 20 
epoch 23, iter  751: loss: 0.0001 | load time: 0.0002 | back time: 0.8519 | lr: 0.00007255 | best AP50 acc: 0.8882 | best AP70 acc: 0.7565 | best mAP acc: 0.7149 | best mAR acc: 0.7874 | best Score: 0.7149 | best Score epoch: 20 
epoch 23, iter  801: loss: 0.0000 | load time: 0.0003 | back time: 0.8480 | lr: 0.00007243 | best AP50 acc: 0.8882 | best AP70 acc: 0.7565 | best mAP acc: 0.7149 | best mAR acc: 0.7874 | best Score: 0.7149 | best Score epoch: 20 
epoch 23, iter  851: loss: 0.0003 | load time: 0.0004 | back time: 0.8482 | lr: 0.00007231 | best AP50 acc: 0.8882 | best AP70 acc: 0.7565 | best mAP acc: 0.7149 | best mAR acc: 0.7874 | best Score: 0.7149 | best Score epoch: 20 
epoch 23, iter  901: loss: 0.0001 | load time: 0.0003 | back time: 0.8515 | lr: 0.00007219 | best AP50 acc: 0.8882 | best AP70 acc: 0.7565 | best mAP acc: 0.7149 | best mAR acc: 0.7874 | best Score: 0.7149 | best Score epoch: 20 
epoch 23, iter  951: loss: 0.0000 | load time: 0.0002 | back time: 0.8513 | lr: 0.00007207 | best AP50 acc: 0.8882 | best AP70 acc: 0.7565 | best mAP acc: 0.7149 | best mAR acc: 0.7874 | best Score: 0.7149 | best Score epoch: 20 
epoch 23, iter 1001: loss: 0.0001 | load time: 0.0002 | back time: 0.8507 | lr: 0.00007194 | best AP50 acc: 0.8882 | best AP70 acc: 0.7565 | best mAP acc: 0.7149 | best mAR acc: 0.7874 | best Score: 0.7149 | best Score epoch: 20 
epoch 23, iter 1051: loss: 0.0000 | load time: 0.0002 | back time: 0.8529 | lr: 0.00007182 | best AP50 acc: 0.8882 | best AP70 acc: 0.7565 | best mAP acc: 0.7149 | best mAR acc: 0.7874 | best Score: 0.7149 | best Score epoch: 20 
epoch 23, iter 1101: loss: 0.0001 | load time: 0.0002 | back time: 0.8507 | lr: 0.00007170 | best AP50 acc: 0.8882 | best AP70 acc: 0.7565 | best mAP acc: 0.7149 | best mAR acc: 0.7874 | best Score: 0.7149 | best Score epoch: 20 
epoch 23, iter 1151: loss: 0.0000 | load time: 0.0001 | back time: 0.8437 | lr: 0.00007158 | best AP50 acc: 0.8882 | best AP70 acc: 0.7565 | best mAP acc: 0.7149 | best mAR acc: 0.7874 | best Score: 0.7149 | best Score epoch: 20 
UAV_SEQS_2 | mAP50:90: 31.2642 | AP50: 60.3617 | AP70: 27.3969 
UAV_SEQS_37 | mAP50:90: 95.2664 | AP50: 100.0000 | AP70: 98.7870 
UAV_SEQS_45 | mAP50:90: 90.4958 | AP50: 100.0000 | AP70: 96.4356 
UAV_SEQS_47 | mAP50:90: 96.3369 | AP50: 100.0000 | AP70: 100.0000 
UAV_SEQS_55 | mAP50:90: 41.9363 | AP50: 63.3647 | AP70: 43.9454 
UAV_SEQS_59 | mAP50:90: 71.8590 | AP50: 93.5938 | AP70: 82.6485 
UAV_SEQS_6 | mAP50:90: 45.1423 | AP50: 66.6796 | AP70: 48.4409 
UAV_SEQS_63 | mAP50:90: 38.1107 | AP50: 89.0146 | AP70: 28.9829 
UAV_SEQS_65 | mAP50:90: 81.7965 | AP50: 96.7285 | AP70: 86.8602 
UAV_SEQS_7 | mAP50:90: 72.9840 | AP50: 100.0000 | AP70: 81.2255 
UAV_SEQS_71 | mAP50:90: 78.0829 | AP50: 96.5914 | AP70: 88.3709 
UAV_SEQS_73 | mAP50:90: 70.9654 | AP50: 90.8747 | AP70: 78.1085 
UAV_SEQS_74 | mAP50:90: 98.6981 | AP50: 100.0000 | AP70: 100.0000 
UAV_SEQS_77 | mAP50:90: 24.6099 | AP50: 36.0345 | AP70: 25.7020 
UAV_SEQS_8 | mAP50:90: 88.1784 | AP50: 100.0000 | AP70: 89.4698 
Overall            | mAP50:95: 69.0964 | AP50: 86.9922 | AP70: 73.1129 
epoch 24, iter    1: loss: 0.0001 | load time: 0.0043 | back time: 0.4752 | lr: 0.00007157 | best AP50 acc: 0.8882 | best AP70 acc: 0.7565 | best mAP acc: 0.7149 | best mAR acc: 0.7874 | best Score: 0.7149 | best Score epoch: 20 
epoch 24, iter   51: loss: 0.0001 | load time: 0.0004 | back time: 0.8408 | lr: 0.00007145 | best AP50 acc: 0.8882 | best AP70 acc: 0.7565 | best mAP acc: 0.7149 | best mAR acc: 0.7874 | best Score: 0.7149 | best Score epoch: 20 
epoch 24, iter  101: loss: 0.0001 | load time: 0.0004 | back time: 0.8467 | lr: 0.00007133 | best AP50 acc: 0.8882 | best AP70 acc: 0.7565 | best mAP acc: 0.7149 | best mAR acc: 0.7874 | best Score: 0.7149 | best Score epoch: 20 
epoch 24, iter  151: loss: 0.0000 | load time: 0.0001 | back time: 0.8503 | lr: 0.00007121 | best AP50 acc: 0.8882 | best AP70 acc: 0.7565 | best mAP acc: 0.7149 | best mAR acc: 0.7874 | best Score: 0.7149 | best Score epoch: 20 
epoch 24, iter  201: loss: 0.0002 | load time: 0.0005 | back time: 0.8513 | lr: 0.00007108 | best AP50 acc: 0.8882 | best AP70 acc: 0.7565 | best mAP acc: 0.7149 | best mAR acc: 0.7874 | best Score: 0.7149 | best Score epoch: 20 
epoch 24, iter  251: loss: 0.0003 | load time: 0.0002 | back time: 0.8551 | lr: 0.00007096 | best AP50 acc: 0.8882 | best AP70 acc: 0.7565 | best mAP acc: 0.7149 | best mAR acc: 0.7874 | best Score: 0.7149 | best Score epoch: 20 
epoch 24, iter  301: loss: 0.0000 | load time: 0.0003 | back time: 0.8527 | lr: 0.00007084 | best AP50 acc: 0.8882 | best AP70 acc: 0.7565 | best mAP acc: 0.7149 | best mAR acc: 0.7874 | best Score: 0.7149 | best Score epoch: 20 
epoch 24, iter  351: loss: 0.0000 | load time: 0.0001 | back time: 0.8522 | lr: 0.00007071 | best AP50 acc: 0.8882 | best AP70 acc: 0.7565 | best mAP acc: 0.7149 | best mAR acc: 0.7874 | best Score: 0.7149 | best Score epoch: 20 
epoch 24, iter  401: loss: 0.0001 | load time: 0.0001 | back time: 0.8539 | lr: 0.00007059 | best AP50 acc: 0.8882 | best AP70 acc: 0.7565 | best mAP acc: 0.7149 | best mAR acc: 0.7874 | best Score: 0.7149 | best Score epoch: 20 
epoch 24, iter  451: loss: 0.0001 | load time: 0.0002 | back time: 0.8508 | lr: 0.00007047 | best AP50 acc: 0.8882 | best AP70 acc: 0.7565 | best mAP acc: 0.7149 | best mAR acc: 0.7874 | best Score: 0.7149 | best Score epoch: 20 
epoch 24, iter  501: loss: 0.0001 | load time: 0.0002 | back time: 0.8515 | lr: 0.00007034 | best AP50 acc: 0.8882 | best AP70 acc: 0.7565 | best mAP acc: 0.7149 | best mAR acc: 0.7874 | best Score: 0.7149 | best Score epoch: 20 
epoch 24, iter  551: loss: 0.0001 | load time: 0.0002 | back time: 0.8511 | lr: 0.00007022 | best AP50 acc: 0.8882 | best AP70 acc: 0.7565 | best mAP acc: 0.7149 | best mAR acc: 0.7874 | best Score: 0.7149 | best Score epoch: 20 
epoch 24, iter  601: loss: 0.0000 | load time: 0.0002 | back time: 0.8529 | lr: 0.00007010 | best AP50 acc: 0.8882 | best AP70 acc: 0.7565 | best mAP acc: 0.7149 | best mAR acc: 0.7874 | best Score: 0.7149 | best Score epoch: 20 
epoch 24, iter  651: loss: 0.0001 | load time: 0.0002 | back time: 0.8454 | lr: 0.00006997 | best AP50 acc: 0.8882 | best AP70 acc: 0.7565 | best mAP acc: 0.7149 | best mAR acc: 0.7874 | best Score: 0.7149 | best Score epoch: 20 
epoch 24, iter  701: loss: 0.0001 | load time: 0.0002 | back time: 0.8502 | lr: 0.00006985 | best AP50 acc: 0.8882 | best AP70 acc: 0.7565 | best mAP acc: 0.7149 | best mAR acc: 0.7874 | best Score: 0.7149 | best Score epoch: 20 
epoch 24, iter  751: loss: 0.0000 | load time: 0.0003 | back time: 0.8519 | lr: 0.00006972 | best AP50 acc: 0.8882 | best AP70 acc: 0.7565 | best mAP acc: 0.7149 | best mAR acc: 0.7874 | best Score: 0.7149 | best Score epoch: 20 
epoch 24, iter  801: loss: 0.0001 | load time: 0.0001 | back time: 0.8526 | lr: 0.00006960 | best AP50 acc: 0.8882 | best AP70 acc: 0.7565 | best mAP acc: 0.7149 | best mAR acc: 0.7874 | best Score: 0.7149 | best Score epoch: 20 
epoch 24, iter  851: loss: 0.0001 | load time: 0.0003 | back time: 0.8586 | lr: 0.00006948 | best AP50 acc: 0.8882 | best AP70 acc: 0.7565 | best mAP acc: 0.7149 | best mAR acc: 0.7874 | best Score: 0.7149 | best Score epoch: 20 
epoch 24, iter  901: loss: 0.0001 | load time: 0.0001 | back time: 0.8521 | lr: 0.00006935 | best AP50 acc: 0.8882 | best AP70 acc: 0.7565 | best mAP acc: 0.7149 | best mAR acc: 0.7874 | best Score: 0.7149 | best Score epoch: 20 
epoch 24, iter  951: loss: 0.0001 | load time: 0.0002 | back time: 0.8507 | lr: 0.00006923 | best AP50 acc: 0.8882 | best AP70 acc: 0.7565 | best mAP acc: 0.7149 | best mAR acc: 0.7874 | best Score: 0.7149 | best Score epoch: 20 
epoch 24, iter 1001: loss: 0.0000 | load time: 0.0003 | back time: 0.8527 | lr: 0.00006910 | best AP50 acc: 0.8882 | best AP70 acc: 0.7565 | best mAP acc: 0.7149 | best mAR acc: 0.7874 | best Score: 0.7149 | best Score epoch: 20 
epoch 24, iter 1051: loss: 0.0001 | load time: 0.0002 | back time: 0.8521 | lr: 0.00006898 | best AP50 acc: 0.8882 | best AP70 acc: 0.7565 | best mAP acc: 0.7149 | best mAR acc: 0.7874 | best Score: 0.7149 | best Score epoch: 20 
epoch 24, iter 1101: loss: 0.0000 | load time: 0.0002 | back time: 0.8509 | lr: 0.00006885 | best AP50 acc: 0.8882 | best AP70 acc: 0.7565 | best mAP acc: 0.7149 | best mAR acc: 0.7874 | best Score: 0.7149 | best Score epoch: 20 
epoch 24, iter 1151: loss: 0.0001 | load time: 0.0001 | back time: 0.8515 | lr: 0.00006872 | best AP50 acc: 0.8882 | best AP70 acc: 0.7565 | best mAP acc: 0.7149 | best mAR acc: 0.7874 | best Score: 0.7149 | best Score epoch: 20 
UAV_SEQS_2 | mAP50:90: 24.8406 | AP50: 43.0876 | AP70: 24.7660 
UAV_SEQS_37 | mAP50:90: 94.2746 | AP50: 100.0000 | AP70: 98.8476 
UAV_SEQS_45 | mAP50:90: 93.6006 | AP50: 100.0000 | AP70: 97.3780 
UAV_SEQS_47 | mAP50:90: 98.7343 | AP50: 100.0000 | AP70: 100.0000 
UAV_SEQS_55 | mAP50:90: 46.0028 | AP50: 67.5514 | AP70: 50.5454 
UAV_SEQS_59 | mAP50:90: 67.3553 | AP50: 93.2775 | AP70: 78.1345 
UAV_SEQS_6 | mAP50:90: 47.3384 | AP50: 60.3456 | AP70: 50.7458 
UAV_SEQS_63 | mAP50:90: 43.5311 | AP50: 91.0594 | AP70: 36.9463 
UAV_SEQS_65 | mAP50:90: 82.2363 | AP50: 96.1798 | AP70: 88.9030 
UAV_SEQS_7 | mAP50:90: 68.4051 | AP50: 100.0000 | AP70: 74.1860 
UAV_SEQS_71 | mAP50:90: 74.2927 | AP50: 98.9736 | AP70: 83.8841 
UAV_SEQS_73 | mAP50:90: 69.4958 | AP50: 85.8746 | AP70: 78.8055 
UAV_SEQS_74 | mAP50:90: 98.3293 | AP50: 100.0000 | AP70: 100.0000 
UAV_SEQS_77 | mAP50:90: 47.0899 | AP50: 58.4410 | AP70: 50.4632 
UAV_SEQS_8 | mAP50:90: 76.9479 | AP50: 98.5017 | AP70: 89.2330 
Overall            | mAP50:95: 69.3071 | AP50: 87.2956 | AP70: 74.3462 
epoch 25, iter    1: loss: 0.0000 | load time: 0.0086 | back time: 0.4638 | lr: 0.00006872 | best AP50 acc: 0.8882 | best AP70 acc: 0.7565 | best mAP acc: 0.7149 | best mAR acc: 0.7874 | best Score: 0.7149 | best Score epoch: 20 
epoch 25, iter   51: loss: 0.0001 | load time: 0.0002 | back time: 0.8444 | lr: 0.00006859 | best AP50 acc: 0.8882 | best AP70 acc: 0.7565 | best mAP acc: 0.7149 | best mAR acc: 0.7874 | best Score: 0.7149 | best Score epoch: 20 
epoch 25, iter  101: loss: 0.0000 | load time: 0.0001 | back time: 0.8510 | lr: 0.00006847 | best AP50 acc: 0.8882 | best AP70 acc: 0.7565 | best mAP acc: 0.7149 | best mAR acc: 0.7874 | best Score: 0.7149 | best Score epoch: 20 
epoch 25, iter  151: loss: 0.0000 | load time: 0.0002 | back time: 0.8528 | lr: 0.00006834 | best AP50 acc: 0.8882 | best AP70 acc: 0.7565 | best mAP acc: 0.7149 | best mAR acc: 0.7874 | best Score: 0.7149 | best Score epoch: 20 
epoch 25, iter  201: loss: 0.0001 | load time: 0.0002 | back time: 0.8509 | lr: 0.00006822 | best AP50 acc: 0.8882 | best AP70 acc: 0.7565 | best mAP acc: 0.7149 | best mAR acc: 0.7874 | best Score: 0.7149 | best Score epoch: 20 
epoch 25, iter  251: loss: 0.0001 | load time: 0.0001 | back time: 0.8536 | lr: 0.00006809 | best AP50 acc: 0.8882 | best AP70 acc: 0.7565 | best mAP acc: 0.7149 | best mAR acc: 0.7874 | best Score: 0.7149 | best Score epoch: 20 
epoch 25, iter  301: loss: 0.0001 | load time: 0.0001 | back time: 0.8526 | lr: 0.00006796 | best AP50 acc: 0.8882 | best AP70 acc: 0.7565 | best mAP acc: 0.7149 | best mAR acc: 0.7874 | best Score: 0.7149 | best Score epoch: 20 
epoch 25, iter  351: loss: 0.0000 | load time: 0.0003 | back time: 0.8534 | lr: 0.00006784 | best AP50 acc: 0.8882 | best AP70 acc: 0.7565 | best mAP acc: 0.7149 | best mAR acc: 0.7874 | best Score: 0.7149 | best Score epoch: 20 
epoch 25, iter  401: loss: 0.0001 | load time: 0.0001 | back time: 0.8547 | lr: 0.00006771 | best AP50 acc: 0.8882 | best AP70 acc: 0.7565 | best mAP acc: 0.7149 | best mAR acc: 0.7874 | best Score: 0.7149 | best Score epoch: 20 
epoch 25, iter  451: loss: 0.0001 | load time: 0.0002 | back time: 0.8536 | lr: 0.00006758 | best AP50 acc: 0.8882 | best AP70 acc: 0.7565 | best mAP acc: 0.7149 | best mAR acc: 0.7874 | best Score: 0.7149 | best Score epoch: 20 
epoch 25, iter  501: loss: 0.0000 | load time: 0.0003 | back time: 0.8523 | lr: 0.00006746 | best AP50 acc: 0.8882 | best AP70 acc: 0.7565 | best mAP acc: 0.7149 | best mAR acc: 0.7874 | best Score: 0.7149 | best Score epoch: 20 
epoch 25, iter  551: loss: 0.0000 | load time: 0.0003 | back time: 0.8542 | lr: 0.00006733 | best AP50 acc: 0.8882 | best AP70 acc: 0.7565 | best mAP acc: 0.7149 | best mAR acc: 0.7874 | best Score: 0.7149 | best Score epoch: 20 
epoch 25, iter  601: loss: 0.0001 | load time: 0.0002 | back time: 0.8528 | lr: 0.00006720 | best AP50 acc: 0.8882 | best AP70 acc: 0.7565 | best mAP acc: 0.7149 | best mAR acc: 0.7874 | best Score: 0.7149 | best Score epoch: 20 
epoch 25, iter  651: loss: 0.0001 | load time: 0.0001 | back time: 0.8532 | lr: 0.00006708 | best AP50 acc: 0.8882 | best AP70 acc: 0.7565 | best mAP acc: 0.7149 | best mAR acc: 0.7874 | best Score: 0.7149 | best Score epoch: 20 
epoch 25, iter  701: loss: 0.0000 | load time: 0.0002 | back time: 0.8524 | lr: 0.00006695 | best AP50 acc: 0.8882 | best AP70 acc: 0.7565 | best mAP acc: 0.7149 | best mAR acc: 0.7874 | best Score: 0.7149 | best Score epoch: 20 
epoch 25, iter  751: loss: 0.0000 | load time: 0.0002 | back time: 0.8519 | lr: 0.00006682 | best AP50 acc: 0.8882 | best AP70 acc: 0.7565 | best mAP acc: 0.7149 | best mAR acc: 0.7874 | best Score: 0.7149 | best Score epoch: 20 
epoch 25, iter  801: loss: 0.0001 | load time: 0.0002 | back time: 0.8536 | lr: 0.00006669 | best AP50 acc: 0.8882 | best AP70 acc: 0.7565 | best mAP acc: 0.7149 | best mAR acc: 0.7874 | best Score: 0.7149 | best Score epoch: 20 
epoch 25, iter  851: loss: 0.0000 | load time: 0.0002 | back time: 0.8525 | lr: 0.00006657 | best AP50 acc: 0.8882 | best AP70 acc: 0.7565 | best mAP acc: 0.7149 | best mAR acc: 0.7874 | best Score: 0.7149 | best Score epoch: 20 
epoch 25, iter  901: loss: 0.0001 | load time: 0.0002 | back time: 0.8543 | lr: 0.00006644 | best AP50 acc: 0.8882 | best AP70 acc: 0.7565 | best mAP acc: 0.7149 | best mAR acc: 0.7874 | best Score: 0.7149 | best Score epoch: 20 
epoch 25, iter  951: loss: 0.0000 | load time: 0.0002 | back time: 0.8539 | lr: 0.00006631 | best AP50 acc: 0.8882 | best AP70 acc: 0.7565 | best mAP acc: 0.7149 | best mAR acc: 0.7874 | best Score: 0.7149 | best Score epoch: 20 
epoch 25, iter 1001: loss: 0.0000 | load time: 0.0002 | back time: 0.8635 | lr: 0.00006618 | best AP50 acc: 0.8882 | best AP70 acc: 0.7565 | best mAP acc: 0.7149 | best mAR acc: 0.7874 | best Score: 0.7149 | best Score epoch: 20 
epoch 25, iter 1051: loss: 0.0000 | load time: 0.0003 | back time: 0.8526 | lr: 0.00006606 | best AP50 acc: 0.8882 | best AP70 acc: 0.7565 | best mAP acc: 0.7149 | best mAR acc: 0.7874 | best Score: 0.7149 | best Score epoch: 20 
epoch 25, iter 1101: loss: 0.0000 | load time: 0.0002 | back time: 0.8548 | lr: 0.00006593 | best AP50 acc: 0.8882 | best AP70 acc: 0.7565 | best mAP acc: 0.7149 | best mAR acc: 0.7874 | best Score: 0.7149 | best Score epoch: 20 
epoch 25, iter 1151: loss: 0.0001 | load time: 0.0001 | back time: 0.8525 | lr: 0.00006580 | best AP50 acc: 0.8882 | best AP70 acc: 0.7565 | best mAP acc: 0.7149 | best mAR acc: 0.7874 | best Score: 0.7149 | best Score epoch: 20 
UAV_SEQS_2 | mAP50:90: 32.3503 | AP50: 63.9503 | AP70: 31.3195 
UAV_SEQS_37 | mAP50:90: 92.8446 | AP50: 100.0000 | AP70: 95.6598 
UAV_SEQS_45 | mAP50:90: 92.0565 | AP50: 100.0000 | AP70: 94.3336 
UAV_SEQS_47 | mAP50:90: 98.1871 | AP50: 100.0000 | AP70: 100.0000 
UAV_SEQS_55 | mAP50:90: 47.6330 | AP50: 67.1017 | AP70: 49.9148 
UAV_SEQS_59 | mAP50:90: 73.0334 | AP50: 96.0387 | AP70: 87.2815 
UAV_SEQS_6 | mAP50:90: 58.4857 | AP50: 79.0664 | AP70: 59.2957 
UAV_SEQS_63 | mAP50:90: 39.0442 | AP50: 91.1959 | AP70: 31.4579 
UAV_SEQS_65 | mAP50:90: 79.0655 | AP50: 97.5174 | AP70: 91.8756 
UAV_SEQS_7 | mAP50:90: 81.1274 | AP50: 100.0000 | AP70: 88.6128 
UAV_SEQS_71 | mAP50:90: 73.7046 | AP50: 97.4887 | AP70: 83.2113 
UAV_SEQS_73 | mAP50:90: 67.4637 | AP50: 85.2724 | AP70: 74.4274 
UAV_SEQS_74 | mAP50:90: 96.4472 | AP50: 100.0000 | AP70: 100.0000 
UAV_SEQS_77 | mAP50:90: 38.9796 | AP50: 52.1600 | AP70: 41.2813 
UAV_SEQS_8 | mAP50:90: 88.0520 | AP50: 100.0000 | AP70: 89.3564 
Overall            | mAP50:95: 71.7612 | AP50: 89.3829 | AP70: 76.4143 
epoch 26, iter    1: loss: 0.0001 | load time: 0.0035 | back time: 0.5230 | lr: 0.00006579 | best AP50 acc: 0.8938 | best AP70 acc: 0.7641 | best mAP acc: 0.7176 | best mAR acc: 0.7870 | best Score: 0.7176 | best Score epoch: 25 
epoch 26, iter   51: loss: 0.0001 | load time: 0.0003 | back time: 0.8443 | lr: 0.00006567 | best AP50 acc: 0.8938 | best AP70 acc: 0.7641 | best mAP acc: 0.7176 | best mAR acc: 0.7870 | best Score: 0.7176 | best Score epoch: 25 
epoch 26, iter  101: loss: 0.0000 | load time: 0.0001 | back time: 0.8519 | lr: 0.00006554 | best AP50 acc: 0.8938 | best AP70 acc: 0.7641 | best mAP acc: 0.7176 | best mAR acc: 0.7870 | best Score: 0.7176 | best Score epoch: 25 
epoch 26, iter  151: loss: 0.0000 | load time: 0.0003 | back time: 0.8549 | lr: 0.00006541 | best AP50 acc: 0.8938 | best AP70 acc: 0.7641 | best mAP acc: 0.7176 | best mAR acc: 0.7870 | best Score: 0.7176 | best Score epoch: 25 
epoch 26, iter  201: loss: 0.0001 | load time: 0.0002 | back time: 0.8529 | lr: 0.00006528 | best AP50 acc: 0.8938 | best AP70 acc: 0.7641 | best mAP acc: 0.7176 | best mAR acc: 0.7870 | best Score: 0.7176 | best Score epoch: 25 
epoch 26, iter  251: loss: 0.0000 | load time: 0.0002 | back time: 0.8550 | lr: 0.00006515 | best AP50 acc: 0.8938 | best AP70 acc: 0.7641 | best mAP acc: 0.7176 | best mAR acc: 0.7870 | best Score: 0.7176 | best Score epoch: 25 
epoch 26, iter  301: loss: 0.0001 | load time: 0.0003 | back time: 0.8557 | lr: 0.00006502 | best AP50 acc: 0.8938 | best AP70 acc: 0.7641 | best mAP acc: 0.7176 | best mAR acc: 0.7870 | best Score: 0.7176 | best Score epoch: 25 
epoch 26, iter  351: loss: 0.0000 | load time: 0.0002 | back time: 0.8544 | lr: 0.00006489 | best AP50 acc: 0.8938 | best AP70 acc: 0.7641 | best mAP acc: 0.7176 | best mAR acc: 0.7870 | best Score: 0.7176 | best Score epoch: 25 
epoch 26, iter  401: loss: 0.0000 | load time: 0.0001 | back time: 0.8550 | lr: 0.00006476 | best AP50 acc: 0.8938 | best AP70 acc: 0.7641 | best mAP acc: 0.7176 | best mAR acc: 0.7870 | best Score: 0.7176 | best Score epoch: 25 
epoch 26, iter  451: loss: 0.0001 | load time: 0.0003 | back time: 0.8584 | lr: 0.00006463 | best AP50 acc: 0.8938 | best AP70 acc: 0.7641 | best mAP acc: 0.7176 | best mAR acc: 0.7870 | best Score: 0.7176 | best Score epoch: 25 
epoch 26, iter  501: loss: 0.0000 | load time: 0.0001 | back time: 0.8530 | lr: 0.00006450 | best AP50 acc: 0.8938 | best AP70 acc: 0.7641 | best mAP acc: 0.7176 | best mAR acc: 0.7870 | best Score: 0.7176 | best Score epoch: 25 
epoch 26, iter  551: loss: 0.0000 | load time: 0.0003 | back time: 0.8541 | lr: 0.00006437 | best AP50 acc: 0.8938 | best AP70 acc: 0.7641 | best mAP acc: 0.7176 | best mAR acc: 0.7870 | best Score: 0.7176 | best Score epoch: 25 
epoch 26, iter  601: loss: 0.0000 | load time: 0.0003 | back time: 0.8548 | lr: 0.00006425 | best AP50 acc: 0.8938 | best AP70 acc: 0.7641 | best mAP acc: 0.7176 | best mAR acc: 0.7870 | best Score: 0.7176 | best Score epoch: 25 
epoch 26, iter  651: loss: 0.0003 | load time: 0.0002 | back time: 0.8533 | lr: 0.00006412 | best AP50 acc: 0.8938 | best AP70 acc: 0.7641 | best mAP acc: 0.7176 | best mAR acc: 0.7870 | best Score: 0.7176 | best Score epoch: 25 
epoch 26, iter  701: loss: 0.0000 | load time: 0.0002 | back time: 0.8536 | lr: 0.00006399 | best AP50 acc: 0.8938 | best AP70 acc: 0.7641 | best mAP acc: 0.7176 | best mAR acc: 0.7870 | best Score: 0.7176 | best Score epoch: 25 
epoch 26, iter  751: loss: 0.0000 | load time: 0.0002 | back time: 0.8565 | lr: 0.00006386 | best AP50 acc: 0.8938 | best AP70 acc: 0.7641 | best mAP acc: 0.7176 | best mAR acc: 0.7870 | best Score: 0.7176 | best Score epoch: 25 
epoch 26, iter  801: loss: 0.0000 | load time: 0.0003 | back time: 0.8545 | lr: 0.00006373 | best AP50 acc: 0.8938 | best AP70 acc: 0.7641 | best mAP acc: 0.7176 | best mAR acc: 0.7870 | best Score: 0.7176 | best Score epoch: 25 
epoch 26, iter  851: loss: 0.0001 | load time: 0.0001 | back time: 0.8529 | lr: 0.00006360 | best AP50 acc: 0.8938 | best AP70 acc: 0.7641 | best mAP acc: 0.7176 | best mAR acc: 0.7870 | best Score: 0.7176 | best Score epoch: 25 
epoch 26, iter  901: loss: 0.0001 | load time: 0.0002 | back time: 0.8542 | lr: 0.00006347 | best AP50 acc: 0.8938 | best AP70 acc: 0.7641 | best mAP acc: 0.7176 | best mAR acc: 0.7870 | best Score: 0.7176 | best Score epoch: 25 
epoch 26, iter  951: loss: 0.0000 | load time: 0.0002 | back time: 0.8530 | lr: 0.00006334 | best AP50 acc: 0.8938 | best AP70 acc: 0.7641 | best mAP acc: 0.7176 | best mAR acc: 0.7870 | best Score: 0.7176 | best Score epoch: 25 
epoch 26, iter 1001: loss: 0.0003 | load time: 0.0002 | back time: 0.8574 | lr: 0.00006320 | best AP50 acc: 0.8938 | best AP70 acc: 0.7641 | best mAP acc: 0.7176 | best mAR acc: 0.7870 | best Score: 0.7176 | best Score epoch: 25 
epoch 26, iter 1051: loss: 0.0000 | load time: 0.0002 | back time: 0.8543 | lr: 0.00006307 | best AP50 acc: 0.8938 | best AP70 acc: 0.7641 | best mAP acc: 0.7176 | best mAR acc: 0.7870 | best Score: 0.7176 | best Score epoch: 25 
epoch 26, iter 1101: loss: 0.0001 | load time: 0.0002 | back time: 0.8500 | lr: 0.00006294 | best AP50 acc: 0.8938 | best AP70 acc: 0.7641 | best mAP acc: 0.7176 | best mAR acc: 0.7870 | best Score: 0.7176 | best Score epoch: 25 
epoch 26, iter 1151: loss: 0.0000 | load time: 0.0001 | back time: 0.8543 | lr: 0.00006281 | best AP50 acc: 0.8938 | best AP70 acc: 0.7641 | best mAP acc: 0.7176 | best mAR acc: 0.7870 | best Score: 0.7176 | best Score epoch: 25 
UAV_SEQS_2 | mAP50:90: 26.5095 | AP50: 50.7869 | AP70: 24.7039 
UAV_SEQS_37 | mAP50:90: 96.1155 | AP50: 100.0000 | AP70: 97.4215 
UAV_SEQS_45 | mAP50:90: 93.9751 | AP50: 100.0000 | AP70: 97.5713 
UAV_SEQS_47 | mAP50:90: 98.1014 | AP50: 100.0000 | AP70: 100.0000 
UAV_SEQS_55 | mAP50:90: 45.9109 | AP50: 64.7946 | AP70: 51.2206 
UAV_SEQS_59 | mAP50:90: 71.1976 | AP50: 93.8326 | AP70: 82.3804 
UAV_SEQS_6 | mAP50:90: 49.4779 | AP50: 60.9070 | AP70: 52.1705 
UAV_SEQS_63 | mAP50:90: 30.3351 | AP50: 85.9994 | AP70: 15.6916 
UAV_SEQS_65 | mAP50:90: 83.5019 | AP50: 96.2823 | AP70: 91.7977 
UAV_SEQS_7 | mAP50:90: 66.9192 | AP50: 97.4586 | AP70: 60.2736 
UAV_SEQS_71 | mAP50:90: 79.2298 | AP50: 97.5535 | AP70: 89.4937 
UAV_SEQS_73 | mAP50:90: 68.3488 | AP50: 85.6114 | AP70: 76.3695 
UAV_SEQS_74 | mAP50:90: 98.2499 | AP50: 99.9348 | AP70: 99.9348 
UAV_SEQS_77 | mAP50:90: 37.8795 | AP50: 51.2536 | AP70: 41.4176 
UAV_SEQS_8 | mAP50:90: 91.1781 | AP50: 100.0000 | AP70: 94.8299 
Overall            | mAP50:95: 70.8329 | AP50: 86.6777 | AP70: 73.7929 
epoch 27, iter    1: loss: 0.0001 | load time: 0.0075 | back time: 0.4400 | lr: 0.00006281 | best AP50 acc: 0.8938 | best AP70 acc: 0.7641 | best mAP acc: 0.7176 | best mAR acc: 0.7870 | best Score: 0.7176 | best Score epoch: 25 
epoch 27, iter   51: loss: 0.0001 | load time: 0.0003 | back time: 0.8496 | lr: 0.00006268 | best AP50 acc: 0.8938 | best AP70 acc: 0.7641 | best mAP acc: 0.7176 | best mAR acc: 0.7870 | best Score: 0.7176 | best Score epoch: 25 
epoch 27, iter  101: loss: 0.0000 | load time: 0.0002 | back time: 0.8440 | lr: 0.00006255 | best AP50 acc: 0.8938 | best AP70 acc: 0.7641 | best mAP acc: 0.7176 | best mAR acc: 0.7870 | best Score: 0.7176 | best Score epoch: 25 
epoch 27, iter  151: loss: 0.0000 | load time: 0.0003 | back time: 0.8525 | lr: 0.00006241 | best AP50 acc: 0.8938 | best AP70 acc: 0.7641 | best mAP acc: 0.7176 | best mAR acc: 0.7870 | best Score: 0.7176 | best Score epoch: 25 
epoch 27, iter  201: loss: 0.0000 | load time: 0.0001 | back time: 0.8535 | lr: 0.00006228 | best AP50 acc: 0.8938 | best AP70 acc: 0.7641 | best mAP acc: 0.7176 | best mAR acc: 0.7870 | best Score: 0.7176 | best Score epoch: 25 
epoch 27, iter  251: loss: 0.0000 | load time: 0.0002 | back time: 0.8557 | lr: 0.00006215 | best AP50 acc: 0.8938 | best AP70 acc: 0.7641 | best mAP acc: 0.7176 | best mAR acc: 0.7870 | best Score: 0.7176 | best Score epoch: 25 
epoch 27, iter  301: loss: 0.0000 | load time: 0.0003 | back time: 0.8558 | lr: 0.00006202 | best AP50 acc: 0.8938 | best AP70 acc: 0.7641 | best mAP acc: 0.7176 | best mAR acc: 0.7870 | best Score: 0.7176 | best Score epoch: 25 
epoch 27, iter  351: loss: 0.0001 | load time: 0.0002 | back time: 0.8562 | lr: 0.00006189 | best AP50 acc: 0.8938 | best AP70 acc: 0.7641 | best mAP acc: 0.7176 | best mAR acc: 0.7870 | best Score: 0.7176 | best Score epoch: 25 
epoch 27, iter  401: loss: 0.0000 | load time: 0.0002 | back time: 0.8550 | lr: 0.00006176 | best AP50 acc: 0.8938 | best AP70 acc: 0.7641 | best mAP acc: 0.7176 | best mAR acc: 0.7870 | best Score: 0.7176 | best Score epoch: 25 
epoch 27, iter  451: loss: 0.0000 | load time: 0.0002 | back time: 0.8527 | lr: 0.00006163 | best AP50 acc: 0.8938 | best AP70 acc: 0.7641 | best mAP acc: 0.7176 | best mAR acc: 0.7870 | best Score: 0.7176 | best Score epoch: 25 
epoch 27, iter  501: loss: 0.0000 | load time: 0.0001 | back time: 0.8543 | lr: 0.00006150 | best AP50 acc: 0.8938 | best AP70 acc: 0.7641 | best mAP acc: 0.7176 | best mAR acc: 0.7870 | best Score: 0.7176 | best Score epoch: 25 
epoch 27, iter  551: loss: 0.0001 | load time: 0.0002 | back time: 0.8572 | lr: 0.00006136 | best AP50 acc: 0.8938 | best AP70 acc: 0.7641 | best mAP acc: 0.7176 | best mAR acc: 0.7870 | best Score: 0.7176 | best Score epoch: 25 
epoch 27, iter  601: loss: 0.0000 | load time: 0.0002 | back time: 0.8554 | lr: 0.00006123 | best AP50 acc: 0.8938 | best AP70 acc: 0.7641 | best mAP acc: 0.7176 | best mAR acc: 0.7870 | best Score: 0.7176 | best Score epoch: 25 
epoch 27, iter  651: loss: 0.0000 | load time: 0.0001 | back time: 0.8596 | lr: 0.00006110 | best AP50 acc: 0.8938 | best AP70 acc: 0.7641 | best mAP acc: 0.7176 | best mAR acc: 0.7870 | best Score: 0.7176 | best Score epoch: 25 
epoch 27, iter  701: loss: 0.0000 | load time: 0.0003 | back time: 0.8468 | lr: 0.00006097 | best AP50 acc: 0.8938 | best AP70 acc: 0.7641 | best mAP acc: 0.7176 | best mAR acc: 0.7870 | best Score: 0.7176 | best Score epoch: 25 
epoch 27, iter  751: loss: 0.0001 | load time: 0.0002 | back time: 0.8534 | lr: 0.00006084 | best AP50 acc: 0.8938 | best AP70 acc: 0.7641 | best mAP acc: 0.7176 | best mAR acc: 0.7870 | best Score: 0.7176 | best Score epoch: 25 
epoch 27, iter  801: loss: 0.0000 | load time: 0.0002 | back time: 0.8559 | lr: 0.00006070 | best AP50 acc: 0.8938 | best AP70 acc: 0.7641 | best mAP acc: 0.7176 | best mAR acc: 0.7870 | best Score: 0.7176 | best Score epoch: 25 
epoch 27, iter  851: loss: 0.0001 | load time: 0.0002 | back time: 0.8535 | lr: 0.00006057 | best AP50 acc: 0.8938 | best AP70 acc: 0.7641 | best mAP acc: 0.7176 | best mAR acc: 0.7870 | best Score: 0.7176 | best Score epoch: 25 
epoch 27, iter  901: loss: 0.0000 | load time: 0.0002 | back time: 0.8536 | lr: 0.00006044 | best AP50 acc: 0.8938 | best AP70 acc: 0.7641 | best mAP acc: 0.7176 | best mAR acc: 0.7870 | best Score: 0.7176 | best Score epoch: 25 
epoch 27, iter  951: loss: 0.0000 | load time: 0.0003 | back time: 0.8543 | lr: 0.00006031 | best AP50 acc: 0.8938 | best AP70 acc: 0.7641 | best mAP acc: 0.7176 | best mAR acc: 0.7870 | best Score: 0.7176 | best Score epoch: 25 
epoch 27, iter 1001: loss: 0.0001 | load time: 0.0002 | back time: 0.8534 | lr: 0.00006018 | best AP50 acc: 0.8938 | best AP70 acc: 0.7641 | best mAP acc: 0.7176 | best mAR acc: 0.7870 | best Score: 0.7176 | best Score epoch: 25 
epoch 27, iter 1051: loss: 0.0001 | load time: 0.0003 | back time: 0.8543 | lr: 0.00006004 | best AP50 acc: 0.8938 | best AP70 acc: 0.7641 | best mAP acc: 0.7176 | best mAR acc: 0.7870 | best Score: 0.7176 | best Score epoch: 25 
epoch 27, iter 1101: loss: 0.0001 | load time: 0.0002 | back time: 0.8546 | lr: 0.00005991 | best AP50 acc: 0.8938 | best AP70 acc: 0.7641 | best mAP acc: 0.7176 | best mAR acc: 0.7870 | best Score: 0.7176 | best Score epoch: 25 
epoch 27, iter 1151: loss: 0.0000 | load time: 0.0002 | back time: 0.8516 | lr: 0.00005978 | best AP50 acc: 0.8938 | best AP70 acc: 0.7641 | best mAP acc: 0.7176 | best mAR acc: 0.7870 | best Score: 0.7176 | best Score epoch: 25 
UAV_SEQS_2 | mAP50:90: 27.1877 | AP50: 53.1323 | AP70: 26.0642 
UAV_SEQS_37 | mAP50:90: 94.4748 | AP50: 100.0000 | AP70: 95.9527 
UAV_SEQS_45 | mAP50:90: 92.9794 | AP50: 100.0000 | AP70: 96.0336 
UAV_SEQS_47 | mAP50:90: 98.1812 | AP50: 100.0000 | AP70: 100.0000 
UAV_SEQS_55 | mAP50:90: 44.4646 | AP50: 61.3752 | AP70: 50.5613 
UAV_SEQS_59 | mAP50:90: 68.1150 | AP50: 93.0953 | AP70: 76.9588 
UAV_SEQS_6 | mAP50:90: 56.6852 | AP50: 80.1589 | AP70: 57.3643 
UAV_SEQS_63 | mAP50:90: 49.9244 | AP50: 91.9253 | AP70: 53.0625 
UAV_SEQS_65 | mAP50:90: 78.7283 | AP50: 97.4794 | AP70: 89.2289 
UAV_SEQS_7 | mAP50:90: 78.8556 | AP50: 100.0000 | AP70: 85.9687 
UAV_SEQS_71 | mAP50:90: 75.7819 | AP50: 98.9901 | AP70: 89.7302 
UAV_SEQS_73 | mAP50:90: 66.4756 | AP50: 83.4886 | AP70: 74.0646 
UAV_SEQS_74 | mAP50:90: 97.2113 | AP50: 100.0000 | AP70: 98.9867 
UAV_SEQS_77 | mAP50:90: 42.2309 | AP50: 57.0857 | AP70: 42.7904 
UAV_SEQS_8 | mAP50:90: 82.2652 | AP50: 100.0000 | AP70: 89.5297 
Overall            | mAP50:95: 71.8215 | AP50: 88.3241 | AP70: 76.8974 
epoch 28, iter    1: loss: 0.0000 | load time: 0.0041 | back time: 0.3876 | lr: 0.00005977 | best AP50 acc: 0.8832 | best AP70 acc: 0.7690 | best mAP acc: 0.7182 | best mAR acc: 0.7852 | best Score: 0.7182 | best Score epoch: 27 
epoch 28, iter   51: loss: 0.0000 | load time: 0.0001 | back time: 0.8355 | lr: 0.00005964 | best AP50 acc: 0.8832 | best AP70 acc: 0.7690 | best mAP acc: 0.7182 | best mAR acc: 0.7852 | best Score: 0.7182 | best Score epoch: 27 
epoch 28, iter  101: loss: 0.0000 | load time: 0.0002 | back time: 0.8522 | lr: 0.00005951 | best AP50 acc: 0.8832 | best AP70 acc: 0.7690 | best mAP acc: 0.7182 | best mAR acc: 0.7852 | best Score: 0.7182 | best Score epoch: 27 
epoch 28, iter  151: loss: 0.0000 | load time: 0.0003 | back time: 0.8543 | lr: 0.00005937 | best AP50 acc: 0.8832 | best AP70 acc: 0.7690 | best mAP acc: 0.7182 | best mAR acc: 0.7852 | best Score: 0.7182 | best Score epoch: 27 
epoch 28, iter  201: loss: 0.0000 | load time: 0.0002 | back time: 0.8528 | lr: 0.00005924 | best AP50 acc: 0.8832 | best AP70 acc: 0.7690 | best mAP acc: 0.7182 | best mAR acc: 0.7852 | best Score: 0.7182 | best Score epoch: 27 
epoch 28, iter  251: loss: 0.0000 | load time: 0.0002 | back time: 0.8559 | lr: 0.00005911 | best AP50 acc: 0.8832 | best AP70 acc: 0.7690 | best mAP acc: 0.7182 | best mAR acc: 0.7852 | best Score: 0.7182 | best Score epoch: 27 
epoch 28, iter  301: loss: 0.0000 | load time: 0.0002 | back time: 0.8545 | lr: 0.00005898 | best AP50 acc: 0.8832 | best AP70 acc: 0.7690 | best mAP acc: 0.7182 | best mAR acc: 0.7852 | best Score: 0.7182 | best Score epoch: 27 
epoch 28, iter  351: loss: 0.0001 | load time: 0.0002 | back time: 0.8549 | lr: 0.00005884 | best AP50 acc: 0.8832 | best AP70 acc: 0.7690 | best mAP acc: 0.7182 | best mAR acc: 0.7852 | best Score: 0.7182 | best Score epoch: 27 
epoch 28, iter  401: loss: 0.0001 | load time: 0.0002 | back time: 0.8565 | lr: 0.00005871 | best AP50 acc: 0.8832 | best AP70 acc: 0.7690 | best mAP acc: 0.7182 | best mAR acc: 0.7852 | best Score: 0.7182 | best Score epoch: 27 
epoch 28, iter  451: loss: 0.0000 | load time: 0.0002 | back time: 0.8565 | lr: 0.00005858 | best AP50 acc: 0.8832 | best AP70 acc: 0.7690 | best mAP acc: 0.7182 | best mAR acc: 0.7852 | best Score: 0.7182 | best Score epoch: 27 
epoch 28, iter  501: loss: 0.0000 | load time: 0.0003 | back time: 0.8541 | lr: 0.00005844 | best AP50 acc: 0.8832 | best AP70 acc: 0.7690 | best mAP acc: 0.7182 | best mAR acc: 0.7852 | best Score: 0.7182 | best Score epoch: 27 
epoch 28, iter  551: loss: 0.0000 | load time: 0.0002 | back time: 0.8543 | lr: 0.00005831 | best AP50 acc: 0.8832 | best AP70 acc: 0.7690 | best mAP acc: 0.7182 | best mAR acc: 0.7852 | best Score: 0.7182 | best Score epoch: 27 
epoch 28, iter  601: loss: 0.0001 | load time: 0.0002 | back time: 0.8542 | lr: 0.00005818 | best AP50 acc: 0.8832 | best AP70 acc: 0.7690 | best mAP acc: 0.7182 | best mAR acc: 0.7852 | best Score: 0.7182 | best Score epoch: 27 
epoch 28, iter  651: loss: 0.0000 | load time: 0.0002 | back time: 0.8567 | lr: 0.00005804 | best AP50 acc: 0.8832 | best AP70 acc: 0.7690 | best mAP acc: 0.7182 | best mAR acc: 0.7852 | best Score: 0.7182 | best Score epoch: 27 
epoch 28, iter  701: loss: 0.0000 | load time: 0.0003 | back time: 0.8564 | lr: 0.00005791 | best AP50 acc: 0.8832 | best AP70 acc: 0.7690 | best mAP acc: 0.7182 | best mAR acc: 0.7852 | best Score: 0.7182 | best Score epoch: 27 
epoch 28, iter  751: loss: 0.0000 | load time: 0.0003 | back time: 0.8543 | lr: 0.00005778 | best AP50 acc: 0.8832 | best AP70 acc: 0.7690 | best mAP acc: 0.7182 | best mAR acc: 0.7852 | best Score: 0.7182 | best Score epoch: 27 
epoch 28, iter  801: loss: 0.0000 | load time: 0.0002 | back time: 0.8540 | lr: 0.00005764 | best AP50 acc: 0.8832 | best AP70 acc: 0.7690 | best mAP acc: 0.7182 | best mAR acc: 0.7852 | best Score: 0.7182 | best Score epoch: 27 
epoch 28, iter  851: loss: 0.0000 | load time: 0.0003 | back time: 0.8546 | lr: 0.00005751 | best AP50 acc: 0.8832 | best AP70 acc: 0.7690 | best mAP acc: 0.7182 | best mAR acc: 0.7852 | best Score: 0.7182 | best Score epoch: 27 
epoch 28, iter  901: loss: 0.0000 | load time: 0.0003 | back time: 0.8543 | lr: 0.00005738 | best AP50 acc: 0.8832 | best AP70 acc: 0.7690 | best mAP acc: 0.7182 | best mAR acc: 0.7852 | best Score: 0.7182 | best Score epoch: 27 
epoch 28, iter  951: loss: 0.0000 | load time: 0.0002 | back time: 0.8547 | lr: 0.00005724 | best AP50 acc: 0.8832 | best AP70 acc: 0.7690 | best mAP acc: 0.7182 | best mAR acc: 0.7852 | best Score: 0.7182 | best Score epoch: 27 
epoch 28, iter 1001: loss: 0.0000 | load time: 0.0002 | back time: 0.8536 | lr: 0.00005711 | best AP50 acc: 0.8832 | best AP70 acc: 0.7690 | best mAP acc: 0.7182 | best mAR acc: 0.7852 | best Score: 0.7182 | best Score epoch: 27 
epoch 28, iter 1051: loss: 0.0000 | load time: 0.0002 | back time: 0.8525 | lr: 0.00005697 | best AP50 acc: 0.8832 | best AP70 acc: 0.7690 | best mAP acc: 0.7182 | best mAR acc: 0.7852 | best Score: 0.7182 | best Score epoch: 27 
epoch 28, iter 1101: loss: 0.0000 | load time: 0.0004 | back time: 0.8542 | lr: 0.00005684 | best AP50 acc: 0.8832 | best AP70 acc: 0.7690 | best mAP acc: 0.7182 | best mAR acc: 0.7852 | best Score: 0.7182 | best Score epoch: 27 
epoch 28, iter 1151: loss: 0.0001 | load time: 0.0005 | back time: 0.8526 | lr: 0.00005671 | best AP50 acc: 0.8832 | best AP70 acc: 0.7690 | best mAP acc: 0.7182 | best mAR acc: 0.7852 | best Score: 0.7182 | best Score epoch: 27 
UAV_SEQS_2 | mAP50:90: 22.5277 | AP50: 43.0253 | AP70: 21.2403 
UAV_SEQS_37 | mAP50:90: 92.4455 | AP50: 100.0000 | AP70: 96.0285 
UAV_SEQS_45 | mAP50:90: 92.1033 | AP50: 100.0000 | AP70: 95.5423 
UAV_SEQS_47 | mAP50:90: 97.7411 | AP50: 100.0000 | AP70: 100.0000 
UAV_SEQS_55 | mAP50:90: 45.0083 | AP50: 65.9415 | AP70: 50.1593 
UAV_SEQS_59 | mAP50:90: 68.5646 | AP50: 94.7216 | AP70: 77.0935 
UAV_SEQS_6 | mAP50:90: 50.7561 | AP50: 67.8386 | AP70: 54.3080 
UAV_SEQS_63 | mAP50:90: 45.2882 | AP50: 93.2330 | AP70: 42.7653 
UAV_SEQS_65 | mAP50:90: 80.6392 | AP50: 97.6456 | AP70: 90.6728 
UAV_SEQS_7 | mAP50:90: 70.5615 | AP50: 100.0000 | AP70: 75.4011 
UAV_SEQS_71 | mAP50:90: 71.0416 | AP50: 98.9800 | AP70: 80.7384 
UAV_SEQS_73 | mAP50:90: 62.5860 | AP50: 82.2721 | AP70: 71.0104 
UAV_SEQS_74 | mAP50:90: 95.4075 | AP50: 99.6998 | AP70: 99.6998 
UAV_SEQS_77 | mAP50:90: 27.7202 | AP50: 32.0006 | AP70: 29.6325 
UAV_SEQS_8 | mAP50:90: 80.2497 | AP50: 96.4026 | AP70: 86.5545 
Overall            | mAP50:95: 67.9548 | AP50: 85.5096 | AP70: 72.4881 
epoch 29, iter    1: loss: 0.0000 | load time: 0.0047 | back time: 0.4724 | lr: 0.00005670 | best AP50 acc: 0.8832 | best AP70 acc: 0.7690 | best mAP acc: 0.7182 | best mAR acc: 0.7852 | best Score: 0.7182 | best Score epoch: 27 
epoch 29, iter   51: loss: 0.0001 | load time: 0.0002 | back time: 0.8465 | lr: 0.00005657 | best AP50 acc: 0.8832 | best AP70 acc: 0.7690 | best mAP acc: 0.7182 | best mAR acc: 0.7852 | best Score: 0.7182 | best Score epoch: 27 
epoch 29, iter  101: loss: 0.0000 | load time: 0.0003 | back time: 0.8527 | lr: 0.00005643 | best AP50 acc: 0.8832 | best AP70 acc: 0.7690 | best mAP acc: 0.7182 | best mAR acc: 0.7852 | best Score: 0.7182 | best Score epoch: 27 
epoch 29, iter  151: loss: 0.0001 | load time: 0.0002 | back time: 0.8525 | lr: 0.00005630 | best AP50 acc: 0.8832 | best AP70 acc: 0.7690 | best mAP acc: 0.7182 | best mAR acc: 0.7852 | best Score: 0.7182 | best Score epoch: 27 
epoch 29, iter  201: loss: 0.0000 | load time: 0.0002 | back time: 0.8546 | lr: 0.00005617 | best AP50 acc: 0.8832 | best AP70 acc: 0.7690 | best mAP acc: 0.7182 | best mAR acc: 0.7852 | best Score: 0.7182 | best Score epoch: 27 
epoch 29, iter  251: loss: 0.0000 | load time: 0.0003 | back time: 0.8545 | lr: 0.00005603 | best AP50 acc: 0.8832 | best AP70 acc: 0.7690 | best mAP acc: 0.7182 | best mAR acc: 0.7852 | best Score: 0.7182 | best Score epoch: 27 
epoch 29, iter  301: loss: 0.0000 | load time: 0.0002 | back time: 0.8518 | lr: 0.00005590 | best AP50 acc: 0.8832 | best AP70 acc: 0.7690 | best mAP acc: 0.7182 | best mAR acc: 0.7852 | best Score: 0.7182 | best Score epoch: 27 
epoch 29, iter  351: loss: 0.0001 | load time: 0.0002 | back time: 0.8559 | lr: 0.00005576 | best AP50 acc: 0.8832 | best AP70 acc: 0.7690 | best mAP acc: 0.7182 | best mAR acc: 0.7852 | best Score: 0.7182 | best Score epoch: 27 
epoch 29, iter  401: loss: 0.0000 | load time: 0.0001 | back time: 0.8548 | lr: 0.00005563 | best AP50 acc: 0.8832 | best AP70 acc: 0.7690 | best mAP acc: 0.7182 | best mAR acc: 0.7852 | best Score: 0.7182 | best Score epoch: 27 
epoch 29, iter  451: loss: 0.0000 | load time: 0.0002 | back time: 0.8543 | lr: 0.00005549 | best AP50 acc: 0.8832 | best AP70 acc: 0.7690 | best mAP acc: 0.7182 | best mAR acc: 0.7852 | best Score: 0.7182 | best Score epoch: 27 
epoch 29, iter  501: loss: 0.0000 | load time: 0.0001 | back time: 0.8573 | lr: 0.00005536 | best AP50 acc: 0.8832 | best AP70 acc: 0.7690 | best mAP acc: 0.7182 | best mAR acc: 0.7852 | best Score: 0.7182 | best Score epoch: 27 
epoch 29, iter  551: loss: 0.0000 | load time: 0.0001 | back time: 0.8550 | lr: 0.00005523 | best AP50 acc: 0.8832 | best AP70 acc: 0.7690 | best mAP acc: 0.7182 | best mAR acc: 0.7852 | best Score: 0.7182 | best Score epoch: 27 
epoch 29, iter  601: loss: 0.0002 | load time: 0.0002 | back time: 0.8548 | lr: 0.00005509 | best AP50 acc: 0.8832 | best AP70 acc: 0.7690 | best mAP acc: 0.7182 | best mAR acc: 0.7852 | best Score: 0.7182 | best Score epoch: 27 
epoch 29, iter  651: loss: 0.0000 | load time: 0.0004 | back time: 0.8546 | lr: 0.00005496 | best AP50 acc: 0.8832 | best AP70 acc: 0.7690 | best mAP acc: 0.7182 | best mAR acc: 0.7852 | best Score: 0.7182 | best Score epoch: 27 
epoch 29, iter  701: loss: 0.0000 | load time: 0.0003 | back time: 0.8531 | lr: 0.00005482 | best AP50 acc: 0.8832 | best AP70 acc: 0.7690 | best mAP acc: 0.7182 | best mAR acc: 0.7852 | best Score: 0.7182 | best Score epoch: 27 
epoch 29, iter  751: loss: 0.0001 | load time: 0.0002 | back time: 0.8546 | lr: 0.00005469 | best AP50 acc: 0.8832 | best AP70 acc: 0.7690 | best mAP acc: 0.7182 | best mAR acc: 0.7852 | best Score: 0.7182 | best Score epoch: 27 
epoch 29, iter  801: loss: 0.0001 | load time: 0.0002 | back time: 0.8565 | lr: 0.00005455 | best AP50 acc: 0.8832 | best AP70 acc: 0.7690 | best mAP acc: 0.7182 | best mAR acc: 0.7852 | best Score: 0.7182 | best Score epoch: 27 
epoch 29, iter  851: loss: 0.0000 | load time: 0.0002 | back time: 0.8559 | lr: 0.00005442 | best AP50 acc: 0.8832 | best AP70 acc: 0.7690 | best mAP acc: 0.7182 | best mAR acc: 0.7852 | best Score: 0.7182 | best Score epoch: 27 
epoch 29, iter  901: loss: 0.0000 | load time: 0.0002 | back time: 0.8608 | lr: 0.00005428 | best AP50 acc: 0.8832 | best AP70 acc: 0.7690 | best mAP acc: 0.7182 | best mAR acc: 0.7852 | best Score: 0.7182 | best Score epoch: 27 
epoch 29, iter  951: loss: 0.0000 | load time: 0.0002 | back time: 0.8623 | lr: 0.00005415 | best AP50 acc: 0.8832 | best AP70 acc: 0.7690 | best mAP acc: 0.7182 | best mAR acc: 0.7852 | best Score: 0.7182 | best Score epoch: 27 
epoch 29, iter 1001: loss: 0.0000 | load time: 0.0002 | back time: 0.8558 | lr: 0.00005401 | best AP50 acc: 0.8832 | best AP70 acc: 0.7690 | best mAP acc: 0.7182 | best mAR acc: 0.7852 | best Score: 0.7182 | best Score epoch: 27 
epoch 29, iter 1051: loss: 0.0000 | load time: 0.0002 | back time: 0.8566 | lr: 0.00005388 | best AP50 acc: 0.8832 | best AP70 acc: 0.7690 | best mAP acc: 0.7182 | best mAR acc: 0.7852 | best Score: 0.7182 | best Score epoch: 27 
epoch 29, iter 1101: loss: 0.0000 | load time: 0.0001 | back time: 0.8552 | lr: 0.00005375 | best AP50 acc: 0.8832 | best AP70 acc: 0.7690 | best mAP acc: 0.7182 | best mAR acc: 0.7852 | best Score: 0.7182 | best Score epoch: 27 
epoch 29, iter 1151: loss: 0.0001 | load time: 0.0001 | back time: 0.8494 | lr: 0.00005361 | best AP50 acc: 0.8832 | best AP70 acc: 0.7690 | best mAP acc: 0.7182 | best mAR acc: 0.7852 | best Score: 0.7182 | best Score epoch: 27 
UAV_SEQS_2 | mAP50:90: 29.5927 | AP50: 57.8124 | AP70: 29.3048 
UAV_SEQS_37 | mAP50:90: 94.0850 | AP50: 100.0000 | AP70: 96.0358 
UAV_SEQS_45 | mAP50:90: 92.8081 | AP50: 100.0000 | AP70: 95.9140 
UAV_SEQS_47 | mAP50:90: 98.9825 | AP50: 100.0000 | AP70: 100.0000 
UAV_SEQS_55 | mAP50:90: 42.0735 | AP50: 63.7473 | AP70: 47.0760 
UAV_SEQS_59 | mAP50:90: 72.4555 | AP50: 94.3729 | AP70: 86.6442 
UAV_SEQS_6 | mAP50:90: 49.6340 | AP50: 65.4576 | AP70: 53.0257 
UAV_SEQS_63 | mAP50:90: 55.1908 | AP50: 90.0287 | AP70: 61.9292 
UAV_SEQS_65 | mAP50:90: 82.2395 | AP50: 97.4385 | AP70: 88.0737 
UAV_SEQS_7 | mAP50:90: 74.5406 | AP50: 100.0000 | AP70: 78.6142 
UAV_SEQS_71 | mAP50:90: 75.9319 | AP50: 98.9901 | AP70: 85.7137 
UAV_SEQS_73 | mAP50:90: 65.1223 | AP50: 84.6708 | AP70: 74.8217 
UAV_SEQS_74 | mAP50:90: 97.9982 | AP50: 100.0000 | AP70: 100.0000 
UAV_SEQS_77 | mAP50:90: 44.2662 | AP50: 53.5620 | AP70: 45.3216 
UAV_SEQS_8 | mAP50:90: 79.3668 | AP50: 98.3630 | AP70: 85.6121 
Overall            | mAP50:95: 71.5073 | AP50: 87.6264 | AP70: 76.2669 
epoch 30, iter    1: loss: 0.0000 | load time: 0.0038 | back time: 0.5496 | lr: 0.00005361 | best AP50 acc: 0.8832 | best AP70 acc: 0.7690 | best mAP acc: 0.7182 | best mAR acc: 0.7852 | best Score: 0.7182 | best Score epoch: 27 
epoch 30, iter   51: loss: 0.0000 | load time: 0.0003 | back time: 0.8445 | lr: 0.00005347 | best AP50 acc: 0.8832 | best AP70 acc: 0.7690 | best mAP acc: 0.7182 | best mAR acc: 0.7852 | best Score: 0.7182 | best Score epoch: 27 
epoch 30, iter  101: loss: 0.0000 | load time: 0.0003 | back time: 0.8535 | lr: 0.00005334 | best AP50 acc: 0.8832 | best AP70 acc: 0.7690 | best mAP acc: 0.7182 | best mAR acc: 0.7852 | best Score: 0.7182 | best Score epoch: 27 
epoch 30, iter  151: loss: 0.0001 | load time: 0.0002 | back time: 0.8535 | lr: 0.00005320 | best AP50 acc: 0.8832 | best AP70 acc: 0.7690 | best mAP acc: 0.7182 | best mAR acc: 0.7852 | best Score: 0.7182 | best Score epoch: 27 
epoch 30, iter  201: loss: 0.0000 | load time: 0.0002 | back time: 0.8541 | lr: 0.00005307 | best AP50 acc: 0.8832 | best AP70 acc: 0.7690 | best mAP acc: 0.7182 | best mAR acc: 0.7852 | best Score: 0.7182 | best Score epoch: 27 
epoch 30, iter  251: loss: 0.0000 | load time: 0.0001 | back time: 0.8578 | lr: 0.00005293 | best AP50 acc: 0.8832 | best AP70 acc: 0.7690 | best mAP acc: 0.7182 | best mAR acc: 0.7852 | best Score: 0.7182 | best Score epoch: 27 
epoch 30, iter  301: loss: 0.0000 | load time: 0.0002 | back time: 0.8554 | lr: 0.00005280 | best AP50 acc: 0.8832 | best AP70 acc: 0.7690 | best mAP acc: 0.7182 | best mAR acc: 0.7852 | best Score: 0.7182 | best Score epoch: 27 
epoch 30, iter  351: loss: 0.0000 | load time: 0.0002 | back time: 0.8618 | lr: 0.00005266 | best AP50 acc: 0.8832 | best AP70 acc: 0.7690 | best mAP acc: 0.7182 | best mAR acc: 0.7852 | best Score: 0.7182 | best Score epoch: 27 
epoch 30, iter  401: loss: 0.0000 | load time: 0.0003 | back time: 0.8555 | lr: 0.00005253 | best AP50 acc: 0.8832 | best AP70 acc: 0.7690 | best mAP acc: 0.7182 | best mAR acc: 0.7852 | best Score: 0.7182 | best Score epoch: 27 
epoch 30, iter  451: loss: 0.0000 | load time: 0.0002 | back time: 0.8536 | lr: 0.00005239 | best AP50 acc: 0.8832 | best AP70 acc: 0.7690 | best mAP acc: 0.7182 | best mAR acc: 0.7852 | best Score: 0.7182 | best Score epoch: 27 
epoch 30, iter  501: loss: 0.0000 | load time: 0.0002 | back time: 0.8542 | lr: 0.00005226 | best AP50 acc: 0.8832 | best AP70 acc: 0.7690 | best mAP acc: 0.7182 | best mAR acc: 0.7852 | best Score: 0.7182 | best Score epoch: 27 
epoch 30, iter  551: loss: 0.0000 | load time: 0.0002 | back time: 0.8561 | lr: 0.00005212 | best AP50 acc: 0.8832 | best AP70 acc: 0.7690 | best mAP acc: 0.7182 | best mAR acc: 0.7852 | best Score: 0.7182 | best Score epoch: 27 
epoch 30, iter  601: loss: 0.0000 | load time: 0.0002 | back time: 0.8513 | lr: 0.00005199 | best AP50 acc: 0.8832 | best AP70 acc: 0.7690 | best mAP acc: 0.7182 | best mAR acc: 0.7852 | best Score: 0.7182 | best Score epoch: 27 
epoch 30, iter  651: loss: 0.0000 | load time: 0.0003 | back time: 0.8536 | lr: 0.00005185 | best AP50 acc: 0.8832 | best AP70 acc: 0.7690 | best mAP acc: 0.7182 | best mAR acc: 0.7852 | best Score: 0.7182 | best Score epoch: 27 
epoch 30, iter  701: loss: 0.0000 | load time: 0.0002 | back time: 0.8501 | lr: 0.00005172 | best AP50 acc: 0.8832 | best AP70 acc: 0.7690 | best mAP acc: 0.7182 | best mAR acc: 0.7852 | best Score: 0.7182 | best Score epoch: 27 
epoch 30, iter  751: loss: 0.0000 | load time: 0.0002 | back time: 0.8537 | lr: 0.00005158 | best AP50 acc: 0.8832 | best AP70 acc: 0.7690 | best mAP acc: 0.7182 | best mAR acc: 0.7852 | best Score: 0.7182 | best Score epoch: 27 
epoch 30, iter  801: loss: 0.0000 | load time: 0.0002 | back time: 0.8552 | lr: 0.00005145 | best AP50 acc: 0.8832 | best AP70 acc: 0.7690 | best mAP acc: 0.7182 | best mAR acc: 0.7852 | best Score: 0.7182 | best Score epoch: 27 
epoch 30, iter  851: loss: 0.0000 | load time: 0.0002 | back time: 0.8540 | lr: 0.00005131 | best AP50 acc: 0.8832 | best AP70 acc: 0.7690 | best mAP acc: 0.7182 | best mAR acc: 0.7852 | best Score: 0.7182 | best Score epoch: 27 
epoch 30, iter  901: loss: 0.0000 | load time: 0.0003 | back time: 0.8531 | lr: 0.00005118 | best AP50 acc: 0.8832 | best AP70 acc: 0.7690 | best mAP acc: 0.7182 | best mAR acc: 0.7852 | best Score: 0.7182 | best Score epoch: 27 
epoch 30, iter  951: loss: 0.0000 | load time: 0.0002 | back time: 0.8545 | lr: 0.00005104 | best AP50 acc: 0.8832 | best AP70 acc: 0.7690 | best mAP acc: 0.7182 | best mAR acc: 0.7852 | best Score: 0.7182 | best Score epoch: 27 
epoch 30, iter 1001: loss: 0.0000 | load time: 0.0002 | back time: 0.8713 | lr: 0.00005091 | best AP50 acc: 0.8832 | best AP70 acc: 0.7690 | best mAP acc: 0.7182 | best mAR acc: 0.7852 | best Score: 0.7182 | best Score epoch: 27 
epoch 30, iter 1051: loss: 0.0000 | load time: 0.0003 | back time: 0.8566 | lr: 0.00005077 | best AP50 acc: 0.8832 | best AP70 acc: 0.7690 | best mAP acc: 0.7182 | best mAR acc: 0.7852 | best Score: 0.7182 | best Score epoch: 27 
epoch 30, iter 1101: loss: 0.0001 | load time: 0.0002 | back time: 0.8549 | lr: 0.00005064 | best AP50 acc: 0.8832 | best AP70 acc: 0.7690 | best mAP acc: 0.7182 | best mAR acc: 0.7852 | best Score: 0.7182 | best Score epoch: 27 
epoch 30, iter 1151: loss: 0.0000 | load time: 0.0004 | back time: 0.8551 | lr: 0.00005050 | best AP50 acc: 0.8832 | best AP70 acc: 0.7690 | best mAP acc: 0.7182 | best mAR acc: 0.7852 | best Score: 0.7182 | best Score epoch: 27 
UAV_SEQS_2 | mAP50:90: 25.8207 | AP50: 47.1666 | AP70: 22.7330 
UAV_SEQS_37 | mAP50:90: 94.3122 | AP50: 100.0000 | AP70: 97.2695 
UAV_SEQS_45 | mAP50:90: 92.0769 | AP50: 100.0000 | AP70: 95.9484 
UAV_SEQS_47 | mAP50:90: 96.5363 | AP50: 100.0000 | AP70: 100.0000 
UAV_SEQS_55 | mAP50:90: 44.7045 | AP50: 62.7338 | AP70: 49.5360 
UAV_SEQS_59 | mAP50:90: 69.9508 | AP50: 94.4663 | AP70: 78.0817 
UAV_SEQS_6 | mAP50:90: 52.3430 | AP50: 67.7985 | AP70: 53.3035 
UAV_SEQS_63 | mAP50:90: 28.1136 | AP50: 77.5062 | AP70: 19.2258 
UAV_SEQS_65 | mAP50:90: 82.6170 | AP50: 97.3969 | AP70: 89.7237 
UAV_SEQS_7 | mAP50:90: 71.3323 | AP50: 100.0000 | AP70: 76.1540 
UAV_SEQS_71 | mAP50:90: 75.3161 | AP50: 97.8628 | AP70: 84.7176 
UAV_SEQS_73 | mAP50:90: 67.6136 | AP50: 86.3345 | AP70: 74.7344 
UAV_SEQS_74 | mAP50:90: 99.0438 | AP50: 100.0000 | AP70: 100.0000 
UAV_SEQS_77 | mAP50:90: 42.0560 | AP50: 51.0192 | AP70: 46.4481 
UAV_SEQS_8 | mAP50:90: 84.7605 | AP50: 100.0000 | AP70: 90.6139 
Overall            | mAP50:95: 69.5454 | AP50: 86.8070 | AP70: 73.2917 
epoch 31, iter    1: loss: 0.0001 | load time: 0.0073 | back time: 0.5483 | lr: 0.00005050 | best AP50 acc: 0.8832 | best AP70 acc: 0.7690 | best mAP acc: 0.7182 | best mAR acc: 0.7852 | best Score: 0.7182 | best Score epoch: 27 
epoch 31, iter   51: loss: 0.0000 | load time: 0.0002 | back time: 0.8462 | lr: 0.00005036 | best AP50 acc: 0.8832 | best AP70 acc: 0.7690 | best mAP acc: 0.7182 | best mAR acc: 0.7852 | best Score: 0.7182 | best Score epoch: 27 
epoch 31, iter  101: loss: 0.0000 | load time: 0.0003 | back time: 0.8533 | lr: 0.00005023 | best AP50 acc: 0.8832 | best AP70 acc: 0.7690 | best mAP acc: 0.7182 | best mAR acc: 0.7852 | best Score: 0.7182 | best Score epoch: 27 
epoch 31, iter  151: loss: 0.0000 | load time: 0.0001 | back time: 0.8522 | lr: 0.00005009 | best AP50 acc: 0.8832 | best AP70 acc: 0.7690 | best mAP acc: 0.7182 | best mAR acc: 0.7852 | best Score: 0.7182 | best Score epoch: 27 
epoch 31, iter  201: loss: 0.0000 | load time: 0.0002 | back time: 0.8548 | lr: 0.00004996 | best AP50 acc: 0.8832 | best AP70 acc: 0.7690 | best mAP acc: 0.7182 | best mAR acc: 0.7852 | best Score: 0.7182 | best Score epoch: 27 
epoch 31, iter  251: loss: 0.0000 | load time: 0.0002 | back time: 0.8551 | lr: 0.00004982 | best AP50 acc: 0.8832 | best AP70 acc: 0.7690 | best mAP acc: 0.7182 | best mAR acc: 0.7852 | best Score: 0.7182 | best Score epoch: 27 
epoch 31, iter  301: loss: 0.0000 | load time: 0.0003 | back time: 0.8560 | lr: 0.00004969 | best AP50 acc: 0.8832 | best AP70 acc: 0.7690 | best mAP acc: 0.7182 | best mAR acc: 0.7852 | best Score: 0.7182 | best Score epoch: 27 
epoch 31, iter  351: loss: 0.0000 | load time: 0.0002 | back time: 0.8585 | lr: 0.00004955 | best AP50 acc: 0.8832 | best AP70 acc: 0.7690 | best mAP acc: 0.7182 | best mAR acc: 0.7852 | best Score: 0.7182 | best Score epoch: 27 
epoch 31, iter  401: loss: 0.0000 | load time: 0.0003 | back time: 0.8555 | lr: 0.00004942 | best AP50 acc: 0.8832 | best AP70 acc: 0.7690 | best mAP acc: 0.7182 | best mAR acc: 0.7852 | best Score: 0.7182 | best Score epoch: 27 
epoch 31, iter  451: loss: 0.0000 | load time: 0.0003 | back time: 0.8581 | lr: 0.00004928 | best AP50 acc: 0.8832 | best AP70 acc: 0.7690 | best mAP acc: 0.7182 | best mAR acc: 0.7852 | best Score: 0.7182 | best Score epoch: 27 
epoch 31, iter  501: loss: 0.0000 | load time: 0.0001 | back time: 0.8579 | lr: 0.00004915 | best AP50 acc: 0.8832 | best AP70 acc: 0.7690 | best mAP acc: 0.7182 | best mAR acc: 0.7852 | best Score: 0.7182 | best Score epoch: 27 
epoch 31, iter  551: loss: 0.0000 | load time: 0.0001 | back time: 0.8571 | lr: 0.00004901 | best AP50 acc: 0.8832 | best AP70 acc: 0.7690 | best mAP acc: 0.7182 | best mAR acc: 0.7852 | best Score: 0.7182 | best Score epoch: 27 
epoch 31, iter  601: loss: 0.0000 | load time: 0.0002 | back time: 0.8557 | lr: 0.00004888 | best AP50 acc: 0.8832 | best AP70 acc: 0.7690 | best mAP acc: 0.7182 | best mAR acc: 0.7852 | best Score: 0.7182 | best Score epoch: 27 
epoch 31, iter  651: loss: 0.0000 | load time: 0.0002 | back time: 0.8532 | lr: 0.00004874 | best AP50 acc: 0.8832 | best AP70 acc: 0.7690 | best mAP acc: 0.7182 | best mAR acc: 0.7852 | best Score: 0.7182 | best Score epoch: 27 
epoch 31, iter  701: loss: 0.0000 | load time: 0.0002 | back time: 0.8537 | lr: 0.00004861 | best AP50 acc: 0.8832 | best AP70 acc: 0.7690 | best mAP acc: 0.7182 | best mAR acc: 0.7852 | best Score: 0.7182 | best Score epoch: 27 
epoch 31, iter  751: loss: 0.0000 | load time: 0.0001 | back time: 0.8576 | lr: 0.00004847 | best AP50 acc: 0.8832 | best AP70 acc: 0.7690 | best mAP acc: 0.7182 | best mAR acc: 0.7852 | best Score: 0.7182 | best Score epoch: 27 
epoch 31, iter  801: loss: 0.0000 | load time: 0.0002 | back time: 0.8541 | lr: 0.00004834 | best AP50 acc: 0.8832 | best AP70 acc: 0.7690 | best mAP acc: 0.7182 | best mAR acc: 0.7852 | best Score: 0.7182 | best Score epoch: 27 
epoch 31, iter  851: loss: 0.0000 | load time: 0.0005 | back time: 0.8535 | lr: 0.00004820 | best AP50 acc: 0.8832 | best AP70 acc: 0.7690 | best mAP acc: 0.7182 | best mAR acc: 0.7852 | best Score: 0.7182 | best Score epoch: 27 
epoch 31, iter  901: loss: 0.0000 | load time: 0.0002 | back time: 0.8543 | lr: 0.00004807 | best AP50 acc: 0.8832 | best AP70 acc: 0.7690 | best mAP acc: 0.7182 | best mAR acc: 0.7852 | best Score: 0.7182 | best Score epoch: 27 
epoch 31, iter  951: loss: 0.0000 | load time: 0.0003 | back time: 0.8521 | lr: 0.00004793 | best AP50 acc: 0.8832 | best AP70 acc: 0.7690 | best mAP acc: 0.7182 | best mAR acc: 0.7852 | best Score: 0.7182 | best Score epoch: 27 
epoch 31, iter 1001: loss: 0.0000 | load time: 0.0001 | back time: 0.8544 | lr: 0.00004780 | best AP50 acc: 0.8832 | best AP70 acc: 0.7690 | best mAP acc: 0.7182 | best mAR acc: 0.7852 | best Score: 0.7182 | best Score epoch: 27 
epoch 31, iter 1051: loss: 0.0001 | load time: 0.0002 | back time: 0.8539 | lr: 0.00004766 | best AP50 acc: 0.8832 | best AP70 acc: 0.7690 | best mAP acc: 0.7182 | best mAR acc: 0.7852 | best Score: 0.7182 | best Score epoch: 27 
epoch 31, iter 1101: loss: 0.0000 | load time: 0.0002 | back time: 0.8552 | lr: 0.00004753 | best AP50 acc: 0.8832 | best AP70 acc: 0.7690 | best mAP acc: 0.7182 | best mAR acc: 0.7852 | best Score: 0.7182 | best Score epoch: 27 
epoch 31, iter 1151: loss: 0.0000 | load time: 0.0001 | back time: 0.8445 | lr: 0.00004739 | best AP50 acc: 0.8832 | best AP70 acc: 0.7690 | best mAP acc: 0.7182 | best mAR acc: 0.7852 | best Score: 0.7182 | best Score epoch: 27 
UAV_SEQS_2 | mAP50:90: 24.2457 | AP50: 48.2496 | AP70: 20.7499 
UAV_SEQS_37 | mAP50:90: 93.4993 | AP50: 100.0000 | AP70: 95.7692 
UAV_SEQS_45 | mAP50:90: 90.8314 | AP50: 100.0000 | AP70: 93.4798 
UAV_SEQS_47 | mAP50:90: 97.2001 | AP50: 100.0000 | AP70: 100.0000 
UAV_SEQS_55 | mAP50:90: 43.2464 | AP50: 63.2360 | AP70: 46.1842 
UAV_SEQS_59 | mAP50:90: 68.0379 | AP50: 93.3069 | AP70: 77.0770 
UAV_SEQS_6 | mAP50:90: 55.0548 | AP50: 79.7040 | AP70: 57.7191 
UAV_SEQS_63 | mAP50:90: 40.3251 | AP50: 91.4409 | AP70: 32.4384 
UAV_SEQS_65 | mAP50:90: 82.0318 | AP50: 97.6616 | AP70: 91.1574 
UAV_SEQS_7 | mAP50:90: 74.6836 | AP50: 100.0000 | AP70: 80.2436 
UAV_SEQS_71 | mAP50:90: 78.4434 | AP50: 97.8694 | AP70: 91.1243 
UAV_SEQS_73 | mAP50:90: 67.8697 | AP50: 87.3865 | AP70: 77.8769 
UAV_SEQS_74 | mAP50:90: 98.5377 | AP50: 100.0000 | AP70: 100.0000 
UAV_SEQS_77 | mAP50:90: 47.0545 | AP50: 57.3809 | AP70: 50.7833 
UAV_SEQS_8 | mAP50:90: 85.6955 | AP50: 98.3498 | AP70: 92.8383 
Overall            | mAP50:95: 70.7950 | AP50: 88.1306 | AP70: 75.1247 
epoch 32, iter    1: loss: 0.0000 | load time: 0.0059 | back time: 0.3857 | lr: 0.00004739 | best AP50 acc: 0.8832 | best AP70 acc: 0.7690 | best mAP acc: 0.7182 | best mAR acc: 0.7852 | best Score: 0.7182 | best Score epoch: 27 
epoch 32, iter   51: loss: 0.0000 | load time: 0.0001 | back time: 0.8462 | lr: 0.00004725 | best AP50 acc: 0.8832 | best AP70 acc: 0.7690 | best mAP acc: 0.7182 | best mAR acc: 0.7852 | best Score: 0.7182 | best Score epoch: 27 
epoch 32, iter  101: loss: 0.0000 | load time: 0.0003 | back time: 0.8539 | lr: 0.00004712 | best AP50 acc: 0.8832 | best AP70 acc: 0.7690 | best mAP acc: 0.7182 | best mAR acc: 0.7852 | best Score: 0.7182 | best Score epoch: 27 
epoch 32, iter  151: loss: 0.0000 | load time: 0.0001 | back time: 0.8542 | lr: 0.00004699 | best AP50 acc: 0.8832 | best AP70 acc: 0.7690 | best mAP acc: 0.7182 | best mAR acc: 0.7852 | best Score: 0.7182 | best Score epoch: 27 
epoch 32, iter  201: loss: 0.0001 | load time: 0.0001 | back time: 0.8563 | lr: 0.00004685 | best AP50 acc: 0.8832 | best AP70 acc: 0.7690 | best mAP acc: 0.7182 | best mAR acc: 0.7852 | best Score: 0.7182 | best Score epoch: 27 
epoch 32, iter  251: loss: 0.0000 | load time: 0.0002 | back time: 0.8596 | lr: 0.00004672 | best AP50 acc: 0.8832 | best AP70 acc: 0.7690 | best mAP acc: 0.7182 | best mAR acc: 0.7852 | best Score: 0.7182 | best Score epoch: 27 
epoch 32, iter  301: loss: 0.0000 | load time: 0.0002 | back time: 0.8519 | lr: 0.00004658 | best AP50 acc: 0.8832 | best AP70 acc: 0.7690 | best mAP acc: 0.7182 | best mAR acc: 0.7852 | best Score: 0.7182 | best Score epoch: 27 
epoch 32, iter  351: loss: 0.0000 | load time: 0.0002 | back time: 0.8560 | lr: 0.00004645 | best AP50 acc: 0.8832 | best AP70 acc: 0.7690 | best mAP acc: 0.7182 | best mAR acc: 0.7852 | best Score: 0.7182 | best Score epoch: 27 
epoch 32, iter  401: loss: 0.0000 | load time: 0.0002 | back time: 0.8559 | lr: 0.00004631 | best AP50 acc: 0.8832 | best AP70 acc: 0.7690 | best mAP acc: 0.7182 | best mAR acc: 0.7852 | best Score: 0.7182 | best Score epoch: 27 
epoch 32, iter  451: loss: 0.0000 | load time: 0.0002 | back time: 0.8556 | lr: 0.00004618 | best AP50 acc: 0.8832 | best AP70 acc: 0.7690 | best mAP acc: 0.7182 | best mAR acc: 0.7852 | best Score: 0.7182 | best Score epoch: 27 
epoch 32, iter  501: loss: 0.0000 | load time: 0.0001 | back time: 0.8562 | lr: 0.00004604 | best AP50 acc: 0.8832 | best AP70 acc: 0.7690 | best mAP acc: 0.7182 | best mAR acc: 0.7852 | best Score: 0.7182 | best Score epoch: 27 
epoch 32, iter  551: loss: 0.0000 | load time: 0.0002 | back time: 0.8581 | lr: 0.00004591 | best AP50 acc: 0.8832 | best AP70 acc: 0.7690 | best mAP acc: 0.7182 | best mAR acc: 0.7852 | best Score: 0.7182 | best Score epoch: 27 
epoch 32, iter  601: loss: 0.0000 | load time: 0.0002 | back time: 0.8548 | lr: 0.00004577 | best AP50 acc: 0.8832 | best AP70 acc: 0.7690 | best mAP acc: 0.7182 | best mAR acc: 0.7852 | best Score: 0.7182 | best Score epoch: 27 
epoch 32, iter  651: loss: 0.0000 | load time: 0.0002 | back time: 0.8637 | lr: 0.00004564 | best AP50 acc: 0.8832 | best AP70 acc: 0.7690 | best mAP acc: 0.7182 | best mAR acc: 0.7852 | best Score: 0.7182 | best Score epoch: 27 
epoch 32, iter  701: loss: 0.0000 | load time: 0.0003 | back time: 0.8597 | lr: 0.00004551 | best AP50 acc: 0.8832 | best AP70 acc: 0.7690 | best mAP acc: 0.7182 | best mAR acc: 0.7852 | best Score: 0.7182 | best Score epoch: 27 
epoch 32, iter  751: loss: 0.0000 | load time: 0.0002 | back time: 0.8555 | lr: 0.00004537 | best AP50 acc: 0.8832 | best AP70 acc: 0.7690 | best mAP acc: 0.7182 | best mAR acc: 0.7852 | best Score: 0.7182 | best Score epoch: 27 
epoch 32, iter  801: loss: 0.0000 | load time: 0.0002 | back time: 0.8559 | lr: 0.00004524 | best AP50 acc: 0.8832 | best AP70 acc: 0.7690 | best mAP acc: 0.7182 | best mAR acc: 0.7852 | best Score: 0.7182 | best Score epoch: 27 
epoch 32, iter  851: loss: 0.0000 | load time: 0.0002 | back time: 0.8554 | lr: 0.00004510 | best AP50 acc: 0.8832 | best AP70 acc: 0.7690 | best mAP acc: 0.7182 | best mAR acc: 0.7852 | best Score: 0.7182 | best Score epoch: 27 
epoch 32, iter  901: loss: 0.0000 | load time: 0.0002 | back time: 0.8542 | lr: 0.00004497 | best AP50 acc: 0.8832 | best AP70 acc: 0.7690 | best mAP acc: 0.7182 | best mAR acc: 0.7852 | best Score: 0.7182 | best Score epoch: 27 
epoch 32, iter  951: loss: 0.0000 | load time: 0.0002 | back time: 0.8541 | lr: 0.00004483 | best AP50 acc: 0.8832 | best AP70 acc: 0.7690 | best mAP acc: 0.7182 | best mAR acc: 0.7852 | best Score: 0.7182 | best Score epoch: 27 
epoch 32, iter 1001: loss: 0.0000 | load time: 0.0003 | back time: 0.8581 | lr: 0.00004470 | best AP50 acc: 0.8832 | best AP70 acc: 0.7690 | best mAP acc: 0.7182 | best mAR acc: 0.7852 | best Score: 0.7182 | best Score epoch: 27 
epoch 32, iter 1051: loss: 0.0000 | load time: 0.0003 | back time: 0.8540 | lr: 0.00004457 | best AP50 acc: 0.8832 | best AP70 acc: 0.7690 | best mAP acc: 0.7182 | best mAR acc: 0.7852 | best Score: 0.7182 | best Score epoch: 27 
epoch 32, iter 1101: loss: 0.0001 | load time: 0.0002 | back time: 0.8552 | lr: 0.00004443 | best AP50 acc: 0.8832 | best AP70 acc: 0.7690 | best mAP acc: 0.7182 | best mAR acc: 0.7852 | best Score: 0.7182 | best Score epoch: 27 
epoch 32, iter 1151: loss: 0.0000 | load time: 0.0004 | back time: 0.8548 | lr: 0.00004430 | best AP50 acc: 0.8832 | best AP70 acc: 0.7690 | best mAP acc: 0.7182 | best mAR acc: 0.7852 | best Score: 0.7182 | best Score epoch: 27 
UAV_SEQS_2 | mAP50:90: 27.7527 | AP50: 50.8029 | AP70: 25.3109 
UAV_SEQS_37 | mAP50:90: 96.9475 | AP50: 100.0000 | AP70: 98.9241 
UAV_SEQS_45 | mAP50:90: 91.2200 | AP50: 100.0000 | AP70: 95.1456 
UAV_SEQS_47 | mAP50:90: 98.3998 | AP50: 100.0000 | AP70: 100.0000 
UAV_SEQS_55 | mAP50:90: 43.6929 | AP50: 62.3022 | AP70: 46.2498 
UAV_SEQS_59 | mAP50:90: 66.0823 | AP50: 93.2659 | AP70: 72.8232 
UAV_SEQS_6 | mAP50:90: 60.1802 | AP50: 88.4467 | AP70: 60.5721 
UAV_SEQS_63 | mAP50:90: 36.5304 | AP50: 87.9392 | AP70: 27.4620 
UAV_SEQS_65 | mAP50:90: 79.6052 | AP50: 97.5863 | AP70: 90.1018 
UAV_SEQS_7 | mAP50:90: 79.5727 | AP50: 100.0000 | AP70: 89.4908 
UAV_SEQS_71 | mAP50:90: 76.0271 | AP50: 97.6251 | AP70: 85.5662 
UAV_SEQS_73 | mAP50:90: 67.9710 | AP50: 84.7381 | AP70: 77.8713 
UAV_SEQS_74 | mAP50:90: 98.3179 | AP50: 100.0000 | AP70: 100.0000 
UAV_SEQS_77 | mAP50:90: 39.5609 | AP50: 46.4557 | AP70: 41.1524 
UAV_SEQS_8 | mAP50:90: 89.3152 | AP50: 100.0000 | AP70: 94.1188 
Overall            | mAP50:95: 71.2699 | AP50: 88.3229 | AP70: 75.6929 
epoch 33, iter    1: loss: 0.0000 | load time: 0.0055 | back time: 0.4752 | lr: 0.00004429 | best AP50 acc: 0.8832 | best AP70 acc: 0.7690 | best mAP acc: 0.7182 | best mAR acc: 0.7852 | best Score: 0.7182 | best Score epoch: 27 
epoch 33, iter   51: loss: 0.0000 | load time: 0.0002 | back time: 0.8484 | lr: 0.00004416 | best AP50 acc: 0.8832 | best AP70 acc: 0.7690 | best mAP acc: 0.7182 | best mAR acc: 0.7852 | best Score: 0.7182 | best Score epoch: 27 
epoch 33, iter  101: loss: 0.0000 | load time: 0.0002 | back time: 0.8527 | lr: 0.00004403 | best AP50 acc: 0.8832 | best AP70 acc: 0.7690 | best mAP acc: 0.7182 | best mAR acc: 0.7852 | best Score: 0.7182 | best Score epoch: 27 
epoch 33, iter  151: loss: 0.0000 | load time: 0.0003 | back time: 0.8567 | lr: 0.00004389 | best AP50 acc: 0.8832 | best AP70 acc: 0.7690 | best mAP acc: 0.7182 | best mAR acc: 0.7852 | best Score: 0.7182 | best Score epoch: 27 
epoch 33, iter  201: loss: 0.0001 | load time: 0.0002 | back time: 0.8540 | lr: 0.00004376 | best AP50 acc: 0.8832 | best AP70 acc: 0.7690 | best mAP acc: 0.7182 | best mAR acc: 0.7852 | best Score: 0.7182 | best Score epoch: 27 
epoch 33, iter  251: loss: 0.0000 | load time: 0.0001 | back time: 0.8562 | lr: 0.00004362 | best AP50 acc: 0.8832 | best AP70 acc: 0.7690 | best mAP acc: 0.7182 | best mAR acc: 0.7852 | best Score: 0.7182 | best Score epoch: 27 
epoch 33, iter  301: loss: 0.0001 | load time: 0.0003 | back time: 0.8565 | lr: 0.00004349 | best AP50 acc: 0.8832 | best AP70 acc: 0.7690 | best mAP acc: 0.7182 | best mAR acc: 0.7852 | best Score: 0.7182 | best Score epoch: 27 
epoch 33, iter  351: loss: 0.0000 | load time: 0.0002 | back time: 0.8563 | lr: 0.00004336 | best AP50 acc: 0.8832 | best AP70 acc: 0.7690 | best mAP acc: 0.7182 | best mAR acc: 0.7852 | best Score: 0.7182 | best Score epoch: 27 
epoch 33, iter  401: loss: 0.0000 | load time: 0.0001 | back time: 0.8544 | lr: 0.00004322 | best AP50 acc: 0.8832 | best AP70 acc: 0.7690 | best mAP acc: 0.7182 | best mAR acc: 0.7852 | best Score: 0.7182 | best Score epoch: 27 
epoch 33, iter  451: loss: 0.0000 | load time: 0.0002 | back time: 0.8557 | lr: 0.00004309 | best AP50 acc: 0.8832 | best AP70 acc: 0.7690 | best mAP acc: 0.7182 | best mAR acc: 0.7852 | best Score: 0.7182 | best Score epoch: 27 
epoch 33, iter  501: loss: 0.0000 | load time: 0.0002 | back time: 0.8523 | lr: 0.00004296 | best AP50 acc: 0.8832 | best AP70 acc: 0.7690 | best mAP acc: 0.7182 | best mAR acc: 0.7852 | best Score: 0.7182 | best Score epoch: 27 
epoch 33, iter  551: loss: 0.0000 | load time: 0.0002 | back time: 0.8550 | lr: 0.00004282 | best AP50 acc: 0.8832 | best AP70 acc: 0.7690 | best mAP acc: 0.7182 | best mAR acc: 0.7852 | best Score: 0.7182 | best Score epoch: 27 
epoch 33, iter  601: loss: 0.0001 | load time: 0.0002 | back time: 0.8557 | lr: 0.00004269 | best AP50 acc: 0.8832 | best AP70 acc: 0.7690 | best mAP acc: 0.7182 | best mAR acc: 0.7852 | best Score: 0.7182 | best Score epoch: 27 
epoch 33, iter  651: loss: 0.0000 | load time: 0.0002 | back time: 0.8534 | lr: 0.00004256 | best AP50 acc: 0.8832 | best AP70 acc: 0.7690 | best mAP acc: 0.7182 | best mAR acc: 0.7852 | best Score: 0.7182 | best Score epoch: 27 
epoch 33, iter  701: loss: 0.0000 | load time: 0.0001 | back time: 0.8594 | lr: 0.00004242 | best AP50 acc: 0.8832 | best AP70 acc: 0.7690 | best mAP acc: 0.7182 | best mAR acc: 0.7852 | best Score: 0.7182 | best Score epoch: 27 
epoch 33, iter  751: loss: 0.0000 | load time: 0.0002 | back time: 0.8562 | lr: 0.00004229 | best AP50 acc: 0.8832 | best AP70 acc: 0.7690 | best mAP acc: 0.7182 | best mAR acc: 0.7852 | best Score: 0.7182 | best Score epoch: 27 
epoch 33, iter  801: loss: 0.0000 | load time: 0.0002 | back time: 0.8570 | lr: 0.00004216 | best AP50 acc: 0.8832 | best AP70 acc: 0.7690 | best mAP acc: 0.7182 | best mAR acc: 0.7852 | best Score: 0.7182 | best Score epoch: 27 
epoch 33, iter  851: loss: 0.0000 | load time: 0.0003 | back time: 0.8569 | lr: 0.00004202 | best AP50 acc: 0.8832 | best AP70 acc: 0.7690 | best mAP acc: 0.7182 | best mAR acc: 0.7852 | best Score: 0.7182 | best Score epoch: 27 
epoch 33, iter  901: loss: 0.0000 | load time: 0.0002 | back time: 0.8561 | lr: 0.00004189 | best AP50 acc: 0.8832 | best AP70 acc: 0.7690 | best mAP acc: 0.7182 | best mAR acc: 0.7852 | best Score: 0.7182 | best Score epoch: 27 
epoch 33, iter  951: loss: 0.0000 | load time: 0.0003 | back time: 0.8567 | lr: 0.00004176 | best AP50 acc: 0.8832 | best AP70 acc: 0.7690 | best mAP acc: 0.7182 | best mAR acc: 0.7852 | best Score: 0.7182 | best Score epoch: 27 
epoch 33, iter 1001: loss: 0.0000 | load time: 0.0002 | back time: 0.8570 | lr: 0.00004163 | best AP50 acc: 0.8832 | best AP70 acc: 0.7690 | best mAP acc: 0.7182 | best mAR acc: 0.7852 | best Score: 0.7182 | best Score epoch: 27 
epoch 33, iter 1051: loss: 0.0000 | load time: 0.0002 | back time: 0.8534 | lr: 0.00004149 | best AP50 acc: 0.8832 | best AP70 acc: 0.7690 | best mAP acc: 0.7182 | best mAR acc: 0.7852 | best Score: 0.7182 | best Score epoch: 27 
epoch 33, iter 1101: loss: 0.0000 | load time: 0.0002 | back time: 0.8767 | lr: 0.00004136 | best AP50 acc: 0.8832 | best AP70 acc: 0.7690 | best mAP acc: 0.7182 | best mAR acc: 0.7852 | best Score: 0.7182 | best Score epoch: 27 
epoch 33, iter 1151: loss: 0.0000 | load time: 0.0002 | back time: 0.8525 | lr: 0.00004123 | best AP50 acc: 0.8832 | best AP70 acc: 0.7690 | best mAP acc: 0.7182 | best mAR acc: 0.7852 | best Score: 0.7182 | best Score epoch: 27 
UAV_SEQS_2 | mAP50:90: 24.1891 | AP50: 44.7858 | AP70: 24.1370 
UAV_SEQS_37 | mAP50:90: 94.8867 | AP50: 100.0000 | AP70: 97.4248 
UAV_SEQS_45 | mAP50:90: 92.6413 | AP50: 100.0000 | AP70: 95.7805 
UAV_SEQS_47 | mAP50:90: 98.3423 | AP50: 100.0000 | AP70: 100.0000 
UAV_SEQS_55 | mAP50:90: 43.7727 | AP50: 62.1238 | AP70: 46.8153 
UAV_SEQS_59 | mAP50:90: 67.0469 | AP50: 93.2710 | AP70: 75.2548 
UAV_SEQS_6 | mAP50:90: 46.7751 | AP50: 66.5268 | AP70: 48.2081 
UAV_SEQS_63 | mAP50:90: 47.3143 | AP50: 97.0868 | AP70: 41.0592 
UAV_SEQS_65 | mAP50:90: 80.7753 | AP50: 97.4277 | AP70: 90.4273 
UAV_SEQS_7 | mAP50:90: 73.9483 | AP50: 100.0000 | AP70: 79.8368 
UAV_SEQS_71 | mAP50:90: 77.0842 | AP50: 98.9900 | AP70: 89.3305 
UAV_SEQS_73 | mAP50:90: 70.5939 | AP50: 87.5303 | AP70: 78.9961 
UAV_SEQS_74 | mAP50:90: 97.5956 | AP50: 99.7668 | AP70: 99.7668 
UAV_SEQS_77 | mAP50:90: 49.1448 | AP50: 57.2538 | AP70: 54.0568 
UAV_SEQS_8 | mAP50:90: 82.1930 | AP50: 98.0693 | AP70: 88.4083 
Overall            | mAP50:95: 70.6275 | AP50: 87.6472 | AP70: 74.8603 
epoch 34, iter    1: loss: 0.0000 | load time: 0.0039 | back time: 0.4700 | lr: 0.00004122 | best AP50 acc: 0.8832 | best AP70 acc: 0.7690 | best mAP acc: 0.7182 | best mAR acc: 0.7852 | best Score: 0.7182 | best Score epoch: 27 
epoch 34, iter   51: loss: 0.0000 | load time: 0.0002 | back time: 0.8476 | lr: 0.00004109 | best AP50 acc: 0.8832 | best AP70 acc: 0.7690 | best mAP acc: 0.7182 | best mAR acc: 0.7852 | best Score: 0.7182 | best Score epoch: 27 
epoch 34, iter  101: loss: 0.0000 | load time: 0.0002 | back time: 0.8536 | lr: 0.00004096 | best AP50 acc: 0.8832 | best AP70 acc: 0.7690 | best mAP acc: 0.7182 | best mAR acc: 0.7852 | best Score: 0.7182 | best Score epoch: 27 
epoch 34, iter  151: loss: 0.0000 | load time: 0.0002 | back time: 0.8556 | lr: 0.00004082 | best AP50 acc: 0.8832 | best AP70 acc: 0.7690 | best mAP acc: 0.7182 | best mAR acc: 0.7852 | best Score: 0.7182 | best Score epoch: 27 
epoch 34, iter  201: loss: 0.0000 | load time: 0.0002 | back time: 0.8535 | lr: 0.00004069 | best AP50 acc: 0.8832 | best AP70 acc: 0.7690 | best mAP acc: 0.7182 | best mAR acc: 0.7852 | best Score: 0.7182 | best Score epoch: 27 
epoch 34, iter  251: loss: 0.0000 | load time: 0.0002 | back time: 0.8566 | lr: 0.00004056 | best AP50 acc: 0.8832 | best AP70 acc: 0.7690 | best mAP acc: 0.7182 | best mAR acc: 0.7852 | best Score: 0.7182 | best Score epoch: 27 
epoch 34, iter  301: loss: 0.0000 | load time: 0.0003 | back time: 0.8566 | lr: 0.00004043 | best AP50 acc: 0.8832 | best AP70 acc: 0.7690 | best mAP acc: 0.7182 | best mAR acc: 0.7852 | best Score: 0.7182 | best Score epoch: 27 
epoch 34, iter  351: loss: 0.0000 | load time: 0.0003 | back time: 0.8553 | lr: 0.00004030 | best AP50 acc: 0.8832 | best AP70 acc: 0.7690 | best mAP acc: 0.7182 | best mAR acc: 0.7852 | best Score: 0.7182 | best Score epoch: 27 
epoch 34, iter  401: loss: 0.0000 | load time: 0.0001 | back time: 0.8563 | lr: 0.00004016 | best AP50 acc: 0.8832 | best AP70 acc: 0.7690 | best mAP acc: 0.7182 | best mAR acc: 0.7852 | best Score: 0.7182 | best Score epoch: 27 
epoch 34, iter  451: loss: 0.0000 | load time: 0.0002 | back time: 0.8566 | lr: 0.00004003 | best AP50 acc: 0.8832 | best AP70 acc: 0.7690 | best mAP acc: 0.7182 | best mAR acc: 0.7852 | best Score: 0.7182 | best Score epoch: 27 
epoch 34, iter  501: loss: 0.0000 | load time: 0.0002 | back time: 0.8533 | lr: 0.00003990 | best AP50 acc: 0.8832 | best AP70 acc: 0.7690 | best mAP acc: 0.7182 | best mAR acc: 0.7852 | best Score: 0.7182 | best Score epoch: 27 
epoch 34, iter  551: loss: 0.0000 | load time: 0.0002 | back time: 0.8559 | lr: 0.00003977 | best AP50 acc: 0.8832 | best AP70 acc: 0.7690 | best mAP acc: 0.7182 | best mAR acc: 0.7852 | best Score: 0.7182 | best Score epoch: 27 
epoch 34, iter  601: loss: 0.0000 | load time: 0.0002 | back time: 0.8551 | lr: 0.00003964 | best AP50 acc: 0.8832 | best AP70 acc: 0.7690 | best mAP acc: 0.7182 | best mAR acc: 0.7852 | best Score: 0.7182 | best Score epoch: 27 
epoch 34, iter  651: loss: 0.0000 | load time: 0.0002 | back time: 0.8528 | lr: 0.00003950 | best AP50 acc: 0.8832 | best AP70 acc: 0.7690 | best mAP acc: 0.7182 | best mAR acc: 0.7852 | best Score: 0.7182 | best Score epoch: 27 
epoch 34, iter  701: loss: 0.0000 | load time: 0.0003 | back time: 0.8548 | lr: 0.00003937 | best AP50 acc: 0.8832 | best AP70 acc: 0.7690 | best mAP acc: 0.7182 | best mAR acc: 0.7852 | best Score: 0.7182 | best Score epoch: 27 
epoch 34, iter  751: loss: 0.0000 | load time: 0.0001 | back time: 0.8549 | lr: 0.00003924 | best AP50 acc: 0.8832 | best AP70 acc: 0.7690 | best mAP acc: 0.7182 | best mAR acc: 0.7852 | best Score: 0.7182 | best Score epoch: 27 
epoch 34, iter  801: loss: 0.0000 | load time: 0.0001 | back time: 0.8533 | lr: 0.00003911 | best AP50 acc: 0.8832 | best AP70 acc: 0.7690 | best mAP acc: 0.7182 | best mAR acc: 0.7852 | best Score: 0.7182 | best Score epoch: 27 
epoch 34, iter  851: loss: 0.0000 | load time: 0.0002 | back time: 0.8540 | lr: 0.00003898 | best AP50 acc: 0.8832 | best AP70 acc: 0.7690 | best mAP acc: 0.7182 | best mAR acc: 0.7852 | best Score: 0.7182 | best Score epoch: 27 
epoch 34, iter  901: loss: 0.0001 | load time: 0.0001 | back time: 0.8555 | lr: 0.00003885 | best AP50 acc: 0.8832 | best AP70 acc: 0.7690 | best mAP acc: 0.7182 | best mAR acc: 0.7852 | best Score: 0.7182 | best Score epoch: 27 
epoch 34, iter  951: loss: 0.0000 | load time: 0.0002 | back time: 0.8580 | lr: 0.00003872 | best AP50 acc: 0.8832 | best AP70 acc: 0.7690 | best mAP acc: 0.7182 | best mAR acc: 0.7852 | best Score: 0.7182 | best Score epoch: 27 
epoch 34, iter 1001: loss: 0.0000 | load time: 0.0002 | back time: 0.8558 | lr: 0.00003859 | best AP50 acc: 0.8832 | best AP70 acc: 0.7690 | best mAP acc: 0.7182 | best mAR acc: 0.7852 | best Score: 0.7182 | best Score epoch: 27 
epoch 34, iter 1051: loss: 0.0003 | load time: 0.0001 | back time: 0.8570 | lr: 0.00003845 | best AP50 acc: 0.8832 | best AP70 acc: 0.7690 | best mAP acc: 0.7182 | best mAR acc: 0.7852 | best Score: 0.7182 | best Score epoch: 27 
epoch 34, iter 1101: loss: 0.0000 | load time: 0.0002 | back time: 0.8561 | lr: 0.00003832 | best AP50 acc: 0.8832 | best AP70 acc: 0.7690 | best mAP acc: 0.7182 | best mAR acc: 0.7852 | best Score: 0.7182 | best Score epoch: 27 
epoch 34, iter 1151: loss: 0.0000 | load time: 0.0001 | back time: 0.8564 | lr: 0.00003819 | best AP50 acc: 0.8832 | best AP70 acc: 0.7690 | best mAP acc: 0.7182 | best mAR acc: 0.7852 | best Score: 0.7182 | best Score epoch: 27 
UAV_SEQS_2 | mAP50:90: 25.9390 | AP50: 49.1364 | AP70: 22.2537 
UAV_SEQS_37 | mAP50:90: 94.5285 | AP50: 100.0000 | AP70: 97.5862 
UAV_SEQS_45 | mAP50:90: 93.2367 | AP50: 100.0000 | AP70: 97.4072 
UAV_SEQS_47 | mAP50:90: 98.4398 | AP50: 100.0000 | AP70: 100.0000 
UAV_SEQS_55 | mAP50:90: 42.8071 | AP50: 60.1710 | AP70: 47.3881 
UAV_SEQS_59 | mAP50:90: 67.0211 | AP50: 93.1601 | AP70: 75.1766 
UAV_SEQS_6 | mAP50:90: 53.3540 | AP50: 71.8026 | AP70: 54.9004 
UAV_SEQS_63 | mAP50:90: 31.2368 | AP50: 81.1580 | AP70: 20.4488 
UAV_SEQS_65 | mAP50:90: 78.2745 | AP50: 97.5725 | AP70: 90.7850 
UAV_SEQS_7 | mAP50:90: 71.3051 | AP50: 100.0000 | AP70: 79.0160 
UAV_SEQS_71 | mAP50:90: 74.9596 | AP50: 97.7269 | AP70: 84.7731 
UAV_SEQS_73 | mAP50:90: 67.3706 | AP50: 84.9623 | AP70: 75.1106 
UAV_SEQS_74 | mAP50:90: 97.1924 | AP50: 99.5963 | AP70: 99.5963 
UAV_SEQS_77 | mAP50:90: 47.0440 | AP50: 57.3338 | AP70: 49.4940 
UAV_SEQS_8 | mAP50:90: 85.2017 | AP50: 100.0000 | AP70: 92.5181 
Overall            | mAP50:95: 69.5845 | AP50: 87.8758 | AP70: 73.9568 
epoch 35, iter    1: loss: 0.0000 | load time: 0.0041 | back time: 0.5247 | lr: 0.00003819 | best AP50 acc: 0.8832 | best AP70 acc: 0.7690 | best mAP acc: 0.7182 | best mAR acc: 0.7852 | best Score: 0.7182 | best Score epoch: 27 
epoch 35, iter   51: loss: 0.0000 | load time: 0.0002 | back time: 0.8438 | lr: 0.00003806 | best AP50 acc: 0.8832 | best AP70 acc: 0.7690 | best mAP acc: 0.7182 | best mAR acc: 0.7852 | best Score: 0.7182 | best Score epoch: 27 
epoch 35, iter  101: loss: 0.0000 | load time: 0.0002 | back time: 0.8542 | lr: 0.00003793 | best AP50 acc: 0.8832 | best AP70 acc: 0.7690 | best mAP acc: 0.7182 | best mAR acc: 0.7852 | best Score: 0.7182 | best Score epoch: 27 
epoch 35, iter  151: loss: 0.0000 | load time: 0.0002 | back time: 0.8535 | lr: 0.00003780 | best AP50 acc: 0.8832 | best AP70 acc: 0.7690 | best mAP acc: 0.7182 | best mAR acc: 0.7852 | best Score: 0.7182 | best Score epoch: 27 
epoch 35, iter  201: loss: 0.0000 | load time: 0.0003 | back time: 0.8545 | lr: 0.00003766 | best AP50 acc: 0.8832 | best AP70 acc: 0.7690 | best mAP acc: 0.7182 | best mAR acc: 0.7852 | best Score: 0.7182 | best Score epoch: 27 
epoch 35, iter  251: loss: 0.0001 | load time: 0.0002 | back time: 0.8355 | lr: 0.00003753 | best AP50 acc: 0.8832 | best AP70 acc: 0.7690 | best mAP acc: 0.7182 | best mAR acc: 0.7852 | best Score: 0.7182 | best Score epoch: 27 
epoch 35, iter  301: loss: 0.0000 | load time: 0.0002 | back time: 0.8541 | lr: 0.00003740 | best AP50 acc: 0.8832 | best AP70 acc: 0.7690 | best mAP acc: 0.7182 | best mAR acc: 0.7852 | best Score: 0.7182 | best Score epoch: 27 
epoch 35, iter  351: loss: 0.0000 | load time: 0.0002 | back time: 0.8558 | lr: 0.00003727 | best AP50 acc: 0.8832 | best AP70 acc: 0.7690 | best mAP acc: 0.7182 | best mAR acc: 0.7852 | best Score: 0.7182 | best Score epoch: 27 
epoch 35, iter  401: loss: 0.0000 | load time: 0.0001 | back time: 0.8611 | lr: 0.00003714 | best AP50 acc: 0.8832 | best AP70 acc: 0.7690 | best mAP acc: 0.7182 | best mAR acc: 0.7852 | best Score: 0.7182 | best Score epoch: 27 
epoch 35, iter  451: loss: 0.0000 | load time: 0.0002 | back time: 0.8602 | lr: 0.00003701 | best AP50 acc: 0.8832 | best AP70 acc: 0.7690 | best mAP acc: 0.7182 | best mAR acc: 0.7852 | best Score: 0.7182 | best Score epoch: 27 
epoch 35, iter  501: loss: 0.0000 | load time: 0.0002 | back time: 0.8566 | lr: 0.00003688 | best AP50 acc: 0.8832 | best AP70 acc: 0.7690 | best mAP acc: 0.7182 | best mAR acc: 0.7852 | best Score: 0.7182 | best Score epoch: 27 
epoch 35, iter  551: loss: 0.0000 | load time: 0.0001 | back time: 0.8531 | lr: 0.00003675 | best AP50 acc: 0.8832 | best AP70 acc: 0.7690 | best mAP acc: 0.7182 | best mAR acc: 0.7852 | best Score: 0.7182 | best Score epoch: 27 
epoch 35, iter  601: loss: 0.0000 | load time: 0.0003 | back time: 0.8548 | lr: 0.00003663 | best AP50 acc: 0.8832 | best AP70 acc: 0.7690 | best mAP acc: 0.7182 | best mAR acc: 0.7852 | best Score: 0.7182 | best Score epoch: 27 
epoch 35, iter  651: loss: 0.0000 | load time: 0.0003 | back time: 0.8558 | lr: 0.00003650 | best AP50 acc: 0.8832 | best AP70 acc: 0.7690 | best mAP acc: 0.7182 | best mAR acc: 0.7852 | best Score: 0.7182 | best Score epoch: 27 
epoch 35, iter  701: loss: 0.0000 | load time: 0.0003 | back time: 0.8536 | lr: 0.00003637 | best AP50 acc: 0.8832 | best AP70 acc: 0.7690 | best mAP acc: 0.7182 | best mAR acc: 0.7852 | best Score: 0.7182 | best Score epoch: 27 
epoch 35, iter  751: loss: 0.0000 | load time: 0.0002 | back time: 0.8548 | lr: 0.00003624 | best AP50 acc: 0.8832 | best AP70 acc: 0.7690 | best mAP acc: 0.7182 | best mAR acc: 0.7852 | best Score: 0.7182 | best Score epoch: 27 
epoch 35, iter  801: loss: 0.0000 | load time: 0.0003 | back time: 0.8559 | lr: 0.00003611 | best AP50 acc: 0.8832 | best AP70 acc: 0.7690 | best mAP acc: 0.7182 | best mAR acc: 0.7852 | best Score: 0.7182 | best Score epoch: 27 
epoch 35, iter  851: loss: 0.0000 | load time: 0.0001 | back time: 0.8546 | lr: 0.00003598 | best AP50 acc: 0.8832 | best AP70 acc: 0.7690 | best mAP acc: 0.7182 | best mAR acc: 0.7852 | best Score: 0.7182 | best Score epoch: 27 
epoch 35, iter  901: loss: 0.0000 | load time: 0.0003 | back time: 0.8557 | lr: 0.00003585 | best AP50 acc: 0.8832 | best AP70 acc: 0.7690 | best mAP acc: 0.7182 | best mAR acc: 0.7852 | best Score: 0.7182 | best Score epoch: 27 
epoch 35, iter  951: loss: 0.0000 | load time: 0.0002 | back time: 0.8556 | lr: 0.00003572 | best AP50 acc: 0.8832 | best AP70 acc: 0.7690 | best mAP acc: 0.7182 | best mAR acc: 0.7852 | best Score: 0.7182 | best Score epoch: 27 
epoch 35, iter 1001: loss: 0.0000 | load time: 0.0002 | back time: 0.8531 | lr: 0.00003559 | best AP50 acc: 0.8832 | best AP70 acc: 0.7690 | best mAP acc: 0.7182 | best mAR acc: 0.7852 | best Score: 0.7182 | best Score epoch: 27 
epoch 35, iter 1051: loss: 0.0000 | load time: 0.0001 | back time: 0.8568 | lr: 0.00003546 | best AP50 acc: 0.8832 | best AP70 acc: 0.7690 | best mAP acc: 0.7182 | best mAR acc: 0.7852 | best Score: 0.7182 | best Score epoch: 27 
epoch 35, iter 1101: loss: 0.0000 | load time: 0.0002 | back time: 0.8608 | lr: 0.00003533 | best AP50 acc: 0.8832 | best AP70 acc: 0.7690 | best mAP acc: 0.7182 | best mAR acc: 0.7852 | best Score: 0.7182 | best Score epoch: 27 
epoch 35, iter 1151: loss: 0.0000 | load time: 0.0001 | back time: 0.8563 | lr: 0.00003521 | best AP50 acc: 0.8832 | best AP70 acc: 0.7690 | best mAP acc: 0.7182 | best mAR acc: 0.7852 | best Score: 0.7182 | best Score epoch: 27 
UAV_SEQS_2 | mAP50:90: 28.5964 | AP50: 53.1080 | AP70: 25.3397 
UAV_SEQS_37 | mAP50:90: 94.8298 | AP50: 100.0000 | AP70: 97.5054 
UAV_SEQS_45 | mAP50:90: 93.3804 | AP50: 100.0000 | AP70: 97.2616 
UAV_SEQS_47 | mAP50:90: 98.6671 | AP50: 100.0000 | AP70: 100.0000 
UAV_SEQS_55 | mAP50:90: 43.3661 | AP50: 63.0922 | AP70: 46.4253 
UAV_SEQS_59 | mAP50:90: 68.1824 | AP50: 93.2777 | AP70: 76.8079 
UAV_SEQS_6 | mAP50:90: 54.2784 | AP50: 72.6157 | AP70: 55.3615 
UAV_SEQS_63 | mAP50:90: 37.3599 | AP50: 85.6373 | AP70: 28.5427 
UAV_SEQS_65 | mAP50:90: 77.3192 | AP50: 97.5973 | AP70: 90.1600 
UAV_SEQS_7 | mAP50:90: 75.8547 | AP50: 100.0000 | AP70: 83.4112 
UAV_SEQS_71 | mAP50:90: 77.9790 | AP50: 98.9700 | AP70: 87.3387 
UAV_SEQS_73 | mAP50:90: 65.8121 | AP50: 86.0413 | AP70: 74.3679 
UAV_SEQS_74 | mAP50:90: 97.3760 | AP50: 99.9122 | AP70: 98.9540 
UAV_SEQS_77 | mAP50:90: 46.8126 | AP50: 56.1144 | AP70: 50.4030 
UAV_SEQS_8 | mAP50:90: 81.3620 | AP50: 98.6931 | AP70: 86.8647 
Overall            | mAP50:95: 70.3861 | AP50: 87.9882 | AP70: 75.0926 
epoch 36, iter    1: loss: 0.0000 | load time: 0.0035 | back time: 0.3895 | lr: 0.00003520 | best AP50 acc: 0.8832 | best AP70 acc: 0.7690 | best mAP acc: 0.7182 | best mAR acc: 0.7852 | best Score: 0.7182 | best Score epoch: 27 
epoch 36, iter   51: loss: 0.0000 | load time: 0.0002 | back time: 0.8489 | lr: 0.00003507 | best AP50 acc: 0.8832 | best AP70 acc: 0.7690 | best mAP acc: 0.7182 | best mAR acc: 0.7852 | best Score: 0.7182 | best Score epoch: 27 
epoch 36, iter  101: loss: 0.0000 | load time: 0.0001 | back time: 0.8546 | lr: 0.00003494 | best AP50 acc: 0.8832 | best AP70 acc: 0.7690 | best mAP acc: 0.7182 | best mAR acc: 0.7852 | best Score: 0.7182 | best Score epoch: 27 
epoch 36, iter  151: loss: 0.0000 | load time: 0.0002 | back time: 0.8409 | lr: 0.00003482 | best AP50 acc: 0.8832 | best AP70 acc: 0.7690 | best mAP acc: 0.7182 | best mAR acc: 0.7852 | best Score: 0.7182 | best Score epoch: 27 
epoch 36, iter  201: loss: 0.0000 | load time: 0.0002 | back time: 0.8562 | lr: 0.00003469 | best AP50 acc: 0.8832 | best AP70 acc: 0.7690 | best mAP acc: 0.7182 | best mAR acc: 0.7852 | best Score: 0.7182 | best Score epoch: 27 
epoch 36, iter  251: loss: 0.0000 | load time: 0.0002 | back time: 0.8567 | lr: 0.00003456 | best AP50 acc: 0.8832 | best AP70 acc: 0.7690 | best mAP acc: 0.7182 | best mAR acc: 0.7852 | best Score: 0.7182 | best Score epoch: 27 
epoch 36, iter  301: loss: 0.0000 | load time: 0.0001 | back time: 0.8549 | lr: 0.00003443 | best AP50 acc: 0.8832 | best AP70 acc: 0.7690 | best mAP acc: 0.7182 | best mAR acc: 0.7852 | best Score: 0.7182 | best Score epoch: 27 
epoch 36, iter  351: loss: 0.0000 | load time: 0.0001 | back time: 0.8561 | lr: 0.00003431 | best AP50 acc: 0.8832 | best AP70 acc: 0.7690 | best mAP acc: 0.7182 | best mAR acc: 0.7852 | best Score: 0.7182 | best Score epoch: 27 
epoch 36, iter  401: loss: 0.0000 | load time: 0.0001 | back time: 0.8563 | lr: 0.00003418 | best AP50 acc: 0.8832 | best AP70 acc: 0.7690 | best mAP acc: 0.7182 | best mAR acc: 0.7852 | best Score: 0.7182 | best Score epoch: 27 
epoch 36, iter  451: loss: 0.0000 | load time: 0.0002 | back time: 0.8548 | lr: 0.00003405 | best AP50 acc: 0.8832 | best AP70 acc: 0.7690 | best mAP acc: 0.7182 | best mAR acc: 0.7852 | best Score: 0.7182 | best Score epoch: 27 
epoch 36, iter  501: loss: 0.0000 | load time: 0.0003 | back time: 0.8592 | lr: 0.00003392 | best AP50 acc: 0.8832 | best AP70 acc: 0.7690 | best mAP acc: 0.7182 | best mAR acc: 0.7852 | best Score: 0.7182 | best Score epoch: 27 
epoch 36, iter  551: loss: 0.0000 | load time: 0.0003 | back time: 0.8515 | lr: 0.00003380 | best AP50 acc: 0.8832 | best AP70 acc: 0.7690 | best mAP acc: 0.7182 | best mAR acc: 0.7852 | best Score: 0.7182 | best Score epoch: 27 
epoch 36, iter  601: loss: 0.0000 | load time: 0.0002 | back time: 0.8562 | lr: 0.00003367 | best AP50 acc: 0.8832 | best AP70 acc: 0.7690 | best mAP acc: 0.7182 | best mAR acc: 0.7852 | best Score: 0.7182 | best Score epoch: 27 
epoch 36, iter  651: loss: 0.0000 | load time: 0.0003 | back time: 0.8551 | lr: 0.00003354 | best AP50 acc: 0.8832 | best AP70 acc: 0.7690 | best mAP acc: 0.7182 | best mAR acc: 0.7852 | best Score: 0.7182 | best Score epoch: 27 
epoch 36, iter  701: loss: 0.0000 | load time: 0.0002 | back time: 0.8559 | lr: 0.00003342 | best AP50 acc: 0.8832 | best AP70 acc: 0.7690 | best mAP acc: 0.7182 | best mAR acc: 0.7852 | best Score: 0.7182 | best Score epoch: 27 
epoch 36, iter  751: loss: 0.0000 | load time: 0.0002 | back time: 0.8543 | lr: 0.00003329 | best AP50 acc: 0.8832 | best AP70 acc: 0.7690 | best mAP acc: 0.7182 | best mAR acc: 0.7852 | best Score: 0.7182 | best Score epoch: 27 
epoch 36, iter  801: loss: 0.0000 | load time: 0.0001 | back time: 0.8527 | lr: 0.00003316 | best AP50 acc: 0.8832 | best AP70 acc: 0.7690 | best mAP acc: 0.7182 | best mAR acc: 0.7852 | best Score: 0.7182 | best Score epoch: 27 
epoch 36, iter  851: loss: 0.0000 | load time: 0.0002 | back time: 0.8544 | lr: 0.00003304 | best AP50 acc: 0.8832 | best AP70 acc: 0.7690 | best mAP acc: 0.7182 | best mAR acc: 0.7852 | best Score: 0.7182 | best Score epoch: 27 
epoch 36, iter  901: loss: 0.0000 | load time: 0.0002 | back time: 0.8570 | lr: 0.00003291 | best AP50 acc: 0.8832 | best AP70 acc: 0.7690 | best mAP acc: 0.7182 | best mAR acc: 0.7852 | best Score: 0.7182 | best Score epoch: 27 
epoch 36, iter  951: loss: 0.0000 | load time: 0.0002 | back time: 0.8555 | lr: 0.00003278 | best AP50 acc: 0.8832 | best AP70 acc: 0.7690 | best mAP acc: 0.7182 | best mAR acc: 0.7852 | best Score: 0.7182 | best Score epoch: 27 
epoch 36, iter 1001: loss: 0.0000 | load time: 0.0003 | back time: 0.8569 | lr: 0.00003266 | best AP50 acc: 0.8832 | best AP70 acc: 0.7690 | best mAP acc: 0.7182 | best mAR acc: 0.7852 | best Score: 0.7182 | best Score epoch: 27 
epoch 36, iter 1051: loss: 0.0000 | load time: 0.0002 | back time: 0.8569 | lr: 0.00003253 | best AP50 acc: 0.8832 | best AP70 acc: 0.7690 | best mAP acc: 0.7182 | best mAR acc: 0.7852 | best Score: 0.7182 | best Score epoch: 27 
epoch 36, iter 1101: loss: 0.0000 | load time: 0.0003 | back time: 0.8565 | lr: 0.00003241 | best AP50 acc: 0.8832 | best AP70 acc: 0.7690 | best mAP acc: 0.7182 | best mAR acc: 0.7852 | best Score: 0.7182 | best Score epoch: 27 
epoch 36, iter 1151: loss: 0.0000 | load time: 0.0002 | back time: 0.8542 | lr: 0.00003228 | best AP50 acc: 0.8832 | best AP70 acc: 0.7690 | best mAP acc: 0.7182 | best mAR acc: 0.7852 | best Score: 0.7182 | best Score epoch: 27 
UAV_SEQS_2 | mAP50:90: 29.0327 | AP50: 48.8476 | AP70: 28.5810 
UAV_SEQS_37 | mAP50:90: 96.0825 | AP50: 100.0000 | AP70: 98.6777 
UAV_SEQS_45 | mAP50:90: 92.2385 | AP50: 100.0000 | AP70: 95.2100 
UAV_SEQS_47 | mAP50:90: 97.8074 | AP50: 100.0000 | AP70: 100.0000 
UAV_SEQS_55 | mAP50:90: 42.9469 | AP50: 62.1531 | AP70: 47.4196 
UAV_SEQS_59 | mAP50:90: 68.8674 | AP50: 93.4970 | AP70: 77.2856 
UAV_SEQS_6 | mAP50:90: 56.6407 | AP50: 81.0659 | AP70: 57.9599 
UAV_SEQS_63 | mAP50:90: 36.6731 | AP50: 86.2769 | AP70: 29.1017 
UAV_SEQS_65 | mAP50:90: 79.6579 | AP50: 97.5615 | AP70: 90.6715 
UAV_SEQS_7 | mAP50:90: 82.9790 | AP50: 100.0000 | AP70: 88.5045 
UAV_SEQS_71 | mAP50:90: 76.4133 | AP50: 97.8508 | AP70: 84.1281 
UAV_SEQS_73 | mAP50:90: 64.6479 | AP50: 85.1667 | AP70: 76.3842 
UAV_SEQS_74 | mAP50:90: 97.3851 | AP50: 100.0000 | AP70: 100.0000 
UAV_SEQS_77 | mAP50:90: 40.3408 | AP50: 52.3680 | AP70: 41.4713 
UAV_SEQS_8 | mAP50:90: 86.9683 | AP50: 98.6832 | AP70: 92.8383 
Overall            | mAP50:95: 71.1071 | AP50: 88.0907 | AP70: 75.5114 
epoch 37, iter    1: loss: 0.0000 | load time: 0.0050 | back time: 0.4170 | lr: 0.00003228 | best AP50 acc: 0.8832 | best AP70 acc: 0.7690 | best mAP acc: 0.7182 | best mAR acc: 0.7852 | best Score: 0.7182 | best Score epoch: 27 
epoch 37, iter   51: loss: 0.0000 | load time: 0.0002 | back time: 0.8466 | lr: 0.00003215 | best AP50 acc: 0.8832 | best AP70 acc: 0.7690 | best mAP acc: 0.7182 | best mAR acc: 0.7852 | best Score: 0.7182 | best Score epoch: 27 
epoch 37, iter  101: loss: 0.0000 | load time: 0.0001 | back time: 0.8527 | lr: 0.00003202 | best AP50 acc: 0.8832 | best AP70 acc: 0.7690 | best mAP acc: 0.7182 | best mAR acc: 0.7852 | best Score: 0.7182 | best Score epoch: 27 
epoch 37, iter  151: loss: 0.0000 | load time: 0.0002 | back time: 0.8551 | lr: 0.00003190 | best AP50 acc: 0.8832 | best AP70 acc: 0.7690 | best mAP acc: 0.7182 | best mAR acc: 0.7852 | best Score: 0.7182 | best Score epoch: 27 
epoch 37, iter  201: loss: 0.0000 | load time: 0.0003 | back time: 0.8551 | lr: 0.00003177 | best AP50 acc: 0.8832 | best AP70 acc: 0.7690 | best mAP acc: 0.7182 | best mAR acc: 0.7852 | best Score: 0.7182 | best Score epoch: 27 
epoch 37, iter  251: loss: 0.0000 | load time: 0.0002 | back time: 0.8556 | lr: 0.00003165 | best AP50 acc: 0.8832 | best AP70 acc: 0.7690 | best mAP acc: 0.7182 | best mAR acc: 0.7852 | best Score: 0.7182 | best Score epoch: 27 
epoch 37, iter  301: loss: 0.0000 | load time: 0.0002 | back time: 0.8565 | lr: 0.00003152 | best AP50 acc: 0.8832 | best AP70 acc: 0.7690 | best mAP acc: 0.7182 | best mAR acc: 0.7852 | best Score: 0.7182 | best Score epoch: 27 
epoch 37, iter  351: loss: 0.0000 | load time: 0.0001 | back time: 0.8574 | lr: 0.00003140 | best AP50 acc: 0.8832 | best AP70 acc: 0.7690 | best mAP acc: 0.7182 | best mAR acc: 0.7852 | best Score: 0.7182 | best Score epoch: 27 
epoch 37, iter  401: loss: 0.0000 | load time: 0.0001 | back time: 0.8541 | lr: 0.00003128 | best AP50 acc: 0.8832 | best AP70 acc: 0.7690 | best mAP acc: 0.7182 | best mAR acc: 0.7852 | best Score: 0.7182 | best Score epoch: 27 
epoch 37, iter  451: loss: 0.0000 | load time: 0.0002 | back time: 0.8552 | lr: 0.00003115 | best AP50 acc: 0.8832 | best AP70 acc: 0.7690 | best mAP acc: 0.7182 | best mAR acc: 0.7852 | best Score: 0.7182 | best Score epoch: 27 
epoch 37, iter  501: loss: 0.0000 | load time: 0.0002 | back time: 0.8547 | lr: 0.00003103 | best AP50 acc: 0.8832 | best AP70 acc: 0.7690 | best mAP acc: 0.7182 | best mAR acc: 0.7852 | best Score: 0.7182 | best Score epoch: 27 
epoch 37, iter  551: loss: 0.0000 | load time: 0.0002 | back time: 0.8574 | lr: 0.00003090 | best AP50 acc: 0.8832 | best AP70 acc: 0.7690 | best mAP acc: 0.7182 | best mAR acc: 0.7852 | best Score: 0.7182 | best Score epoch: 27 
epoch 37, iter  601: loss: 0.0000 | load time: 0.0003 | back time: 0.8593 | lr: 0.00003078 | best AP50 acc: 0.8832 | best AP70 acc: 0.7690 | best mAP acc: 0.7182 | best mAR acc: 0.7852 | best Score: 0.7182 | best Score epoch: 27 
epoch 37, iter  651: loss: 0.0000 | load time: 0.0002 | back time: 0.8567 | lr: 0.00003066 | best AP50 acc: 0.8832 | best AP70 acc: 0.7690 | best mAP acc: 0.7182 | best mAR acc: 0.7852 | best Score: 0.7182 | best Score epoch: 27 
epoch 37, iter  701: loss: 0.0000 | load time: 0.0002 | back time: 0.8564 | lr: 0.00003053 | best AP50 acc: 0.8832 | best AP70 acc: 0.7690 | best mAP acc: 0.7182 | best mAR acc: 0.7852 | best Score: 0.7182 | best Score epoch: 27 
epoch 37, iter  751: loss: 0.0000 | load time: 0.0001 | back time: 0.8673 | lr: 0.00003041 | best AP50 acc: 0.8832 | best AP70 acc: 0.7690 | best mAP acc: 0.7182 | best mAR acc: 0.7852 | best Score: 0.7182 | best Score epoch: 27 
epoch 37, iter  801: loss: 0.0000 | load time: 0.0001 | back time: 0.8552 | lr: 0.00003029 | best AP50 acc: 0.8832 | best AP70 acc: 0.7690 | best mAP acc: 0.7182 | best mAR acc: 0.7852 | best Score: 0.7182 | best Score epoch: 27 
epoch 37, iter  851: loss: 0.0000 | load time: 0.0002 | back time: 0.8584 | lr: 0.00003016 | best AP50 acc: 0.8832 | best AP70 acc: 0.7690 | best mAP acc: 0.7182 | best mAR acc: 0.7852 | best Score: 0.7182 | best Score epoch: 27 
epoch 37, iter  901: loss: 0.0000 | load time: 0.0003 | back time: 0.8562 | lr: 0.00003004 | best AP50 acc: 0.8832 | best AP70 acc: 0.7690 | best mAP acc: 0.7182 | best mAR acc: 0.7852 | best Score: 0.7182 | best Score epoch: 27 
epoch 37, iter  951: loss: 0.0000 | load time: 0.0002 | back time: 0.8517 | lr: 0.00002992 | best AP50 acc: 0.8832 | best AP70 acc: 0.7690 | best mAP acc: 0.7182 | best mAR acc: 0.7852 | best Score: 0.7182 | best Score epoch: 27 
epoch 37, iter 1001: loss: 0.0001 | load time: 0.0002 | back time: 0.8539 | lr: 0.00002979 | best AP50 acc: 0.8832 | best AP70 acc: 0.7690 | best mAP acc: 0.7182 | best mAR acc: 0.7852 | best Score: 0.7182 | best Score epoch: 27 
epoch 37, iter 1051: loss: 0.0000 | load time: 0.0003 | back time: 0.8566 | lr: 0.00002967 | best AP50 acc: 0.8832 | best AP70 acc: 0.7690 | best mAP acc: 0.7182 | best mAR acc: 0.7852 | best Score: 0.7182 | best Score epoch: 27 
epoch 37, iter 1101: loss: 0.0000 | load time: 0.0003 | back time: 0.8561 | lr: 0.00002955 | best AP50 acc: 0.8832 | best AP70 acc: 0.7690 | best mAP acc: 0.7182 | best mAR acc: 0.7852 | best Score: 0.7182 | best Score epoch: 27 
epoch 37, iter 1151: loss: 0.0000 | load time: 0.0009 | back time: 0.8583 | lr: 0.00002943 | best AP50 acc: 0.8832 | best AP70 acc: 0.7690 | best mAP acc: 0.7182 | best mAR acc: 0.7852 | best Score: 0.7182 | best Score epoch: 27 
UAV_SEQS_2 | mAP50:90: 27.7837 | AP50: 50.4968 | AP70: 26.2158 
UAV_SEQS_37 | mAP50:90: 94.2581 | AP50: 100.0000 | AP70: 97.2829 
UAV_SEQS_45 | mAP50:90: 92.6861 | AP50: 100.0000 | AP70: 95.1693 
UAV_SEQS_47 | mAP50:90: 98.6335 | AP50: 100.0000 | AP70: 100.0000 
UAV_SEQS_55 | mAP50:90: 43.8268 | AP50: 62.4336 | AP70: 47.1186 
UAV_SEQS_59 | mAP50:90: 64.2960 | AP50: 92.9765 | AP70: 70.0704 
UAV_SEQS_6 | mAP50:90: 55.4925 | AP50: 77.0503 | AP70: 57.1992 
UAV_SEQS_63 | mAP50:90: 40.6076 | AP50: 89.8737 | AP70: 32.7939 
UAV_SEQS_65 | mAP50:90: 78.3627 | AP50: 97.4331 | AP70: 90.0202 
UAV_SEQS_7 | mAP50:90: 79.4407 | AP50: 100.0000 | AP70: 85.4276 
UAV_SEQS_71 | mAP50:90: 74.5872 | AP50: 98.9768 | AP70: 82.1581 
UAV_SEQS_73 | mAP50:90: 66.2283 | AP50: 84.7385 | AP70: 75.0339 
UAV_SEQS_74 | mAP50:90: 97.5988 | AP50: 100.0000 | AP70: 100.0000 
UAV_SEQS_77 | mAP50:90: 48.2265 | AP50: 59.2403 | AP70: 53.9619 
UAV_SEQS_8 | mAP50:90: 86.0592 | AP50: 100.0000 | AP70: 93.1109 
Overall            | mAP50:95: 70.7342 | AP50: 88.0929 | AP70: 74.9446 
